Test ran at 2026-03-02 13:29:53.344284+00:00

SOLUTION:
bingada=1.0.0: Bingo application in GTKAda with sound in ASFML
Origin: commit a25771e2de2d5abbc7058e442ef7c8cdbeca8600 from https://github.com/jfuica/bingada.git
Properties:
   Author: Javier Fuica Fernández
   Author: Manuel Gómez
   Description: Bingo application in GTKAda with sound in ASFML
   Executable: bingada
   License: MIT
   Maintainer: Manuel Gómez <mgrojo@gmail.com>
   Maintainers_Logins: mgrojo
   Name: bingada
   Tag: bingo
   Tag: game
   Tag: chance
   Tag: family
   Tag: sound
   Tag: gtk
   Tag: sfml
   Version: 1.0.0
   Website: https://github.com/jfuica/bingada
Dependencies (direct):
   asfml^2.5.0
   gtkada^21.0.0
Dependencies (solution):
   asfml=2.6.1
   gtkada=21.0.0
   libcsfml=2.6.1
   libgtk3=3.24.43
   make=4.4.1
   pkg_config=2.1.1
Dependencies (graph):
   asfml=2.6.1   --> libcsfml=2.6.1 (^2.6.1)
   bingada=1.0.0 --> asfml=2.6.1 (^2.5.0)
   bingada=1.0.0 --> gtkada=21.0.0 (^21.0.0)
   gtkada=21.0.0 --> libgtk3=3.24.43 (^3)
   gtkada=21.0.0 --> make=4.4.1 (*)
   gtkada=21.0.0 --> pkg_config=2.1.1 (*)


LOG:
[alr test] Testing bingada=1.0.0
[alr test] Spawning retrieval for remote crate: alr -d -n get bingada=1.0.0
Note: Deploying bingada=1.0.0...
Note: Deploying libcsfml=2.6.1...
The system package 'CSFML-devel' is about to be installed.
This action might require admin privileges and impact your system installation.
Do you want Alire to install this system package?
Using default: Yes
Last metadata expiration check: 0:17:02 ago on Mon Mar  2 13:06:26 2026.
Dependencies resolved.
================================================================================
 Package                       Arch      Version               Repository  Size
================================================================================
Installing:
 CSFML-devel                   x86_64    2.6.1-1.fc40          updates     93 k
Installing dependencies:
 CSFML                         x86_64    2.6.1-1.fc40          updates     98 k
 SFML                          x86_64    2.6.2-1.fc40          updates    353 k
 SFML-devel                    x86_64    2.6.2-1.fc40          updates    926 k
 abattis-cantarell-vf-fonts    noarch    0.301-12.fc40         fedora     120 k
 autoconf                      noarch    2.71-10.fc40          fedora     733 k
 automake                      noarch    1.16.5-16.fc40        fedora     697 k
 brotli                        x86_64    1.1.0-3.fc40          fedora      20 k
 brotli-devel                  x86_64    1.1.0-3.fc40          fedora      34 k
 bzip2-devel                   x86_64    1.0.8-18.fc40         fedora     214 k
 cairo                         x86_64    1.18.0-3.fc40         fedora     709 k
 cairo-devel                   x86_64    1.18.0-3.fc40         fedora     193 k
 cmake                         x86_64    3.30.8-1.fc40         updates     11 M
 cmake-data                    noarch    3.30.8-1.fc40         updates    2.3 M
 cmake-filesystem              x86_64    3.30.8-1.fc40         updates     17 k
 default-fonts-core-sans       noarch    4.0-13.fc40           updates     31 k
 flac-devel                    x86_64    1.4.3-4.fc40          fedora     403 k
 flac-libs                     x86_64    1.4.3-4.fc40          fedora     262 k
 fontconfig                    x86_64    2.15.0-6.fc40         updates    270 k
 fontconfig-devel              x86_64    2.15.0-6.fc40         updates    165 k
 fonts-filesystem              noarch    1:2.0.5-14.fc40       fedora     8.2 k
 freetype                      x86_64    2.13.2-5.fc40         fedora     410 k
 freetype-devel                x86_64    2.13.2-5.fc40         fedora     951 k
 gettext                       x86_64    0.22.5-4.fc40         updates    1.1 M
 gettext-envsubst              x86_64    0.22.5-4.fc40         updates     38 k
 gettext-libs                  x86_64    0.22.5-4.fc40         updates    666 k
 gettext-runtime               x86_64    0.22.5-4.fc40         updates    121 k
 glib2-devel                   x86_64    2.80.0-1.fc40         fedora     1.5 M
 google-noto-fonts-common      noarch    20240301-2.fc40       fedora      17 k
 google-noto-sans-vf-fonts     noarch    20240301-2.fc40       fedora     593 k
 graphite2                     x86_64    1.3.14-15.fc40        fedora      95 k
 graphite2-devel               x86_64    1.3.14-15.fc40        fedora      21 k
 harfbuzz                      x86_64    8.5.0-1.fc40          updates    1.0 M
 harfbuzz-devel                x86_64    8.5.0-1.fc40          updates    446 k
 harfbuzz-icu                  x86_64    8.5.0-1.fc40          updates     16 k
 jsoncpp                       x86_64    1.9.5-7.fc40          fedora      99 k
 libX11                        x86_64    1.8.10-2.fc40         updates    650 k
 libX11-common                 noarch    1.8.10-2.fc40         updates    176 k
 libX11-devel                  x86_64    1.8.10-2.fc40         updates    1.0 M
 libX11-xcb                    x86_64    1.8.10-2.fc40         updates     12 k
 libXau                        x86_64    1.0.11-6.fc40         fedora      32 k
 libXau-devel                  x86_64    1.0.11-6.fc40         fedora      14 k
 libXcursor                    x86_64    1.2.1-7.fc40          fedora      30 k
 libXext                       x86_64    1.3.6-1.fc40          fedora      39 k
 libXext-devel                 x86_64    1.3.6-1.fc40          fedora      86 k
 libXfixes                     x86_64    6.0.1-3.fc40          fedora      19 k
 libXrandr                     x86_64    1.5.4-3.fc40          fedora      28 k
 libXrender                    x86_64    0.9.11-6.fc40         fedora      27 k
 libXrender-devel              x86_64    0.9.11-6.fc40         fedora      19 k
 libblkid-devel                x86_64    2.40-0.9.rc1.fc40     fedora      18 k
 libffi-devel                  x86_64    3.4.4-7.fc40          fedora      28 k
 libicu                        x86_64    74.2-1.fc40           fedora      10 M
 libicu-devel                  x86_64    74.2-1.fc40           fedora     930 k
 libmount-devel                x86_64    2.40-0.9.rc1.fc40     fedora      19 k
 libmysofa                     x86_64    1.3.3-1.fc40          updates     44 k
 libogg                        x86_64    2:1.3.5-8.fc40        fedora      33 k
 libogg-devel                  x86_64    2:1.3.5-8.fc40        fedora      13 k
 libpng                        x86_64    2:1.6.40-3.fc40       fedora     120 k
 libpng-devel                  x86_64    2:1.6.40-3.fc40       fedora     291 k
 libselinux-devel              x86_64    3.6-4.fc40            fedora     151 k
 libsepol-devel                x86_64    3.6-3.fc40            fedora      49 k
 libtextstyle                  x86_64    0.22.5-4.fc40         updates     88 k
 libuv                         x86_64    1:1.51.0-1.fc40       updates    262 k
 libvorbis                     x86_64    1:1.3.7-10.fc40       fedora     187 k
 libvorbis-devel               x86_64    1:1.3.7-10.fc40       fedora      18 k
 libxcb                        x86_64    1.17.0-2.fc40         updates    240 k
 libxcb-devel                  x86_64    1.17.0-2.fc40         updates    1.4 M
 libxml2-devel                 x86_64    2.12.5-1.fc40         fedora     525 k
 m4                            x86_64    1.4.19-9.fc40         fedora     305 k
 openal-soft                   x86_64    1.23.1-5.fc40         fedora     584 k
 openal-soft-devel             x86_64    1.23.1-5.fc40         fedora      94 k
 pcre2-devel                   x86_64    10.42-2.fc40.2        fedora     505 k
 pcre2-utf16                   x86_64    10.42-2.fc40.2        fedora     216 k
 pcre2-utf32                   x86_64    10.42-2.fc40.2        fedora     203 k
 perl-File-Compare             noarch    1.100.700-508.fc40    updates     12 k
 perl-File-Copy                noarch    2.41-508.fc40         updates     19 k
 perl-Thread-Queue             noarch    3.14-503.fc40         fedora      21 k
 perl-threads                  x86_64    1:2.36-503.fc40       fedora      58 k
 perl-threads-shared           x86_64    1.68-502.fc40         fedora      45 k
 pixman                        x86_64    0.43.4-1.fc40         updates    293 k
 pixman-devel                  x86_64    0.43.4-1.fc40         updates     17 k
 python3-packaging             noarch    23.2-4.fc40           fedora     125 k
 rhash                         x86_64    1.4.3-4.fc40          fedora     194 k
 sysprof-capture-devel         x86_64    46.0-1.fc40           fedora      54 k
 vim-filesystem                noarch    2:9.1.1275-1.fc40     updates     16 k
 xml-common                    noarch    0.6.3-63.fc40         fedora      31 k
 xorg-x11-proto-devel          noarch    2024.1-2.fc40         updates    300 k
 xz-devel                      x86_64    1:5.4.6-3.fc40        fedora      67 k
 zlib-ng-compat-devel          x86_64    2.1.6-2.fc40          fedora      36 k

Transaction Summary
================================================================================
Install  89 Packages

Total download size: 45 M
Installed size: 176 M
Downloading Packages:
(1/89): abattis-cantarell-vf-fonts-0.301-12.fc4 323 kB/s | 120 kB     00:00    
(2/89): brotli-1.1.0-3.fc40.x86_64.rpm          263 kB/s |  20 kB     00:00    
(3/89): brotli-devel-1.1.0-3.fc40.x86_64.rpm    439 kB/s |  34 kB     00:00    
(4/89): automake-1.16.5-16.fc40.noarch.rpm      1.2 MB/s | 697 kB     00:00    
(5/89): autoconf-2.71-10.fc40.noarch.rpm        1.3 MB/s | 733 kB     00:00    
(6/89): cairo-devel-1.18.0-3.fc40.x86_64.rpm    2.3 MB/s | 193 kB     00:00    
(7/89): bzip2-devel-1.0.8-18.fc40.x86_64.rpm    1.3 MB/s | 214 kB     00:00    
(8/89): cairo-1.18.0-3.fc40.x86_64.rpm          4.5 MB/s | 709 kB     00:00    
(9/89): flac-devel-1.4.3-4.fc40.x86_64.rpm      4.0 MB/s | 403 kB     00:00    
(10/89): fonts-filesystem-2.0.5-14.fc40.noarch. 109 kB/s | 8.2 kB     00:00    
(11/89): freetype-2.13.2-5.fc40.x86_64.rpm      5.2 MB/s | 410 kB     00:00    
(12/89): flac-libs-1.4.3-4.fc40.x86_64.rpm      1.7 MB/s | 262 kB     00:00    
(13/89): freetype-devel-2.13.2-5.fc40.x86_64.rp  12 MB/s | 951 kB     00:00    
(14/89): google-noto-fonts-common-20240301-2.fc 241 kB/s |  17 kB     00:00    
(15/89): google-noto-sans-vf-fonts-20240301-2.f 7.5 MB/s | 593 kB     00:00    
(16/89): glib2-devel-2.80.0-1.fc40.x86_64.rpm   9.5 MB/s | 1.5 MB     00:00    
(17/89): graphite2-1.3.14-15.fc40.x86_64.rpm    1.3 MB/s |  95 kB     00:00    
(18/89): graphite2-devel-1.3.14-15.fc40.x86_64. 276 kB/s |  21 kB     00:00    
(19/89): jsoncpp-1.9.5-7.fc40.x86_64.rpm        1.3 MB/s |  99 kB     00:00    
(20/89): libXau-1.0.11-6.fc40.x86_64.rpm        443 kB/s |  32 kB     00:00    
(21/89): libXau-devel-1.0.11-6.fc40.x86_64.rpm  176 kB/s |  14 kB     00:00    
(22/89): libXcursor-1.2.1-7.fc40.x86_64.rpm     403 kB/s |  30 kB     00:00    
(23/89): libXext-1.3.6-1.fc40.x86_64.rpm        543 kB/s |  39 kB     00:00    
(24/89): libXext-devel-1.3.6-1.fc40.x86_64.rpm  1.1 MB/s |  86 kB     00:00    
(25/89): libXfixes-6.0.1-3.fc40.x86_64.rpm      253 kB/s |  19 kB     00:00    
(26/89): libXrandr-1.5.4-3.fc40.x86_64.rpm      385 kB/s |  28 kB     00:00    
(27/89): libXrender-0.9.11-6.fc40.x86_64.rpm    366 kB/s |  27 kB     00:00    
(28/89): libXrender-devel-0.9.11-6.fc40.x86_64. 253 kB/s |  19 kB     00:00    
(29/89): libblkid-devel-2.40-0.9.rc1.fc40.x86_6 252 kB/s |  18 kB     00:00    
(30/89): libffi-devel-3.4.4-7.fc40.x86_64.rpm   377 kB/s |  28 kB     00:00    
(31/89): libmount-devel-2.40-0.9.rc1.fc40.x86_6 247 kB/s |  19 kB     00:00    
(32/89): libicu-devel-74.2-1.fc40.x86_64.rpm    6.2 MB/s | 930 kB     00:00    
(33/89): libogg-1.3.5-8.fc40.x86_64.rpm         438 kB/s |  33 kB     00:00    
(34/89): libogg-devel-1.3.5-8.fc40.x86_64.rpm   139 kB/s |  13 kB     00:00    
(35/89): libpng-1.6.40-3.fc40.x86_64.rpm        1.6 MB/s | 120 kB     00:00    
(36/89): libicu-74.2-1.fc40.x86_64.rpm           33 MB/s |  10 MB     00:00    
(37/89): libpng-devel-1.6.40-3.fc40.x86_64.rpm  3.7 MB/s | 291 kB     00:00    
(38/89): libselinux-devel-3.6-4.fc40.x86_64.rpm 2.0 MB/s | 151 kB     00:00    
(39/89): libvorbis-1.3.7-10.fc40.x86_64.rpm     2.5 MB/s | 187 kB     00:00    
(40/89): libsepol-devel-3.6-3.fc40.x86_64.rpm   651 kB/s |  49 kB     00:00    
(41/89): libvorbis-devel-1.3.7-10.fc40.x86_64.r 173 kB/s |  18 kB     00:00    
(42/89): libxml2-devel-2.12.5-1.fc40.x86_64.rpm 6.9 MB/s | 525 kB     00:00    
(43/89): m4-1.4.19-9.fc40.x86_64.rpm            3.9 MB/s | 305 kB     00:00    
(44/89): openal-soft-1.23.1-5.fc40.x86_64.rpm   7.4 MB/s | 584 kB     00:00    
(45/89): openal-soft-devel-1.23.1-5.fc40.x86_64 1.3 MB/s |  94 kB     00:00    
(46/89): pcre2-devel-10.42-2.fc40.2.x86_64.rpm  6.4 MB/s | 505 kB     00:00    
(47/89): pcre2-utf32-10.42-2.fc40.2.x86_64.rpm  2.7 MB/s | 203 kB     00:00    
(48/89): pcre2-utf16-10.42-2.fc40.2.x86_64.rpm  2.7 MB/s | 216 kB     00:00    
(49/89): perl-Thread-Queue-3.14-503.fc40.noarch 283 kB/s |  21 kB     00:00    
(50/89): perl-threads-2.36-503.fc40.x86_64.rpm  804 kB/s |  58 kB     00:00    
(51/89): perl-threads-shared-1.68-502.fc40.x86_ 602 kB/s |  45 kB     00:00    
(52/89): python3-packaging-23.2-4.fc40.noarch.r 1.6 MB/s | 125 kB     00:00    
(53/89): rhash-1.4.3-4.fc40.x86_64.rpm          2.6 MB/s | 194 kB     00:00    
(54/89): sysprof-capture-devel-46.0-1.fc40.x86_ 716 kB/s |  54 kB     00:00    
(55/89): xml-common-0.6.3-63.fc40.noarch.rpm    414 kB/s |  31 kB     00:00    
(56/89): xz-devel-5.4.6-3.fc40.x86_64.rpm       928 kB/s |  67 kB     00:00    
(57/89): zlib-ng-compat-devel-2.1.6-2.fc40.x86_ 480 kB/s |  36 kB     00:00    
(58/89): CSFML-2.6.1-1.fc40.x86_64.rpm          1.3 MB/s |  98 kB     00:00    
(59/89): CSFML-devel-2.6.1-1.fc40.x86_64.rpm    1.0 MB/s |  93 kB     00:00    
(60/89): SFML-2.6.2-1.fc40.x86_64.rpm           3.6 MB/s | 353 kB     00:00    
(61/89): SFML-devel-2.6.2-1.fc40.x86_64.rpm     9.3 MB/s | 926 kB     00:00    
(62/89): cmake-filesystem-3.30.8-1.fc40.x86_64. 224 kB/s |  17 kB     00:00    
(63/89): cmake-data-3.30.8-1.fc40.noarch.rpm     15 MB/s | 2.3 MB     00:00    
(64/89): default-fonts-core-sans-4.0-13.fc40.no 418 kB/s |  31 kB     00:00    
(65/89): fontconfig-2.15.0-6.fc40.x86_64.rpm    3.5 MB/s | 270 kB     00:00    
(66/89): fontconfig-devel-2.15.0-6.fc40.x86_64. 2.1 MB/s | 165 kB     00:00    
(67/89): cmake-3.30.8-1.fc40.x86_64.rpm          34 MB/s |  11 MB     00:00    
(68/89): gettext-0.22.5-4.fc40.x86_64.rpm        14 MB/s | 1.1 MB     00:00    
(69/89): gettext-envsubst-0.22.5-4.fc40.x86_64. 501 kB/s |  38 kB     00:00    
(70/89): gettext-libs-0.22.5-4.fc40.x86_64.rpm  8.8 MB/s | 666 kB     00:00    
(71/89): gettext-runtime-0.22.5-4.fc40.x86_64.r 1.6 MB/s | 121 kB     00:00    
(72/89): harfbuzz-8.5.0-1.fc40.x86_64.rpm        13 MB/s | 1.0 MB     00:00    
(73/89): harfbuzz-devel-8.5.0-1.fc40.x86_64.rpm 5.9 MB/s | 446 kB     00:00    
(74/89): harfbuzz-icu-8.5.0-1.fc40.x86_64.rpm   212 kB/s |  16 kB     00:00    
(75/89): libX11-1.8.10-2.fc40.x86_64.rpm        8.2 MB/s | 650 kB     00:00    
(76/89): libX11-common-1.8.10-2.fc40.noarch.rpm 2.4 MB/s | 176 kB     00:00    
(77/89): libX11-devel-1.8.10-2.fc40.x86_64.rpm   13 MB/s | 1.0 MB     00:00    
(78/89): libX11-xcb-1.8.10-2.fc40.x86_64.rpm    158 kB/s |  12 kB     00:00    
(79/89): libmysofa-1.3.3-1.fc40.x86_64.rpm      609 kB/s |  44 kB     00:00    
(80/89): libtextstyle-0.22.5-4.fc40.x86_64.rpm  1.1 MB/s |  88 kB     00:00    
(81/89): libuv-1.51.0-1.fc40.x86_64.rpm         3.4 MB/s | 262 kB     00:00    
(82/89): libxcb-1.17.0-2.fc40.x86_64.rpm        3.2 MB/s | 240 kB     00:00    
(83/89): libxcb-devel-1.17.0-2.fc40.x86_64.rpm   18 MB/s | 1.4 MB     00:00    
(84/89): perl-File-Compare-1.100.700-508.fc40.n 164 kB/s |  12 kB     00:00    
(85/89): perl-File-Copy-2.41-508.fc40.noarch.rp 266 kB/s |  19 kB     00:00    
(86/89): pixman-0.43.4-1.fc40.x86_64.rpm        3.8 MB/s | 293 kB     00:00    
(87/89): pixman-devel-0.43.4-1.fc40.x86_64.rpm  230 kB/s |  17 kB     00:00    
(88/89): vim-filesystem-9.1.1275-1.fc40.noarch. 225 kB/s |  16 kB     00:00    
(89/89): xorg-x11-proto-devel-2024.1-2.fc40.noa 3.8 MB/s | 300 kB     00:00    
--------------------------------------------------------------------------------
Total                                            13 MB/s |  45 MB     00:03     
Running transaction check
Transaction check succeeded.
Running transaction test
Transaction test succeeded.
Running transaction
  Preparing        :                                                        1/1 
  Installing       : cmake-filesystem-3.30.8-1.fc40.x86_64                 1/89 
  Installing       : zlib-ng-compat-devel-2.1.6-2.fc40.x86_64              2/89 
  Installing       : xorg-x11-proto-devel-2024.1-2.fc40.noarch             3/89 
  Installing       : libogg-2:1.3.5-8.fc40.x86_64                          4/89 
  Installing       : libpng-2:1.6.40-3.fc40.x86_64                         5/89 
  Installing       : fonts-filesystem-1:2.0.5-14.fc40.noarch               6/89 
  Installing       : libpng-devel-2:1.6.40-3.fc40.x86_64                   7/89 
  Installing       : flac-libs-1.4.3-4.fc40.x86_64                         8/89 
  Installing       : libvorbis-1:1.3.7-10.fc40.x86_64                      9/89 
  Installing       : pixman-0.43.4-1.fc40.x86_64                          10/89 
  Installing       : libtextstyle-0.22.5-4.fc40.x86_64                    11/89 
  Installing       : gettext-libs-0.22.5-4.fc40.x86_64                    12/89 
  Installing       : perl-threads-1:2.36-503.fc40.x86_64                  13/89 
  Installing       : openal-soft-1.23.1-5.fc40.x86_64                     14/89 
  Installing       : libicu-74.2-1.fc40.x86_64                            15/89 
  Installing       : libXau-1.0.11-6.fc40.x86_64                          16/89 
  Installing       : libxcb-1.17.0-2.fc40.x86_64                          17/89 
  Installing       : graphite2-1.3.14-15.fc40.x86_64                      18/89 
  Installing       : graphite2-devel-1.3.14-15.fc40.x86_64                19/89 
  Installing       : libXau-devel-1.0.11-6.fc40.x86_64                    20/89 
  Installing       : libxcb-devel-1.17.0-2.fc40.x86_64                    21/89 
  Installing       : libicu-devel-74.2-1.fc40.x86_64                      22/89 
  Installing       : perl-threads-shared-1.68-502.fc40.x86_64             23/89 
  Installing       : perl-Thread-Queue-3.14-503.fc40.noarch               24/89 
  Installing       : pixman-devel-0.43.4-1.fc40.x86_64                    25/89 
  Installing       : abattis-cantarell-vf-fonts-0.301-12.fc40.noarch      26/89 
  Installing       : vim-filesystem-2:9.1.1275-1.fc40.noarch              27/89 
  Installing       : perl-File-Copy-2.41-508.fc40.noarch                  28/89 
  Installing       : perl-File-Compare-1.100.700-508.fc40.noarch          29/89 
  Installing       : libuv-1:1.51.0-1.fc40.x86_64                         30/89 
  Installing       : libmysofa-1.3.3-1.fc40.x86_64                        31/89 
  Installing       : openal-soft-devel-1.23.1-5.fc40.x86_64               32/89 
  Installing       : libX11-xcb-1.8.10-2.fc40.x86_64                      33/89 
  Installing       : libX11-common-1.8.10-2.fc40.noarch                   34/89 
  Installing       : libX11-1.8.10-2.fc40.x86_64                          35/89 
  Installing       : libXrender-0.9.11-6.fc40.x86_64                      36/89 
  Installing       : libXext-1.3.6-1.fc40.x86_64                          37/89 
  Installing       : libX11-devel-1.8.10-2.fc40.x86_64                    38/89 
  Installing       : libXext-devel-1.3.6-1.fc40.x86_64                    39/89 
  Installing       : libXrender-devel-0.9.11-6.fc40.x86_64                40/89 
  Installing       : libXrandr-1.5.4-3.fc40.x86_64                        41/89 
  Installing       : libXfixes-6.0.1-3.fc40.x86_64                        42/89 
  Installing       : libXcursor-1.2.1-7.fc40.x86_64                       43/89 
  Installing       : gettext-envsubst-0.22.5-4.fc40.x86_64                44/89 
  Installing       : gettext-runtime-0.22.5-4.fc40.x86_64                 45/89 
  Installing       : gettext-0.22.5-4.fc40.x86_64                         46/89 
  Installing       : xz-devel-1:5.4.6-3.fc40.x86_64                       47/89 
  Installing       : libxml2-devel-2.12.5-1.fc40.x86_64                   48/89 
  Running scriptlet: xml-common-0.6.3-63.fc40.noarch                      49/89 
  Installing       : xml-common-0.6.3-63.fc40.noarch                      49/89 
  Installing       : sysprof-capture-devel-46.0-1.fc40.x86_64             50/89 
  Installing       : rhash-1.4.3-4.fc40.x86_64                            51/89 
  Installing       : python3-packaging-23.2-4.fc40.noarch                 52/89 
  Installing       : pcre2-utf32-10.42-2.fc40.2.x86_64                    53/89 
  Installing       : pcre2-utf16-10.42-2.fc40.2.x86_64                    54/89 
  Installing       : pcre2-devel-10.42-2.fc40.2.x86_64                    55/89 
  Installing       : m4-1.4.19-9.fc40.x86_64                              56/89 
  Installing       : autoconf-2.71-10.fc40.noarch                         57/89 
  Installing       : automake-1.16.5-16.fc40.noarch                       58/89 
  Installing       : libogg-devel-2:1.3.5-8.fc40.x86_64                   59/89 
  Installing       : flac-devel-1.4.3-4.fc40.x86_64                       60/89 
  Installing       : libvorbis-devel-1:1.3.7-10.fc40.x86_64               61/89 
  Installing       : libsepol-devel-3.6-3.fc40.x86_64                     62/89 
  Installing       : libselinux-devel-3.6-4.fc40.x86_64                   63/89 
  Installing       : libffi-devel-3.4.4-7.fc40.x86_64                     64/89 
  Installing       : libblkid-devel-2.40-0.9.rc1.fc40.x86_64              65/89 
  Installing       : libmount-devel-2.40-0.9.rc1.fc40.x86_64              66/89 
  Installing       : glib2-devel-2.80.0-1.fc40.x86_64                     67/89 
  Installing       : jsoncpp-1.9.5-7.fc40.x86_64                          68/89 
  Installing       : cmake-data-3.30.8-1.fc40.noarch                      69/89 
  Installing       : cmake-3.30.8-1.fc40.x86_64                           70/89 
  Installing       : google-noto-fonts-common-20240301-2.fc40.noarch      71/89 
  Installing       : google-noto-sans-vf-fonts-20240301-2.fc40.noarch     72/89 
  Installing       : default-fonts-core-sans-4.0-13.fc40.noarch           73/89 
  Installing       : cairo-1.18.0-3.fc40.x86_64                           74/89 
  Installing       : harfbuzz-8.5.0-1.fc40.x86_64                         75/89 
  Installing       : freetype-2.13.2-5.fc40.x86_64                        76/89 
  Installing       : fontconfig-2.15.0-6.fc40.x86_64                      77/89 
  Running scriptlet: fontconfig-2.15.0-6.fc40.x86_64                      77/89 
  Installing       : SFML-2.6.2-1.fc40.x86_64                             78/89 
  Installing       : CSFML-2.6.1-1.fc40.x86_64                            79/89 
  Installing       : harfbuzz-icu-8.5.0-1.fc40.x86_64                     80/89 
  Installing       : bzip2-devel-1.0.8-18.fc40.x86_64                     81/89 
  Installing       : brotli-1.1.0-3.fc40.x86_64                           82/89 
  Installing       : brotli-devel-1.1.0-3.fc40.x86_64                     83/89 
  Installing       : freetype-devel-2.13.2-5.fc40.x86_64                  84/89 
  Installing       : fontconfig-devel-2.15.0-6.fc40.x86_64                85/89 
  Installing       : cairo-devel-1.18.0-3.fc40.x86_64                     86/89 
  Installing       : harfbuzz-devel-8.5.0-1.fc40.x86_64                   87/89 
  Installing       : SFML-devel-2.6.2-1.fc40.x86_64                       88/89 
  Installing       : CSFML-devel-2.6.1-1.fc40.x86_64                      89/89 
  Running scriptlet: fontconfig-2.15.0-6.fc40.x86_64                      89/89 
  Running scriptlet: CSFML-devel-2.6.1-1.fc40.x86_64                      89/89 

Installed:
  CSFML-2.6.1-1.fc40.x86_64                                                     
  CSFML-devel-2.6.1-1.fc40.x86_64                                               
  SFML-2.6.2-1.fc40.x86_64                                                      
  SFML-devel-2.6.2-1.fc40.x86_64                                                
  abattis-cantarell-vf-fonts-0.301-12.fc40.noarch                               
  autoconf-2.71-10.fc40.noarch                                                  
  automake-1.16.5-16.fc40.noarch                                                
  brotli-1.1.0-3.fc40.x86_64                                                    
  brotli-devel-1.1.0-3.fc40.x86_64                                              
  bzip2-devel-1.0.8-18.fc40.x86_64                                              
  cairo-1.18.0-3.fc40.x86_64                                                    
  cairo-devel-1.18.0-3.fc40.x86_64                                              
  cmake-3.30.8-1.fc40.x86_64                                                    
  cmake-data-3.30.8-1.fc40.noarch                                               
  cmake-filesystem-3.30.8-1.fc40.x86_64                                         
  default-fonts-core-sans-4.0-13.fc40.noarch                                    
  flac-devel-1.4.3-4.fc40.x86_64                                                
  flac-libs-1.4.3-4.fc40.x86_64                                                 
  fontconfig-2.15.0-6.fc40.x86_64                                               
  fontconfig-devel-2.15.0-6.fc40.x86_64                                         
  fonts-filesystem-1:2.0.5-14.fc40.noarch                                       
  freetype-2.13.2-5.fc40.x86_64                                                 
  freetype-devel-2.13.2-5.fc40.x86_64                                           
  gettext-0.22.5-4.fc40.x86_64                                                  
  gettext-envsubst-0.22.5-4.fc40.x86_64                                         
  gettext-libs-0.22.5-4.fc40.x86_64                                             
  gettext-runtime-0.22.5-4.fc40.x86_64                                          
  glib2-devel-2.80.0-1.fc40.x86_64                                              
  google-noto-fonts-common-20240301-2.fc40.noarch                               
  google-noto-sans-vf-fonts-20240301-2.fc40.noarch                              
  graphite2-1.3.14-15.fc40.x86_64                                               
  graphite2-devel-1.3.14-15.fc40.x86_64                                         
  harfbuzz-8.5.0-1.fc40.x86_64                                                  
  harfbuzz-devel-8.5.0-1.fc40.x86_64                                            
  harfbuzz-icu-8.5.0-1.fc40.x86_64                                              
  jsoncpp-1.9.5-7.fc40.x86_64                                                   
  libX11-1.8.10-2.fc40.x86_64                                                   
  libX11-common-1.8.10-2.fc40.noarch                                            
  libX11-devel-1.8.10-2.fc40.x86_64                                             
  libX11-xcb-1.8.10-2.fc40.x86_64                                               
  libXau-1.0.11-6.fc40.x86_64                                                   
  libXau-devel-1.0.11-6.fc40.x86_64                                             
  libXcursor-1.2.1-7.fc40.x86_64                                                
  libXext-1.3.6-1.fc40.x86_64                                                   
  libXext-devel-1.3.6-1.fc40.x86_64                                             
  libXfixes-6.0.1-3.fc40.x86_64                                                 
  libXrandr-1.5.4-3.fc40.x86_64                                                 
  libXrender-0.9.11-6.fc40.x86_64                                               
  libXrender-devel-0.9.11-6.fc40.x86_64                                         
  libblkid-devel-2.40-0.9.rc1.fc40.x86_64                                       
  libffi-devel-3.4.4-7.fc40.x86_64                                              
  libicu-74.2-1.fc40.x86_64                                                     
  libicu-devel-74.2-1.fc40.x86_64                                               
  libmount-devel-2.40-0.9.rc1.fc40.x86_64                                       
  libmysofa-1.3.3-1.fc40.x86_64                                                 
  libogg-2:1.3.5-8.fc40.x86_64                                                  
  libogg-devel-2:1.3.5-8.fc40.x86_64                                            
  libpng-2:1.6.40-3.fc40.x86_64                                                 
  libpng-devel-2:1.6.40-3.fc40.x86_64                                           
  libselinux-devel-3.6-4.fc40.x86_64                                            
  libsepol-devel-3.6-3.fc40.x86_64                                              
  libtextstyle-0.22.5-4.fc40.x86_64                                             
  libuv-1:1.51.0-1.fc40.x86_64                                                  
  libvorbis-1:1.3.7-10.fc40.x86_64                                              
  libvorbis-devel-1:1.3.7-10.fc40.x86_64                                        
  libxcb-1.17.0-2.fc40.x86_64                                                   
  libxcb-devel-1.17.0-2.fc40.x86_64                                             
  libxml2-devel-2.12.5-1.fc40.x86_64                                            
  m4-1.4.19-9.fc40.x86_64                                                       
  openal-soft-1.23.1-5.fc40.x86_64                                              
  openal-soft-devel-1.23.1-5.fc40.x86_64                                        
  pcre2-devel-10.42-2.fc40.2.x86_64                                             
  pcre2-utf16-10.42-2.fc40.2.x86_64                                             
  pcre2-utf32-10.42-2.fc40.2.x86_64                                             
  perl-File-Compare-1.100.700-508.fc40.noarch                                   
  perl-File-Copy-2.41-508.fc40.noarch                                           
  perl-Thread-Queue-3.14-503.fc40.noarch                                        
  perl-threads-1:2.36-503.fc40.x86_64                                           
  perl-threads-shared-1.68-502.fc40.x86_64                                      
  pixman-0.43.4-1.fc40.x86_64                                                   
  pixman-devel-0.43.4-1.fc40.x86_64                                             
  python3-packaging-23.2-4.fc40.noarch                                          
  rhash-1.4.3-4.fc40.x86_64                                                     
  sysprof-capture-devel-46.0-1.fc40.x86_64                                      
  vim-filesystem-2:9.1.1275-1.fc40.noarch                                       
  xml-common-0.6.3-63.fc40.noarch                                               
  xorg-x11-proto-devel-2024.1-2.fc40.noarch                                     
  xz-devel-1:5.4.6-3.fc40.x86_64                                                
  zlib-ng-compat-devel-2.1.6-2.fc40.x86_64                                      

Complete!
Note: Deploying libgtk3=3.24.43...
The system package 'gtk3-devel' is about to be installed.
This action might require admin privileges and impact your system installation.
Do you want Alire to install this system package?
Using default: Yes
Last metadata expiration check: 0:17:10 ago on Mon Mar  2 13:06:26 2026.
Dependencies resolved.
=================================================================================================
 Package                                   Arch    Version                         Repo      Size
=================================================================================================
Installing:
 gtk3-devel                                x86_64  3.24.43-1.fc40                  updates  4.3 M
Installing dependencies:
 ModemManager-glib                         x86_64  1.22.0-3.fc40                   fedora   322 k
 NetworkManager-libnm                      x86_64  1:1.46.6-1.fc40                 updates  1.8 M
 adwaita-cursor-theme                      noarch  46.2-2.fc40                     updates  516 k
 adwaita-icon-theme                        noarch  46.2-2.fc40                     updates  407 k
 adwaita-icon-theme-legacy                 noarch  46.2-1.fc40                     updates  2.5 M
 alsa-lib                                  x86_64  1.2.13-3.fc40                   updates  517 k
 at-spi2-atk                               x86_64  2.52.0-1.fc40                   fedora    86 k
 at-spi2-atk-devel                         x86_64  2.52.0-1.fc40                   fedora    11 k
 at-spi2-core                              x86_64  2.52.0-1.fc40                   fedora   373 k
 at-spi2-core-devel                        x86_64  2.52.0-1.fc40                   fedora   323 k
 atk                                       x86_64  2.52.0-1.fc40                   fedora    80 k
 atk-devel                                 x86_64  2.52.0-1.fc40                   fedora   445 k
 avahi-glib                                x86_64  0.8-26.fc40                     fedora    15 k
 avahi-libs                                x86_64  0.8-26.fc40                     fedora    67 k
 bluez-libs                                x86_64  5.81-2.fc40                     updates   83 k
 cairo-gobject                             x86_64  1.18.0-3.fc40                   fedora    17 k
 cairo-gobject-devel                       x86_64  1.18.0-3.fc40                   fedora    11 k
 cdparanoia-libs                           x86_64  10.2-44.fc40                    fedora    54 k
 colord-libs                               x86_64  1.4.7-3.fc40                    fedora   234 k
 cpio                                      x86_64  2.15-1.fc40                     fedora   292 k
 cpuinfo                                   x86_64  23.2.14-3.giteb4a667.fc40.2     fedora    42 k
 crypto-policies-scripts                   noarch  20240201-2.git9f501f3.fc40      fedora   117 k
 cups-filesystem                           noarch  1:2.4.12-2.fc40                 updates   13 k
 cups-libs                                 x86_64  1:2.4.12-2.fc40                 updates  262 k
 dbus-devel                                x86_64  1:1.14.10-3.fc40                fedora    40 k
 dbus-libs                                 x86_64  1:1.14.10-3.fc40                fedora   156 k
 dracut                                    x86_64  102-2.fc40                      updates  466 k
 duktape                                   x86_64  2.7.0-7.fc40                    fedora   170 k
 exempi                                    x86_64  2.6.4-5.fc40                    fedora   581 k
 exiv2-libs                                x86_64  0.27.6-7.fc40                   fedora   755 k
 fdk-aac-free                              x86_64  2.0.0-13.fc40                   fedora   337 k
 file                                      x86_64  5.45-4.fc40                     fedora    49 k
 fribidi                                   x86_64  1.0.14-2.fc40                   updates   92 k
 fribidi-devel                             x86_64  1.0.14-2.fc40                   updates   29 k
 fuse-common                               x86_64  3.16.2-3.fc40                   fedora   8.7 k
 fuse3                                     x86_64  3.16.2-3.fc40                   fedora    58 k
 fuse3-libs                                x86_64  3.16.2-3.fc40                   fedora    93 k
 gdk-pixbuf2                               x86_64  2.42.10-8.fc40                  fedora   485 k
 gdk-pixbuf2-devel                         x86_64  2.42.10-8.fc40                  fedora   369 k
 gdk-pixbuf2-modules                       x86_64  2.42.10-8.fc40                  fedora    86 k
 geoclue2                                  x86_64  2.7.2-2.fc40                    updates  164 k
 giflib                                    x86_64  5.2.2-6.fc40                    updates   52 k
 gobject-introspection                     x86_64  1.80.1-1.fc40                   updates  111 k
 gpgmepp                                   x86_64  1.23.2-3.fc40                   fedora   139 k
 graphene                                  x86_64  1.10.6-8.fc40                   fedora    61 k
 grub2-common                              noarch  1:2.12-16.fc40                  updates  1.0 M
 grub2-tools                               x86_64  1:2.12-16.fc40                  updates  1.8 M
 grub2-tools-minimal                       x86_64  1:2.12-16.fc40                  updates  613 k
 gsettings-desktop-schemas                 x86_64  46.1-1.fc40                     updates  755 k
 gsm                                       x86_64  1.0.22-6.fc40                   fedora    36 k
 gstreamer1                                x86_64  1.24.11-1.fc40                  updates  1.6 M
 gstreamer1-plugins-base                   x86_64  1.24.11-1.fc40                  updates  2.2 M
 gtk-update-icon-cache                     x86_64  3.24.43-1.fc40                  updates   34 k
 gtk3                                      x86_64  3.24.43-1.fc40                  updates  5.6 M
 hicolor-icon-theme                        noarch  0.17-18.fc40                    fedora    66 k
 highway                                   x86_64  1.2.0-2.fc40                    updates  652 k
 hwdata                                    noarch  0.394-1.fc40                    updates  1.6 M
 iso-codes                                 noarch  4.16.0-3.fc40                   fedora   3.5 M
 jbigkit-libs                              x86_64  2.1-29.fc40                     fedora    53 k
 json-glib                                 x86_64  1.8.0-3.fc40                    fedora   167 k
 lame-libs                                 x86_64  3.100-17.fc40                   fedora   336 k
 lcms2                                     x86_64  2.16-3.fc40                     fedora   180 k
 libXcomposite                             x86_64  0.4.6-3.fc40                    fedora    24 k
 libXcomposite-devel                       x86_64  0.4.6-3.fc40                    fedora    16 k
 libXcursor-devel                          x86_64  1.2.1-7.fc40                    fedora    40 k
 libXdamage                                x86_64  1.1.6-3.fc40                    fedora    23 k
 libXdamage-devel                          x86_64  1.1.6-3.fc40                    fedora   9.5 k
 libXfixes-devel                           x86_64  6.0.1-3.fc40                    fedora    13 k
 libXft                                    x86_64  2.3.8-6.fc40                    fedora    72 k
 libXft-devel                              x86_64  2.3.8-6.fc40                    fedora    50 k
 libXi                                     x86_64  1.8.2-1.fc40                    updates   40 k
 libXi-devel                               x86_64  1.8.2-1.fc40                    updates  116 k
 libXinerama                               x86_64  1.1.5-6.fc40                    fedora    14 k
 libXinerama-devel                         x86_64  1.1.5-6.fc40                    fedora    13 k
 libXrandr-devel                           x86_64  1.5.4-3.fc40                    fedora    19 k
 libXtst                                   x86_64  1.2.5-1.fc40                    updates   20 k
 libXtst-devel                             x86_64  1.2.5-1.fc40                    updates   16 k
 libXv                                     x86_64  1.0.12-3.fc40                   fedora    18 k
 libXxf86vm                                x86_64  1.1.5-6.fc40                    fedora    18 k
 libaom                                    x86_64  3.12.0-1.fc40                   updates  1.8 M
 libasyncns                                x86_64  0.8-28.fc40                     fedora    30 k
 libavif                                   x86_64  1.0.4-3.fc40                    updates   91 k
 libcanberra                               x86_64  0.30-35.fc40                    fedora    85 k
 libcloudproviders                         x86_64  0.3.5-3.fc40                    fedora    46 k
 libcloudproviders-devel                   x86_64  0.3.5-3.fc40                    fedora    49 k
 libcue                                    x86_64  2.3.0-3.fc40                    fedora    35 k
 libdatrie                                 x86_64  0.2.13-9.fc40                   fedora    32 k
 libdatrie-devel                           x86_64  0.2.13-9.fc40                   fedora   153 k
 libdav1d                                  x86_64  1.5.1-1.fc40                    updates  635 k
 libdrm                                    x86_64  2.4.123-1.fc40                  updates  159 k
 libepoxy                                  x86_64  1.5.10-6.fc40                   fedora   222 k
 libepoxy-devel                            x86_64  1.5.10-6.fc40                   fedora   133 k
 libexif                                   x86_64  0.6.24-7.fc40                   fedora   456 k
 libgexiv2                                 x86_64  0.14.3-1.fc40                   updates  103 k
 libglvnd                                  x86_64  1:1.7.0-4.fc40                  fedora   115 k
 libglvnd-core-devel                       x86_64  1:1.7.0-4.fc40                  fedora    17 k
 libglvnd-devel                            x86_64  1:1.7.0-4.fc40                  fedora   163 k
 libglvnd-egl                              x86_64  1:1.7.0-4.fc40                  fedora    35 k
 libglvnd-gles                             x86_64  1:1.7.0-4.fc40                  fedora    29 k
 libglvnd-glx                              x86_64  1:1.7.0-4.fc40                  fedora   132 k
 libglvnd-opengl                           x86_64  1:1.7.0-4.fc40                  fedora    38 k
 libgrss                                   x86_64  0.7.0-19.fc40                   fedora    62 k
 libgsf                                    x86_64  1.14.53-2.fc40                  updates  261 k
 libgudev                                  x86_64  238-5.fc40                      fedora    35 k
 libgusb                                   x86_64  0.4.9-1.fc40                    updates   65 k
 libgxps                                   x86_64  0.3.2-8.fc40                    fedora    76 k
 libimobiledevice                          x86_64  1.3.0^20230705git6fc41f5-4.fc40 fedora   138 k
 libimobiledevice-glue                     x86_64  1.0.0-3.fc40                    fedora    36 k
 libiptcdata                               x86_64  1.0.5-17.fc40                   fedora    60 k
 libjpeg-turbo                             x86_64  3.0.2-1.fc40                    fedora   227 k
 libjpeg-turbo-devel                       x86_64  3.0.2-1.fc40                    fedora    97 k
 libjxl                                    x86_64  1:0.8.4-1.fc40                  updates  1.2 M
 libkcapi                                  x86_64  1.5.0-4.fc40                    updates   46 k
 libkcapi-hasher                           x86_64  1.5.0-4.fc40                    updates   26 k
 libkcapi-hmaccalc                         x86_64  1.5.0-4.fc40                    updates  9.1 k
 liblc3                                    x86_64  1.1.3-1.fc40                    updates  103 k
 libldac                                   x86_64  2.0.2.3-15.fc40                 fedora    41 k
 liblerc                                   x86_64  4.0.0-6.fc40                    fedora   210 k
 libnotify                                 x86_64  0.8.6-1.fc40                    updates   52 k
 libosinfo                                 x86_64  1.11.0-5.fc40                   fedora   316 k
 libpciaccess                              x86_64  0.16-12.fc40                    fedora    26 k
 libplist                                  x86_64  2.3.0-4.fc40                    fedora    93 k
 libproxy                                  x86_64  0.5.5-1.fc40                    updates   48 k
 librsvg2                                  x86_64  2.57.1-7.fc40                   updates  1.5 M
 libsbc                                    x86_64  2.0-4.fc40                      fedora    48 k
 libsndfile                                x86_64  1.2.2-4.fc40                    updates  213 k
 libsoup                                   x86_64  2.74.3-6.fc40                   fedora   397 k
 libsoup3                                  x86_64  3.4.5-1.fc40                    updates  385 k
 libstemmer                                x86_64  2.2.0-10.fc40                   fedora   139 k
 libtdb                                    x86_64  1.4.10-1.fc40                   fedora    51 k
 libthai                                   x86_64  0.1.29-8.fc40                   fedora   214 k
 libthai-devel                             x86_64  0.1.29-8.fc40                   fedora   144 k
 libtheora                                 x86_64  1:1.1.1-36.fc40                 fedora   166 k
 libtiff                                   x86_64  4.6.0-5.fc40.1                  updates  339 k
 libtiff-devel                             x86_64  4.6.0-5.fc40.1                  updates  258 k
 libtracker-sparql                         x86_64  3.7.3-1.fc40                    updates  371 k
 libunwind                                 x86_64  1.8.0-3.fc40                    fedora    73 k
 libusb1                                   x86_64  1.0.28-2.fc40                   updates   78 k
 libusbmuxd                                x86_64  2.0.2^20230620git8d30a55-5.fc40 fedora    36 k
 libvisual                                 x86_64  1:0.4.1-4.fc40                  fedora   151 k
 libvmaf                                   x86_64  2.3.0-7.fc40                    fedora   180 k
 libwayland-client                         x86_64  1.23.0-2.fc40                   updates   33 k
 libwayland-cursor                         x86_64  1.23.0-2.fc40                   updates   19 k
 libwayland-egl                            x86_64  1.23.0-2.fc40                   updates   13 k
 libwayland-server                         x86_64  1.23.0-2.fc40                   updates   41 k
 libwebp                                   x86_64  1.5.0-1.fc40                    updates  297 k
 libwebp-devel                             x86_64  1.5.0-1.fc40                    updates   40 k
 libxkbcommon-devel                        x86_64  1.6.0-2.fc40                    fedora    66 k
 libxshmfence                              x86_64  1.3.2-5.fc40                    updates   13 k
 libxslt                                   x86_64  1.1.43-1.fc40                   updates  183 k
 libzstd-devel                             x86_64  1.5.5-5.fc40                    fedora    51 k
 llvm-libs                                 x86_64  18.1.8-4.fc40                   updates   28 M
 lm_sensors-libs                           x86_64  3.6.0-18.fc40                   fedora    40 k
 mesa-filesystem                           x86_64  24.1.7-1.fc40                   updates   21 k
 mesa-libEGL                               x86_64  24.1.7-1.fc40                   updates  140 k
 mesa-libGL                                x86_64  24.1.7-1.fc40                   updates  176 k
 mesa-libgbm                               x86_64  24.1.7-1.fc40                   updates   48 k
 mesa-libglapi                             x86_64  24.1.7-1.fc40                   updates   51 k
 mpg123-libs                               x86_64  1.32.9-1.fc40                   updates  345 k
 nspr                                      x86_64  4.36.0-6.fc40                   updates  137 k
 nss                                       x86_64  3.110.0-2.fc40                  updates  711 k
 nss-softokn                               x86_64  3.110.0-2.fc40                  updates  414 k
 nss-softokn-freebl                        x86_64  3.110.0-2.fc40                  updates  333 k
 nss-sysinit                               x86_64  3.110.0-2.fc40                  updates   19 k
 nss-util                                  x86_64  3.110.0-2.fc40                  updates   89 k
 openjpeg2                                 x86_64  2.5.3-1.fc40                    updates  189 k
 opus                                      x86_64  1.5.1-1.fc40                    fedora   230 k
 orc                                       x86_64  0.4.39-1.fc40                   updates  223 k
 os-prober                                 x86_64  1.81-6.fc40                     fedora    51 k
 osinfo-db                                 noarch  20250124-1.fc40                 updates  476 k
 osinfo-db-tools                           x86_64  1.11.0-5.fc40                   fedora    74 k
 pango                                     x86_64  1.54.0-1.fc40                   updates  347 k
 pango-devel                               x86_64  1.54.0-1.fc40                   updates  160 k
 pipewire-jack-audio-connection-kit-libs   x86_64  1.0.9-2.fc40                    updates  132 k
 pipewire-libs                             x86_64  1.0.9-2.fc40                    updates  1.8 M
 polkit                                    x86_64  124-2.fc40                      fedora   157 k
 polkit-libs                               x86_64  124-2.fc40                      fedora    67 k
 polkit-pkla-compat                        x86_64  0.1-28.fc40                     fedora    44 k
 poppler                                   x86_64  24.02.0-2.fc40                  fedora   1.2 M
 poppler-data                              noarch  0.4.11-7.fc40                   fedora   2.0 M
 poppler-glib                              x86_64  24.02.0-2.fc40                  fedora   190 k
 procps-ng                                 x86_64  4.0.4-3.fc40                    fedora   367 k
 pulseaudio-libs                           x86_64  16.1-8.fc40                     updates  693 k
 rav1e-libs                                x86_64  0.7.1-4.fc40                    updates  1.0 M
 rtkit                                     x86_64  0.11-63.fc40                    fedora    55 k
 shared-mime-info                          x86_64  2.3-5.fc40                      updates  390 k
 sound-theme-freedesktop                   noarch  0.8-21.fc40                     fedora   383 k
 svt-av1-libs                              x86_64  2.3.0-1.fc40                    updates  2.0 M
 totem-pl-parser                           x86_64  3.26.6-9.fc40                   fedora   144 k
 tpm2-tss-fapi                             x86_64  4.0.1-7.fc40                    fedora   317 k
 tracker                                   x86_64  3.7.3-1.fc40                    updates  635 k
 uchardet                                  x86_64  0.0.8-5.fc40                    fedora   106 k
 upower-libs                               x86_64  1.90.9-1.fc40                   updates   57 k
 wayland-devel                             x86_64  1.23.0-2.fc40                   updates  153 k
 webrtc-audio-processing                   x86_64  1.3-1.fc40                      fedora   518 k
 wireplumber                               x86_64  0.5.7-1.fc40                    updates  110 k
 wireplumber-libs                          x86_64  0.5.7-1.fc40                    updates  386 k
 xdg-desktop-portal                        x86_64  1.18.4-1.fc40                   updates  474 k
 xprop                                     x86_64  1.2.7-1.fc40                    fedora    35 k
Installing weak dependencies:
 adobe-source-code-pro-fonts               noarch  2.042.1.062.1.026-4.fc40        fedora   806 k
 avif-pixbuf-loader                        x86_64  1.0.4-3.fc40                    updates   17 k
 dconf                                     x86_64  0.40.0-12.fc40                  fedora   109 k
 exiv2                                     x86_64  0.27.6-7.fc40                   fedora   979 k
 glib-networking                           x86_64  2.80.1-1.fc40                   updates  201 k
 grubby                                    x86_64  8.40-75.fc40                    fedora    26 k
 jxl-pixbuf-loader                         x86_64  1:0.8.4-1.fc40                  updates   60 k
 kpartx                                    x86_64  0.9.7-7.fc40                    fedora    49 k
 libcanberra-gtk3                          x86_64  0.30-35.fc40                    fedora    31 k
 low-memory-monitor                        x86_64  2.1-10.fc40                     fedora    34 k
 memstrack                                 x86_64  0.2.5-4.fc40                    fedora    49 k
 mesa-dri-drivers                          x86_64  24.1.7-1.fc40                   updates   26 M
 mesa-va-drivers                           x86_64  24.1.7-1.fc40                   updates  4.0 M
 pigz                                      x86_64  2.8-4.fc40                      fedora    95 k
 pipewire                                  x86_64  1.0.9-2.fc40                    updates  120 k
 pipewire-alsa                             x86_64  1.0.9-2.fc40                    updates   54 k
 pipewire-jack-audio-connection-kit        x86_64  1.0.9-2.fc40                    updates   13 k
 pipewire-pulseaudio                       x86_64  1.0.9-2.fc40                    updates  195 k
 rsvg-pixbuf-loader                        x86_64  2.57.1-7.fc40                   updates   16 k
 tpm2-tools                                x86_64  5.7-1.fc40                      updates  810 k
 tracker-miners                            x86_64  3.7.4-2.fc40                    updates  997 k
 upower                                    x86_64  1.90.9-1.fc40                   updates  143 k
 usbmuxd                                   x86_64  1.1.1^20230720git61b99ab-2.fc40 fedora    66 k
 webp-pixbuf-loader                        x86_64  0.2.7-1.fc40                    fedora    20 k
 xdg-desktop-portal-gtk                    x86_64  1.15.1-5.fc40                   fedora   143 k

Transaction Summary
=================================================================================================
Install  225 Packages

Total download size: 131 M
Installed size: 565 M
Downloading Packages:
(1/225): at-spi2-atk-2.52.0-1.fc40.x86_64.rpm   276 kB/s |  86 kB     00:00    
(2/225): at-spi2-atk-devel-2.52.0-1.fc40.x86_64 136 kB/s |  11 kB     00:00    
(3/225): ModemManager-glib-1.22.0-3.fc40.x86_64 720 kB/s | 322 kB     00:00    
(4/225): adobe-source-code-pro-fonts-2.042.1.06 1.4 MB/s | 806 kB     00:00    
(5/225): at-spi2-core-devel-2.52.0-1.fc40.x86_6 2.1 MB/s | 323 kB     00:00    
(6/225): at-spi2-core-2.52.0-1.fc40.x86_64.rpm  1.5 MB/s | 373 kB     00:00    
(7/225): atk-2.52.0-1.fc40.x86_64.rpm           938 kB/s |  80 kB     00:00    
(8/225): atk-devel-2.52.0-1.fc40.x86_64.rpm     5.9 MB/s | 445 kB     00:00    
(9/225): avahi-glib-0.8-26.fc40.x86_64.rpm      193 kB/s |  15 kB     00:00    
(10/225): avahi-libs-0.8-26.fc40.x86_64.rpm     799 kB/s |  67 kB     00:00    
(11/225): cairo-gobject-1.18.0-3.fc40.x86_64.rp 243 kB/s |  17 kB     00:00    
(12/225): cairo-gobject-devel-1.18.0-3.fc40.x86 144 kB/s |  11 kB     00:00    
(13/225): cdparanoia-libs-10.2-44.fc40.x86_64.r 660 kB/s |  54 kB     00:00    
(14/225): colord-libs-1.4.7-3.fc40.x86_64.rpm   3.1 MB/s | 234 kB     00:00    
(15/225): cpio-2.15-1.fc40.x86_64.rpm           3.4 MB/s | 292 kB     00:00    
(16/225): cpuinfo-23.2.14-3.giteb4a667.fc40.2.x 530 kB/s |  42 kB     00:00    
(17/225): crypto-policies-scripts-20240201-2.gi 1.6 MB/s | 117 kB     00:00    
(18/225): dbus-devel-1.14.10-3.fc40.x86_64.rpm  486 kB/s |  40 kB     00:00    
(19/225): dconf-0.40.0-12.fc40.x86_64.rpm       1.5 MB/s | 109 kB     00:00    
(20/225): dbus-libs-1.14.10-3.fc40.x86_64.rpm   1.9 MB/s | 156 kB     00:00    
(21/225): exempi-2.6.4-5.fc40.x86_64.rpm        7.6 MB/s | 581 kB     00:00    
(22/225): duktape-2.7.0-7.fc40.x86_64.rpm       2.0 MB/s | 170 kB     00:00    
(23/225): exiv2-libs-0.27.6-7.fc40.x86_64.rpm   9.6 MB/s | 755 kB     00:00    
(24/225): exiv2-0.27.6-7.fc40.x86_64.rpm        6.2 MB/s | 979 kB     00:00    
(25/225): fdk-aac-free-2.0.0-13.fc40.x86_64.rpm 4.1 MB/s | 337 kB     00:00    
(26/225): file-5.45-4.fc40.x86_64.rpm           676 kB/s |  49 kB     00:00    
(27/225): fuse-common-3.16.2-3.fc40.x86_64.rpm  116 kB/s | 8.7 kB     00:00    
(28/225): fuse3-3.16.2-3.fc40.x86_64.rpm        768 kB/s |  58 kB     00:00    
(29/225): fuse3-libs-3.16.2-3.fc40.x86_64.rpm   1.3 MB/s |  93 kB     00:00    
(30/225): gdk-pixbuf2-2.42.10-8.fc40.x86_64.rpm 6.0 MB/s | 485 kB     00:00    
(31/225): gdk-pixbuf2-devel-2.42.10-8.fc40.x86_ 4.5 MB/s | 369 kB     00:00    
(32/225): gdk-pixbuf2-modules-2.42.10-8.fc40.x8 1.2 MB/s |  86 kB     00:00    
(33/225): gpgmepp-1.23.2-3.fc40.x86_64.rpm      1.8 MB/s | 139 kB     00:00    
(34/225): graphene-1.10.6-8.fc40.x86_64.rpm     798 kB/s |  61 kB     00:00    
(35/225): grubby-8.40-75.fc40.x86_64.rpm        353 kB/s |  26 kB     00:00    
(36/225): gsm-1.0.22-6.fc40.x86_64.rpm          475 kB/s |  36 kB     00:00    
(37/225): hicolor-icon-theme-0.17-18.fc40.noarc 865 kB/s |  66 kB     00:00    
(38/225): jbigkit-libs-2.1-29.fc40.x86_64.rpm   701 kB/s |  53 kB     00:00    
(39/225): json-glib-1.8.0-3.fc40.x86_64.rpm     2.1 MB/s | 167 kB     00:00    
(40/225): iso-codes-4.16.0-3.fc40.noarch.rpm     23 MB/s | 3.5 MB     00:00    
(41/225): kpartx-0.9.7-7.fc40.x86_64.rpm        643 kB/s |  49 kB     00:00    
(42/225): lame-libs-3.100-17.fc40.x86_64.rpm    4.2 MB/s | 336 kB     00:00    
(43/225): lcms2-2.16-3.fc40.x86_64.rpm          2.4 MB/s | 180 kB     00:00    
(44/225): libXcomposite-0.4.6-3.fc40.x86_64.rpm 322 kB/s |  24 kB     00:00    
(45/225): libXcomposite-devel-0.4.6-3.fc40.x86_ 211 kB/s |  16 kB     00:00    
(46/225): libXcursor-devel-1.2.1-7.fc40.x86_64. 552 kB/s |  40 kB     00:00    
(47/225): libXdamage-1.1.6-3.fc40.x86_64.rpm    309 kB/s |  23 kB     00:00    
(48/225): libXdamage-devel-1.1.6-3.fc40.x86_64. 125 kB/s | 9.5 kB     00:00    
(49/225): libXfixes-devel-6.0.1-3.fc40.x86_64.r 173 kB/s |  13 kB     00:00    
(50/225): libXft-2.3.8-6.fc40.x86_64.rpm        956 kB/s |  72 kB     00:00    
(51/225): libXft-devel-2.3.8-6.fc40.x86_64.rpm  663 kB/s |  50 kB     00:00    
(52/225): libXinerama-1.1.5-6.fc40.x86_64.rpm   199 kB/s |  14 kB     00:00    
(53/225): libXinerama-devel-1.1.5-6.fc40.x86_64 174 kB/s |  13 kB     00:00    
(54/225): libXrandr-devel-1.5.4-3.fc40.x86_64.r 254 kB/s |  19 kB     00:00    
(55/225): libXv-1.0.12-3.fc40.x86_64.rpm        257 kB/s |  18 kB     00:00    
(56/225): libXxf86vm-1.1.5-6.fc40.x86_64.rpm    234 kB/s |  18 kB     00:00    
(57/225): libasyncns-0.8-28.fc40.x86_64.rpm     392 kB/s |  30 kB     00:00    
(58/225): libcanberra-0.30-35.fc40.x86_64.rpm   1.1 MB/s |  85 kB     00:00    
(59/225): libcanberra-gtk3-0.30-35.fc40.x86_64. 408 kB/s |  31 kB     00:00    
(60/225): libcloudproviders-0.3.5-3.fc40.x86_64 612 kB/s |  46 kB     00:00    
(61/225): libcloudproviders-devel-0.3.5-3.fc40. 684 kB/s |  49 kB     00:00    
(62/225): libcue-2.3.0-3.fc40.x86_64.rpm        462 kB/s |  35 kB     00:00    
(63/225): libdatrie-0.2.13-9.fc40.x86_64.rpm    425 kB/s |  32 kB     00:00    
(64/225): libdatrie-devel-0.2.13-9.fc40.x86_64. 2.0 MB/s | 153 kB     00:00    
(65/225): libepoxy-devel-1.5.10-6.fc40.x86_64.r 1.7 MB/s | 133 kB     00:00    
(66/225): libepoxy-1.5.10-6.fc40.x86_64.rpm     2.8 MB/s | 222 kB     00:00    
(67/225): libexif-0.6.24-7.fc40.x86_64.rpm      6.0 MB/s | 456 kB     00:00    
(68/225): libglvnd-1.7.0-4.fc40.x86_64.rpm      1.5 MB/s | 115 kB     00:00    
(69/225): libglvnd-core-devel-1.7.0-4.fc40.x86_ 230 kB/s |  17 kB     00:00    
(70/225): libglvnd-devel-1.7.0-4.fc40.x86_64.rp 2.2 MB/s | 163 kB     00:00    
(71/225): libglvnd-egl-1.7.0-4.fc40.x86_64.rpm  464 kB/s |  35 kB     00:00    
(72/225): libglvnd-gles-1.7.0-4.fc40.x86_64.rpm 385 kB/s |  29 kB     00:00    
(73/225): libglvnd-glx-1.7.0-4.fc40.x86_64.rpm  1.8 MB/s | 132 kB     00:00    
(74/225): libglvnd-opengl-1.7.0-4.fc40.x86_64.r 503 kB/s |  38 kB     00:00    
(75/225): libgrss-0.7.0-19.fc40.x86_64.rpm      811 kB/s |  62 kB     00:00    
(76/225): libgudev-238-5.fc40.x86_64.rpm        478 kB/s |  35 kB     00:00    
(77/225): libgxps-0.3.2-8.fc40.x86_64.rpm       994 kB/s |  76 kB     00:00    
(78/225): libimobiledevice-1.3.0^20230705git6fc 1.8 MB/s | 138 kB     00:00    
(79/225): libimobiledevice-glue-1.0.0-3.fc40.x8 507 kB/s |  36 kB     00:00    
(80/225): libiptcdata-1.0.5-17.fc40.x86_64.rpm  794 kB/s |  60 kB     00:00    
(81/225): libjpeg-turbo-3.0.2-1.fc40.x86_64.rpm 2.8 MB/s | 227 kB     00:00    
(82/225): libjpeg-turbo-devel-3.0.2-1.fc40.x86_ 1.3 MB/s |  97 kB     00:00    
(83/225): libldac-2.0.2.3-15.fc40.x86_64.rpm    548 kB/s |  41 kB     00:00    
(84/225): liblerc-4.0.0-6.fc40.x86_64.rpm       2.7 MB/s | 210 kB     00:00    
(85/225): libosinfo-1.11.0-5.fc40.x86_64.rpm    4.1 MB/s | 316 kB     00:00    
(86/225): libplist-2.3.0-4.fc40.x86_64.rpm      1.2 MB/s |  93 kB     00:00    
(87/225): libpciaccess-0.16-12.fc40.x86_64.rpm  336 kB/s |  26 kB     00:00    
(88/225): libsbc-2.0-4.fc40.x86_64.rpm          633 kB/s |  48 kB     00:00    
(89/225): libsoup-2.74.3-6.fc40.x86_64.rpm      5.2 MB/s | 397 kB     00:00    
(90/225): libtdb-1.4.10-1.fc40.x86_64.rpm       676 kB/s |  51 kB     00:00    
(91/225): libstemmer-2.2.0-10.fc40.x86_64.rpm   1.8 MB/s | 139 kB     00:00    
(92/225): libthai-0.1.29-8.fc40.x86_64.rpm      2.9 MB/s | 214 kB     00:00    
(93/225): libthai-devel-0.1.29-8.fc40.x86_64.rp 1.9 MB/s | 144 kB     00:00    
(94/225): libtheora-1.1.1-36.fc40.x86_64.rpm    2.1 MB/s | 166 kB     00:00    
(95/225): libunwind-1.8.0-3.fc40.x86_64.rpm     1.0 MB/s |  73 kB     00:00    
(96/225): libusbmuxd-2.0.2^20230620git8d30a55-5 481 kB/s |  36 kB     00:00    
(97/225): libvisual-0.4.1-4.fc40.x86_64.rpm     1.9 MB/s | 151 kB     00:00    
(98/225): libvmaf-2.3.0-7.fc40.x86_64.rpm       2.4 MB/s | 180 kB     00:00    
(99/225): libxkbcommon-devel-1.6.0-2.fc40.x86_6 871 kB/s |  66 kB     00:00    
(100/225): libzstd-devel-1.5.5-5.fc40.x86_64.rp 667 kB/s |  51 kB     00:00    
(101/225): lm_sensors-libs-3.6.0-18.fc40.x86_64 556 kB/s |  40 kB     00:00    
(102/225): low-memory-monitor-2.1-10.fc40.x86_6 457 kB/s |  34 kB     00:00    
(103/225): memstrack-0.2.5-4.fc40.x86_64.rpm    654 kB/s |  49 kB     00:00    
(104/225): opus-1.5.1-1.fc40.x86_64.rpm         3.0 MB/s | 230 kB     00:00    
(105/225): os-prober-1.81-6.fc40.x86_64.rpm     669 kB/s |  51 kB     00:00    
(106/225): osinfo-db-tools-1.11.0-5.fc40.x86_64 978 kB/s |  74 kB     00:00    
(107/225): pigz-2.8-4.fc40.x86_64.rpm           1.3 MB/s |  95 kB     00:00    
(108/225): polkit-124-2.fc40.x86_64.rpm         2.0 MB/s | 157 kB     00:00    
(109/225): polkit-libs-124-2.fc40.x86_64.rpm    887 kB/s |  67 kB     00:00    
(110/225): polkit-pkla-compat-0.1-28.fc40.x86_6 613 kB/s |  44 kB     00:00    
(111/225): poppler-glib-24.02.0-2.fc40.x86_64.r 2.5 MB/s | 190 kB     00:00    
(112/225): poppler-24.02.0-2.fc40.x86_64.rpm    7.8 MB/s | 1.2 MB     00:00    
(113/225): poppler-data-0.4.11-7.fc40.noarch.rp  13 MB/s | 2.0 MB     00:00    
(114/225): procps-ng-4.0.4-3.fc40.x86_64.rpm    4.9 MB/s | 367 kB     00:00    
(115/225): rtkit-0.11-63.fc40.x86_64.rpm        724 kB/s |  55 kB     00:00    
(116/225): sound-theme-freedesktop-0.8-21.fc40. 4.9 MB/s | 383 kB     00:00    
(117/225): totem-pl-parser-3.26.6-9.fc40.x86_64 1.9 MB/s | 144 kB     00:00    
(118/225): tpm2-tss-fapi-4.0.1-7.fc40.x86_64.rp 4.0 MB/s | 317 kB     00:00    
(119/225): uchardet-0.0.8-5.fc40.x86_64.rpm     1.4 MB/s | 106 kB     00:00    
(120/225): usbmuxd-1.1.1^20230720git61b99ab-2.f 910 kB/s |  66 kB     00:00    
(121/225): webp-pixbuf-loader-0.2.7-1.fc40.x86_ 267 kB/s |  20 kB     00:00    
(122/225): webrtc-audio-processing-1.3-1.fc40.x 6.6 MB/s | 518 kB     00:00    
(123/225): xdg-desktop-portal-gtk-1.15.1-5.fc40 1.9 MB/s | 143 kB     00:00    
(124/225): xprop-1.2.7-1.fc40.x86_64.rpm        461 kB/s |  35 kB     00:00    
(125/225): NetworkManager-libnm-1.46.6-1.fc40.x  22 MB/s | 1.8 MB     00:00    
(126/225): adwaita-cursor-theme-46.2-2.fc40.noa 6.8 MB/s | 516 kB     00:00    
(127/225): adwaita-icon-theme-46.2-2.fc40.noarc 5.2 MB/s | 407 kB     00:00    
(128/225): adwaita-icon-theme-legacy-46.2-1.fc4  29 MB/s | 2.5 MB     00:00    
(129/225): alsa-lib-1.2.13-3.fc40.x86_64.rpm    6.8 MB/s | 517 kB     00:00    
(130/225): avif-pixbuf-loader-1.0.4-3.fc40.x86_ 221 kB/s |  17 kB     00:00    
(131/225): bluez-libs-5.81-2.fc40.x86_64.rpm    1.1 MB/s |  83 kB     00:00    
(132/225): cups-filesystem-2.4.12-2.fc40.noarch 188 kB/s |  13 kB     00:00    
(133/225): cups-libs-2.4.12-2.fc40.x86_64.rpm   3.3 MB/s | 262 kB     00:00    
(134/225): dracut-102-2.fc40.x86_64.rpm         6.0 MB/s | 466 kB     00:00    
(135/225): fribidi-1.0.14-2.fc40.x86_64.rpm     1.2 MB/s |  92 kB     00:00    
(136/225): fribidi-devel-1.0.14-2.fc40.x86_64.r 386 kB/s |  29 kB     00:00    
(137/225): geoclue2-2.7.2-2.fc40.x86_64.rpm     2.2 MB/s | 164 kB     00:00    
(138/225): giflib-5.2.2-6.fc40.x86_64.rpm       692 kB/s |  52 kB     00:00    
(139/225): glib-networking-2.80.1-1.fc40.x86_64 2.6 MB/s | 201 kB     00:00    
(140/225): gobject-introspection-1.80.1-1.fc40. 1.5 MB/s | 111 kB     00:00    
(141/225): grub2-common-2.12-16.fc40.noarch.rpm  12 MB/s | 1.0 MB     00:00    
(142/225): grub2-tools-minimal-2.12-16.fc40.x86 8.1 MB/s | 613 kB     00:00    
(143/225): gsettings-desktop-schemas-46.1-1.fc4 9.1 MB/s | 755 kB     00:00    
(144/225): grub2-tools-2.12-16.fc40.x86_64.rpm   12 MB/s | 1.8 MB     00:00    
(145/225): gstreamer1-1.24.11-1.fc40.x86_64.rpm  21 MB/s | 1.6 MB     00:00    
(146/225): gstreamer1-plugins-base-1.24.11-1.fc  27 MB/s | 2.2 MB     00:00    
(147/225): gtk-update-icon-cache-3.24.43-1.fc40 448 kB/s |  34 kB     00:00    
(148/225): gtk3-devel-3.24.43-1.fc40.x86_64.rpm  46 MB/s | 4.3 MB     00:00    
(149/225): highway-1.2.0-2.fc40.x86_64.rpm      8.2 MB/s | 652 kB     00:00    
(150/225): gtk3-3.24.43-1.fc40.x86_64.rpm        36 MB/s | 5.6 MB     00:00    
(151/225): hwdata-0.394-1.fc40.noarch.rpm        20 MB/s | 1.6 MB     00:00    
(152/225): jxl-pixbuf-loader-0.8.4-1.fc40.x86_6 798 kB/s |  60 kB     00:00    
(153/225): libXi-1.8.2-1.fc40.x86_64.rpm        558 kB/s |  40 kB     00:00    
(154/225): libXi-devel-1.8.2-1.fc40.x86_64.rpm  1.5 MB/s | 116 kB     00:00    
(155/225): libXtst-1.2.5-1.fc40.x86_64.rpm      272 kB/s |  20 kB     00:00    
(156/225): libXtst-devel-1.2.5-1.fc40.x86_64.rp 221 kB/s |  16 kB     00:00    
(157/225): libaom-3.12.0-1.fc40.x86_64.rpm       23 MB/s | 1.8 MB     00:00    
(158/225): libavif-1.0.4-3.fc40.x86_64.rpm      1.2 MB/s |  91 kB     00:00    
(159/225): libdav1d-1.5.1-1.fc40.x86_64.rpm     8.4 MB/s | 635 kB     00:00    
(160/225): libdrm-2.4.123-1.fc40.x86_64.rpm     2.1 MB/s | 159 kB     00:00    
(161/225): libgexiv2-0.14.3-1.fc40.x86_64.rpm   1.3 MB/s | 103 kB     00:00    
(162/225): libgsf-1.14.53-2.fc40.x86_64.rpm     3.5 MB/s | 261 kB     00:00    
(163/225): libgusb-0.4.9-1.fc40.x86_64.rpm      868 kB/s |  65 kB     00:00    
(164/225): libkcapi-1.5.0-4.fc40.x86_64.rpm     645 kB/s |  46 kB     00:00    
(165/225): libjxl-0.8.4-1.fc40.x86_64.rpm        15 MB/s | 1.2 MB     00:00    
(166/225): libkcapi-hasher-1.5.0-4.fc40.x86_64. 346 kB/s |  26 kB     00:00    
(167/225): libkcapi-hmaccalc-1.5.0-4.fc40.x86_6 124 kB/s | 9.1 kB     00:00    
(168/225): liblc3-1.1.3-1.fc40.x86_64.rpm       1.3 MB/s | 103 kB     00:00    
(169/225): libnotify-0.8.6-1.fc40.x86_64.rpm    688 kB/s |  52 kB     00:00    
(170/225): libproxy-0.5.5-1.fc40.x86_64.rpm     672 kB/s |  48 kB     00:00    
(171/225): librsvg2-2.57.1-7.fc40.x86_64.rpm     19 MB/s | 1.5 MB     00:00    
(172/225): libsndfile-1.2.2-4.fc40.x86_64.rpm   2.7 MB/s | 213 kB     00:00    
(173/225): libsoup3-3.4.5-1.fc40.x86_64.rpm     5.1 MB/s | 385 kB     00:00    
(174/225): libtiff-4.6.0-5.fc40.1.x86_64.rpm    4.3 MB/s | 339 kB     00:00    
(175/225): libtiff-devel-4.6.0-5.fc40.1.x86_64. 3.3 MB/s | 258 kB     00:00    
(176/225): libtracker-sparql-3.7.3-1.fc40.x86_6 4.8 MB/s | 371 kB     00:00    
(177/225): libusb1-1.0.28-2.fc40.x86_64.rpm     1.0 MB/s |  78 kB     00:00    
(178/225): libwayland-client-1.23.0-2.fc40.x86_ 464 kB/s |  33 kB     00:00    
(179/225): libwayland-cursor-1.23.0-2.fc40.x86_ 257 kB/s |  19 kB     00:00    
(180/225): libwayland-egl-1.23.0-2.fc40.x86_64. 168 kB/s |  13 kB     00:00    
(181/225): libwayland-server-1.23.0-2.fc40.x86_ 572 kB/s |  41 kB     00:00    
(182/225): libwebp-1.5.0-1.fc40.x86_64.rpm      3.8 MB/s | 297 kB     00:00    
(183/225): libwebp-devel-1.5.0-1.fc40.x86_64.rp 528 kB/s |  40 kB     00:00    
(184/225): libxshmfence-1.3.2-5.fc40.x86_64.rpm 185 kB/s |  13 kB     00:00    
(185/225): libxslt-1.1.43-1.fc40.x86_64.rpm     2.4 MB/s | 183 kB     00:00    
(186/225): mesa-filesystem-24.1.7-1.fc40.x86_64 276 kB/s |  21 kB     00:00    
(187/225): mesa-libEGL-24.1.7-1.fc40.x86_64.rpm 1.8 MB/s | 140 kB     00:00    
(188/225): mesa-libGL-24.1.7-1.fc40.x86_64.rpm  2.3 MB/s | 176 kB     00:00    
(189/225): mesa-libgbm-24.1.7-1.fc40.x86_64.rpm 635 kB/s |  48 kB     00:00    
(190/225): mesa-libglapi-24.1.7-1.fc40.x86_64.r 673 kB/s |  51 kB     00:00    
(191/225): mesa-dri-drivers-24.1.7-1.fc40.x86_6  37 MB/s |  26 MB     00:00    
(192/225): llvm-libs-18.1.8-4.fc40.x86_64.rpm    35 MB/s |  28 MB     00:00    
(193/225): mesa-va-drivers-24.1.7-1.fc40.x86_64  11 MB/s | 4.0 MB     00:00    
(194/225): mpg123-libs-1.32.9-1.fc40.x86_64.rpm 4.6 MB/s | 345 kB     00:00    
(195/225): nspr-4.36.0-6.fc40.x86_64.rpm        1.8 MB/s | 137 kB     00:00    
(196/225): nss-3.110.0-2.fc40.x86_64.rpm        9.0 MB/s | 711 kB     00:00    
(197/225): nss-softokn-3.110.0-2.fc40.x86_64.rp 5.5 MB/s | 414 kB     00:00    
(198/225): nss-softokn-freebl-3.110.0-2.fc40.x8 4.2 MB/s | 333 kB     00:00    
(199/225): nss-sysinit-3.110.0-2.fc40.x86_64.rp 249 kB/s |  19 kB     00:00    
(200/225): nss-util-3.110.0-2.fc40.x86_64.rpm   1.2 MB/s |  89 kB     00:00    
(201/225): openjpeg2-2.5.3-1.fc40.x86_64.rpm    2.4 MB/s | 189 kB     00:00    
(202/225): orc-0.4.39-1.fc40.x86_64.rpm         2.9 MB/s | 223 kB     00:00    
(203/225): osinfo-db-20250124-1.fc40.noarch.rpm 6.3 MB/s | 476 kB     00:00    
(204/225): pango-1.54.0-1.fc40.x86_64.rpm       4.4 MB/s | 347 kB     00:00    
(205/225): pango-devel-1.54.0-1.fc40.x86_64.rpm 2.1 MB/s | 160 kB     00:00    
(206/225): pipewire-1.0.9-2.fc40.x86_64.rpm     1.6 MB/s | 120 kB     00:00    
(207/225): pipewire-alsa-1.0.9-2.fc40.x86_64.rp 716 kB/s |  54 kB     00:00    
(208/225): pipewire-jack-audio-connection-kit-l 1.8 MB/s | 132 kB     00:00    
(209/225): pipewire-jack-audio-connection-kit-1 165 kB/s |  13 kB     00:00    
(210/225): pipewire-libs-1.0.9-2.fc40.x86_64.rp  22 MB/s | 1.8 MB     00:00    
(211/225): pipewire-pulseaudio-1.0.9-2.fc40.x86 2.6 MB/s | 195 kB     00:00    
(212/225): pulseaudio-libs-16.1-8.fc40.x86_64.r 8.8 MB/s | 693 kB     00:00    
(213/225): rsvg-pixbuf-loader-2.57.1-7.fc40.x86 218 kB/s |  16 kB     00:00    
(214/225): rav1e-libs-0.7.1-4.fc40.x86_64.rpm    13 MB/s | 1.0 MB     00:00    
(215/225): shared-mime-info-2.3-5.fc40.x86_64.r 5.0 MB/s | 390 kB     00:00    
(216/225): svt-av1-libs-2.3.0-1.fc40.x86_64.rpm  26 MB/s | 2.0 MB     00:00    
(217/225): tpm2-tools-5.7-1.fc40.x86_64.rpm      10 MB/s | 810 kB     00:00    
(218/225): tracker-3.7.3-1.fc40.x86_64.rpm      8.0 MB/s | 635 kB     00:00    
(219/225): tracker-miners-3.7.4-2.fc40.x86_64.r  13 MB/s | 997 kB     00:00    
(220/225): upower-1.90.9-1.fc40.x86_64.rpm      1.9 MB/s | 143 kB     00:00    
(221/225): upower-libs-1.90.9-1.fc40.x86_64.rpm 768 kB/s |  57 kB     00:00    
(222/225): wayland-devel-1.23.0-2.fc40.x86_64.r 2.1 MB/s | 153 kB     00:00    
(223/225): wireplumber-0.5.7-1.fc40.x86_64.rpm  1.4 MB/s | 110 kB     00:00    
(224/225): wireplumber-libs-0.5.7-1.fc40.x86_64 5.0 MB/s | 386 kB     00:00    
(225/225): xdg-desktop-portal-1.18.4-1.fc40.x86 6.3 MB/s | 474 kB     00:00    
--------------------------------------------------------------------------------
Total                                            17 MB/s | 131 MB     00:07     
Running transaction check
Transaction check succeeded.
Running transaction test
Transaction test succeeded.
Running transaction
  Preparing        :                                                        1/1 
  Installing       : dbus-libs-1:1.14.10-3.fc40.x86_64                    1/225 
  Installing       : avahi-libs-0.8-26.fc40.x86_64                        2/225 
  Installing       : libjpeg-turbo-3.0.2-1.fc40.x86_64                    3/225 
  Installing       : nspr-4.36.0-6.fc40.x86_64                            4/225 
  Installing       : json-glib-1.8.0-3.fc40.x86_64                        5/225 
  Installing       : libwayland-client-1.23.0-2.fc40.x86_64               6/225 
  Installing       : libXi-1.8.2-1.fc40.x86_64                            7/225 
  Installing       : libplist-2.3.0-4.fc40.x86_64                         8/225 
  Installing       : libglvnd-1:1.7.0-4.fc40.x86_64                       9/225 
  Installing       : libXfixes-devel-6.0.1-3.fc40.x86_64                 10/225 
  Installing       : cairo-gobject-1.18.0-3.fc40.x86_64                  11/225 
  Installing       : nss-util-3.110.0-2.fc40.x86_64                      12/225 
  Installing       : libwebp-1.5.0-1.fc40.x86_64                         13/225 
  Installing       : alsa-lib-1.2.13-3.fc40.x86_64                       14/225 
  Installing       : libXi-devel-1.8.2-1.fc40.x86_64                     15/225 
  Installing       : libimobiledevice-glue-1.0.0-3.fc40.x86_64           16/225 
  Installing       : libwayland-cursor-1.23.0-2.fc40.x86_64              17/225 
  Installing       : avahi-glib-0.8-26.fc40.x86_64                       18/225 
  Installing       : shared-mime-info-2.3-5.fc40.x86_64                  19/225 
  Running scriptlet: shared-mime-info-2.3-5.fc40.x86_64                  19/225 
  Installing       : gdk-pixbuf2-2.42.10-8.fc40.x86_64                   20/225 
  Installing       : libxshmfence-1.3.2-5.fc40.x86_64                    21/225 
  Installing       : libwayland-server-1.23.0-2.fc40.x86_64              22/225 
  Installing       : libwayland-egl-1.23.0-2.fc40.x86_64                 23/225 
  Installing       : libusb1-1.0.28-2.fc40.x86_64                        24/225 
  Installing       : hwdata-0.394-1.fc40.noarch                          25/225 
  Installing       : fribidi-1.0.14-2.fc40.x86_64                        26/225 
  Installing       : polkit-libs-124-2.fc40.x86_64                       27/225 
  Installing       : opus-1.5.1-1.fc40.x86_64                            28/225 
  Installing       : libepoxy-1.5.10-6.fc40.x86_64                       29/225 
  Installing       : lcms2-2.16-3.fc40.x86_64                            30/225 
  Installing       : fuse3-libs-3.16.2-3.fc40.x86_64                     31/225 
  Installing       : fribidi-devel-1.0.14-2.fc40.x86_64                  32/225 
  Installing       : libXtst-1.2.5-1.fc40.x86_64                         33/225 
  Installing       : libjpeg-turbo-devel-3.0.2-1.fc40.x86_64             34/225 
  Installing       : dbus-devel-1:1.14.10-3.fc40.x86_64                  35/225 
  Installing       : mesa-filesystem-24.1.7-1.fc40.x86_64                36/225 
  Installing       : llvm-libs-18.1.8-4.fc40.x86_64                      37/225 
  Installing       : grub2-common-1:2.12-16.fc40.noarch                  38/225 
  Installing       : grub2-tools-minimal-1:2.12-16.fc40.x86_64           39/225 
  Installing       : libtdb-1.4.10-1.fc40.x86_64                         40/225 
  Installing       : libgudev-238-5.fc40.x86_64                          41/225 
  Installing       : libdatrie-0.2.13-9.fc40.x86_64                      42/225 
  Installing       : libthai-0.1.29-8.fc40.x86_64                        43/225 
  Installing       : libcloudproviders-0.3.5-3.fc40.x86_64               44/225 
  Installing       : libXinerama-1.1.5-6.fc40.x86_64                     45/225 
  Installing       : libXft-2.3.8-6.fc40.x86_64                          46/225 
  Installing       : pango-1.54.0-1.fc40.x86_64                          47/225 
  Installing       : libXdamage-1.1.6-3.fc40.x86_64                      48/225 
  Installing       : libXcomposite-0.4.6-3.fc40.x86_64                   49/225 
  Installing       : duktape-2.7.0-7.fc40.x86_64                         50/225 
  Running scriptlet: polkit-124-2.fc40.x86_64                            51/225 
  Installing       : polkit-124-2.fc40.x86_64                            51/225 
  Running scriptlet: polkit-124-2.fc40.x86_64                            51/225 
  Installing       : polkit-pkla-compat-0.1-28.fc40.x86_64               52/225 
  Running scriptlet: rtkit-0.11-63.fc40.x86_64                           53/225 
  Installing       : rtkit-0.11-63.fc40.x86_64                           53/225 
  Running scriptlet: rtkit-0.11-63.fc40.x86_64                           53/225 
Created symlink /etc/systemd/system/graphical.target.wants/rtkit-daemon.service → /usr/lib/systemd/system/rtkit-daemon.service.

  Installing       : libproxy-0.5.5-1.fc40.x86_64                        54/225 
  Installing       : libXcomposite-devel-0.4.6-3.fc40.x86_64             55/225 
  Installing       : libXdamage-devel-1.1.6-3.fc40.x86_64                56/225 
  Installing       : librsvg2-2.57.1-7.fc40.x86_64                       57/225 
  Installing       : rsvg-pixbuf-loader-2.57.1-7.fc40.x86_64             58/225 
  Installing       : libXft-devel-2.3.8-6.fc40.x86_64                    59/225 
  Installing       : libXinerama-devel-1.1.5-6.fc40.x86_64               60/225 
  Installing       : libcloudproviders-devel-0.3.5-3.fc40.x86_64         61/225 
  Installing       : libdatrie-devel-0.2.13-9.fc40.x86_64                62/225 
  Installing       : libthai-devel-0.1.29-8.fc40.x86_64                  63/225 
  Installing       : pango-devel-1.54.0-1.fc40.x86_64                    64/225 
  Installing       : os-prober-1.81-6.fc40.x86_64                        65/225 
  Installing       : libXtst-devel-1.2.5-1.fc40.x86_64                   66/225 
  Installing       : libpciaccess-0.16-12.fc40.x86_64                    67/225 
  Installing       : libdrm-2.4.123-1.fc40.x86_64                        68/225 
  Installing       : mesa-va-drivers-24.1.7-1.fc40.x86_64                69/225 
  Installing       : osinfo-db-20250124-1.fc40.noarch                    70/225 
  Installing       : libgusb-0.4.9-1.fc40.x86_64                         71/225 
  Installing       : colord-libs-1.4.7-3.fc40.x86_64                     72/225 
  Installing       : wayland-devel-1.23.0-2.fc40.x86_64                  73/225 
  Installing       : webp-pixbuf-loader-0.2.7-1.fc40.x86_64              74/225 
  Installing       : gtk-update-icon-cache-3.24.43-1.fc40.x86_64         75/225 
  Installing       : libgsf-1.14.53-2.fc40.x86_64                        76/225 
  Installing       : libnotify-0.8.6-1.fc40.x86_64                       77/225 
  Installing       : libusbmuxd-2.0.2^20230620git8d30a55-5.fc40.x86_6    78/225 
  Running scriptlet: usbmuxd-1.1.1^20230720git61b99ab-2.fc40.x86_64      79/225 
  Installing       : usbmuxd-1.1.1^20230720git61b99ab-2.fc40.x86_64      79/225 
  Running scriptlet: usbmuxd-1.1.1^20230720git61b99ab-2.fc40.x86_64      79/225 
  Installing       : libimobiledevice-1.3.0^20230705git6fc41f5-4.fc40    80/225 
  Installing       : libwebp-devel-1.5.0-1.fc40.x86_64                   81/225 
  Installing       : nss-softokn-freebl-3.110.0-2.fc40.x86_64            82/225 
  Installing       : nss-softokn-3.110.0-2.fc40.x86_64                   83/225 
  Installing       : cairo-gobject-devel-1.18.0-3.fc40.x86_64            84/225 
  Installing       : libXcursor-devel-1.2.1-7.fc40.x86_64                85/225 
  Installing       : libglvnd-opengl-1:1.7.0-4.fc40.x86_64               86/225 
  Installing       : exiv2-libs-0.27.6-7.fc40.x86_64                     87/225 
  Installing       : exiv2-0.27.6-7.fc40.x86_64                          88/225 
  Installing       : libgexiv2-0.14.3-1.fc40.x86_64                      89/225 
  Installing       : rav1e-libs-0.7.1-4.fc40.x86_64                      90/225 
  Installing       : orc-0.4.39-1.fc40.x86_64                            91/225 
  Installing       : openjpeg2-2.5.3-1.fc40.x86_64                       92/225 
  Installing       : mpg123-libs-1.32.9-1.fc40.x86_64                    93/225 
  Installing       : libxslt-1.1.43-1.fc40.x86_64                        94/225 
  Installing       : liblc3-1.1.3-1.fc40.x86_64                          95/225 
  Installing       : libkcapi-1.5.0-4.fc40.x86_64                        96/225 
  Installing       : libkcapi-hasher-1.5.0-4.fc40.x86_64                 97/225 
  Installing       : libkcapi-hmaccalc-1.5.0-4.fc40.x86_64               98/225 
  Installing       : libdav1d-1.5.1-1.fc40.x86_64                        99/225 
  Installing       : highway-1.2.0-2.fc40.x86_64                        100/225 
  Installing       : libjxl-1:0.8.4-1.fc40.x86_64                       101/225 
  Installing       : jxl-pixbuf-loader-1:0.8.4-1.fc40.x86_64            102/225 
  Installing       : gobject-introspection-1.80.1-1.fc40.x86_64         103/225 
  Installing       : upower-libs-1.90.9-1.fc40.x86_64                   104/225 
  Installing       : upower-1.90.9-1.fc40.x86_64                        105/225 
  Running scriptlet: upower-1.90.9-1.fc40.x86_64                        105/225 
Created symlink /etc/systemd/system/graphical.target.wants/upower.service → /usr/lib/systemd/system/upower.service.

  Installing       : giflib-5.2.2-6.fc40.x86_64                         106/225 
  Installing       : cups-filesystem-1:2.4.12-2.fc40.noarch             107/225 
  Installing       : cups-libs-1:2.4.12-2.fc40.x86_64                   108/225 
  Installing       : bluez-libs-5.81-2.fc40.x86_64                      109/225 
  Installing       : adwaita-icon-theme-legacy-46.2-1.fc40.noarch       110/225 
  Installing       : adwaita-cursor-theme-46.2-2.fc40.noarch            111/225 
  Installing       : adwaita-icon-theme-46.2-2.fc40.noarch              112/225 
  Installing       : NetworkManager-libnm-1:1.46.6-1.fc40.x86_64        113/225 
  Installing       : xprop-1.2.7-1.fc40.x86_64                          114/225 
  Installing       : at-spi2-core-2.52.0-1.fc40.x86_64                  115/225 
  Installing       : atk-2.52.0-1.fc40.x86_64                           116/225 
  Installing       : at-spi2-atk-2.52.0-1.fc40.x86_64                   117/225 
  Installing       : atk-devel-2.52.0-1.fc40.x86_64                     118/225 
  Installing       : at-spi2-core-devel-2.52.0-1.fc40.x86_64            119/225 
  Installing       : at-spi2-atk-devel-2.52.0-1.fc40.x86_64             120/225 
  Installing       : webrtc-audio-processing-1.3-1.fc40.x86_64          121/225 
  Installing       : uchardet-0.0.8-5.fc40.x86_64                       122/225 
  Installing       : totem-pl-parser-3.26.6-9.fc40.x86_64               123/225 
  Installing       : tpm2-tss-fapi-4.0.1-7.fc40.x86_64                  124/225 
  Installing       : tpm2-tools-5.7-1.fc40.x86_64                       125/225 
  Installing       : sound-theme-freedesktop-0.8-21.fc40.noarch         126/225 
  Running scriptlet: sound-theme-freedesktop-0.8-21.fc40.noarch         126/225 
  Installing       : procps-ng-4.0.4-3.fc40.x86_64                      127/225 
  Installing       : poppler-data-0.4.11-7.fc40.noarch                  128/225 
  Installing       : pigz-2.8-4.fc40.x86_64                             129/225 
  Installing       : memstrack-0.2.5-4.fc40.x86_64                      130/225 
  Installing       : low-memory-monitor-2.1-10.fc40.x86_64              131/225 
  Running scriptlet: low-memory-monitor-2.1-10.fc40.x86_64              131/225 
  Installing       : lm_sensors-libs-3.6.0-18.fc40.x86_64               132/225 
  Installing       : mesa-libglapi-24.1.7-1.fc40.x86_64                 133/225 
  Installing       : mesa-dri-drivers-24.1.7-1.fc40.x86_64              134/225 
  Installing       : mesa-libgbm-24.1.7-1.fc40.x86_64                   135/225 
  Installing       : mesa-libEGL-24.1.7-1.fc40.x86_64                   136/225 
  Installing       : libglvnd-egl-1:1.7.0-4.fc40.x86_64                 137/225 
  Installing       : libglvnd-gles-1:1.7.0-4.fc40.x86_64                138/225 
  Installing       : libzstd-devel-1.5.5-5.fc40.x86_64                  139/225 
  Installing       : libxkbcommon-devel-1.6.0-2.fc40.x86_64             140/225 
  Installing       : libvmaf-2.3.0-7.fc40.x86_64                        141/225 
  Installing       : libaom-3.12.0-1.fc40.x86_64                        142/225 
  Installing       : libvisual-1:0.4.1-4.fc40.x86_64                    143/225 
  Installing       : libunwind-1.8.0-3.fc40.x86_64                      144/225 
  Installing       : gstreamer1-1.24.11-1.fc40.x86_64                   145/225 
  Installing       : libtheora-1:1.1.1-36.fc40.x86_64                   146/225 
  Installing       : libstemmer-2.2.0-10.fc40.x86_64                    147/225 
  Installing       : libsbc-2.0-4.fc40.x86_64                           148/225 
  Installing       : liblerc-4.0.0-6.fc40.x86_64                        149/225 
  Installing       : libldac-2.0.2.3-15.fc40.x86_64                     150/225 
  Installing       : libiptcdata-1.0.5-17.fc40.x86_64                   151/225 
  Installing       : libglvnd-core-devel-1:1.7.0-4.fc40.x86_64          152/225 
  Installing       : libexif-0.6.24-7.fc40.x86_64                       153/225 
  Installing       : libcue-2.3.0-3.fc40.x86_64                         154/225 
  Installing       : libasyncns-0.8-28.fc40.x86_64                      155/225 
  Installing       : libXxf86vm-1.1.5-6.fc40.x86_64                     156/225 
  Installing       : libglvnd-glx-1:1.7.0-4.fc40.x86_64                 157/225 
  Installing       : mesa-libGL-24.1.7-1.fc40.x86_64                    158/225 
  Installing       : libglvnd-devel-1:1.7.0-4.fc40.x86_64               159/225 
  Installing       : libepoxy-devel-1.5.10-6.fc40.x86_64                160/225 
  Installing       : libXv-1.0.12-3.fc40.x86_64                         161/225 
  Installing       : libXrandr-devel-1.5.4-3.fc40.x86_64                162/225 
  Installing       : lame-libs-3.100-17.fc40.x86_64                     163/225 
  Installing       : kpartx-0.9.7-7.fc40.x86_64                         164/225 
  Installing       : jbigkit-libs-2.1-29.fc40.x86_64                    165/225 
  Installing       : libtiff-4.6.0-5.fc40.1.x86_64                      166/225 
  Installing       : libgxps-0.3.2-8.fc40.x86_64                        167/225 
  Installing       : libtiff-devel-4.6.0-5.fc40.1.x86_64                168/225 
  Installing       : gdk-pixbuf2-devel-2.42.10-8.fc40.x86_64            169/225 
  Installing       : iso-codes-4.16.0-3.fc40.noarch                     170/225 
  Installing       : hicolor-icon-theme-0.17-18.fc40.noarch             171/225 
  Installing       : gsm-1.0.22-6.fc40.x86_64                           172/225 
  Installing       : libsndfile-1.2.2-4.fc40.x86_64                     173/225 
  Installing       : pulseaudio-libs-16.1-8.fc40.x86_64                 174/225 
  Installing       : libcanberra-0.30-35.fc40.x86_64                    175/225 
  Running scriptlet: libcanberra-0.30-35.fc40.x86_64                    175/225 
  Installing       : graphene-1.10.6-8.fc40.x86_64                      176/225 
  Installing       : gpgmepp-1.23.2-3.fc40.x86_64                       177/225 
  Installing       : fuse-common-3.16.2-3.fc40.x86_64                   178/225 
  Installing       : fuse3-3.16.2-3.fc40.x86_64                         179/225 
  Installing       : file-5.45-4.fc40.x86_64                            180/225 
  Installing       : fdk-aac-free-2.0.0-13.fc40.x86_64                  181/225 
  Running scriptlet: pipewire-1.0.9-2.fc40.x86_64                       182/225 
  Installing       : pipewire-1.0.9-2.fc40.x86_64                       182/225 
  Running scriptlet: pipewire-1.0.9-2.fc40.x86_64                       182/225 
Created symlink /etc/systemd/user/sockets.target.wants/pipewire.socket → /usr/lib/systemd/user/pipewire.socket.

  Installing       : pipewire-libs-1.0.9-2.fc40.x86_64                  183/225 
  Installing       : wireplumber-0.5.7-1.fc40.x86_64                    184/225 
  Installing       : wireplumber-libs-0.5.7-1.fc40.x86_64               185/225 
  Installing       : pipewire-jack-audio-connection-kit-libs-1.0.9-2.   186/225 
  Installing       : exempi-2.6.4-5.fc40.x86_64                         187/225 
  Installing       : dconf-0.40.0-12.fc40.x86_64                        188/225 
  Running scriptlet: dconf-0.40.0-12.fc40.x86_64                        188/225 
  Installing       : cpuinfo-23.2.14-3.giteb4a667.fc40.2.x86_64         189/225 
  Installing       : svt-av1-libs-2.3.0-1.fc40.x86_64                   190/225 
  Installing       : libavif-1.0.4-3.fc40.x86_64                        191/225 
  Installing       : avif-pixbuf-loader-1.0.4-3.fc40.x86_64             192/225 
  Installing       : gdk-pixbuf2-modules-2.42.10-8.fc40.x86_64          193/225 
  Installing       : cpio-2.15-1.fc40.x86_64                            194/225 
  Installing       : dracut-102-2.fc40.x86_64                           195/225 
  Running scriptlet: grub2-tools-1:2.12-16.fc40.x86_64                  196/225 
  Installing       : grub2-tools-1:2.12-16.fc40.x86_64                  196/225 
  Running scriptlet: grub2-tools-1:2.12-16.fc40.x86_64                  196/225 
Created symlink /etc/systemd/user/timers.target.wants/grub-boot-success.timer → /usr/lib/systemd/user/grub-boot-success.timer.

  Installing       : grubby-8.40-75.fc40.x86_64                         197/225 
  Running scriptlet: grubby-8.40-75.fc40.x86_64                         197/225 
  Installing       : crypto-policies-scripts-20240201-2.git9f501f3.fc   198/225 
  Installing       : nss-sysinit-3.110.0-2.fc40.x86_64                  199/225 
  Installing       : nss-3.110.0-2.fc40.x86_64                          200/225 
  Running scriptlet: nss-3.110.0-2.fc40.x86_64                          200/225 
  Installing       : poppler-24.02.0-2.fc40.x86_64                      201/225 
  Installing       : poppler-glib-24.02.0-2.fc40.x86_64                 202/225 
  Installing       : cdparanoia-libs-10.2-44.fc40.x86_64                203/225 
  Installing       : gstreamer1-plugins-base-1.24.11-1.fc40.x86_64      204/225 
  Installing       : adobe-source-code-pro-fonts-2.042.1.062.1.026-4.   205/225 
  Installing       : gsettings-desktop-schemas-46.1-1.fc40.x86_64       206/225 
  Installing       : glib-networking-2.80.1-1.fc40.x86_64               207/225 
  Installing       : libsoup3-3.4.5-1.fc40.x86_64                       208/225 
  Installing       : osinfo-db-tools-1.11.0-5.fc40.x86_64               209/225 
  Installing       : libosinfo-1.11.0-5.fc40.x86_64                     210/225 
  Installing       : libsoup-2.74.3-6.fc40.x86_64                       211/225 
  Installing       : libgrss-0.7.0-19.fc40.x86_64                       212/225 
  Installing       : tracker-3.7.3-1.fc40.x86_64                        213/225 
  Running scriptlet: tracker-3.7.3-1.fc40.x86_64                        213/225 
  Installing       : libtracker-sparql-3.7.3-1.fc40.x86_64              214/225 
  Installing       : tracker-miners-3.7.4-2.fc40.x86_64                 215/225 
  Running scriptlet: tracker-miners-3.7.4-2.fc40.x86_64                 215/225 
  Installing       : ModemManager-glib-1.22.0-3.fc40.x86_64             216/225 
  Running scriptlet: geoclue2-2.7.2-2.fc40.x86_64                       217/225 
  Installing       : geoclue2-2.7.2-2.fc40.x86_64                       217/225 
  Running scriptlet: geoclue2-2.7.2-2.fc40.x86_64                       217/225 
  Installing       : xdg-desktop-portal-1.18.4-1.fc40.x86_64            218/225 
  Running scriptlet: xdg-desktop-portal-1.18.4-1.fc40.x86_64            218/225 
  Installing       : libcanberra-gtk3-0.30-35.fc40.x86_64               219/225 
  Installing       : gtk3-3.24.43-1.fc40.x86_64                         220/225 
  Installing       : xdg-desktop-portal-gtk-1.15.1-5.fc40.x86_64        221/225 
  Running scriptlet: xdg-desktop-portal-gtk-1.15.1-5.fc40.x86_64        221/225 
  Installing       : gtk3-devel-3.24.43-1.fc40.x86_64                   222/225 
  Installing       : pipewire-jack-audio-connection-kit-1.0.9-2.fc40.   223/225 
  Installing       : pipewire-alsa-1.0.9-2.fc40.x86_64                  224/225 
  Installing       : pipewire-pulseaudio-1.0.9-2.fc40.x86_64            225/225 
  Running scriptlet: pipewire-pulseaudio-1.0.9-2.fc40.x86_64            225/225 
Created symlink /etc/systemd/user/sockets.target.wants/pipewire-pulse.socket → /usr/lib/systemd/user/pipewire-pulse.socket.

  Running scriptlet: grub2-common-1:2.12-16.fc40.noarch                 225/225 
  Running scriptlet: wireplumber-0.5.7-1.fc40.x86_64                    225/225 
Created symlink /etc/systemd/user/pipewire-session-manager.service → /usr/lib/systemd/user/wireplumber.service.
Created symlink /etc/systemd/user/pipewire.service.wants/wireplumber.service → /usr/lib/systemd/user/wireplumber.service.

  Running scriptlet: dconf-0.40.0-12.fc40.x86_64                        225/225 
  Running scriptlet: crypto-policies-scripts-20240201-2.git9f501f3.fc   225/225 
  Running scriptlet: nss-3.110.0-2.fc40.x86_64                          225/225 
  Running scriptlet: pipewire-pulseaudio-1.0.9-2.fc40.x86_64            225/225 

Installed:
  ModemManager-glib-1.22.0-3.fc40.x86_64                                        
  NetworkManager-libnm-1:1.46.6-1.fc40.x86_64                                   
  adobe-source-code-pro-fonts-2.042.1.062.1.026-4.fc40.noarch                   
  adwaita-cursor-theme-46.2-2.fc40.noarch                                       
  adwaita-icon-theme-46.2-2.fc40.noarch                                         
  adwaita-icon-theme-legacy-46.2-1.fc40.noarch                                  
  alsa-lib-1.2.13-3.fc40.x86_64                                                 
  at-spi2-atk-2.52.0-1.fc40.x86_64                                              
  at-spi2-atk-devel-2.52.0-1.fc40.x86_64                                        
  at-spi2-core-2.52.0-1.fc40.x86_64                                             
  at-spi2-core-devel-2.52.0-1.fc40.x86_64                                       
  atk-2.52.0-1.fc40.x86_64                                                      
  atk-devel-2.52.0-1.fc40.x86_64                                                
  avahi-glib-0.8-26.fc40.x86_64                                                 
  avahi-libs-0.8-26.fc40.x86_64                                                 
  avif-pixbuf-loader-1.0.4-3.fc40.x86_64                                        
  bluez-libs-5.81-2.fc40.x86_64                                                 
  cairo-gobject-1.18.0-3.fc40.x86_64                                            
  cairo-gobject-devel-1.18.0-3.fc40.x86_64                                      
  cdparanoia-libs-10.2-44.fc40.x86_64                                           
  colord-libs-1.4.7-3.fc40.x86_64                                               
  cpio-2.15-1.fc40.x86_64                                                       
  cpuinfo-23.2.14-3.giteb4a667.fc40.2.x86_64                                    
  crypto-policies-scripts-20240201-2.git9f501f3.fc40.noarch                     
  cups-filesystem-1:2.4.12-2.fc40.noarch                                        
  cups-libs-1:2.4.12-2.fc40.x86_64                                              
  dbus-devel-1:1.14.10-3.fc40.x86_64                                            
  dbus-libs-1:1.14.10-3.fc40.x86_64                                             
  dconf-0.40.0-12.fc40.x86_64                                                   
  dracut-102-2.fc40.x86_64                                                      
  duktape-2.7.0-7.fc40.x86_64                                                   
  exempi-2.6.4-5.fc40.x86_64                                                    
  exiv2-0.27.6-7.fc40.x86_64                                                    
  exiv2-libs-0.27.6-7.fc40.x86_64                                               
  fdk-aac-free-2.0.0-13.fc40.x86_64                                             
  file-5.45-4.fc40.x86_64                                                       
  fribidi-1.0.14-2.fc40.x86_64                                                  
  fribidi-devel-1.0.14-2.fc40.x86_64                                            
  fuse-common-3.16.2-3.fc40.x86_64                                              
  fuse3-3.16.2-3.fc40.x86_64                                                    
  fuse3-libs-3.16.2-3.fc40.x86_64                                               
  gdk-pixbuf2-2.42.10-8.fc40.x86_64                                             
  gdk-pixbuf2-devel-2.42.10-8.fc40.x86_64                                       
  gdk-pixbuf2-modules-2.42.10-8.fc40.x86_64                                     
  geoclue2-2.7.2-2.fc40.x86_64                                                  
  giflib-5.2.2-6.fc40.x86_64                                                    
  glib-networking-2.80.1-1.fc40.x86_64                                          
  gobject-introspection-1.80.1-1.fc40.x86_64                                    
  gpgmepp-1.23.2-3.fc40.x86_64                                                  
  graphene-1.10.6-8.fc40.x86_64                                                 
  grub2-common-1:2.12-16.fc40.noarch                                            
  grub2-tools-1:2.12-16.fc40.x86_64                                             
  grub2-tools-minimal-1:2.12-16.fc40.x86_64                                     
  grubby-8.40-75.fc40.x86_64                                                    
  gsettings-desktop-schemas-46.1-1.fc40.x86_64                                  
  gsm-1.0.22-6.fc40.x86_64                                                      
  gstreamer1-1.24.11-1.fc40.x86_64                                              
  gstreamer1-plugins-base-1.24.11-1.fc40.x86_64                                 
  gtk-update-icon-cache-3.24.43-1.fc40.x86_64                                   
  gtk3-3.24.43-1.fc40.x86_64                                                    
  gtk3-devel-3.24.43-1.fc40.x86_64                                              
  hicolor-icon-theme-0.17-18.fc40.noarch                                        
  highway-1.2.0-2.fc40.x86_64                                                   
  hwdata-0.394-1.fc40.noarch                                                    
  iso-codes-4.16.0-3.fc40.noarch                                                
  jbigkit-libs-2.1-29.fc40.x86_64                                               
  json-glib-1.8.0-3.fc40.x86_64                                                 
  jxl-pixbuf-loader-1:0.8.4-1.fc40.x86_64                                       
  kpartx-0.9.7-7.fc40.x86_64                                                    
  lame-libs-3.100-17.fc40.x86_64                                                
  lcms2-2.16-3.fc40.x86_64                                                      
  libXcomposite-0.4.6-3.fc40.x86_64                                             
  libXcomposite-devel-0.4.6-3.fc40.x86_64                                       
  libXcursor-devel-1.2.1-7.fc40.x86_64                                          
  libXdamage-1.1.6-3.fc40.x86_64                                                
  libXdamage-devel-1.1.6-3.fc40.x86_64                                          
  libXfixes-devel-6.0.1-3.fc40.x86_64                                           
  libXft-2.3.8-6.fc40.x86_64                                                    
  libXft-devel-2.3.8-6.fc40.x86_64                                              
  libXi-1.8.2-1.fc40.x86_64                                                     
  libXi-devel-1.8.2-1.fc40.x86_64                                               
  libXinerama-1.1.5-6.fc40.x86_64                                               
  libXinerama-devel-1.1.5-6.fc40.x86_64                                         
  libXrandr-devel-1.5.4-3.fc40.x86_64                                           
  libXtst-1.2.5-1.fc40.x86_64                                                   
  libXtst-devel-1.2.5-1.fc40.x86_64                                             
  libXv-1.0.12-3.fc40.x86_64                                                    
  libXxf86vm-1.1.5-6.fc40.x86_64                                                
  libaom-3.12.0-1.fc40.x86_64                                                   
  libasyncns-0.8-28.fc40.x86_64                                                 
  libavif-1.0.4-3.fc40.x86_64                                                   
  libcanberra-0.30-35.fc40.x86_64                                               
  libcanberra-gtk3-0.30-35.fc40.x86_64                                          
  libcloudproviders-0.3.5-3.fc40.x86_64                                         
  libcloudproviders-devel-0.3.5-3.fc40.x86_64                                   
  libcue-2.3.0-3.fc40.x86_64                                                    
  libdatrie-0.2.13-9.fc40.x86_64                                                
  libdatrie-devel-0.2.13-9.fc40.x86_64                                          
  libdav1d-1.5.1-1.fc40.x86_64                                                  
  libdrm-2.4.123-1.fc40.x86_64                                                  
  libepoxy-1.5.10-6.fc40.x86_64                                                 
  libepoxy-devel-1.5.10-6.fc40.x86_64                                           
  libexif-0.6.24-7.fc40.x86_64                                                  
  libgexiv2-0.14.3-1.fc40.x86_64                                                
  libglvnd-1:1.7.0-4.fc40.x86_64                                                
  libglvnd-core-devel-1:1.7.0-4.fc40.x86_64                                     
  libglvnd-devel-1:1.7.0-4.fc40.x86_64                                          
  libglvnd-egl-1:1.7.0-4.fc40.x86_64                                            
  libglvnd-gles-1:1.7.0-4.fc40.x86_64                                           
  libglvnd-glx-1:1.7.0-4.fc40.x86_64                                            
  libglvnd-opengl-1:1.7.0-4.fc40.x86_64                                         
  libgrss-0.7.0-19.fc40.x86_64                                                  
  libgsf-1.14.53-2.fc40.x86_64                                                  
  libgudev-238-5.fc40.x86_64                                                    
  libgusb-0.4.9-1.fc40.x86_64                                                   
  libgxps-0.3.2-8.fc40.x86_64                                                   
  libimobiledevice-1.3.0^20230705git6fc41f5-4.fc40.x86_64                       
  libimobiledevice-glue-1.0.0-3.fc40.x86_64                                     
  libiptcdata-1.0.5-17.fc40.x86_64                                              
  libjpeg-turbo-3.0.2-1.fc40.x86_64                                             
  libjpeg-turbo-devel-3.0.2-1.fc40.x86_64                                       
  libjxl-1:0.8.4-1.fc40.x86_64                                                  
  libkcapi-1.5.0-4.fc40.x86_64                                                  
  libkcapi-hasher-1.5.0-4.fc40.x86_64                                           
  libkcapi-hmaccalc-1.5.0-4.fc40.x86_64                                         
  liblc3-1.1.3-1.fc40.x86_64                                                    
  libldac-2.0.2.3-15.fc40.x86_64                                                
  liblerc-4.0.0-6.fc40.x86_64                                                   
  libnotify-0.8.6-1.fc40.x86_64                                                 
  libosinfo-1.11.0-5.fc40.x86_64                                                
  libpciaccess-0.16-12.fc40.x86_64                                              
  libplist-2.3.0-4.fc40.x86_64                                                  
  libproxy-0.5.5-1.fc40.x86_64                                                  
  librsvg2-2.57.1-7.fc40.x86_64                                                 
  libsbc-2.0-4.fc40.x86_64                                                      
  libsndfile-1.2.2-4.fc40.x86_64                                                
  libsoup-2.74.3-6.fc40.x86_64                                                  
  libsoup3-3.4.5-1.fc40.x86_64                                                  
  libstemmer-2.2.0-10.fc40.x86_64                                               
  libtdb-1.4.10-1.fc40.x86_64                                                   
  libthai-0.1.29-8.fc40.x86_64                                                  
  libthai-devel-0.1.29-8.fc40.x86_64                                            
  libtheora-1:1.1.1-36.fc40.x86_64                                              
  libtiff-4.6.0-5.fc40.1.x86_64                                                 
  libtiff-devel-4.6.0-5.fc40.1.x86_64                                           
  libtracker-sparql-3.7.3-1.fc40.x86_64                                         
  libunwind-1.8.0-3.fc40.x86_64                                                 
  libusb1-1.0.28-2.fc40.x86_64                                                  
  libusbmuxd-2.0.2^20230620git8d30a55-5.fc40.x86_64                             
  libvisual-1:0.4.1-4.fc40.x86_64                                               
  libvmaf-2.3.0-7.fc40.x86_64                                                   
  libwayland-client-1.23.0-2.fc40.x86_64                                        
  libwayland-cursor-1.23.0-2.fc40.x86_64                                        
  libwayland-egl-1.23.0-2.fc40.x86_64                                           
  libwayland-server-1.23.0-2.fc40.x86_64                                        
  libwebp-1.5.0-1.fc40.x86_64                                                   
  libwebp-devel-1.5.0-1.fc40.x86_64                                             
  libxkbcommon-devel-1.6.0-2.fc40.x86_64                                        
  libxshmfence-1.3.2-5.fc40.x86_64                                              
  libxslt-1.1.43-1.fc40.x86_64                                                  
  libzstd-devel-1.5.5-5.fc40.x86_64                                             
  llvm-libs-18.1.8-4.fc40.x86_64                                                
  lm_sensors-libs-3.6.0-18.fc40.x86_64                                          
  low-memory-monitor-2.1-10.fc40.x86_64                                         
  memstrack-0.2.5-4.fc40.x86_64                                                 
  mesa-dri-drivers-24.1.7-1.fc40.x86_64                                         
  mesa-filesystem-24.1.7-1.fc40.x86_64                                          
  mesa-libEGL-24.1.7-1.fc40.x86_64                                              
  mesa-libGL-24.1.7-1.fc40.x86_64                                               
  mesa-libgbm-24.1.7-1.fc40.x86_64                                              
  mesa-libglapi-24.1.7-1.fc40.x86_64                                            
  mesa-va-drivers-24.1.7-1.fc40.x86_64                                          
  mpg123-libs-1.32.9-1.fc40.x86_64                                              
  nspr-4.36.0-6.fc40.x86_64                                                     
  nss-3.110.0-2.fc40.x86_64                                                     
  nss-softokn-3.110.0-2.fc40.x86_64                                             
  nss-softokn-freebl-3.110.0-2.fc40.x86_64                                      
  nss-sysinit-3.110.0-2.fc40.x86_64                                             
  nss-util-3.110.0-2.fc40.x86_64                                                
  openjpeg2-2.5.3-1.fc40.x86_64                                                 
  opus-1.5.1-1.fc40.x86_64                                                      
  orc-0.4.39-1.fc40.x86_64                                                      
  os-prober-1.81-6.fc40.x86_64                                                  
  osinfo-db-20250124-1.fc40.noarch                                              
  osinfo-db-tools-1.11.0-5.fc40.x86_64                                          
  pango-1.54.0-1.fc40.x86_64                                                    
  pango-devel-1.54.0-1.fc40.x86_64                                              
  pigz-2.8-4.fc40.x86_64                                                        
  pipewire-1.0.9-2.fc40.x86_64                                                  
  pipewire-alsa-1.0.9-2.fc40.x86_64                                             
  pipewire-jack-audio-connection-kit-1.0.9-2.fc40.x86_64                        
  pipewire-jack-audio-connection-kit-libs-1.0.9-2.fc40.x86_64                   
  pipewire-libs-1.0.9-2.fc40.x86_64                                             
  pipewire-pulseaudio-1.0.9-2.fc40.x86_64                                       
  polkit-124-2.fc40.x86_64                                                      
  polkit-libs-124-2.fc40.x86_64                                                 
  polkit-pkla-compat-0.1-28.fc40.x86_64                                         
  poppler-24.02.0-2.fc40.x86_64                                                 
  poppler-data-0.4.11-7.fc40.noarch                                             
  poppler-glib-24.02.0-2.fc40.x86_64                                            
  procps-ng-4.0.4-3.fc40.x86_64                                                 
  pulseaudio-libs-16.1-8.fc40.x86_64                                            
  rav1e-libs-0.7.1-4.fc40.x86_64                                                
  rsvg-pixbuf-loader-2.57.1-7.fc40.x86_64                                       
  rtkit-0.11-63.fc40.x86_64                                                     
  shared-mime-info-2.3-5.fc40.x86_64                                            
  sound-theme-freedesktop-0.8-21.fc40.noarch                                    
  svt-av1-libs-2.3.0-1.fc40.x86_64                                              
  totem-pl-parser-3.26.6-9.fc40.x86_64                                          
  tpm2-tools-5.7-1.fc40.x86_64                                                  
  tpm2-tss-fapi-4.0.1-7.fc40.x86_64                                             
  tracker-3.7.3-1.fc40.x86_64                                                   
  tracker-miners-3.7.4-2.fc40.x86_64                                            
  uchardet-0.0.8-5.fc40.x86_64                                                  
  upower-1.90.9-1.fc40.x86_64                                                   
  upower-libs-1.90.9-1.fc40.x86_64                                              
  usbmuxd-1.1.1^20230720git61b99ab-2.fc40.x86_64                                
  wayland-devel-1.23.0-2.fc40.x86_64                                            
  webp-pixbuf-loader-0.2.7-1.fc40.x86_64                                        
  webrtc-audio-processing-1.3-1.fc40.x86_64                                     
  wireplumber-0.5.7-1.fc40.x86_64                                               
  wireplumber-libs-0.5.7-1.fc40.x86_64                                          
  xdg-desktop-portal-1.18.4-1.fc40.x86_64                                       
  xdg-desktop-portal-gtk-1.15.1-5.fc40.x86_64                                   
  xprop-1.2.7-1.fc40.x86_64                                                     

Complete!
Note: Deploying asfml=2.6.1...
Note: Deploying gtkada=21.0.0...
#=#=#                                                                          
##O#-#                                                                         
##O=#  #                                                                       
#-#O=#  #                                                                      
 #-#O=#   #                                                                    
  #-#O=-#   #                                                                  
   #-#O=-#   #                                                                 
    #-=#=- #   #                                                               
     #-=#=-  #   #                                                             
      #-=O#-  #    #                                                           
        #=O=#   #     #                                                        
         #=O=#    #     #                                                      
          -#O=-#     #    #                                                    
           -=#=- #     #    #                                                  

bingada=1.0.0 successfully retrieved.
Dependencies were solved as follows:

   +  asfml      2.6.1   (new)
   +  gtkada     21.0.0  (new)
   +b libcsfml   2.6.1   (new,indirect,system package)
   +b libgtk3    3.24.43 (new,indirect,system package)
   +b make       4.4.1   (new,indirect,system package)
   +b pkg_config 2.1.1   (new,indirect,executable in path)
[alr test] Spawning default test for remote crate: alr -d -n build --release -- -cargs:Ada -gnatwn
Note: Running post-fetch actions for gtkada=21.0.0...
checking build system type... x86_64-unknown-linux-gnu
checking host system type... x86_64-unknown-linux-gnu
checking target system type... x86_64-unknown-linux-gnu
checking for gcc... gcc
checking whether the C compiler works... yes
checking for C compiler default output file name... a.out
checking for suffix of executables... 
checking whether we are cross compiling... no
checking for suffix of object files... o
checking whether we are using the GNU C compiler... yes
checking whether gcc accepts -g... yes
checking for gcc option to accept ISO C89... none needed
checking for gprbuild... /root/.local/share/alire/toolchains/gprbuild_25.0.1_9a2e6cfb/bin/gprbuild
checking for gprinstall... /root/.local/share/alire/toolchains/gprbuild_25.0.1_9a2e6cfb/bin/gprinstall
checking that your gnat compiler works with a simple example... yes
checking whether NLS is requested... yes
checking for gettext in libc... yes
checking for pkg-config... /usr/bin/pkg-config
checking for GTK - version >= 3.14.0... yes
configure: creating ./config.status
config.status: creating Makefile
config.status: creating shared.gpr
config.status: creating po/Makefile
config.status: creating docs/gtkada_rm/html/static/index.html
configure: --------- Summary for Gtkada 18.0w -----------------
configure:   Shared libraries:       yes (default: static)
configure:   OpenGL:                 False
configure: --------------------------------------------
gnatprep -DGETTEXT_INTL=False -DHAVE_GETTEXT=True src/gtkada-intl.gpb src/gtkada-intl.adb
====== Building static libraries =====
/root/.local/share/alire/toolchains/gprbuild_25.0.1_9a2e6cfb/bin/gprbuild  -j0 -m -p  -XLIBRARY_TYPE=static -Psrc/gtkada.gpr
Setup
   [mkdir]        object directory for project GtkAda
   [mkdir]        library directory for project GtkAda
Compile
   [Ada]          gtkada-pixmaps.ads
   [Ada]          glib-xml_int.ads
   [Ada]          cairo-scaled_font.ads
   [Ada]          cairo-image_surface.adb
   [Ada]          gdk.ads
   [Ada]          cairo-font_options.adb
   [Ada]          cairo-region.adb
   [Ada]          cairo-pdf.adb
   [Ada]          gtkada-builder.adb
   [Ada]          cairo-surface.adb
   [Ada]          gdk-pixbuf.adb
   [Ada]          gtk-handlers.adb
   [Ada]          gdk-main.adb
   [Ada]          gtk-marshallers.adb
   [Ada]          gtk-bindings.adb
gtk-handlers.adb:27:06: warning: renamed predefined unit is an obsolescent feature (RM J.1) [-gnatwj]
gtk-handlers.ads:179:06: warning: renamed predefined unit is an obsolescent feature (RM J.1) [-gnatwj]
   [Ada]          gtkada-multi_paned.adb
   [Ada]          glib-type_conversion_hooks.adb
   [Ada]          cairo-svg.adb
   [Ada]          gtkada-bindings.adb
   [Ada]          gtkada-intl.adb
   [Ada]          gdk-cairo.adb
   [Ada]          gtkada-canvas_view-models-layers.adb
   [Ada]          cairo-matrix.ads
   [Ada]          gdk-display_manager.adb
   [Ada]          gtkada-abstract_list_model.adb
   [Ada]          gtkada-types.adb
   [Ada]          glib-convert.adb
   [Ada]          cairo-png.adb
   [Ada]          gtkada-dialogs.adb
   [Ada]          gdk-rectangle.adb
   [Ada]          gtkada-canvas_view-models.adb
   [Ada]          glib-enums.ads
   [Ada]          gtk-tree_model-utils.adb
   [Ada]          glib-graphs-layouts.adb
   [Ada]          gtkada-multiline_entry.adb
   [Ada]          gtk-arguments.adb
   [Ada]          gtkada-handlers.ads
   [Ada]          gdk-property.adb
   [Ada]          gtk-type_conversion.adb
   [Ada]          gtkada-canvas.adb
   [Ada]          glib-main.adb
   [Ada]          gtkada-canvas_view-views.adb
   [Ada]          gtkada-canvas_view.adb
   [Ada]          glib-gslist.adb
   [Ada]          gtk-text_child.adb
gtkada-canvas.adb:28:06: warning: renamed predefined unit is an obsolescent feature (RM J.1) [-gnatwj]
gtkada-canvas.adb:77:04: warning: use clause for type "Gdk_Window" defined at gdk.ads:43 has no effect [-gnatwu]
   [Ada]          glib-generic_properties.adb
glib-generic_properties.adb:26:06: warning: renamed predefined unit is an obsolescent feature (RM J.1) [-gnatwj]
   [Ada]          glib-properties.adb
   [Ada]          gtkada-mdi.adb
   [Ada]          gdk-keyval.adb
gtk-text_child.ads:32:06: warning: unnecessary with of ancestor [-gnatwr]
   [Ada]          gdk-color.adb
   [Ada]          cairo-pattern.ads
   [Ada]          glib-messages.adb
   [Ada]          glib-unicode.adb
   [Ada]          gtkada-canvas_view-objects.adb
   [Ada]          gdk-threads.ads
   [Ada]          gdk-input.ads
   [Ada]          gtkada-printing.adb
   [Ada]          glib-key_file.adb
gtkada-printing.adb:26:06: warning: renamed predefined unit is an obsolescent feature (RM J.1) [-gnatwj]
   [Ada]          gdk-types-keysyms.ads
   [Ada]          cairo.adb
   [Ada]          fontconfig.adb
   [Ada]          gtkada-canvas_view-links.adb
   [Ada]          gdk-types.ads
   [Ada]          glib.adb
   [Ada]          glib-module.adb
   [Ada]          glib-properties-creation.adb
   [Ada]          gdk-dnd.adb
   [Ada]          gtkada-application.adb
gdk-dnd.adb:28:06: warning: unnecessary with of ancestor [-gnatwr]
   [Ada]          gtkada-canvas_view-rtrees.adb
   [Ada]          glib-graphs.adb
glib-graphs.adb:24:06: warning: renamed predefined unit is an obsolescent feature (RM J.1) [-gnatwj]
   [Ada]          glib-error.adb
   [Ada]          glib-types.adb
   [Ada]          gtkada-canvas_view-astar.adb
   [Ada]          pango-cairo.adb
   [Ada]          glib-object.adb
glib-object.adb:24:06: warning: renamed predefined unit is an obsolescent feature (RM J.1) [-gnatwj]
glib-object.adb:25:06: warning: renamed predefined unit is an obsolescent feature (RM J.1) [-gnatwj]
glib-object.adb:322:33: warning: aspect Unreferenced specified for "Ignored" [enabled by default]
   [Ada]          gtkada-abstract_tree_model.adb
   [Ada]          gdk-visual.adb
gdk-visual.ads:33:06: warning: renamed predefined unit is an obsolescent feature (RM J.1) [-gnatwj]
   [Ada]          cairo-font_face.ads
   [Ada]          gtk-dnd.adb
   [Ada]          gtkada-c.adb
   [Ada]          glib-xml.adb
glib-xml.adb:662:28: warning: aspect Unreferenced specified for "Success" [enabled by default]
glib-xml.ads:33:06: warning: renamed predefined unit is an obsolescent feature (RM J.1) [-gnatwj]
   [Ada]          gtkada-style.adb
gtkada-abstract_tree_model.adb:24:09: warning: unit "Ada.Unchecked_Conversion" is not referenced [-gnatwu]
   [Ada]          gtk-rc.adb
   [Ada]          glib-glist.adb
   [Ada]          gtk.ads
   [Ada]          gtkada-file_selection.adb
   [Ada]          glib-values.adb
   [Ada]          pango.ads
   [Ada]          gtkada.ads
   [Ada]          gdk-window_attr.adb
   [Ada]          glib-gnodes.adb
glib-gnodes.adb:25:06: warning: renamed predefined unit is an obsolescent feature (RM J.1) [-gnatwj]
   [Ada]          gtk-list_box_row.adb
   [Ada]          gtk-recent_chooser_dialog.adb
   [Ada]          gdk-frame_clock.adb
gtk-list_box_row.ads:40:80: (style) this line is too long: 82 [-gnatyM]
gtk-list_box_row.ads:41:80: (style) this line is too long: 82 [-gnatyM]
gtk-list_box_row.ads:42:80: (style) this line is too long: 85 [-gnatyM]
   [Ada]          gtk-menu_item.adb
gdk-frame_clock.ads:93:80: (style) this line is too long: 88 [-gnatyM]
   [Ada]          gtk-tool_shell.adb
gtk-recent_chooser_dialog.ads:73:80: (style) this line is too long: 83 [-gnatyM]
gtk-recent_chooser_dialog.ads:74:80: (style) this line is too long: 87 [-gnatyM]
gtk-recent_chooser_dialog.ads:157:80: (style) this line is too long: 106 [-gnatyM]
gtk-recent_chooser_dialog.ads:185:80: (style) this line is too long: 83 [-gnatyM]
gtk-recent_chooser_dialog.ads:281:80: (style) this line is too long: 83 [-gnatyM]
gtk-recent_chooser_dialog.ads:307:80: (style) this line is too long: 96 [-gnatyM]
gtk-recent_chooser_dialog.ads:318:80: (style) this line is too long: 106 [-gnatyM]
   [Ada]          gtk-cell_renderer_pixbuf.adb
gtk-tool_shell.ads:103:80: (style) this line is too long: 82 [-gnatyM]
gtk-tool_shell.ads:147:80: (style) this line is too long: 104 [-gnatyM]
gtk-tool_shell.ads:150:80: (style) this line is too long: 108 [-gnatyM]
gtk-tool_shell.ads:157:80: (style) this line is too long: 110 [-gnatyM]
gtk-tool_shell.ads:164:80: (style) this line is too long: 104 [-gnatyM]
gtk-tool_shell.ads:171:80: (style) this line is too long: 92 [-gnatyM]
gtk-tool_shell.ads:178:80: (style) this line is too long: 113 [-gnatyM]
gtk-tool_shell.ads:185:80: (style) this line is too long: 101 [-gnatyM]
gtk-tool_shell.ads:206:80: (style) this line is too long: 89 [-gnatyM]
gtk-tool_shell.ads:216:80: (style) this line is too long: 83 [-gnatyM]
gtk-tool_shell.ads:221:80: (style) this line is too long: 85 [-gnatyM]
gtk-tool_shell.ads:231:80: (style) this line is too long: 89 [-gnatyM]
gtk-tool_shell.ads:236:80: (style) this line is too long: 93 [-gnatyM]
gtk-tool_shell.ads:241:80: (style) this line is too long: 91 [-gnatyM]
gtk-tool_shell.ads:251:01: (style) incorrect layout [-gnatyl]
   [Ada]          gtk-icon_factory.adb
gtk-cell_renderer_pixbuf.ads:52:80: (style) this line is too long: 89 [-gnatyM]
gtk-cell_renderer_pixbuf.ads:53:80: (style) this line is too long: 85 [-gnatyM]
gtk-cell_renderer_pixbuf.ads:134:80: (style) this line is too long: 80 [-gnatyM]
   [Ada]          gtk-application.adb
   [Ada]          gtk-calendar.adb
gtk-menu_item.ads:356:80: (style) this line is too long: 102 [-gnatyM]
gtk-menu_item.ads:417:80: (style) this line is too long: 85 [-gnatyM]
gtk-menu_item.ads:436:80: (style) this line is too long: 83 [-gnatyM]
   [Ada]          gtk-recent_chooser.adb
   [Ada]          gtk-search_entry.adb
gtk-calendar.ads:101:80: (style) this line is too long: 102 [-gnatyM]
gtk-calendar.ads:235:80: (style) this line is too long: 81 [-gnatyM]
gtk-calendar.ads:320:80: (style) this line is too long: 100 [-gnatyM]
gtk-calendar.ads:337:80: (style) this line is too long: 95 [-gnatyM]
   [Ada]          gtk-grange.adb
gtk-recent_chooser.ads:74:80: (style) this line is too long: 86 [-gnatyM]
gtk-recent_chooser.ads:89:80: (style) this line is too long: 83 [-gnatyM]
gtk-recent_chooser.ads:252:80: (style) this line is too long: 83 [-gnatyM]
gtk-recent_chooser.ads:372:80: (style) this line is too long: 82 [-gnatyM]
gtk-recent_chooser.ads:380:80: (style) this line is too long: 92 [-gnatyM]
gtk-recent_chooser.ads:425:80: (style) this line is too long: 84 [-gnatyM]
gtk-recent_chooser.ads:446:01: (style) incorrect layout [-gnatyl]
   [Ada]          glib-g_icon.adb
gtk-application.ads:126:80: (style) this line is too long: 104 [-gnatyM]
gtk-application.ads:632:80: (style) this line is too long: 80 [-gnatyM]
   [Ada]          gtk-print_operation.adb
glib-g_icon.ads:59:06: warning: unnecessary with of ancestor [-gnatwr]
glib-g_icon.ads:144:01: (style) incorrect layout [-gnatyl]
   [Ada]          gtk-menu_shell.adb
gtk-search_entry.ads:197:80: (style) this line is too long: 86 [-gnatyM]
   [Ada]          gtk-info_bar.adb
gtk-grange.ads:75:80: (style) this line is too long: 80 [-gnatyM]
gtk-grange.ads:322:80: (style) this line is too long: 89 [-gnatyM]
gtk-grange.ads:338:80: (style) this line is too long: 89 [-gnatyM]
gtk-grange.ads:365:80: (style) this line is too long: 80 [-gnatyM]
gtk-grange.ads:399:06: (style) trailing spaces not permitted [-gnatyb]
gtk-grange.ads:426:80: (style) this line is too long: 94 [-gnatyM]
gtk-grange.ads:475:80: (style) this line is too long: 91 [-gnatyM]
gtk-grange.ads:481:80: (style) this line is too long: 81 [-gnatyM]
gtk-grange.ads:483:80: (style) this line is too long: 91 [-gnatyM]
   [Ada]          gtk-recent_info.adb
gtk-recent_info.ads:44:80: (style) this line is too long: 87 [-gnatyM]
gtk-recent_info.ads:188:80: (style) this line is too long: 86 [-gnatyM]
   [Ada]          gtk-symbolic_color.adb
gtk-menu_shell.ads:262:80: (style) this line is too long: 104 [-gnatyM]
gtk-menu_shell.ads:339:06: (style) trailing spaces not permitted [-gnatyb]
gtk-menu_shell.ads:344:80: (style) this line is too long: 83 [-gnatyM]
gtk-menu_shell.ads:385:06: (style) trailing spaces not permitted [-gnatyb]
gtk-menu_shell.ads:387:80: (style) this line is too long: 80 [-gnatyM]
   [Ada]          gdk-window.adb
gtk-symbolic_color.ads:51:80: (style) this line is too long: 93 [-gnatyM]
gtk-symbolic_color.ads:205:80: (style) this line is too long: 92 [-gnatyM]
   [Ada]          gdk-screen.adb
gtk-print_operation.ads:150:80: (style) this line is too long: 98 [-gnatyM]
gtk-print_operation.ads:154:80: (style) this line is too long: 98 [-gnatyM]
gtk-print_operation.ads:281:80: (style) this line is too long: 83 [-gnatyM]
gtk-print_operation.ads:641:80: (style) this line is too long: 82 [-gnatyM]
gtk-print_operation.ads:643:80: (style) this line is too long: 82 [-gnatyM]
gtk-print_operation.ads:647:80: (style) this line is too long: 82 [-gnatyM]
gtk-print_operation.ads:675:80: (style) this line is too long: 85 [-gnatyM]
gtk-print_operation.ads:696:06: (style) trailing spaces not permitted [-gnatyb]
gtk-print_operation.ads:709:80: (style) this line is too long: 83 [-gnatyM]
gtk-print_operation.ads:726:80: (style) this line is too long: 91 [-gnatyM]
gtk-print_operation.ads:755:80: (style) this line is too long: 87 [-gnatyM]
gtk-print_operation.ads:757:80: (style) this line is too long: 81 [-gnatyM]
gtk-print_operation.ads:762:80: (style) this line is too long: 81 [-gnatyM]
gtk-print_operation.ads:798:06: (style) trailing spaces not permitted [-gnatyb]
gtk-print_operation.ads:818:80: (style) this line is too long: 84 [-gnatyM]
gtk-print_operation.ads:820:80: (style) this line is too long: 81 [-gnatyM]
gtk-print_operation.ads:825:80: (style) this line is too long: 81 [-gnatyM]
gtk-print_operation.ads:850:06: (style) trailing spaces not permitted [-gnatyb]
gtk-print_operation.ads:856:80: (style) this line is too long: 123 [-gnatyM]
gtk-print_operation.ads:859:80: (style) this line is too long: 81 [-gnatyM]
gtk-print_operation.ads:863:80: (style) this line is too long: 111 [-gnatyM]
gtk-print_operation.ads:866:80: (style) this line is too long: 81 [-gnatyM]
gtk-print_operation.ads:873:80: (style) this line is too long: 103 [-gnatyM]
gtk-print_operation.ads:877:80: (style) this line is too long: 91 [-gnatyM]
gtk-print_operation.ads:896:06: (style) trailing spaces not permitted [-gnatyb]
gtk-print_operation.ads:898:80: (style) this line is too long: 83 [-gnatyM]
gtk-print_operation.ads:900:80: (style) this line is too long: 81 [-gnatyM]
gtk-print_operation.ads:901:80: (style) this line is too long: 81 [-gnatyM]
gtk-print_operation.ads:902:80: (style) this line is too long: 83 [-gnatyM]
gtk-print_operation.ads:904:80: (style) this line is too long: 102 [-gnatyM]
gtk-print_operation.ads:906:80: (style) this line is too long: 81 [-gnatyM]
gtk-print_operation.ads:910:80: (style) this line is too long: 90 [-gnatyM]
gtk-print_operation.ads:912:80: (style) this line is too long: 81 [-gnatyM]
gtk-print_operation.ads:916:80: (style) this line is too long: 81 [-gnatyM]
gtk-print_operation.ads:919:80: (style) this line is too long: 81 [-gnatyM]
gtk-print_operation.ads:929:06: (style) trailing spaces not permitted [-gnatyb]
gtk-print_operation.ads:957:80: (style) this line is too long: 109 [-gnatyM]
gtk-print_operation.ads:961:80: (style) this line is too long: 85 [-gnatyM]
gtk-print_operation.ads:963:80: (style) this line is too long: 97 [-gnatyM]
gtk-print_operation.ads:967:80: (style) this line is too long: 85 [-gnatyM]
gtk-print_operation.ads:969:80: (style) this line is too long: 85 [-gnatyM]
gtk-print_operation.ads:972:80: (style) this line is too long: 88 [-gnatyM]
gtk-print_operation.ads:982:06: (style) trailing spaces not permitted [-gnatyb]
gtk-print_operation.ads:996:80: (style) this line is too long: 112 [-gnatyM]
   [Ada]          gtk-cell_renderer_progress.adb
gdk-window.ads:28:06: warning: unnecessary with of ancestor [-gnatwr]
gdk-window.ads:288:80: (style) this line is too long: 90 [-gnatyM]
gdk-window.ads:326:80: (style) this line is too long: 98 [-gnatyM]
gdk-window.ads:334:80: (style) this line is too long: 86 [-gnatyM]
gdk-window.ads:350:80: (style) this line is too long: 84 [-gnatyM]
gdk-window.ads:591:80: (style) this line is too long: 94 [-gnatyM]
gdk-window.ads:607:80: (style) this line is too long: 82 [-gnatyM]
gdk-window.ads:643:80: (style) this line is too long: 96 [-gnatyM]
gdk-window.ads:679:80: (style) this line is too long: 108 [-gnatyM]
gdk-window.ads:734:80: (style) this line is too long: 82 [-gnatyM]
gdk-window.ads:743:80: (style) this line is too long: 82 [-gnatyM]
gdk-window.ads:930:80: (style) this line is too long: 82 [-gnatyM]
gdk-window.ads:1326:80: (style) this line is too long: 90 [-gnatyM]
gdk-window.ads:1480:80: (style) this line is too long: 86 [-gnatyM]
gdk-window.ads:1651:80: (style) this line is too long: 82 [-gnatyM]
gdk-window.ads:1971:80: (style) this line is too long: 104 [-gnatyM]
gdk-window.ads:2130:06: (style) trailing spaces not permitted [-gnatyb]
gdk-window.ads:2147:06: (style) trailing spaces not permitted [-gnatyb]
gdk-window.ads:2151:80: (style) this line is too long: 81 [-gnatyM]
gdk-window.ads:2153:80: (style) this line is too long: 81 [-gnatyM]
gdk-window.ads:2156:80: (style) this line is too long: 83 [-gnatyM]
gdk-window.ads:2163:06: (style) trailing spaces not permitted [-gnatyb]
gdk-window.ads:2181:06: (style) trailing spaces not permitted [-gnatyb]
   [Ada]          gtk-builder.adb
gtk-info_bar.ads:229:80: (style) this line is too long: 81 [-gnatyM]
gtk-info_bar.ads:242:80: (style) this line is too long: 100 [-gnatyM]
gtk-info_bar.ads:318:80: (style) this line is too long: 83 [-gnatyM]
   [Ada]          gtk-cell_area.adb
gdk-screen.ads:42:06: warning: unnecessary with of ancestor [-gnatwr]
gdk-screen.ads:372:43: (style) space required [-gnatyt]
gdk-screen.ads:381:80: (style) this line is too long: 81 [-gnatyM]
   [Ada]          gtk-color_chooser.adb
   [Ada]          gtk-style_context.adb
gtk-cell_renderer_progress.ads:44:80: (style) this line is too long: 91 [-gnatyM]
gtk-cell_renderer_progress.ads:45:80: (style) this line is too long: 89 [-gnatyM]
gtk-cell_renderer_progress.ads:124:80: (style) this line is too long: 100 [-gnatyM]
   [Ada]          gtk-orientable.adb
gtk-orientable.ads:95:01: (style) incorrect layout [-gnatyl]
   [Ada]          gtk-dialog.adb
gtk-color_chooser.ads:197:80: (style) this line is too long: 106 [-gnatyM]
gtk-color_chooser.ads:200:80: (style) this line is too long: 103 [-gnatyM]
gtk-color_chooser.ads:206:80: (style) this line is too long: 99 [-gnatyM]
gtk-color_chooser.ads:222:80: (style) this line is too long: 86 [-gnatyM]
gtk-color_chooser.ads:241:01: (style) incorrect layout [-gnatyl]
   [Ada]          gtk-text_tag.adb
gtk-cell_area.ads:306:80: (style) this line is too long: 82 [-gnatyM]
gtk-cell_area.ads:313:80: (style) this line is too long: 89 [-gnatyM]
gtk-cell_area.ads:327:80: (style) this line is too long: 85 [-gnatyM]
gtk-cell_area.ads:351:80: (style) this line is too long: 92 [-gnatyM]
gtk-cell_area.ads:373:80: (style) this line is too long: 84 [-gnatyM]
gtk-cell_area.ads:391:80: (style) this line is too long: 84 [-gnatyM]
gtk-cell_area.ads:398:80: (style) this line is too long: 83 [-gnatyM]
gtk-cell_area.ads:399:80: (style) this line is too long: 84 [-gnatyM]
gtk-cell_area.ads:428:80: (style) this line is too long: 84 [-gnatyM]
gtk-cell_area.ads:442:80: (style) this line is too long: 84 [-gnatyM]
gtk-cell_area.ads:453:80: (style) this line is too long: 84 [-gnatyM]
gtk-cell_area.ads:463:80: (style) this line is too long: 88 [-gnatyM]
gtk-cell_area.ads:474:80: (style) this line is too long: 88 [-gnatyM]
gtk-cell_area.ads:485:80: (style) this line is too long: 90 [-gnatyM]
gtk-cell_area.ads:513:80: (style) this line is too long: 92 [-gnatyM]
gtk-cell_area.ads:554:80: (style) this line is too long: 85 [-gnatyM]
gtk-cell_area.ads:557:80: (style) this line is too long: 80 [-gnatyM]
gtk-cell_area.ads:562:80: (style) this line is too long: 83 [-gnatyM]
gtk-cell_area.ads:575:80: (style) this line is too long: 98 [-gnatyM]
gtk-cell_area.ads:597:80: (style) this line is too long: 92 [-gnatyM]
gtk-cell_area.ads:612:80: (style) this line is too long: 85 [-gnatyM]
gtk-cell_area.ads:613:80: (style) this line is too long: 101 [-gnatyM]
gtk-cell_area.ads:635:80: (style) this line is too long: 93 [-gnatyM]
gtk-cell_area.ads:637:80: (style) this line is too long: 85 [-gnatyM]
gtk-cell_area.ads:681:80: (style) this line is too long: 84 [-gnatyM]
gtk-cell_area.ads:692:80: (style) this line is too long: 83 [-gnatyM]
gtk-cell_area.ads:705:80: (style) this line is too long: 83 [-gnatyM]
gtk-cell_area.ads:714:80: (style) this line is too long: 97 [-gnatyM]
gtk-cell_area.ads:733:80: (style) this line is too long: 97 [-gnatyM]
gtk-cell_area.ads:760:80: (style) this line is too long: 96 [-gnatyM]
gtk-cell_area.ads:779:80: (style) this line is too long: 96 [-gnatyM]
gtk-cell_area.ads:813:80: (style) this line is too long: 83 [-gnatyM]
gtk-cell_area.ads:842:80: (style) this line is too long: 83 [-gnatyM]
gtk-cell_area.ads:843:80: (style) this line is too long: 83 [-gnatyM]
gtk-cell_area.ads:855:80: (style) this line is too long: 84 [-gnatyM]
gtk-cell_area.ads:862:80: (style) this line is too long: 83 [-gnatyM]
gtk-cell_area.ads:863:80: (style) this line is too long: 84 [-gnatyM]
gtk-cell_area.ads:874:80: (style) this line is too long: 98 [-gnatyM]
gtk-cell_area.ads:898:80: (style) this line is too long: 87 [-gnatyM]
gtk-cell_area.ads:931:80: (style) this line is too long: 86 [-gnatyM]
gtk-cell_area.ads:949:80: (style) this line is too long: 88 [-gnatyM]
gtk-cell_area.ads:953:80: (style) this line is too long: 81 [-gnatyM]
gtk-cell_area.ads:963:80: (style) this line is too long: 81 [-gnatyM]
gtk-cell_area.ads:964:80: (style) this line is too long: 89 [-gnatyM]
gtk-cell_area.ads:1004:80: (style) this line is too long: 83 [-gnatyM]
gtk-cell_area.ads:1034:80: (style) this line is too long: 86 [-gnatyM]
gtk-cell_area.ads:1042:80: (style) this line is too long: 87 [-gnatyM]
gtk-cell_area.ads:1050:80: (style) this line is too long: 86 [-gnatyM]
gtk-cell_area.ads:1055:80: (style) this line is too long: 86 [-gnatyM]
gtk-cell_area.ads:1060:80: (style) this line is too long: 86 [-gnatyM]
gtk-cell_area.ads:1091:80: (style) this line is too long: 126 [-gnatyM]
gtk-cell_area.ads:1093:80: (style) this line is too long: 83 [-gnatyM]
gtk-cell_area.ads:1098:80: (style) this line is too long: 120 [-gnatyM]
gtk-cell_area.ads:1100:80: (style) this line is too long: 83 [-gnatyM]
gtk-cell_area.ads:1108:80: (style) this line is too long: 105 [-gnatyM]
gtk-cell_area.ads:1112:80: (style) this line is too long: 99 [-gnatyM]
gtk-cell_area.ads:1117:06: (style) trailing spaces not permitted [-gnatyb]
gtk-cell_area.ads:1119:80: (style) this line is too long: 81 [-gnatyM]
gtk-cell_area.ads:1123:80: (style) this line is too long: 83 [-gnatyM]
gtk-cell_area.ads:1124:80: (style) this line is too long: 84 [-gnatyM]
gtk-cell_area.ads:1127:80: (style) this line is too long: 103 [-gnatyM]
gtk-cell_area.ads:1134:80: (style) this line is too long: 97 [-gnatyM]
gtk-cell_area.ads:1144:80: (style) this line is too long: 82 [-gnatyM]
gtk-cell_area.ads:1152:06: (style) trailing spaces not permitted [-gnatyb]
gtk-cell_area.ads:1154:80: (style) this line is too long: 84 [-gnatyM]
gtk-cell_area.ads:1155:80: (style) this line is too long: 83 [-gnatyM]
gtk-cell_area.ads:1158:80: (style) this line is too long: 81 [-gnatyM]
gtk-cell_area.ads:1161:80: (style) this line is too long: 88 [-gnatyM]
gtk-cell_area.ads:1163:80: (style) this line is too long: 82 [-gnatyM]
gtk-cell_area.ads:1166:80: (style) this line is too long: 82 [-gnatyM]
gtk-cell_area.ads:1168:80: (style) this line is too long: 82 [-gnatyM]
gtk-cell_area.ads:1187:06: (style) trailing spaces not permitted [-gnatyb]
gtk-cell_area.ads:1190:80: (style) this line is too long: 81 [-gnatyM]
gtk-cell_area.ads:1192:80: (style) this line is too long: 94 [-gnatyM]
gtk-cell_area.ads:1194:80: (style) this line is too long: 82 [-gnatyM]
gtk-cell_area.ads:1197:80: (style) this line is too long: 88 [-gnatyM]
gtk-cell_area.ads:1199:80: (style) this line is too long: 82 [-gnatyM]
gtk-cell_area.ads:1214:06: (style) trailing spaces not permitted [-gnatyb]
gtk-cell_area.ads:1218:80: (style) this line is too long: 81 [-gnatyM]
   [Ada]          gtk-frame.adb
gtk-text_tag.ads:133:80: (style) this line is too long: 83 [-gnatyM]
gtk-text_tag.ads:222:80: (style) this line is too long: 81 [-gnatyM]
gtk-text_tag.ads:306:06: (style) trailing spaces not permitted [-gnatyb]
gtk-text_tag.ads:314:07: (style) space required [-gnatyc]
gtk-text_tag.ads:367:80: (style) this line is too long: 81 [-gnatyM]
gtk-text_tag.ads:371:80: (style) this line is too long: 81 [-gnatyM]
gtk-text_tag.ads:375:80: (style) this line is too long: 81 [-gnatyM]
gtk-text_tag.ads:379:80: (style) this line is too long: 83 [-gnatyM]
gtk-text_tag.ads:437:80: (style) this line is too long: 85 [-gnatyM]
gtk-text_tag.ads:439:80: (style) this line is too long: 81 [-gnatyM]
   [Ada]          gtk-cell_renderer_toggle.adb
gtk-style_context.ads:299:80: (style) this line is too long: 83 [-gnatyM]
   [Ada]          glib-menu.adb
gtk-dialog.ads:439:80: (style) this line is too long: 96 [-gnatyM]
   [Ada]          gtk-toggle_button.adb
   [Ada]          gtk-print_context.adb
glib-menu.ads:37:06: warning: unnecessary with of ancestor [-gnatwr]
   [Ada]          gtk-layout.adb
   [Ada]          gtk-list_box.adb
gtk-cell_renderer_toggle.ads:41:80: (style) this line is too long: 89 [-gnatyM]
gtk-cell_renderer_toggle.ads:42:80: (style) this line is too long: 85 [-gnatyM]
gtk-cell_renderer_toggle.ads:140:80: (style) this line is too long: 81 [-gnatyM]
   [Ada]          gtk-fixed.adb
   [Ada]          gtk-tool_item.adb
gtk-toggle_button.ads:310:80: (style) this line is too long: 82 [-gnatyM]
gtk-toggle_button.ads:321:80: (style) this line is too long: 84 [-gnatyM]
gtk-toggle_button.ads:332:80: (style) this line is too long: 80 [-gnatyM]
   [Ada]          gtk-switch.adb
   [Ada]          gtk-font_button.adb
gtk-list_box.ads:288:80: (style) this line is too long: 84 [-gnatyM]
gtk-list_box.ads:290:80: (style) this line is too long: 80 [-gnatyM]
gtk-list_box.ads:329:80: (style) this line is too long: 84 [-gnatyM]
gtk-list_box.ads:385:80: (style) this line is too long: 84 [-gnatyM]
gtk-list_box.ads:388:80: (style) this line is too long: 81 [-gnatyM]
gtk-list_box.ads:389:80: (style) this line is too long: 82 [-gnatyM]
gtk-list_box.ads:390:80: (style) this line is too long: 81 [-gnatyM]
gtk-list_box.ads:398:80: (style) this line is too long: 81 [-gnatyM]
gtk-list_box.ads:452:80: (style) this line is too long: 84 [-gnatyM]
gtk-list_box.ads:453:80: (style) this line is too long: 84 [-gnatyM]
gtk-list_box.ads:494:80: (style) this line is too long: 81 [-gnatyM]
gtk-list_box.ads:502:80: (style) this line is too long: 100 [-gnatyM]
gtk-list_box.ads:507:80: (style) this line is too long: 83 [-gnatyM]
gtk-list_box.ads:518:80: (style) this line is too long: 80 [-gnatyM]
gtk-list_box.ads:538:06: (style) trailing spaces not permitted [-gnatyb]
gtk-list_box.ads:595:80: (style) this line is too long: 87 [-gnatyM]
gtk-list_box.ads:656:80: (style) this line is too long: 83 [-gnatyM]
   [Ada]          gtk-message_dialog.adb
gtk-tool_item.ads:174:80: (style) this line is too long: 80 [-gnatyM]
gtk-tool_item.ads:407:06: (style) trailing spaces not permitted [-gnatyb]
gtk-tool_item.ads:411:80: (style) this line is too long: 102 [-gnatyM]
gtk-tool_item.ads:416:80: (style) this line is too long: 85 [-gnatyM]
   [Ada]          gtk-file_chooser_button.adb
gtk-switch.ads:173:80: (style) this line is too long: 96 [-gnatyM]
gtk-switch.ads:224:06: (style) trailing spaces not permitted [-gnatyb]
   [Ada]          glib-option.adb
gtk-font_button.ads:58:80: (style) this line is too long: 80 [-gnatyM]
gtk-font_button.ads:205:80: (style) this line is too long: 83 [-gnatyM]
gtk-font_button.ads:208:80: (style) this line is too long: 80 [-gnatyM]
gtk-font_button.ads:216:80: (style) this line is too long: 83 [-gnatyM]
gtk-font_button.ads:405:80: (style) this line is too long: 80 [-gnatyM]
gtk-font_button.ads:427:80: (style) this line is too long: 82 [-gnatyM]
   [Ada]          gtk-stack.adb
glib-option.ads:32:06: warning: unnecessary with of ancestor [-gnatwr]
glib-option.ads:45:80: (style) this line is too long: 87 [-gnatyM]
glib-option.ads:119:80: (style) this line is too long: 82 [-gnatyM]
glib-option.ads:284:80: (style) this line is too long: 81 [-gnatyM]
glib-option.ads:331:80: (style) this line is too long: 93 [-gnatyM]
glib-option.ads:340:52: (style) space required [-gnatyt]
glib-option.ads:343:80: (style) this line is too long: 80 [-gnatyM]
glib-option.ads:372:80: (style) this line is too long: 86 [-gnatyM]
glib-option.ads:376:56: (style) space required [-gnatyt]
glib-option.ads:379:01: (style) trailing spaces not permitted [-gnatyb]
   [Ada]          gtk-recent_filter.adb
gtk-message_dialog.ads:316:80: (style) this line is too long: 81 [-gnatyM]
gtk-message_dialog.ads:343:80: (style) this line is too long: 82 [-gnatyM]
gtk-message_dialog.ads:362:80: (style) this line is too long: 83 [-gnatyM]
   [Ada]          gtk-status_icon.adb
gtk-recent_filter.ads:102:80: (style) this line is too long: 95 [-gnatyM]
gtk-recent_filter.ads:107:80: (style) this line is too long: 84 [-gnatyM]
gtk-recent_filter.ads:108:80: (style) this line is too long: 84 [-gnatyM]
gtk-recent_filter.ads:109:80: (style) this line is too long: 93 [-gnatyM]
gtk-recent_filter.ads:115:80: (style) this line is too long: 104 [-gnatyM]
gtk-recent_filter.ads:128:80: (style) this line is too long: 92 [-gnatyM]
gtk-recent_filter.ads:217:80: (style) this line is too long: 90 [-gnatyM]
gtk-recent_filter.ads:315:80: (style) this line is too long: 80 [-gnatyM]
   [Ada]          glib-spawn.adb
   [Ada]          gtk-print_settings.adb
gtk-stack.ads:86:80: (style) this line is too long: 96 [-gnatyM]
gtk-stack.ads:252:80: (style) this line is too long: 84 [-gnatyM]
gtk-stack.ads:283:80: (style) this line is too long: 86 [-gnatyM]
   [Ada]          gtk-radio_action.adb
gtk-file_chooser_button.ads:70:80: (style) this line is too long: 83 [-gnatyM]
gtk-file_chooser_button.ads:250:80: (style) this line is too long: 82 [-gnatyM]
gtk-file_chooser_button.ads:462:80: (style) this line is too long: 92 [-gnatyM]
gtk-file_chooser_button.ads:473:80: (style) this line is too long: 98 [-gnatyM]
gtk-file_chooser_button.ads:484:80: (style) this line is too long: 94 [-gnatyM]
   [Ada]          gtk-overlay.adb
gtk-print_settings.ads:57:80: (style) this line is too long: 82 [-gnatyM]
gtk-print_settings.ads:65:80: (style) this line is too long: 93 [-gnatyM]
gtk-print_settings.ads:171:80: (style) this line is too long: 89 [-gnatyM]
   [Ada]          gtk-scrollable.adb
gtk-scrollable.ads:177:80: (style) this line is too long: 81 [-gnatyM]
gtk-scrollable.ads:181:80: (style) this line is too long: 81 [-gnatyM]
gtk-scrollable.ads:186:01: (style) incorrect layout [-gnatyl]
   [Ada]          gtk-ui_manager.adb
gtk-status_icon.ads:40:80: (style) this line is too long: 83 [-gnatyM]
gtk-status_icon.ads:623:80: (style) this line is too long: 81 [-gnatyM]
gtk-status_icon.ads:638:06: (style) trailing spaces not permitted [-gnatyb]
gtk-status_icon.ads:640:80: (style) this line is too long: 80 [-gnatyM]
gtk-status_icon.ads:642:07: (style) space required [-gnatyc]
gtk-status_icon.ads:644:80: (style) this line is too long: 85 [-gnatyM]
gtk-status_icon.ads:659:06: (style) trailing spaces not permitted [-gnatyb]
gtk-status_icon.ads:661:80: (style) this line is too long: 80 [-gnatyM]
gtk-status_icon.ads:663:07: (style) space required [-gnatyc]
gtk-status_icon.ads:694:06: (style) trailing spaces not permitted [-gnatyb]
gtk-status_icon.ads:698:80: (style) this line is too long: 82 [-gnatyM]
gtk-status_icon.ads:701:80: (style) this line is too long: 92 [-gnatyM]
gtk-status_icon.ads:709:80: (style) this line is too long: 84 [-gnatyM]
gtk-status_icon.ads:742:06: (style) trailing spaces not permitted [-gnatyb]
gtk-status_icon.ads:744:80: (style) this line is too long: 84 [-gnatyM]
gtk-status_icon.ads:746:80: (style) this line is too long: 84 [-gnatyM]
gtk-status_icon.ads:748:80: (style) this line is too long: 80 [-gnatyM]
gtk-status_icon.ads:750:80: (style) this line is too long: 80 [-gnatyM]
gtk-status_icon.ads:775:06: (style) trailing spaces not permitted [-gnatyb]
gtk-status_icon.ads:777:80: (style) this line is too long: 80 [-gnatyM]
gtk-status_icon.ads:778:80: (style) this line is too long: 82 [-gnatyM]
gtk-status_icon.ads:801:06: (style) trailing spaces not permitted [-gnatyb]
gtk-status_icon.ads:805:07: (style) space required [-gnatyc]
   [Ada]          gtk-stack_switcher.adb
gtk-overlay.ads:98:80: (style) this line is too long: 83 [-gnatyM]
gtk-overlay.ads:110:80: (style) this line is too long: 81 [-gnatyM]
gtk-overlay.ads:131:06: (style) trailing spaces not permitted [-gnatyb]
   [Ada]          gtk-text_tag_table.adb
gtk-radio_action.ads:44:80: (style) this line is too long: 81 [-gnatyM]
   [Ada]          gtk-tool_item_group.adb
gtk-stack_switcher.ads:124:80: (style) this line is too long: 82 [-gnatyM]
gtk-stack_switcher.ads:135:80: (style) this line is too long: 84 [-gnatyM]
   [Ada]          gtk-enums.adb
gtk-tool_item_group.ads:46:80: (style) this line is too long: 80 [-gnatyM]
gtk-tool_item_group.ads:263:80: (style) this line is too long: 84 [-gnatyM]
gtk-tool_item_group.ads:274:80: (style) this line is too long: 86 [-gnatyM]
   [Ada]          gtk-tool_palette.adb
gtk-ui_manager.ads:241:80: (style) this line is too long: 80 [-gnatyM]
gtk-ui_manager.ads:429:80: (style) this line is too long: 85 [-gnatyM]
gtk-ui_manager.ads:452:80: (style) this line is too long: 86 [-gnatyM]
gtk-ui_manager.ads:488:80: (style) this line is too long: 104 [-gnatyM]
gtk-ui_manager.ads:528:80: (style) this line is too long: 81 [-gnatyM]
gtk-ui_manager.ads:554:06: (style) trailing spaces not permitted [-gnatyb]
gtk-ui_manager.ads:571:06: (style) trailing spaces not permitted [-gnatyb]
   [Ada]          gtk-selection_data.adb
gtk-text_tag_table.ads:113:80: (style) this line is too long: 85 [-gnatyM]
gtk-text_tag_table.ads:166:80: (style) this line is too long: 84 [-gnatyM]
gtk-text_tag_table.ads:186:06: (style) trailing spaces not permitted [-gnatyb]
gtk-text_tag_table.ads:210:80: (style) this line is too long: 82 [-gnatyM]
   [Ada]          gtk-cell_renderer.adb
gtk-selection_data.ads:38:80: (style) this line is too long: 93 [-gnatyM]
gtk-selection_data.ads:215:80: (style) this line is too long: 92 [-gnatyM]
   [Ada]          glib-cancellable.adb
gtk-enums.adb:38:04: warning: possible aliasing problem for type "Chars_Ptr" [enabled by default]
gtk-enums.adb:38:04: warning: use -fno-strict-aliasing switch for references [enabled by default]
gtk-enums.adb:38:04: warning: or use "pragma No_Strict_Aliasing (Chars_Ptr);" [enabled by default]
gtk-enums.ads:643:80: (style) this line is too long: 82 [-gnatyM]
gtk-enums.ads:647:80: (style) this line is too long: 86 [-gnatyM]
gtk-enums.ads:659:80: (style) this line is too long: 82 [-gnatyM]
gtk-enums.ads:667:80: (style) this line is too long: 82 [-gnatyM]
gtk-enums.ads:675:80: (style) this line is too long: 82 [-gnatyM]
gtk-enums.ads:679:80: (style) this line is too long: 88 [-gnatyM]
gtk-enums.ads:683:80: (style) this line is too long: 80 [-gnatyM]
gtk-enums.ads:687:80: (style) this line is too long: 92 [-gnatyM]
gtk-enums.ads:691:80: (style) this line is too long: 80 [-gnatyM]
gtk-enums.ads:699:80: (style) this line is too long: 80 [-gnatyM]
gtk-enums.ads:703:80: (style) this line is too long: 86 [-gnatyM]
gtk-enums.ads:711:80: (style) this line is too long: 82 [-gnatyM]
gtk-enums.ads:719:80: (style) this line is too long: 86 [-gnatyM]
gtk-enums.ads:727:80: (style) this line is too long: 80 [-gnatyM]
gtk-enums.ads:731:80: (style) this line is too long: 88 [-gnatyM]
gtk-enums.ads:735:80: (style) this line is too long: 94 [-gnatyM]
gtk-enums.ads:739:80: (style) this line is too long: 82 [-gnatyM]
gtk-enums.ads:743:80: (style) this line is too long: 90 [-gnatyM]
gtk-enums.ads:755:80: (style) this line is too long: 80 [-gnatyM]
gtk-enums.ads:767:80: (style) this line is too long: 80 [-gnatyM]
gtk-enums.ads:791:80: (style) this line is too long: 88 [-gnatyM]
gtk-enums.ads:795:80: (style) this line is too long: 82 [-gnatyM]
gtk-enums.ads:799:80: (style) this line is too long: 86 [-gnatyM]
gtk-enums.ads:807:80: (style) this line is too long: 88 [-gnatyM]
gtk-enums.ads:827:80: (style) this line is too long: 82 [-gnatyM]
gtk-enums.ads:831:80: (style) this line is too long: 86 [-gnatyM]
gtk-enums.ads:835:80: (style) this line is too long: 94 [-gnatyM]
gtk-enums.ads:839:80: (style) this line is too long: 92 [-gnatyM]
gtk-enums.ads:843:80: (style) this line is too long: 80 [-gnatyM]
gtk-enums.ads:851:80: (style) this line is too long: 84 [-gnatyM]
   [Ada]          gtk-radio_menu_item.adb
gtk-tool_palette.ads:124:80: (style) this line is too long: 80 [-gnatyM]
gtk-tool_palette.ads:128:80: (style) this line is too long: 104 [-gnatyM]
gtk-tool_palette.ads:201:80: (style) this line is too long: 84 [-gnatyM]
gtk-tool_palette.ads:211:80: (style) this line is too long: 88 [-gnatyM]
gtk-tool_palette.ads:222:80: (style) this line is too long: 84 [-gnatyM]
gtk-tool_palette.ads:232:80: (style) this line is too long: 85 [-gnatyM]
gtk-tool_palette.ads:242:80: (style) this line is too long: 84 [-gnatyM]
gtk-tool_palette.ads:251:80: (style) this line is too long: 87 [-gnatyM]
gtk-tool_palette.ads:416:80: (style) this line is too long: 80 [-gnatyM]
gtk-tool_palette.ads:427:80: (style) this line is too long: 80 [-gnatyM]
   [Ada]          gtk-font_selection.adb
glib-cancellable.ads:31:06: warning: unnecessary with of ancestor [-gnatwr]
glib-cancellable.ads:133:80: (style) this line is too long: 81 [-gnatyM]
glib-cancellable.ads:134:80: (style) this line is too long: 82 [-gnatyM]
glib-cancellable.ads:135:80: (style) this line is too long: 81 [-gnatyM]
glib-cancellable.ads:136:80: (style) this line is too long: 81 [-gnatyM]
glib-cancellable.ads:140:80: (style) this line is too long: 89 [-gnatyM]
glib-cancellable.ads:255:80: (style) this line is too long: 100 [-gnatyM]
   [Ada]          pango-context.adb
gtk-cell_renderer.ads:104:80: (style) this line is too long: 84 [-gnatyM]
gtk-cell_renderer.ads:105:80: (style) this line is too long: 84 [-gnatyM]
gtk-cell_renderer.ads:106:80: (style) this line is too long: 88 [-gnatyM]
gtk-cell_renderer.ads:114:80: (style) this line is too long: 92 [-gnatyM]
gtk-cell_renderer.ads:118:80: (style) this line is too long: 90 [-gnatyM]
gtk-cell_renderer.ads:482:80: (style) this line is too long: 92 [-gnatyM]
gtk-cell_renderer.ads:487:80: (style) this line is too long: 82 [-gnatyM]
gtk-cell_renderer.ads:515:06: (style) trailing spaces not permitted [-gnatyb]
gtk-cell_renderer.ads:535:80: (style) this line is too long: 80 [-gnatyM]
   [Ada]          gtk-color_selection.adb
gtk-font_selection.ads:207:80: (style) this line is too long: 82 [-gnatyM]
gtk-font_selection.ads:218:80: (style) this line is too long: 84 [-gnatyM]
   [Ada]          gtk-level_bar.adb
   [Ada]          gtk-page_setup.adb
   [Ada]          gtk-scale.adb
gtk-radio_menu_item.ads:61:80: (style) this line is too long: 86 [-gnatyM]
gtk-radio_menu_item.ads:246:80: (style) this line is too long: 86 [-gnatyM]
gtk-radio_menu_item.ads:257:80: (style) this line is too long: 88 [-gnatyM]
gtk-radio_menu_item.ads:268:80: (style) this line is too long: 84 [-gnatyM]
   [Ada]          gtk-combo_box.adb
gtk-color_selection.ads:203:33: (style) space required [-gnatyt]
gtk-color_selection.ads:306:80: (style) this line is too long: 84 [-gnatyM]
gtk-color_selection.ads:317:80: (style) this line is too long: 86 [-gnatyM]
   [Ada]          gtk-target_list.adb
   [Ada]          gtk-gesture_multi_press.adb
gtk-target_list.ads:42:80: (style) this line is too long: 87 [-gnatyM]
gtk-target_list.ads:158:80: (style) this line is too long: 86 [-gnatyM]
   [Ada]          glib-action.adb
glib-action.ads:56:06: warning: unnecessary with of ancestor [-gnatwr]
glib-action.ads:61:16: (style) space required [-gnatyt]
glib-action.ads:63:16: (style) space required [-gnatyt]
glib-action.ads:238:80: (style) this line is too long: 90 [-gnatyM]
glib-action.ads:248:80: (style) this line is too long: 90 [-gnatyM]
glib-action.ads:260:80: (style) this line is too long: 85 [-gnatyM]
glib-action.ads:267:80: (style) this line is too long: 91 [-gnatyM]
glib-action.ads:272:80: (style) this line is too long: 105 [-gnatyM]
glib-action.ads:283:80: (style) this line is too long: 84 [-gnatyM]
glib-action.ads:293:80: (style) this line is too long: 89 [-gnatyM]
glib-action.ads:311:80: (style) this line is too long: 101 [-gnatyM]
glib-action.ads:350:80: (style) this line is too long: 85 [-gnatyM]
glib-action.ads:380:01: (style) incorrect layout [-gnatyl]
   [Ada]          gtk-widget.adb
gtk-scale.ads:429:06: (style) trailing spaces not permitted [-gnatyb]
   [Ada]          gtk-css_provider.adb
gtk-gesture_multi_press.ads:48:80: (style) this line is too long: 89 [-gnatyM]
gtk-gesture_multi_press.ads:49:80: (style) this line is too long: 83 [-gnatyM]
gtk-gesture_multi_press.ads:110:80: (style) this line is too long: 89 [-gnatyM]
gtk-gesture_multi_press.ads:133:06: (style) trailing spaces not permitted [-gnatyb]
gtk-gesture_multi_press.ads:154:06: (style) trailing spaces not permitted [-gnatyb]
   [Ada]          gtk-alignment.adb
gtk-css_provider.ads:913:06: (style) trailing spaces not permitted [-gnatyb]
gtk-css_provider.ads:926:80: (style) this line is too long: 88 [-gnatyM]
   [Ada]          gtk-adjustment.adb
gtk-combo_box.ads:89:80: (style) this line is too long: 85 [-gnatyM]
gtk-combo_box.ads:480:80: (style) this line is too long: 81 [-gnatyM]
gtk-combo_box.ads:481:80: (style) this line is too long: 81 [-gnatyM]
gtk-combo_box.ads:503:80: (style) this line is too long: 86 [-gnatyM]
gtk-combo_box.ads:521:80: (style) this line is too long: 88 [-gnatyM]
gtk-combo_box.ads:525:80: (style) this line is too long: 81 [-gnatyM]
gtk-combo_box.ads:535:80: (style) this line is too long: 81 [-gnatyM]
gtk-combo_box.ads:536:80: (style) this line is too long: 89 [-gnatyM]
gtk-combo_box.ads:584:80: (style) this line is too long: 86 [-gnatyM]
gtk-combo_box.ads:592:80: (style) this line is too long: 87 [-gnatyM]
gtk-combo_box.ads:600:80: (style) this line is too long: 86 [-gnatyM]
gtk-combo_box.ads:605:80: (style) this line is too long: 86 [-gnatyM]
gtk-combo_box.ads:610:80: (style) this line is too long: 86 [-gnatyM]
gtk-combo_box.ads:635:80: (style) this line is too long: 82 [-gnatyM]
gtk-combo_box.ads:706:80: (style) this line is too long: 102 [-gnatyM]
gtk-combo_box.ads:765:06: (style) trailing spaces not permitted [-gnatyb]
gtk-combo_box.ads:767:80: (style) this line is too long: 81 [-gnatyM]
gtk-combo_box.ads:770:07: (style) space required [-gnatyc]
gtk-combo_box.ads:853:80: (style) this line is too long: 80 [-gnatyM]
gtk-combo_box.ads:901:80: (style) this line is too long: 84 [-gnatyM]
   [Ada]          gtk-main.adb
   [Ada]          gtk-tree_view_column.adb
   [Ada]          pango-font_face.adb
   [Ada]          gtk-arrow.adb
gtk-adjustment.ads:320:80: (style) this line is too long: 104 [-gnatyM]
   [Ada]          gtk-flow_box_child.adb
   [Ada]          gtk-tooltip.adb
   [Ada]          gtk-vbutton_box.adb
gtk-tree_view_column.ads:66:80: (style) this line is too long: 90 [-gnatyM]
gtk-tree_view_column.ads:67:80: (style) this line is too long: 90 [-gnatyM]
gtk-tree_view_column.ads:68:80: (style) this line is too long: 87 [-gnatyM]
gtk-tree_view_column.ads:76:80: (style) this line is too long: 85 [-gnatyM]
gtk-tree_view_column.ads:93:80: (style) this line is too long: 100 [-gnatyM]
gtk-tree_view_column.ads:141:80: (style) this line is too long: 88 [-gnatyM]
gtk-tree_view_column.ads:201:80: (style) this line is too long: 87 [-gnatyM]
gtk-tree_view_column.ads:469:80: (style) this line is too long: 86 [-gnatyM]
gtk-tree_view_column.ads:487:80: (style) this line is too long: 88 [-gnatyM]
gtk-tree_view_column.ads:491:80: (style) this line is too long: 81 [-gnatyM]
gtk-tree_view_column.ads:501:80: (style) this line is too long: 95 [-gnatyM]
gtk-tree_view_column.ads:502:80: (style) this line is too long: 89 [-gnatyM]
gtk-tree_view_column.ads:526:80: (style) this line is too long: 86 [-gnatyM]
gtk-tree_view_column.ads:535:80: (style) this line is too long: 87 [-gnatyM]
gtk-tree_view_column.ads:543:80: (style) this line is too long: 86 [-gnatyM]
gtk-tree_view_column.ads:548:80: (style) this line is too long: 86 [-gnatyM]
gtk-tree_view_column.ads:553:80: (style) this line is too long: 86 [-gnatyM]
gtk-tree_view_column.ads:587:80: (style) this line is too long: 88 [-gnatyM]
gtk-tree_view_column.ads:643:80: (style) this line is too long: 86 [-gnatyM]
gtk-tree_view_column.ads:654:80: (style) this line is too long: 90 [-gnatyM]
gtk-tree_view_column.ads:683:80: (style) this line is too long: 90 [-gnatyM]
   [Ada]          gdk-device.adb
gtk-flow_box_child.ads:126:80: (style) this line is too long: 82 [-gnatyM]
   [Ada]          glib-iochannel.adb
   [Ada]          gtk-tearoff_menu_item.adb
glib-iochannel.ads:33:06: warning: unnecessary with of ancestor [-gnatwr]
glib-iochannel.ads:149:80: (style) this line is too long: 87 [-gnatyM]
glib-iochannel.ads:233:80: (style) this line is too long: 80 [-gnatyM]
   [Ada]          gtk-tree_model_filter.adb
gdk-device.ads:35:06: warning: unnecessary with of ancestor [-gnatwr]
   [Ada]          gtk-im_context_simple.adb
gtk-im_context_simple.ads:31:80: (style) this line is too long: 83 [-gnatyM]
   [Ada]          gtk-revealer.adb
gtk-tearoff_menu_item.ads:56:80: (style) this line is too long: 82 [-gnatyM]
gtk-tearoff_menu_item.ads:144:80: (style) this line is too long: 90 [-gnatyM]
gtk-tearoff_menu_item.ads:155:80: (style) this line is too long: 92 [-gnatyM]
gtk-tearoff_menu_item.ads:166:80: (style) this line is too long: 88 [-gnatyM]
   [Ada]          gtk-im_multi_context.adb
gtk-revealer.ads:68:80: (style) this line is too long: 102 [-gnatyM]
gtk-revealer.ads:156:80: (style) this line is too long: 90 [-gnatyM]
gtk-revealer.ads:178:80: (style) this line is too long: 92 [-gnatyM]
   [Ada]          gtk-gesture_drag.adb
gtk-im_multi_context.ads:32:80: (style) this line is too long: 82 [-gnatyM]
   [Ada]          gtk-font_chooser_dialog.adb
gtk-tree_model_filter.ads:107:80: (style) this line is too long: 88 [-gnatyM]
gtk-tree_model_filter.ads:282:80: (style) this line is too long: 80 [-gnatyM]
gtk-tree_model_filter.ads:289:80: (style) this line is too long: 81 [-gnatyM]
gtk-tree_model_filter.ads:295:80: (style) this line is too long: 91 [-gnatyM]
gtk-tree_model_filter.ads:363:80: (style) this line is too long: 80 [-gnatyM]
gtk-tree_model_filter.ads:371:80: (style) this line is too long: 90 [-gnatyM]
gtk-tree_model_filter.ads:426:80: (style) this line is too long: 96 [-gnatyM]
gtk-tree_model_filter.ads:589:80: (style) this line is too long: 102 [-gnatyM]
gtk-tree_model_filter.ads:600:80: (style) this line is too long: 90 [-gnatyM]
   [Ada]          glib-variant.adb
gtk-widget.ads:382:80: (style) this line is too long: 81 [-gnatyM]
gtk-widget.ads:389:80: (style) this line is too long: 81 [-gnatyM]
gtk-widget.ads:445:80: (style) this line is too long: 81 [-gnatyM]
gtk-widget.ads:486:80: (style) this line is too long: 86 [-gnatyM]
gtk-widget.ads:509:80: (style) this line is too long: 83 [-gnatyM]
gtk-widget.ads:588:80: (style) this line is too long: 84 [-gnatyM]
gtk-widget.ads:2779:80: (style) this line is too long: 82 [-gnatyM]
gtk-widget.ads:3144:80: (style) this line is too long: 88 [-gnatyM]
gtk-widget.ads:3178:80: (style) this line is too long: 81 [-gnatyM]
gtk-widget.ads:3179:80: (style) this line is too long: 81 [-gnatyM]
gtk-widget.ads:3181:80: (style) this line is too long: 81 [-gnatyM]
gtk-widget.ads:3269:32: (style) space required [-gnatyt]
gtk-widget.ads:3322:80: (style) this line is too long: 84 [-gnatyM]
gtk-widget.ads:3618:80: (style) this line is too long: 96 [-gnatyM]
gtk-widget.ads:3623:80: (style) this line is too long: 89 [-gnatyM]
gtk-widget.ads:3642:80: (style) this line is too long: 81 [-gnatyM]
gtk-widget.ads:3659:06: (style) trailing spaces not permitted [-gnatyb]
gtk-widget.ads:3661:80: (style) this line is too long: 81 [-gnatyM]
gtk-widget.ads:3662:80: (style) this line is too long: 82 [-gnatyM]
gtk-widget.ads:3665:80: (style) this line is too long: 85 [-gnatyM]
gtk-widget.ads:3682:06: (style) trailing spaces not permitted [-gnatyb]
gtk-widget.ads:3684:80: (style) this line is too long: 81 [-gnatyM]
gtk-widget.ads:3685:80: (style) this line is too long: 82 [-gnatyM]
gtk-widget.ads:3696:80: (style) this line is too long: 81 [-gnatyM]
gtk-widget.ads:3711:06: (style) trailing spaces not permitted [-gnatyb]
gtk-widget.ads:3738:80: (style) this line is too long: 81 [-gnatyM]
gtk-widget.ads:3775:06: (style) trailing spaces not permitted [-gnatyb]
gtk-widget.ads:3777:80: (style) this line is too long: 84 [-gnatyM]
gtk-widget.ads:3778:80: (style) this line is too long: 82 [-gnatyM]
gtk-widget.ads:3802:06: (style) trailing spaces not permitted [-gnatyb]
gtk-widget.ads:3805:80: (style) this line is too long: 82 [-gnatyM]
gtk-widget.ads:3831:06: (style) trailing spaces not permitted [-gnatyb]
gtk-widget.ads:3834:80: (style) this line is too long: 82 [-gnatyM]
gtk-widget.ads:3869:06: (style) trailing spaces not permitted [-gnatyb]
gtk-widget.ads:3872:80: (style) this line is too long: 82 [-gnatyM]
gtk-widget.ads:3938:80: (style) this line is too long: 99 [-gnatyM]
gtk-widget.ads:3945:80: (style) this line is too long: 96 [-gnatyM]
gtk-widget.ads:3967:06: (style) trailing spaces not permitted [-gnatyb]
gtk-widget.ads:3970:80: (style) this line is too long: 84 [-gnatyM]
gtk-widget.ads:3976:80: (style) this line is too long: 109 [-gnatyM]
gtk-widget.ads:3985:80: (style) this line is too long: 106 [-gnatyM]
gtk-widget.ads:3994:80: (style) this line is too long: 81 [-gnatyM]
gtk-widget.ads:3997:80: (style) this line is too long: 88 [-gnatyM]
gtk-widget.ads:4001:80: (style) this line is too long: 85 [-gnatyM]
gtk-widget.ads:4040:06: (style) trailing spaces not permitted [-gnatyb]
gtk-widget.ads:4050:80: (style) this line is too long: 86 [-gnatyM]
gtk-widget.ads:4057:80: (style) this line is too long: 83 [-gnatyM]
gtk-widget.ads:4084:06: (style) trailing spaces not permitted [-gnatyb]
gtk-widget.ads:4106:80: (style) this line is too long: 86 [-gnatyM]
gtk-widget.ads:4111:80: (style) this line is too long: 83 [-gnatyM]
gtk-widget.ads:4131:06: (style) trailing spaces not permitted [-gnatyb]
gtk-widget.ads:4135:80: (style) this line is too long: 80 [-gnatyM]
gtk-widget.ads:4166:06: (style) trailing spaces not permitted [-gnatyb]
gtk-widget.ads:4233:06: (style) trailing spaces not permitted [-gnatyb]
gtk-widget.ads:4275:06: (style) trailing spaces not permitted [-gnatyb]
gtk-widget.ads:4278:80: (style) this line is too long: 82 [-gnatyM]
gtk-widget.ads:4289:80: (style) this line is too long: 81 [-gnatyM]
gtk-widget.ads:4306:06: (style) trailing spaces not permitted [-gnatyb]
gtk-widget.ads:4308:80: (style) this line is too long: 83 [-gnatyM]
gtk-widget.ads:4309:80: (style) this line is too long: 82 [-gnatyM]
gtk-widget.ads:4327:06: (style) trailing spaces not permitted [-gnatyb]
gtk-widget.ads:4330:80: (style) this line is too long: 81 [-gnatyM]
gtk-widget.ads:4331:07: (style) space required [-gnatyc]
gtk-widget.ads:4376:06: (style) trailing spaces not permitted [-gnatyb]
gtk-widget.ads:4378:80: (style) this line is too long: 120 [-gnatyM]
gtk-widget.ads:4403:06: (style) trailing spaces not permitted [-gnatyb]
gtk-widget.ads:4405:80: (style) this line is too long: 80 [-gnatyM]
gtk-widget.ads:4406:80: (style) this line is too long: 82 [-gnatyM]
gtk-widget.ads:4424:06: (style) trailing spaces not permitted [-gnatyb]
gtk-widget.ads:4426:80: (style) this line is too long: 80 [-gnatyM]
gtk-widget.ads:4427:80: (style) this line is too long: 82 [-gnatyM]
gtk-widget.ads:4454:06: (style) trailing spaces not permitted [-gnatyb]
gtk-widget.ads:4558:06: (style) trailing spaces not permitted [-gnatyb]
gtk-widget.ads:4561:80: (style) this line is too long: 82 [-gnatyM]
gtk-widget.ads:4580:06: (style) trailing spaces not permitted [-gnatyb]
gtk-widget.ads:4583:80: (style) this line is too long: 82 [-gnatyM]
gtk-widget.ads:4598:06: (style) trailing spaces not permitted [-gnatyb]
gtk-widget.ads:4605:80: (style) this line is too long: 81 [-gnatyM]
gtk-widget.ads:4622:06: (style) trailing spaces not permitted [-gnatyb]
gtk-widget.ads:4624:80: (style) this line is too long: 83 [-gnatyM]
gtk-widget.ads:4625:80: (style) this line is too long: 82 [-gnatyM]
gtk-widget.ads:4672:06: (style) trailing spaces not permitted [-gnatyb]
gtk-widget.ads:4675:80: (style) this line is too long: 82 [-gnatyM]
gtk-widget.ads:4696:06: (style) trailing spaces not permitted [-gnatyb]
gtk-widget.ads:4698:80: (style) this line is too long: 82 [-gnatyM]
gtk-widget.ads:4699:07: (style) space required [-gnatyc]
gtk-widget.ads:4709:80: (style) this line is too long: 83 [-gnatyM]
gtk-widget.ads:4726:06: (style) trailing spaces not permitted [-gnatyb]
gtk-widget.ads:4728:80: (style) this line is too long: 81 [-gnatyM]
gtk-widget.ads:4729:80: (style) this line is too long: 82 [-gnatyM]
gtk-widget.ads:4788:06: (style) trailing spaces not permitted [-gnatyb]
gtk-widget.ads:4800:80: (style) this line is too long: 87 [-gnatyM]
gtk-widget.ads:4815:06: (style) trailing spaces not permitted [-gnatyb]
gtk-widget.ads:4817:80: (style) this line is too long: 83 [-gnatyM]
gtk-widget.ads:4818:80: (style) this line is too long: 82 [-gnatyM]
gtk-widget.ads:4829:80: (style) this line is too long: 81 [-gnatyM]
gtk-widget.ads:4843:06: (style) trailing spaces not permitted [-gnatyb]
gtk-widget.ads:4845:80: (style) this line is too long: 84 [-gnatyM]
gtk-widget.ads:4846:80: (style) this line is too long: 82 [-gnatyM]
gtk-widget.ads:4849:80: (style) this line is too long: 83 [-gnatyM]
gtk-widget.ads:4863:06: (style) trailing spaces not permitted [-gnatyb]
gtk-widget.ads:4865:80: (style) this line is too long: 84 [-gnatyM]
gtk-widget.ads:4866:80: (style) this line is too long: 82 [-gnatyM]
gtk-widget.ads:4869:80: (style) this line is too long: 83 [-gnatyM]
gtk-widget.ads:4877:80: (style) this line is too long: 80 [-gnatyM]
gtk-widget.ads:4906:06: (style) trailing spaces not permitted [-gnatyb]
gtk-widget.ads:4908:80: (style) this line is too long: 84 [-gnatyM]
gtk-widget.ads:4910:80: (style) this line is too long: 84 [-gnatyM]
gtk-widget.ads:4912:80: (style) this line is too long: 80 [-gnatyM]
gtk-widget.ads:4914:80: (style) this line is too long: 80 [-gnatyM]
gtk-widget.ads:4977:06: (style) trailing spaces not permitted [-gnatyb]
gtk-widget.ads:4979:80: (style) this line is too long: 81 [-gnatyM]
gtk-widget.ads:4980:80: (style) this line is too long: 82 [-gnatyM]
gtk-widget.ads:4991:80: (style) this line is too long: 87 [-gnatyM]
gtk-widget.ads:5003:06: (style) trailing spaces not permitted [-gnatyb]
gtk-widget.ads:5005:80: (style) this line is too long: 84 [-gnatyM]
gtk-widget.ads:5006:80: (style) this line is too long: 82 [-gnatyM]
gtk-widget.ads:5009:80: (style) this line is too long: 86 [-gnatyM]
gtk-widget.ads:5015:80: (style) this line is too long: 83 [-gnatyM]
gtk-widget.ads:5031:06: (style) trailing spaces not permitted [-gnatyb]
gtk-widget.ads:5034:80: (style) this line is too long: 89 [-gnatyM]
gtk-widget.ads:5044:06: (style) trailing spaces not permitted [-gnatyb]
gtk-widget.ads:5046:80: (style) this line is too long: 120 [-gnatyM]
gtk-widget.ads:5048:80: (style) this line is too long: 80 [-gnatyM]
gtk-widget.ads:5058:80: (style) this line is too long: 81 [-gnatyM]
gtk-widget.ads:5068:06: (style) trailing spaces not permitted [-gnatyb]
gtk-widget.ads:5071:80: (style) this line is too long: 91 [-gnatyM]
gtk-widget.ads:5083:06: (style) trailing spaces not permitted [-gnatyb]
gtk-widget.ads:5085:80: (style) this line is too long: 84 [-gnatyM]
gtk-widget.ads:5086:80: (style) this line is too long: 82 [-gnatyM]
gtk-widget.ads:5120:06: (style) trailing spaces not permitted [-gnatyb]
gtk-widget.ads:5122:80: (style) this line is too long: 82 [-gnatyM]
gtk-widget.ads:5123:07: (style) space required [-gnatyc]
gtk-widget.ads:5173:80: (style) this line is too long: 83 [-gnatyM]
gtk-widget.ads:5272:06: (style) trailing spaces not permitted [-gnatyb]
gtk-widget.ads:5275:80: (style) this line is too long: 82 [-gnatyM]
gtk-widget.ads:5301:80: (style) this line is too long: 91 [-gnatyM]
gtk-widget.ads:5316:06: (style) trailing spaces not permitted [-gnatyb]
gtk-widget.ads:5320:80: (style) this line is too long: 82 [-gnatyM]
gtk-widget.ads:5323:80: (style) this line is too long: 80 [-gnatyM]
gtk-widget.ads:5331:80: (style) this line is too long: 81 [-gnatyM]
gtk-widget.ads:5347:06: (style) trailing spaces not permitted [-gnatyb]
   [Ada]          gdk-cursor.adb
glib-variant.ads:237:06: warning: unnecessary with of ancestor [-gnatwr]
glib-variant.ads:1270:51: (style) space required [-gnatyt]
glib-variant.ads:1271:51: (style) space required [-gnatyt]
glib-variant.ads:1272:51: (style) space required [-gnatyt]
glib-variant.ads:1273:51: (style) space required [-gnatyt]
   [Ada]          gtk-style_provider.adb
gtk-font_chooser_dialog.ads:50:80: (style) this line is too long: 81 [-gnatyM]
gtk-font_chooser_dialog.ads:51:80: (style) this line is too long: 83 [-gnatyM]
gtk-font_chooser_dialog.ads:58:80: (style) this line is too long: 80 [-gnatyM]
gtk-font_chooser_dialog.ads:116:80: (style) this line is too long: 83 [-gnatyM]
gtk-font_chooser_dialog.ads:119:80: (style) this line is too long: 80 [-gnatyM]
gtk-font_chooser_dialog.ads:127:80: (style) this line is too long: 99 [-gnatyM]
gtk-font_chooser_dialog.ads:198:80: (style) this line is too long: 92 [-gnatyM]
gtk-font_chooser_dialog.ads:209:80: (style) this line is too long: 98 [-gnatyM]
   [Ada]          gtk-color_selection_dialog.adb
   [Ada]          gtk-text_attributes.adb
gtk-gesture_drag.ads:43:80: (style) this line is too long: 82 [-gnatyM]
gtk-gesture_drag.ads:122:06: (style) trailing spaces not permitted [-gnatyb]
gtk-gesture_drag.ads:138:06: (style) trailing spaces not permitted [-gnatyb]
gtk-gesture_drag.ads:154:06: (style) trailing spaces not permitted [-gnatyb]
   [Ada]          glib-poll.adb
gtk-text_attributes.ads:53:80: (style) this line is too long: 89 [-gnatyM]
gtk-text_attributes.ads:82:80: (style) this line is too long: 89 [-gnatyM]
   [Ada]          gtk-container.adb
glib-poll.ads:26:06: warning: unnecessary with of ancestor [-gnatwr]
   [Ada]          gtk-about_dialog.adb
gtk-style_provider.ads:102:01: (style) incorrect layout [-gnatyl]
   [Ada]          gtk-offscreen_window.adb
gtk-color_selection_dialog.ads:42:80: (style) this line is too long: 84 [-gnatyM]
gtk-color_selection_dialog.ads:43:80: (style) this line is too long: 89 [-gnatyM]
gtk-color_selection_dialog.ads:53:80: (style) this line is too long: 88 [-gnatyM]
gtk-color_selection_dialog.ads:73:80: (style) this line is too long: 82 [-gnatyM]
gtk-color_selection_dialog.ads:105:80: (style) this line is too long: 98 [-gnatyM]
   [Ada]          gdk-display.adb
gtk-offscreen_window.ads:107:80: (style) this line is too long: 86 [-gnatyM]
   [Ada]          gtk-label.adb
gtk-about_dialog.ads:356:38: (style) space required [-gnatyt]
gtk-about_dialog.ads:359:38: (style) space required [-gnatyt]
gtk-about_dialog.ads:362:42: (style) space required [-gnatyt]
gtk-about_dialog.ads:456:06: (style) trailing spaces not permitted [-gnatyb]
   [Ada]          gtk-cell_renderer_text.adb
gtk-container.ads:301:80: (style) this line is too long: 83 [-gnatyM]
gtk-container.ads:338:80: (style) this line is too long: 83 [-gnatyM]
gtk-container.ads:403:80: (style) this line is too long: 80 [-gnatyM]
gtk-container.ads:423:80: (style) this line is too long: 80 [-gnatyM]
gtk-container.ads:568:80: (style) this line is too long: 102 [-gnatyM]
   [Ada]          gtk-spin_button.adb
gdk-display.ads:46:06: warning: unnecessary with of ancestor [-gnatwr]
gdk-display.ads:360:80: (style) this line is too long: 98 [-gnatyM]
   [Ada]          pango-layout.adb
pango-layout.ads:79:80: (style) this line is too long: 91 [-gnatyM]
pango-layout.ads:83:80: (style) this line is too long: 85 [-gnatyM]
pango-layout.ads:101:80: (style) this line is too long: 86 [-gnatyM]
pango-layout.ads:799:01: (style) incorrect layout [-gnatyl]
pango-layout.ads:810:80: (style) this line is too long: 90 [-gnatyM]
   [Ada]          gtk-separator_tool_item.adb
gtk-label.ads:113:80: (style) this line is too long: 81 [-gnatyM]
gtk-label.ads:717:80: (style) this line is too long: 94 [-gnatyM]
gtk-label.ads:722:80: (style) this line is too long: 87 [-gnatyM]
gtk-label.ads:761:06: (style) trailing spaces not permitted [-gnatyb]
gtk-label.ads:781:80: (style) this line is too long: 85 [-gnatyM]
gtk-label.ads:787:80: (style) this line is too long: 83 [-gnatyM]
gtk-label.ads:818:06: (style) trailing spaces not permitted [-gnatyb]
gtk-label.ads:820:80: (style) this line is too long: 82 [-gnatyM]
   [Ada]          gtk-buildable.adb
gtk-buildable.ads:168:01: (style) incorrect layout [-gnatyl]
   [Ada]          gtk-file_chooser_widget.adb
gtk-cell_renderer_text.ads:50:80: (style) this line is too long: 87 [-gnatyM]
gtk-cell_renderer_text.ads:51:80: (style) this line is too long: 81 [-gnatyM]
gtk-cell_renderer_text.ads:268:80: (style) this line is too long: 91 [-gnatyM]
gtk-cell_renderer_text.ads:292:06: (style) trailing spaces not permitted [-gnatyb]
gtk-cell_renderer_text.ads:336:80: (style) this line is too long: 80 [-gnatyM]
   [Ada]          gtk-menu_button.adb
gtk-separator_tool_item.ads:52:80: (style) this line is too long: 84 [-gnatyM]
gtk-separator_tool_item.ads:53:80: (style) this line is too long: 83 [-gnatyM]
gtk-separator_tool_item.ads:147:80: (style) this line is too long: 96 [-gnatyM]
gtk-separator_tool_item.ads:158:80: (style) this line is too long: 92 [-gnatyM]
   [Ada]          gtk-theming_engine.adb
gtk-spin_button.ads:135:80: (style) this line is too long: 104 [-gnatyM]
gtk-spin_button.ads:237:80: (style) this line is too long: 81 [-gnatyM]
gtk-spin_button.ads:467:80: (style) this line is too long: 92 [-gnatyM]
gtk-spin_button.ads:531:06: (style) trailing spaces not permitted [-gnatyb]
gtk-spin_button.ads:565:06: (style) trailing spaces not permitted [-gnatyb]
gtk-spin_button.ads:627:80: (style) this line is too long: 84 [-gnatyM]
gtk-spin_button.ads:664:80: (style) this line is too long: 94 [-gnatyM]
   [Ada]          gtk-toggle_tool_button.adb
   [Ada]          gtk-check_button.adb
gtk-menu_button.ads:126:80: (style) this line is too long: 80 [-gnatyM]
gtk-menu_button.ads:383:80: (style) this line is too long: 80 [-gnatyM]
   [Ada]          gtk-tree_sortable.adb
gtk-file_chooser_widget.ads:46:80: (style) this line is too long: 83 [-gnatyM]
gtk-file_chooser_widget.ads:144:80: (style) this line is too long: 82 [-gnatyM]
gtk-file_chooser_widget.ads:364:80: (style) this line is too long: 80 [-gnatyM]
gtk-file_chooser_widget.ads:395:80: (style) this line is too long: 91 [-gnatyM]
gtk-file_chooser_widget.ads:413:80: (style) this line is too long: 87 [-gnatyM]
gtk-file_chooser_widget.ads:543:80: (style) this line is too long: 92 [-gnatyM]
gtk-file_chooser_widget.ads:554:80: (style) this line is too long: 98 [-gnatyM]
gtk-file_chooser_widget.ads:565:80: (style) this line is too long: 94 [-gnatyM]
   [Ada]          gtk-font_chooser.adb
gtk-check_button.ads:51:80: (style) this line is too long: 81 [-gnatyM]
gtk-check_button.ads:170:80: (style) this line is too long: 80 [-gnatyM]
gtk-check_button.ads:181:80: (style) this line is too long: 82 [-gnatyM]
   [Ada]          gtk-status_bar.adb
gtk-toggle_tool_button.ads:47:80: (style) this line is too long: 85 [-gnatyM]
gtk-toggle_tool_button.ads:48:80: (style) this line is too long: 81 [-gnatyM]
gtk-toggle_tool_button.ads:213:80: (style) this line is too long: 92 [-gnatyM]
gtk-toggle_tool_button.ads:224:80: (style) this line is too long: 94 [-gnatyM]
gtk-toggle_tool_button.ads:235:80: (style) this line is too long: 90 [-gnatyM]
   [Ada]          gtk-scrolled_window.adb
gtk-tree_sortable.ads:80:80: (style) this line is too long: 81 [-gnatyM]
gtk-tree_sortable.ads:92:80: (style) this line is too long: 81 [-gnatyM]
gtk-tree_sortable.ads:135:80: (style) this line is too long: 82 [-gnatyM]
gtk-tree_sortable.ads:136:80: (style) this line is too long: 80 [-gnatyM]
gtk-tree_sortable.ads:139:80: (style) this line is too long: 82 [-gnatyM]
gtk-tree_sortable.ads:189:80: (style) this line is too long: 82 [-gnatyM]
gtk-tree_sortable.ads:190:80: (style) this line is too long: 80 [-gnatyM]
gtk-tree_sortable.ads:193:80: (style) this line is too long: 82 [-gnatyM]
gtk-tree_sortable.ads:219:80: (style) this line is too long: 83 [-gnatyM]
gtk-tree_sortable.ads:235:80: (style) this line is too long: 90 [-gnatyM]
gtk-tree_sortable.ads:240:80: (style) this line is too long: 83 [-gnatyM]
gtk-tree_sortable.ads:280:80: (style) this line is too long: 109 [-gnatyM]
gtk-tree_sortable.ads:336:80: (style) this line is too long: 87 [-gnatyM]
gtk-tree_sortable.ads:346:80: (style) this line is too long: 92 [-gnatyM]
gtk-tree_sortable.ads:351:80: (style) this line is too long: 98 [-gnatyM]
gtk-tree_sortable.ads:356:80: (style) this line is too long: 98 [-gnatyM]
gtk-tree_sortable.ads:361:80: (style) this line is too long: 92 [-gnatyM]
gtk-tree_sortable.ads:366:80: (style) this line is too long: 82 [-gnatyM]
gtk-tree_sortable.ads:371:80: (style) this line is too long: 94 [-gnatyM]
gtk-tree_sortable.ads:376:01: (style) incorrect layout [-gnatyl]
   [Ada]          gtk-box.adb
gtk-font_chooser.ads:42:16: (style) space required [-gnatyt]
gtk-font_chooser.ads:44:16: (style) space required [-gnatyt]
gtk-font_chooser.ads:56:80: (style) this line is too long: 80 [-gnatyM]
gtk-font_chooser.ads:165:80: (style) this line is too long: 83 [-gnatyM]
gtk-font_chooser.ads:168:80: (style) this line is too long: 80 [-gnatyM]
gtk-font_chooser.ads:251:80: (style) this line is too long: 97 [-gnatyM]
gtk-font_chooser.ads:258:80: (style) this line is too long: 99 [-gnatyM]
gtk-font_chooser.ads:265:80: (style) this line is too long: 92 [-gnatyM]
gtk-font_chooser.ads:288:80: (style) this line is too long: 83 [-gnatyM]
gtk-font_chooser.ads:293:80: (style) this line is too long: 81 [-gnatyM]
gtk-font_chooser.ads:298:80: (style) this line is too long: 85 [-gnatyM]
gtk-font_chooser.ads:303:80: (style) this line is too long: 81 [-gnatyM]
gtk-font_chooser.ads:308:80: (style) this line is too long: 85 [-gnatyM]
gtk-font_chooser.ads:321:01: (style) incorrect layout [-gnatyl]
   [Ada]          gtk-assistant.adb
gtk-box.ads:358:80: (style) this line is too long: 82 [-gnatyM]
gtk-box.ads:400:80: (style) this line is too long: 84 [-gnatyM]
   [Ada]          gtk-expander.adb
gtk-status_bar.ads:166:80: (style) this line is too long: 82 [-gnatyM]
gtk-status_bar.ads:187:06: (style) trailing spaces not permitted [-gnatyb]
gtk-status_bar.ads:203:06: (style) trailing spaces not permitted [-gnatyb]
   [Ada]          gtk-search_bar.adb
gtk-scrolled_window.ads:177:80: (style) this line is too long: 85 [-gnatyM]
gtk-scrolled_window.ads:297:80: (style) this line is too long: 85 [-gnatyM]
gtk-scrolled_window.ads:354:80: (style) this line is too long: 83 [-gnatyM]
gtk-scrolled_window.ads:379:80: (style) this line is too long: 90 [-gnatyM]
gtk-scrolled_window.ads:403:06: (style) trailing spaces not permitted [-gnatyb]
gtk-scrolled_window.ads:405:80: (style) this line is too long: 80 [-gnatyM]
gtk-scrolled_window.ads:406:80: (style) this line is too long: 83 [-gnatyM]
gtk-scrolled_window.ads:417:80: (style) this line is too long: 84 [-gnatyM]
   [Ada]          gtk-text_child_anchor.adb
   [Ada]          gtk-recent_action.adb
gtk-assistant.ads:93:80: (style) this line is too long: 95 [-gnatyM]
gtk-assistant.ads:106:80: (style) this line is too long: 92 [-gnatyM]
gtk-assistant.ads:354:80: (style) this line is too long: 81 [-gnatyM]
gtk-assistant.ads:405:80: (style) this line is too long: 102 [-gnatyM]
   [Ada]          gtk-window.adb
gtk-expander.ads:296:80: (style) this line is too long: 100 [-gnatyM]
   [Ada]          gtk-gesture_swipe.adb
   [Ada]          gtk-paper_size.adb
gtk-recent_action.ads:111:80: (style) this line is too long: 111 [-gnatyM]
gtk-recent_action.ads:118:80: (style) this line is too long: 111 [-gnatyM]
gtk-recent_action.ads:138:80: (style) this line is too long: 110 [-gnatyM]
gtk-recent_action.ads:205:80: (style) this line is too long: 90 [-gnatyM]
gtk-recent_action.ads:233:80: (style) this line is too long: 83 [-gnatyM]
gtk-recent_action.ads:322:80: (style) this line is too long: 83 [-gnatyM]
gtk-recent_action.ads:356:80: (style) this line is too long: 80 [-gnatyM]
gtk-recent_action.ads:367:80: (style) this line is too long: 90 [-gnatyM]
   [Ada]          gtk-gesture_zoom.adb
gtk-gesture_swipe.ads:48:80: (style) this line is too long: 83 [-gnatyM]
gtk-gesture_swipe.ads:120:06: (style) trailing spaces not permitted [-gnatyb]
   [Ada]          gtk-cell_editable.adb
gtk-paper_size.ads:52:80: (style) this line is too long: 85 [-gnatyM]
gtk-paper_size.ads:61:80: (style) this line is too long: 89 [-gnatyM]
gtk-paper_size.ads:71:80: (style) this line is too long: 89 [-gnatyM]
gtk-paper_size.ads:283:80: (style) this line is too long: 84 [-gnatyM]
gtk-paper_size.ads:299:80: (style) this line is too long: 84 [-gnatyM]
   [Ada]          gtk-list_store.adb
gtk-cell_editable.ads:85:80: (style) this line is too long: 90 [-gnatyM]
gtk-cell_editable.ads:146:80: (style) this line is too long: 85 [-gnatyM]
gtk-cell_editable.ads:150:80: (style) this line is too long: 86 [-gnatyM]
gtk-cell_editable.ads:168:80: (style) this line is too long: 80 [-gnatyM]
gtk-cell_editable.ads:173:80: (style) this line is too long: 82 [-gnatyM]
gtk-cell_editable.ads:178:80: (style) this line is too long: 82 [-gnatyM]
gtk-cell_editable.ads:185:01: (style) incorrect layout [-gnatyl]
   [Ada]          gtk-activatable.adb
   [Ada]          gtk-im_context.adb
gtk-activatable.ads:321:80: (style) this line is too long: 80 [-gnatyM]
gtk-activatable.ads:326:01: (style) incorrect layout [-gnatyl]
   [Ada]          gtk-accel_label.adb
gtk-window.ads:178:80: (style) this line is too long: 83 [-gnatyM]
gtk-window.ads:1029:80: (style) this line is too long: 83 [-gnatyM]
gtk-window.ads:1435:80: (style) this line is too long: 85 [-gnatyM]
gtk-window.ads:1496:80: (style) this line is too long: 96 [-gnatyM]
gtk-window.ads:1554:06: (style) trailing spaces not permitted [-gnatyb]
gtk-window.ads:1610:80: (style) this line is too long: 80 [-gnatyM]
gtk-window.ads:1648:80: (style) this line is too long: 87 [-gnatyM]
   [Ada]          gtk-cell_area_box.adb
gtk-list_store.adb:536:07: warning: useless assignment to "Iter", value overwritten at line 538 [-gnatwm]
gtk-list_store.ads:138:80: (style) this line is too long: 81 [-gnatyM]
gtk-list_store.ads:361:80: (style) this line is too long: 82 [-gnatyM]
gtk-list_store.ads:397:80: (style) this line is too long: 82 [-gnatyM]
gtk-list_store.ads:398:80: (style) this line is too long: 80 [-gnatyM]
gtk-list_store.ads:401:80: (style) this line is too long: 82 [-gnatyM]
gtk-list_store.ads:413:80: (style) this line is too long: 81 [-gnatyM]
gtk-list_store.ads:451:80: (style) this line is too long: 82 [-gnatyM]
gtk-list_store.ads:452:80: (style) this line is too long: 80 [-gnatyM]
gtk-list_store.ads:455:80: (style) this line is too long: 82 [-gnatyM]
gtk-list_store.ads:467:80: (style) this line is too long: 86 [-gnatyM]
gtk-list_store.ads:708:80: (style) this line is too long: 84 [-gnatyM]
gtk-list_store.ads:719:80: (style) this line is too long: 88 [-gnatyM]
gtk-list_store.ads:741:80: (style) this line is too long: 82 [-gnatyM]
   [Ada]          gdk-event.adb
gdk-event.ads:50:06: warning: unnecessary with of ancestor [-gnatwr]
gdk-event.ads:289:80: (style) this line is too long: 87 [-gnatyM]
gdk-event.ads:322:80: (style) this line is too long: 83 [-gnatyM]
gdk-event.ads:363:80: (style) this line is too long: 83 [-gnatyM]
gdk-event.ads:376:80: (style) this line is too long: 91 [-gnatyM]
gdk-event.ads:396:80: (style) this line is too long: 83 [-gnatyM]
gdk-event.ads:417:80: (style) this line is too long: 83 [-gnatyM]
gdk-event.ads:464:80: (style) this line is too long: 87 [-gnatyM]
gdk-event.ads:476:80: (style) this line is too long: 81 [-gnatyM]
gdk-event.ads:491:80: (style) this line is too long: 89 [-gnatyM]
gdk-event.ads:505:80: (style) this line is too long: 87 [-gnatyM]
gdk-event.ads:521:80: (style) this line is too long: 89 [-gnatyM]
gdk-event.ads:538:80: (style) this line is too long: 95 [-gnatyM]
gdk-event.ads:553:80: (style) this line is too long: 89 [-gnatyM]
gdk-event.ads:589:80: (style) this line is too long: 95 [-gnatyM]
gdk-event.ads:602:80: (style) this line is too long: 85 [-gnatyM]
gdk-event.ads:623:80: (style) this line is too long: 81 [-gnatyM]
gdk-event.ads:645:80: (style) this line is too long: 93 [-gnatyM]
gdk-event.ads:653:80: (style) this line is too long: 83 [-gnatyM]
gdk-event.ads:737:26: (style) space required [-gnatyt]
gdk-event.ads:739:80: (style) this line is too long: 83 [-gnatyM]
gdk-event.ads:787:80: (style) this line is too long: 86 [-gnatyM]
gdk-event.ads:791:80: (style) this line is too long: 86 [-gnatyM]
gdk-event.ads:799:80: (style) this line is too long: 80 [-gnatyM]
gdk-event.ads:803:80: (style) this line is too long: 82 [-gnatyM]
gdk-event.ads:811:80: (style) this line is too long: 82 [-gnatyM]
gdk-event.ads:1001:80: (style) this line is too long: 99 [-gnatyM]
   [Ada]          gtk-cell_area_context.adb
gtk-cell_area_box.ads:68:80: (style) this line is too long: 85 [-gnatyM]
gtk-cell_area_box.ads:116:80: (style) this line is too long: 83 [-gnatyM]
gtk-cell_area_box.ads:133:80: (style) this line is too long: 83 [-gnatyM]
gtk-cell_area_box.ads:150:80: (style) this line is too long: 86 [-gnatyM]
gtk-cell_area_box.ads:168:80: (style) this line is too long: 88 [-gnatyM]
gtk-cell_area_box.ads:172:80: (style) this line is too long: 81 [-gnatyM]
gtk-cell_area_box.ads:182:80: (style) this line is too long: 89 [-gnatyM]
gtk-cell_area_box.ads:183:80: (style) this line is too long: 89 [-gnatyM]
gtk-cell_area_box.ads:207:80: (style) this line is too long: 86 [-gnatyM]
gtk-cell_area_box.ads:215:80: (style) this line is too long: 87 [-gnatyM]
gtk-cell_area_box.ads:223:80: (style) this line is too long: 86 [-gnatyM]
gtk-cell_area_box.ads:228:80: (style) this line is too long: 86 [-gnatyM]
gtk-cell_area_box.ads:233:80: (style) this line is too long: 86 [-gnatyM]
gtk-cell_area_box.ads:265:80: (style) this line is too long: 80 [-gnatyM]
gtk-cell_area_box.ads:276:80: (style) this line is too long: 84 [-gnatyM]
gtk-cell_area_box.ads:287:80: (style) this line is too long: 82 [-gnatyM]
   [Ada]          gtk-print_operation_preview.adb
gtk-accel_label.ads:177:44: (style) space required [-gnatyt]
   [Ada]          gtk-tree_selection.adb
gtk-im_context.ads:242:80: (style) this line is too long: 81 [-gnatyM]
gtk-im_context.ads:254:06: (style) trailing spaces not permitted [-gnatyb]
gtk-im_context.ads:256:80: (style) this line is too long: 83 [-gnatyM]
gtk-im_context.ads:257:80: (style) this line is too long: 81 [-gnatyM]
gtk-im_context.ads:261:80: (style) this line is too long: 104 [-gnatyM]
gtk-im_context.ads:314:80: (style) this line is too long: 85 [-gnatyM]
gtk-im_context.ads:328:06: (style) trailing spaces not permitted [-gnatyb]
   [Ada]          gtk-image_menu_item.adb
   [Ada]          gtk-cell_renderer_combo.adb
gtk-print_operation_preview.ads:80:80: (style) this line is too long: 105 [-gnatyM]
gtk-print_operation_preview.ads:82:80: (style) this line is too long: 84 [-gnatyM]
gtk-print_operation_preview.ads:85:80: (style) this line is too long: 85 [-gnatyM]
gtk-print_operation_preview.ads:87:80: (style) this line is too long: 84 [-gnatyM]
gtk-print_operation_preview.ads:93:80: (style) this line is too long: 84 [-gnatyM]
gtk-print_operation_preview.ads:106:06: (style) trailing spaces not permitted [-gnatyb]
gtk-print_operation_preview.ads:109:80: (style) this line is too long: 81 [-gnatyM]
gtk-print_operation_preview.ads:111:80: (style) this line is too long: 90 [-gnatyM]
gtk-print_operation_preview.ads:113:80: (style) this line is too long: 82 [-gnatyM]
gtk-print_operation_preview.ads:117:80: (style) this line is too long: 82 [-gnatyM]
gtk-print_operation_preview.ads:141:80: (style) this line is too long: 85 [-gnatyM]
gtk-print_operation_preview.ads:148:80: (style) this line is too long: 88 [-gnatyM]
gtk-print_operation_preview.ads:188:80: (style) this line is too long: 88 [-gnatyM]
gtk-print_operation_preview.ads:193:80: (style) this line is too long: 88 [-gnatyM]
gtk-print_operation_preview.ads:198:80: (style) this line is too long: 92 [-gnatyM]
gtk-print_operation_preview.ads:203:80: (style) this line is too long: 88 [-gnatyM]
gtk-print_operation_preview.ads:213:80: (style) this line is too long: 88 [-gnatyM]
gtk-print_operation_preview.ads:218:01: (style) incorrect layout [-gnatyl]
   [Ada]          gtk-aspect_frame.adb
gtk-image_menu_item.ads:48:80: (style) this line is too long: 80 [-gnatyM]
gtk-image_menu_item.ads:210:80: (style) this line is too long: 83 [-gnatyM]
gtk-image_menu_item.ads:314:80: (style) this line is too long: 86 [-gnatyM]
gtk-image_menu_item.ads:325:80: (style) this line is too long: 88 [-gnatyM]
gtk-image_menu_item.ads:336:80: (style) this line is too long: 84 [-gnatyM]
   [Ada]          gtk-cell_renderer_spin.adb
gtk-tree_selection.ads:81:80: (style) this line is too long: 80 [-gnatyM]
gtk-tree_selection.ads:227:80: (style) this line is too long: 89 [-gnatyM]
gtk-tree_selection.ads:244:80: (style) this line is too long: 102 [-gnatyM]
gtk-tree_selection.ads:251:80: (style) this line is too long: 80 [-gnatyM]
gtk-tree_selection.ads:260:80: (style) this line is too long: 89 [-gnatyM]
   [Ada]          gtk-toolbar.adb
gtk-cell_renderer_combo.ads:54:80: (style) this line is too long: 93 [-gnatyM]
gtk-cell_renderer_combo.ads:55:80: (style) this line is too long: 83 [-gnatyM]
gtk-cell_renderer_combo.ads:119:80: (style) this line is too long: 94 [-gnatyM]
gtk-cell_renderer_combo.ads:150:06: (style) trailing spaces not permitted [-gnatyb]
gtk-cell_renderer_combo.ads:154:80: (style) this line is too long: 80 [-gnatyM]
   [Ada]          gtk-toggle_action.adb
gtk-cell_renderer_spin.ads:53:80: (style) this line is too long: 92 [-gnatyM]
gtk-cell_renderer_spin.ads:54:80: (style) this line is too long: 81 [-gnatyM]
   [Ada]          gtk-gradient.adb
   [Ada]          gtk-gesture_single.adb
gtk-gradient.ads:56:80: (style) this line is too long: 81 [-gnatyM]
gtk-gradient.ads:155:80: (style) this line is too long: 98 [-gnatyM]
gtk-gradient.ads:170:80: (style) this line is too long: 82 [-gnatyM]
gtk-gradient.ads:188:80: (style) this line is too long: 80 [-gnatyM]
   [Ada]          gtk-event_box.adb
   [Ada]          gtk-gesture_long_press.adb
gtk-toggle_action.ads:179:80: (style) this line is too long: 80 [-gnatyM]
   [Ada]          gtk-scrollbar.adb
   [Ada]          pango-language.adb
gtk-toolbar.ads:281:06: (style) trailing spaces not permitted [-gnatyb]
gtk-toolbar.ads:294:80: (style) this line is too long: 83 [-gnatyM]
gtk-toolbar.ads:318:80: (style) this line is too long: 81 [-gnatyM]
gtk-toolbar.ads:336:06: (style) trailing spaces not permitted [-gnatyb]
   [Ada]          gtk-action_group.adb
pango-language.ads:43:80: (style) this line is too long: 85 [-gnatyM]
pango-language.ads:358:80: (style) this line is too long: 84 [-gnatyM]
   [Ada]          gdk-device_manager.adb
   [Ada]          gtk-text_iter.adb
   [Ada]          gtk-header_bar.adb
gtk-gesture_long_press.ads:45:80: (style) this line is too long: 88 [-gnatyM]
gtk-gesture_long_press.ads:46:80: (style) this line is too long: 81 [-gnatyM]
gtk-gesture_long_press.ads:99:80: (style) this line is too long: 83 [-gnatyM]
gtk-gesture_long_press.ads:121:06: (style) trailing spaces not permitted [-gnatyb]
gtk-gesture_long_press.ads:123:80: (style) this line is too long: 83 [-gnatyM]
gtk-gesture_long_press.ads:125:80: (style) this line is too long: 83 [-gnatyM]
   [Ada]          gtk-tree_row_reference.adb
gtk-text_iter.ads:71:80: (style) this line is too long: 88 [-gnatyM]
gtk-text_iter.ads:724:80: (style) this line is too long: 85 [-gnatyM]
gtk-text_iter.ads:732:80: (style) this line is too long: 85 [-gnatyM]
gtk-text_iter.ads:738:80: (style) this line is too long: 87 [-gnatyM]
gtk-text_iter.ads:746:80: (style) this line is too long: 87 [-gnatyM]
gtk-text_iter.ads:896:01: (style) incorrect layout [-gnatyl]
gtk-text_iter.ads:919:01: (style) trailing spaces not permitted [-gnatyb]
   [Ada]          gtk-color_chooser_dialog.adb
gtk-header_bar.ads:255:80: (style) this line is too long: 80 [-gnatyM]
   [Ada]          gtk-text_buffer.adb
gtk-color_chooser_dialog.ads:44:80: (style) this line is too long: 82 [-gnatyM]
gtk-color_chooser_dialog.ads:45:80: (style) this line is too long: 85 [-gnatyM]
gtk-color_chooser_dialog.ads:126:80: (style) this line is too long: 94 [-gnatyM]
gtk-color_chooser_dialog.ads:137:80: (style) this line is too long: 102 [-gnatyM]
   [Ada]          gtk-file_chooser.adb
gtk-tree_row_reference.ads:41:80: (style) this line is too long: 80 [-gnatyM]
gtk-tree_row_reference.ads:42:80: (style) this line is too long: 101 [-gnatyM]
gtk-tree_row_reference.ads:195:80: (style) this line is too long: 100 [-gnatyM]
   [Ada]          gtk-menu_tool_button.adb
gtk-action_group.ads:96:80: (style) this line is too long: 86 [-gnatyM]
gtk-action_group.ads:275:80: (style) this line is too long: 82 [-gnatyM]
gtk-action_group.ads:281:80: (style) this line is too long: 88 [-gnatyM]
gtk-action_group.ads:480:80: (style) this line is too long: 83 [-gnatyM]
gtk-action_group.ads:511:06: (style) trailing spaces not permitted [-gnatyb]
gtk-action_group.ads:532:06: (style) trailing spaces not permitted [-gnatyb]
   [Ada]          gtk-misc.adb
   [Ada]          gtk-tree_view.adb
gtk-file_chooser.ads:184:80: (style) this line is too long: 92 [-gnatyM]
gtk-file_chooser.ads:188:80: (style) this line is too long: 104 [-gnatyM]
gtk-file_chooser.ads:192:80: (style) this line is too long: 90 [-gnatyM]
gtk-file_chooser.ads:401:80: (style) this line is too long: 81 [-gnatyM]
gtk-file_chooser.ads:562:80: (style) this line is too long: 81 [-gnatyM]
gtk-file_chooser.ads:689:80: (style) this line is too long: 80 [-gnatyM]
gtk-file_chooser.ads:696:80: (style) this line is too long: 82 [-gnatyM]
gtk-file_chooser.ads:724:80: (style) this line is too long: 85 [-gnatyM]
gtk-file_chooser.ads:791:06: (style) trailing spaces not permitted [-gnatyb]
gtk-file_chooser.ads:793:80: (style) this line is too long: 96 [-gnatyM]
gtk-file_chooser.ads:796:80: (style) this line is too long: 88 [-gnatyM]
gtk-file_chooser.ads:801:80: (style) this line is too long: 89 [-gnatyM]
gtk-file_chooser.ads:922:80: (style) this line is too long: 80 [-gnatyM]
gtk-file_chooser.ads:932:80: (style) this line is too long: 84 [-gnatyM]
gtk-file_chooser.ads:936:80: (style) this line is too long: 82 [-gnatyM]
gtk-file_chooser.ads:939:01: (style) incorrect layout [-gnatyl]
   [Ada]          gtk-editable.adb
gtk-menu_tool_button.ads:61:80: (style) this line is too long: 83 [-gnatyM]
gtk-menu_tool_button.ads:263:80: (style) this line is too long: 88 [-gnatyM]
gtk-menu_tool_button.ads:274:80: (style) this line is too long: 90 [-gnatyM]
gtk-menu_tool_button.ads:285:80: (style) this line is too long: 86 [-gnatyM]
   [Ada]          pango-coverage.adb
gtk-text_buffer.ads:203:80: (style) this line is too long: 83 [-gnatyM]
gtk-text_buffer.ads:372:80: (style) this line is too long: 90 [-gnatyM]
gtk-text_buffer.ads:562:80: (style) this line is too long: 90 [-gnatyM]
gtk-text_buffer.ads:670:80: (style) this line is too long: 83 [-gnatyM]
gtk-text_buffer.ads:901:80: (style) this line is too long: 101 [-gnatyM]
gtk-text_buffer.ads:907:80: (style) this line is too long: 93 [-gnatyM]
gtk-text_buffer.ads:916:80: (style) this line is too long: 80 [-gnatyM]
gtk-text_buffer.ads:932:06: (style) trailing spaces not permitted [-gnatyb]
gtk-text_buffer.ads:976:80: (style) this line is too long: 88 [-gnatyM]
gtk-text_buffer.ads:981:80: (style) this line is too long: 80 [-gnatyM]
gtk-text_buffer.ads:1007:06: (style) trailing spaces not permitted [-gnatyb]
gtk-text_buffer.ads:1031:80: (style) this line is too long: 96 [-gnatyM]
gtk-text_buffer.ads:1034:80: (style) this line is too long: 91 [-gnatyM]
gtk-text_buffer.ads:1036:80: (style) this line is too long: 88 [-gnatyM]
gtk-text_buffer.ads:1039:80: (style) this line is too long: 91 [-gnatyM]
gtk-text_buffer.ads:1041:80: (style) this line is too long: 83 [-gnatyM]
gtk-text_buffer.ads:1061:06: (style) trailing spaces not permitted [-gnatyb]
gtk-text_buffer.ads:1067:80: (style) this line is too long: 85 [-gnatyM]
gtk-text_buffer.ads:1096:06: (style) trailing spaces not permitted [-gnatyb]
gtk-text_buffer.ads:1101:80: (style) this line is too long: 91 [-gnatyM]
gtk-text_buffer.ads:1107:80: (style) this line is too long: 83 [-gnatyM]
gtk-text_buffer.ads:1132:06: (style) trailing spaces not permitted [-gnatyb]
gtk-text_buffer.ads:1161:80: (style) this line is too long: 88 [-gnatyM]
gtk-text_buffer.ads:1166:80: (style) this line is too long: 80 [-gnatyM]
gtk-text_buffer.ads:1185:06: (style) trailing spaces not permitted [-gnatyb]
gtk-text_buffer.ads:1230:80: (style) this line is too long: 80 [-gnatyM]
gtk-text_buffer.ads:1245:06: (style) trailing spaces not permitted [-gnatyb]
   [Ada]          gtk-radio_tool_button.adb
pango-coverage.ads:41:80: (style) this line is too long: 85 [-gnatyM]
pango-coverage.ads:90:80: (style) this line is too long: 84 [-gnatyM]
   [Ada]          gtk-bin.adb
   [Ada]          pango-font.adb
gtk-editable.ads:59:16: (style) space required [-gnatyt]
gtk-editable.ads:61:16: (style) space required [-gnatyt]
gtk-editable.ads:201:80: (style) this line is too long: 80 [-gnatyM]
gtk-editable.ads:251:06: (style) trailing spaces not permitted [-gnatyb]
gtk-editable.ads:283:06: (style) trailing spaces not permitted [-gnatyb]
gtk-editable.ads:288:80: (style) this line is too long: 80 [-gnatyM]
gtk-editable.ads:362:80: (style) this line is too long: 91 [-gnatyM]
gtk-editable.ads:394:80: (style) this line is too long: 97 [-gnatyM]
gtk-editable.ads:452:80: (style) this line is too long: 91 [-gnatyM]
gtk-editable.ads:467:80: (style) this line is too long: 91 [-gnatyM]
gtk-editable.ads:472:01: (style) incorrect layout [-gnatyl]
   [Ada]          glib-notification.adb
pango-font.ads:110:80: (style) this line is too long: 86 [-gnatyM]
pango-font.ads:320:80: (style) this line is too long: 84 [-gnatyM]
pango-font.ads:375:07: (style) space required [-gnatyc]
pango-font.ads:379:07: (style) space required [-gnatyc]
   [Ada]          gtk-actionable.adb
glib-notification.ads:49:06: warning: unnecessary with of ancestor [-gnatwr]
glib-notification.ads:74:80: (style) this line is too long: 90 [-gnatyM]
   [Ada]          gtk-gesture.adb
gtk-actionable.ads:49:16: (style) space required [-gnatyt]
gtk-actionable.ads:51:16: (style) space required [-gnatyt]
gtk-actionable.ads:159:80: (style) this line is too long: 105 [-gnatyM]
gtk-actionable.ads:165:80: (style) this line is too long: 105 [-gnatyM]
gtk-actionable.ads:189:80: (style) this line is too long: 115 [-gnatyM]
gtk-actionable.ads:216:80: (style) this line is too long: 83 [-gnatyM]
gtk-actionable.ads:221:80: (style) this line is too long: 99 [-gnatyM]
gtk-actionable.ads:226:80: (style) this line is too long: 83 [-gnatyM]
gtk-actionable.ads:231:80: (style) this line is too long: 99 [-gnatyM]
gtk-actionable.ads:240:01: (style) incorrect layout [-gnatyl]
   [Ada]          gdk-frame_timings.adb
gdk-frame_timings.ads:44:80: (style) this line is too long: 91 [-gnatyM]
gdk-frame_timings.ads:115:80: (style) this line is too long: 90 [-gnatyM]
   [Ada]          gtk-radio_button.adb
gtk-tree_view.ads:118:80: (style) this line is too long: 91 [-gnatyM]
gtk-tree_view.ads:119:80: (style) this line is too long: 85 [-gnatyM]
gtk-tree_view.ads:143:80: (style) this line is too long: 91 [-gnatyM]
gtk-tree_view.ads:144:80: (style) this line is too long: 91 [-gnatyM]
gtk-tree_view.ads:145:80: (style) this line is too long: 91 [-gnatyM]
gtk-tree_view.ads:202:80: (style) this line is too long: 100 [-gnatyM]
gtk-tree_view.ads:245:80: (style) this line is too long: 90 [-gnatyM]
gtk-tree_view.ads:413:80: (style) this line is too long: 81 [-gnatyM]
gtk-tree_view.ads:441:80: (style) this line is too long: 81 [-gnatyM]
gtk-tree_view.ads:489:80: (style) this line is too long: 85 [-gnatyM]
gtk-tree_view.ads:573:80: (style) this line is too long: 82 [-gnatyM]
gtk-tree_view.ads:974:80: (style) this line is too long: 90 [-gnatyM]
gtk-tree_view.ads:987:80: (style) this line is too long: 84 [-gnatyM]
gtk-tree_view.ads:1009:80: (style) this line is too long: 94 [-gnatyM]
gtk-tree_view.ads:1010:80: (style) this line is too long: 88 [-gnatyM]
gtk-tree_view.ads:1021:80: (style) this line is too long: 80 [-gnatyM]
gtk-tree_view.ads:1031:80: (style) this line is too long: 87 [-gnatyM]
gtk-tree_view.ads:1124:80: (style) this line is too long: 92 [-gnatyM]
gtk-tree_view.ads:1125:80: (style) this line is too long: 84 [-gnatyM]
gtk-tree_view.ads:1134:80: (style) this line is too long: 90 [-gnatyM]
gtk-tree_view.ads:1142:80: (style) this line is too long: 91 [-gnatyM]
gtk-tree_view.ads:1157:80: (style) this line is too long: 81 [-gnatyM]
gtk-tree_view.ads:1219:80: (style) this line is too long: 80 [-gnatyM]
gtk-tree_view.ads:1220:80: (style) this line is too long: 94 [-gnatyM]
gtk-tree_view.ads:1221:80: (style) this line is too long: 94 [-gnatyM]
gtk-tree_view.ads:1222:80: (style) this line is too long: 94 [-gnatyM]
gtk-tree_view.ads:1225:80: (style) this line is too long: 81 [-gnatyM]
gtk-tree_view.ads:1226:80: (style) this line is too long: 82 [-gnatyM]
gtk-tree_view.ads:1228:80: (style) this line is too long: 80 [-gnatyM]
gtk-tree_view.ads:1230:80: (style) this line is too long: 81 [-gnatyM]
gtk-tree_view.ads:1234:80: (style) this line is too long: 80 [-gnatyM]
gtk-tree_view.ads:1236:80: (style) this line is too long: 81 [-gnatyM]
gtk-tree_view.ads:1264:80: (style) this line is too long: 85 [-gnatyM]
gtk-tree_view.ads:1330:80: (style) this line is too long: 81 [-gnatyM]
gtk-tree_view.ads:1331:80: (style) this line is too long: 81 [-gnatyM]
gtk-tree_view.ads:1363:80: (style) this line is too long: 80 [-gnatyM]
gtk-tree_view.ads:1364:80: (style) this line is too long: 81 [-gnatyM]
gtk-tree_view.ads:1374:80: (style) this line is too long: 87 [-gnatyM]
gtk-tree_view.ads:1393:80: (style) this line is too long: 82 [-gnatyM]
gtk-tree_view.ads:1413:80: (style) this line is too long: 81 [-gnatyM]
gtk-tree_view.ads:1506:80: (style) this line is too long: 81 [-gnatyM]
gtk-tree_view.ads:1510:80: (style) this line is too long: 85 [-gnatyM]
gtk-tree_view.ads:1572:80: (style) this line is too long: 102 [-gnatyM]
gtk-tree_view.ads:1601:80: (style) this line is too long: 84 [-gnatyM]
gtk-tree_view.ads:1613:80: (style) this line is too long: 97 [-gnatyM]
gtk-tree_view.ads:1623:06: (style) trailing spaces not permitted [-gnatyb]
gtk-tree_view.ads:1626:80: (style) this line is too long: 83 [-gnatyM]
gtk-tree_view.ads:1656:06: (style) trailing spaces not permitted [-gnatyb]
gtk-tree_view.ads:1658:80: (style) this line is too long: 83 [-gnatyM]
gtk-tree_view.ads:1660:80: (style) this line is too long: 83 [-gnatyM]
gtk-tree_view.ads:1664:80: (style) this line is too long: 80 [-gnatyM]
gtk-tree_view.ads:1665:80: (style) this line is too long: 81 [-gnatyM]
gtk-tree_view.ads:1668:80: (style) this line is too long: 93 [-gnatyM]
gtk-tree_view.ads:1671:80: (style) this line is too long: 87 [-gnatyM]
gtk-tree_view.ads:1673:80: (style) this line is too long: 87 [-gnatyM]
gtk-tree_view.ads:1676:80: (style) this line is too long: 87 [-gnatyM]
gtk-tree_view.ads:1698:06: (style) trailing spaces not permitted [-gnatyb]
gtk-tree_view.ads:1701:80: (style) this line is too long: 81 [-gnatyM]
gtk-tree_view.ads:1704:80: (style) this line is too long: 86 [-gnatyM]
gtk-tree_view.ads:1709:80: (style) this line is too long: 80 [-gnatyM]
gtk-tree_view.ads:1725:06: (style) trailing spaces not permitted [-gnatyb]
gtk-tree_view.ads:1741:06: (style) trailing spaces not permitted [-gnatyb]
gtk-tree_view.ads:1764:80: (style) this line is too long: 85 [-gnatyM]
gtk-tree_view.ads:1794:80: (style) this line is too long: 93 [-gnatyM]
gtk-tree_view.ads:1805:80: (style) this line is too long: 88 [-gnatyM]
gtk-tree_view.ads:1810:80: (style) this line is too long: 82 [-gnatyM]
gtk-tree_view.ads:1828:06: (style) trailing spaces not permitted [-gnatyb]
gtk-tree_view.ads:1846:06: (style) trailing spaces not permitted [-gnatyb]
gtk-tree_view.ads:1938:80: (style) this line is too long: 87 [-gnatyM]
gtk-tree_view.ads:1940:80: (style) this line is too long: 83 [-gnatyM]
   [Ada]          gtk-event_controller.adb
gtk-radio_tool_button.ads:52:80: (style) this line is too long: 91 [-gnatyM]
gtk-radio_tool_button.ads:209:80: (style) this line is too long: 90 [-gnatyM]
gtk-radio_tool_button.ads:220:80: (style) this line is too long: 92 [-gnatyM]
gtk-radio_tool_button.ads:231:80: (style) this line is too long: 88 [-gnatyM]
   [Ada]          gtk-color_button.adb
gtk-event_controller.ads:98:80: (style) this line is too long: 82 [-gnatyM]
gtk-event_controller.ads:108:80: (style) this line is too long: 84 [-gnatyM]
   [Ada]          gtk-recent_manager.adb
gtk-gesture.ads:162:80: (style) this line is too long: 86 [-gnatyM]
gtk-gesture.ads:269:80: (style) this line is too long: 80 [-gnatyM]
gtk-gesture.ads:463:80: (style) this line is too long: 100 [-gnatyM]
gtk-gesture.ads:468:80: (style) this line is too long: 96 [-gnatyM]
gtk-gesture.ads:473:80: (style) this line is too long: 89 [-gnatyM]
gtk-gesture.ads:486:06: (style) trailing spaces not permitted [-gnatyb]
   [Ada]          gtk-recent_chooser_widget.adb
gtk-radio_button.ads:104:80: (style) this line is too long: 80 [-gnatyM]
gtk-radio_button.ads:374:80: (style) this line is too long: 80 [-gnatyM]
gtk-radio_button.ads:385:80: (style) this line is too long: 82 [-gnatyM]
   [Ada]          gtk-popover.adb
gtk-recent_manager.ads:79:03: (style) trailing spaces not permitted [-gnatyb]
gtk-recent_manager.ads:88:03: (style) trailing spaces not permitted [-gnatyb]
gtk-recent_manager.ads:104:03: (style) trailing spaces not permitted [-gnatyb]
gtk-recent_manager.ads:133:80: (style) this line is too long: 81 [-gnatyM]
gtk-recent_manager.ads:138:80: (style) this line is too long: 80 [-gnatyM]
gtk-recent_manager.ads:139:80: (style) this line is too long: 80 [-gnatyM]
gtk-recent_manager.ads:140:80: (style) this line is too long: 86 [-gnatyM]
   [Ada]          gtk-icon_view.adb
gtk-color_button.ads:314:80: (style) this line is too long: 80 [-gnatyM]
gtk-color_button.ads:325:80: (style) this line is too long: 82 [-gnatyM]
gtk-color_button.ads:347:80: (style) this line is too long: 86 [-gnatyM]
   [Ada]          gtk-css_section.adb
gtk-css_section.ads:41:80: (style) this line is too long: 87 [-gnatyM]
gtk-css_section.ads:69:80: (style) this line is too long: 86 [-gnatyM]
gtk-css_section.ads:138:80: (style) this line is too long: 86 [-gnatyM]
   [Ada]          gtk-tree_model_sort.adb
gtk-recent_chooser_widget.ads:54:80: (style) this line is too long: 80 [-gnatyM]
gtk-recent_chooser_widget.ads:55:80: (style) this line is too long: 87 [-gnatyM]
gtk-recent_chooser_widget.ads:87:80: (style) this line is too long: 85 [-gnatyM]
gtk-recent_chooser_widget.ads:90:80: (style) this line is too long: 85 [-gnatyM]
gtk-recent_chooser_widget.ads:102:80: (style) this line is too long: 84 [-gnatyM]
gtk-recent_chooser_widget.ads:146:80: (style) this line is too long: 106 [-gnatyM]
gtk-recent_chooser_widget.ads:182:80: (style) this line is too long: 83 [-gnatyM]
gtk-recent_chooser_widget.ads:278:80: (style) this line is too long: 83 [-gnatyM]
gtk-recent_chooser_widget.ads:306:80: (style) this line is too long: 96 [-gnatyM]
gtk-recent_chooser_widget.ads:317:80: (style) this line is too long: 98 [-gnatyM]
gtk-recent_chooser_widget.ads:328:80: (style) this line is too long: 106 [-gnatyM]
   [Ada]          gtk-tree_drag_dest.adb
gtk-tree_drag_dest.ads:121:80: (style) this line is too long: 93 [-gnatyM]
gtk-tree_drag_dest.ads:126:80: (style) this line is too long: 91 [-gnatyM]
gtk-tree_drag_dest.ads:131:01: (style) incorrect layout [-gnatyl]
   [Ada]          gtk-stock.adb
gtk-stock.ads:46:80: (style) this line is too long: 85 [-gnatyM]
gtk-stock.ads:98:80: (style) this line is too long: 85 [-gnatyM]
gtk-stock.ads:99:80: (style) this line is too long: 83 [-gnatyM]
gtk-stock.ads:100:80: (style) this line is too long: 101 [-gnatyM]
gtk-stock.ads:101:80: (style) this line is too long: 99 [-gnatyM]
gtk-stock.ads:212:01: (style) incorrect layout [-gnatyl]
   [Ada]          gtk-text_mark.adb
   [Ada]          gtk-accel_group.adb
gtk-popover.ads:272:80: (style) this line is too long: 98 [-gnatyM]
   [Ada]          gtk-icon_source.adb
gtk-icon_source.ads:63:80: (style) this line is too long: 87 [-gnatyM]
gtk-icon_source.ads:313:80: (style) this line is too long: 86 [-gnatyM]
   [Ada]          gtk-action.adb
gtk-tree_model_sort.ads:111:80: (style) this line is too long: 86 [-gnatyM]
gtk-tree_model_sort.ads:274:80: (style) this line is too long: 92 [-gnatyM]
gtk-tree_model_sort.ads:310:80: (style) this line is too long: 82 [-gnatyM]
gtk-tree_model_sort.ads:311:80: (style) this line is too long: 80 [-gnatyM]
gtk-tree_model_sort.ads:314:80: (style) this line is too long: 82 [-gnatyM]
gtk-tree_model_sort.ads:326:80: (style) this line is too long: 91 [-gnatyM]
gtk-tree_model_sort.ads:364:80: (style) this line is too long: 82 [-gnatyM]
gtk-tree_model_sort.ads:365:80: (style) this line is too long: 80 [-gnatyM]
gtk-tree_model_sort.ads:368:80: (style) this line is too long: 82 [-gnatyM]
gtk-tree_model_sort.ads:380:80: (style) this line is too long: 96 [-gnatyM]
gtk-tree_model_sort.ads:560:80: (style) this line is too long: 98 [-gnatyM]
gtk-tree_model_sort.ads:571:80: (style) this line is too long: 86 [-gnatyM]
gtk-tree_model_sort.ads:582:80: (style) this line is too long: 92 [-gnatyM]
   [Ada]          gtk-clipboard.adb
gtk-icon_view.ads:91:80: (style) this line is too long: 85 [-gnatyM]
gtk-icon_view.ads:108:80: (style) this line is too long: 100 [-gnatyM]
gtk-icon_view.ads:747:80: (style) this line is too long: 86 [-gnatyM]
gtk-icon_view.ads:765:80: (style) this line is too long: 88 [-gnatyM]
gtk-icon_view.ads:769:80: (style) this line is too long: 81 [-gnatyM]
gtk-icon_view.ads:779:80: (style) this line is too long: 81 [-gnatyM]
gtk-icon_view.ads:780:80: (style) this line is too long: 89 [-gnatyM]
gtk-icon_view.ads:823:80: (style) this line is too long: 86 [-gnatyM]
gtk-icon_view.ads:831:80: (style) this line is too long: 87 [-gnatyM]
gtk-icon_view.ads:839:80: (style) this line is too long: 86 [-gnatyM]
gtk-icon_view.ads:844:80: (style) this line is too long: 86 [-gnatyM]
gtk-icon_view.ads:849:80: (style) this line is too long: 86 [-gnatyM]
gtk-icon_view.ads:890:80: (style) this line is too long: 81 [-gnatyM]
gtk-icon_view.ads:981:80: (style) this line is too long: 85 [-gnatyM]
gtk-icon_view.ads:1025:80: (style) this line is too long: 83 [-gnatyM]
gtk-icon_view.ads:1056:06: (style) trailing spaces not permitted [-gnatyb]
gtk-icon_view.ads:1058:80: (style) this line is too long: 82 [-gnatyM]
gtk-icon_view.ads:1061:80: (style) this line is too long: 102 [-gnatyM]
gtk-icon_view.ads:1085:80: (style) this line is too long: 81 [-gnatyM]
gtk-icon_view.ads:1117:80: (style) this line is too long: 81 [-gnatyM]
gtk-icon_view.ads:1233:80: (style) this line is too long: 83 [-gnatyM]
   [Ada]          gtk-button_box.adb
gtk-accel_group.ads:334:80: (style) this line is too long: 94 [-gnatyM]
gtk-accel_group.ads:340:80: (style) this line is too long: 86 [-gnatyM]
gtk-accel_group.ads:359:06: (style) trailing spaces not permitted [-gnatyb]
gtk-accel_group.ads:366:80: (style) this line is too long: 92 [-gnatyM]
gtk-accel_group.ads:372:80: (style) this line is too long: 84 [-gnatyM]
gtk-accel_group.ads:394:06: (style) trailing spaces not permitted [-gnatyb]
   [Ada]          glib-menu_model.adb
   [Ada]          gtk-target_entry.adb
gtk-target_entry.ads:45:80: (style) this line is too long: 83 [-gnatyM]
   [Ada]          pango-attributes.adb
pango-attributes.ads:41:80: (style) this line is too long: 81 [-gnatyM]
pango-attributes.ads:55:80: (style) this line is too long: 87 [-gnatyM]
pango-attributes.ads:62:80: (style) this line is too long: 95 [-gnatyM]
pango-attributes.ads:245:80: (style) this line is too long: 86 [-gnatyM]
   [Ada]          gtk-invisible.adb
gtk-clipboard.ads:464:80: (style) this line is too long: 81 [-gnatyM]
   [Ada]          gtk-viewport.adb
gtk-action.ads:588:80: (style) this line is too long: 96 [-gnatyM]
   [Ada]          gtk-gentry.adb
   [Ada]          glib-simple_action_group.adb
glib-menu_model.ads:140:06: warning: unnecessary with of ancestor [-gnatwr]
glib-menu_model.ads:163:80: (style) this line is too long: 85 [-gnatyM]
glib-menu_model.ads:349:06: (style) trailing spaces not permitted [-gnatyb]
   [Ada]          pango-font_metrics.adb
   [Ada]          gtk-font_selection_dialog.adb
pango-font_metrics.ads:42:80: (style) this line is too long: 93 [-gnatyM]
pango-font_metrics.ads:128:80: (style) this line is too long: 92 [-gnatyM]
   [Ada]          gtk-application_window.adb
glib-simple_action_group.ads:33:06: warning: unnecessary with of ancestor [-gnatwr]
glib-simple_action_group.ads:214:80: (style) this line is too long: 90 [-gnatyM]
glib-simple_action_group.ads:225:80: (style) this line is too long: 86 [-gnatyM]
   [Ada]          pango-tabs.adb
pango-tabs.ads:40:80: (style) this line is too long: 87 [-gnatyM]
pango-tabs.ads:128:80: (style) this line is too long: 86 [-gnatyM]
   [Ada]          gtk-color_chooser_widget.adb
gtk-font_selection_dialog.ads:42:80: (style) this line is too long: 83 [-gnatyM]
gtk-font_selection_dialog.ads:43:80: (style) this line is too long: 87 [-gnatyM]
gtk-font_selection_dialog.ads:141:80: (style) this line is too long: 96 [-gnatyM]
   [Ada]          gtk-volume_button.adb
gtk-application_window.ads:118:80: (style) this line is too long: 80 [-gnatyM]
gtk-application_window.ads:119:80: (style) this line is too long: 81 [-gnatyM]
gtk-application_window.ads:127:80: (style) this line is too long: 83 [-gnatyM]
gtk-application_window.ads:130:80: (style) this line is too long: 83 [-gnatyM]
gtk-application_window.ads:138:80: (style) this line is too long: 82 [-gnatyM]
gtk-application_window.ads:286:80: (style) this line is too long: 90 [-gnatyM]
gtk-application_window.ads:297:80: (style) this line is too long: 94 [-gnatyM]
gtk-application_window.ads:308:80: (style) this line is too long: 90 [-gnatyM]
   [Ada]          gtk-gesture_rotate.adb
gtk-color_chooser_widget.ads:58:80: (style) this line is too long: 85 [-gnatyM]
gtk-color_chooser_widget.ads:140:80: (style) this line is too long: 94 [-gnatyM]
gtk-color_chooser_widget.ads:151:80: (style) this line is too long: 102 [-gnatyM]
gtk-color_chooser_widget.ads:162:80: (style) this line is too long: 96 [-gnatyM]
   [Ada]          gtk-cell_renderer_accel.adb
gtk-volume_button.ads:46:80: (style) this line is too long: 81 [-gnatyM]
gtk-volume_button.ads:160:80: (style) this line is too long: 82 [-gnatyM]
gtk-volume_button.ads:171:80: (style) this line is too long: 84 [-gnatyM]
gtk-volume_button.ads:182:80: (style) this line is too long: 80 [-gnatyM]
gtk-volume_button.ads:193:80: (style) this line is too long: 82 [-gnatyM]
   [Ada]          gtk-image.adb
gtk-gentry.ads:115:80: (style) this line is too long: 92 [-gnatyM]
gtk-gentry.ads:132:80: (style) this line is too long: 83 [-gnatyM]
gtk-gentry.ads:135:80: (style) this line is too long: 83 [-gnatyM]
gtk-gentry.ads:211:80: (style) this line is too long: 83 [-gnatyM]
gtk-gentry.ads:225:80: (style) this line is too long: 83 [-gnatyM]
gtk-gentry.ads:250:80: (style) this line is too long: 80 [-gnatyM]
gtk-gentry.ads:996:80: (style) this line is too long: 81 [-gnatyM]
gtk-gentry.ads:1030:80: (style) this line is too long: 83 [-gnatyM]
gtk-gentry.ads:1034:80: (style) this line is too long: 83 [-gnatyM]
gtk-gentry.ads:1040:80: (style) this line is too long: 81 [-gnatyM]
gtk-gentry.ads:1056:80: (style) this line is too long: 83 [-gnatyM]
gtk-gentry.ads:1077:80: (style) this line is too long: 81 [-gnatyM]
gtk-gentry.ads:1090:80: (style) this line is too long: 85 [-gnatyM]
gtk-gentry.ads:1094:80: (style) this line is too long: 85 [-gnatyM]
gtk-gentry.ads:1100:80: (style) this line is too long: 83 [-gnatyM]
gtk-gentry.ads:1134:80: (style) this line is too long: 94 [-gnatyM]
gtk-gentry.ads:1212:80: (style) this line is too long: 81 [-gnatyM]
gtk-gentry.ads:1231:06: (style) trailing spaces not permitted [-gnatyb]
gtk-gentry.ads:1233:80: (style) this line is too long: 84 [-gnatyM]
gtk-gentry.ads:1236:80: (style) this line is too long: 95 [-gnatyM]
gtk-gentry.ads:1241:80: (style) this line is too long: 93 [-gnatyM]
gtk-gentry.ads:1257:06: (style) trailing spaces not permitted [-gnatyb]
gtk-gentry.ads:1274:06: (style) trailing spaces not permitted [-gnatyb]
gtk-gentry.ads:1303:80: (style) this line is too long: 85 [-gnatyM]
gtk-gentry.ads:1309:80: (style) this line is too long: 83 [-gnatyM]
gtk-gentry.ads:1340:06: (style) trailing spaces not permitted [-gnatyb]
gtk-gentry.ads:1342:80: (style) this line is too long: 82 [-gnatyM]
gtk-gentry.ads:1485:80: (style) this line is too long: 85 [-gnatyM]
gtk-gentry.ads:1487:80: (style) this line is too long: 87 [-gnatyM]
gtk-gentry.ads:1489:80: (style) this line is too long: 87 [-gnatyM]
gtk-gentry.ads:1493:80: (style) this line is too long: 83 [-gnatyM]
gtk-gentry.ads:1501:80: (style) this line is too long: 85 [-gnatyM]
gtk-gentry.ads:1509:80: (style) this line is too long: 83 [-gnatyM]
gtk-gentry.ads:1511:80: (style) this line is too long: 85 [-gnatyM]
gtk-gentry.ads:1513:80: (style) this line is too long: 85 [-gnatyM]
gtk-gentry.ads:1517:80: (style) this line is too long: 81 [-gnatyM]
gtk-gentry.ads:1525:80: (style) this line is too long: 83 [-gnatyM]
   [Ada]          gtk-handle_box.adb
gtk-gesture_rotate.ads:108:06: (style) trailing spaces not permitted [-gnatyb]
   [Ada]          gtk-file_filter.adb
gtk-cell_renderer_accel.ads:44:80: (style) this line is too long: 93 [-gnatyM]
gtk-cell_renderer_accel.ads:45:80: (style) this line is too long: 83 [-gnatyM]
gtk-cell_renderer_accel.ads:95:80: (style) this line is too long: 80 [-gnatyM]
gtk-cell_renderer_accel.ads:115:80: (style) this line is too long: 117 [-gnatyM]
gtk-cell_renderer_accel.ads:122:80: (style) this line is too long: 101 [-gnatyM]
gtk-cell_renderer_accel.ads:132:80: (style) this line is too long: 96 [-gnatyM]
gtk-cell_renderer_accel.ads:136:80: (style) this line is too long: 80 [-gnatyM]
gtk-cell_renderer_accel.ads:140:06: (style) trailing spaces not permitted [-gnatyb]
   [Ada]          gtk-accel_map.adb
gtk-file_filter.ads:91:80: (style) this line is too long: 91 [-gnatyM]
gtk-file_filter.ads:100:80: (style) this line is too long: 100 [-gnatyM]
gtk-file_filter.ads:112:80: (style) this line is too long: 88 [-gnatyM]
gtk-file_filter.ads:179:80: (style) this line is too long: 80 [-gnatyM]
   [Ada]          glib-application.adb
   [Ada]          gtk-separator.adb
   [Ada]          gtk-drawing_area.adb
   [Ada]          gtk-hbutton_box.adb
gtk-accel_map.ads:142:80: (style) this line is too long: 81 [-gnatyM]
gtk-accel_map.ads:184:80: (style) this line is too long: 81 [-gnatyM]
gtk-accel_map.ads:315:80: (style) this line is too long: 101 [-gnatyM]
gtk-accel_map.ads:321:80: (style) this line is too long: 95 [-gnatyM]
gtk-accel_map.ads:330:80: (style) this line is too long: 80 [-gnatyM]
gtk-accel_map.ads:340:06: (style) trailing spaces not permitted [-gnatyb]
   [Ada]          gtk-check_menu_item.adb
   [Ada]          gtk-tool_button.adb
   [Ada]          pango-font_map.adb
glib-application.ads:63:80: (style) this line is too long: 99 [-gnatyM]
glib-application.ads:131:80: (style) this line is too long: 112 [-gnatyM]
glib-application.ads:134:80: (style) this line is too long: 118 [-gnatyM]
glib-application.ads:137:80: (style) this line is too long: 122 [-gnatyM]
glib-application.ads:143:06: warning: unnecessary with of ancestor [-gnatwr]
glib-application.ads:173:80: (style) this line is too long: 80 [-gnatyM]
glib-application.ads:174:80: (style) this line is too long: 87 [-gnatyM]
glib-application.ads:182:80: (style) this line is too long: 82 [-gnatyM]
glib-application.ads:232:80: (style) this line is too long: 83 [-gnatyM]
glib-application.ads:514:80: (style) this line is too long: 84 [-gnatyM]
glib-application.ads:844:80: (style) this line is too long: 100 [-gnatyM]
glib-application.ads:862:80: (style) this line is too long: 82 [-gnatyM]
glib-application.ads:886:06: (style) trailing spaces not permitted [-gnatyb]
glib-application.ads:893:80: (style) this line is too long: 85 [-gnatyM]
glib-application.ads:938:06: (style) trailing spaces not permitted [-gnatyb]
glib-application.ads:942:07: (style) space required [-gnatyc]
glib-application.ads:943:07: (style) space required [-gnatyc]
glib-application.ads:944:07: (style) space required [-gnatyc]
glib-application.ads:954:06: (style) trailing spaces not permitted [-gnatyb]
glib-application.ads:1052:80: (style) this line is too long: 90 [-gnatyM]
   [Ada]          gtk-size_group.adb
   [Ada]          gtk-binding_set.adb
gtk-binding_set.ads:55:80: (style) this line is too long: 81 [-gnatyM]
   [Ada]          glib-utils.adb
   [Ada]          gtk-menu.adb
gtk-check_menu_item.ads:49:80: (style) this line is too long: 80 [-gnatyM]
gtk-check_menu_item.ads:255:80: (style) this line is too long: 86 [-gnatyM]
gtk-check_menu_item.ads:266:80: (style) this line is too long: 88 [-gnatyM]
gtk-check_menu_item.ads:277:80: (style) this line is too long: 84 [-gnatyM]
   [Ada]          pango-enums.adb
gtk-tool_button.ads:362:80: (style) this line is too long: 80 [-gnatyM]
   [Ada]          glib-action_group.adb
   [Ada]          glib-simple_action.adb
   [Ada]          gtk-entry_buffer.adb
glib-action_group.ads:74:06: warning: unnecessary with of ancestor [-gnatwr]
glib-action_group.ads:78:16: (style) space required [-gnatyt]
glib-action_group.ads:81:16: (style) space required [-gnatyt]
glib-action_group.ads:332:80: (style) this line is too long: 89 [-gnatyM]
glib-action_group.ads:343:06: (style) trailing spaces not permitted [-gnatyb]
glib-action_group.ads:372:80: (style) this line is too long: 85 [-gnatyM]
glib-action_group.ads:383:06: (style) trailing spaces not permitted [-gnatyb]
glib-action_group.ads:571:80: (style) this line is too long: 101 [-gnatyM]
glib-action_group.ads:627:80: (style) this line is too long: 99 [-gnatyM]
glib-action_group.ads:632:80: (style) this line is too long: 83 [-gnatyM]
glib-action_group.ads:637:80: (style) this line is too long: 95 [-gnatyM]
glib-action_group.ads:642:80: (style) this line is too long: 85 [-gnatyM]
glib-action_group.ads:647:80: (style) this line is too long: 93 [-gnatyM]
glib-action_group.ads:652:80: (style) this line is too long: 91 [-gnatyM]
glib-action_group.ads:657:80: (style) this line is too long: 105 [-gnatyM]
glib-action_group.ads:662:80: (style) this line is too long: 87 [-gnatyM]
glib-action_group.ads:667:80: (style) this line is too long: 97 [-gnatyM]
glib-action_group.ads:672:80: (style) this line is too long: 97 [-gnatyM]
glib-action_group.ads:692:01: (style) incorrect layout [-gnatyl]
   [Ada]          gtk-hsv.adb
glib-simple_action.ads:35:06: warning: unnecessary with of ancestor [-gnatwr]
   [Ada]          gtk-notebook.adb
gtk-menu.ads:92:80: (style) this line is too long: 105 [-gnatyM]
gtk-menu.ads:398:80: (style) this line is too long: 81 [-gnatyM]
gtk-menu.ads:406:80: (style) this line is too long: 80 [-gnatyM]
gtk-menu.ads:408:80: (style) this line is too long: 81 [-gnatyM]
gtk-menu.ads:409:80: (style) this line is too long: 81 [-gnatyM]
gtk-menu.ads:410:80: (style) this line is too long: 80 [-gnatyM]
gtk-menu.ads:411:80: (style) this line is too long: 82 [-gnatyM]
gtk-menu.ads:413:80: (style) this line is too long: 80 [-gnatyM]
gtk-menu.ads:414:80: (style) this line is too long: 81 [-gnatyM]
gtk-menu.ads:415:80: (style) this line is too long: 80 [-gnatyM]
gtk-menu.ads:416:80: (style) this line is too long: 80 [-gnatyM]
gtk-menu.ads:500:80: (style) this line is too long: 81 [-gnatyM]
gtk-menu.ads:508:80: (style) this line is too long: 80 [-gnatyM]
gtk-menu.ads:510:80: (style) this line is too long: 81 [-gnatyM]
gtk-menu.ads:511:80: (style) this line is too long: 81 [-gnatyM]
gtk-menu.ads:512:80: (style) this line is too long: 80 [-gnatyM]
gtk-menu.ads:513:80: (style) this line is too long: 82 [-gnatyM]
gtk-menu.ads:515:80: (style) this line is too long: 80 [-gnatyM]
gtk-menu.ads:516:80: (style) this line is too long: 81 [-gnatyM]
gtk-menu.ads:517:80: (style) this line is too long: 80 [-gnatyM]
gtk-menu.ads:518:80: (style) this line is too long: 80 [-gnatyM]
   [Ada]          pango-matrix.adb
pango-matrix.ads:86:80: (style) this line is too long: 82 [-gnatyM]
pango-matrix.ads:134:80: (style) this line is too long: 90 [-gnatyM]
   [Ada]          gtk-cell_layout.adb
gtk-entry_buffer.ads:223:06: (style) trailing spaces not permitted [-gnatyb]
gtk-entry_buffer.ads:228:80: (style) this line is too long: 85 [-gnatyM]
gtk-entry_buffer.ads:251:06: (style) trailing spaces not permitted [-gnatyb]
   [Ada]          glib-string.adb
glib-string.ads:30:06: warning: unnecessary with of ancestor [-gnatwr]
   [Ada]          gtk-spinner.adb
gtk-cell_layout.ads:124:80: (style) this line is too long: 85 [-gnatyM]
gtk-cell_layout.ads:148:80: (style) this line is too long: 86 [-gnatyM]
gtk-cell_layout.ads:170:80: (style) this line is too long: 87 [-gnatyM]
gtk-cell_layout.ads:185:80: (style) this line is too long: 86 [-gnatyM]
gtk-cell_layout.ads:198:80: (style) this line is too long: 86 [-gnatyM]
gtk-cell_layout.ads:211:80: (style) this line is too long: 86 [-gnatyM]
gtk-cell_layout.ads:222:80: (style) this line is too long: 86 [-gnatyM]
gtk-cell_layout.ads:240:80: (style) this line is too long: 88 [-gnatyM]
gtk-cell_layout.ads:244:80: (style) this line is too long: 81 [-gnatyM]
gtk-cell_layout.ads:255:80: (style) this line is too long: 89 [-gnatyM]
gtk-cell_layout.ads:282:01: (style) incorrect layout [-gnatyl]
   [Ada]          glib-action_map.adb
glib-action_map.ads:38:06: warning: unnecessary with of ancestor [-gnatwr]
glib-action_map.ads:44:16: (style) space required [-gnatyt]
glib-action_map.ads:46:16: (style) space required [-gnatyt]
glib-action_map.ads:177:80: (style) this line is too long: 98 [-gnatyM]
glib-action_map.ads:195:80: (style) this line is too long: 109 [-gnatyM]
glib-action_map.ads:221:01: (style) incorrect layout [-gnatyl]
glib-action_map.ads:232:01: (style) incorrect layout [-gnatyl]
   [Ada]          gtk-separator_menu_item.adb
gtk-hsv.ads:147:80: (style) this line is too long: 90 [-gnatyM]
   [Ada]          gtk-file_chooser_dialog.adb
   [Ada]          gtk-combo_box_text.adb
gtk-separator_menu_item.ads:44:80: (style) this line is too long: 84 [-gnatyM]
gtk-separator_menu_item.ads:45:80: (style) this line is too long: 83 [-gnatyM]
gtk-separator_menu_item.ads:132:80: (style) this line is too long: 94 [-gnatyM]
gtk-separator_menu_item.ads:143:80: (style) this line is too long: 96 [-gnatyM]
gtk-separator_menu_item.ads:154:80: (style) this line is too long: 92 [-gnatyM]
   [Ada]          gtk-icon_set.adb
gtk-notebook.ads:526:80: (style) this line is too long: 83 [-gnatyM]
gtk-notebook.ads:537:80: (style) this line is too long: 85 [-gnatyM]
gtk-notebook.ads:543:80: (style) this line is too long: 80 [-gnatyM]
gtk-notebook.ads:566:06: (style) trailing spaces not permitted [-gnatyb]
gtk-notebook.ads:634:06: (style) trailing spaces not permitted [-gnatyb]
gtk-notebook.ads:651:06: (style) trailing spaces not permitted [-gnatyb]
gtk-notebook.ads:668:06: (style) trailing spaces not permitted [-gnatyb]
gtk-notebook.ads:673:80: (style) this line is too long: 86 [-gnatyM]
gtk-notebook.ads:678:80: (style) this line is too long: 81 [-gnatyM]
gtk-notebook.ads:693:06: (style) trailing spaces not permitted [-gnatyb]
gtk-notebook.ads:726:06: (style) trailing spaces not permitted [-gnatyb]
   [Ada]          gtk-paned.adb
gtk-icon_set.ads:52:80: (style) this line is too long: 81 [-gnatyM]
gtk-icon_set.ads:183:80: (style) this line is too long: 82 [-gnatyM]
gtk-icon_set.ads:200:80: (style) this line is too long: 85 [-gnatyM]
gtk-icon_set.ads:237:80: (style) this line is too long: 80 [-gnatyM]
   [Ada]          gtk-action_bar.adb
gtk-file_chooser_dialog.ads:130:80: (style) this line is too long: 81 [-gnatyM]
gtk-file_chooser_dialog.ads:153:80: (style) this line is too long: 81 [-gnatyM]
gtk-file_chooser_dialog.ads:154:80: (style) this line is too long: 83 [-gnatyM]
gtk-file_chooser_dialog.ads:258:80: (style) this line is too long: 82 [-gnatyM]
gtk-file_chooser_dialog.ads:413:80: (style) this line is too long: 92 [-gnatyM]
gtk-file_chooser_dialog.ads:424:80: (style) this line is too long: 98 [-gnatyM]
   [Ada]          gtk-menu_bar.adb
gtk-combo_box_text.ads:81:80: (style) this line is too long: 85 [-gnatyM]
gtk-combo_box_text.ads:221:80: (style) this line is too long: 86 [-gnatyM]
gtk-combo_box_text.ads:239:80: (style) this line is too long: 88 [-gnatyM]
gtk-combo_box_text.ads:243:80: (style) this line is too long: 81 [-gnatyM]
gtk-combo_box_text.ads:253:80: (style) this line is too long: 91 [-gnatyM]
gtk-combo_box_text.ads:254:80: (style) this line is too long: 89 [-gnatyM]
gtk-combo_box_text.ads:288:80: (style) this line is too long: 86 [-gnatyM]
gtk-combo_box_text.ads:296:80: (style) this line is too long: 87 [-gnatyM]
gtk-combo_box_text.ads:304:80: (style) this line is too long: 86 [-gnatyM]
gtk-combo_box_text.ads:309:80: (style) this line is too long: 86 [-gnatyM]
gtk-combo_box_text.ads:314:80: (style) this line is too long: 86 [-gnatyM]
gtk-combo_box_text.ads:329:80: (style) this line is too long: 82 [-gnatyM]
gtk-combo_box_text.ads:340:80: (style) this line is too long: 90 [-gnatyM]
gtk-combo_box_text.ads:351:80: (style) this line is too long: 86 [-gnatyM]
   [Ada]          gtk-button.adb
   [Ada]          gtk-settings.adb
gtk-menu_bar.ads:128:80: (style) this line is too long: 82 [-gnatyM]
gtk-menu_bar.ads:157:80: (style) this line is too long: 84 [-gnatyM]
   [Ada]          gtk-table.adb
gtk-paned.ads:325:80: (style) this line is too long: 81 [-gnatyM]
gtk-paned.ads:364:80: (style) this line is too long: 83 [-gnatyM]
   [Ada]          gtk-style_properties.adb
   [Ada]          gtk-style.adb
gtk-style_properties.ads:165:80: (style) this line is too long: 96 [-gnatyM]
   [Ada]          gtk-tree_model.adb
gtk-settings.ads:167:80: (style) this line is too long: 85 [-gnatyM]
gtk-settings.ads:169:80: (style) this line is too long: 84 [-gnatyM]
gtk-settings.ads:174:80: (style) this line is too long: 90 [-gnatyM]
gtk-settings.ads:273:80: (style) this line is too long: 80 [-gnatyM]
gtk-settings.ads:277:80: (style) this line is too long: 87 [-gnatyM]
gtk-settings.ads:283:80: (style) this line is too long: 89 [-gnatyM]
gtk-settings.ads:287:80: (style) this line is too long: 87 [-gnatyM]
gtk-settings.ads:297:80: (style) this line is too long: 81 [-gnatyM]
gtk-settings.ads:304:80: (style) this line is too long: 85 [-gnatyM]
gtk-settings.ads:309:80: (style) this line is too long: 82 [-gnatyM]
gtk-settings.ads:320:80: (style) this line is too long: 80 [-gnatyM]
gtk-settings.ads:369:80: (style) this line is too long: 82 [-gnatyM]
gtk-settings.ads:392:80: (style) this line is too long: 88 [-gnatyM]
gtk-settings.ads:401:80: (style) this line is too long: 81 [-gnatyM]
gtk-settings.ads:411:80: (style) this line is too long: 81 [-gnatyM]
gtk-settings.ads:427:80: (style) this line is too long: 88 [-gnatyM]
gtk-settings.ads:431:80: (style) this line is too long: 81 [-gnatyM]
gtk-settings.ads:433:80: (style) this line is too long: 80 [-gnatyM]
gtk-settings.ads:435:80: (style) this line is too long: 80 [-gnatyM]
gtk-settings.ads:437:80: (style) this line is too long: 83 [-gnatyM]
gtk-settings.ads:445:80: (style) this line is too long: 87 [-gnatyM]
gtk-settings.ads:461:80: (style) this line is too long: 81 [-gnatyM]
gtk-settings.ads:467:80: (style) this line is too long: 81 [-gnatyM]
gtk-settings.ads:473:80: (style) this line is too long: 80 [-gnatyM]
gtk-settings.ads:485:80: (style) this line is too long: 84 [-gnatyM]
gtk-settings.ads:534:80: (style) this line is too long: 80 [-gnatyM]
gtk-settings.ads:561:80: (style) this line is too long: 81 [-gnatyM]
gtk-settings.ads:563:80: (style) this line is too long: 86 [-gnatyM]
gtk-settings.ads:565:80: (style) this line is too long: 80 [-gnatyM]
gtk-settings.ads:567:80: (style) this line is too long: 80 [-gnatyM]
gtk-settings.ads:569:80: (style) this line is too long: 82 [-gnatyM]
gtk-settings.ads:571:80: (style) this line is too long: 83 [-gnatyM]
gtk-settings.ads:573:80: (style) this line is too long: 83 [-gnatyM]
gtk-settings.ads:587:80: (style) this line is too long: 80 [-gnatyM]
gtk-settings.ads:589:80: (style) this line is too long: 85 [-gnatyM]
gtk-settings.ads:591:80: (style) this line is too long: 82 [-gnatyM]
gtk-settings.ads:593:80: (style) this line is too long: 82 [-gnatyM]
gtk-settings.ads:595:80: (style) this line is too long: 83 [-gnatyM]
gtk-settings.ads:597:80: (style) this line is too long: 90 [-gnatyM]
gtk-settings.ads:603:80: (style) this line is too long: 83 [-gnatyM]
gtk-settings.ads:605:80: (style) this line is too long: 83 [-gnatyM]
gtk-settings.ads:609:80: (style) this line is too long: 90 [-gnatyM]
gtk-settings.ads:625:80: (style) this line is too long: 84 [-gnatyM]
gtk-settings.ads:627:80: (style) this line is too long: 81 [-gnatyM]
gtk-settings.ads:629:80: (style) this line is too long: 81 [-gnatyM]
gtk-settings.ads:643:80: (style) this line is too long: 80 [-gnatyM]
gtk-settings.ads:647:80: (style) this line is too long: 82 [-gnatyM]
gtk-settings.ads:649:80: (style) this line is too long: 81 [-gnatyM]
gtk-settings.ads:653:80: (style) this line is too long: 84 [-gnatyM]
gtk-settings.ads:655:80: (style) this line is too long: 87 [-gnatyM]
gtk-settings.ads:659:80: (style) this line is too long: 83 [-gnatyM]
gtk-settings.ads:663:80: (style) this line is too long: 91 [-gnatyM]
gtk-settings.ads:665:80: (style) this line is too long: 82 [-gnatyM]
gtk-settings.ads:667:80: (style) this line is too long: 80 [-gnatyM]
gtk-settings.ads:673:80: (style) this line is too long: 80 [-gnatyM]
gtk-settings.ads:677:80: (style) this line is too long: 81 [-gnatyM]
gtk-settings.ads:695:80: (style) this line is too long: 80 [-gnatyM]
gtk-settings.ads:701:80: (style) this line is too long: 92 [-gnatyM]
gtk-settings.ads:703:80: (style) this line is too long: 86 [-gnatyM]
gtk-settings.ads:705:80: (style) this line is too long: 87 [-gnatyM]
   [Ada]          gtk-tree_drag_source.adb
gtk-button.ads:450:80: (style) this line is too long: 96 [-gnatyM]
   [Ada]          pango-fontset.adb
pango-fontset.ads:91:80: (style) this line is too long: 80 [-gnatyM]
   [Ada]          gtk-tree_store.adb
gtk-style.ads:199:80: (style) this line is too long: 94 [-gnatyM]
   [Ada]          gtk-text_view.adb
gtk-tree_drag_source.ads:159:80: (style) this line is too long: 81 [-gnatyM]
gtk-tree_drag_source.ads:164:80: (style) this line is too long: 91 [-gnatyM]
gtk-tree_drag_source.ads:169:80: (style) this line is too long: 85 [-gnatyM]
gtk-tree_drag_source.ads:174:80: (style) this line is too long: 85 [-gnatyM]
gtk-tree_drag_source.ads:179:01: (style) incorrect layout [-gnatyl]
   [Ada]          pango-font_family.adb
pango-font_family.ads:41:80: (style) this line is too long: 81 [-gnatyM]
   [Ada]          gtk-progress_bar.adb
gtk-tree_model.adb:1109:04: warning: use clause for private type "System.Address" has no effect [-gnatwu]
gtk-tree_model.ads:225:80: (style) this line is too long: 83 [-gnatyM]
gtk-tree_model.ads:810:80: (style) this line is too long: 81 [-gnatyM]
gtk-tree_model.ads:816:80: (style) this line is too long: 87 [-gnatyM]
gtk-tree_model.ads:821:80: (style) this line is too long: 80 [-gnatyM]
gtk-tree_model.ads:837:06: (style) trailing spaces not permitted [-gnatyb]
gtk-tree_model.ads:839:80: (style) this line is too long: 82 [-gnatyM]
gtk-tree_model.ads:841:80: (style) this line is too long: 80 [-gnatyM]
gtk-tree_model.ads:871:80: (style) this line is too long: 87 [-gnatyM]
gtk-tree_model.ads:883:06: (style) trailing spaces not permitted [-gnatyb]
gtk-tree_model.ads:886:80: (style) this line is too long: 84 [-gnatyM]
gtk-tree_model.ads:903:06: (style) trailing spaces not permitted [-gnatyb]
gtk-tree_model.ads:905:80: (style) this line is too long: 82 [-gnatyM]
gtk-tree_model.ads:906:80: (style) this line is too long: 84 [-gnatyM]
gtk-tree_model.ads:909:80: (style) this line is too long: 95 [-gnatyM]
gtk-tree_model.ads:915:80: (style) this line is too long: 88 [-gnatyM]
gtk-tree_model.ads:936:06: (style) trailing spaces not permitted [-gnatyb]
gtk-tree_model.ads:938:80: (style) this line is too long: 84 [-gnatyM]
gtk-tree_model.ads:940:80: (style) this line is too long: 80 [-gnatyM]
gtk-tree_model.ads:941:80: (style) this line is too long: 85 [-gnatyM]
gtk-tree_model.ads:943:80: (style) this line is too long: 83 [-gnatyM]
gtk-tree_model.ads:968:80: (style) this line is too long: 99 [-gnatyM]
gtk-tree_model.ads:985:80: (style) this line is too long: 96 [-gnatyM]
gtk-tree_model.ads:1090:80: (style) this line is too long: 97 [-gnatyM]
gtk-tree_model.ads:1119:80: (style) this line is too long: 101 [-gnatyM]
gtk-tree_model.ads:1174:80: (style) this line is too long: 99 [-gnatyM]
gtk-tree_model.ads:1189:80: (style) this line is too long: 83 [-gnatyM]
gtk-tree_model.ads:1224:80: (style) this line is too long: 81 [-gnatyM]
gtk-tree_model.ads:1229:80: (style) this line is too long: 83 [-gnatyM]
gtk-tree_model.ads:1239:80: (style) this line is too long: 81 [-gnatyM]
gtk-tree_model.ads:1269:80: (style) this line is too long: 95 [-gnatyM]
gtk-tree_model.ads:1279:80: (style) this line is too long: 81 [-gnatyM]
gtk-tree_model.ads:1288:01: (style) incorrect layout [-gnatyl]
gtk-tree_model.ads:1297:01: (style) incorrect layout [-gnatyl]
gtk-tree_model.ads:1302:01: (style) trailing spaces not permitted [-gnatyb]
gtk-tree_model.ads:1304:80: (style) this line is too long: 82 [-gnatyM]
   [Ada]          gtk-link_button.adb
gtk-tree_store.ads:60:80: (style) this line is too long: 81 [-gnatyM]
gtk-tree_store.ads:326:80: (style) this line is too long: 82 [-gnatyM]
gtk-tree_store.ads:362:80: (style) this line is too long: 82 [-gnatyM]
gtk-tree_store.ads:363:80: (style) this line is too long: 80 [-gnatyM]
gtk-tree_store.ads:366:80: (style) this line is too long: 82 [-gnatyM]
gtk-tree_store.ads:378:80: (style) this line is too long: 81 [-gnatyM]
gtk-tree_store.ads:416:80: (style) this line is too long: 82 [-gnatyM]
gtk-tree_store.ads:417:80: (style) this line is too long: 80 [-gnatyM]
gtk-tree_store.ads:420:80: (style) this line is too long: 82 [-gnatyM]
gtk-tree_store.ads:432:80: (style) this line is too long: 86 [-gnatyM]
gtk-tree_store.ads:730:80: (style) this line is too long: 84 [-gnatyM]
gtk-tree_store.ads:741:80: (style) this line is too long: 88 [-gnatyM]
gtk-tree_store.ads:763:80: (style) this line is too long: 82 [-gnatyM]
   [Ada]          gtk-entry_completion.adb
gtk-progress_bar.ads:264:80: (style) this line is too long: 80 [-gnatyM]
   [Ada]          gtk-cell_renderer_spinner.adb
gtk-cell_renderer_spinner.ads:47:80: (style) this line is too long: 90 [-gnatyM]
gtk-cell_renderer_spinner.ads:48:80: (style) this line is too long: 87 [-gnatyM]
   [Ada]          gtk-font_chooser_widget.adb
gtk-link_button.ads:263:80: (style) this line is too long: 80 [-gnatyM]
   [Ada]          gtk-scale_button.adb
gtk-text_view.ads:72:80: (style) this line is too long: 84 [-gnatyM]
gtk-text_view.ads:130:80: (style) this line is too long: 90 [-gnatyM]
gtk-text_view.ads:694:80: (style) this line is too long: 80 [-gnatyM]
gtk-text_view.ads:839:80: (style) this line is too long: 102 [-gnatyM]
gtk-text_view.ads:899:80: (style) this line is too long: 81 [-gnatyM]
gtk-text_view.ads:919:06: (style) trailing spaces not permitted [-gnatyb]
gtk-text_view.ads:921:80: (style) this line is too long: 84 [-gnatyM]
gtk-text_view.ads:948:80: (style) this line is too long: 89 [-gnatyM]
gtk-text_view.ads:954:80: (style) this line is too long: 83 [-gnatyM]
gtk-text_view.ads:986:06: (style) trailing spaces not permitted [-gnatyb]
gtk-text_view.ads:988:80: (style) this line is too long: 82 [-gnatyM]
gtk-text_view.ads:1018:06: (style) trailing spaces not permitted [-gnatyb]
gtk-text_view.ads:1020:80: (style) this line is too long: 82 [-gnatyM]
gtk-text_view.ads:1130:80: (style) this line is too long: 87 [-gnatyM]
   [Ada]          gdk-rgba.adb
   [Ada]          gtk-grid.adb
gtk-font_chooser_widget.ads:56:80: (style) this line is too long: 83 [-gnatyM]
gtk-font_chooser_widget.ads:63:80: (style) this line is too long: 80 [-gnatyM]
gtk-font_chooser_widget.ads:109:80: (style) this line is too long: 83 [-gnatyM]
gtk-font_chooser_widget.ads:112:80: (style) this line is too long: 80 [-gnatyM]
gtk-font_chooser_widget.ads:120:80: (style) this line is too long: 99 [-gnatyM]
gtk-font_chooser_widget.ads:201:80: (style) this line is too long: 92 [-gnatyM]
gtk-font_chooser_widget.ads:212:80: (style) this line is too long: 98 [-gnatyM]
gtk-font_chooser_widget.ads:223:80: (style) this line is too long: 94 [-gnatyM]
   [Ada]          gdk-drag_contexts.adb
gtk-entry_completion.ads:111:80: (style) this line is too long: 85 [-gnatyM]
gtk-entry_completion.ads:374:80: (style) this line is too long: 93 [-gnatyM]
gtk-entry_completion.ads:390:80: (style) this line is too long: 94 [-gnatyM]
gtk-entry_completion.ads:404:80: (style) this line is too long: 86 [-gnatyM]
gtk-entry_completion.ads:422:80: (style) this line is too long: 88 [-gnatyM]
gtk-entry_completion.ads:426:80: (style) this line is too long: 81 [-gnatyM]
gtk-entry_completion.ads:436:80: (style) this line is too long: 95 [-gnatyM]
gtk-entry_completion.ads:437:80: (style) this line is too long: 89 [-gnatyM]
gtk-entry_completion.ads:461:80: (style) this line is too long: 86 [-gnatyM]
gtk-entry_completion.ads:470:80: (style) this line is too long: 87 [-gnatyM]
gtk-entry_completion.ads:478:80: (style) this line is too long: 86 [-gnatyM]
gtk-entry_completion.ads:483:80: (style) this line is too long: 86 [-gnatyM]
gtk-entry_completion.ads:488:80: (style) this line is too long: 86 [-gnatyM]
gtk-entry_completion.ads:561:80: (style) this line is too long: 96 [-gnatyM]
gtk-entry_completion.ads:566:80: (style) this line is too long: 83 [-gnatyM]
gtk-entry_completion.ads:587:06: (style) trailing spaces not permitted [-gnatyb]
gtk-entry_completion.ads:590:80: (style) this line is too long: 84 [-gnatyM]
gtk-entry_completion.ads:619:06: (style) trailing spaces not permitted [-gnatyb]
gtk-entry_completion.ads:640:06: (style) trailing spaces not permitted [-gnatyb]
gtk-entry_completion.ads:643:80: (style) this line is too long: 84 [-gnatyM]
gtk-entry_completion.ads:676:80: (style) this line is too long: 86 [-gnatyM]
gtk-entry_completion.ads:687:80: (style) this line is too long: 90 [-gnatyM]
   [Ada]          gtk-recent_chooser_menu.adb
gdk-drag_contexts.ads:26:06: warning: unnecessary with of ancestor [-gnatwr]
gdk-drag_contexts.ads:72:80: (style) this line is too long: 80 [-gnatyM]
   [Ada]          gtk-gesture_pan.adb
   [Ada]          gtk-icon_theme.adb
gtk-scale_button.ads:120:80: (style) this line is too long: 80 [-gnatyM]
gtk-scale_button.ads:239:36: (style) space required [-gnatyt]
gtk-scale_button.ads:323:80: (style) this line is too long: 80 [-gnatyM]
gtk-scale_button.ads:334:80: (style) this line is too long: 82 [-gnatyM]
gtk-scale_button.ads:356:80: (style) this line is too long: 80 [-gnatyM]
   [Ada]          gtk-cell_view.adb
gtk-gesture_pan.ads:116:80: (style) this line is too long: 86 [-gnatyM]
gtk-gesture_pan.ads:138:06: (style) trailing spaces not permitted [-gnatyb]
   [Ada]          gtk-flow_box.adb
gtk-recent_chooser_menu.ads:66:80: (style) this line is too long: 83 [-gnatyM]
gtk-recent_chooser_menu.ads:112:80: (style) this line is too long: 85 [-gnatyM]
gtk-recent_chooser_menu.ads:115:80: (style) this line is too long: 85 [-gnatyM]
gtk-recent_chooser_menu.ads:129:80: (style) this line is too long: 84 [-gnatyM]
gtk-recent_chooser_menu.ads:190:80: (style) this line is too long: 102 [-gnatyM]
gtk-recent_chooser_menu.ads:247:80: (style) this line is too long: 83 [-gnatyM]
gtk-recent_chooser_menu.ads:343:80: (style) this line is too long: 83 [-gnatyM]
gtk-recent_chooser_menu.ads:381:80: (style) this line is too long: 96 [-gnatyM]
gtk-recent_chooser_menu.ads:392:80: (style) this line is too long: 92 [-gnatyM]
gtk-recent_chooser_menu.ads:403:80: (style) this line is too long: 102 [-gnatyM]
   [C]            misc_generated.c
   [C]            misc.c
gtk-icon_theme.ads:124:80: (style) this line is too long: 88 [-gnatyM]
gtk-icon_theme.ads:627:80: (style) this line is too long: 87 [-gnatyM]
gtk-icon_theme.ads:734:80: (style) this line is too long: 104 [-gnatyM]
gtk-cell_view.ads:73:80: (style) this line is too long: 85 [-gnatyM]
gtk-cell_view.ads:103:80: (style) this line is too long: 93 [-gnatyM]
gtk-cell_view.ads:107:80: (style) this line is too long: 93 [-gnatyM]
gtk-cell_view.ads:123:80: (style) this line is too long: 90 [-gnatyM]
gtk-cell_view.ads:309:80: (style) this line is too long: 86 [-gnatyM]
gtk-cell_view.ads:327:80: (style) this line is too long: 88 [-gnatyM]
gtk-cell_view.ads:331:80: (style) this line is too long: 81 [-gnatyM]
gtk-cell_view.ads:341:80: (style) this line is too long: 81 [-gnatyM]
gtk-cell_view.ads:342:80: (style) this line is too long: 89 [-gnatyM]
gtk-cell_view.ads:366:80: (style) this line is too long: 86 [-gnatyM]
gtk-cell_view.ads:374:80: (style) this line is too long: 87 [-gnatyM]
gtk-cell_view.ads:382:80: (style) this line is too long: 86 [-gnatyM]
gtk-cell_view.ads:387:80: (style) this line is too long: 86 [-gnatyM]
gtk-cell_view.ads:392:80: (style) this line is too long: 86 [-gnatyM]
/root/.local/share/alire/builds/gtkada_21.0.0_3c1373c0/5b0a6c228d630e36e6dc7a2e55ab79e0ec87b01c42118c60761c64f4c6d5669c/src/misc.c: In function 'ada_g_module_build_path':
/root/.local/share/alire/builds/gtkada_21.0.0_3c1373c0/5b0a6c228d630e36e6dc7a2e55ab79e0ec87b01c42118c60761c64f4c6d5669c/src/misc.c:216:3: warning: 'g_module_build_path' is deprecated [-Wdeprecated-declarations]
  216 |   return g_module_build_path (directory, module_name);
      |   ^~~~~~
In file included from /usr/include/glib-2.0/gio/giomodule.h:31,
                 from /usr/include/glib-2.0/gio/gio.h:102,
                 from /usr/include/gtk-3.0/gdk/gdkapplaunchcontext.h:28,
                 from /usr/include/gtk-3.0/gdk/gdk.h:32,
                 from /root/.local/share/alire/builds/gtkada_21.0.0_3c1373c0/5b0a6c228d630e36e6dc7a2e55ab79e0ec87b01c42118c60761c64f4c6d5669c/src/misc.c:38:
/usr/include/glib-2.0/gmodule.h:142:23: note: declared here
  142 | gchar*                g_module_build_path    (const gchar  *directory,
      |                       ^~~~~~~~~~~~~~~~~~~
gtk-flow_box.ads:74:80: (style) this line is too long: 82 [-gnatyM]
gtk-flow_box.ads:82:80: (style) this line is too long: 81 [-gnatyM]
gtk-flow_box.ads:90:80: (style) this line is too long: 82 [-gnatyM]
gtk-flow_box.ads:91:80: (style) this line is too long: 82 [-gnatyM]
gtk-flow_box.ads:266:80: (style) this line is too long: 83 [-gnatyM]
gtk-flow_box.ads:286:80: (style) this line is too long: 88 [-gnatyM]
gtk-flow_box.ads:288:80: (style) this line is too long: 80 [-gnatyM]
gtk-flow_box.ads:327:80: (style) this line is too long: 88 [-gnatyM]
gtk-flow_box.ads:354:80: (style) this line is too long: 80 [-gnatyM]
gtk-flow_box.ads:384:80: (style) this line is too long: 88 [-gnatyM]
gtk-flow_box.ads:385:80: (style) this line is too long: 88 [-gnatyM]
gtk-flow_box.ads:412:80: (style) this line is too long: 80 [-gnatyM]
gtk-flow_box.ads:430:80: (style) this line is too long: 83 [-gnatyM]
gtk-flow_box.ads:456:80: (style) this line is too long: 81 [-gnatyM]
gtk-flow_box.ads:487:80: (style) this line is too long: 100 [-gnatyM]
gtk-flow_box.ads:492:80: (style) this line is too long: 87 [-gnatyM]
gtk-flow_box.ads:508:80: (style) this line is too long: 82 [-gnatyM]
gtk-flow_box.ads:512:80: (style) this line is too long: 82 [-gnatyM]
gtk-flow_box.ads:527:80: (style) this line is too long: 80 [-gnatyM]
gtk-flow_box.ads:561:06: (style) trailing spaces not permitted [-gnatyb]
gtk-flow_box.ads:563:80: (style) this line is too long: 82 [-gnatyM]
gtk-flow_box.ads:582:80: (style) this line is too long: 95 [-gnatyM]
gtk-flow_box.ads:598:80: (style) this line is too long: 83 [-gnatyM]
gtk-flow_box.ads:674:80: (style) this line is too long: 83 [-gnatyM]
Build Libraries
   [gprlib]       gtkada.lexch
   [archive]      libgtkada.a
   [index]        libgtkada.a
====== Building static-pic libraries =====
/root/.local/share/alire/toolchains/gprbuild_25.0.1_9a2e6cfb/bin/gprbuild  -j0 -m -p  -XLIBRARY_TYPE=static-pic -Psrc/gtkada.gpr
Setup
   [mkdir]        object directory for project GtkAda
   [mkdir]        library directory for project GtkAda
Compile
   [Ada]          gtkada-pixmaps.ads
   [Ada]          glib-xml_int.ads
   [Ada]          cairo-scaled_font.ads
   [Ada]          cairo-image_surface.adb
   [Ada]          gdk.ads
   [Ada]          cairo-font_options.adb
   [Ada]          cairo-region.adb
   [Ada]          cairo-pdf.adb
   [Ada]          gtkada-builder.adb
   [Ada]          cairo-surface.adb
   [Ada]          gdk-pixbuf.adb
   [Ada]          gtk-handlers.adb
   [Ada]          gdk-main.adb
   [Ada]          gtk-marshallers.adb
   [Ada]          gtk-bindings.adb
gtk-handlers.adb:27:06: warning: renamed predefined unit is an obsolescent feature (RM J.1) [-gnatwj]
gtk-handlers.ads:179:06: warning: renamed predefined unit is an obsolescent feature (RM J.1) [-gnatwj]
   [Ada]          gtkada-multi_paned.adb
   [Ada]          glib-type_conversion_hooks.adb
   [Ada]          cairo-svg.adb
   [Ada]          gtkada-bindings.adb
   [Ada]          gtkada-intl.adb
   [Ada]          gdk-cairo.adb
   [Ada]          gtkada-canvas_view-models-layers.adb
   [Ada]          cairo-matrix.ads
   [Ada]          gdk-display_manager.adb
   [Ada]          gtkada-abstract_list_model.adb
   [Ada]          gtkada-types.adb
   [Ada]          glib-convert.adb
   [Ada]          cairo-png.adb
   [Ada]          gtkada-dialogs.adb
   [Ada]          gdk-rectangle.adb
   [Ada]          gtkada-canvas_view-models.adb
   [Ada]          glib-enums.ads
   [Ada]          gtk-tree_model-utils.adb
   [Ada]          glib-graphs-layouts.adb
   [Ada]          gtkada-multiline_entry.adb
   [Ada]          gtk-arguments.adb
   [Ada]          gtkada-handlers.ads
   [Ada]          gdk-property.adb
   [Ada]          gtk-type_conversion.adb
   [Ada]          gtkada-canvas.adb
   [Ada]          glib-main.adb
   [Ada]          gtkada-canvas_view-views.adb
   [Ada]          gtkada-canvas_view.adb
   [Ada]          glib-gslist.adb
   [Ada]          gtk-text_child.adb
gtkada-canvas.adb:28:06: warning: renamed predefined unit is an obsolescent feature (RM J.1) [-gnatwj]
gtkada-canvas.adb:77:04: warning: use clause for type "Gdk_Window" defined at gdk.ads:43 has no effect [-gnatwu]
   [Ada]          glib-generic_properties.adb
glib-generic_properties.adb:26:06: warning: renamed predefined unit is an obsolescent feature (RM J.1) [-gnatwj]
   [Ada]          glib-properties.adb
   [Ada]          gtkada-mdi.adb
   [Ada]          gdk-keyval.adb
   [Ada]          gdk-color.adb
gtk-text_child.ads:32:06: warning: unnecessary with of ancestor [-gnatwr]
   [Ada]          cairo-pattern.ads
   [Ada]          glib-messages.adb
   [Ada]          glib-unicode.adb
   [Ada]          gtkada-canvas_view-objects.adb
   [Ada]          gdk-threads.ads
   [Ada]          gdk-input.ads
   [Ada]          gtkada-printing.adb
   [Ada]          glib-key_file.adb
   [Ada]          gdk-types-keysyms.ads
   [Ada]          cairo.adb
gtkada-printing.adb:26:06: warning: renamed predefined unit is an obsolescent feature (RM J.1) [-gnatwj]
   [Ada]          fontconfig.adb
   [Ada]          gtkada-canvas_view-links.adb
   [Ada]          gdk-types.ads
   [Ada]          glib.adb
   [Ada]          glib-module.adb
   [Ada]          glib-properties-creation.adb
   [Ada]          gdk-dnd.adb
gdk-dnd.adb:28:06: warning: unnecessary with of ancestor [-gnatwr]
   [Ada]          gtkada-application.adb
   [Ada]          gtkada-canvas_view-rtrees.adb
   [Ada]          glib-graphs.adb
glib-graphs.adb:24:06: warning: renamed predefined unit is an obsolescent feature (RM J.1) [-gnatwj]
   [Ada]          glib-error.adb
   [Ada]          glib-types.adb
   [Ada]          gtkada-canvas_view-astar.adb
   [Ada]          pango-cairo.adb
   [Ada]          glib-object.adb
   [Ada]          gtkada-abstract_tree_model.adb
glib-object.adb:24:06: warning: renamed predefined unit is an obsolescent feature (RM J.1) [-gnatwj]
glib-object.adb:25:06: warning: renamed predefined unit is an obsolescent feature (RM J.1) [-gnatwj]
glib-object.adb:322:33: warning: aspect Unreferenced specified for "Ignored" [enabled by default]
   [Ada]          gdk-visual.adb
gdk-visual.ads:33:06: warning: renamed predefined unit is an obsolescent feature (RM J.1) [-gnatwj]
   [Ada]          cairo-font_face.ads
   [Ada]          gtk-dnd.adb
gtkada-abstract_tree_model.adb:24:09: warning: unit "Ada.Unchecked_Conversion" is not referenced [-gnatwu]
   [Ada]          gtkada-c.adb
   [Ada]          glib-xml.adb
   [Ada]          gtkada-style.adb
glib-xml.adb:662:28: warning: aspect Unreferenced specified for "Success" [enabled by default]
glib-xml.ads:33:06: warning: renamed predefined unit is an obsolescent feature (RM J.1) [-gnatwj]
   [Ada]          gtk-rc.adb
   [Ada]          glib-glist.adb
   [Ada]          gtk.ads
   [Ada]          gtkada-file_selection.adb
   [Ada]          glib-values.adb
   [Ada]          pango.ads
   [Ada]          gtkada.ads
   [Ada]          gdk-window_attr.adb
   [Ada]          glib-gnodes.adb
glib-gnodes.adb:25:06: warning: renamed predefined unit is an obsolescent feature (RM J.1) [-gnatwj]
   [Ada]          gtk-list_box_row.adb
   [Ada]          gtk-recent_chooser_dialog.adb
   [Ada]          gdk-frame_clock.adb
gtk-list_box_row.ads:40:80: (style) this line is too long: 82 [-gnatyM]
gtk-list_box_row.ads:41:80: (style) this line is too long: 82 [-gnatyM]
gtk-list_box_row.ads:42:80: (style) this line is too long: 85 [-gnatyM]
   [Ada]          gtk-menu_item.adb
gdk-frame_clock.ads:93:80: (style) this line is too long: 88 [-gnatyM]
   [Ada]          gtk-tool_shell.adb
gtk-recent_chooser_dialog.ads:73:80: (style) this line is too long: 83 [-gnatyM]
gtk-recent_chooser_dialog.ads:74:80: (style) this line is too long: 87 [-gnatyM]
gtk-recent_chooser_dialog.ads:157:80: (style) this line is too long: 106 [-gnatyM]
gtk-recent_chooser_dialog.ads:185:80: (style) this line is too long: 83 [-gnatyM]
gtk-recent_chooser_dialog.ads:281:80: (style) this line is too long: 83 [-gnatyM]
gtk-recent_chooser_dialog.ads:307:80: (style) this line is too long: 96 [-gnatyM]
gtk-recent_chooser_dialog.ads:318:80: (style) this line is too long: 106 [-gnatyM]
   [Ada]          gtk-cell_renderer_pixbuf.adb
gtk-tool_shell.ads:103:80: (style) this line is too long: 82 [-gnatyM]
gtk-tool_shell.ads:147:80: (style) this line is too long: 104 [-gnatyM]
gtk-tool_shell.ads:150:80: (style) this line is too long: 108 [-gnatyM]
gtk-tool_shell.ads:157:80: (style) this line is too long: 110 [-gnatyM]
gtk-tool_shell.ads:164:80: (style) this line is too long: 104 [-gnatyM]
gtk-tool_shell.ads:171:80: (style) this line is too long: 92 [-gnatyM]
gtk-tool_shell.ads:178:80: (style) this line is too long: 113 [-gnatyM]
gtk-tool_shell.ads:185:80: (style) this line is too long: 101 [-gnatyM]
gtk-tool_shell.ads:206:80: (style) this line is too long: 89 [-gnatyM]
gtk-tool_shell.ads:216:80: (style) this line is too long: 83 [-gnatyM]
gtk-tool_shell.ads:221:80: (style) this line is too long: 85 [-gnatyM]
gtk-tool_shell.ads:231:80: (style) this line is too long: 89 [-gnatyM]
gtk-tool_shell.ads:236:80: (style) this line is too long: 93 [-gnatyM]
gtk-tool_shell.ads:241:80: (style) this line is too long: 91 [-gnatyM]
gtk-tool_shell.ads:251:01: (style) incorrect layout [-gnatyl]
   [Ada]          gtk-icon_factory.adb
gtk-cell_renderer_pixbuf.ads:52:80: (style) this line is too long: 89 [-gnatyM]
gtk-cell_renderer_pixbuf.ads:53:80: (style) this line is too long: 85 [-gnatyM]
gtk-cell_renderer_pixbuf.ads:134:80: (style) this line is too long: 80 [-gnatyM]
   [Ada]          gtk-application.adb
   [Ada]          gtk-calendar.adb
gtk-menu_item.ads:356:80: (style) this line is too long: 102 [-gnatyM]
gtk-menu_item.ads:417:80: (style) this line is too long: 85 [-gnatyM]
gtk-menu_item.ads:436:80: (style) this line is too long: 83 [-gnatyM]
   [Ada]          gtk-recent_chooser.adb
   [Ada]          gtk-search_entry.adb
gtk-calendar.ads:101:80: (style) this line is too long: 102 [-gnatyM]
gtk-calendar.ads:235:80: (style) this line is too long: 81 [-gnatyM]
gtk-calendar.ads:320:80: (style) this line is too long: 100 [-gnatyM]
gtk-calendar.ads:337:80: (style) this line is too long: 95 [-gnatyM]
   [Ada]          gtk-grange.adb
gtk-recent_chooser.ads:74:80: (style) this line is too long: 86 [-gnatyM]
gtk-recent_chooser.ads:89:80: (style) this line is too long: 83 [-gnatyM]
gtk-recent_chooser.ads:252:80: (style) this line is too long: 83 [-gnatyM]
gtk-recent_chooser.ads:372:80: (style) this line is too long: 82 [-gnatyM]
gtk-recent_chooser.ads:380:80: (style) this line is too long: 92 [-gnatyM]
gtk-recent_chooser.ads:425:80: (style) this line is too long: 84 [-gnatyM]
gtk-recent_chooser.ads:446:01: (style) incorrect layout [-gnatyl]
   [Ada]          glib-g_icon.adb
glib-g_icon.ads:59:06: warning: unnecessary with of ancestor [-gnatwr]
glib-g_icon.ads:144:01: (style) incorrect layout [-gnatyl]
   [Ada]          gtk-print_operation.adb
gtk-application.ads:126:80: (style) this line is too long: 104 [-gnatyM]
gtk-application.ads:632:80: (style) this line is too long: 80 [-gnatyM]
   [Ada]          gtk-menu_shell.adb
gtk-search_entry.ads:197:80: (style) this line is too long: 86 [-gnatyM]
   [Ada]          gtk-info_bar.adb
gtk-grange.ads:75:80: (style) this line is too long: 80 [-gnatyM]
gtk-grange.ads:322:80: (style) this line is too long: 89 [-gnatyM]
gtk-grange.ads:338:80: (style) this line is too long: 89 [-gnatyM]
gtk-grange.ads:365:80: (style) this line is too long: 80 [-gnatyM]
gtk-grange.ads:399:06: (style) trailing spaces not permitted [-gnatyb]
gtk-grange.ads:426:80: (style) this line is too long: 94 [-gnatyM]
gtk-grange.ads:475:80: (style) this line is too long: 91 [-gnatyM]
gtk-grange.ads:481:80: (style) this line is too long: 81 [-gnatyM]
gtk-grange.ads:483:80: (style) this line is too long: 91 [-gnatyM]
   [Ada]          gtk-recent_info.adb
gtk-recent_info.ads:44:80: (style) this line is too long: 87 [-gnatyM]
gtk-recent_info.ads:188:80: (style) this line is too long: 86 [-gnatyM]
   [Ada]          gtk-symbolic_color.adb
gtk-symbolic_color.ads:51:80: (style) this line is too long: 93 [-gnatyM]
gtk-symbolic_color.ads:205:80: (style) this line is too long: 92 [-gnatyM]
   [Ada]          gdk-window.adb
gtk-menu_shell.ads:262:80: (style) this line is too long: 104 [-gnatyM]
gtk-menu_shell.ads:339:06: (style) trailing spaces not permitted [-gnatyb]
gtk-menu_shell.ads:344:80: (style) this line is too long: 83 [-gnatyM]
gtk-menu_shell.ads:385:06: (style) trailing spaces not permitted [-gnatyb]
gtk-menu_shell.ads:387:80: (style) this line is too long: 80 [-gnatyM]
   [Ada]          gdk-screen.adb
gtk-print_operation.ads:150:80: (style) this line is too long: 98 [-gnatyM]
gtk-print_operation.ads:154:80: (style) this line is too long: 98 [-gnatyM]
gtk-print_operation.ads:281:80: (style) this line is too long: 83 [-gnatyM]
gtk-print_operation.ads:641:80: (style) this line is too long: 82 [-gnatyM]
gtk-print_operation.ads:643:80: (style) this line is too long: 82 [-gnatyM]
gtk-print_operation.ads:647:80: (style) this line is too long: 82 [-gnatyM]
gtk-print_operation.ads:675:80: (style) this line is too long: 85 [-gnatyM]
gtk-print_operation.ads:696:06: (style) trailing spaces not permitted [-gnatyb]
gtk-print_operation.ads:709:80: (style) this line is too long: 83 [-gnatyM]
gtk-print_operation.ads:726:80: (style) this line is too long: 91 [-gnatyM]
gtk-print_operation.ads:755:80: (style) this line is too long: 87 [-gnatyM]
gtk-print_operation.ads:757:80: (style) this line is too long: 81 [-gnatyM]
gtk-print_operation.ads:762:80: (style) this line is too long: 81 [-gnatyM]
gtk-print_operation.ads:798:06: (style) trailing spaces not permitted [-gnatyb]
gtk-print_operation.ads:818:80: (style) this line is too long: 84 [-gnatyM]
gtk-print_operation.ads:820:80: (style) this line is too long: 81 [-gnatyM]
gtk-print_operation.ads:825:80: (style) this line is too long: 81 [-gnatyM]
gtk-print_operation.ads:850:06: (style) trailing spaces not permitted [-gnatyb]
gtk-print_operation.ads:856:80: (style) this line is too long: 123 [-gnatyM]
gtk-print_operation.ads:859:80: (style) this line is too long: 81 [-gnatyM]
gtk-print_operation.ads:863:80: (style) this line is too long: 111 [-gnatyM]
gtk-print_operation.ads:866:80: (style) this line is too long: 81 [-gnatyM]
gtk-print_operation.ads:873:80: (style) this line is too long: 103 [-gnatyM]
gtk-print_operation.ads:877:80: (style) this line is too long: 91 [-gnatyM]
gtk-print_operation.ads:896:06: (style) trailing spaces not permitted [-gnatyb]
gtk-print_operation.ads:898:80: (style) this line is too long: 83 [-gnatyM]
gtk-print_operation.ads:900:80: (style) this line is too long: 81 [-gnatyM]
gtk-print_operation.ads:901:80: (style) this line is too long: 81 [-gnatyM]
gtk-print_operation.ads:902:80: (style) this line is too long: 83 [-gnatyM]
gtk-print_operation.ads:904:80: (style) this line is too long: 102 [-gnatyM]
gtk-print_operation.ads:906:80: (style) this line is too long: 81 [-gnatyM]
gtk-print_operation.ads:910:80: (style) this line is too long: 90 [-gnatyM]
gtk-print_operation.ads:912:80: (style) this line is too long: 81 [-gnatyM]
gtk-print_operation.ads:916:80: (style) this line is too long: 81 [-gnatyM]
gtk-print_operation.ads:919:80: (style) this line is too long: 81 [-gnatyM]
gtk-print_operation.ads:929:06: (style) trailing spaces not permitted [-gnatyb]
gtk-print_operation.ads:957:80: (style) this line is too long: 109 [-gnatyM]
gtk-print_operation.ads:961:80: (style) this line is too long: 85 [-gnatyM]
gtk-print_operation.ads:963:80: (style) this line is too long: 97 [-gnatyM]
gtk-print_operation.ads:967:80: (style) this line is too long: 85 [-gnatyM]
gtk-print_operation.ads:969:80: (style) this line is too long: 85 [-gnatyM]
gtk-print_operation.ads:972:80: (style) this line is too long: 88 [-gnatyM]
gtk-print_operation.ads:982:06: (style) trailing spaces not permitted [-gnatyb]
gtk-print_operation.ads:996:80: (style) this line is too long: 112 [-gnatyM]
   [Ada]          gtk-cell_renderer_progress.adb
gdk-screen.ads:42:06: warning: unnecessary with of ancestor [-gnatwr]
gdk-screen.ads:372:43: (style) space required [-gnatyt]
gdk-screen.ads:381:80: (style) this line is too long: 81 [-gnatyM]
   [Ada]          gtk-builder.adb
gtk-info_bar.ads:229:80: (style) this line is too long: 81 [-gnatyM]
gtk-info_bar.ads:242:80: (style) this line is too long: 100 [-gnatyM]
gtk-info_bar.ads:318:80: (style) this line is too long: 83 [-gnatyM]
   [Ada]          gtk-cell_area.adb
gdk-window.ads:28:06: warning: unnecessary with of ancestor [-gnatwr]
gdk-window.ads:288:80: (style) this line is too long: 90 [-gnatyM]
gdk-window.ads:326:80: (style) this line is too long: 98 [-gnatyM]
gdk-window.ads:334:80: (style) this line is too long: 86 [-gnatyM]
gdk-window.ads:350:80: (style) this line is too long: 84 [-gnatyM]
gdk-window.ads:591:80: (style) this line is too long: 94 [-gnatyM]
gdk-window.ads:607:80: (style) this line is too long: 82 [-gnatyM]
gdk-window.ads:643:80: (style) this line is too long: 96 [-gnatyM]
gdk-window.ads:679:80: (style) this line is too long: 108 [-gnatyM]
gdk-window.ads:734:80: (style) this line is too long: 82 [-gnatyM]
gdk-window.ads:743:80: (style) this line is too long: 82 [-gnatyM]
gdk-window.ads:930:80: (style) this line is too long: 82 [-gnatyM]
gdk-window.ads:1326:80: (style) this line is too long: 90 [-gnatyM]
gdk-window.ads:1480:80: (style) this line is too long: 86 [-gnatyM]
gdk-window.ads:1651:80: (style) this line is too long: 82 [-gnatyM]
gdk-window.ads:1971:80: (style) this line is too long: 104 [-gnatyM]
gdk-window.ads:2130:06: (style) trailing spaces not permitted [-gnatyb]
gdk-window.ads:2147:06: (style) trailing spaces not permitted [-gnatyb]
gdk-window.ads:2151:80: (style) this line is too long: 81 [-gnatyM]
gdk-window.ads:2153:80: (style) this line is too long: 81 [-gnatyM]
gdk-window.ads:2156:80: (style) this line is too long: 83 [-gnatyM]
gdk-window.ads:2163:06: (style) trailing spaces not permitted [-gnatyb]
gdk-window.ads:2181:06: (style) trailing spaces not permitted [-gnatyb]
   [Ada]          gtk-color_chooser.adb
   [Ada]          gtk-style_context.adb
gtk-cell_renderer_progress.ads:44:80: (style) this line is too long: 91 [-gnatyM]
gtk-cell_renderer_progress.ads:45:80: (style) this line is too long: 89 [-gnatyM]
gtk-cell_renderer_progress.ads:124:80: (style) this line is too long: 100 [-gnatyM]
   [Ada]          gtk-orientable.adb
gtk-orientable.ads:95:01: (style) incorrect layout [-gnatyl]
   [Ada]          gtk-dialog.adb
gtk-color_chooser.ads:197:80: (style) this line is too long: 106 [-gnatyM]
gtk-color_chooser.ads:200:80: (style) this line is too long: 103 [-gnatyM]
gtk-color_chooser.ads:206:80: (style) this line is too long: 99 [-gnatyM]
gtk-color_chooser.ads:222:80: (style) this line is too long: 86 [-gnatyM]
gtk-color_chooser.ads:241:01: (style) incorrect layout [-gnatyl]
   [Ada]          gtk-text_tag.adb
gtk-cell_area.ads:306:80: (style) this line is too long: 82 [-gnatyM]
gtk-cell_area.ads:313:80: (style) this line is too long: 89 [-gnatyM]
gtk-cell_area.ads:327:80: (style) this line is too long: 85 [-gnatyM]
gtk-cell_area.ads:351:80: (style) this line is too long: 92 [-gnatyM]
gtk-cell_area.ads:373:80: (style) this line is too long: 84 [-gnatyM]
gtk-cell_area.ads:391:80: (style) this line is too long: 84 [-gnatyM]
gtk-cell_area.ads:398:80: (style) this line is too long: 83 [-gnatyM]
gtk-cell_area.ads:399:80: (style) this line is too long: 84 [-gnatyM]
gtk-cell_area.ads:428:80: (style) this line is too long: 84 [-gnatyM]
gtk-cell_area.ads:442:80: (style) this line is too long: 84 [-gnatyM]
gtk-cell_area.ads:453:80: (style) this line is too long: 84 [-gnatyM]
gtk-cell_area.ads:463:80: (style) this line is too long: 88 [-gnatyM]
gtk-cell_area.ads:474:80: (style) this line is too long: 88 [-gnatyM]
gtk-cell_area.ads:485:80: (style) this line is too long: 90 [-gnatyM]
gtk-cell_area.ads:513:80: (style) this line is too long: 92 [-gnatyM]
gtk-cell_area.ads:554:80: (style) this line is too long: 85 [-gnatyM]
gtk-cell_area.ads:557:80: (style) this line is too long: 80 [-gnatyM]
gtk-cell_area.ads:562:80: (style) this line is too long: 83 [-gnatyM]
gtk-cell_area.ads:575:80: (style) this line is too long: 98 [-gnatyM]
gtk-cell_area.ads:597:80: (style) this line is too long: 92 [-gnatyM]
gtk-cell_area.ads:612:80: (style) this line is too long: 85 [-gnatyM]
gtk-cell_area.ads:613:80: (style) this line is too long: 101 [-gnatyM]
gtk-cell_area.ads:635:80: (style) this line is too long: 93 [-gnatyM]
gtk-cell_area.ads:637:80: (style) this line is too long: 85 [-gnatyM]
gtk-cell_area.ads:681:80: (style) this line is too long: 84 [-gnatyM]
gtk-cell_area.ads:692:80: (style) this line is too long: 83 [-gnatyM]
gtk-cell_area.ads:705:80: (style) this line is too long: 83 [-gnatyM]
gtk-cell_area.ads:714:80: (style) this line is too long: 97 [-gnatyM]
gtk-cell_area.ads:733:80: (style) this line is too long: 97 [-gnatyM]
gtk-cell_area.ads:760:80: (style) this line is too long: 96 [-gnatyM]
gtk-cell_area.ads:779:80: (style) this line is too long: 96 [-gnatyM]
gtk-cell_area.ads:813:80: (style) this line is too long: 83 [-gnatyM]
gtk-cell_area.ads:842:80: (style) this line is too long: 83 [-gnatyM]
gtk-cell_area.ads:843:80: (style) this line is too long: 83 [-gnatyM]
gtk-cell_area.ads:855:80: (style) this line is too long: 84 [-gnatyM]
gtk-cell_area.ads:862:80: (style) this line is too long: 83 [-gnatyM]
gtk-cell_area.ads:863:80: (style) this line is too long: 84 [-gnatyM]
gtk-cell_area.ads:874:80: (style) this line is too long: 98 [-gnatyM]
gtk-cell_area.ads:898:80: (style) this line is too long: 87 [-gnatyM]
gtk-cell_area.ads:931:80: (style) this line is too long: 86 [-gnatyM]
gtk-cell_area.ads:949:80: (style) this line is too long: 88 [-gnatyM]
gtk-cell_area.ads:953:80: (style) this line is too long: 81 [-gnatyM]
gtk-cell_area.ads:963:80: (style) this line is too long: 81 [-gnatyM]
gtk-cell_area.ads:964:80: (style) this line is too long: 89 [-gnatyM]
gtk-cell_area.ads:1004:80: (style) this line is too long: 83 [-gnatyM]
gtk-cell_area.ads:1034:80: (style) this line is too long: 86 [-gnatyM]
gtk-cell_area.ads:1042:80: (style) this line is too long: 87 [-gnatyM]
gtk-cell_area.ads:1050:80: (style) this line is too long: 86 [-gnatyM]
gtk-cell_area.ads:1055:80: (style) this line is too long: 86 [-gnatyM]
gtk-cell_area.ads:1060:80: (style) this line is too long: 86 [-gnatyM]
gtk-cell_area.ads:1091:80: (style) this line is too long: 126 [-gnatyM]
gtk-cell_area.ads:1093:80: (style) this line is too long: 83 [-gnatyM]
gtk-cell_area.ads:1098:80: (style) this line is too long: 120 [-gnatyM]
gtk-cell_area.ads:1100:80: (style) this line is too long: 83 [-gnatyM]
gtk-cell_area.ads:1108:80: (style) this line is too long: 105 [-gnatyM]
gtk-cell_area.ads:1112:80: (style) this line is too long: 99 [-gnatyM]
gtk-cell_area.ads:1117:06: (style) trailing spaces not permitted [-gnatyb]
gtk-cell_area.ads:1119:80: (style) this line is too long: 81 [-gnatyM]
gtk-cell_area.ads:1123:80: (style) this line is too long: 83 [-gnatyM]
gtk-cell_area.ads:1124:80: (style) this line is too long: 84 [-gnatyM]
gtk-cell_area.ads:1127:80: (style) this line is too long: 103 [-gnatyM]
gtk-cell_area.ads:1134:80: (style) this line is too long: 97 [-gnatyM]
gtk-cell_area.ads:1144:80: (style) this line is too long: 82 [-gnatyM]
gtk-cell_area.ads:1152:06: (style) trailing spaces not permitted [-gnatyb]
gtk-cell_area.ads:1154:80: (style) this line is too long: 84 [-gnatyM]
gtk-cell_area.ads:1155:80: (style) this line is too long: 83 [-gnatyM]
gtk-cell_area.ads:1158:80: (style) this line is too long: 81 [-gnatyM]
gtk-cell_area.ads:1161:80: (style) this line is too long: 88 [-gnatyM]
gtk-cell_area.ads:1163:80: (style) this line is too long: 82 [-gnatyM]
gtk-cell_area.ads:1166:80: (style) this line is too long: 82 [-gnatyM]
gtk-cell_area.ads:1168:80: (style) this line is too long: 82 [-gnatyM]
gtk-cell_area.ads:1187:06: (style) trailing spaces not permitted [-gnatyb]
gtk-cell_area.ads:1190:80: (style) this line is too long: 81 [-gnatyM]
gtk-cell_area.ads:1192:80: (style) this line is too long: 94 [-gnatyM]
gtk-cell_area.ads:1194:80: (style) this line is too long: 82 [-gnatyM]
gtk-cell_area.ads:1197:80: (style) this line is too long: 88 [-gnatyM]
gtk-cell_area.ads:1199:80: (style) this line is too long: 82 [-gnatyM]
gtk-cell_area.ads:1214:06: (style) trailing spaces not permitted [-gnatyb]
gtk-cell_area.ads:1218:80: (style) this line is too long: 81 [-gnatyM]
   [Ada]          gtk-frame.adb
gtk-style_context.ads:299:80: (style) this line is too long: 83 [-gnatyM]
   [Ada]          gtk-cell_renderer_toggle.adb
gtk-text_tag.ads:133:80: (style) this line is too long: 83 [-gnatyM]
gtk-text_tag.ads:222:80: (style) this line is too long: 81 [-gnatyM]
gtk-text_tag.ads:306:06: (style) trailing spaces not permitted [-gnatyb]
gtk-text_tag.ads:314:07: (style) space required [-gnatyc]
gtk-text_tag.ads:367:80: (style) this line is too long: 81 [-gnatyM]
gtk-text_tag.ads:371:80: (style) this line is too long: 81 [-gnatyM]
gtk-text_tag.ads:375:80: (style) this line is too long: 81 [-gnatyM]
gtk-text_tag.ads:379:80: (style) this line is too long: 83 [-gnatyM]
gtk-text_tag.ads:437:80: (style) this line is too long: 85 [-gnatyM]
gtk-text_tag.ads:439:80: (style) this line is too long: 81 [-gnatyM]
   [Ada]          glib-menu.adb
gtk-dialog.ads:439:80: (style) this line is too long: 96 [-gnatyM]
   [Ada]          gtk-toggle_button.adb
   [Ada]          gtk-print_context.adb
glib-menu.ads:37:06: warning: unnecessary with of ancestor [-gnatwr]
   [Ada]          gtk-layout.adb
   [Ada]          gtk-list_box.adb
gtk-cell_renderer_toggle.ads:41:80: (style) this line is too long: 89 [-gnatyM]
gtk-cell_renderer_toggle.ads:42:80: (style) this line is too long: 85 [-gnatyM]
gtk-cell_renderer_toggle.ads:140:80: (style) this line is too long: 81 [-gnatyM]
   [Ada]          gtk-fixed.adb
   [Ada]          gtk-tool_item.adb
gtk-toggle_button.ads:310:80: (style) this line is too long: 82 [-gnatyM]
gtk-toggle_button.ads:321:80: (style) this line is too long: 84 [-gnatyM]
gtk-toggle_button.ads:332:80: (style) this line is too long: 80 [-gnatyM]
   [Ada]          gtk-switch.adb
   [Ada]          gtk-font_button.adb
gtk-list_box.ads:288:80: (style) this line is too long: 84 [-gnatyM]
gtk-list_box.ads:290:80: (style) this line is too long: 80 [-gnatyM]
gtk-list_box.ads:329:80: (style) this line is too long: 84 [-gnatyM]
gtk-list_box.ads:385:80: (style) this line is too long: 84 [-gnatyM]
gtk-list_box.ads:388:80: (style) this line is too long: 81 [-gnatyM]
gtk-list_box.ads:389:80: (style) this line is too long: 82 [-gnatyM]
gtk-list_box.ads:390:80: (style) this line is too long: 81 [-gnatyM]
gtk-list_box.ads:398:80: (style) this line is too long: 81 [-gnatyM]
gtk-list_box.ads:452:80: (style) this line is too long: 84 [-gnatyM]
gtk-list_box.ads:453:80: (style) this line is too long: 84 [-gnatyM]
gtk-list_box.ads:494:80: (style) this line is too long: 81 [-gnatyM]
gtk-list_box.ads:502:80: (style) this line is too long: 100 [-gnatyM]
gtk-list_box.ads:507:80: (style) this line is too long: 83 [-gnatyM]
gtk-list_box.ads:518:80: (style) this line is too long: 80 [-gnatyM]
gtk-list_box.ads:538:06: (style) trailing spaces not permitted [-gnatyb]
gtk-list_box.ads:595:80: (style) this line is too long: 87 [-gnatyM]
gtk-list_box.ads:656:80: (style) this line is too long: 83 [-gnatyM]
   [Ada]          gtk-message_dialog.adb
gtk-tool_item.ads:174:80: (style) this line is too long: 80 [-gnatyM]
gtk-tool_item.ads:407:06: (style) trailing spaces not permitted [-gnatyb]
gtk-tool_item.ads:411:80: (style) this line is too long: 102 [-gnatyM]
gtk-tool_item.ads:416:80: (style) this line is too long: 85 [-gnatyM]
   [Ada]          gtk-file_chooser_button.adb
gtk-switch.ads:173:80: (style) this line is too long: 96 [-gnatyM]
gtk-switch.ads:224:06: (style) trailing spaces not permitted [-gnatyb]
   [Ada]          glib-option.adb
gtk-font_button.ads:58:80: (style) this line is too long: 80 [-gnatyM]
gtk-font_button.ads:205:80: (style) this line is too long: 83 [-gnatyM]
gtk-font_button.ads:208:80: (style) this line is too long: 80 [-gnatyM]
gtk-font_button.ads:216:80: (style) this line is too long: 83 [-gnatyM]
gtk-font_button.ads:405:80: (style) this line is too long: 80 [-gnatyM]
gtk-font_button.ads:427:80: (style) this line is too long: 82 [-gnatyM]
   [Ada]          gtk-stack.adb
glib-option.ads:32:06: warning: unnecessary with of ancestor [-gnatwr]
glib-option.ads:45:80: (style) this line is too long: 87 [-gnatyM]
glib-option.ads:119:80: (style) this line is too long: 82 [-gnatyM]
glib-option.ads:284:80: (style) this line is too long: 81 [-gnatyM]
glib-option.ads:331:80: (style) this line is too long: 93 [-gnatyM]
glib-option.ads:340:52: (style) space required [-gnatyt]
glib-option.ads:343:80: (style) this line is too long: 80 [-gnatyM]
glib-option.ads:372:80: (style) this line is too long: 86 [-gnatyM]
glib-option.ads:376:56: (style) space required [-gnatyt]
glib-option.ads:379:01: (style) trailing spaces not permitted [-gnatyb]
   [Ada]          gtk-recent_filter.adb
gtk-message_dialog.ads:316:80: (style) this line is too long: 81 [-gnatyM]
gtk-message_dialog.ads:343:80: (style) this line is too long: 82 [-gnatyM]
gtk-message_dialog.ads:362:80: (style) this line is too long: 83 [-gnatyM]
   [Ada]          gtk-status_icon.adb
gtk-recent_filter.ads:102:80: (style) this line is too long: 95 [-gnatyM]
gtk-recent_filter.ads:107:80: (style) this line is too long: 84 [-gnatyM]
gtk-recent_filter.ads:108:80: (style) this line is too long: 84 [-gnatyM]
gtk-recent_filter.ads:109:80: (style) this line is too long: 93 [-gnatyM]
gtk-recent_filter.ads:115:80: (style) this line is too long: 104 [-gnatyM]
gtk-recent_filter.ads:128:80: (style) this line is too long: 92 [-gnatyM]
gtk-recent_filter.ads:217:80: (style) this line is too long: 90 [-gnatyM]
gtk-recent_filter.ads:315:80: (style) this line is too long: 80 [-gnatyM]
   [Ada]          glib-spawn.adb
   [Ada]          gtk-print_settings.adb
gtk-stack.ads:86:80: (style) this line is too long: 96 [-gnatyM]
gtk-stack.ads:252:80: (style) this line is too long: 84 [-gnatyM]
gtk-stack.ads:283:80: (style) this line is too long: 86 [-gnatyM]
   [Ada]          gtk-radio_action.adb
gtk-file_chooser_button.ads:70:80: (style) this line is too long: 83 [-gnatyM]
gtk-file_chooser_button.ads:250:80: (style) this line is too long: 82 [-gnatyM]
gtk-file_chooser_button.ads:462:80: (style) this line is too long: 92 [-gnatyM]
gtk-file_chooser_button.ads:473:80: (style) this line is too long: 98 [-gnatyM]
gtk-file_chooser_button.ads:484:80: (style) this line is too long: 94 [-gnatyM]
   [Ada]          gtk-overlay.adb
gtk-print_settings.ads:57:80: (style) this line is too long: 82 [-gnatyM]
gtk-print_settings.ads:65:80: (style) this line is too long: 93 [-gnatyM]
gtk-print_settings.ads:171:80: (style) this line is too long: 89 [-gnatyM]
   [Ada]          gtk-scrollable.adb
gtk-scrollable.ads:177:80: (style) this line is too long: 81 [-gnatyM]
gtk-scrollable.ads:181:80: (style) this line is too long: 81 [-gnatyM]
gtk-scrollable.ads:186:01: (style) incorrect layout [-gnatyl]
   [Ada]          gtk-ui_manager.adb
gtk-status_icon.ads:40:80: (style) this line is too long: 83 [-gnatyM]
gtk-status_icon.ads:623:80: (style) this line is too long: 81 [-gnatyM]
gtk-status_icon.ads:638:06: (style) trailing spaces not permitted [-gnatyb]
gtk-status_icon.ads:640:80: (style) this line is too long: 80 [-gnatyM]
gtk-status_icon.ads:642:07: (style) space required [-gnatyc]
gtk-status_icon.ads:644:80: (style) this line is too long: 85 [-gnatyM]
gtk-status_icon.ads:659:06: (style) trailing spaces not permitted [-gnatyb]
gtk-status_icon.ads:661:80: (style) this line is too long: 80 [-gnatyM]
gtk-status_icon.ads:663:07: (style) space required [-gnatyc]
gtk-status_icon.ads:694:06: (style) trailing spaces not permitted [-gnatyb]
gtk-status_icon.ads:698:80: (style) this line is too long: 82 [-gnatyM]
gtk-status_icon.ads:701:80: (style) this line is too long: 92 [-gnatyM]
gtk-status_icon.ads:709:80: (style) this line is too long: 84 [-gnatyM]
gtk-status_icon.ads:742:06: (style) trailing spaces not permitted [-gnatyb]
gtk-status_icon.ads:744:80: (style) this line is too long: 84 [-gnatyM]
gtk-status_icon.ads:746:80: (style) this line is too long: 84 [-gnatyM]
gtk-status_icon.ads:748:80: (style) this line is too long: 80 [-gnatyM]
gtk-status_icon.ads:750:80: (style) this line is too long: 80 [-gnatyM]
gtk-status_icon.ads:775:06: (style) trailing spaces not permitted [-gnatyb]
gtk-status_icon.ads:777:80: (style) this line is too long: 80 [-gnatyM]
gtk-status_icon.ads:778:80: (style) this line is too long: 82 [-gnatyM]
gtk-status_icon.ads:801:06: (style) trailing spaces not permitted [-gnatyb]
gtk-status_icon.ads:805:07: (style) space required [-gnatyc]
   [Ada]          gtk-stack_switcher.adb
gtk-overlay.ads:98:80: (style) this line is too long: 83 [-gnatyM]
gtk-overlay.ads:110:80: (style) this line is too long: 81 [-gnatyM]
gtk-overlay.ads:131:06: (style) trailing spaces not permitted [-gnatyb]
   [Ada]          gtk-text_tag_table.adb
gtk-radio_action.ads:44:80: (style) this line is too long: 81 [-gnatyM]
   [Ada]          gtk-tool_item_group.adb
gtk-stack_switcher.ads:124:80: (style) this line is too long: 82 [-gnatyM]
gtk-stack_switcher.ads:135:80: (style) this line is too long: 84 [-gnatyM]
   [Ada]          gtk-enums.adb
gtk-tool_item_group.ads:46:80: (style) this line is too long: 80 [-gnatyM]
gtk-tool_item_group.ads:263:80: (style) this line is too long: 84 [-gnatyM]
gtk-tool_item_group.ads:274:80: (style) this line is too long: 86 [-gnatyM]
   [Ada]          gtk-tool_palette.adb
gtk-text_tag_table.ads:113:80: (style) this line is too long: 85 [-gnatyM]
gtk-text_tag_table.ads:166:80: (style) this line is too long: 84 [-gnatyM]
gtk-text_tag_table.ads:186:06: (style) trailing spaces not permitted [-gnatyb]
gtk-text_tag_table.ads:210:80: (style) this line is too long: 82 [-gnatyM]
   [Ada]          gtk-selection_data.adb
gtk-ui_manager.ads:241:80: (style) this line is too long: 80 [-gnatyM]
gtk-ui_manager.ads:429:80: (style) this line is too long: 85 [-gnatyM]
gtk-ui_manager.ads:452:80: (style) this line is too long: 86 [-gnatyM]
gtk-ui_manager.ads:488:80: (style) this line is too long: 104 [-gnatyM]
gtk-ui_manager.ads:528:80: (style) this line is too long: 81 [-gnatyM]
gtk-ui_manager.ads:554:06: (style) trailing spaces not permitted [-gnatyb]
gtk-ui_manager.ads:571:06: (style) trailing spaces not permitted [-gnatyb]
   [Ada]          gtk-cell_renderer.adb
gtk-selection_data.ads:38:80: (style) this line is too long: 93 [-gnatyM]
gtk-selection_data.ads:215:80: (style) this line is too long: 92 [-gnatyM]
   [Ada]          glib-cancellable.adb
gtk-enums.adb:38:04: warning: possible aliasing problem for type "Chars_Ptr" [enabled by default]
gtk-enums.adb:38:04: warning: use -fno-strict-aliasing switch for references [enabled by default]
gtk-enums.adb:38:04: warning: or use "pragma No_Strict_Aliasing (Chars_Ptr);" [enabled by default]
gtk-enums.ads:643:80: (style) this line is too long: 82 [-gnatyM]
gtk-enums.ads:647:80: (style) this line is too long: 86 [-gnatyM]
gtk-enums.ads:659:80: (style) this line is too long: 82 [-gnatyM]
gtk-enums.ads:667:80: (style) this line is too long: 82 [-gnatyM]
gtk-enums.ads:675:80: (style) this line is too long: 82 [-gnatyM]
gtk-enums.ads:679:80: (style) this line is too long: 88 [-gnatyM]
gtk-enums.ads:683:80: (style) this line is too long: 80 [-gnatyM]
gtk-enums.ads:687:80: (style) this line is too long: 92 [-gnatyM]
gtk-enums.ads:691:80: (style) this line is too long: 80 [-gnatyM]
gtk-enums.ads:699:80: (style) this line is too long: 80 [-gnatyM]
gtk-enums.ads:703:80: (style) this line is too long: 86 [-gnatyM]
gtk-enums.ads:711:80: (style) this line is too long: 82 [-gnatyM]
gtk-enums.ads:719:80: (style) this line is too long: 86 [-gnatyM]
gtk-enums.ads:727:80: (style) this line is too long: 80 [-gnatyM]
gtk-enums.ads:731:80: (style) this line is too long: 88 [-gnatyM]
gtk-enums.ads:735:80: (style) this line is too long: 94 [-gnatyM]
gtk-enums.ads:739:80: (style) this line is too long: 82 [-gnatyM]
gtk-enums.ads:743:80: (style) this line is too long: 90 [-gnatyM]
gtk-enums.ads:755:80: (style) this line is too long: 80 [-gnatyM]
gtk-enums.ads:767:80: (style) this line is too long: 80 [-gnatyM]
gtk-enums.ads:791:80: (style) this line is too long: 88 [-gnatyM]
gtk-enums.ads:795:80: (style) this line is too long: 82 [-gnatyM]
gtk-enums.ads:799:80: (style) this line is too long: 86 [-gnatyM]
gtk-enums.ads:807:80: (style) this line is too long: 88 [-gnatyM]
gtk-enums.ads:827:80: (style) this line is too long: 82 [-gnatyM]
gtk-enums.ads:831:80: (style) this line is too long: 86 [-gnatyM]
gtk-enums.ads:835:80: (style) this line is too long: 94 [-gnatyM]
gtk-enums.ads:839:80: (style) this line is too long: 92 [-gnatyM]
gtk-enums.ads:843:80: (style) this line is too long: 80 [-gnatyM]
gtk-enums.ads:851:80: (style) this line is too long: 84 [-gnatyM]
   [Ada]          gtk-radio_menu_item.adb
gtk-tool_palette.ads:124:80: (style) this line is too long: 80 [-gnatyM]
gtk-tool_palette.ads:128:80: (style) this line is too long: 104 [-gnatyM]
gtk-tool_palette.ads:201:80: (style) this line is too long: 84 [-gnatyM]
gtk-tool_palette.ads:211:80: (style) this line is too long: 88 [-gnatyM]
gtk-tool_palette.ads:222:80: (style) this line is too long: 84 [-gnatyM]
gtk-tool_palette.ads:232:80: (style) this line is too long: 85 [-gnatyM]
gtk-tool_palette.ads:242:80: (style) this line is too long: 84 [-gnatyM]
gtk-tool_palette.ads:251:80: (style) this line is too long: 87 [-gnatyM]
gtk-tool_palette.ads:416:80: (style) this line is too long: 80 [-gnatyM]
gtk-tool_palette.ads:427:80: (style) this line is too long: 80 [-gnatyM]
   [Ada]          gtk-font_selection.adb
gtk-font_selection.ads:207:80: (style) this line is too long: 82 [-gnatyM]
gtk-font_selection.ads:218:80: (style) this line is too long: 84 [-gnatyM]
   [Ada]          pango-context.adb
glib-cancellable.ads:31:06: warning: unnecessary with of ancestor [-gnatwr]
glib-cancellable.ads:133:80: (style) this line is too long: 81 [-gnatyM]
glib-cancellable.ads:134:80: (style) this line is too long: 82 [-gnatyM]
glib-cancellable.ads:135:80: (style) this line is too long: 81 [-gnatyM]
glib-cancellable.ads:136:80: (style) this line is too long: 81 [-gnatyM]
glib-cancellable.ads:140:80: (style) this line is too long: 89 [-gnatyM]
glib-cancellable.ads:255:80: (style) this line is too long: 100 [-gnatyM]
   [Ada]          gtk-color_selection.adb
gtk-cell_renderer.ads:104:80: (style) this line is too long: 84 [-gnatyM]
gtk-cell_renderer.ads:105:80: (style) this line is too long: 84 [-gnatyM]
gtk-cell_renderer.ads:106:80: (style) this line is too long: 88 [-gnatyM]
gtk-cell_renderer.ads:114:80: (style) this line is too long: 92 [-gnatyM]
gtk-cell_renderer.ads:118:80: (style) this line is too long: 90 [-gnatyM]
gtk-cell_renderer.ads:482:80: (style) this line is too long: 92 [-gnatyM]
gtk-cell_renderer.ads:487:80: (style) this line is too long: 82 [-gnatyM]
gtk-cell_renderer.ads:515:06: (style) trailing spaces not permitted [-gnatyb]
gtk-cell_renderer.ads:535:80: (style) this line is too long: 80 [-gnatyM]
   [Ada]          gtk-level_bar.adb
   [Ada]          gtk-page_setup.adb
   [Ada]          gtk-scale.adb
gtk-radio_menu_item.ads:61:80: (style) this line is too long: 86 [-gnatyM]
gtk-radio_menu_item.ads:246:80: (style) this line is too long: 86 [-gnatyM]
gtk-radio_menu_item.ads:257:80: (style) this line is too long: 88 [-gnatyM]
gtk-radio_menu_item.ads:268:80: (style) this line is too long: 84 [-gnatyM]
   [Ada]          gtk-combo_box.adb
   [Ada]          gtk-target_list.adb
gtk-color_selection.ads:203:33: (style) space required [-gnatyt]
gtk-color_selection.ads:306:80: (style) this line is too long: 84 [-gnatyM]
gtk-color_selection.ads:317:80: (style) this line is too long: 86 [-gnatyM]
   [Ada]          gtk-gesture_multi_press.adb
gtk-target_list.ads:42:80: (style) this line is too long: 87 [-gnatyM]
gtk-target_list.ads:158:80: (style) this line is too long: 86 [-gnatyM]
   [Ada]          glib-action.adb
glib-action.ads:56:06: warning: unnecessary with of ancestor [-gnatwr]
glib-action.ads:61:16: (style) space required [-gnatyt]
glib-action.ads:63:16: (style) space required [-gnatyt]
glib-action.ads:238:80: (style) this line is too long: 90 [-gnatyM]
glib-action.ads:248:80: (style) this line is too long: 90 [-gnatyM]
glib-action.ads:260:80: (style) this line is too long: 85 [-gnatyM]
glib-action.ads:267:80: (style) this line is too long: 91 [-gnatyM]
glib-action.ads:272:80: (style) this line is too long: 105 [-gnatyM]
glib-action.ads:283:80: (style) this line is too long: 84 [-gnatyM]
glib-action.ads:293:80: (style) this line is too long: 89 [-gnatyM]
glib-action.ads:311:80: (style) this line is too long: 101 [-gnatyM]
glib-action.ads:350:80: (style) this line is too long: 85 [-gnatyM]
glib-action.ads:380:01: (style) incorrect layout [-gnatyl]
   [Ada]          gtk-widget.adb
gtk-scale.ads:429:06: (style) trailing spaces not permitted [-gnatyb]
   [Ada]          gtk-css_provider.adb
gtk-gesture_multi_press.ads:48:80: (style) this line is too long: 89 [-gnatyM]
gtk-gesture_multi_press.ads:49:80: (style) this line is too long: 83 [-gnatyM]
gtk-gesture_multi_press.ads:110:80: (style) this line is too long: 89 [-gnatyM]
gtk-gesture_multi_press.ads:133:06: (style) trailing spaces not permitted [-gnatyb]
gtk-gesture_multi_press.ads:154:06: (style) trailing spaces not permitted [-gnatyb]
   [Ada]          gtk-alignment.adb
gtk-css_provider.ads:913:06: (style) trailing spaces not permitted [-gnatyb]
gtk-css_provider.ads:926:80: (style) this line is too long: 88 [-gnatyM]
   [Ada]          gtk-adjustment.adb
gtk-combo_box.ads:89:80: (style) this line is too long: 85 [-gnatyM]
gtk-combo_box.ads:480:80: (style) this line is too long: 81 [-gnatyM]
gtk-combo_box.ads:481:80: (style) this line is too long: 81 [-gnatyM]
gtk-combo_box.ads:503:80: (style) this line is too long: 86 [-gnatyM]
gtk-combo_box.ads:521:80: (style) this line is too long: 88 [-gnatyM]
gtk-combo_box.ads:525:80: (style) this line is too long: 81 [-gnatyM]
gtk-combo_box.ads:535:80: (style) this line is too long: 81 [-gnatyM]
gtk-combo_box.ads:536:80: (style) this line is too long: 89 [-gnatyM]
gtk-combo_box.ads:584:80: (style) this line is too long: 86 [-gnatyM]
gtk-combo_box.ads:592:80: (style) this line is too long: 87 [-gnatyM]
gtk-combo_box.ads:600:80: (style) this line is too long: 86 [-gnatyM]
gtk-combo_box.ads:605:80: (style) this line is too long: 86 [-gnatyM]
gtk-combo_box.ads:610:80: (style) this line is too long: 86 [-gnatyM]
gtk-combo_box.ads:635:80: (style) this line is too long: 82 [-gnatyM]
gtk-combo_box.ads:706:80: (style) this line is too long: 102 [-gnatyM]
gtk-combo_box.ads:765:06: (style) trailing spaces not permitted [-gnatyb]
gtk-combo_box.ads:767:80: (style) this line is too long: 81 [-gnatyM]
gtk-combo_box.ads:770:07: (style) space required [-gnatyc]
gtk-combo_box.ads:853:80: (style) this line is too long: 80 [-gnatyM]
gtk-combo_box.ads:901:80: (style) this line is too long: 84 [-gnatyM]
   [Ada]          gtk-main.adb
   [Ada]          gtk-tree_view_column.adb
   [Ada]          pango-font_face.adb
   [Ada]          gtk-arrow.adb
gtk-adjustment.ads:320:80: (style) this line is too long: 104 [-gnatyM]
   [Ada]          gtk-flow_box_child.adb
   [Ada]          gtk-tooltip.adb
   [Ada]          gtk-vbutton_box.adb
gtk-tree_view_column.ads:66:80: (style) this line is too long: 90 [-gnatyM]
gtk-tree_view_column.ads:67:80: (style) this line is too long: 90 [-gnatyM]
gtk-tree_view_column.ads:68:80: (style) this line is too long: 87 [-gnatyM]
gtk-tree_view_column.ads:76:80: (style) this line is too long: 85 [-gnatyM]
gtk-tree_view_column.ads:93:80: (style) this line is too long: 100 [-gnatyM]
gtk-tree_view_column.ads:141:80: (style) this line is too long: 88 [-gnatyM]
gtk-tree_view_column.ads:201:80: (style) this line is too long: 87 [-gnatyM]
gtk-tree_view_column.ads:469:80: (style) this line is too long: 86 [-gnatyM]
gtk-tree_view_column.ads:487:80: (style) this line is too long: 88 [-gnatyM]
gtk-tree_view_column.ads:491:80: (style) this line is too long: 81 [-gnatyM]
gtk-tree_view_column.ads:501:80: (style) this line is too long: 95 [-gnatyM]
gtk-tree_view_column.ads:502:80: (style) this line is too long: 89 [-gnatyM]
gtk-tree_view_column.ads:526:80: (style) this line is too long: 86 [-gnatyM]
gtk-tree_view_column.ads:535:80: (style) this line is too long: 87 [-gnatyM]
gtk-tree_view_column.ads:543:80: (style) this line is too long: 86 [-gnatyM]
gtk-tree_view_column.ads:548:80: (style) this line is too long: 86 [-gnatyM]
gtk-tree_view_column.ads:553:80: (style) this line is too long: 86 [-gnatyM]
gtk-tree_view_column.ads:587:80: (style) this line is too long: 88 [-gnatyM]
gtk-tree_view_column.ads:643:80: (style) this line is too long: 86 [-gnatyM]
gtk-tree_view_column.ads:654:80: (style) this line is too long: 90 [-gnatyM]
gtk-tree_view_column.ads:683:80: (style) this line is too long: 90 [-gnatyM]
   [Ada]          gdk-device.adb
gtk-flow_box_child.ads:126:80: (style) this line is too long: 82 [-gnatyM]
   [Ada]          glib-iochannel.adb
gdk-device.ads:35:06: warning: unnecessary with of ancestor [-gnatwr]
   [Ada]          gtk-tearoff_menu_item.adb
glib-iochannel.ads:33:06: warning: unnecessary with of ancestor [-gnatwr]
glib-iochannel.ads:149:80: (style) this line is too long: 87 [-gnatyM]
glib-iochannel.ads:233:80: (style) this line is too long: 80 [-gnatyM]
   [Ada]          gtk-tree_model_filter.adb
   [Ada]          gtk-im_context_simple.adb
gtk-im_context_simple.ads:31:80: (style) this line is too long: 83 [-gnatyM]
   [Ada]          gtk-revealer.adb
gtk-tearoff_menu_item.ads:56:80: (style) this line is too long: 82 [-gnatyM]
gtk-tearoff_menu_item.ads:144:80: (style) this line is too long: 90 [-gnatyM]
gtk-tearoff_menu_item.ads:155:80: (style) this line is too long: 92 [-gnatyM]
gtk-tearoff_menu_item.ads:166:80: (style) this line is too long: 88 [-gnatyM]
   [Ada]          gtk-im_multi_context.adb
gtk-revealer.ads:68:80: (style) this line is too long: 102 [-gnatyM]
gtk-revealer.ads:156:80: (style) this line is too long: 90 [-gnatyM]
gtk-revealer.ads:178:80: (style) this line is too long: 92 [-gnatyM]
   [Ada]          gtk-gesture_drag.adb
gtk-im_multi_context.ads:32:80: (style) this line is too long: 82 [-gnatyM]
   [Ada]          gtk-font_chooser_dialog.adb
gtk-tree_model_filter.ads:107:80: (style) this line is too long: 88 [-gnatyM]
gtk-tree_model_filter.ads:282:80: (style) this line is too long: 80 [-gnatyM]
gtk-tree_model_filter.ads:289:80: (style) this line is too long: 81 [-gnatyM]
gtk-tree_model_filter.ads:295:80: (style) this line is too long: 91 [-gnatyM]
gtk-tree_model_filter.ads:363:80: (style) this line is too long: 80 [-gnatyM]
gtk-tree_model_filter.ads:371:80: (style) this line is too long: 90 [-gnatyM]
gtk-tree_model_filter.ads:426:80: (style) this line is too long: 96 [-gnatyM]
gtk-tree_model_filter.ads:589:80: (style) this line is too long: 102 [-gnatyM]
gtk-tree_model_filter.ads:600:80: (style) this line is too long: 90 [-gnatyM]
   [Ada]          glib-variant.adb
gtk-widget.ads:382:80: (style) this line is too long: 81 [-gnatyM]
gtk-widget.ads:389:80: (style) this line is too long: 81 [-gnatyM]
gtk-widget.ads:445:80: (style) this line is too long: 81 [-gnatyM]
gtk-widget.ads:486:80: (style) this line is too long: 86 [-gnatyM]
gtk-widget.ads:509:80: (style) this line is too long: 83 [-gnatyM]
gtk-widget.ads:588:80: (style) this line is too long: 84 [-gnatyM]
gtk-widget.ads:2779:80: (style) this line is too long: 82 [-gnatyM]
gtk-widget.ads:3144:80: (style) this line is too long: 88 [-gnatyM]
gtk-widget.ads:3178:80: (style) this line is too long: 81 [-gnatyM]
gtk-widget.ads:3179:80: (style) this line is too long: 81 [-gnatyM]
gtk-widget.ads:3181:80: (style) this line is too long: 81 [-gnatyM]
gtk-widget.ads:3269:32: (style) space required [-gnatyt]
gtk-widget.ads:3322:80: (style) this line is too long: 84 [-gnatyM]
gtk-widget.ads:3618:80: (style) this line is too long: 96 [-gnatyM]
gtk-widget.ads:3623:80: (style) this line is too long: 89 [-gnatyM]
gtk-widget.ads:3642:80: (style) this line is too long: 81 [-gnatyM]
gtk-widget.ads:3659:06: (style) trailing spaces not permitted [-gnatyb]
gtk-widget.ads:3661:80: (style) this line is too long: 81 [-gnatyM]
gtk-widget.ads:3662:80: (style) this line is too long: 82 [-gnatyM]
gtk-widget.ads:3665:80: (style) this line is too long: 85 [-gnatyM]
gtk-widget.ads:3682:06: (style) trailing spaces not permitted [-gnatyb]
gtk-widget.ads:3684:80: (style) this line is too long: 81 [-gnatyM]
gtk-widget.ads:3685:80: (style) this line is too long: 82 [-gnatyM]
gtk-widget.ads:3696:80: (style) this line is too long: 81 [-gnatyM]
gtk-widget.ads:3711:06: (style) trailing spaces not permitted [-gnatyb]
gtk-widget.ads:3738:80: (style) this line is too long: 81 [-gnatyM]
gtk-widget.ads:3775:06: (style) trailing spaces not permitted [-gnatyb]
gtk-widget.ads:3777:80: (style) this line is too long: 84 [-gnatyM]
gtk-widget.ads:3778:80: (style) this line is too long: 82 [-gnatyM]
gtk-widget.ads:3802:06: (style) trailing spaces not permitted [-gnatyb]
gtk-widget.ads:3805:80: (style) this line is too long: 82 [-gnatyM]
gtk-widget.ads:3831:06: (style) trailing spaces not permitted [-gnatyb]
gtk-widget.ads:3834:80: (style) this line is too long: 82 [-gnatyM]
gtk-widget.ads:3869:06: (style) trailing spaces not permitted [-gnatyb]
gtk-widget.ads:3872:80: (style) this line is too long: 82 [-gnatyM]
gtk-widget.ads:3938:80: (style) this line is too long: 99 [-gnatyM]
gtk-widget.ads:3945:80: (style) this line is too long: 96 [-gnatyM]
gtk-widget.ads:3967:06: (style) trailing spaces not permitted [-gnatyb]
gtk-widget.ads:3970:80: (style) this line is too long: 84 [-gnatyM]
gtk-widget.ads:3976:80: (style) this line is too long: 109 [-gnatyM]
gtk-widget.ads:3985:80: (style) this line is too long: 106 [-gnatyM]
gtk-widget.ads:3994:80: (style) this line is too long: 81 [-gnatyM]
gtk-widget.ads:3997:80: (style) this line is too long: 88 [-gnatyM]
gtk-widget.ads:4001:80: (style) this line is too long: 85 [-gnatyM]
gtk-widget.ads:4040:06: (style) trailing spaces not permitted [-gnatyb]
gtk-widget.ads:4050:80: (style) this line is too long: 86 [-gnatyM]
gtk-widget.ads:4057:80: (style) this line is too long: 83 [-gnatyM]
gtk-widget.ads:4084:06: (style) trailing spaces not permitted [-gnatyb]
gtk-widget.ads:4106:80: (style) this line is too long: 86 [-gnatyM]
gtk-widget.ads:4111:80: (style) this line is too long: 83 [-gnatyM]
gtk-widget.ads:4131:06: (style) trailing spaces not permitted [-gnatyb]
gtk-widget.ads:4135:80: (style) this line is too long: 80 [-gnatyM]
gtk-widget.ads:4166:06: (style) trailing spaces not permitted [-gnatyb]
gtk-widget.ads:4233:06: (style) trailing spaces not permitted [-gnatyb]
gtk-widget.ads:4275:06: (style) trailing spaces not permitted [-gnatyb]
gtk-widget.ads:4278:80: (style) this line is too long: 82 [-gnatyM]
gtk-widget.ads:4289:80: (style) this line is too long: 81 [-gnatyM]
gtk-widget.ads:4306:06: (style) trailing spaces not permitted [-gnatyb]
gtk-widget.ads:4308:80: (style) this line is too long: 83 [-gnatyM]
gtk-widget.ads:4309:80: (style) this line is too long: 82 [-gnatyM]
gtk-widget.ads:4327:06: (style) trailing spaces not permitted [-gnatyb]
gtk-widget.ads:4330:80: (style) this line is too long: 81 [-gnatyM]
gtk-widget.ads:4331:07: (style) space required [-gnatyc]
gtk-widget.ads:4376:06: (style) trailing spaces not permitted [-gnatyb]
gtk-widget.ads:4378:80: (style) this line is too long: 120 [-gnatyM]
gtk-widget.ads:4403:06: (style) trailing spaces not permitted [-gnatyb]
gtk-widget.ads:4405:80: (style) this line is too long: 80 [-gnatyM]
gtk-widget.ads:4406:80: (style) this line is too long: 82 [-gnatyM]
gtk-widget.ads:4424:06: (style) trailing spaces not permitted [-gnatyb]
gtk-widget.ads:4426:80: (style) this line is too long: 80 [-gnatyM]
gtk-widget.ads:4427:80: (style) this line is too long: 82 [-gnatyM]
gtk-widget.ads:4454:06: (style) trailing spaces not permitted [-gnatyb]
gtk-widget.ads:4558:06: (style) trailing spaces not permitted [-gnatyb]
gtk-widget.ads:4561:80: (style) this line is too long: 82 [-gnatyM]
gtk-widget.ads:4580:06: (style) trailing spaces not permitted [-gnatyb]
gtk-widget.ads:4583:80: (style) this line is too long: 82 [-gnatyM]
gtk-widget.ads:4598:06: (style) trailing spaces not permitted [-gnatyb]
gtk-widget.ads:4605:80: (style) this line is too long: 81 [-gnatyM]
gtk-widget.ads:4622:06: (style) trailing spaces not permitted [-gnatyb]
gtk-widget.ads:4624:80: (style) this line is too long: 83 [-gnatyM]
gtk-widget.ads:4625:80: (style) this line is too long: 82 [-gnatyM]
gtk-widget.ads:4672:06: (style) trailing spaces not permitted [-gnatyb]
gtk-widget.ads:4675:80: (style) this line is too long: 82 [-gnatyM]
gtk-widget.ads:4696:06: (style) trailing spaces not permitted [-gnatyb]
gtk-widget.ads:4698:80: (style) this line is too long: 82 [-gnatyM]
gtk-widget.ads:4699:07: (style) space required [-gnatyc]
gtk-widget.ads:4709:80: (style) this line is too long: 83 [-gnatyM]
gtk-widget.ads:4726:06: (style) trailing spaces not permitted [-gnatyb]
gtk-widget.ads:4728:80: (style) this line is too long: 81 [-gnatyM]
gtk-widget.ads:4729:80: (style) this line is too long: 82 [-gnatyM]
gtk-widget.ads:4788:06: (style) trailing spaces not permitted [-gnatyb]
gtk-widget.ads:4800:80: (style) this line is too long: 87 [-gnatyM]
gtk-widget.ads:4815:06: (style) trailing spaces not permitted [-gnatyb]
gtk-widget.ads:4817:80: (style) this line is too long: 83 [-gnatyM]
gtk-widget.ads:4818:80: (style) this line is too long: 82 [-gnatyM]
gtk-widget.ads:4829:80: (style) this line is too long: 81 [-gnatyM]
gtk-widget.ads:4843:06: (style) trailing spaces not permitted [-gnatyb]
gtk-widget.ads:4845:80: (style) this line is too long: 84 [-gnatyM]
gtk-widget.ads:4846:80: (style) this line is too long: 82 [-gnatyM]
gtk-widget.ads:4849:80: (style) this line is too long: 83 [-gnatyM]
gtk-widget.ads:4863:06: (style) trailing spaces not permitted [-gnatyb]
gtk-widget.ads:4865:80: (style) this line is too long: 84 [-gnatyM]
gtk-widget.ads:4866:80: (style) this line is too long: 82 [-gnatyM]
gtk-widget.ads:4869:80: (style) this line is too long: 83 [-gnatyM]
gtk-widget.ads:4877:80: (style) this line is too long: 80 [-gnatyM]
gtk-widget.ads:4906:06: (style) trailing spaces not permitted [-gnatyb]
gtk-widget.ads:4908:80: (style) this line is too long: 84 [-gnatyM]
gtk-widget.ads:4910:80: (style) this line is too long: 84 [-gnatyM]
gtk-widget.ads:4912:80: (style) this line is too long: 80 [-gnatyM]
gtk-widget.ads:4914:80: (style) this line is too long: 80 [-gnatyM]
gtk-widget.ads:4977:06: (style) trailing spaces not permitted [-gnatyb]
gtk-widget.ads:4979:80: (style) this line is too long: 81 [-gnatyM]
gtk-widget.ads:4980:80: (style) this line is too long: 82 [-gnatyM]
gtk-widget.ads:4991:80: (style) this line is too long: 87 [-gnatyM]
gtk-widget.ads:5003:06: (style) trailing spaces not permitted [-gnatyb]
gtk-widget.ads:5005:80: (style) this line is too long: 84 [-gnatyM]
gtk-widget.ads:5006:80: (style) this line is too long: 82 [-gnatyM]
gtk-widget.ads:5009:80: (style) this line is too long: 86 [-gnatyM]
gtk-widget.ads:5015:80: (style) this line is too long: 83 [-gnatyM]
gtk-widget.ads:5031:06: (style) trailing spaces not permitted [-gnatyb]
gtk-widget.ads:5034:80: (style) this line is too long: 89 [-gnatyM]
gtk-widget.ads:5044:06: (style) trailing spaces not permitted [-gnatyb]
gtk-widget.ads:5046:80: (style) this line is too long: 120 [-gnatyM]
gtk-widget.ads:5048:80: (style) this line is too long: 80 [-gnatyM]
gtk-widget.ads:5058:80: (style) this line is too long: 81 [-gnatyM]
gtk-widget.ads:5068:06: (style) trailing spaces not permitted [-gnatyb]
gtk-widget.ads:5071:80: (style) this line is too long: 91 [-gnatyM]
gtk-widget.ads:5083:06: (style) trailing spaces not permitted [-gnatyb]
gtk-widget.ads:5085:80: (style) this line is too long: 84 [-gnatyM]
gtk-widget.ads:5086:80: (style) this line is too long: 82 [-gnatyM]
gtk-widget.ads:5120:06: (style) trailing spaces not permitted [-gnatyb]
gtk-widget.ads:5122:80: (style) this line is too long: 82 [-gnatyM]
gtk-widget.ads:5123:07: (style) space required [-gnatyc]
gtk-widget.ads:5173:80: (style) this line is too long: 83 [-gnatyM]
gtk-widget.ads:5272:06: (style) trailing spaces not permitted [-gnatyb]
gtk-widget.ads:5275:80: (style) this line is too long: 82 [-gnatyM]
gtk-widget.ads:5301:80: (style) this line is too long: 91 [-gnatyM]
gtk-widget.ads:5316:06: (style) trailing spaces not permitted [-gnatyb]
gtk-widget.ads:5320:80: (style) this line is too long: 82 [-gnatyM]
gtk-widget.ads:5323:80: (style) this line is too long: 80 [-gnatyM]
gtk-widget.ads:5331:80: (style) this line is too long: 81 [-gnatyM]
gtk-widget.ads:5347:06: (style) trailing spaces not permitted [-gnatyb]
   [Ada]          gdk-cursor.adb
glib-variant.ads:237:06: warning: unnecessary with of ancestor [-gnatwr]
glib-variant.ads:1270:51: (style) space required [-gnatyt]
glib-variant.ads:1271:51: (style) space required [-gnatyt]
glib-variant.ads:1272:51: (style) space required [-gnatyt]
glib-variant.ads:1273:51: (style) space required [-gnatyt]
   [Ada]          gtk-style_provider.adb
   [Ada]          gtk-color_selection_dialog.adb
gtk-font_chooser_dialog.ads:50:80: (style) this line is too long: 81 [-gnatyM]
gtk-font_chooser_dialog.ads:51:80: (style) this line is too long: 83 [-gnatyM]
gtk-font_chooser_dialog.ads:58:80: (style) this line is too long: 80 [-gnatyM]
gtk-font_chooser_dialog.ads:116:80: (style) this line is too long: 83 [-gnatyM]
gtk-font_chooser_dialog.ads:119:80: (style) this line is too long: 80 [-gnatyM]
gtk-font_chooser_dialog.ads:127:80: (style) this line is too long: 99 [-gnatyM]
gtk-font_chooser_dialog.ads:198:80: (style) this line is too long: 92 [-gnatyM]
gtk-font_chooser_dialog.ads:209:80: (style) this line is too long: 98 [-gnatyM]
   [Ada]          gtk-text_attributes.adb
gtk-gesture_drag.ads:43:80: (style) this line is too long: 82 [-gnatyM]
gtk-gesture_drag.ads:122:06: (style) trailing spaces not permitted [-gnatyb]
gtk-gesture_drag.ads:138:06: (style) trailing spaces not permitted [-gnatyb]
gtk-gesture_drag.ads:154:06: (style) trailing spaces not permitted [-gnatyb]
   [Ada]          glib-poll.adb
glib-poll.ads:26:06: warning: unnecessary with of ancestor [-gnatwr]
   [Ada]          gtk-container.adb
gtk-text_attributes.ads:53:80: (style) this line is too long: 89 [-gnatyM]
gtk-text_attributes.ads:82:80: (style) this line is too long: 89 [-gnatyM]
   [Ada]          gtk-about_dialog.adb
gtk-style_provider.ads:102:01: (style) incorrect layout [-gnatyl]
   [Ada]          gtk-offscreen_window.adb
gtk-color_selection_dialog.ads:42:80: (style) this line is too long: 84 [-gnatyM]
gtk-color_selection_dialog.ads:43:80: (style) this line is too long: 89 [-gnatyM]
gtk-color_selection_dialog.ads:53:80: (style) this line is too long: 88 [-gnatyM]
gtk-color_selection_dialog.ads:73:80: (style) this line is too long: 82 [-gnatyM]
gtk-color_selection_dialog.ads:105:80: (style) this line is too long: 98 [-gnatyM]
   [Ada]          gdk-display.adb
gtk-offscreen_window.ads:107:80: (style) this line is too long: 86 [-gnatyM]
   [Ada]          gtk-label.adb
gtk-about_dialog.ads:356:38: (style) space required [-gnatyt]
gtk-about_dialog.ads:359:38: (style) space required [-gnatyt]
gtk-about_dialog.ads:362:42: (style) space required [-gnatyt]
gtk-about_dialog.ads:456:06: (style) trailing spaces not permitted [-gnatyb]
   [Ada]          gtk-cell_renderer_text.adb
gtk-container.ads:301:80: (style) this line is too long: 83 [-gnatyM]
gtk-container.ads:338:80: (style) this line is too long: 83 [-gnatyM]
gtk-container.ads:403:80: (style) this line is too long: 80 [-gnatyM]
gtk-container.ads:423:80: (style) this line is too long: 80 [-gnatyM]
gtk-container.ads:568:80: (style) this line is too long: 102 [-gnatyM]
   [Ada]          gtk-spin_button.adb
gdk-display.ads:46:06: warning: unnecessary with of ancestor [-gnatwr]
gdk-display.ads:360:80: (style) this line is too long: 98 [-gnatyM]
   [Ada]          pango-layout.adb
pango-layout.ads:79:80: (style) this line is too long: 91 [-gnatyM]
pango-layout.ads:83:80: (style) this line is too long: 85 [-gnatyM]
pango-layout.ads:101:80: (style) this line is too long: 86 [-gnatyM]
pango-layout.ads:799:01: (style) incorrect layout [-gnatyl]
pango-layout.ads:810:80: (style) this line is too long: 90 [-gnatyM]
   [Ada]          gtk-separator_tool_item.adb
gtk-label.ads:113:80: (style) this line is too long: 81 [-gnatyM]
gtk-label.ads:717:80: (style) this line is too long: 94 [-gnatyM]
gtk-label.ads:722:80: (style) this line is too long: 87 [-gnatyM]
gtk-label.ads:761:06: (style) trailing spaces not permitted [-gnatyb]
gtk-label.ads:781:80: (style) this line is too long: 85 [-gnatyM]
gtk-label.ads:787:80: (style) this line is too long: 83 [-gnatyM]
gtk-label.ads:818:06: (style) trailing spaces not permitted [-gnatyb]
gtk-label.ads:820:80: (style) this line is too long: 82 [-gnatyM]
   [Ada]          gtk-buildable.adb
gtk-buildable.ads:168:01: (style) incorrect layout [-gnatyl]
   [Ada]          gtk-file_chooser_widget.adb
gtk-cell_renderer_text.ads:50:80: (style) this line is too long: 87 [-gnatyM]
gtk-cell_renderer_text.ads:51:80: (style) this line is too long: 81 [-gnatyM]
gtk-cell_renderer_text.ads:268:80: (style) this line is too long: 91 [-gnatyM]
gtk-cell_renderer_text.ads:292:06: (style) trailing spaces not permitted [-gnatyb]
gtk-cell_renderer_text.ads:336:80: (style) this line is too long: 80 [-gnatyM]
   [Ada]          gtk-menu_button.adb
gtk-separator_tool_item.ads:52:80: (style) this line is too long: 84 [-gnatyM]
gtk-separator_tool_item.ads:53:80: (style) this line is too long: 83 [-gnatyM]
gtk-separator_tool_item.ads:147:80: (style) this line is too long: 96 [-gnatyM]
gtk-separator_tool_item.ads:158:80: (style) this line is too long: 92 [-gnatyM]
   [Ada]          gtk-theming_engine.adb
gtk-spin_button.ads:135:80: (style) this line is too long: 104 [-gnatyM]
gtk-spin_button.ads:237:80: (style) this line is too long: 81 [-gnatyM]
gtk-spin_button.ads:467:80: (style) this line is too long: 92 [-gnatyM]
gtk-spin_button.ads:531:06: (style) trailing spaces not permitted [-gnatyb]
gtk-spin_button.ads:565:06: (style) trailing spaces not permitted [-gnatyb]
gtk-spin_button.ads:627:80: (style) this line is too long: 84 [-gnatyM]
gtk-spin_button.ads:664:80: (style) this line is too long: 94 [-gnatyM]
   [Ada]          gtk-toggle_tool_button.adb
   [Ada]          gtk-check_button.adb
gtk-menu_button.ads:126:80: (style) this line is too long: 80 [-gnatyM]
gtk-menu_button.ads:383:80: (style) this line is too long: 80 [-gnatyM]
   [Ada]          gtk-tree_sortable.adb
gtk-file_chooser_widget.ads:46:80: (style) this line is too long: 83 [-gnatyM]
gtk-file_chooser_widget.ads:144:80: (style) this line is too long: 82 [-gnatyM]
gtk-file_chooser_widget.ads:364:80: (style) this line is too long: 80 [-gnatyM]
gtk-file_chooser_widget.ads:395:80: (style) this line is too long: 91 [-gnatyM]
gtk-file_chooser_widget.ads:413:80: (style) this line is too long: 87 [-gnatyM]
gtk-file_chooser_widget.ads:543:80: (style) this line is too long: 92 [-gnatyM]
gtk-file_chooser_widget.ads:554:80: (style) this line is too long: 98 [-gnatyM]
gtk-file_chooser_widget.ads:565:80: (style) this line is too long: 94 [-gnatyM]
   [Ada]          gtk-font_chooser.adb
gtk-check_button.ads:51:80: (style) this line is too long: 81 [-gnatyM]
gtk-check_button.ads:170:80: (style) this line is too long: 80 [-gnatyM]
gtk-check_button.ads:181:80: (style) this line is too long: 82 [-gnatyM]
   [Ada]          gtk-status_bar.adb
gtk-toggle_tool_button.ads:47:80: (style) this line is too long: 85 [-gnatyM]
gtk-toggle_tool_button.ads:48:80: (style) this line is too long: 81 [-gnatyM]
gtk-toggle_tool_button.ads:213:80: (style) this line is too long: 92 [-gnatyM]
gtk-toggle_tool_button.ads:224:80: (style) this line is too long: 94 [-gnatyM]
gtk-toggle_tool_button.ads:235:80: (style) this line is too long: 90 [-gnatyM]
   [Ada]          gtk-scrolled_window.adb
gtk-tree_sortable.ads:80:80: (style) this line is too long: 81 [-gnatyM]
gtk-tree_sortable.ads:92:80: (style) this line is too long: 81 [-gnatyM]
gtk-tree_sortable.ads:135:80: (style) this line is too long: 82 [-gnatyM]
gtk-tree_sortable.ads:136:80: (style) this line is too long: 80 [-gnatyM]
gtk-tree_sortable.ads:139:80: (style) this line is too long: 82 [-gnatyM]
gtk-tree_sortable.ads:189:80: (style) this line is too long: 82 [-gnatyM]
gtk-tree_sortable.ads:190:80: (style) this line is too long: 80 [-gnatyM]
gtk-tree_sortable.ads:193:80: (style) this line is too long: 82 [-gnatyM]
gtk-tree_sortable.ads:219:80: (style) this line is too long: 83 [-gnatyM]
gtk-tree_sortable.ads:235:80: (style) this line is too long: 90 [-gnatyM]
gtk-tree_sortable.ads:240:80: (style) this line is too long: 83 [-gnatyM]
gtk-tree_sortable.ads:280:80: (style) this line is too long: 109 [-gnatyM]
gtk-tree_sortable.ads:336:80: (style) this line is too long: 87 [-gnatyM]
gtk-tree_sortable.ads:346:80: (style) this line is too long: 92 [-gnatyM]
gtk-tree_sortable.ads:351:80: (style) this line is too long: 98 [-gnatyM]
gtk-tree_sortable.ads:356:80: (style) this line is too long: 98 [-gnatyM]
gtk-tree_sortable.ads:361:80: (style) this line is too long: 92 [-gnatyM]
gtk-tree_sortable.ads:366:80: (style) this line is too long: 82 [-gnatyM]
gtk-tree_sortable.ads:371:80: (style) this line is too long: 94 [-gnatyM]
gtk-tree_sortable.ads:376:01: (style) incorrect layout [-gnatyl]
   [Ada]          gtk-box.adb
gtk-font_chooser.ads:42:16: (style) space required [-gnatyt]
gtk-font_chooser.ads:44:16: (style) space required [-gnatyt]
gtk-font_chooser.ads:56:80: (style) this line is too long: 80 [-gnatyM]
gtk-font_chooser.ads:165:80: (style) this line is too long: 83 [-gnatyM]
gtk-font_chooser.ads:168:80: (style) this line is too long: 80 [-gnatyM]
gtk-font_chooser.ads:251:80: (style) this line is too long: 97 [-gnatyM]
gtk-font_chooser.ads:258:80: (style) this line is too long: 99 [-gnatyM]
gtk-font_chooser.ads:265:80: (style) this line is too long: 92 [-gnatyM]
gtk-font_chooser.ads:288:80: (style) this line is too long: 83 [-gnatyM]
gtk-font_chooser.ads:293:80: (style) this line is too long: 81 [-gnatyM]
gtk-font_chooser.ads:298:80: (style) this line is too long: 85 [-gnatyM]
gtk-font_chooser.ads:303:80: (style) this line is too long: 81 [-gnatyM]
gtk-font_chooser.ads:308:80: (style) this line is too long: 85 [-gnatyM]
gtk-font_chooser.ads:321:01: (style) incorrect layout [-gnatyl]
   [Ada]          gtk-assistant.adb
gtk-box.ads:358:80: (style) this line is too long: 82 [-gnatyM]
gtk-box.ads:400:80: (style) this line is too long: 84 [-gnatyM]
   [Ada]          gtk-expander.adb
gtk-status_bar.ads:166:80: (style) this line is too long: 82 [-gnatyM]
gtk-status_bar.ads:187:06: (style) trailing spaces not permitted [-gnatyb]
gtk-status_bar.ads:203:06: (style) trailing spaces not permitted [-gnatyb]
   [Ada]          gtk-search_bar.adb
gtk-scrolled_window.ads:177:80: (style) this line is too long: 85 [-gnatyM]
gtk-scrolled_window.ads:297:80: (style) this line is too long: 85 [-gnatyM]
gtk-scrolled_window.ads:354:80: (style) this line is too long: 83 [-gnatyM]
gtk-scrolled_window.ads:379:80: (style) this line is too long: 90 [-gnatyM]
gtk-scrolled_window.ads:403:06: (style) trailing spaces not permitted [-gnatyb]
gtk-scrolled_window.ads:405:80: (style) this line is too long: 80 [-gnatyM]
gtk-scrolled_window.ads:406:80: (style) this line is too long: 83 [-gnatyM]
gtk-scrolled_window.ads:417:80: (style) this line is too long: 84 [-gnatyM]
   [Ada]          gtk-text_child_anchor.adb
   [Ada]          gtk-recent_action.adb
gtk-assistant.ads:93:80: (style) this line is too long: 95 [-gnatyM]
gtk-assistant.ads:106:80: (style) this line is too long: 92 [-gnatyM]
gtk-assistant.ads:354:80: (style) this line is too long: 81 [-gnatyM]
gtk-assistant.ads:405:80: (style) this line is too long: 102 [-gnatyM]
   [Ada]          gtk-window.adb
gtk-expander.ads:296:80: (style) this line is too long: 100 [-gnatyM]
   [Ada]          gtk-gesture_swipe.adb
   [Ada]          gtk-paper_size.adb
gtk-recent_action.ads:111:80: (style) this line is too long: 111 [-gnatyM]
gtk-recent_action.ads:118:80: (style) this line is too long: 111 [-gnatyM]
gtk-recent_action.ads:138:80: (style) this line is too long: 110 [-gnatyM]
gtk-recent_action.ads:205:80: (style) this line is too long: 90 [-gnatyM]
gtk-recent_action.ads:233:80: (style) this line is too long: 83 [-gnatyM]
gtk-recent_action.ads:322:80: (style) this line is too long: 83 [-gnatyM]
gtk-recent_action.ads:356:80: (style) this line is too long: 80 [-gnatyM]
gtk-recent_action.ads:367:80: (style) this line is too long: 90 [-gnatyM]
   [Ada]          gtk-gesture_zoom.adb
gtk-gesture_swipe.ads:48:80: (style) this line is too long: 83 [-gnatyM]
gtk-gesture_swipe.ads:120:06: (style) trailing spaces not permitted [-gnatyb]
   [Ada]          gtk-cell_editable.adb
gtk-paper_size.ads:52:80: (style) this line is too long: 85 [-gnatyM]
gtk-paper_size.ads:61:80: (style) this line is too long: 89 [-gnatyM]
gtk-paper_size.ads:71:80: (style) this line is too long: 89 [-gnatyM]
gtk-paper_size.ads:283:80: (style) this line is too long: 84 [-gnatyM]
gtk-paper_size.ads:299:80: (style) this line is too long: 84 [-gnatyM]
   [Ada]          gtk-list_store.adb
gtk-cell_editable.ads:85:80: (style) this line is too long: 90 [-gnatyM]
gtk-cell_editable.ads:146:80: (style) this line is too long: 85 [-gnatyM]
gtk-cell_editable.ads:150:80: (style) this line is too long: 86 [-gnatyM]
gtk-cell_editable.ads:168:80: (style) this line is too long: 80 [-gnatyM]
gtk-cell_editable.ads:173:80: (style) this line is too long: 82 [-gnatyM]
gtk-cell_editable.ads:178:80: (style) this line is too long: 82 [-gnatyM]
gtk-cell_editable.ads:185:01: (style) incorrect layout [-gnatyl]
   [Ada]          gtk-activatable.adb
   [Ada]          gtk-im_context.adb
gtk-window.ads:178:80: (style) this line is too long: 83 [-gnatyM]
gtk-window.ads:1029:80: (style) this line is too long: 83 [-gnatyM]
gtk-window.ads:1435:80: (style) this line is too long: 85 [-gnatyM]
gtk-window.ads:1496:80: (style) this line is too long: 96 [-gnatyM]
gtk-window.ads:1554:06: (style) trailing spaces not permitted [-gnatyb]
gtk-window.ads:1610:80: (style) this line is too long: 80 [-gnatyM]
gtk-window.ads:1648:80: (style) this line is too long: 87 [-gnatyM]
   [Ada]          gtk-accel_label.adb
gtk-activatable.ads:321:80: (style) this line is too long: 80 [-gnatyM]
gtk-activatable.ads:326:01: (style) incorrect layout [-gnatyl]
   [Ada]          gtk-cell_area_box.adb
gtk-list_store.adb:536:07: warning: useless assignment to "Iter", value overwritten at line 538 [-gnatwm]
gtk-list_store.ads:138:80: (style) this line is too long: 81 [-gnatyM]
gtk-list_store.ads:361:80: (style) this line is too long: 82 [-gnatyM]
gtk-list_store.ads:397:80: (style) this line is too long: 82 [-gnatyM]
gtk-list_store.ads:398:80: (style) this line is too long: 80 [-gnatyM]
gtk-list_store.ads:401:80: (style) this line is too long: 82 [-gnatyM]
gtk-list_store.ads:413:80: (style) this line is too long: 81 [-gnatyM]
gtk-list_store.ads:451:80: (style) this line is too long: 82 [-gnatyM]
gtk-list_store.ads:452:80: (style) this line is too long: 80 [-gnatyM]
gtk-list_store.ads:455:80: (style) this line is too long: 82 [-gnatyM]
gtk-list_store.ads:467:80: (style) this line is too long: 86 [-gnatyM]
gtk-list_store.ads:708:80: (style) this line is too long: 84 [-gnatyM]
gtk-list_store.ads:719:80: (style) this line is too long: 88 [-gnatyM]
gtk-list_store.ads:741:80: (style) this line is too long: 82 [-gnatyM]
   [Ada]          gdk-event.adb
gdk-event.ads:50:06: warning: unnecessary with of ancestor [-gnatwr]
gdk-event.ads:289:80: (style) this line is too long: 87 [-gnatyM]
gdk-event.ads:322:80: (style) this line is too long: 83 [-gnatyM]
gdk-event.ads:363:80: (style) this line is too long: 83 [-gnatyM]
gdk-event.ads:376:80: (style) this line is too long: 91 [-gnatyM]
gdk-event.ads:396:80: (style) this line is too long: 83 [-gnatyM]
gdk-event.ads:417:80: (style) this line is too long: 83 [-gnatyM]
gdk-event.ads:464:80: (style) this line is too long: 87 [-gnatyM]
gdk-event.ads:476:80: (style) this line is too long: 81 [-gnatyM]
gdk-event.ads:491:80: (style) this line is too long: 89 [-gnatyM]
gdk-event.ads:505:80: (style) this line is too long: 87 [-gnatyM]
gdk-event.ads:521:80: (style) this line is too long: 89 [-gnatyM]
gdk-event.ads:538:80: (style) this line is too long: 95 [-gnatyM]
gdk-event.ads:553:80: (style) this line is too long: 89 [-gnatyM]
gdk-event.ads:589:80: (style) this line is too long: 95 [-gnatyM]
gdk-event.ads:602:80: (style) this line is too long: 85 [-gnatyM]
gdk-event.ads:623:80: (style) this line is too long: 81 [-gnatyM]
gdk-event.ads:645:80: (style) this line is too long: 93 [-gnatyM]
gdk-event.ads:653:80: (style) this line is too long: 83 [-gnatyM]
gdk-event.ads:737:26: (style) space required [-gnatyt]
gdk-event.ads:739:80: (style) this line is too long: 83 [-gnatyM]
gdk-event.ads:787:80: (style) this line is too long: 86 [-gnatyM]
gdk-event.ads:791:80: (style) this line is too long: 86 [-gnatyM]
gdk-event.ads:799:80: (style) this line is too long: 80 [-gnatyM]
gdk-event.ads:803:80: (style) this line is too long: 82 [-gnatyM]
gdk-event.ads:811:80: (style) this line is too long: 82 [-gnatyM]
gdk-event.ads:1001:80: (style) this line is too long: 99 [-gnatyM]
   [Ada]          gtk-cell_area_context.adb
gtk-cell_area_box.ads:68:80: (style) this line is too long: 85 [-gnatyM]
gtk-cell_area_box.ads:116:80: (style) this line is too long: 83 [-gnatyM]
gtk-cell_area_box.ads:133:80: (style) this line is too long: 83 [-gnatyM]
gtk-cell_area_box.ads:150:80: (style) this line is too long: 86 [-gnatyM]
gtk-cell_area_box.ads:168:80: (style) this line is too long: 88 [-gnatyM]
gtk-cell_area_box.ads:172:80: (style) this line is too long: 81 [-gnatyM]
gtk-cell_area_box.ads:182:80: (style) this line is too long: 89 [-gnatyM]
gtk-cell_area_box.ads:183:80: (style) this line is too long: 89 [-gnatyM]
gtk-cell_area_box.ads:207:80: (style) this line is too long: 86 [-gnatyM]
gtk-cell_area_box.ads:215:80: (style) this line is too long: 87 [-gnatyM]
gtk-cell_area_box.ads:223:80: (style) this line is too long: 86 [-gnatyM]
gtk-cell_area_box.ads:228:80: (style) this line is too long: 86 [-gnatyM]
gtk-cell_area_box.ads:233:80: (style) this line is too long: 86 [-gnatyM]
gtk-cell_area_box.ads:265:80: (style) this line is too long: 80 [-gnatyM]
gtk-cell_area_box.ads:276:80: (style) this line is too long: 84 [-gnatyM]
gtk-cell_area_box.ads:287:80: (style) this line is too long: 82 [-gnatyM]
   [Ada]          gtk-print_operation_preview.adb
gtk-accel_label.ads:177:44: (style) space required [-gnatyt]
   [Ada]          gtk-tree_selection.adb
   [Ada]          gtk-image_menu_item.adb
gtk-im_context.ads:242:80: (style) this line is too long: 81 [-gnatyM]
gtk-im_context.ads:254:06: (style) trailing spaces not permitted [-gnatyb]
gtk-im_context.ads:256:80: (style) this line is too long: 83 [-gnatyM]
gtk-im_context.ads:257:80: (style) this line is too long: 81 [-gnatyM]
gtk-im_context.ads:261:80: (style) this line is too long: 104 [-gnatyM]
gtk-im_context.ads:314:80: (style) this line is too long: 85 [-gnatyM]
gtk-im_context.ads:328:06: (style) trailing spaces not permitted [-gnatyb]
   [Ada]          gtk-cell_renderer_combo.adb
gtk-print_operation_preview.ads:80:80: (style) this line is too long: 105 [-gnatyM]
gtk-print_operation_preview.ads:82:80: (style) this line is too long: 84 [-gnatyM]
gtk-print_operation_preview.ads:85:80: (style) this line is too long: 85 [-gnatyM]
gtk-print_operation_preview.ads:87:80: (style) this line is too long: 84 [-gnatyM]
gtk-print_operation_preview.ads:93:80: (style) this line is too long: 84 [-gnatyM]
gtk-print_operation_preview.ads:106:06: (style) trailing spaces not permitted [-gnatyb]
gtk-print_operation_preview.ads:109:80: (style) this line is too long: 81 [-gnatyM]
gtk-print_operation_preview.ads:111:80: (style) this line is too long: 90 [-gnatyM]
gtk-print_operation_preview.ads:113:80: (style) this line is too long: 82 [-gnatyM]
gtk-print_operation_preview.ads:117:80: (style) this line is too long: 82 [-gnatyM]
gtk-print_operation_preview.ads:141:80: (style) this line is too long: 85 [-gnatyM]
gtk-print_operation_preview.ads:148:80: (style) this line is too long: 88 [-gnatyM]
gtk-print_operation_preview.ads:188:80: (style) this line is too long: 88 [-gnatyM]
gtk-print_operation_preview.ads:193:80: (style) this line is too long: 88 [-gnatyM]
gtk-print_operation_preview.ads:198:80: (style) this line is too long: 92 [-gnatyM]
gtk-print_operation_preview.ads:203:80: (style) this line is too long: 88 [-gnatyM]
gtk-print_operation_preview.ads:213:80: (style) this line is too long: 88 [-gnatyM]
gtk-print_operation_preview.ads:218:01: (style) incorrect layout [-gnatyl]
   [Ada]          gtk-aspect_frame.adb
gtk-image_menu_item.ads:48:80: (style) this line is too long: 80 [-gnatyM]
gtk-image_menu_item.ads:210:80: (style) this line is too long: 83 [-gnatyM]
gtk-image_menu_item.ads:314:80: (style) this line is too long: 86 [-gnatyM]
gtk-image_menu_item.ads:325:80: (style) this line is too long: 88 [-gnatyM]
gtk-image_menu_item.ads:336:80: (style) this line is too long: 84 [-gnatyM]
   [Ada]          gtk-cell_renderer_spin.adb
gtk-tree_selection.ads:81:80: (style) this line is too long: 80 [-gnatyM]
gtk-tree_selection.ads:227:80: (style) this line is too long: 89 [-gnatyM]
gtk-tree_selection.ads:244:80: (style) this line is too long: 102 [-gnatyM]
gtk-tree_selection.ads:251:80: (style) this line is too long: 80 [-gnatyM]
gtk-tree_selection.ads:260:80: (style) this line is too long: 89 [-gnatyM]
   [Ada]          gtk-toolbar.adb
gtk-cell_renderer_combo.ads:54:80: (style) this line is too long: 93 [-gnatyM]
gtk-cell_renderer_combo.ads:55:80: (style) this line is too long: 83 [-gnatyM]
gtk-cell_renderer_combo.ads:119:80: (style) this line is too long: 94 [-gnatyM]
gtk-cell_renderer_combo.ads:150:06: (style) trailing spaces not permitted [-gnatyb]
gtk-cell_renderer_combo.ads:154:80: (style) this line is too long: 80 [-gnatyM]
   [Ada]          gtk-toggle_action.adb
gtk-cell_renderer_spin.ads:53:80: (style) this line is too long: 92 [-gnatyM]
gtk-cell_renderer_spin.ads:54:80: (style) this line is too long: 81 [-gnatyM]
   [Ada]          gtk-gradient.adb
   [Ada]          gtk-gesture_single.adb
gtk-gradient.ads:56:80: (style) this line is too long: 81 [-gnatyM]
gtk-gradient.ads:155:80: (style) this line is too long: 98 [-gnatyM]
gtk-gradient.ads:170:80: (style) this line is too long: 82 [-gnatyM]
gtk-gradient.ads:188:80: (style) this line is too long: 80 [-gnatyM]
   [Ada]          gtk-event_box.adb
   [Ada]          gtk-gesture_long_press.adb
gtk-toggle_action.ads:179:80: (style) this line is too long: 80 [-gnatyM]
   [Ada]          gtk-scrollbar.adb
   [Ada]          pango-language.adb
gtk-toolbar.ads:281:06: (style) trailing spaces not permitted [-gnatyb]
gtk-toolbar.ads:294:80: (style) this line is too long: 83 [-gnatyM]
gtk-toolbar.ads:318:80: (style) this line is too long: 81 [-gnatyM]
gtk-toolbar.ads:336:06: (style) trailing spaces not permitted [-gnatyb]
   [Ada]          gtk-action_group.adb
pango-language.ads:43:80: (style) this line is too long: 85 [-gnatyM]
pango-language.ads:358:80: (style) this line is too long: 84 [-gnatyM]
   [Ada]          gdk-device_manager.adb
   [Ada]          gtk-text_iter.adb
   [Ada]          gtk-header_bar.adb
gtk-gesture_long_press.ads:45:80: (style) this line is too long: 88 [-gnatyM]
gtk-gesture_long_press.ads:46:80: (style) this line is too long: 81 [-gnatyM]
gtk-gesture_long_press.ads:99:80: (style) this line is too long: 83 [-gnatyM]
gtk-gesture_long_press.ads:121:06: (style) trailing spaces not permitted [-gnatyb]
gtk-gesture_long_press.ads:123:80: (style) this line is too long: 83 [-gnatyM]
gtk-gesture_long_press.ads:125:80: (style) this line is too long: 83 [-gnatyM]
   [Ada]          gtk-tree_row_reference.adb
gtk-text_iter.ads:71:80: (style) this line is too long: 88 [-gnatyM]
gtk-text_iter.ads:724:80: (style) this line is too long: 85 [-gnatyM]
gtk-text_iter.ads:732:80: (style) this line is too long: 85 [-gnatyM]
gtk-text_iter.ads:738:80: (style) this line is too long: 87 [-gnatyM]
gtk-text_iter.ads:746:80: (style) this line is too long: 87 [-gnatyM]
gtk-text_iter.ads:896:01: (style) incorrect layout [-gnatyl]
gtk-text_iter.ads:919:01: (style) trailing spaces not permitted [-gnatyb]
   [Ada]          gtk-color_chooser_dialog.adb
gtk-header_bar.ads:255:80: (style) this line is too long: 80 [-gnatyM]
   [Ada]          gtk-text_buffer.adb
gtk-action_group.ads:96:80: (style) this line is too long: 86 [-gnatyM]
gtk-action_group.ads:275:80: (style) this line is too long: 82 [-gnatyM]
gtk-action_group.ads:281:80: (style) this line is too long: 88 [-gnatyM]
gtk-action_group.ads:480:80: (style) this line is too long: 83 [-gnatyM]
gtk-action_group.ads:511:06: (style) trailing spaces not permitted [-gnatyb]
gtk-action_group.ads:532:06: (style) trailing spaces not permitted [-gnatyb]
   [Ada]          gtk-file_chooser.adb
gtk-tree_row_reference.ads:41:80: (style) this line is too long: 80 [-gnatyM]
gtk-tree_row_reference.ads:42:80: (style) this line is too long: 101 [-gnatyM]
gtk-tree_row_reference.ads:195:80: (style) this line is too long: 100 [-gnatyM]
   [Ada]          gtk-menu_tool_button.adb
gtk-color_chooser_dialog.ads:44:80: (style) this line is too long: 82 [-gnatyM]
gtk-color_chooser_dialog.ads:45:80: (style) this line is too long: 85 [-gnatyM]
gtk-color_chooser_dialog.ads:126:80: (style) this line is too long: 94 [-gnatyM]
gtk-color_chooser_dialog.ads:137:80: (style) this line is too long: 102 [-gnatyM]
   [Ada]          gtk-misc.adb
   [Ada]          gtk-tree_view.adb
gtk-file_chooser.ads:184:80: (style) this line is too long: 92 [-gnatyM]
gtk-file_chooser.ads:188:80: (style) this line is too long: 104 [-gnatyM]
gtk-file_chooser.ads:192:80: (style) this line is too long: 90 [-gnatyM]
gtk-file_chooser.ads:401:80: (style) this line is too long: 81 [-gnatyM]
gtk-file_chooser.ads:562:80: (style) this line is too long: 81 [-gnatyM]
gtk-file_chooser.ads:689:80: (style) this line is too long: 80 [-gnatyM]
gtk-file_chooser.ads:696:80: (style) this line is too long: 82 [-gnatyM]
gtk-file_chooser.ads:724:80: (style) this line is too long: 85 [-gnatyM]
gtk-file_chooser.ads:791:06: (style) trailing spaces not permitted [-gnatyb]
gtk-file_chooser.ads:793:80: (style) this line is too long: 96 [-gnatyM]
gtk-file_chooser.ads:796:80: (style) this line is too long: 88 [-gnatyM]
gtk-file_chooser.ads:801:80: (style) this line is too long: 89 [-gnatyM]
gtk-file_chooser.ads:922:80: (style) this line is too long: 80 [-gnatyM]
gtk-file_chooser.ads:932:80: (style) this line is too long: 84 [-gnatyM]
gtk-file_chooser.ads:936:80: (style) this line is too long: 82 [-gnatyM]
gtk-file_chooser.ads:939:01: (style) incorrect layout [-gnatyl]
   [Ada]          gtk-editable.adb
gtk-menu_tool_button.ads:61:80: (style) this line is too long: 83 [-gnatyM]
gtk-menu_tool_button.ads:263:80: (style) this line is too long: 88 [-gnatyM]
gtk-menu_tool_button.ads:274:80: (style) this line is too long: 90 [-gnatyM]
gtk-menu_tool_button.ads:285:80: (style) this line is too long: 86 [-gnatyM]
   [Ada]          pango-coverage.adb
gtk-text_buffer.ads:203:80: (style) this line is too long: 83 [-gnatyM]
gtk-text_buffer.ads:372:80: (style) this line is too long: 90 [-gnatyM]
gtk-text_buffer.ads:562:80: (style) this line is too long: 90 [-gnatyM]
gtk-text_buffer.ads:670:80: (style) this line is too long: 83 [-gnatyM]
gtk-text_buffer.ads:901:80: (style) this line is too long: 101 [-gnatyM]
gtk-text_buffer.ads:907:80: (style) this line is too long: 93 [-gnatyM]
gtk-text_buffer.ads:916:80: (style) this line is too long: 80 [-gnatyM]
gtk-text_buffer.ads:932:06: (style) trailing spaces not permitted [-gnatyb]
gtk-text_buffer.ads:976:80: (style) this line is too long: 88 [-gnatyM]
gtk-text_buffer.ads:981:80: (style) this line is too long: 80 [-gnatyM]
gtk-text_buffer.ads:1007:06: (style) trailing spaces not permitted [-gnatyb]
gtk-text_buffer.ads:1031:80: (style) this line is too long: 96 [-gnatyM]
gtk-text_buffer.ads:1034:80: (style) this line is too long: 91 [-gnatyM]
gtk-text_buffer.ads:1036:80: (style) this line is too long: 88 [-gnatyM]
gtk-text_buffer.ads:1039:80: (style) this line is too long: 91 [-gnatyM]
gtk-text_buffer.ads:1041:80: (style) this line is too long: 83 [-gnatyM]
gtk-text_buffer.ads:1061:06: (style) trailing spaces not permitted [-gnatyb]
gtk-text_buffer.ads:1067:80: (style) this line is too long: 85 [-gnatyM]
gtk-text_buffer.ads:1096:06: (style) trailing spaces not permitted [-gnatyb]
gtk-text_buffer.ads:1101:80: (style) this line is too long: 91 [-gnatyM]
gtk-text_buffer.ads:1107:80: (style) this line is too long: 83 [-gnatyM]
gtk-text_buffer.ads:1132:06: (style) trailing spaces not permitted [-gnatyb]
gtk-text_buffer.ads:1161:80: (style) this line is too long: 88 [-gnatyM]
gtk-text_buffer.ads:1166:80: (style) this line is too long: 80 [-gnatyM]
gtk-text_buffer.ads:1185:06: (style) trailing spaces not permitted [-gnatyb]
gtk-text_buffer.ads:1230:80: (style) this line is too long: 80 [-gnatyM]
gtk-text_buffer.ads:1245:06: (style) trailing spaces not permitted [-gnatyb]
   [Ada]          gtk-radio_tool_button.adb
pango-coverage.ads:41:80: (style) this line is too long: 85 [-gnatyM]
pango-coverage.ads:90:80: (style) this line is too long: 84 [-gnatyM]
   [Ada]          gtk-bin.adb
   [Ada]          pango-font.adb
gtk-editable.ads:59:16: (style) space required [-gnatyt]
gtk-editable.ads:61:16: (style) space required [-gnatyt]
gtk-editable.ads:201:80: (style) this line is too long: 80 [-gnatyM]
gtk-editable.ads:251:06: (style) trailing spaces not permitted [-gnatyb]
gtk-editable.ads:283:06: (style) trailing spaces not permitted [-gnatyb]
gtk-editable.ads:288:80: (style) this line is too long: 80 [-gnatyM]
gtk-editable.ads:362:80: (style) this line is too long: 91 [-gnatyM]
gtk-editable.ads:394:80: (style) this line is too long: 97 [-gnatyM]
gtk-editable.ads:452:80: (style) this line is too long: 91 [-gnatyM]
gtk-editable.ads:467:80: (style) this line is too long: 91 [-gnatyM]
gtk-editable.ads:472:01: (style) incorrect layout [-gnatyl]
   [Ada]          glib-notification.adb
glib-notification.ads:49:06: warning: unnecessary with of ancestor [-gnatwr]
glib-notification.ads:74:80: (style) this line is too long: 90 [-gnatyM]
   [Ada]          gtk-actionable.adb
pango-font.ads:110:80: (style) this line is too long: 86 [-gnatyM]
pango-font.ads:320:80: (style) this line is too long: 84 [-gnatyM]
pango-font.ads:375:07: (style) space required [-gnatyc]
pango-font.ads:379:07: (style) space required [-gnatyc]
   [Ada]          gtk-gesture.adb
gtk-actionable.ads:49:16: (style) space required [-gnatyt]
gtk-actionable.ads:51:16: (style) space required [-gnatyt]
gtk-actionable.ads:159:80: (style) this line is too long: 105 [-gnatyM]
gtk-actionable.ads:165:80: (style) this line is too long: 105 [-gnatyM]
gtk-actionable.ads:189:80: (style) this line is too long: 115 [-gnatyM]
gtk-actionable.ads:216:80: (style) this line is too long: 83 [-gnatyM]
gtk-actionable.ads:221:80: (style) this line is too long: 99 [-gnatyM]
gtk-actionable.ads:226:80: (style) this line is too long: 83 [-gnatyM]
gtk-actionable.ads:231:80: (style) this line is too long: 99 [-gnatyM]
gtk-actionable.ads:240:01: (style) incorrect layout [-gnatyl]
   [Ada]          gdk-frame_timings.adb
gdk-frame_timings.ads:44:80: (style) this line is too long: 91 [-gnatyM]
gdk-frame_timings.ads:115:80: (style) this line is too long: 90 [-gnatyM]
   [Ada]          gtk-radio_button.adb
gtk-tree_view.ads:118:80: (style) this line is too long: 91 [-gnatyM]
gtk-tree_view.ads:119:80: (style) this line is too long: 85 [-gnatyM]
gtk-tree_view.ads:143:80: (style) this line is too long: 91 [-gnatyM]
gtk-tree_view.ads:144:80: (style) this line is too long: 91 [-gnatyM]
gtk-tree_view.ads:145:80: (style) this line is too long: 91 [-gnatyM]
gtk-tree_view.ads:202:80: (style) this line is too long: 100 [-gnatyM]
gtk-tree_view.ads:245:80: (style) this line is too long: 90 [-gnatyM]
gtk-tree_view.ads:413:80: (style) this line is too long: 81 [-gnatyM]
gtk-tree_view.ads:441:80: (style) this line is too long: 81 [-gnatyM]
gtk-tree_view.ads:489:80: (style) this line is too long: 85 [-gnatyM]
gtk-tree_view.ads:573:80: (style) this line is too long: 82 [-gnatyM]
gtk-tree_view.ads:974:80: (style) this line is too long: 90 [-gnatyM]
gtk-tree_view.ads:987:80: (style) this line is too long: 84 [-gnatyM]
gtk-tree_view.ads:1009:80: (style) this line is too long: 94 [-gnatyM]
gtk-tree_view.ads:1010:80: (style) this line is too long: 88 [-gnatyM]
gtk-tree_view.ads:1021:80: (style) this line is too long: 80 [-gnatyM]
gtk-tree_view.ads:1031:80: (style) this line is too long: 87 [-gnatyM]
gtk-tree_view.ads:1124:80: (style) this line is too long: 92 [-gnatyM]
gtk-tree_view.ads:1125:80: (style) this line is too long: 84 [-gnatyM]
gtk-tree_view.ads:1134:80: (style) this line is too long: 90 [-gnatyM]
gtk-tree_view.ads:1142:80: (style) this line is too long: 91 [-gnatyM]
gtk-tree_view.ads:1157:80: (style) this line is too long: 81 [-gnatyM]
gtk-tree_view.ads:1219:80: (style) this line is too long: 80 [-gnatyM]
gtk-tree_view.ads:1220:80: (style) this line is too long: 94 [-gnatyM]
gtk-tree_view.ads:1221:80: (style) this line is too long: 94 [-gnatyM]
gtk-tree_view.ads:1222:80: (style) this line is too long: 94 [-gnatyM]
gtk-tree_view.ads:1225:80: (style) this line is too long: 81 [-gnatyM]
gtk-tree_view.ads:1226:80: (style) this line is too long: 82 [-gnatyM]
gtk-tree_view.ads:1228:80: (style) this line is too long: 80 [-gnatyM]
gtk-tree_view.ads:1230:80: (style) this line is too long: 81 [-gnatyM]
gtk-tree_view.ads:1234:80: (style) this line is too long: 80 [-gnatyM]
gtk-tree_view.ads:1236:80: (style) this line is too long: 81 [-gnatyM]
gtk-tree_view.ads:1264:80: (style) this line is too long: 85 [-gnatyM]
gtk-tree_view.ads:1330:80: (style) this line is too long: 81 [-gnatyM]
gtk-tree_view.ads:1331:80: (style) this line is too long: 81 [-gnatyM]
gtk-tree_view.ads:1363:80: (style) this line is too long: 80 [-gnatyM]
gtk-tree_view.ads:1364:80: (style) this line is too long: 81 [-gnatyM]
gtk-tree_view.ads:1374:80: (style) this line is too long: 87 [-gnatyM]
gtk-tree_view.ads:1393:80: (style) this line is too long: 82 [-gnatyM]
gtk-tree_view.ads:1413:80: (style) this line is too long: 81 [-gnatyM]
gtk-tree_view.ads:1506:80: (style) this line is too long: 81 [-gnatyM]
gtk-tree_view.ads:1510:80: (style) this line is too long: 85 [-gnatyM]
gtk-tree_view.ads:1572:80: (style) this line is too long: 102 [-gnatyM]
gtk-tree_view.ads:1601:80: (style) this line is too long: 84 [-gnatyM]
gtk-tree_view.ads:1613:80: (style) this line is too long: 97 [-gnatyM]
gtk-tree_view.ads:1623:06: (style) trailing spaces not permitted [-gnatyb]
gtk-tree_view.ads:1626:80: (style) this line is too long: 83 [-gnatyM]
gtk-tree_view.ads:1656:06: (style) trailing spaces not permitted [-gnatyb]
gtk-tree_view.ads:1658:80: (style) this line is too long: 83 [-gnatyM]
gtk-tree_view.ads:1660:80: (style) this line is too long: 83 [-gnatyM]
gtk-tree_view.ads:1664:80: (style) this line is too long: 80 [-gnatyM]
gtk-tree_view.ads:1665:80: (style) this line is too long: 81 [-gnatyM]
gtk-tree_view.ads:1668:80: (style) this line is too long: 93 [-gnatyM]
gtk-tree_view.ads:1671:80: (style) this line is too long: 87 [-gnatyM]
gtk-tree_view.ads:1673:80: (style) this line is too long: 87 [-gnatyM]
gtk-tree_view.ads:1676:80: (style) this line is too long: 87 [-gnatyM]
gtk-tree_view.ads:1698:06: (style) trailing spaces not permitted [-gnatyb]
gtk-tree_view.ads:1701:80: (style) this line is too long: 81 [-gnatyM]
gtk-tree_view.ads:1704:80: (style) this line is too long: 86 [-gnatyM]
gtk-tree_view.ads:1709:80: (style) this line is too long: 80 [-gnatyM]
gtk-tree_view.ads:1725:06: (style) trailing spaces not permitted [-gnatyb]
gtk-tree_view.ads:1741:06: (style) trailing spaces not permitted [-gnatyb]
gtk-tree_view.ads:1764:80: (style) this line is too long: 85 [-gnatyM]
gtk-tree_view.ads:1794:80: (style) this line is too long: 93 [-gnatyM]
gtk-tree_view.ads:1805:80: (style) this line is too long: 88 [-gnatyM]
gtk-tree_view.ads:1810:80: (style) this line is too long: 82 [-gnatyM]
gtk-tree_view.ads:1828:06: (style) trailing spaces not permitted [-gnatyb]
gtk-tree_view.ads:1846:06: (style) trailing spaces not permitted [-gnatyb]
gtk-tree_view.ads:1938:80: (style) this line is too long: 87 [-gnatyM]
gtk-tree_view.ads:1940:80: (style) this line is too long: 83 [-gnatyM]
   [Ada]          gtk-event_controller.adb
gtk-radio_tool_button.ads:52:80: (style) this line is too long: 91 [-gnatyM]
gtk-radio_tool_button.ads:209:80: (style) this line is too long: 90 [-gnatyM]
gtk-radio_tool_button.ads:220:80: (style) this line is too long: 92 [-gnatyM]
gtk-radio_tool_button.ads:231:80: (style) this line is too long: 88 [-gnatyM]
   [Ada]          gtk-color_button.adb
gtk-event_controller.ads:98:80: (style) this line is too long: 82 [-gnatyM]
gtk-event_controller.ads:108:80: (style) this line is too long: 84 [-gnatyM]
   [Ada]          gtk-recent_manager.adb
gtk-gesture.ads:162:80: (style) this line is too long: 86 [-gnatyM]
gtk-gesture.ads:269:80: (style) this line is too long: 80 [-gnatyM]
gtk-gesture.ads:463:80: (style) this line is too long: 100 [-gnatyM]
gtk-gesture.ads:468:80: (style) this line is too long: 96 [-gnatyM]
gtk-gesture.ads:473:80: (style) this line is too long: 89 [-gnatyM]
gtk-gesture.ads:486:06: (style) trailing spaces not permitted [-gnatyb]
   [Ada]          gtk-recent_chooser_widget.adb
gtk-radio_button.ads:104:80: (style) this line is too long: 80 [-gnatyM]
gtk-radio_button.ads:374:80: (style) this line is too long: 80 [-gnatyM]
gtk-radio_button.ads:385:80: (style) this line is too long: 82 [-gnatyM]
   [Ada]          gtk-popover.adb
gtk-recent_manager.ads:79:03: (style) trailing spaces not permitted [-gnatyb]
gtk-recent_manager.ads:88:03: (style) trailing spaces not permitted [-gnatyb]
gtk-recent_manager.ads:104:03: (style) trailing spaces not permitted [-gnatyb]
gtk-recent_manager.ads:133:80: (style) this line is too long: 81 [-gnatyM]
gtk-recent_manager.ads:138:80: (style) this line is too long: 80 [-gnatyM]
gtk-recent_manager.ads:139:80: (style) this line is too long: 80 [-gnatyM]
gtk-recent_manager.ads:140:80: (style) this line is too long: 86 [-gnatyM]
   [Ada]          gtk-icon_view.adb
gtk-color_button.ads:314:80: (style) this line is too long: 80 [-gnatyM]
gtk-color_button.ads:325:80: (style) this line is too long: 82 [-gnatyM]
gtk-color_button.ads:347:80: (style) this line is too long: 86 [-gnatyM]
   [Ada]          gtk-css_section.adb
gtk-css_section.ads:41:80: (style) this line is too long: 87 [-gnatyM]
gtk-css_section.ads:69:80: (style) this line is too long: 86 [-gnatyM]
gtk-css_section.ads:138:80: (style) this line is too long: 86 [-gnatyM]
   [Ada]          gtk-tree_model_sort.adb
gtk-recent_chooser_widget.ads:54:80: (style) this line is too long: 80 [-gnatyM]
gtk-recent_chooser_widget.ads:55:80: (style) this line is too long: 87 [-gnatyM]
gtk-recent_chooser_widget.ads:87:80: (style) this line is too long: 85 [-gnatyM]
gtk-recent_chooser_widget.ads:90:80: (style) this line is too long: 85 [-gnatyM]
gtk-recent_chooser_widget.ads:102:80: (style) this line is too long: 84 [-gnatyM]
gtk-recent_chooser_widget.ads:146:80: (style) this line is too long: 106 [-gnatyM]
gtk-recent_chooser_widget.ads:182:80: (style) this line is too long: 83 [-gnatyM]
gtk-recent_chooser_widget.ads:278:80: (style) this line is too long: 83 [-gnatyM]
gtk-recent_chooser_widget.ads:306:80: (style) this line is too long: 96 [-gnatyM]
gtk-recent_chooser_widget.ads:317:80: (style) this line is too long: 98 [-gnatyM]
gtk-recent_chooser_widget.ads:328:80: (style) this line is too long: 106 [-gnatyM]
   [Ada]          gtk-tree_drag_dest.adb
gtk-tree_drag_dest.ads:121:80: (style) this line is too long: 93 [-gnatyM]
gtk-tree_drag_dest.ads:126:80: (style) this line is too long: 91 [-gnatyM]
gtk-tree_drag_dest.ads:131:01: (style) incorrect layout [-gnatyl]
   [Ada]          gtk-stock.adb
gtk-stock.ads:46:80: (style) this line is too long: 85 [-gnatyM]
gtk-stock.ads:98:80: (style) this line is too long: 85 [-gnatyM]
gtk-stock.ads:99:80: (style) this line is too long: 83 [-gnatyM]
gtk-stock.ads:100:80: (style) this line is too long: 101 [-gnatyM]
gtk-stock.ads:101:80: (style) this line is too long: 99 [-gnatyM]
gtk-stock.ads:212:01: (style) incorrect layout [-gnatyl]
   [Ada]          gtk-text_mark.adb
   [Ada]          gtk-accel_group.adb
gtk-popover.ads:272:80: (style) this line is too long: 98 [-gnatyM]
   [Ada]          gtk-icon_source.adb
gtk-icon_source.ads:63:80: (style) this line is too long: 87 [-gnatyM]
gtk-icon_source.ads:313:80: (style) this line is too long: 86 [-gnatyM]
   [Ada]          gtk-action.adb
gtk-tree_model_sort.ads:111:80: (style) this line is too long: 86 [-gnatyM]
gtk-tree_model_sort.ads:274:80: (style) this line is too long: 92 [-gnatyM]
gtk-tree_model_sort.ads:310:80: (style) this line is too long: 82 [-gnatyM]
gtk-tree_model_sort.ads:311:80: (style) this line is too long: 80 [-gnatyM]
gtk-tree_model_sort.ads:314:80: (style) this line is too long: 82 [-gnatyM]
gtk-tree_model_sort.ads:326:80: (style) this line is too long: 91 [-gnatyM]
gtk-tree_model_sort.ads:364:80: (style) this line is too long: 82 [-gnatyM]
gtk-tree_model_sort.ads:365:80: (style) this line is too long: 80 [-gnatyM]
gtk-tree_model_sort.ads:368:80: (style) this line is too long: 82 [-gnatyM]
gtk-tree_model_sort.ads:380:80: (style) this line is too long: 96 [-gnatyM]
gtk-tree_model_sort.ads:560:80: (style) this line is too long: 98 [-gnatyM]
gtk-tree_model_sort.ads:571:80: (style) this line is too long: 86 [-gnatyM]
gtk-tree_model_sort.ads:582:80: (style) this line is too long: 92 [-gnatyM]
   [Ada]          gtk-clipboard.adb
gtk-icon_view.ads:91:80: (style) this line is too long: 85 [-gnatyM]
gtk-icon_view.ads:108:80: (style) this line is too long: 100 [-gnatyM]
gtk-icon_view.ads:747:80: (style) this line is too long: 86 [-gnatyM]
gtk-icon_view.ads:765:80: (style) this line is too long: 88 [-gnatyM]
gtk-icon_view.ads:769:80: (style) this line is too long: 81 [-gnatyM]
gtk-icon_view.ads:779:80: (style) this line is too long: 81 [-gnatyM]
gtk-icon_view.ads:780:80: (style) this line is too long: 89 [-gnatyM]
gtk-icon_view.ads:823:80: (style) this line is too long: 86 [-gnatyM]
gtk-icon_view.ads:831:80: (style) this line is too long: 87 [-gnatyM]
gtk-icon_view.ads:839:80: (style) this line is too long: 86 [-gnatyM]
gtk-icon_view.ads:844:80: (style) this line is too long: 86 [-gnatyM]
gtk-icon_view.ads:849:80: (style) this line is too long: 86 [-gnatyM]
gtk-icon_view.ads:890:80: (style) this line is too long: 81 [-gnatyM]
gtk-icon_view.ads:981:80: (style) this line is too long: 85 [-gnatyM]
gtk-icon_view.ads:1025:80: (style) this line is too long: 83 [-gnatyM]
gtk-icon_view.ads:1056:06: (style) trailing spaces not permitted [-gnatyb]
gtk-icon_view.ads:1058:80: (style) this line is too long: 82 [-gnatyM]
gtk-icon_view.ads:1061:80: (style) this line is too long: 102 [-gnatyM]
gtk-icon_view.ads:1085:80: (style) this line is too long: 81 [-gnatyM]
gtk-icon_view.ads:1117:80: (style) this line is too long: 81 [-gnatyM]
gtk-icon_view.ads:1233:80: (style) this line is too long: 83 [-gnatyM]
   [Ada]          gtk-button_box.adb
gtk-accel_group.ads:334:80: (style) this line is too long: 94 [-gnatyM]
gtk-accel_group.ads:340:80: (style) this line is too long: 86 [-gnatyM]
gtk-accel_group.ads:359:06: (style) trailing spaces not permitted [-gnatyb]
gtk-accel_group.ads:366:80: (style) this line is too long: 92 [-gnatyM]
gtk-accel_group.ads:372:80: (style) this line is too long: 84 [-gnatyM]
gtk-accel_group.ads:394:06: (style) trailing spaces not permitted [-gnatyb]
   [Ada]          glib-menu_model.adb
   [Ada]          gtk-target_entry.adb
gtk-target_entry.ads:45:80: (style) this line is too long: 83 [-gnatyM]
   [Ada]          pango-attributes.adb
gtk-clipboard.ads:464:80: (style) this line is too long: 81 [-gnatyM]
   [Ada]          gtk-invisible.adb
pango-attributes.ads:41:80: (style) this line is too long: 81 [-gnatyM]
pango-attributes.ads:55:80: (style) this line is too long: 87 [-gnatyM]
pango-attributes.ads:62:80: (style) this line is too long: 95 [-gnatyM]
pango-attributes.ads:245:80: (style) this line is too long: 86 [-gnatyM]
   [Ada]          gtk-viewport.adb
gtk-action.ads:588:80: (style) this line is too long: 96 [-gnatyM]
   [Ada]          gtk-gentry.adb
glib-menu_model.ads:140:06: warning: unnecessary with of ancestor [-gnatwr]
glib-menu_model.ads:163:80: (style) this line is too long: 85 [-gnatyM]
glib-menu_model.ads:349:06: (style) trailing spaces not permitted [-gnatyb]
   [Ada]          glib-simple_action_group.adb
   [Ada]          pango-font_metrics.adb
   [Ada]          gtk-font_selection_dialog.adb
pango-font_metrics.ads:42:80: (style) this line is too long: 93 [-gnatyM]
pango-font_metrics.ads:128:80: (style) this line is too long: 92 [-gnatyM]
   [Ada]          gtk-application_window.adb
glib-simple_action_group.ads:33:06: warning: unnecessary with of ancestor [-gnatwr]
glib-simple_action_group.ads:214:80: (style) this line is too long: 90 [-gnatyM]
glib-simple_action_group.ads:225:80: (style) this line is too long: 86 [-gnatyM]
   [Ada]          pango-tabs.adb
pango-tabs.ads:40:80: (style) this line is too long: 87 [-gnatyM]
pango-tabs.ads:128:80: (style) this line is too long: 86 [-gnatyM]
   [Ada]          gtk-color_chooser_widget.adb
gtk-font_selection_dialog.ads:42:80: (style) this line is too long: 83 [-gnatyM]
gtk-font_selection_dialog.ads:43:80: (style) this line is too long: 87 [-gnatyM]
gtk-font_selection_dialog.ads:141:80: (style) this line is too long: 96 [-gnatyM]
   [Ada]          gtk-volume_button.adb
gtk-application_window.ads:118:80: (style) this line is too long: 80 [-gnatyM]
gtk-application_window.ads:119:80: (style) this line is too long: 81 [-gnatyM]
gtk-application_window.ads:127:80: (style) this line is too long: 83 [-gnatyM]
gtk-application_window.ads:130:80: (style) this line is too long: 83 [-gnatyM]
gtk-application_window.ads:138:80: (style) this line is too long: 82 [-gnatyM]
gtk-application_window.ads:286:80: (style) this line is too long: 90 [-gnatyM]
gtk-application_window.ads:297:80: (style) this line is too long: 94 [-gnatyM]
gtk-application_window.ads:308:80: (style) this line is too long: 90 [-gnatyM]
   [Ada]          gtk-gesture_rotate.adb
gtk-color_chooser_widget.ads:58:80: (style) this line is too long: 85 [-gnatyM]
gtk-color_chooser_widget.ads:140:80: (style) this line is too long: 94 [-gnatyM]
gtk-color_chooser_widget.ads:151:80: (style) this line is too long: 102 [-gnatyM]
gtk-color_chooser_widget.ads:162:80: (style) this line is too long: 96 [-gnatyM]
   [Ada]          gtk-cell_renderer_accel.adb
gtk-volume_button.ads:46:80: (style) this line is too long: 81 [-gnatyM]
gtk-volume_button.ads:160:80: (style) this line is too long: 82 [-gnatyM]
gtk-volume_button.ads:171:80: (style) this line is too long: 84 [-gnatyM]
gtk-volume_button.ads:182:80: (style) this line is too long: 80 [-gnatyM]
gtk-volume_button.ads:193:80: (style) this line is too long: 82 [-gnatyM]
   [Ada]          gtk-image.adb
gtk-gentry.ads:115:80: (style) this line is too long: 92 [-gnatyM]
gtk-gentry.ads:132:80: (style) this line is too long: 83 [-gnatyM]
gtk-gentry.ads:135:80: (style) this line is too long: 83 [-gnatyM]
gtk-gentry.ads:211:80: (style) this line is too long: 83 [-gnatyM]
gtk-gentry.ads:225:80: (style) this line is too long: 83 [-gnatyM]
gtk-gentry.ads:250:80: (style) this line is too long: 80 [-gnatyM]
gtk-gentry.ads:996:80: (style) this line is too long: 81 [-gnatyM]
gtk-gentry.ads:1030:80: (style) this line is too long: 83 [-gnatyM]
gtk-gentry.ads:1034:80: (style) this line is too long: 83 [-gnatyM]
gtk-gentry.ads:1040:80: (style) this line is too long: 81 [-gnatyM]
gtk-gentry.ads:1056:80: (style) this line is too long: 83 [-gnatyM]
gtk-gentry.ads:1077:80: (style) this line is too long: 81 [-gnatyM]
gtk-gentry.ads:1090:80: (style) this line is too long: 85 [-gnatyM]
gtk-gentry.ads:1094:80: (style) this line is too long: 85 [-gnatyM]
gtk-gentry.ads:1100:80: (style) this line is too long: 83 [-gnatyM]
gtk-gentry.ads:1134:80: (style) this line is too long: 94 [-gnatyM]
gtk-gentry.ads:1212:80: (style) this line is too long: 81 [-gnatyM]
gtk-gentry.ads:1231:06: (style) trailing spaces not permitted [-gnatyb]
gtk-gentry.ads:1233:80: (style) this line is too long: 84 [-gnatyM]
gtk-gentry.ads:1236:80: (style) this line is too long: 95 [-gnatyM]
gtk-gentry.ads:1241:80: (style) this line is too long: 93 [-gnatyM]
gtk-gentry.ads:1257:06: (style) trailing spaces not permitted [-gnatyb]
gtk-gentry.ads:1274:06: (style) trailing spaces not permitted [-gnatyb]
gtk-gentry.ads:1303:80: (style) this line is too long: 85 [-gnatyM]
gtk-gentry.ads:1309:80: (style) this line is too long: 83 [-gnatyM]
gtk-gentry.ads:1340:06: (style) trailing spaces not permitted [-gnatyb]
gtk-gentry.ads:1342:80: (style) this line is too long: 82 [-gnatyM]
gtk-gentry.ads:1485:80: (style) this line is too long: 85 [-gnatyM]
gtk-gentry.ads:1487:80: (style) this line is too long: 87 [-gnatyM]
gtk-gentry.ads:1489:80: (style) this line is too long: 87 [-gnatyM]
gtk-gentry.ads:1493:80: (style) this line is too long: 83 [-gnatyM]
gtk-gentry.ads:1501:80: (style) this line is too long: 85 [-gnatyM]
gtk-gentry.ads:1509:80: (style) this line is too long: 83 [-gnatyM]
gtk-gentry.ads:1511:80: (style) this line is too long: 85 [-gnatyM]
gtk-gentry.ads:1513:80: (style) this line is too long: 85 [-gnatyM]
gtk-gentry.ads:1517:80: (style) this line is too long: 81 [-gnatyM]
gtk-gentry.ads:1525:80: (style) this line is too long: 83 [-gnatyM]
   [Ada]          gtk-handle_box.adb
gtk-gesture_rotate.ads:108:06: (style) trailing spaces not permitted [-gnatyb]
   [Ada]          gtk-file_filter.adb
gtk-cell_renderer_accel.ads:44:80: (style) this line is too long: 93 [-gnatyM]
gtk-cell_renderer_accel.ads:45:80: (style) this line is too long: 83 [-gnatyM]
gtk-cell_renderer_accel.ads:95:80: (style) this line is too long: 80 [-gnatyM]
gtk-cell_renderer_accel.ads:115:80: (style) this line is too long: 117 [-gnatyM]
gtk-cell_renderer_accel.ads:122:80: (style) this line is too long: 101 [-gnatyM]
gtk-cell_renderer_accel.ads:132:80: (style) this line is too long: 96 [-gnatyM]
gtk-cell_renderer_accel.ads:136:80: (style) this line is too long: 80 [-gnatyM]
gtk-cell_renderer_accel.ads:140:06: (style) trailing spaces not permitted [-gnatyb]
   [Ada]          gtk-accel_map.adb
gtk-file_filter.ads:91:80: (style) this line is too long: 91 [-gnatyM]
gtk-file_filter.ads:100:80: (style) this line is too long: 100 [-gnatyM]
gtk-file_filter.ads:112:80: (style) this line is too long: 88 [-gnatyM]
gtk-file_filter.ads:179:80: (style) this line is too long: 80 [-gnatyM]
   [Ada]          glib-application.adb
   [Ada]          gtk-separator.adb
   [Ada]          gtk-drawing_area.adb
   [Ada]          gtk-hbutton_box.adb
gtk-accel_map.ads:142:80: (style) this line is too long: 81 [-gnatyM]
gtk-accel_map.ads:184:80: (style) this line is too long: 81 [-gnatyM]
gtk-accel_map.ads:315:80: (style) this line is too long: 101 [-gnatyM]
gtk-accel_map.ads:321:80: (style) this line is too long: 95 [-gnatyM]
gtk-accel_map.ads:330:80: (style) this line is too long: 80 [-gnatyM]
gtk-accel_map.ads:340:06: (style) trailing spaces not permitted [-gnatyb]
   [Ada]          gtk-check_menu_item.adb
   [Ada]          gtk-tool_button.adb
   [Ada]          pango-font_map.adb
glib-application.ads:63:80: (style) this line is too long: 99 [-gnatyM]
glib-application.ads:131:80: (style) this line is too long: 112 [-gnatyM]
glib-application.ads:134:80: (style) this line is too long: 118 [-gnatyM]
glib-application.ads:137:80: (style) this line is too long: 122 [-gnatyM]
glib-application.ads:143:06: warning: unnecessary with of ancestor [-gnatwr]
glib-application.ads:173:80: (style) this line is too long: 80 [-gnatyM]
glib-application.ads:174:80: (style) this line is too long: 87 [-gnatyM]
glib-application.ads:182:80: (style) this line is too long: 82 [-gnatyM]
glib-application.ads:232:80: (style) this line is too long: 83 [-gnatyM]
glib-application.ads:514:80: (style) this line is too long: 84 [-gnatyM]
glib-application.ads:844:80: (style) this line is too long: 100 [-gnatyM]
glib-application.ads:862:80: (style) this line is too long: 82 [-gnatyM]
glib-application.ads:886:06: (style) trailing spaces not permitted [-gnatyb]
glib-application.ads:893:80: (style) this line is too long: 85 [-gnatyM]
glib-application.ads:938:06: (style) trailing spaces not permitted [-gnatyb]
glib-application.ads:942:07: (style) space required [-gnatyc]
glib-application.ads:943:07: (style) space required [-gnatyc]
glib-application.ads:944:07: (style) space required [-gnatyc]
glib-application.ads:954:06: (style) trailing spaces not permitted [-gnatyb]
glib-application.ads:1052:80: (style) this line is too long: 90 [-gnatyM]
   [Ada]          gtk-size_group.adb
   [Ada]          gtk-binding_set.adb
gtk-binding_set.ads:55:80: (style) this line is too long: 81 [-gnatyM]
   [Ada]          glib-utils.adb
   [Ada]          gtk-menu.adb
gtk-check_menu_item.ads:49:80: (style) this line is too long: 80 [-gnatyM]
gtk-check_menu_item.ads:255:80: (style) this line is too long: 86 [-gnatyM]
gtk-check_menu_item.ads:266:80: (style) this line is too long: 88 [-gnatyM]
gtk-check_menu_item.ads:277:80: (style) this line is too long: 84 [-gnatyM]
   [Ada]          pango-enums.adb
   [Ada]          glib-action_group.adb
gtk-tool_button.ads:362:80: (style) this line is too long: 80 [-gnatyM]
   [Ada]          glib-simple_action.adb
   [Ada]          gtk-entry_buffer.adb
glib-action_group.ads:74:06: warning: unnecessary with of ancestor [-gnatwr]
glib-action_group.ads:78:16: (style) space required [-gnatyt]
glib-action_group.ads:81:16: (style) space required [-gnatyt]
glib-action_group.ads:332:80: (style) this line is too long: 89 [-gnatyM]
glib-action_group.ads:343:06: (style) trailing spaces not permitted [-gnatyb]
glib-action_group.ads:372:80: (style) this line is too long: 85 [-gnatyM]
glib-action_group.ads:383:06: (style) trailing spaces not permitted [-gnatyb]
glib-action_group.ads:571:80: (style) this line is too long: 101 [-gnatyM]
glib-action_group.ads:627:80: (style) this line is too long: 99 [-gnatyM]
glib-action_group.ads:632:80: (style) this line is too long: 83 [-gnatyM]
glib-action_group.ads:637:80: (style) this line is too long: 95 [-gnatyM]
glib-action_group.ads:642:80: (style) this line is too long: 85 [-gnatyM]
glib-action_group.ads:647:80: (style) this line is too long: 93 [-gnatyM]
glib-action_group.ads:652:80: (style) this line is too long: 91 [-gnatyM]
glib-action_group.ads:657:80: (style) this line is too long: 105 [-gnatyM]
glib-action_group.ads:662:80: (style) this line is too long: 87 [-gnatyM]
glib-action_group.ads:667:80: (style) this line is too long: 97 [-gnatyM]
glib-action_group.ads:672:80: (style) this line is too long: 97 [-gnatyM]
glib-action_group.ads:692:01: (style) incorrect layout [-gnatyl]
   [Ada]          gtk-hsv.adb
gtk-menu.ads:92:80: (style) this line is too long: 105 [-gnatyM]
gtk-menu.ads:398:80: (style) this line is too long: 81 [-gnatyM]
gtk-menu.ads:406:80: (style) this line is too long: 80 [-gnatyM]
gtk-menu.ads:408:80: (style) this line is too long: 81 [-gnatyM]
gtk-menu.ads:409:80: (style) this line is too long: 81 [-gnatyM]
gtk-menu.ads:410:80: (style) this line is too long: 80 [-gnatyM]
gtk-menu.ads:411:80: (style) this line is too long: 82 [-gnatyM]
gtk-menu.ads:413:80: (style) this line is too long: 80 [-gnatyM]
gtk-menu.ads:414:80: (style) this line is too long: 81 [-gnatyM]
gtk-menu.ads:415:80: (style) this line is too long: 80 [-gnatyM]
gtk-menu.ads:416:80: (style) this line is too long: 80 [-gnatyM]
gtk-menu.ads:500:80: (style) this line is too long: 81 [-gnatyM]
gtk-menu.ads:508:80: (style) this line is too long: 80 [-gnatyM]
gtk-menu.ads:510:80: (style) this line is too long: 81 [-gnatyM]
gtk-menu.ads:511:80: (style) this line is too long: 81 [-gnatyM]
gtk-menu.ads:512:80: (style) this line is too long: 80 [-gnatyM]
gtk-menu.ads:513:80: (style) this line is too long: 82 [-gnatyM]
gtk-menu.ads:515:80: (style) this line is too long: 80 [-gnatyM]
gtk-menu.ads:516:80: (style) this line is too long: 81 [-gnatyM]
gtk-menu.ads:517:80: (style) this line is too long: 80 [-gnatyM]
gtk-menu.ads:518:80: (style) this line is too long: 80 [-gnatyM]
   [Ada]          gtk-notebook.adb
glib-simple_action.ads:35:06: warning: unnecessary with of ancestor [-gnatwr]
   [Ada]          pango-matrix.adb
pango-matrix.ads:86:80: (style) this line is too long: 82 [-gnatyM]
pango-matrix.ads:134:80: (style) this line is too long: 90 [-gnatyM]
   [Ada]          gtk-cell_layout.adb
gtk-entry_buffer.ads:223:06: (style) trailing spaces not permitted [-gnatyb]
gtk-entry_buffer.ads:228:80: (style) this line is too long: 85 [-gnatyM]
gtk-entry_buffer.ads:251:06: (style) trailing spaces not permitted [-gnatyb]
   [Ada]          glib-string.adb
gtk-cell_layout.ads:124:80: (style) this line is too long: 85 [-gnatyM]
gtk-cell_layout.ads:148:80: (style) this line is too long: 86 [-gnatyM]
gtk-cell_layout.ads:170:80: (style) this line is too long: 87 [-gnatyM]
gtk-cell_layout.ads:185:80: (style) this line is too long: 86 [-gnatyM]
gtk-cell_layout.ads:198:80: (style) this line is too long: 86 [-gnatyM]
gtk-cell_layout.ads:211:80: (style) this line is too long: 86 [-gnatyM]
gtk-cell_layout.ads:222:80: (style) this line is too long: 86 [-gnatyM]
gtk-cell_layout.ads:240:80: (style) this line is too long: 88 [-gnatyM]
gtk-cell_layout.ads:244:80: (style) this line is too long: 81 [-gnatyM]
gtk-cell_layout.ads:255:80: (style) this line is too long: 89 [-gnatyM]
gtk-cell_layout.ads:282:01: (style) incorrect layout [-gnatyl]
   [Ada]          gtk-spinner.adb
glib-string.ads:30:06: warning: unnecessary with of ancestor [-gnatwr]
   [Ada]          glib-action_map.adb
glib-action_map.ads:38:06: warning: unnecessary with of ancestor [-gnatwr]
glib-action_map.ads:44:16: (style) space required [-gnatyt]
glib-action_map.ads:46:16: (style) space required [-gnatyt]
glib-action_map.ads:177:80: (style) this line is too long: 98 [-gnatyM]
glib-action_map.ads:195:80: (style) this line is too long: 109 [-gnatyM]
glib-action_map.ads:221:01: (style) incorrect layout [-gnatyl]
glib-action_map.ads:232:01: (style) incorrect layout [-gnatyl]
   [Ada]          gtk-separator_menu_item.adb
gtk-hsv.ads:147:80: (style) this line is too long: 90 [-gnatyM]
   [Ada]          gtk-file_chooser_dialog.adb
   [Ada]          gtk-combo_box_text.adb
gtk-separator_menu_item.ads:44:80: (style) this line is too long: 84 [-gnatyM]
gtk-separator_menu_item.ads:45:80: (style) this line is too long: 83 [-gnatyM]
gtk-separator_menu_item.ads:132:80: (style) this line is too long: 94 [-gnatyM]
gtk-separator_menu_item.ads:143:80: (style) this line is too long: 96 [-gnatyM]
gtk-separator_menu_item.ads:154:80: (style) this line is too long: 92 [-gnatyM]
   [Ada]          gtk-icon_set.adb
gtk-notebook.ads:526:80: (style) this line is too long: 83 [-gnatyM]
gtk-notebook.ads:537:80: (style) this line is too long: 85 [-gnatyM]
gtk-notebook.ads:543:80: (style) this line is too long: 80 [-gnatyM]
gtk-notebook.ads:566:06: (style) trailing spaces not permitted [-gnatyb]
gtk-notebook.ads:634:06: (style) trailing spaces not permitted [-gnatyb]
gtk-notebook.ads:651:06: (style) trailing spaces not permitted [-gnatyb]
gtk-notebook.ads:668:06: (style) trailing spaces not permitted [-gnatyb]
gtk-notebook.ads:673:80: (style) this line is too long: 86 [-gnatyM]
gtk-notebook.ads:678:80: (style) this line is too long: 81 [-gnatyM]
gtk-notebook.ads:693:06: (style) trailing spaces not permitted [-gnatyb]
gtk-notebook.ads:726:06: (style) trailing spaces not permitted [-gnatyb]
   [Ada]          gtk-paned.adb
gtk-icon_set.ads:52:80: (style) this line is too long: 81 [-gnatyM]
gtk-icon_set.ads:183:80: (style) this line is too long: 82 [-gnatyM]
gtk-icon_set.ads:200:80: (style) this line is too long: 85 [-gnatyM]
gtk-icon_set.ads:237:80: (style) this line is too long: 80 [-gnatyM]
   [Ada]          gtk-action_bar.adb
gtk-file_chooser_dialog.ads:130:80: (style) this line is too long: 81 [-gnatyM]
gtk-file_chooser_dialog.ads:153:80: (style) this line is too long: 81 [-gnatyM]
gtk-file_chooser_dialog.ads:154:80: (style) this line is too long: 83 [-gnatyM]
gtk-file_chooser_dialog.ads:258:80: (style) this line is too long: 82 [-gnatyM]
gtk-file_chooser_dialog.ads:413:80: (style) this line is too long: 92 [-gnatyM]
gtk-file_chooser_dialog.ads:424:80: (style) this line is too long: 98 [-gnatyM]
   [Ada]          gtk-menu_bar.adb
gtk-combo_box_text.ads:81:80: (style) this line is too long: 85 [-gnatyM]
gtk-combo_box_text.ads:221:80: (style) this line is too long: 86 [-gnatyM]
gtk-combo_box_text.ads:239:80: (style) this line is too long: 88 [-gnatyM]
gtk-combo_box_text.ads:243:80: (style) this line is too long: 81 [-gnatyM]
gtk-combo_box_text.ads:253:80: (style) this line is too long: 91 [-gnatyM]
gtk-combo_box_text.ads:254:80: (style) this line is too long: 89 [-gnatyM]
gtk-combo_box_text.ads:288:80: (style) this line is too long: 86 [-gnatyM]
gtk-combo_box_text.ads:296:80: (style) this line is too long: 87 [-gnatyM]
gtk-combo_box_text.ads:304:80: (style) this line is too long: 86 [-gnatyM]
gtk-combo_box_text.ads:309:80: (style) this line is too long: 86 [-gnatyM]
gtk-combo_box_text.ads:314:80: (style) this line is too long: 86 [-gnatyM]
gtk-combo_box_text.ads:329:80: (style) this line is too long: 82 [-gnatyM]
gtk-combo_box_text.ads:340:80: (style) this line is too long: 90 [-gnatyM]
gtk-combo_box_text.ads:351:80: (style) this line is too long: 86 [-gnatyM]
   [Ada]          gtk-button.adb
   [Ada]          gtk-settings.adb
gtk-menu_bar.ads:128:80: (style) this line is too long: 82 [-gnatyM]
gtk-menu_bar.ads:157:80: (style) this line is too long: 84 [-gnatyM]
   [Ada]          gtk-table.adb
gtk-paned.ads:325:80: (style) this line is too long: 81 [-gnatyM]
gtk-paned.ads:364:80: (style) this line is too long: 83 [-gnatyM]
   [Ada]          gtk-style_properties.adb
   [Ada]          gtk-style.adb
gtk-style_properties.ads:165:80: (style) this line is too long: 96 [-gnatyM]
   [Ada]          gtk-tree_model.adb
gtk-button.ads:450:80: (style) this line is too long: 96 [-gnatyM]
   [Ada]          gtk-tree_drag_source.adb
gtk-settings.ads:167:80: (style) this line is too long: 85 [-gnatyM]
gtk-settings.ads:169:80: (style) this line is too long: 84 [-gnatyM]
gtk-settings.ads:174:80: (style) this line is too long: 90 [-gnatyM]
gtk-settings.ads:273:80: (style) this line is too long: 80 [-gnatyM]
gtk-settings.ads:277:80: (style) this line is too long: 87 [-gnatyM]
gtk-settings.ads:283:80: (style) this line is too long: 89 [-gnatyM]
gtk-settings.ads:287:80: (style) this line is too long: 87 [-gnatyM]
gtk-settings.ads:297:80: (style) this line is too long: 81 [-gnatyM]
gtk-settings.ads:304:80: (style) this line is too long: 85 [-gnatyM]
gtk-settings.ads:309:80: (style) this line is too long: 82 [-gnatyM]
gtk-settings.ads:320:80: (style) this line is too long: 80 [-gnatyM]
gtk-settings.ads:369:80: (style) this line is too long: 82 [-gnatyM]
gtk-settings.ads:392:80: (style) this line is too long: 88 [-gnatyM]
gtk-settings.ads:401:80: (style) this line is too long: 81 [-gnatyM]
gtk-settings.ads:411:80: (style) this line is too long: 81 [-gnatyM]
gtk-settings.ads:427:80: (style) this line is too long: 88 [-gnatyM]
gtk-settings.ads:431:80: (style) this line is too long: 81 [-gnatyM]
gtk-settings.ads:433:80: (style) this line is too long: 80 [-gnatyM]
gtk-settings.ads:435:80: (style) this line is too long: 80 [-gnatyM]
gtk-settings.ads:437:80: (style) this line is too long: 83 [-gnatyM]
gtk-settings.ads:445:80: (style) this line is too long: 87 [-gnatyM]
gtk-settings.ads:461:80: (style) this line is too long: 81 [-gnatyM]
gtk-settings.ads:467:80: (style) this line is too long: 81 [-gnatyM]
gtk-settings.ads:473:80: (style) this line is too long: 80 [-gnatyM]
gtk-settings.ads:485:80: (style) this line is too long: 84 [-gnatyM]
gtk-settings.ads:534:80: (style) this line is too long: 80 [-gnatyM]
gtk-settings.ads:561:80: (style) this line is too long: 81 [-gnatyM]
gtk-settings.ads:563:80: (style) this line is too long: 86 [-gnatyM]
gtk-settings.ads:565:80: (style) this line is too long: 80 [-gnatyM]
gtk-settings.ads:567:80: (style) this line is too long: 80 [-gnatyM]
gtk-settings.ads:569:80: (style) this line is too long: 82 [-gnatyM]
gtk-settings.ads:571:80: (style) this line is too long: 83 [-gnatyM]
gtk-settings.ads:573:80: (style) this line is too long: 83 [-gnatyM]
gtk-settings.ads:587:80: (style) this line is too long: 80 [-gnatyM]
gtk-settings.ads:589:80: (style) this line is too long: 85 [-gnatyM]
gtk-settings.ads:591:80: (style) this line is too long: 82 [-gnatyM]
gtk-settings.ads:593:80: (style) this line is too long: 82 [-gnatyM]
gtk-settings.ads:595:80: (style) this line is too long: 83 [-gnatyM]
gtk-settings.ads:597:80: (style) this line is too long: 90 [-gnatyM]
gtk-settings.ads:603:80: (style) this line is too long: 83 [-gnatyM]
gtk-settings.ads:605:80: (style) this line is too long: 83 [-gnatyM]
gtk-settings.ads:609:80: (style) this line is too long: 90 [-gnatyM]
gtk-settings.ads:625:80: (style) this line is too long: 84 [-gnatyM]
gtk-settings.ads:627:80: (style) this line is too long: 81 [-gnatyM]
gtk-settings.ads:629:80: (style) this line is too long: 81 [-gnatyM]
gtk-settings.ads:643:80: (style) this line is too long: 80 [-gnatyM]
gtk-settings.ads:647:80: (style) this line is too long: 82 [-gnatyM]
gtk-settings.ads:649:80: (style) this line is too long: 81 [-gnatyM]
gtk-settings.ads:653:80: (style) this line is too long: 84 [-gnatyM]
gtk-settings.ads:655:80: (style) this line is too long: 87 [-gnatyM]
gtk-settings.ads:659:80: (style) this line is too long: 83 [-gnatyM]
gtk-settings.ads:663:80: (style) this line is too long: 91 [-gnatyM]
gtk-settings.ads:665:80: (style) this line is too long: 82 [-gnatyM]
gtk-settings.ads:667:80: (style) this line is too long: 80 [-gnatyM]
gtk-settings.ads:673:80: (style) this line is too long: 80 [-gnatyM]
gtk-settings.ads:677:80: (style) this line is too long: 81 [-gnatyM]
gtk-settings.ads:695:80: (style) this line is too long: 80 [-gnatyM]
gtk-settings.ads:701:80: (style) this line is too long: 92 [-gnatyM]
gtk-settings.ads:703:80: (style) this line is too long: 86 [-gnatyM]
gtk-settings.ads:705:80: (style) this line is too long: 87 [-gnatyM]
   [Ada]          pango-fontset.adb
pango-fontset.ads:91:80: (style) this line is too long: 80 [-gnatyM]
   [Ada]          gtk-tree_store.adb
gtk-style.ads:199:80: (style) this line is too long: 94 [-gnatyM]
   [Ada]          gtk-text_view.adb
gtk-tree_drag_source.ads:159:80: (style) this line is too long: 81 [-gnatyM]
gtk-tree_drag_source.ads:164:80: (style) this line is too long: 91 [-gnatyM]
gtk-tree_drag_source.ads:169:80: (style) this line is too long: 85 [-gnatyM]
gtk-tree_drag_source.ads:174:80: (style) this line is too long: 85 [-gnatyM]
gtk-tree_drag_source.ads:179:01: (style) incorrect layout [-gnatyl]
   [Ada]          pango-font_family.adb
pango-font_family.ads:41:80: (style) this line is too long: 81 [-gnatyM]
   [Ada]          gtk-progress_bar.adb
gtk-tree_model.adb:1109:04: warning: use clause for private type "System.Address" has no effect [-gnatwu]
gtk-tree_model.ads:225:80: (style) this line is too long: 83 [-gnatyM]
gtk-tree_model.ads:810:80: (style) this line is too long: 81 [-gnatyM]
gtk-tree_model.ads:816:80: (style) this line is too long: 87 [-gnatyM]
gtk-tree_model.ads:821:80: (style) this line is too long: 80 [-gnatyM]
gtk-tree_model.ads:837:06: (style) trailing spaces not permitted [-gnatyb]
gtk-tree_model.ads:839:80: (style) this line is too long: 82 [-gnatyM]
gtk-tree_model.ads:841:80: (style) this line is too long: 80 [-gnatyM]
gtk-tree_model.ads:871:80: (style) this line is too long: 87 [-gnatyM]
gtk-tree_model.ads:883:06: (style) trailing spaces not permitted [-gnatyb]
gtk-tree_model.ads:886:80: (style) this line is too long: 84 [-gnatyM]
gtk-tree_model.ads:903:06: (style) trailing spaces not permitted [-gnatyb]
gtk-tree_model.ads:905:80: (style) this line is too long: 82 [-gnatyM]
gtk-tree_model.ads:906:80: (style) this line is too long: 84 [-gnatyM]
gtk-tree_model.ads:909:80: (style) this line is too long: 95 [-gnatyM]
gtk-tree_model.ads:915:80: (style) this line is too long: 88 [-gnatyM]
gtk-tree_model.ads:936:06: (style) trailing spaces not permitted [-gnatyb]
gtk-tree_model.ads:938:80: (style) this line is too long: 84 [-gnatyM]
gtk-tree_model.ads:940:80: (style) this line is too long: 80 [-gnatyM]
gtk-tree_model.ads:941:80: (style) this line is too long: 85 [-gnatyM]
gtk-tree_model.ads:943:80: (style) this line is too long: 83 [-gnatyM]
gtk-tree_model.ads:968:80: (style) this line is too long: 99 [-gnatyM]
gtk-tree_model.ads:985:80: (style) this line is too long: 96 [-gnatyM]
gtk-tree_model.ads:1090:80: (style) this line is too long: 97 [-gnatyM]
gtk-tree_model.ads:1119:80: (style) this line is too long: 101 [-gnatyM]
gtk-tree_model.ads:1174:80: (style) this line is too long: 99 [-gnatyM]
gtk-tree_model.ads:1189:80: (style) this line is too long: 83 [-gnatyM]
gtk-tree_model.ads:1224:80: (style) this line is too long: 81 [-gnatyM]
gtk-tree_model.ads:1229:80: (style) this line is too long: 83 [-gnatyM]
gtk-tree_model.ads:1239:80: (style) this line is too long: 81 [-gnatyM]
gtk-tree_model.ads:1269:80: (style) this line is too long: 95 [-gnatyM]
gtk-tree_model.ads:1279:80: (style) this line is too long: 81 [-gnatyM]
gtk-tree_model.ads:1288:01: (style) incorrect layout [-gnatyl]
gtk-tree_model.ads:1297:01: (style) incorrect layout [-gnatyl]
gtk-tree_model.ads:1302:01: (style) trailing spaces not permitted [-gnatyb]
gtk-tree_model.ads:1304:80: (style) this line is too long: 82 [-gnatyM]
   [Ada]          gtk-link_button.adb
gtk-tree_store.ads:60:80: (style) this line is too long: 81 [-gnatyM]
gtk-tree_store.ads:326:80: (style) this line is too long: 82 [-gnatyM]
gtk-tree_store.ads:362:80: (style) this line is too long: 82 [-gnatyM]
gtk-tree_store.ads:363:80: (style) this line is too long: 80 [-gnatyM]
gtk-tree_store.ads:366:80: (style) this line is too long: 82 [-gnatyM]
gtk-tree_store.ads:378:80: (style) this line is too long: 81 [-gnatyM]
gtk-tree_store.ads:416:80: (style) this line is too long: 82 [-gnatyM]
gtk-tree_store.ads:417:80: (style) this line is too long: 80 [-gnatyM]
gtk-tree_store.ads:420:80: (style) this line is too long: 82 [-gnatyM]
gtk-tree_store.ads:432:80: (style) this line is too long: 86 [-gnatyM]
gtk-tree_store.ads:730:80: (style) this line is too long: 84 [-gnatyM]
gtk-tree_store.ads:741:80: (style) this line is too long: 88 [-gnatyM]
gtk-tree_store.ads:763:80: (style) this line is too long: 82 [-gnatyM]
   [Ada]          gtk-entry_completion.adb
gtk-progress_bar.ads:264:80: (style) this line is too long: 80 [-gnatyM]
   [Ada]          gtk-cell_renderer_spinner.adb
gtk-cell_renderer_spinner.ads:47:80: (style) this line is too long: 90 [-gnatyM]
gtk-cell_renderer_spinner.ads:48:80: (style) this line is too long: 87 [-gnatyM]
   [Ada]          gtk-font_chooser_widget.adb
gtk-link_button.ads:263:80: (style) this line is too long: 80 [-gnatyM]
   [Ada]          gtk-scale_button.adb
gtk-text_view.ads:72:80: (style) this line is too long: 84 [-gnatyM]
gtk-text_view.ads:130:80: (style) this line is too long: 90 [-gnatyM]
gtk-text_view.ads:694:80: (style) this line is too long: 80 [-gnatyM]
gtk-text_view.ads:839:80: (style) this line is too long: 102 [-gnatyM]
gtk-text_view.ads:899:80: (style) this line is too long: 81 [-gnatyM]
gtk-text_view.ads:919:06: (style) trailing spaces not permitted [-gnatyb]
gtk-text_view.ads:921:80: (style) this line is too long: 84 [-gnatyM]
gtk-text_view.ads:948:80: (style) this line is too long: 89 [-gnatyM]
gtk-text_view.ads:954:80: (style) this line is too long: 83 [-gnatyM]
gtk-text_view.ads:986:06: (style) trailing spaces not permitted [-gnatyb]
gtk-text_view.ads:988:80: (style) this line is too long: 82 [-gnatyM]
gtk-text_view.ads:1018:06: (style) trailing spaces not permitted [-gnatyb]
gtk-text_view.ads:1020:80: (style) this line is too long: 82 [-gnatyM]
gtk-text_view.ads:1130:80: (style) this line is too long: 87 [-gnatyM]
   [Ada]          gdk-rgba.adb
gtk-font_chooser_widget.ads:56:80: (style) this line is too long: 83 [-gnatyM]
gtk-font_chooser_widget.ads:63:80: (style) this line is too long: 80 [-gnatyM]
gtk-font_chooser_widget.ads:109:80: (style) this line is too long: 83 [-gnatyM]
gtk-font_chooser_widget.ads:112:80: (style) this line is too long: 80 [-gnatyM]
gtk-font_chooser_widget.ads:120:80: (style) this line is too long: 99 [-gnatyM]
gtk-font_chooser_widget.ads:201:80: (style) this line is too long: 92 [-gnatyM]
gtk-font_chooser_widget.ads:212:80: (style) this line is too long: 98 [-gnatyM]
gtk-font_chooser_widget.ads:223:80: (style) this line is too long: 94 [-gnatyM]
   [Ada]          gtk-grid.adb
   [Ada]          gdk-drag_contexts.adb
gtk-entry_completion.ads:111:80: (style) this line is too long: 85 [-gnatyM]
gtk-entry_completion.ads:374:80: (style) this line is too long: 93 [-gnatyM]
gtk-entry_completion.ads:390:80: (style) this line is too long: 94 [-gnatyM]
gtk-entry_completion.ads:404:80: (style) this line is too long: 86 [-gnatyM]
gtk-entry_completion.ads:422:80: (style) this line is too long: 88 [-gnatyM]
gtk-entry_completion.ads:426:80: (style) this line is too long: 81 [-gnatyM]
gtk-entry_completion.ads:436:80: (style) this line is too long: 95 [-gnatyM]
gtk-entry_completion.ads:437:80: (style) this line is too long: 89 [-gnatyM]
gtk-entry_completion.ads:461:80: (style) this line is too long: 86 [-gnatyM]
gtk-entry_completion.ads:470:80: (style) this line is too long: 87 [-gnatyM]
gtk-entry_completion.ads:478:80: (style) this line is too long: 86 [-gnatyM]
gtk-entry_completion.ads:483:80: (style) this line is too long: 86 [-gnatyM]
gtk-entry_completion.ads:488:80: (style) this line is too long: 86 [-gnatyM]
gtk-entry_completion.ads:561:80: (style) this line is too long: 96 [-gnatyM]
gtk-entry_completion.ads:566:80: (style) this line is too long: 83 [-gnatyM]
gtk-entry_completion.ads:587:06: (style) trailing spaces not permitted [-gnatyb]
gtk-entry_completion.ads:590:80: (style) this line is too long: 84 [-gnatyM]
gtk-entry_completion.ads:619:06: (style) trailing spaces not permitted [-gnatyb]
gtk-entry_completion.ads:640:06: (style) trailing spaces not permitted [-gnatyb]
gtk-entry_completion.ads:643:80: (style) this line is too long: 84 [-gnatyM]
gtk-entry_completion.ads:676:80: (style) this line is too long: 86 [-gnatyM]
gtk-entry_completion.ads:687:80: (style) this line is too long: 90 [-gnatyM]
   [Ada]          gtk-recent_chooser_menu.adb
gdk-drag_contexts.ads:26:06: warning: unnecessary with of ancestor [-gnatwr]
gdk-drag_contexts.ads:72:80: (style) this line is too long: 80 [-gnatyM]
   [Ada]          gtk-gesture_pan.adb
   [Ada]          gtk-icon_theme.adb
gtk-scale_button.ads:120:80: (style) this line is too long: 80 [-gnatyM]
gtk-scale_button.ads:239:36: (style) space required [-gnatyt]
gtk-scale_button.ads:323:80: (style) this line is too long: 80 [-gnatyM]
gtk-scale_button.ads:334:80: (style) this line is too long: 82 [-gnatyM]
gtk-scale_button.ads:356:80: (style) this line is too long: 80 [-gnatyM]
   [Ada]          gtk-cell_view.adb
gtk-gesture_pan.ads:116:80: (style) this line is too long: 86 [-gnatyM]
gtk-gesture_pan.ads:138:06: (style) trailing spaces not permitted [-gnatyb]
   [Ada]          gtk-flow_box.adb
gtk-recent_chooser_menu.ads:66:80: (style) this line is too long: 83 [-gnatyM]
gtk-recent_chooser_menu.ads:112:80: (style) this line is too long: 85 [-gnatyM]
gtk-recent_chooser_menu.ads:115:80: (style) this line is too long: 85 [-gnatyM]
gtk-recent_chooser_menu.ads:129:80: (style) this line is too long: 84 [-gnatyM]
gtk-recent_chooser_menu.ads:190:80: (style) this line is too long: 102 [-gnatyM]
gtk-recent_chooser_menu.ads:247:80: (style) this line is too long: 83 [-gnatyM]
gtk-recent_chooser_menu.ads:343:80: (style) this line is too long: 83 [-gnatyM]
gtk-recent_chooser_menu.ads:381:80: (style) this line is too long: 96 [-gnatyM]
gtk-recent_chooser_menu.ads:392:80: (style) this line is too long: 92 [-gnatyM]
gtk-recent_chooser_menu.ads:403:80: (style) this line is too long: 102 [-gnatyM]
   [C]            misc_generated.c
   [C]            misc.c
gtk-icon_theme.ads:124:80: (style) this line is too long: 88 [-gnatyM]
gtk-icon_theme.ads:627:80: (style) this line is too long: 87 [-gnatyM]
gtk-icon_theme.ads:734:80: (style) this line is too long: 104 [-gnatyM]
gtk-cell_view.ads:73:80: (style) this line is too long: 85 [-gnatyM]
gtk-cell_view.ads:103:80: (style) this line is too long: 93 [-gnatyM]
gtk-cell_view.ads:107:80: (style) this line is too long: 93 [-gnatyM]
gtk-cell_view.ads:123:80: (style) this line is too long: 90 [-gnatyM]
gtk-cell_view.ads:309:80: (style) this line is too long: 86 [-gnatyM]
gtk-cell_view.ads:327:80: (style) this line is too long: 88 [-gnatyM]
gtk-cell_view.ads:331:80: (style) this line is too long: 81 [-gnatyM]
gtk-cell_view.ads:341:80: (style) this line is too long: 81 [-gnatyM]
gtk-cell_view.ads:342:80: (style) this line is too long: 89 [-gnatyM]
gtk-cell_view.ads:366:80: (style) this line is too long: 86 [-gnatyM]
gtk-cell_view.ads:374:80: (style) this line is too long: 87 [-gnatyM]
gtk-cell_view.ads:382:80: (style) this line is too long: 86 [-gnatyM]
gtk-cell_view.ads:387:80: (style) this line is too long: 86 [-gnatyM]
gtk-cell_view.ads:392:80: (style) this line is too long: 86 [-gnatyM]
/root/.local/share/alire/builds/gtkada_21.0.0_3c1373c0/5b0a6c228d630e36e6dc7a2e55ab79e0ec87b01c42118c60761c64f4c6d5669c/src/misc.c: In function 'ada_g_module_build_path':
/root/.local/share/alire/builds/gtkada_21.0.0_3c1373c0/5b0a6c228d630e36e6dc7a2e55ab79e0ec87b01c42118c60761c64f4c6d5669c/src/misc.c:216:3: warning: 'g_module_build_path' is deprecated [-Wdeprecated-declarations]
  216 |   return g_module_build_path (directory, module_name);
      |   ^~~~~~
In file included from /usr/include/glib-2.0/gio/giomodule.h:31,
                 from /usr/include/glib-2.0/gio/gio.h:102,
                 from /usr/include/gtk-3.0/gdk/gdkapplaunchcontext.h:28,
                 from /usr/include/gtk-3.0/gdk/gdk.h:32,
                 from /root/.local/share/alire/builds/gtkada_21.0.0_3c1373c0/5b0a6c228d630e36e6dc7a2e55ab79e0ec87b01c42118c60761c64f4c6d5669c/src/misc.c:38:
/usr/include/glib-2.0/gmodule.h:142:23: note: declared here
  142 | gchar*                g_module_build_path    (const gchar  *directory,
      |                       ^~~~~~~~~~~~~~~~~~~
gtk-flow_box.ads:74:80: (style) this line is too long: 82 [-gnatyM]
gtk-flow_box.ads:82:80: (style) this line is too long: 81 [-gnatyM]
gtk-flow_box.ads:90:80: (style) this line is too long: 82 [-gnatyM]
gtk-flow_box.ads:91:80: (style) this line is too long: 82 [-gnatyM]
gtk-flow_box.ads:266:80: (style) this line is too long: 83 [-gnatyM]
gtk-flow_box.ads:286:80: (style) this line is too long: 88 [-gnatyM]
gtk-flow_box.ads:288:80: (style) this line is too long: 80 [-gnatyM]
gtk-flow_box.ads:327:80: (style) this line is too long: 88 [-gnatyM]
gtk-flow_box.ads:354:80: (style) this line is too long: 80 [-gnatyM]
gtk-flow_box.ads:384:80: (style) this line is too long: 88 [-gnatyM]
gtk-flow_box.ads:385:80: (style) this line is too long: 88 [-gnatyM]
gtk-flow_box.ads:412:80: (style) this line is too long: 80 [-gnatyM]
gtk-flow_box.ads:430:80: (style) this line is too long: 83 [-gnatyM]
gtk-flow_box.ads:456:80: (style) this line is too long: 81 [-gnatyM]
gtk-flow_box.ads:487:80: (style) this line is too long: 100 [-gnatyM]
gtk-flow_box.ads:492:80: (style) this line is too long: 87 [-gnatyM]
gtk-flow_box.ads:508:80: (style) this line is too long: 82 [-gnatyM]
gtk-flow_box.ads:512:80: (style) this line is too long: 82 [-gnatyM]
gtk-flow_box.ads:527:80: (style) this line is too long: 80 [-gnatyM]
gtk-flow_box.ads:561:06: (style) trailing spaces not permitted [-gnatyb]
gtk-flow_box.ads:563:80: (style) this line is too long: 82 [-gnatyM]
gtk-flow_box.ads:582:80: (style) this line is too long: 95 [-gnatyM]
gtk-flow_box.ads:598:80: (style) this line is too long: 83 [-gnatyM]
gtk-flow_box.ads:674:80: (style) this line is too long: 83 [-gnatyM]
Build Libraries
   [gprlib]       gtkada.lexch
   [archive]      libgtkada.a
   [index]        libgtkada.a
====== Building relocatable libraries =====
/root/.local/share/alire/toolchains/gprbuild_25.0.1_9a2e6cfb/bin/gprbuild  -j0 -m -p  -XLIBRARY_TYPE=relocatable -Psrc/gtkada.gpr
Build Libraries
   [gprlib]       gtkada.lexch
   [link library] libgtkada.so
====== Building tools =====
/root/.local/share/alire/toolchains/gprbuild_25.0.1_9a2e6cfb/bin/gprbuild  -j0 -m -p  -XLIBRARY_TYPE=static -Psrc/tools/tools.gpr
Setup
   [mkdir]        object directory for project Tools
Compile
   [Ada]          gdialog.adb
   [Ada]          gtkada-pixmaps.ads
   [Ada]          glib-xml_int.ads
   [Ada]          cairo-scaled_font.ads
   [Ada]          cairo-image_surface.adb
   [Ada]          gdk.ads
   [Ada]          cairo-font_options.adb
   [Ada]          cairo-region.adb
   [Ada]          cairo-pdf.adb
   [Ada]          gtkada-builder.adb
   [Ada]          cairo-surface.adb
   [Ada]          gdk-pixbuf.adb
   [Ada]          gtk-handlers.adb
   [Ada]          gdk-main.adb
   [Ada]          gtk-marshallers.adb
   [Ada]          gtk-bindings.adb
   [Ada]          gtkada-multi_paned.adb
   [Ada]          glib-type_conversion_hooks.adb
   [Ada]          cairo-svg.adb
   [Ada]          gtkada-bindings.adb
gtk-handlers.adb:27:06: warning: renamed predefined unit is an obsolescent feature (RM J.1) [-gnatwj]
gtk-handlers.ads:179:06: warning: renamed predefined unit is an obsolescent feature (RM J.1) [-gnatwj]
   [Ada]          gtkada-intl.adb
   [Ada]          gdk-cairo.adb
   [Ada]          gtkada-canvas_view-models-layers.adb
   [Ada]          cairo-matrix.ads
   [Ada]          gdk-display_manager.adb
   [Ada]          gtkada-abstract_list_model.adb
   [Ada]          gtkada-types.adb
   [Ada]          glib-convert.adb
   [Ada]          cairo-png.adb
   [Ada]          gtkada-dialogs.adb
   [Ada]          gdk-rectangle.adb
   [Ada]          gtkada-canvas_view-models.adb
   [Ada]          glib-enums.ads
   [Ada]          gtk-tree_model-utils.adb
   [Ada]          glib-graphs-layouts.adb
   [Ada]          gtkada-multiline_entry.adb
   [Ada]          gtk-arguments.adb
   [Ada]          gtkada-handlers.ads
   [Ada]          gdk-property.adb
   [Ada]          gtk-type_conversion.adb
   [Ada]          gtkada-canvas.adb
   [Ada]          glib-main.adb
   [Ada]          gtkada-canvas_view-views.adb
   [Ada]          gtkada-canvas_view.adb
   [Ada]          glib-gslist.adb
   [Ada]          gtk-text_child.adb
gtkada-canvas.adb:28:06: warning: renamed predefined unit is an obsolescent feature (RM J.1) [-gnatwj]
gtkada-canvas.adb:77:04: warning: use clause for type "Gdk_Window" defined at gdk.ads:43 has no effect [-gnatwu]
   [Ada]          glib-generic_properties.adb
glib-generic_properties.adb:26:06: warning: renamed predefined unit is an obsolescent feature (RM J.1) [-gnatwj]
   [Ada]          glib-properties.adb
   [Ada]          gtkada-mdi.adb
   [Ada]          gdk-keyval.adb
   [Ada]          gdk-color.adb
gtk-text_child.ads:32:06: warning: unnecessary with of ancestor [-gnatwr]
   [Ada]          cairo-pattern.ads
   [Ada]          glib-messages.adb
   [Ada]          glib-unicode.adb
   [Ada]          gtkada-canvas_view-objects.adb
   [Ada]          gdk-threads.ads
   [Ada]          gdk-input.ads
   [Ada]          gtkada-printing.adb
   [Ada]          glib-key_file.adb
   [Ada]          gdk-types-keysyms.ads
   [Ada]          cairo.adb
gtkada-printing.adb:26:06: warning: renamed predefined unit is an obsolescent feature (RM J.1) [-gnatwj]
   [Ada]          fontconfig.adb
   [Ada]          gtkada-canvas_view-links.adb
   [Ada]          gdk-types.ads
   [Ada]          glib.adb
   [Ada]          glib-module.adb
   [Ada]          glib-properties-creation.adb
   [Ada]          gdk-dnd.adb
   [Ada]          gtkada-application.adb
gdk-dnd.adb:28:06: warning: unnecessary with of ancestor [-gnatwr]
   [Ada]          gtkada-canvas_view-rtrees.adb
   [Ada]          glib-graphs.adb
glib-graphs.adb:24:06: warning: renamed predefined unit is an obsolescent feature (RM J.1) [-gnatwj]
   [Ada]          glib-error.adb
   [Ada]          glib-types.adb
   [Ada]          gtkada-canvas_view-astar.adb
   [Ada]          pango-cairo.adb
   [Ada]          glib-object.adb
   [Ada]          gtkada-abstract_tree_model.adb
glib-object.adb:24:06: warning: renamed predefined unit is an obsolescent feature (RM J.1) [-gnatwj]
glib-object.adb:25:06: warning: renamed predefined unit is an obsolescent feature (RM J.1) [-gnatwj]
glib-object.adb:322:33: warning: aspect Unreferenced specified for "Ignored" [enabled by default]
   [Ada]          gdk-visual.adb
gdk-visual.ads:33:06: warning: renamed predefined unit is an obsolescent feature (RM J.1) [-gnatwj]
   [Ada]          cairo-font_face.ads
   [Ada]          gtk-dnd.adb
   [Ada]          gtkada-c.adb
   [Ada]          glib-xml.adb
glib-xml.adb:662:28: warning: aspect Unreferenced specified for "Success" [enabled by default]
glib-xml.ads:33:06: warning: renamed predefined unit is an obsolescent feature (RM J.1) [-gnatwj]
   [Ada]          gtkada-style.adb
gtkada-abstract_tree_model.adb:24:09: warning: unit "Ada.Unchecked_Conversion" is not referenced [-gnatwu]
   [Ada]          gtk-rc.adb
   [Ada]          glib-glist.adb
   [Ada]          gtk.ads
   [Ada]          gtkada-file_selection.adb
   [Ada]          glib-values.adb
   [Ada]          pango.ads
   [Ada]          gtkada.ads
   [Ada]          gdk-window_attr.adb
   [Ada]          glib-gnodes.adb
glib-gnodes.adb:25:06: warning: renamed predefined unit is an obsolescent feature (RM J.1) [-gnatwj]
   [Ada]          gtk-list_box_row.adb
   [Ada]          gtk-recent_chooser_dialog.adb
   [Ada]          gdk-frame_clock.adb
gtk-list_box_row.ads:40:80: (style) this line is too long: 82 [-gnatyM]
gtk-list_box_row.ads:41:80: (style) this line is too long: 82 [-gnatyM]
gtk-list_box_row.ads:42:80: (style) this line is too long: 85 [-gnatyM]
   [Ada]          gtk-menu_item.adb
gtk-recent_chooser_dialog.ads:73:80: (style) this line is too long: 83 [-gnatyM]
gtk-recent_chooser_dialog.ads:74:80: (style) this line is too long: 87 [-gnatyM]
gtk-recent_chooser_dialog.ads:157:80: (style) this line is too long: 106 [-gnatyM]
gtk-recent_chooser_dialog.ads:185:80: (style) this line is too long: 83 [-gnatyM]
gtk-recent_chooser_dialog.ads:281:80: (style) this line is too long: 83 [-gnatyM]
gtk-recent_chooser_dialog.ads:307:80: (style) this line is too long: 96 [-gnatyM]
gtk-recent_chooser_dialog.ads:318:80: (style) this line is too long: 106 [-gnatyM]
   [Ada]          gtk-tool_shell.adb
gdk-frame_clock.ads:93:80: (style) this line is too long: 88 [-gnatyM]
   [Ada]          gtk-cell_renderer_pixbuf.adb
gtk-tool_shell.ads:103:80: (style) this line is too long: 82 [-gnatyM]
gtk-tool_shell.ads:147:80: (style) this line is too long: 104 [-gnatyM]
gtk-tool_shell.ads:150:80: (style) this line is too long: 108 [-gnatyM]
gtk-tool_shell.ads:157:80: (style) this line is too long: 110 [-gnatyM]
gtk-tool_shell.ads:164:80: (style) this line is too long: 104 [-gnatyM]
gtk-tool_shell.ads:171:80: (style) this line is too long: 92 [-gnatyM]
gtk-tool_shell.ads:178:80: (style) this line is too long: 113 [-gnatyM]
gtk-tool_shell.ads:185:80: (style) this line is too long: 101 [-gnatyM]
gtk-tool_shell.ads:206:80: (style) this line is too long: 89 [-gnatyM]
gtk-tool_shell.ads:216:80: (style) this line is too long: 83 [-gnatyM]
gtk-tool_shell.ads:221:80: (style) this line is too long: 85 [-gnatyM]
gtk-tool_shell.ads:231:80: (style) this line is too long: 89 [-gnatyM]
gtk-tool_shell.ads:236:80: (style) this line is too long: 93 [-gnatyM]
gtk-tool_shell.ads:241:80: (style) this line is too long: 91 [-gnatyM]
gtk-tool_shell.ads:251:01: (style) incorrect layout [-gnatyl]
   [Ada]          gtk-icon_factory.adb
gtk-cell_renderer_pixbuf.ads:52:80: (style) this line is too long: 89 [-gnatyM]
gtk-cell_renderer_pixbuf.ads:53:80: (style) this line is too long: 85 [-gnatyM]
gtk-cell_renderer_pixbuf.ads:134:80: (style) this line is too long: 80 [-gnatyM]
   [Ada]          gtk-application.adb
   [Ada]          gtk-calendar.adb
gtk-menu_item.ads:356:80: (style) this line is too long: 102 [-gnatyM]
gtk-menu_item.ads:417:80: (style) this line is too long: 85 [-gnatyM]
gtk-menu_item.ads:436:80: (style) this line is too long: 83 [-gnatyM]
   [Ada]          gtk-recent_chooser.adb
   [Ada]          gtk-search_entry.adb
gtk-calendar.ads:101:80: (style) this line is too long: 102 [-gnatyM]
gtk-calendar.ads:235:80: (style) this line is too long: 81 [-gnatyM]
gtk-calendar.ads:320:80: (style) this line is too long: 100 [-gnatyM]
gtk-calendar.ads:337:80: (style) this line is too long: 95 [-gnatyM]
   [Ada]          gtk-grange.adb
gtk-recent_chooser.ads:74:80: (style) this line is too long: 86 [-gnatyM]
gtk-recent_chooser.ads:89:80: (style) this line is too long: 83 [-gnatyM]
gtk-recent_chooser.ads:252:80: (style) this line is too long: 83 [-gnatyM]
gtk-recent_chooser.ads:372:80: (style) this line is too long: 82 [-gnatyM]
gtk-recent_chooser.ads:380:80: (style) this line is too long: 92 [-gnatyM]
gtk-recent_chooser.ads:425:80: (style) this line is too long: 84 [-gnatyM]
gtk-recent_chooser.ads:446:01: (style) incorrect layout [-gnatyl]
   [Ada]          glib-g_icon.adb
glib-g_icon.ads:59:06: warning: unnecessary with of ancestor [-gnatwr]
glib-g_icon.ads:144:01: (style) incorrect layout [-gnatyl]
   [Ada]          gtk-print_operation.adb
gtk-application.ads:126:80: (style) this line is too long: 104 [-gnatyM]
gtk-application.ads:632:80: (style) this line is too long: 80 [-gnatyM]
   [Ada]          gtk-menu_shell.adb
gtk-search_entry.ads:197:80: (style) this line is too long: 86 [-gnatyM]
   [Ada]          gtk-info_bar.adb
gtk-grange.ads:75:80: (style) this line is too long: 80 [-gnatyM]
gtk-grange.ads:322:80: (style) this line is too long: 89 [-gnatyM]
gtk-grange.ads:338:80: (style) this line is too long: 89 [-gnatyM]
gtk-grange.ads:365:80: (style) this line is too long: 80 [-gnatyM]
gtk-grange.ads:399:06: (style) trailing spaces not permitted [-gnatyb]
gtk-grange.ads:426:80: (style) this line is too long: 94 [-gnatyM]
gtk-grange.ads:475:80: (style) this line is too long: 91 [-gnatyM]
gtk-grange.ads:481:80: (style) this line is too long: 81 [-gnatyM]
gtk-grange.ads:483:80: (style) this line is too long: 91 [-gnatyM]
   [Ada]          gtk-recent_info.adb
gtk-recent_info.ads:44:80: (style) this line is too long: 87 [-gnatyM]
gtk-recent_info.ads:188:80: (style) this line is too long: 86 [-gnatyM]
   [Ada]          gtk-symbolic_color.adb
gtk-menu_shell.ads:262:80: (style) this line is too long: 104 [-gnatyM]
gtk-menu_shell.ads:339:06: (style) trailing spaces not permitted [-gnatyb]
gtk-menu_shell.ads:344:80: (style) this line is too long: 83 [-gnatyM]
gtk-menu_shell.ads:385:06: (style) trailing spaces not permitted [-gnatyb]
gtk-menu_shell.ads:387:80: (style) this line is too long: 80 [-gnatyM]
   [Ada]          gdk-window.adb
gtk-symbolic_color.ads:51:80: (style) this line is too long: 93 [-gnatyM]
gtk-symbolic_color.ads:205:80: (style) this line is too long: 92 [-gnatyM]
   [Ada]          gdk-screen.adb
gdk-screen.ads:42:06: warning: unnecessary with of ancestor [-gnatwr]
gdk-screen.ads:372:43: (style) space required [-gnatyt]
gdk-screen.ads:381:80: (style) this line is too long: 81 [-gnatyM]
   [Ada]          gtk-cell_renderer_progress.adb
gtk-print_operation.ads:150:80: (style) this line is too long: 98 [-gnatyM]
gtk-print_operation.ads:154:80: (style) this line is too long: 98 [-gnatyM]
gtk-print_operation.ads:281:80: (style) this line is too long: 83 [-gnatyM]
gtk-print_operation.ads:641:80: (style) this line is too long: 82 [-gnatyM]
gtk-print_operation.ads:643:80: (style) this line is too long: 82 [-gnatyM]
gtk-print_operation.ads:647:80: (style) this line is too long: 82 [-gnatyM]
gtk-print_operation.ads:675:80: (style) this line is too long: 85 [-gnatyM]
gtk-print_operation.ads:696:06: (style) trailing spaces not permitted [-gnatyb]
gtk-print_operation.ads:709:80: (style) this line is too long: 83 [-gnatyM]
gtk-print_operation.ads:726:80: (style) this line is too long: 91 [-gnatyM]
gtk-print_operation.ads:755:80: (style) this line is too long: 87 [-gnatyM]
gtk-print_operation.ads:757:80: (style) this line is too long: 81 [-gnatyM]
gtk-print_operation.ads:762:80: (style) this line is too long: 81 [-gnatyM]
gtk-print_operation.ads:798:06: (style) trailing spaces not permitted [-gnatyb]
gtk-print_operation.ads:818:80: (style) this line is too long: 84 [-gnatyM]
gtk-print_operation.ads:820:80: (style) this line is too long: 81 [-gnatyM]
gtk-print_operation.ads:825:80: (style) this line is too long: 81 [-gnatyM]
gtk-print_operation.ads:850:06: (style) trailing spaces not permitted [-gnatyb]
gtk-print_operation.ads:856:80: (style) this line is too long: 123 [-gnatyM]
gtk-print_operation.ads:859:80: (style) this line is too long: 81 [-gnatyM]
gtk-print_operation.ads:863:80: (style) this line is too long: 111 [-gnatyM]
gtk-print_operation.ads:866:80: (style) this line is too long: 81 [-gnatyM]
gtk-print_operation.ads:873:80: (style) this line is too long: 103 [-gnatyM]
gtk-print_operation.ads:877:80: (style) this line is too long: 91 [-gnatyM]
gtk-print_operation.ads:896:06: (style) trailing spaces not permitted [-gnatyb]
gtk-print_operation.ads:898:80: (style) this line is too long: 83 [-gnatyM]
gtk-print_operation.ads:900:80: (style) this line is too long: 81 [-gnatyM]
gtk-print_operation.ads:901:80: (style) this line is too long: 81 [-gnatyM]
gtk-print_operation.ads:902:80: (style) this line is too long: 83 [-gnatyM]
gtk-print_operation.ads:904:80: (style) this line is too long: 102 [-gnatyM]
gtk-print_operation.ads:906:80: (style) this line is too long: 81 [-gnatyM]
gtk-print_operation.ads:910:80: (style) this line is too long: 90 [-gnatyM]
gtk-print_operation.ads:912:80: (style) this line is too long: 81 [-gnatyM]
gtk-print_operation.ads:916:80: (style) this line is too long: 81 [-gnatyM]
gtk-print_operation.ads:919:80: (style) this line is too long: 81 [-gnatyM]
gtk-print_operation.ads:929:06: (style) trailing spaces not permitted [-gnatyb]
gtk-print_operation.ads:957:80: (style) this line is too long: 109 [-gnatyM]
gtk-print_operation.ads:961:80: (style) this line is too long: 85 [-gnatyM]
gtk-print_operation.ads:963:80: (style) this line is too long: 97 [-gnatyM]
gtk-print_operation.ads:967:80: (style) this line is too long: 85 [-gnatyM]
gtk-print_operation.ads:969:80: (style) this line is too long: 85 [-gnatyM]
gtk-print_operation.ads:972:80: (style) this line is too long: 88 [-gnatyM]
gtk-print_operation.ads:982:06: (style) trailing spaces not permitted [-gnatyb]
gtk-print_operation.ads:996:80: (style) this line is too long: 112 [-gnatyM]
   [Ada]          gtk-builder.adb
gdk-window.ads:28:06: warning: unnecessary with of ancestor [-gnatwr]
gdk-window.ads:288:80: (style) this line is too long: 90 [-gnatyM]
gdk-window.ads:326:80: (style) this line is too long: 98 [-gnatyM]
gdk-window.ads:334:80: (style) this line is too long: 86 [-gnatyM]
gdk-window.ads:350:80: (style) this line is too long: 84 [-gnatyM]
gdk-window.ads:591:80: (style) this line is too long: 94 [-gnatyM]
gdk-window.ads:607:80: (style) this line is too long: 82 [-gnatyM]
gdk-window.ads:643:80: (style) this line is too long: 96 [-gnatyM]
gdk-window.ads:679:80: (style) this line is too long: 108 [-gnatyM]
gdk-window.ads:734:80: (style) this line is too long: 82 [-gnatyM]
gdk-window.ads:743:80: (style) this line is too long: 82 [-gnatyM]
gdk-window.ads:930:80: (style) this line is too long: 82 [-gnatyM]
gdk-window.ads:1326:80: (style) this line is too long: 90 [-gnatyM]
gdk-window.ads:1480:80: (style) this line is too long: 86 [-gnatyM]
gdk-window.ads:1651:80: (style) this line is too long: 82 [-gnatyM]
gdk-window.ads:1971:80: (style) this line is too long: 104 [-gnatyM]
gdk-window.ads:2130:06: (style) trailing spaces not permitted [-gnatyb]
gdk-window.ads:2147:06: (style) trailing spaces not permitted [-gnatyb]
gdk-window.ads:2151:80: (style) this line is too long: 81 [-gnatyM]
gdk-window.ads:2153:80: (style) this line is too long: 81 [-gnatyM]
gdk-window.ads:2156:80: (style) this line is too long: 83 [-gnatyM]
gdk-window.ads:2163:06: (style) trailing spaces not permitted [-gnatyb]
gdk-window.ads:2181:06: (style) trailing spaces not permitted [-gnatyb]
   [Ada]          gtk-cell_area.adb
gtk-info_bar.ads:229:80: (style) this line is too long: 81 [-gnatyM]
gtk-info_bar.ads:242:80: (style) this line is too long: 100 [-gnatyM]
gtk-info_bar.ads:318:80: (style) this line is too long: 83 [-gnatyM]
   [Ada]          gtk-color_chooser.adb
   [Ada]          gtk-style_context.adb
gtk-cell_renderer_progress.ads:44:80: (style) this line is too long: 91 [-gnatyM]
gtk-cell_renderer_progress.ads:45:80: (style) this line is too long: 89 [-gnatyM]
gtk-cell_renderer_progress.ads:124:80: (style) this line is too long: 100 [-gnatyM]
   [Ada]          gtk-orientable.adb
gtk-orientable.ads:95:01: (style) incorrect layout [-gnatyl]
   [Ada]          gtk-dialog.adb
gtk-color_chooser.ads:197:80: (style) this line is too long: 106 [-gnatyM]
gtk-color_chooser.ads:200:80: (style) this line is too long: 103 [-gnatyM]
gtk-color_chooser.ads:206:80: (style) this line is too long: 99 [-gnatyM]
gtk-color_chooser.ads:222:80: (style) this line is too long: 86 [-gnatyM]
gtk-color_chooser.ads:241:01: (style) incorrect layout [-gnatyl]
   [Ada]          gtk-text_tag.adb
gtk-cell_area.ads:306:80: (style) this line is too long: 82 [-gnatyM]
gtk-cell_area.ads:313:80: (style) this line is too long: 89 [-gnatyM]
gtk-cell_area.ads:327:80: (style) this line is too long: 85 [-gnatyM]
gtk-cell_area.ads:351:80: (style) this line is too long: 92 [-gnatyM]
gtk-cell_area.ads:373:80: (style) this line is too long: 84 [-gnatyM]
gtk-cell_area.ads:391:80: (style) this line is too long: 84 [-gnatyM]
gtk-cell_area.ads:398:80: (style) this line is too long: 83 [-gnatyM]
gtk-cell_area.ads:399:80: (style) this line is too long: 84 [-gnatyM]
gtk-cell_area.ads:428:80: (style) this line is too long: 84 [-gnatyM]
gtk-cell_area.ads:442:80: (style) this line is too long: 84 [-gnatyM]
gtk-cell_area.ads:453:80: (style) this line is too long: 84 [-gnatyM]
gtk-cell_area.ads:463:80: (style) this line is too long: 88 [-gnatyM]
gtk-cell_area.ads:474:80: (style) this line is too long: 88 [-gnatyM]
gtk-cell_area.ads:485:80: (style) this line is too long: 90 [-gnatyM]
gtk-cell_area.ads:513:80: (style) this line is too long: 92 [-gnatyM]
gtk-cell_area.ads:554:80: (style) this line is too long: 85 [-gnatyM]
gtk-cell_area.ads:557:80: (style) this line is too long: 80 [-gnatyM]
gtk-cell_area.ads:562:80: (style) this line is too long: 83 [-gnatyM]
gtk-cell_area.ads:575:80: (style) this line is too long: 98 [-gnatyM]
gtk-cell_area.ads:597:80: (style) this line is too long: 92 [-gnatyM]
gtk-cell_area.ads:612:80: (style) this line is too long: 85 [-gnatyM]
gtk-cell_area.ads:613:80: (style) this line is too long: 101 [-gnatyM]
gtk-cell_area.ads:635:80: (style) this line is too long: 93 [-gnatyM]
gtk-cell_area.ads:637:80: (style) this line is too long: 85 [-gnatyM]
gtk-cell_area.ads:681:80: (style) this line is too long: 84 [-gnatyM]
gtk-cell_area.ads:692:80: (style) this line is too long: 83 [-gnatyM]
gtk-cell_area.ads:705:80: (style) this line is too long: 83 [-gnatyM]
gtk-cell_area.ads:714:80: (style) this line is too long: 97 [-gnatyM]
gtk-cell_area.ads:733:80: (style) this line is too long: 97 [-gnatyM]
gtk-cell_area.ads:760:80: (style) this line is too long: 96 [-gnatyM]
gtk-cell_area.ads:779:80: (style) this line is too long: 96 [-gnatyM]
gtk-cell_area.ads:813:80: (style) this line is too long: 83 [-gnatyM]
gtk-cell_area.ads:842:80: (style) this line is too long: 83 [-gnatyM]
gtk-cell_area.ads:843:80: (style) this line is too long: 83 [-gnatyM]
gtk-cell_area.ads:855:80: (style) this line is too long: 84 [-gnatyM]
gtk-cell_area.ads:862:80: (style) this line is too long: 83 [-gnatyM]
gtk-cell_area.ads:863:80: (style) this line is too long: 84 [-gnatyM]
gtk-cell_area.ads:874:80: (style) this line is too long: 98 [-gnatyM]
gtk-cell_area.ads:898:80: (style) this line is too long: 87 [-gnatyM]
gtk-cell_area.ads:931:80: (style) this line is too long: 86 [-gnatyM]
gtk-cell_area.ads:949:80: (style) this line is too long: 88 [-gnatyM]
gtk-cell_area.ads:953:80: (style) this line is too long: 81 [-gnatyM]
gtk-cell_area.ads:963:80: (style) this line is too long: 81 [-gnatyM]
gtk-cell_area.ads:964:80: (style) this line is too long: 89 [-gnatyM]
gtk-cell_area.ads:1004:80: (style) this line is too long: 83 [-gnatyM]
gtk-cell_area.ads:1034:80: (style) this line is too long: 86 [-gnatyM]
gtk-cell_area.ads:1042:80: (style) this line is too long: 87 [-gnatyM]
gtk-cell_area.ads:1050:80: (style) this line is too long: 86 [-gnatyM]
gtk-cell_area.ads:1055:80: (style) this line is too long: 86 [-gnatyM]
gtk-cell_area.ads:1060:80: (style) this line is too long: 86 [-gnatyM]
gtk-cell_area.ads:1091:80: (style) this line is too long: 126 [-gnatyM]
gtk-cell_area.ads:1093:80: (style) this line is too long: 83 [-gnatyM]
gtk-cell_area.ads:1098:80: (style) this line is too long: 120 [-gnatyM]
gtk-cell_area.ads:1100:80: (style) this line is too long: 83 [-gnatyM]
gtk-cell_area.ads:1108:80: (style) this line is too long: 105 [-gnatyM]
gtk-cell_area.ads:1112:80: (style) this line is too long: 99 [-gnatyM]
gtk-cell_area.ads:1117:06: (style) trailing spaces not permitted [-gnatyb]
gtk-cell_area.ads:1119:80: (style) this line is too long: 81 [-gnatyM]
gtk-cell_area.ads:1123:80: (style) this line is too long: 83 [-gnatyM]
gtk-cell_area.ads:1124:80: (style) this line is too long: 84 [-gnatyM]
gtk-cell_area.ads:1127:80: (style) this line is too long: 103 [-gnatyM]
gtk-cell_area.ads:1134:80: (style) this line is too long: 97 [-gnatyM]
gtk-cell_area.ads:1144:80: (style) this line is too long: 82 [-gnatyM]
gtk-cell_area.ads:1152:06: (style) trailing spaces not permitted [-gnatyb]
gtk-cell_area.ads:1154:80: (style) this line is too long: 84 [-gnatyM]
gtk-cell_area.ads:1155:80: (style) this line is too long: 83 [-gnatyM]
gtk-cell_area.ads:1158:80: (style) this line is too long: 81 [-gnatyM]
gtk-cell_area.ads:1161:80: (style) this line is too long: 88 [-gnatyM]
gtk-cell_area.ads:1163:80: (style) this line is too long: 82 [-gnatyM]
gtk-cell_area.ads:1166:80: (style) this line is too long: 82 [-gnatyM]
gtk-cell_area.ads:1168:80: (style) this line is too long: 82 [-gnatyM]
gtk-cell_area.ads:1187:06: (style) trailing spaces not permitted [-gnatyb]
gtk-cell_area.ads:1190:80: (style) this line is too long: 81 [-gnatyM]
gtk-cell_area.ads:1192:80: (style) this line is too long: 94 [-gnatyM]
gtk-cell_area.ads:1194:80: (style) this line is too long: 82 [-gnatyM]
gtk-cell_area.ads:1197:80: (style) this line is too long: 88 [-gnatyM]
gtk-cell_area.ads:1199:80: (style) this line is too long: 82 [-gnatyM]
gtk-cell_area.ads:1214:06: (style) trailing spaces not permitted [-gnatyb]
gtk-cell_area.ads:1218:80: (style) this line is too long: 81 [-gnatyM]
   [Ada]          gtk-frame.adb
gtk-style_context.ads:299:80: (style) this line is too long: 83 [-gnatyM]
   [Ada]          gtk-cell_renderer_toggle.adb
gtk-text_tag.ads:133:80: (style) this line is too long: 83 [-gnatyM]
gtk-text_tag.ads:222:80: (style) this line is too long: 81 [-gnatyM]
gtk-text_tag.ads:306:06: (style) trailing spaces not permitted [-gnatyb]
gtk-text_tag.ads:314:07: (style) space required [-gnatyc]
gtk-text_tag.ads:367:80: (style) this line is too long: 81 [-gnatyM]
gtk-text_tag.ads:371:80: (style) this line is too long: 81 [-gnatyM]
gtk-text_tag.ads:375:80: (style) this line is too long: 81 [-gnatyM]
gtk-text_tag.ads:379:80: (style) this line is too long: 83 [-gnatyM]
gtk-text_tag.ads:437:80: (style) this line is too long: 85 [-gnatyM]
gtk-text_tag.ads:439:80: (style) this line is too long: 81 [-gnatyM]
   [Ada]          glib-menu.adb
gtk-dialog.ads:439:80: (style) this line is too long: 96 [-gnatyM]
   [Ada]          gtk-toggle_button.adb
   [Ada]          gtk-print_context.adb
glib-menu.ads:37:06: warning: unnecessary with of ancestor [-gnatwr]
   [Ada]          gtk-layout.adb
   [Ada]          gtk-list_box.adb
gtk-cell_renderer_toggle.ads:41:80: (style) this line is too long: 89 [-gnatyM]
gtk-cell_renderer_toggle.ads:42:80: (style) this line is too long: 85 [-gnatyM]
gtk-cell_renderer_toggle.ads:140:80: (style) this line is too long: 81 [-gnatyM]
   [Ada]          gtk-fixed.adb
   [Ada]          gtk-tool_item.adb
gtk-toggle_button.ads:310:80: (style) this line is too long: 82 [-gnatyM]
gtk-toggle_button.ads:321:80: (style) this line is too long: 84 [-gnatyM]
gtk-toggle_button.ads:332:80: (style) this line is too long: 80 [-gnatyM]
   [Ada]          gtk-switch.adb
   [Ada]          gtk-font_button.adb
gtk-list_box.ads:288:80: (style) this line is too long: 84 [-gnatyM]
gtk-list_box.ads:290:80: (style) this line is too long: 80 [-gnatyM]
gtk-list_box.ads:329:80: (style) this line is too long: 84 [-gnatyM]
gtk-list_box.ads:385:80: (style) this line is too long: 84 [-gnatyM]
gtk-list_box.ads:388:80: (style) this line is too long: 81 [-gnatyM]
gtk-list_box.ads:389:80: (style) this line is too long: 82 [-gnatyM]
gtk-list_box.ads:390:80: (style) this line is too long: 81 [-gnatyM]
gtk-list_box.ads:398:80: (style) this line is too long: 81 [-gnatyM]
gtk-list_box.ads:452:80: (style) this line is too long: 84 [-gnatyM]
gtk-list_box.ads:453:80: (style) this line is too long: 84 [-gnatyM]
gtk-list_box.ads:494:80: (style) this line is too long: 81 [-gnatyM]
gtk-list_box.ads:502:80: (style) this line is too long: 100 [-gnatyM]
gtk-list_box.ads:507:80: (style) this line is too long: 83 [-gnatyM]
gtk-list_box.ads:518:80: (style) this line is too long: 80 [-gnatyM]
gtk-list_box.ads:538:06: (style) trailing spaces not permitted [-gnatyb]
gtk-list_box.ads:595:80: (style) this line is too long: 87 [-gnatyM]
gtk-list_box.ads:656:80: (style) this line is too long: 83 [-gnatyM]
   [Ada]          gtk-message_dialog.adb
gtk-tool_item.ads:174:80: (style) this line is too long: 80 [-gnatyM]
gtk-tool_item.ads:407:06: (style) trailing spaces not permitted [-gnatyb]
gtk-tool_item.ads:411:80: (style) this line is too long: 102 [-gnatyM]
gtk-tool_item.ads:416:80: (style) this line is too long: 85 [-gnatyM]
   [Ada]          gtk-file_chooser_button.adb
gtk-switch.ads:173:80: (style) this line is too long: 96 [-gnatyM]
gtk-switch.ads:224:06: (style) trailing spaces not permitted [-gnatyb]
   [Ada]          glib-option.adb
glib-option.ads:32:06: warning: unnecessary with of ancestor [-gnatwr]
glib-option.ads:45:80: (style) this line is too long: 87 [-gnatyM]
glib-option.ads:119:80: (style) this line is too long: 82 [-gnatyM]
glib-option.ads:284:80: (style) this line is too long: 81 [-gnatyM]
glib-option.ads:331:80: (style) this line is too long: 93 [-gnatyM]
glib-option.ads:340:52: (style) space required [-gnatyt]
glib-option.ads:343:80: (style) this line is too long: 80 [-gnatyM]
glib-option.ads:372:80: (style) this line is too long: 86 [-gnatyM]
glib-option.ads:376:56: (style) space required [-gnatyt]
glib-option.ads:379:01: (style) trailing spaces not permitted [-gnatyb]
   [Ada]          gtk-stack.adb
gtk-font_button.ads:58:80: (style) this line is too long: 80 [-gnatyM]
gtk-font_button.ads:205:80: (style) this line is too long: 83 [-gnatyM]
gtk-font_button.ads:208:80: (style) this line is too long: 80 [-gnatyM]
gtk-font_button.ads:216:80: (style) this line is too long: 83 [-gnatyM]
gtk-font_button.ads:405:80: (style) this line is too long: 80 [-gnatyM]
gtk-font_button.ads:427:80: (style) this line is too long: 82 [-gnatyM]
   [Ada]          gtk-recent_filter.adb
gtk-message_dialog.ads:316:80: (style) this line is too long: 81 [-gnatyM]
gtk-message_dialog.ads:343:80: (style) this line is too long: 82 [-gnatyM]
gtk-message_dialog.ads:362:80: (style) this line is too long: 83 [-gnatyM]
   [Ada]          gtk-status_icon.adb
gtk-recent_filter.ads:102:80: (style) this line is too long: 95 [-gnatyM]
gtk-recent_filter.ads:107:80: (style) this line is too long: 84 [-gnatyM]
gtk-recent_filter.ads:108:80: (style) this line is too long: 84 [-gnatyM]
gtk-recent_filter.ads:109:80: (style) this line is too long: 93 [-gnatyM]
gtk-recent_filter.ads:115:80: (style) this line is too long: 104 [-gnatyM]
gtk-recent_filter.ads:128:80: (style) this line is too long: 92 [-gnatyM]
gtk-recent_filter.ads:217:80: (style) this line is too long: 90 [-gnatyM]
gtk-recent_filter.ads:315:80: (style) this line is too long: 80 [-gnatyM]
   [Ada]          glib-spawn.adb
   [Ada]          gtk-print_settings.adb
gtk-stack.ads:86:80: (style) this line is too long: 96 [-gnatyM]
gtk-stack.ads:252:80: (style) this line is too long: 84 [-gnatyM]
gtk-stack.ads:283:80: (style) this line is too long: 86 [-gnatyM]
   [Ada]          gtk-radio_action.adb
gtk-file_chooser_button.ads:70:80: (style) this line is too long: 83 [-gnatyM]
gtk-file_chooser_button.ads:250:80: (style) this line is too long: 82 [-gnatyM]
gtk-file_chooser_button.ads:462:80: (style) this line is too long: 92 [-gnatyM]
gtk-file_chooser_button.ads:473:80: (style) this line is too long: 98 [-gnatyM]
gtk-file_chooser_button.ads:484:80: (style) this line is too long: 94 [-gnatyM]
   [Ada]          gtk-overlay.adb
gtk-print_settings.ads:57:80: (style) this line is too long: 82 [-gnatyM]
gtk-print_settings.ads:65:80: (style) this line is too long: 93 [-gnatyM]
gtk-print_settings.ads:171:80: (style) this line is too long: 89 [-gnatyM]
   [Ada]          gtk-scrollable.adb
gtk-scrollable.ads:177:80: (style) this line is too long: 81 [-gnatyM]
gtk-scrollable.ads:181:80: (style) this line is too long: 81 [-gnatyM]
gtk-scrollable.ads:186:01: (style) incorrect layout [-gnatyl]
   [Ada]          gtk-ui_manager.adb
gtk-status_icon.ads:40:80: (style) this line is too long: 83 [-gnatyM]
gtk-status_icon.ads:623:80: (style) this line is too long: 81 [-gnatyM]
gtk-status_icon.ads:638:06: (style) trailing spaces not permitted [-gnatyb]
gtk-status_icon.ads:640:80: (style) this line is too long: 80 [-gnatyM]
gtk-status_icon.ads:642:07: (style) space required [-gnatyc]
gtk-status_icon.ads:644:80: (style) this line is too long: 85 [-gnatyM]
gtk-status_icon.ads:659:06: (style) trailing spaces not permitted [-gnatyb]
gtk-status_icon.ads:661:80: (style) this line is too long: 80 [-gnatyM]
gtk-status_icon.ads:663:07: (style) space required [-gnatyc]
gtk-status_icon.ads:694:06: (style) trailing spaces not permitted [-gnatyb]
gtk-status_icon.ads:698:80: (style) this line is too long: 82 [-gnatyM]
gtk-status_icon.ads:701:80: (style) this line is too long: 92 [-gnatyM]
gtk-status_icon.ads:709:80: (style) this line is too long: 84 [-gnatyM]
gtk-status_icon.ads:742:06: (style) trailing spaces not permitted [-gnatyb]
gtk-status_icon.ads:744:80: (style) this line is too long: 84 [-gnatyM]
gtk-status_icon.ads:746:80: (style) this line is too long: 84 [-gnatyM]
gtk-status_icon.ads:748:80: (style) this line is too long: 80 [-gnatyM]
gtk-status_icon.ads:750:80: (style) this line is too long: 80 [-gnatyM]
gtk-status_icon.ads:775:06: (style) trailing spaces not permitted [-gnatyb]
gtk-status_icon.ads:777:80: (style) this line is too long: 80 [-gnatyM]
gtk-status_icon.ads:778:80: (style) this line is too long: 82 [-gnatyM]
gtk-status_icon.ads:801:06: (style) trailing spaces not permitted [-gnatyb]
gtk-status_icon.ads:805:07: (style) space required [-gnatyc]
   [Ada]          gtk-stack_switcher.adb
gtk-overlay.ads:98:80: (style) this line is too long: 83 [-gnatyM]
gtk-overlay.ads:110:80: (style) this line is too long: 81 [-gnatyM]
gtk-overlay.ads:131:06: (style) trailing spaces not permitted [-gnatyb]
   [Ada]          gtk-text_tag_table.adb
gtk-radio_action.ads:44:80: (style) this line is too long: 81 [-gnatyM]
   [Ada]          gtk-tool_item_group.adb
gtk-stack_switcher.ads:124:80: (style) this line is too long: 82 [-gnatyM]
gtk-stack_switcher.ads:135:80: (style) this line is too long: 84 [-gnatyM]
   [Ada]          gtk-enums.adb
gtk-tool_item_group.ads:46:80: (style) this line is too long: 80 [-gnatyM]
gtk-tool_item_group.ads:263:80: (style) this line is too long: 84 [-gnatyM]
gtk-tool_item_group.ads:274:80: (style) this line is too long: 86 [-gnatyM]
   [Ada]          gtk-tool_palette.adb
gtk-ui_manager.ads:241:80: (style) this line is too long: 80 [-gnatyM]
gtk-ui_manager.ads:429:80: (style) this line is too long: 85 [-gnatyM]
gtk-ui_manager.ads:452:80: (style) this line is too long: 86 [-gnatyM]
gtk-ui_manager.ads:488:80: (style) this line is too long: 104 [-gnatyM]
gtk-ui_manager.ads:528:80: (style) this line is too long: 81 [-gnatyM]
gtk-ui_manager.ads:554:06: (style) trailing spaces not permitted [-gnatyb]
gtk-ui_manager.ads:571:06: (style) trailing spaces not permitted [-gnatyb]
   [Ada]          gtk-selection_data.adb
gtk-text_tag_table.ads:113:80: (style) this line is too long: 85 [-gnatyM]
gtk-text_tag_table.ads:166:80: (style) this line is too long: 84 [-gnatyM]
gtk-text_tag_table.ads:186:06: (style) trailing spaces not permitted [-gnatyb]
gtk-text_tag_table.ads:210:80: (style) this line is too long: 82 [-gnatyM]
   [Ada]          gtk-cell_renderer.adb
gtk-selection_data.ads:38:80: (style) this line is too long: 93 [-gnatyM]
gtk-selection_data.ads:215:80: (style) this line is too long: 92 [-gnatyM]
   [Ada]          glib-cancellable.adb
gtk-enums.adb:38:04: warning: possible aliasing problem for type "Chars_Ptr" [enabled by default]
gtk-enums.adb:38:04: warning: use -fno-strict-aliasing switch for references [enabled by default]
gtk-enums.adb:38:04: warning: or use "pragma No_Strict_Aliasing (Chars_Ptr);" [enabled by default]
gtk-enums.ads:643:80: (style) this line is too long: 82 [-gnatyM]
gtk-enums.ads:647:80: (style) this line is too long: 86 [-gnatyM]
gtk-enums.ads:659:80: (style) this line is too long: 82 [-gnatyM]
gtk-enums.ads:667:80: (style) this line is too long: 82 [-gnatyM]
gtk-enums.ads:675:80: (style) this line is too long: 82 [-gnatyM]
gtk-enums.ads:679:80: (style) this line is too long: 88 [-gnatyM]
gtk-enums.ads:683:80: (style) this line is too long: 80 [-gnatyM]
gtk-enums.ads:687:80: (style) this line is too long: 92 [-gnatyM]
gtk-enums.ads:691:80: (style) this line is too long: 80 [-gnatyM]
gtk-enums.ads:699:80: (style) this line is too long: 80 [-gnatyM]
gtk-enums.ads:703:80: (style) this line is too long: 86 [-gnatyM]
gtk-enums.ads:711:80: (style) this line is too long: 82 [-gnatyM]
gtk-enums.ads:719:80: (style) this line is too long: 86 [-gnatyM]
gtk-enums.ads:727:80: (style) this line is too long: 80 [-gnatyM]
gtk-enums.ads:731:80: (style) this line is too long: 88 [-gnatyM]
gtk-enums.ads:735:80: (style) this line is too long: 94 [-gnatyM]
gtk-enums.ads:739:80: (style) this line is too long: 82 [-gnatyM]
gtk-enums.ads:743:80: (style) this line is too long: 90 [-gnatyM]
gtk-enums.ads:755:80: (style) this line is too long: 80 [-gnatyM]
gtk-enums.ads:767:80: (style) this line is too long: 80 [-gnatyM]
gtk-enums.ads:791:80: (style) this line is too long: 88 [-gnatyM]
gtk-enums.ads:795:80: (style) this line is too long: 82 [-gnatyM]
gtk-enums.ads:799:80: (style) this line is too long: 86 [-gnatyM]
gtk-enums.ads:807:80: (style) this line is too long: 88 [-gnatyM]
gtk-enums.ads:827:80: (style) this line is too long: 82 [-gnatyM]
gtk-enums.ads:831:80: (style) this line is too long: 86 [-gnatyM]
gtk-enums.ads:835:80: (style) this line is too long: 94 [-gnatyM]
gtk-enums.ads:839:80: (style) this line is too long: 92 [-gnatyM]
gtk-enums.ads:843:80: (style) this line is too long: 80 [-gnatyM]
gtk-enums.ads:851:80: (style) this line is too long: 84 [-gnatyM]
   [Ada]          gtk-radio_menu_item.adb
gtk-tool_palette.ads:124:80: (style) this line is too long: 80 [-gnatyM]
gtk-tool_palette.ads:128:80: (style) this line is too long: 104 [-gnatyM]
gtk-tool_palette.ads:201:80: (style) this line is too long: 84 [-gnatyM]
gtk-tool_palette.ads:211:80: (style) this line is too long: 88 [-gnatyM]
gtk-tool_palette.ads:222:80: (style) this line is too long: 84 [-gnatyM]
gtk-tool_palette.ads:232:80: (style) this line is too long: 85 [-gnatyM]
gtk-tool_palette.ads:242:80: (style) this line is too long: 84 [-gnatyM]
gtk-tool_palette.ads:251:80: (style) this line is too long: 87 [-gnatyM]
gtk-tool_palette.ads:416:80: (style) this line is too long: 80 [-gnatyM]
gtk-tool_palette.ads:427:80: (style) this line is too long: 80 [-gnatyM]
   [Ada]          gtk-font_selection.adb
gtk-cell_renderer.ads:104:80: (style) this line is too long: 84 [-gnatyM]
gtk-cell_renderer.ads:105:80: (style) this line is too long: 84 [-gnatyM]
gtk-cell_renderer.ads:106:80: (style) this line is too long: 88 [-gnatyM]
gtk-cell_renderer.ads:114:80: (style) this line is too long: 92 [-gnatyM]
gtk-cell_renderer.ads:118:80: (style) this line is too long: 90 [-gnatyM]
gtk-cell_renderer.ads:482:80: (style) this line is too long: 92 [-gnatyM]
gtk-cell_renderer.ads:487:80: (style) this line is too long: 82 [-gnatyM]
gtk-cell_renderer.ads:515:06: (style) trailing spaces not permitted [-gnatyb]
gtk-cell_renderer.ads:535:80: (style) this line is too long: 80 [-gnatyM]
   [Ada]          pango-context.adb
glib-cancellable.ads:31:06: warning: unnecessary with of ancestor [-gnatwr]
glib-cancellable.ads:133:80: (style) this line is too long: 81 [-gnatyM]
glib-cancellable.ads:134:80: (style) this line is too long: 82 [-gnatyM]
glib-cancellable.ads:135:80: (style) this line is too long: 81 [-gnatyM]
glib-cancellable.ads:136:80: (style) this line is too long: 81 [-gnatyM]
glib-cancellable.ads:140:80: (style) this line is too long: 89 [-gnatyM]
glib-cancellable.ads:255:80: (style) this line is too long: 100 [-gnatyM]
   [Ada]          gtk-color_selection.adb
gtk-font_selection.ads:207:80: (style) this line is too long: 82 [-gnatyM]
gtk-font_selection.ads:218:80: (style) this line is too long: 84 [-gnatyM]
   [Ada]          gtk-level_bar.adb
   [Ada]          gtk-page_setup.adb
   [Ada]          gtk-scale.adb
gtk-radio_menu_item.ads:61:80: (style) this line is too long: 86 [-gnatyM]
gtk-radio_menu_item.ads:246:80: (style) this line is too long: 86 [-gnatyM]
gtk-radio_menu_item.ads:257:80: (style) this line is too long: 88 [-gnatyM]
gtk-radio_menu_item.ads:268:80: (style) this line is too long: 84 [-gnatyM]
   [Ada]          gtk-combo_box.adb
gtk-color_selection.ads:203:33: (style) space required [-gnatyt]
gtk-color_selection.ads:306:80: (style) this line is too long: 84 [-gnatyM]
gtk-color_selection.ads:317:80: (style) this line is too long: 86 [-gnatyM]
   [Ada]          gtk-target_list.adb
   [Ada]          gtk-gesture_multi_press.adb
gtk-target_list.ads:42:80: (style) this line is too long: 87 [-gnatyM]
gtk-target_list.ads:158:80: (style) this line is too long: 86 [-gnatyM]
   [Ada]          glib-action.adb
glib-action.ads:56:06: warning: unnecessary with of ancestor [-gnatwr]
glib-action.ads:61:16: (style) space required [-gnatyt]
glib-action.ads:63:16: (style) space required [-gnatyt]
glib-action.ads:238:80: (style) this line is too long: 90 [-gnatyM]
glib-action.ads:248:80: (style) this line is too long: 90 [-gnatyM]
glib-action.ads:260:80: (style) this line is too long: 85 [-gnatyM]
glib-action.ads:267:80: (style) this line is too long: 91 [-gnatyM]
glib-action.ads:272:80: (style) this line is too long: 105 [-gnatyM]
glib-action.ads:283:80: (style) this line is too long: 84 [-gnatyM]
glib-action.ads:293:80: (style) this line is too long: 89 [-gnatyM]
glib-action.ads:311:80: (style) this line is too long: 101 [-gnatyM]
glib-action.ads:350:80: (style) this line is too long: 85 [-gnatyM]
glib-action.ads:380:01: (style) incorrect layout [-gnatyl]
   [Ada]          gtk-widget.adb
gtk-scale.ads:429:06: (style) trailing spaces not permitted [-gnatyb]
   [Ada]          gtk-css_provider.adb
gtk-gesture_multi_press.ads:48:80: (style) this line is too long: 89 [-gnatyM]
gtk-gesture_multi_press.ads:49:80: (style) this line is too long: 83 [-gnatyM]
gtk-gesture_multi_press.ads:110:80: (style) this line is too long: 89 [-gnatyM]
gtk-gesture_multi_press.ads:133:06: (style) trailing spaces not permitted [-gnatyb]
gtk-gesture_multi_press.ads:154:06: (style) trailing spaces not permitted [-gnatyb]
   [Ada]          gtk-alignment.adb
gtk-combo_box.ads:89:80: (style) this line is too long: 85 [-gnatyM]
gtk-combo_box.ads:480:80: (style) this line is too long: 81 [-gnatyM]
gtk-combo_box.ads:481:80: (style) this line is too long: 81 [-gnatyM]
gtk-combo_box.ads:503:80: (style) this line is too long: 86 [-gnatyM]
gtk-combo_box.ads:521:80: (style) this line is too long: 88 [-gnatyM]
gtk-combo_box.ads:525:80: (style) this line is too long: 81 [-gnatyM]
gtk-combo_box.ads:535:80: (style) this line is too long: 81 [-gnatyM]
gtk-combo_box.ads:536:80: (style) this line is too long: 89 [-gnatyM]
gtk-combo_box.ads:584:80: (style) this line is too long: 86 [-gnatyM]
gtk-combo_box.ads:592:80: (style) this line is too long: 87 [-gnatyM]
gtk-combo_box.ads:600:80: (style) this line is too long: 86 [-gnatyM]
gtk-combo_box.ads:605:80: (style) this line is too long: 86 [-gnatyM]
gtk-combo_box.ads:610:80: (style) this line is too long: 86 [-gnatyM]
gtk-combo_box.ads:635:80: (style) this line is too long: 82 [-gnatyM]
gtk-combo_box.ads:706:80: (style) this line is too long: 102 [-gnatyM]
gtk-combo_box.ads:765:06: (style) trailing spaces not permitted [-gnatyb]
gtk-combo_box.ads:767:80: (style) this line is too long: 81 [-gnatyM]
gtk-combo_box.ads:770:07: (style) space required [-gnatyc]
gtk-combo_box.ads:853:80: (style) this line is too long: 80 [-gnatyM]
gtk-combo_box.ads:901:80: (style) this line is too long: 84 [-gnatyM]
   [Ada]          gtk-adjustment.adb
gtk-css_provider.ads:913:06: (style) trailing spaces not permitted [-gnatyb]
gtk-css_provider.ads:926:80: (style) this line is too long: 88 [-gnatyM]
   [Ada]          gtk-main.adb
   [Ada]          gtk-tree_view_column.adb
   [Ada]          pango-font_face.adb
   [Ada]          gtk-arrow.adb
gtk-adjustment.ads:320:80: (style) this line is too long: 104 [-gnatyM]
   [Ada]          gtk-flow_box_child.adb
   [Ada]          gtk-tooltip.adb
   [Ada]          gtk-vbutton_box.adb
gtk-tree_view_column.ads:66:80: (style) this line is too long: 90 [-gnatyM]
gtk-tree_view_column.ads:67:80: (style) this line is too long: 90 [-gnatyM]
gtk-tree_view_column.ads:68:80: (style) this line is too long: 87 [-gnatyM]
gtk-tree_view_column.ads:76:80: (style) this line is too long: 85 [-gnatyM]
gtk-tree_view_column.ads:93:80: (style) this line is too long: 100 [-gnatyM]
gtk-tree_view_column.ads:141:80: (style) this line is too long: 88 [-gnatyM]
gtk-tree_view_column.ads:201:80: (style) this line is too long: 87 [-gnatyM]
gtk-tree_view_column.ads:469:80: (style) this line is too long: 86 [-gnatyM]
gtk-tree_view_column.ads:487:80: (style) this line is too long: 88 [-gnatyM]
gtk-tree_view_column.ads:491:80: (style) this line is too long: 81 [-gnatyM]
gtk-tree_view_column.ads:501:80: (style) this line is too long: 95 [-gnatyM]
gtk-tree_view_column.ads:502:80: (style) this line is too long: 89 [-gnatyM]
gtk-tree_view_column.ads:526:80: (style) this line is too long: 86 [-gnatyM]
gtk-tree_view_column.ads:535:80: (style) this line is too long: 87 [-gnatyM]
gtk-tree_view_column.ads:543:80: (style) this line is too long: 86 [-gnatyM]
gtk-tree_view_column.ads:548:80: (style) this line is too long: 86 [-gnatyM]
gtk-tree_view_column.ads:553:80: (style) this line is too long: 86 [-gnatyM]
gtk-tree_view_column.ads:587:80: (style) this line is too long: 88 [-gnatyM]
gtk-tree_view_column.ads:643:80: (style) this line is too long: 86 [-gnatyM]
gtk-tree_view_column.ads:654:80: (style) this line is too long: 90 [-gnatyM]
gtk-tree_view_column.ads:683:80: (style) this line is too long: 90 [-gnatyM]
   [Ada]          gdk-device.adb
gtk-flow_box_child.ads:126:80: (style) this line is too long: 82 [-gnatyM]
   [Ada]          glib-iochannel.adb
gdk-device.ads:35:06: warning: unnecessary with of ancestor [-gnatwr]
   [Ada]          gtk-tearoff_menu_item.adb
   [Ada]          gtk-tree_model_filter.adb
glib-iochannel.ads:33:06: warning: unnecessary with of ancestor [-gnatwr]
glib-iochannel.ads:149:80: (style) this line is too long: 87 [-gnatyM]
glib-iochannel.ads:233:80: (style) this line is too long: 80 [-gnatyM]
   [Ada]          gtk-im_context_simple.adb
gtk-im_context_simple.ads:31:80: (style) this line is too long: 83 [-gnatyM]
   [Ada]          gtk-revealer.adb
gtk-tearoff_menu_item.ads:56:80: (style) this line is too long: 82 [-gnatyM]
gtk-tearoff_menu_item.ads:144:80: (style) this line is too long: 90 [-gnatyM]
gtk-tearoff_menu_item.ads:155:80: (style) this line is too long: 92 [-gnatyM]
gtk-tearoff_menu_item.ads:166:80: (style) this line is too long: 88 [-gnatyM]
   [Ada]          gtk-im_multi_context.adb
gtk-revealer.ads:68:80: (style) this line is too long: 102 [-gnatyM]
gtk-revealer.ads:156:80: (style) this line is too long: 90 [-gnatyM]
gtk-revealer.ads:178:80: (style) this line is too long: 92 [-gnatyM]
   [Ada]          gtk-gesture_drag.adb
gtk-im_multi_context.ads:32:80: (style) this line is too long: 82 [-gnatyM]
   [Ada]          gtk-font_chooser_dialog.adb
gtk-tree_model_filter.ads:107:80: (style) this line is too long: 88 [-gnatyM]
gtk-tree_model_filter.ads:282:80: (style) this line is too long: 80 [-gnatyM]
gtk-tree_model_filter.ads:289:80: (style) this line is too long: 81 [-gnatyM]
gtk-tree_model_filter.ads:295:80: (style) this line is too long: 91 [-gnatyM]
gtk-tree_model_filter.ads:363:80: (style) this line is too long: 80 [-gnatyM]
gtk-tree_model_filter.ads:371:80: (style) this line is too long: 90 [-gnatyM]
gtk-tree_model_filter.ads:426:80: (style) this line is too long: 96 [-gnatyM]
gtk-tree_model_filter.ads:589:80: (style) this line is too long: 102 [-gnatyM]
gtk-tree_model_filter.ads:600:80: (style) this line is too long: 90 [-gnatyM]
   [Ada]          glib-variant.adb
gtk-widget.ads:382:80: (style) this line is too long: 81 [-gnatyM]
gtk-widget.ads:389:80: (style) this line is too long: 81 [-gnatyM]
gtk-widget.ads:445:80: (style) this line is too long: 81 [-gnatyM]
gtk-widget.ads:486:80: (style) this line is too long: 86 [-gnatyM]
gtk-widget.ads:509:80: (style) this line is too long: 83 [-gnatyM]
gtk-widget.ads:588:80: (style) this line is too long: 84 [-gnatyM]
gtk-widget.ads:2779:80: (style) this line is too long: 82 [-gnatyM]
gtk-widget.ads:3144:80: (style) this line is too long: 88 [-gnatyM]
gtk-widget.ads:3178:80: (style) this line is too long: 81 [-gnatyM]
gtk-widget.ads:3179:80: (style) this line is too long: 81 [-gnatyM]
gtk-widget.ads:3181:80: (style) this line is too long: 81 [-gnatyM]
gtk-widget.ads:3269:32: (style) space required [-gnatyt]
gtk-widget.ads:3322:80: (style) this line is too long: 84 [-gnatyM]
gtk-widget.ads:3618:80: (style) this line is too long: 96 [-gnatyM]
gtk-widget.ads:3623:80: (style) this line is too long: 89 [-gnatyM]
gtk-widget.ads:3642:80: (style) this line is too long: 81 [-gnatyM]
gtk-widget.ads:3659:06: (style) trailing spaces not permitted [-gnatyb]
gtk-widget.ads:3661:80: (style) this line is too long: 81 [-gnatyM]
gtk-widget.ads:3662:80: (style) this line is too long: 82 [-gnatyM]
gtk-widget.ads:3665:80: (style) this line is too long: 85 [-gnatyM]
gtk-widget.ads:3682:06: (style) trailing spaces not permitted [-gnatyb]
gtk-widget.ads:3684:80: (style) this line is too long: 81 [-gnatyM]
gtk-widget.ads:3685:80: (style) this line is too long: 82 [-gnatyM]
gtk-widget.ads:3696:80: (style) this line is too long: 81 [-gnatyM]
gtk-widget.ads:3711:06: (style) trailing spaces not permitted [-gnatyb]
gtk-widget.ads:3738:80: (style) this line is too long: 81 [-gnatyM]
gtk-widget.ads:3775:06: (style) trailing spaces not permitted [-gnatyb]
gtk-widget.ads:3777:80: (style) this line is too long: 84 [-gnatyM]
gtk-widget.ads:3778:80: (style) this line is too long: 82 [-gnatyM]
gtk-widget.ads:3802:06: (style) trailing spaces not permitted [-gnatyb]
gtk-widget.ads:3805:80: (style) this line is too long: 82 [-gnatyM]
gtk-widget.ads:3831:06: (style) trailing spaces not permitted [-gnatyb]
gtk-widget.ads:3834:80: (style) this line is too long: 82 [-gnatyM]
gtk-widget.ads:3869:06: (style) trailing spaces not permitted [-gnatyb]
gtk-widget.ads:3872:80: (style) this line is too long: 82 [-gnatyM]
gtk-widget.ads:3938:80: (style) this line is too long: 99 [-gnatyM]
gtk-widget.ads:3945:80: (style) this line is too long: 96 [-gnatyM]
gtk-widget.ads:3967:06: (style) trailing spaces not permitted [-gnatyb]
gtk-widget.ads:3970:80: (style) this line is too long: 84 [-gnatyM]
gtk-widget.ads:3976:80: (style) this line is too long: 109 [-gnatyM]
gtk-widget.ads:3985:80: (style) this line is too long: 106 [-gnatyM]
gtk-widget.ads:3994:80: (style) this line is too long: 81 [-gnatyM]
gtk-widget.ads:3997:80: (style) this line is too long: 88 [-gnatyM]
gtk-widget.ads:4001:80: (style) this line is too long: 85 [-gnatyM]
gtk-widget.ads:4040:06: (style) trailing spaces not permitted [-gnatyb]
gtk-widget.ads:4050:80: (style) this line is too long: 86 [-gnatyM]
gtk-widget.ads:4057:80: (style) this line is too long: 83 [-gnatyM]
gtk-widget.ads:4084:06: (style) trailing spaces not permitted [-gnatyb]
gtk-widget.ads:4106:80: (style) this line is too long: 86 [-gnatyM]
gtk-widget.ads:4111:80: (style) this line is too long: 83 [-gnatyM]
gtk-widget.ads:4131:06: (style) trailing spaces not permitted [-gnatyb]
gtk-widget.ads:4135:80: (style) this line is too long: 80 [-gnatyM]
gtk-widget.ads:4166:06: (style) trailing spaces not permitted [-gnatyb]
gtk-widget.ads:4233:06: (style) trailing spaces not permitted [-gnatyb]
gtk-widget.ads:4275:06: (style) trailing spaces not permitted [-gnatyb]
gtk-widget.ads:4278:80: (style) this line is too long: 82 [-gnatyM]
gtk-widget.ads:4289:80: (style) this line is too long: 81 [-gnatyM]
gtk-widget.ads:4306:06: (style) trailing spaces not permitted [-gnatyb]
gtk-widget.ads:4308:80: (style) this line is too long: 83 [-gnatyM]
gtk-widget.ads:4309:80: (style) this line is too long: 82 [-gnatyM]
gtk-widget.ads:4327:06: (style) trailing spaces not permitted [-gnatyb]
gtk-widget.ads:4330:80: (style) this line is too long: 81 [-gnatyM]
gtk-widget.ads:4331:07: (style) space required [-gnatyc]
gtk-widget.ads:4376:06: (style) trailing spaces not permitted [-gnatyb]
gtk-widget.ads:4378:80: (style) this line is too long: 120 [-gnatyM]
gtk-widget.ads:4403:06: (style) trailing spaces not permitted [-gnatyb]
gtk-widget.ads:4405:80: (style) this line is too long: 80 [-gnatyM]
gtk-widget.ads:4406:80: (style) this line is too long: 82 [-gnatyM]
gtk-widget.ads:4424:06: (style) trailing spaces not permitted [-gnatyb]
gtk-widget.ads:4426:80: (style) this line is too long: 80 [-gnatyM]
gtk-widget.ads:4427:80: (style) this line is too long: 82 [-gnatyM]
gtk-widget.ads:4454:06: (style) trailing spaces not permitted [-gnatyb]
gtk-widget.ads:4558:06: (style) trailing spaces not permitted [-gnatyb]
gtk-widget.ads:4561:80: (style) this line is too long: 82 [-gnatyM]
gtk-widget.ads:4580:06: (style) trailing spaces not permitted [-gnatyb]
gtk-widget.ads:4583:80: (style) this line is too long: 82 [-gnatyM]
gtk-widget.ads:4598:06: (style) trailing spaces not permitted [-gnatyb]
gtk-widget.ads:4605:80: (style) this line is too long: 81 [-gnatyM]
gtk-widget.ads:4622:06: (style) trailing spaces not permitted [-gnatyb]
gtk-widget.ads:4624:80: (style) this line is too long: 83 [-gnatyM]
gtk-widget.ads:4625:80: (style) this line is too long: 82 [-gnatyM]
gtk-widget.ads:4672:06: (style) trailing spaces not permitted [-gnatyb]
gtk-widget.ads:4675:80: (style) this line is too long: 82 [-gnatyM]
gtk-widget.ads:4696:06: (style) trailing spaces not permitted [-gnatyb]
gtk-widget.ads:4698:80: (style) this line is too long: 82 [-gnatyM]
gtk-widget.ads:4699:07: (style) space required [-gnatyc]
gtk-widget.ads:4709:80: (style) this line is too long: 83 [-gnatyM]
gtk-widget.ads:4726:06: (style) trailing spaces not permitted [-gnatyb]
gtk-widget.ads:4728:80: (style) this line is too long: 81 [-gnatyM]
gtk-widget.ads:4729:80: (style) this line is too long: 82 [-gnatyM]
gtk-widget.ads:4788:06: (style) trailing spaces not permitted [-gnatyb]
gtk-widget.ads:4800:80: (style) this line is too long: 87 [-gnatyM]
gtk-widget.ads:4815:06: (style) trailing spaces not permitted [-gnatyb]
gtk-widget.ads:4817:80: (style) this line is too long: 83 [-gnatyM]
gtk-widget.ads:4818:80: (style) this line is too long: 82 [-gnatyM]
gtk-widget.ads:4829:80: (style) this line is too long: 81 [-gnatyM]
gtk-widget.ads:4843:06: (style) trailing spaces not permitted [-gnatyb]
gtk-widget.ads:4845:80: (style) this line is too long: 84 [-gnatyM]
gtk-widget.ads:4846:80: (style) this line is too long: 82 [-gnatyM]
gtk-widget.ads:4849:80: (style) this line is too long: 83 [-gnatyM]
gtk-widget.ads:4863:06: (style) trailing spaces not permitted [-gnatyb]
gtk-widget.ads:4865:80: (style) this line is too long: 84 [-gnatyM]
gtk-widget.ads:4866:80: (style) this line is too long: 82 [-gnatyM]
gtk-widget.ads:4869:80: (style) this line is too long: 83 [-gnatyM]
gtk-widget.ads:4877:80: (style) this line is too long: 80 [-gnatyM]
gtk-widget.ads:4906:06: (style) trailing spaces not permitted [-gnatyb]
gtk-widget.ads:4908:80: (style) this line is too long: 84 [-gnatyM]
gtk-widget.ads:4910:80: (style) this line is too long: 84 [-gnatyM]
gtk-widget.ads:4912:80: (style) this line is too long: 80 [-gnatyM]
gtk-widget.ads:4914:80: (style) this line is too long: 80 [-gnatyM]
gtk-widget.ads:4977:06: (style) trailing spaces not permitted [-gnatyb]
gtk-widget.ads:4979:80: (style) this line is too long: 81 [-gnatyM]
gtk-widget.ads:4980:80: (style) this line is too long: 82 [-gnatyM]
gtk-widget.ads:4991:80: (style) this line is too long: 87 [-gnatyM]
gtk-widget.ads:5003:06: (style) trailing spaces not permitted [-gnatyb]
gtk-widget.ads:5005:80: (style) this line is too long: 84 [-gnatyM]
gtk-widget.ads:5006:80: (style) this line is too long: 82 [-gnatyM]
gtk-widget.ads:5009:80: (style) this line is too long: 86 [-gnatyM]
gtk-widget.ads:5015:80: (style) this line is too long: 83 [-gnatyM]
gtk-widget.ads:5031:06: (style) trailing spaces not permitted [-gnatyb]
gtk-widget.ads:5034:80: (style) this line is too long: 89 [-gnatyM]
gtk-widget.ads:5044:06: (style) trailing spaces not permitted [-gnatyb]
gtk-widget.ads:5046:80: (style) this line is too long: 120 [-gnatyM]
gtk-widget.ads:5048:80: (style) this line is too long: 80 [-gnatyM]
gtk-widget.ads:5058:80: (style) this line is too long: 81 [-gnatyM]
gtk-widget.ads:5068:06: (style) trailing spaces not permitted [-gnatyb]
gtk-widget.ads:5071:80: (style) this line is too long: 91 [-gnatyM]
gtk-widget.ads:5083:06: (style) trailing spaces not permitted [-gnatyb]
gtk-widget.ads:5085:80: (style) this line is too long: 84 [-gnatyM]
gtk-widget.ads:5086:80: (style) this line is too long: 82 [-gnatyM]
gtk-widget.ads:5120:06: (style) trailing spaces not permitted [-gnatyb]
gtk-widget.ads:5122:80: (style) this line is too long: 82 [-gnatyM]
gtk-widget.ads:5123:07: (style) space required [-gnatyc]
gtk-widget.ads:5173:80: (style) this line is too long: 83 [-gnatyM]
gtk-widget.ads:5272:06: (style) trailing spaces not permitted [-gnatyb]
gtk-widget.ads:5275:80: (style) this line is too long: 82 [-gnatyM]
gtk-widget.ads:5301:80: (style) this line is too long: 91 [-gnatyM]
gtk-widget.ads:5316:06: (style) trailing spaces not permitted [-gnatyb]
gtk-widget.ads:5320:80: (style) this line is too long: 82 [-gnatyM]
gtk-widget.ads:5323:80: (style) this line is too long: 80 [-gnatyM]
gtk-widget.ads:5331:80: (style) this line is too long: 81 [-gnatyM]
gtk-widget.ads:5347:06: (style) trailing spaces not permitted [-gnatyb]
   [Ada]          gdk-cursor.adb
glib-variant.ads:237:06: warning: unnecessary with of ancestor [-gnatwr]
glib-variant.ads:1270:51: (style) space required [-gnatyt]
glib-variant.ads:1271:51: (style) space required [-gnatyt]
glib-variant.ads:1272:51: (style) space required [-gnatyt]
glib-variant.ads:1273:51: (style) space required [-gnatyt]
   [Ada]          gtk-style_provider.adb
gtk-font_chooser_dialog.ads:50:80: (style) this line is too long: 81 [-gnatyM]
gtk-font_chooser_dialog.ads:51:80: (style) this line is too long: 83 [-gnatyM]
gtk-font_chooser_dialog.ads:58:80: (style) this line is too long: 80 [-gnatyM]
gtk-font_chooser_dialog.ads:116:80: (style) this line is too long: 83 [-gnatyM]
gtk-font_chooser_dialog.ads:119:80: (style) this line is too long: 80 [-gnatyM]
gtk-font_chooser_dialog.ads:127:80: (style) this line is too long: 99 [-gnatyM]
gtk-font_chooser_dialog.ads:198:80: (style) this line is too long: 92 [-gnatyM]
gtk-font_chooser_dialog.ads:209:80: (style) this line is too long: 98 [-gnatyM]
   [Ada]          gtk-color_selection_dialog.adb
   [Ada]          gtk-text_attributes.adb
gtk-gesture_drag.ads:43:80: (style) this line is too long: 82 [-gnatyM]
gtk-gesture_drag.ads:122:06: (style) trailing spaces not permitted [-gnatyb]
gtk-gesture_drag.ads:138:06: (style) trailing spaces not permitted [-gnatyb]
gtk-gesture_drag.ads:154:06: (style) trailing spaces not permitted [-gnatyb]
   [Ada]          glib-poll.adb
glib-poll.ads:26:06: warning: unnecessary with of ancestor [-gnatwr]
   [Ada]          gtk-container.adb
gtk-text_attributes.ads:53:80: (style) this line is too long: 89 [-gnatyM]
gtk-text_attributes.ads:82:80: (style) this line is too long: 89 [-gnatyM]
   [Ada]          gtk-about_dialog.adb
gtk-style_provider.ads:102:01: (style) incorrect layout [-gnatyl]
   [Ada]          gtk-offscreen_window.adb
gtk-color_selection_dialog.ads:42:80: (style) this line is too long: 84 [-gnatyM]
gtk-color_selection_dialog.ads:43:80: (style) this line is too long: 89 [-gnatyM]
gtk-color_selection_dialog.ads:53:80: (style) this line is too long: 88 [-gnatyM]
gtk-color_selection_dialog.ads:73:80: (style) this line is too long: 82 [-gnatyM]
gtk-color_selection_dialog.ads:105:80: (style) this line is too long: 98 [-gnatyM]
   [Ada]          gdk-display.adb
gtk-offscreen_window.ads:107:80: (style) this line is too long: 86 [-gnatyM]
   [Ada]          gtk-label.adb
gtk-about_dialog.ads:356:38: (style) space required [-gnatyt]
gtk-about_dialog.ads:359:38: (style) space required [-gnatyt]
gtk-about_dialog.ads:362:42: (style) space required [-gnatyt]
gtk-about_dialog.ads:456:06: (style) trailing spaces not permitted [-gnatyb]
   [Ada]          gtk-cell_renderer_text.adb
gtk-container.ads:301:80: (style) this line is too long: 83 [-gnatyM]
gtk-container.ads:338:80: (style) this line is too long: 83 [-gnatyM]
gtk-container.ads:403:80: (style) this line is too long: 80 [-gnatyM]
gtk-container.ads:423:80: (style) this line is too long: 80 [-gnatyM]
gtk-container.ads:568:80: (style) this line is too long: 102 [-gnatyM]
   [Ada]          gtk-spin_button.adb
gdk-display.ads:46:06: warning: unnecessary with of ancestor [-gnatwr]
gdk-display.ads:360:80: (style) this line is too long: 98 [-gnatyM]
   [Ada]          pango-layout.adb
pango-layout.ads:79:80: (style) this line is too long: 91 [-gnatyM]
pango-layout.ads:83:80: (style) this line is too long: 85 [-gnatyM]
pango-layout.ads:101:80: (style) this line is too long: 86 [-gnatyM]
pango-layout.ads:799:01: (style) incorrect layout [-gnatyl]
pango-layout.ads:810:80: (style) this line is too long: 90 [-gnatyM]
   [Ada]          gtk-separator_tool_item.adb
gtk-label.ads:113:80: (style) this line is too long: 81 [-gnatyM]
gtk-label.ads:717:80: (style) this line is too long: 94 [-gnatyM]
gtk-label.ads:722:80: (style) this line is too long: 87 [-gnatyM]
gtk-label.ads:761:06: (style) trailing spaces not permitted [-gnatyb]
gtk-label.ads:781:80: (style) this line is too long: 85 [-gnatyM]
gtk-label.ads:787:80: (style) this line is too long: 83 [-gnatyM]
gtk-label.ads:818:06: (style) trailing spaces not permitted [-gnatyb]
gtk-label.ads:820:80: (style) this line is too long: 82 [-gnatyM]
   [Ada]          gtk-buildable.adb
gtk-buildable.ads:168:01: (style) incorrect layout [-gnatyl]
   [Ada]          gtk-file_chooser_widget.adb
gtk-cell_renderer_text.ads:50:80: (style) this line is too long: 87 [-gnatyM]
gtk-cell_renderer_text.ads:51:80: (style) this line is too long: 81 [-gnatyM]
gtk-cell_renderer_text.ads:268:80: (style) this line is too long: 91 [-gnatyM]
gtk-cell_renderer_text.ads:292:06: (style) trailing spaces not permitted [-gnatyb]
gtk-cell_renderer_text.ads:336:80: (style) this line is too long: 80 [-gnatyM]
   [Ada]          gtk-menu_button.adb
gtk-separator_tool_item.ads:52:80: (style) this line is too long: 84 [-gnatyM]
gtk-separator_tool_item.ads:53:80: (style) this line is too long: 83 [-gnatyM]
gtk-separator_tool_item.ads:147:80: (style) this line is too long: 96 [-gnatyM]
gtk-separator_tool_item.ads:158:80: (style) this line is too long: 92 [-gnatyM]
   [Ada]          gtk-theming_engine.adb
gtk-spin_button.ads:135:80: (style) this line is too long: 104 [-gnatyM]
gtk-spin_button.ads:237:80: (style) this line is too long: 81 [-gnatyM]
gtk-spin_button.ads:467:80: (style) this line is too long: 92 [-gnatyM]
gtk-spin_button.ads:531:06: (style) trailing spaces not permitted [-gnatyb]
gtk-spin_button.ads:565:06: (style) trailing spaces not permitted [-gnatyb]
gtk-spin_button.ads:627:80: (style) this line is too long: 84 [-gnatyM]
gtk-spin_button.ads:664:80: (style) this line is too long: 94 [-gnatyM]
   [Ada]          gtk-toggle_tool_button.adb
   [Ada]          gtk-check_button.adb
gtk-menu_button.ads:126:80: (style) this line is too long: 80 [-gnatyM]
gtk-menu_button.ads:383:80: (style) this line is too long: 80 [-gnatyM]
   [Ada]          gtk-tree_sortable.adb
gtk-file_chooser_widget.ads:46:80: (style) this line is too long: 83 [-gnatyM]
gtk-file_chooser_widget.ads:144:80: (style) this line is too long: 82 [-gnatyM]
gtk-file_chooser_widget.ads:364:80: (style) this line is too long: 80 [-gnatyM]
gtk-file_chooser_widget.ads:395:80: (style) this line is too long: 91 [-gnatyM]
gtk-file_chooser_widget.ads:413:80: (style) this line is too long: 87 [-gnatyM]
gtk-file_chooser_widget.ads:543:80: (style) this line is too long: 92 [-gnatyM]
gtk-file_chooser_widget.ads:554:80: (style) this line is too long: 98 [-gnatyM]
gtk-file_chooser_widget.ads:565:80: (style) this line is too long: 94 [-gnatyM]
   [Ada]          gtk-font_chooser.adb
gtk-check_button.ads:51:80: (style) this line is too long: 81 [-gnatyM]
gtk-check_button.ads:170:80: (style) this line is too long: 80 [-gnatyM]
gtk-check_button.ads:181:80: (style) this line is too long: 82 [-gnatyM]
   [Ada]          gtk-status_bar.adb
gtk-toggle_tool_button.ads:47:80: (style) this line is too long: 85 [-gnatyM]
gtk-toggle_tool_button.ads:48:80: (style) this line is too long: 81 [-gnatyM]
gtk-toggle_tool_button.ads:213:80: (style) this line is too long: 92 [-gnatyM]
gtk-toggle_tool_button.ads:224:80: (style) this line is too long: 94 [-gnatyM]
gtk-toggle_tool_button.ads:235:80: (style) this line is too long: 90 [-gnatyM]
   [Ada]          gtk-scrolled_window.adb
gtk-tree_sortable.ads:80:80: (style) this line is too long: 81 [-gnatyM]
gtk-tree_sortable.ads:92:80: (style) this line is too long: 81 [-gnatyM]
gtk-tree_sortable.ads:135:80: (style) this line is too long: 82 [-gnatyM]
gtk-tree_sortable.ads:136:80: (style) this line is too long: 80 [-gnatyM]
gtk-tree_sortable.ads:139:80: (style) this line is too long: 82 [-gnatyM]
gtk-tree_sortable.ads:189:80: (style) this line is too long: 82 [-gnatyM]
gtk-tree_sortable.ads:190:80: (style) this line is too long: 80 [-gnatyM]
gtk-tree_sortable.ads:193:80: (style) this line is too long: 82 [-gnatyM]
gtk-tree_sortable.ads:219:80: (style) this line is too long: 83 [-gnatyM]
gtk-tree_sortable.ads:235:80: (style) this line is too long: 90 [-gnatyM]
gtk-tree_sortable.ads:240:80: (style) this line is too long: 83 [-gnatyM]
gtk-tree_sortable.ads:280:80: (style) this line is too long: 109 [-gnatyM]
gtk-tree_sortable.ads:336:80: (style) this line is too long: 87 [-gnatyM]
gtk-tree_sortable.ads:346:80: (style) this line is too long: 92 [-gnatyM]
gtk-tree_sortable.ads:351:80: (style) this line is too long: 98 [-gnatyM]
gtk-tree_sortable.ads:356:80: (style) this line is too long: 98 [-gnatyM]
gtk-tree_sortable.ads:361:80: (style) this line is too long: 92 [-gnatyM]
gtk-tree_sortable.ads:366:80: (style) this line is too long: 82 [-gnatyM]
gtk-tree_sortable.ads:371:80: (style) this line is too long: 94 [-gnatyM]
gtk-tree_sortable.ads:376:01: (style) incorrect layout [-gnatyl]
   [Ada]          gtk-box.adb
gtk-font_chooser.ads:42:16: (style) space required [-gnatyt]
gtk-font_chooser.ads:44:16: (style) space required [-gnatyt]
gtk-font_chooser.ads:56:80: (style) this line is too long: 80 [-gnatyM]
gtk-font_chooser.ads:165:80: (style) this line is too long: 83 [-gnatyM]
gtk-font_chooser.ads:168:80: (style) this line is too long: 80 [-gnatyM]
gtk-font_chooser.ads:251:80: (style) this line is too long: 97 [-gnatyM]
gtk-font_chooser.ads:258:80: (style) this line is too long: 99 [-gnatyM]
gtk-font_chooser.ads:265:80: (style) this line is too long: 92 [-gnatyM]
gtk-font_chooser.ads:288:80: (style) this line is too long: 83 [-gnatyM]
gtk-font_chooser.ads:293:80: (style) this line is too long: 81 [-gnatyM]
gtk-font_chooser.ads:298:80: (style) this line is too long: 85 [-gnatyM]
gtk-font_chooser.ads:303:80: (style) this line is too long: 81 [-gnatyM]
gtk-font_chooser.ads:308:80: (style) this line is too long: 85 [-gnatyM]
gtk-font_chooser.ads:321:01: (style) incorrect layout [-gnatyl]
   [Ada]          gtk-assistant.adb
gtk-box.ads:358:80: (style) this line is too long: 82 [-gnatyM]
gtk-box.ads:400:80: (style) this line is too long: 84 [-gnatyM]
   [Ada]          gtk-expander.adb
gtk-status_bar.ads:166:80: (style) this line is too long: 82 [-gnatyM]
gtk-status_bar.ads:187:06: (style) trailing spaces not permitted [-gnatyb]
gtk-status_bar.ads:203:06: (style) trailing spaces not permitted [-gnatyb]
   [Ada]          gtk-search_bar.adb
gtk-scrolled_window.ads:177:80: (style) this line is too long: 85 [-gnatyM]
gtk-scrolled_window.ads:297:80: (style) this line is too long: 85 [-gnatyM]
gtk-scrolled_window.ads:354:80: (style) this line is too long: 83 [-gnatyM]
gtk-scrolled_window.ads:379:80: (style) this line is too long: 90 [-gnatyM]
gtk-scrolled_window.ads:403:06: (style) trailing spaces not permitted [-gnatyb]
gtk-scrolled_window.ads:405:80: (style) this line is too long: 80 [-gnatyM]
gtk-scrolled_window.ads:406:80: (style) this line is too long: 83 [-gnatyM]
gtk-scrolled_window.ads:417:80: (style) this line is too long: 84 [-gnatyM]
   [Ada]          gtk-text_child_anchor.adb
   [Ada]          gtk-recent_action.adb
gtk-assistant.ads:93:80: (style) this line is too long: 95 [-gnatyM]
gtk-assistant.ads:106:80: (style) this line is too long: 92 [-gnatyM]
gtk-assistant.ads:354:80: (style) this line is too long: 81 [-gnatyM]
gtk-assistant.ads:405:80: (style) this line is too long: 102 [-gnatyM]
   [Ada]          gtk-window.adb
gtk-expander.ads:296:80: (style) this line is too long: 100 [-gnatyM]
   [Ada]          gtk-gesture_swipe.adb
   [Ada]          gtk-paper_size.adb
gtk-recent_action.ads:111:80: (style) this line is too long: 111 [-gnatyM]
gtk-recent_action.ads:118:80: (style) this line is too long: 111 [-gnatyM]
gtk-recent_action.ads:138:80: (style) this line is too long: 110 [-gnatyM]
gtk-recent_action.ads:205:80: (style) this line is too long: 90 [-gnatyM]
gtk-recent_action.ads:233:80: (style) this line is too long: 83 [-gnatyM]
gtk-recent_action.ads:322:80: (style) this line is too long: 83 [-gnatyM]
gtk-recent_action.ads:356:80: (style) this line is too long: 80 [-gnatyM]
gtk-recent_action.ads:367:80: (style) this line is too long: 90 [-gnatyM]
   [Ada]          gtk-gesture_zoom.adb
gtk-gesture_swipe.ads:48:80: (style) this line is too long: 83 [-gnatyM]
gtk-gesture_swipe.ads:120:06: (style) trailing spaces not permitted [-gnatyb]
   [Ada]          gtk-cell_editable.adb
gtk-paper_size.ads:52:80: (style) this line is too long: 85 [-gnatyM]
gtk-paper_size.ads:61:80: (style) this line is too long: 89 [-gnatyM]
gtk-paper_size.ads:71:80: (style) this line is too long: 89 [-gnatyM]
gtk-paper_size.ads:283:80: (style) this line is too long: 84 [-gnatyM]
gtk-paper_size.ads:299:80: (style) this line is too long: 84 [-gnatyM]
   [Ada]          gtk-list_store.adb
   [Ada]          gtk-activatable.adb
gtk-cell_editable.ads:85:80: (style) this line is too long: 90 [-gnatyM]
gtk-cell_editable.ads:146:80: (style) this line is too long: 85 [-gnatyM]
gtk-cell_editable.ads:150:80: (style) this line is too long: 86 [-gnatyM]
gtk-cell_editable.ads:168:80: (style) this line is too long: 80 [-gnatyM]
gtk-cell_editable.ads:173:80: (style) this line is too long: 82 [-gnatyM]
gtk-cell_editable.ads:178:80: (style) this line is too long: 82 [-gnatyM]
gtk-cell_editable.ads:185:01: (style) incorrect layout [-gnatyl]
   [Ada]          gtk-im_context.adb
gtk-activatable.ads:321:80: (style) this line is too long: 80 [-gnatyM]
gtk-activatable.ads:326:01: (style) incorrect layout [-gnatyl]
   [Ada]          gtk-accel_label.adb
gtk-window.ads:178:80: (style) this line is too long: 83 [-gnatyM]
gtk-window.ads:1029:80: (style) this line is too long: 83 [-gnatyM]
gtk-window.ads:1435:80: (style) this line is too long: 85 [-gnatyM]
gtk-window.ads:1496:80: (style) this line is too long: 96 [-gnatyM]
gtk-window.ads:1554:06: (style) trailing spaces not permitted [-gnatyb]
gtk-window.ads:1610:80: (style) this line is too long: 80 [-gnatyM]
gtk-window.ads:1648:80: (style) this line is too long: 87 [-gnatyM]
   [Ada]          gtk-cell_area_box.adb
gtk-list_store.adb:536:07: warning: useless assignment to "Iter", value overwritten at line 538 [-gnatwm]
gtk-list_store.ads:138:80: (style) this line is too long: 81 [-gnatyM]
gtk-list_store.ads:361:80: (style) this line is too long: 82 [-gnatyM]
gtk-list_store.ads:397:80: (style) this line is too long: 82 [-gnatyM]
gtk-list_store.ads:398:80: (style) this line is too long: 80 [-gnatyM]
gtk-list_store.ads:401:80: (style) this line is too long: 82 [-gnatyM]
gtk-list_store.ads:413:80: (style) this line is too long: 81 [-gnatyM]
gtk-list_store.ads:451:80: (style) this line is too long: 82 [-gnatyM]
gtk-list_store.ads:452:80: (style) this line is too long: 80 [-gnatyM]
gtk-list_store.ads:455:80: (style) this line is too long: 82 [-gnatyM]
gtk-list_store.ads:467:80: (style) this line is too long: 86 [-gnatyM]
gtk-list_store.ads:708:80: (style) this line is too long: 84 [-gnatyM]
gtk-list_store.ads:719:80: (style) this line is too long: 88 [-gnatyM]
gtk-list_store.ads:741:80: (style) this line is too long: 82 [-gnatyM]
   [Ada]          gdk-event.adb
gdk-event.ads:50:06: warning: unnecessary with of ancestor [-gnatwr]
gdk-event.ads:289:80: (style) this line is too long: 87 [-gnatyM]
gdk-event.ads:322:80: (style) this line is too long: 83 [-gnatyM]
gdk-event.ads:363:80: (style) this line is too long: 83 [-gnatyM]
gdk-event.ads:376:80: (style) this line is too long: 91 [-gnatyM]
gdk-event.ads:396:80: (style) this line is too long: 83 [-gnatyM]
gdk-event.ads:417:80: (style) this line is too long: 83 [-gnatyM]
gdk-event.ads:464:80: (style) this line is too long: 87 [-gnatyM]
gdk-event.ads:476:80: (style) this line is too long: 81 [-gnatyM]
gdk-event.ads:491:80: (style) this line is too long: 89 [-gnatyM]
gdk-event.ads:505:80: (style) this line is too long: 87 [-gnatyM]
gdk-event.ads:521:80: (style) this line is too long: 89 [-gnatyM]
gdk-event.ads:538:80: (style) this line is too long: 95 [-gnatyM]
gdk-event.ads:553:80: (style) this line is too long: 89 [-gnatyM]
gdk-event.ads:589:80: (style) this line is too long: 95 [-gnatyM]
gdk-event.ads:602:80: (style) this line is too long: 85 [-gnatyM]
gdk-event.ads:623:80: (style) this line is too long: 81 [-gnatyM]
gdk-event.ads:645:80: (style) this line is too long: 93 [-gnatyM]
gdk-event.ads:653:80: (style) this line is too long: 83 [-gnatyM]
gdk-event.ads:737:26: (style) space required [-gnatyt]
gdk-event.ads:739:80: (style) this line is too long: 83 [-gnatyM]
gdk-event.ads:787:80: (style) this line is too long: 86 [-gnatyM]
gdk-event.ads:791:80: (style) this line is too long: 86 [-gnatyM]
gdk-event.ads:799:80: (style) this line is too long: 80 [-gnatyM]
gdk-event.ads:803:80: (style) this line is too long: 82 [-gnatyM]
gdk-event.ads:811:80: (style) this line is too long: 82 [-gnatyM]
gdk-event.ads:1001:80: (style) this line is too long: 99 [-gnatyM]
   [Ada]          gtk-cell_area_context.adb
gtk-cell_area_box.ads:68:80: (style) this line is too long: 85 [-gnatyM]
gtk-cell_area_box.ads:116:80: (style) this line is too long: 83 [-gnatyM]
gtk-cell_area_box.ads:133:80: (style) this line is too long: 83 [-gnatyM]
gtk-cell_area_box.ads:150:80: (style) this line is too long: 86 [-gnatyM]
gtk-cell_area_box.ads:168:80: (style) this line is too long: 88 [-gnatyM]
gtk-cell_area_box.ads:172:80: (style) this line is too long: 81 [-gnatyM]
gtk-cell_area_box.ads:182:80: (style) this line is too long: 89 [-gnatyM]
gtk-cell_area_box.ads:183:80: (style) this line is too long: 89 [-gnatyM]
gtk-cell_area_box.ads:207:80: (style) this line is too long: 86 [-gnatyM]
gtk-cell_area_box.ads:215:80: (style) this line is too long: 87 [-gnatyM]
gtk-cell_area_box.ads:223:80: (style) this line is too long: 86 [-gnatyM]
gtk-cell_area_box.ads:228:80: (style) this line is too long: 86 [-gnatyM]
gtk-cell_area_box.ads:233:80: (style) this line is too long: 86 [-gnatyM]
gtk-cell_area_box.ads:265:80: (style) this line is too long: 80 [-gnatyM]
gtk-cell_area_box.ads:276:80: (style) this line is too long: 84 [-gnatyM]
gtk-cell_area_box.ads:287:80: (style) this line is too long: 82 [-gnatyM]
   [Ada]          gtk-print_operation_preview.adb
   [Ada]          gtk-tree_selection.adb
gtk-accel_label.ads:177:44: (style) space required [-gnatyt]
   [Ada]          gtk-image_menu_item.adb
gtk-im_context.ads:242:80: (style) this line is too long: 81 [-gnatyM]
gtk-im_context.ads:254:06: (style) trailing spaces not permitted [-gnatyb]
gtk-im_context.ads:256:80: (style) this line is too long: 83 [-gnatyM]
gtk-im_context.ads:257:80: (style) this line is too long: 81 [-gnatyM]
gtk-im_context.ads:261:80: (style) this line is too long: 104 [-gnatyM]
gtk-im_context.ads:314:80: (style) this line is too long: 85 [-gnatyM]
gtk-im_context.ads:328:06: (style) trailing spaces not permitted [-gnatyb]
   [Ada]          gtk-cell_renderer_combo.adb
gtk-print_operation_preview.ads:80:80: (style) this line is too long: 105 [-gnatyM]
gtk-print_operation_preview.ads:82:80: (style) this line is too long: 84 [-gnatyM]
gtk-print_operation_preview.ads:85:80: (style) this line is too long: 85 [-gnatyM]
gtk-print_operation_preview.ads:87:80: (style) this line is too long: 84 [-gnatyM]
gtk-print_operation_preview.ads:93:80: (style) this line is too long: 84 [-gnatyM]
gtk-print_operation_preview.ads:106:06: (style) trailing spaces not permitted [-gnatyb]
gtk-print_operation_preview.ads:109:80: (style) this line is too long: 81 [-gnatyM]
gtk-print_operation_preview.ads:111:80: (style) this line is too long: 90 [-gnatyM]
gtk-print_operation_preview.ads:113:80: (style) this line is too long: 82 [-gnatyM]
gtk-print_operation_preview.ads:117:80: (style) this line is too long: 82 [-gnatyM]
gtk-print_operation_preview.ads:141:80: (style) this line is too long: 85 [-gnatyM]
gtk-print_operation_preview.ads:148:80: (style) this line is too long: 88 [-gnatyM]
gtk-print_operation_preview.ads:188:80: (style) this line is too long: 88 [-gnatyM]
gtk-print_operation_preview.ads:193:80: (style) this line is too long: 88 [-gnatyM]
gtk-print_operation_preview.ads:198:80: (style) this line is too long: 92 [-gnatyM]
gtk-print_operation_preview.ads:203:80: (style) this line is too long: 88 [-gnatyM]
gtk-print_operation_preview.ads:213:80: (style) this line is too long: 88 [-gnatyM]
gtk-print_operation_preview.ads:218:01: (style) incorrect layout [-gnatyl]
   [Ada]          gtk-aspect_frame.adb
gtk-image_menu_item.ads:48:80: (style) this line is too long: 80 [-gnatyM]
gtk-image_menu_item.ads:210:80: (style) this line is too long: 83 [-gnatyM]
gtk-image_menu_item.ads:314:80: (style) this line is too long: 86 [-gnatyM]
gtk-image_menu_item.ads:325:80: (style) this line is too long: 88 [-gnatyM]
gtk-image_menu_item.ads:336:80: (style) this line is too long: 84 [-gnatyM]
   [Ada]          gtk-cell_renderer_spin.adb
gtk-cell_renderer_combo.ads:54:80: (style) this line is too long: 93 [-gnatyM]
gtk-cell_renderer_combo.ads:55:80: (style) this line is too long: 83 [-gnatyM]
gtk-cell_renderer_combo.ads:119:80: (style) this line is too long: 94 [-gnatyM]
gtk-cell_renderer_combo.ads:150:06: (style) trailing spaces not permitted [-gnatyb]
gtk-cell_renderer_combo.ads:154:80: (style) this line is too long: 80 [-gnatyM]
   [Ada]          gtk-toolbar.adb
gtk-tree_selection.ads:81:80: (style) this line is too long: 80 [-gnatyM]
gtk-tree_selection.ads:227:80: (style) this line is too long: 89 [-gnatyM]
gtk-tree_selection.ads:244:80: (style) this line is too long: 102 [-gnatyM]
gtk-tree_selection.ads:251:80: (style) this line is too long: 80 [-gnatyM]
gtk-tree_selection.ads:260:80: (style) this line is too long: 89 [-gnatyM]
   [Ada]          gtk-toggle_action.adb
gtk-cell_renderer_spin.ads:53:80: (style) this line is too long: 92 [-gnatyM]
gtk-cell_renderer_spin.ads:54:80: (style) this line is too long: 81 [-gnatyM]
   [Ada]          gtk-gradient.adb
   [Ada]          gtk-gesture_single.adb
gtk-gradient.ads:56:80: (style) this line is too long: 81 [-gnatyM]
gtk-gradient.ads:155:80: (style) this line is too long: 98 [-gnatyM]
gtk-gradient.ads:170:80: (style) this line is too long: 82 [-gnatyM]
gtk-gradient.ads:188:80: (style) this line is too long: 80 [-gnatyM]
   [Ada]          gtk-event_box.adb
   [Ada]          gtk-gesture_long_press.adb
gtk-toggle_action.ads:179:80: (style) this line is too long: 80 [-gnatyM]
   [Ada]          gtk-scrollbar.adb
   [Ada]          pango-language.adb
gtk-toolbar.ads:281:06: (style) trailing spaces not permitted [-gnatyb]
gtk-toolbar.ads:294:80: (style) this line is too long: 83 [-gnatyM]
gtk-toolbar.ads:318:80: (style) this line is too long: 81 [-gnatyM]
gtk-toolbar.ads:336:06: (style) trailing spaces not permitted [-gnatyb]
   [Ada]          gtk-action_group.adb
pango-language.ads:43:80: (style) this line is too long: 85 [-gnatyM]
pango-language.ads:358:80: (style) this line is too long: 84 [-gnatyM]
   [Ada]          gdk-device_manager.adb
   [Ada]          gtk-text_iter.adb
   [Ada]          gtk-header_bar.adb
gtk-gesture_long_press.ads:45:80: (style) this line is too long: 88 [-gnatyM]
gtk-gesture_long_press.ads:46:80: (style) this line is too long: 81 [-gnatyM]
gtk-gesture_long_press.ads:99:80: (style) this line is too long: 83 [-gnatyM]
gtk-gesture_long_press.ads:121:06: (style) trailing spaces not permitted [-gnatyb]
gtk-gesture_long_press.ads:123:80: (style) this line is too long: 83 [-gnatyM]
gtk-gesture_long_press.ads:125:80: (style) this line is too long: 83 [-gnatyM]
   [Ada]          gtk-tree_row_reference.adb
gtk-text_iter.ads:71:80: (style) this line is too long: 88 [-gnatyM]
gtk-text_iter.ads:724:80: (style) this line is too long: 85 [-gnatyM]
gtk-text_iter.ads:732:80: (style) this line is too long: 85 [-gnatyM]
gtk-text_iter.ads:738:80: (style) this line is too long: 87 [-gnatyM]
gtk-text_iter.ads:746:80: (style) this line is too long: 87 [-gnatyM]
gtk-text_iter.ads:896:01: (style) incorrect layout [-gnatyl]
gtk-text_iter.ads:919:01: (style) trailing spaces not permitted [-gnatyb]
   [Ada]          gtk-color_chooser_dialog.adb
gtk-header_bar.ads:255:80: (style) this line is too long: 80 [-gnatyM]
   [Ada]          gtk-text_buffer.adb
gtk-tree_row_reference.ads:41:80: (style) this line is too long: 80 [-gnatyM]
gtk-tree_row_reference.ads:42:80: (style) this line is too long: 101 [-gnatyM]
gtk-tree_row_reference.ads:195:80: (style) this line is too long: 100 [-gnatyM]
   [Ada]          gtk-file_chooser.adb
gtk-action_group.ads:96:80: (style) this line is too long: 86 [-gnatyM]
gtk-action_group.ads:275:80: (style) this line is too long: 82 [-gnatyM]
gtk-action_group.ads:281:80: (style) this line is too long: 88 [-gnatyM]
gtk-action_group.ads:480:80: (style) this line is too long: 83 [-gnatyM]
gtk-action_group.ads:511:06: (style) trailing spaces not permitted [-gnatyb]
gtk-action_group.ads:532:06: (style) trailing spaces not permitted [-gnatyb]
   [Ada]          gtk-menu_tool_button.adb
gtk-color_chooser_dialog.ads:44:80: (style) this line is too long: 82 [-gnatyM]
gtk-color_chooser_dialog.ads:45:80: (style) this line is too long: 85 [-gnatyM]
gtk-color_chooser_dialog.ads:126:80: (style) this line is too long: 94 [-gnatyM]
gtk-color_chooser_dialog.ads:137:80: (style) this line is too long: 102 [-gnatyM]
   [Ada]          gtk-misc.adb
   [Ada]          gtk-tree_view.adb
gtk-file_chooser.ads:184:80: (style) this line is too long: 92 [-gnatyM]
gtk-file_chooser.ads:188:80: (style) this line is too long: 104 [-gnatyM]
gtk-file_chooser.ads:192:80: (style) this line is too long: 90 [-gnatyM]
gtk-file_chooser.ads:401:80: (style) this line is too long: 81 [-gnatyM]
gtk-file_chooser.ads:562:80: (style) this line is too long: 81 [-gnatyM]
gtk-file_chooser.ads:689:80: (style) this line is too long: 80 [-gnatyM]
gtk-file_chooser.ads:696:80: (style) this line is too long: 82 [-gnatyM]
gtk-file_chooser.ads:724:80: (style) this line is too long: 85 [-gnatyM]
gtk-file_chooser.ads:791:06: (style) trailing spaces not permitted [-gnatyb]
gtk-file_chooser.ads:793:80: (style) this line is too long: 96 [-gnatyM]
gtk-file_chooser.ads:796:80: (style) this line is too long: 88 [-gnatyM]
gtk-file_chooser.ads:801:80: (style) this line is too long: 89 [-gnatyM]
gtk-file_chooser.ads:922:80: (style) this line is too long: 80 [-gnatyM]
gtk-file_chooser.ads:932:80: (style) this line is too long: 84 [-gnatyM]
gtk-file_chooser.ads:936:80: (style) this line is too long: 82 [-gnatyM]
gtk-file_chooser.ads:939:01: (style) incorrect layout [-gnatyl]
   [Ada]          gtk-editable.adb
gtk-menu_tool_button.ads:61:80: (style) this line is too long: 83 [-gnatyM]
gtk-menu_tool_button.ads:263:80: (style) this line is too long: 88 [-gnatyM]
gtk-menu_tool_button.ads:274:80: (style) this line is too long: 90 [-gnatyM]
gtk-menu_tool_button.ads:285:80: (style) this line is too long: 86 [-gnatyM]
   [Ada]          pango-coverage.adb
gtk-text_buffer.ads:203:80: (style) this line is too long: 83 [-gnatyM]
gtk-text_buffer.ads:372:80: (style) this line is too long: 90 [-gnatyM]
gtk-text_buffer.ads:562:80: (style) this line is too long: 90 [-gnatyM]
gtk-text_buffer.ads:670:80: (style) this line is too long: 83 [-gnatyM]
gtk-text_buffer.ads:901:80: (style) this line is too long: 101 [-gnatyM]
gtk-text_buffer.ads:907:80: (style) this line is too long: 93 [-gnatyM]
gtk-text_buffer.ads:916:80: (style) this line is too long: 80 [-gnatyM]
gtk-text_buffer.ads:932:06: (style) trailing spaces not permitted [-gnatyb]
gtk-text_buffer.ads:976:80: (style) this line is too long: 88 [-gnatyM]
gtk-text_buffer.ads:981:80: (style) this line is too long: 80 [-gnatyM]
gtk-text_buffer.ads:1007:06: (style) trailing spaces not permitted [-gnatyb]
gtk-text_buffer.ads:1031:80: (style) this line is too long: 96 [-gnatyM]
gtk-text_buffer.ads:1034:80: (style) this line is too long: 91 [-gnatyM]
gtk-text_buffer.ads:1036:80: (style) this line is too long: 88 [-gnatyM]
gtk-text_buffer.ads:1039:80: (style) this line is too long: 91 [-gnatyM]
gtk-text_buffer.ads:1041:80: (style) this line is too long: 83 [-gnatyM]
gtk-text_buffer.ads:1061:06: (style) trailing spaces not permitted [-gnatyb]
gtk-text_buffer.ads:1067:80: (style) this line is too long: 85 [-gnatyM]
gtk-text_buffer.ads:1096:06: (style) trailing spaces not permitted [-gnatyb]
gtk-text_buffer.ads:1101:80: (style) this line is too long: 91 [-gnatyM]
gtk-text_buffer.ads:1107:80: (style) this line is too long: 83 [-gnatyM]
gtk-text_buffer.ads:1132:06: (style) trailing spaces not permitted [-gnatyb]
gtk-text_buffer.ads:1161:80: (style) this line is too long: 88 [-gnatyM]
gtk-text_buffer.ads:1166:80: (style) this line is too long: 80 [-gnatyM]
gtk-text_buffer.ads:1185:06: (style) trailing spaces not permitted [-gnatyb]
gtk-text_buffer.ads:1230:80: (style) this line is too long: 80 [-gnatyM]
gtk-text_buffer.ads:1245:06: (style) trailing spaces not permitted [-gnatyb]
   [Ada]          gtk-radio_tool_button.adb
pango-coverage.ads:41:80: (style) this line is too long: 85 [-gnatyM]
pango-coverage.ads:90:80: (style) this line is too long: 84 [-gnatyM]
   [Ada]          gtk-bin.adb
   [Ada]          pango-font.adb
gtk-editable.ads:59:16: (style) space required [-gnatyt]
gtk-editable.ads:61:16: (style) space required [-gnatyt]
gtk-editable.ads:201:80: (style) this line is too long: 80 [-gnatyM]
gtk-editable.ads:251:06: (style) trailing spaces not permitted [-gnatyb]
gtk-editable.ads:283:06: (style) trailing spaces not permitted [-gnatyb]
gtk-editable.ads:288:80: (style) this line is too long: 80 [-gnatyM]
gtk-editable.ads:362:80: (style) this line is too long: 91 [-gnatyM]
gtk-editable.ads:394:80: (style) this line is too long: 97 [-gnatyM]
gtk-editable.ads:452:80: (style) this line is too long: 91 [-gnatyM]
gtk-editable.ads:467:80: (style) this line is too long: 91 [-gnatyM]
gtk-editable.ads:472:01: (style) incorrect layout [-gnatyl]
   [Ada]          glib-notification.adb
glib-notification.ads:49:06: warning: unnecessary with of ancestor [-gnatwr]
glib-notification.ads:74:80: (style) this line is too long: 90 [-gnatyM]
   [Ada]          gtk-actionable.adb
pango-font.ads:110:80: (style) this line is too long: 86 [-gnatyM]
pango-font.ads:320:80: (style) this line is too long: 84 [-gnatyM]
pango-font.ads:375:07: (style) space required [-gnatyc]
pango-font.ads:379:07: (style) space required [-gnatyc]
   [Ada]          gtk-gesture.adb
gtk-actionable.ads:49:16: (style) space required [-gnatyt]
gtk-actionable.ads:51:16: (style) space required [-gnatyt]
gtk-actionable.ads:159:80: (style) this line is too long: 105 [-gnatyM]
gtk-actionable.ads:165:80: (style) this line is too long: 105 [-gnatyM]
gtk-actionable.ads:189:80: (style) this line is too long: 115 [-gnatyM]
gtk-actionable.ads:216:80: (style) this line is too long: 83 [-gnatyM]
gtk-actionable.ads:221:80: (style) this line is too long: 99 [-gnatyM]
gtk-actionable.ads:226:80: (style) this line is too long: 83 [-gnatyM]
gtk-actionable.ads:231:80: (style) this line is too long: 99 [-gnatyM]
gtk-actionable.ads:240:01: (style) incorrect layout [-gnatyl]
   [Ada]          gdk-frame_timings.adb
gdk-frame_timings.ads:44:80: (style) this line is too long: 91 [-gnatyM]
gdk-frame_timings.ads:115:80: (style) this line is too long: 90 [-gnatyM]
   [Ada]          gtk-radio_button.adb
gtk-tree_view.ads:118:80: (style) this line is too long: 91 [-gnatyM]
gtk-tree_view.ads:119:80: (style) this line is too long: 85 [-gnatyM]
gtk-tree_view.ads:143:80: (style) this line is too long: 91 [-gnatyM]
gtk-tree_view.ads:144:80: (style) this line is too long: 91 [-gnatyM]
gtk-tree_view.ads:145:80: (style) this line is too long: 91 [-gnatyM]
gtk-tree_view.ads:202:80: (style) this line is too long: 100 [-gnatyM]
gtk-tree_view.ads:245:80: (style) this line is too long: 90 [-gnatyM]
gtk-tree_view.ads:413:80: (style) this line is too long: 81 [-gnatyM]
gtk-tree_view.ads:441:80: (style) this line is too long: 81 [-gnatyM]
gtk-tree_view.ads:489:80: (style) this line is too long: 85 [-gnatyM]
gtk-tree_view.ads:573:80: (style) this line is too long: 82 [-gnatyM]
gtk-tree_view.ads:974:80: (style) this line is too long: 90 [-gnatyM]
gtk-tree_view.ads:987:80: (style) this line is too long: 84 [-gnatyM]
gtk-tree_view.ads:1009:80: (style) this line is too long: 94 [-gnatyM]
gtk-tree_view.ads:1010:80: (style) this line is too long: 88 [-gnatyM]
gtk-tree_view.ads:1021:80: (style) this line is too long: 80 [-gnatyM]
gtk-tree_view.ads:1031:80: (style) this line is too long: 87 [-gnatyM]
gtk-tree_view.ads:1124:80: (style) this line is too long: 92 [-gnatyM]
gtk-tree_view.ads:1125:80: (style) this line is too long: 84 [-gnatyM]
gtk-tree_view.ads:1134:80: (style) this line is too long: 90 [-gnatyM]
gtk-tree_view.ads:1142:80: (style) this line is too long: 91 [-gnatyM]
gtk-tree_view.ads:1157:80: (style) this line is too long: 81 [-gnatyM]
gtk-tree_view.ads:1219:80: (style) this line is too long: 80 [-gnatyM]
gtk-tree_view.ads:1220:80: (style) this line is too long: 94 [-gnatyM]
gtk-tree_view.ads:1221:80: (style) this line is too long: 94 [-gnatyM]
gtk-tree_view.ads:1222:80: (style) this line is too long: 94 [-gnatyM]
gtk-tree_view.ads:1225:80: (style) this line is too long: 81 [-gnatyM]
gtk-tree_view.ads:1226:80: (style) this line is too long: 82 [-gnatyM]
gtk-tree_view.ads:1228:80: (style) this line is too long: 80 [-gnatyM]
gtk-tree_view.ads:1230:80: (style) this line is too long: 81 [-gnatyM]
gtk-tree_view.ads:1234:80: (style) this line is too long: 80 [-gnatyM]
gtk-tree_view.ads:1236:80: (style) this line is too long: 81 [-gnatyM]
gtk-tree_view.ads:1264:80: (style) this line is too long: 85 [-gnatyM]
gtk-tree_view.ads:1330:80: (style) this line is too long: 81 [-gnatyM]
gtk-tree_view.ads:1331:80: (style) this line is too long: 81 [-gnatyM]
gtk-tree_view.ads:1363:80: (style) this line is too long: 80 [-gnatyM]
gtk-tree_view.ads:1364:80: (style) this line is too long: 81 [-gnatyM]
gtk-tree_view.ads:1374:80: (style) this line is too long: 87 [-gnatyM]
gtk-tree_view.ads:1393:80: (style) this line is too long: 82 [-gnatyM]
gtk-tree_view.ads:1413:80: (style) this line is too long: 81 [-gnatyM]
gtk-tree_view.ads:1506:80: (style) this line is too long: 81 [-gnatyM]
gtk-tree_view.ads:1510:80: (style) this line is too long: 85 [-gnatyM]
gtk-tree_view.ads:1572:80: (style) this line is too long: 102 [-gnatyM]
gtk-tree_view.ads:1601:80: (style) this line is too long: 84 [-gnatyM]
gtk-tree_view.ads:1613:80: (style) this line is too long: 97 [-gnatyM]
gtk-tree_view.ads:1623:06: (style) trailing spaces not permitted [-gnatyb]
gtk-tree_view.ads:1626:80: (style) this line is too long: 83 [-gnatyM]
gtk-tree_view.ads:1656:06: (style) trailing spaces not permitted [-gnatyb]
gtk-tree_view.ads:1658:80: (style) this line is too long: 83 [-gnatyM]
gtk-tree_view.ads:1660:80: (style) this line is too long: 83 [-gnatyM]
gtk-tree_view.ads:1664:80: (style) this line is too long: 80 [-gnatyM]
gtk-tree_view.ads:1665:80: (style) this line is too long: 81 [-gnatyM]
gtk-tree_view.ads:1668:80: (style) this line is too long: 93 [-gnatyM]
gtk-tree_view.ads:1671:80: (style) this line is too long: 87 [-gnatyM]
gtk-tree_view.ads:1673:80: (style) this line is too long: 87 [-gnatyM]
gtk-tree_view.ads:1676:80: (style) this line is too long: 87 [-gnatyM]
gtk-tree_view.ads:1698:06: (style) trailing spaces not permitted [-gnatyb]
gtk-tree_view.ads:1701:80: (style) this line is too long: 81 [-gnatyM]
gtk-tree_view.ads:1704:80: (style) this line is too long: 86 [-gnatyM]
gtk-tree_view.ads:1709:80: (style) this line is too long: 80 [-gnatyM]
gtk-tree_view.ads:1725:06: (style) trailing spaces not permitted [-gnatyb]
gtk-tree_view.ads:1741:06: (style) trailing spaces not permitted [-gnatyb]
gtk-tree_view.ads:1764:80: (style) this line is too long: 85 [-gnatyM]
gtk-tree_view.ads:1794:80: (style) this line is too long: 93 [-gnatyM]
gtk-tree_view.ads:1805:80: (style) this line is too long: 88 [-gnatyM]
gtk-tree_view.ads:1810:80: (style) this line is too long: 82 [-gnatyM]
gtk-tree_view.ads:1828:06: (style) trailing spaces not permitted [-gnatyb]
gtk-tree_view.ads:1846:06: (style) trailing spaces not permitted [-gnatyb]
gtk-tree_view.ads:1938:80: (style) this line is too long: 87 [-gnatyM]
gtk-tree_view.ads:1940:80: (style) this line is too long: 83 [-gnatyM]
   [Ada]          gtk-event_controller.adb
gtk-radio_tool_button.ads:52:80: (style) this line is too long: 91 [-gnatyM]
gtk-radio_tool_button.ads:209:80: (style) this line is too long: 90 [-gnatyM]
gtk-radio_tool_button.ads:220:80: (style) this line is too long: 92 [-gnatyM]
gtk-radio_tool_button.ads:231:80: (style) this line is too long: 88 [-gnatyM]
   [Ada]          gtk-color_button.adb
gtk-event_controller.ads:98:80: (style) this line is too long: 82 [-gnatyM]
gtk-event_controller.ads:108:80: (style) this line is too long: 84 [-gnatyM]
   [Ada]          gtk-recent_manager.adb
gtk-gesture.ads:162:80: (style) this line is too long: 86 [-gnatyM]
gtk-gesture.ads:269:80: (style) this line is too long: 80 [-gnatyM]
gtk-gesture.ads:463:80: (style) this line is too long: 100 [-gnatyM]
gtk-gesture.ads:468:80: (style) this line is too long: 96 [-gnatyM]
gtk-gesture.ads:473:80: (style) this line is too long: 89 [-gnatyM]
gtk-gesture.ads:486:06: (style) trailing spaces not permitted [-gnatyb]
   [Ada]          gtk-recent_chooser_widget.adb
gtk-color_button.ads:314:80: (style) this line is too long: 80 [-gnatyM]
gtk-color_button.ads:325:80: (style) this line is too long: 82 [-gnatyM]
gtk-color_button.ads:347:80: (style) this line is too long: 86 [-gnatyM]
   [Ada]          gtk-popover.adb
gtk-recent_manager.ads:79:03: (style) trailing spaces not permitted [-gnatyb]
gtk-recent_manager.ads:88:03: (style) trailing spaces not permitted [-gnatyb]
gtk-recent_manager.ads:104:03: (style) trailing spaces not permitted [-gnatyb]
gtk-recent_manager.ads:133:80: (style) this line is too long: 81 [-gnatyM]
gtk-recent_manager.ads:138:80: (style) this line is too long: 80 [-gnatyM]
gtk-recent_manager.ads:139:80: (style) this line is too long: 80 [-gnatyM]
gtk-recent_manager.ads:140:80: (style) this line is too long: 86 [-gnatyM]
   [Ada]          gtk-icon_view.adb
gtk-radio_button.ads:104:80: (style) this line is too long: 80 [-gnatyM]
gtk-radio_button.ads:374:80: (style) this line is too long: 80 [-gnatyM]
gtk-radio_button.ads:385:80: (style) this line is too long: 82 [-gnatyM]
   [Ada]          gtk-css_section.adb
gtk-css_section.ads:41:80: (style) this line is too long: 87 [-gnatyM]
gtk-css_section.ads:69:80: (style) this line is too long: 86 [-gnatyM]
gtk-css_section.ads:138:80: (style) this line is too long: 86 [-gnatyM]
   [Ada]          gtk-tree_model_sort.adb
gtk-recent_chooser_widget.ads:54:80: (style) this line is too long: 80 [-gnatyM]
gtk-recent_chooser_widget.ads:55:80: (style) this line is too long: 87 [-gnatyM]
gtk-recent_chooser_widget.ads:87:80: (style) this line is too long: 85 [-gnatyM]
gtk-recent_chooser_widget.ads:90:80: (style) this line is too long: 85 [-gnatyM]
gtk-recent_chooser_widget.ads:102:80: (style) this line is too long: 84 [-gnatyM]
gtk-recent_chooser_widget.ads:146:80: (style) this line is too long: 106 [-gnatyM]
gtk-recent_chooser_widget.ads:182:80: (style) this line is too long: 83 [-gnatyM]
gtk-recent_chooser_widget.ads:278:80: (style) this line is too long: 83 [-gnatyM]
gtk-recent_chooser_widget.ads:306:80: (style) this line is too long: 96 [-gnatyM]
gtk-recent_chooser_widget.ads:317:80: (style) this line is too long: 98 [-gnatyM]
gtk-recent_chooser_widget.ads:328:80: (style) this line is too long: 106 [-gnatyM]
   [Ada]          gtk-tree_drag_dest.adb
gtk-tree_drag_dest.ads:121:80: (style) this line is too long: 93 [-gnatyM]
gtk-tree_drag_dest.ads:126:80: (style) this line is too long: 91 [-gnatyM]
gtk-tree_drag_dest.ads:131:01: (style) incorrect layout [-gnatyl]
   [Ada]          gtk-stock.adb
gtk-stock.ads:46:80: (style) this line is too long: 85 [-gnatyM]
gtk-stock.ads:98:80: (style) this line is too long: 85 [-gnatyM]
gtk-stock.ads:99:80: (style) this line is too long: 83 [-gnatyM]
gtk-stock.ads:100:80: (style) this line is too long: 101 [-gnatyM]
gtk-stock.ads:101:80: (style) this line is too long: 99 [-gnatyM]
gtk-stock.ads:212:01: (style) incorrect layout [-gnatyl]
   [Ada]          gtk-text_mark.adb
   [Ada]          gtk-accel_group.adb
gtk-popover.ads:272:80: (style) this line is too long: 98 [-gnatyM]
   [Ada]          gtk-icon_source.adb
gtk-icon_source.ads:63:80: (style) this line is too long: 87 [-gnatyM]
gtk-icon_source.ads:313:80: (style) this line is too long: 86 [-gnatyM]
   [Ada]          gtk-action.adb
gtk-tree_model_sort.ads:111:80: (style) this line is too long: 86 [-gnatyM]
gtk-tree_model_sort.ads:274:80: (style) this line is too long: 92 [-gnatyM]
gtk-tree_model_sort.ads:310:80: (style) this line is too long: 82 [-gnatyM]
gtk-tree_model_sort.ads:311:80: (style) this line is too long: 80 [-gnatyM]
gtk-tree_model_sort.ads:314:80: (style) this line is too long: 82 [-gnatyM]
gtk-tree_model_sort.ads:326:80: (style) this line is too long: 91 [-gnatyM]
gtk-tree_model_sort.ads:364:80: (style) this line is too long: 82 [-gnatyM]
gtk-tree_model_sort.ads:365:80: (style) this line is too long: 80 [-gnatyM]
gtk-tree_model_sort.ads:368:80: (style) this line is too long: 82 [-gnatyM]
gtk-tree_model_sort.ads:380:80: (style) this line is too long: 96 [-gnatyM]
gtk-tree_model_sort.ads:560:80: (style) this line is too long: 98 [-gnatyM]
gtk-tree_model_sort.ads:571:80: (style) this line is too long: 86 [-gnatyM]
gtk-tree_model_sort.ads:582:80: (style) this line is too long: 92 [-gnatyM]
   [Ada]          gtk-clipboard.adb
gtk-icon_view.ads:91:80: (style) this line is too long: 85 [-gnatyM]
gtk-icon_view.ads:108:80: (style) this line is too long: 100 [-gnatyM]
gtk-icon_view.ads:747:80: (style) this line is too long: 86 [-gnatyM]
gtk-icon_view.ads:765:80: (style) this line is too long: 88 [-gnatyM]
gtk-icon_view.ads:769:80: (style) this line is too long: 81 [-gnatyM]
gtk-icon_view.ads:779:80: (style) this line is too long: 81 [-gnatyM]
gtk-icon_view.ads:780:80: (style) this line is too long: 89 [-gnatyM]
gtk-icon_view.ads:823:80: (style) this line is too long: 86 [-gnatyM]
gtk-icon_view.ads:831:80: (style) this line is too long: 87 [-gnatyM]
gtk-icon_view.ads:839:80: (style) this line is too long: 86 [-gnatyM]
gtk-icon_view.ads:844:80: (style) this line is too long: 86 [-gnatyM]
gtk-icon_view.ads:849:80: (style) this line is too long: 86 [-gnatyM]
gtk-icon_view.ads:890:80: (style) this line is too long: 81 [-gnatyM]
gtk-icon_view.ads:981:80: (style) this line is too long: 85 [-gnatyM]
gtk-icon_view.ads:1025:80: (style) this line is too long: 83 [-gnatyM]
gtk-icon_view.ads:1056:06: (style) trailing spaces not permitted [-gnatyb]
gtk-icon_view.ads:1058:80: (style) this line is too long: 82 [-gnatyM]
gtk-icon_view.ads:1061:80: (style) this line is too long: 102 [-gnatyM]
gtk-icon_view.ads:1085:80: (style) this line is too long: 81 [-gnatyM]
gtk-icon_view.ads:1117:80: (style) this line is too long: 81 [-gnatyM]
gtk-icon_view.ads:1233:80: (style) this line is too long: 83 [-gnatyM]
   [Ada]          gtk-button_box.adb
gtk-accel_group.ads:334:80: (style) this line is too long: 94 [-gnatyM]
gtk-accel_group.ads:340:80: (style) this line is too long: 86 [-gnatyM]
gtk-accel_group.ads:359:06: (style) trailing spaces not permitted [-gnatyb]
gtk-accel_group.ads:366:80: (style) this line is too long: 92 [-gnatyM]
gtk-accel_group.ads:372:80: (style) this line is too long: 84 [-gnatyM]
gtk-accel_group.ads:394:06: (style) trailing spaces not permitted [-gnatyb]
   [Ada]          glib-menu_model.adb
   [Ada]          gtk-target_entry.adb
gtk-target_entry.ads:45:80: (style) this line is too long: 83 [-gnatyM]
   [Ada]          pango-attributes.adb
gtk-clipboard.ads:464:80: (style) this line is too long: 81 [-gnatyM]
   [Ada]          gtk-invisible.adb
pango-attributes.ads:41:80: (style) this line is too long: 81 [-gnatyM]
pango-attributes.ads:55:80: (style) this line is too long: 87 [-gnatyM]
pango-attributes.ads:62:80: (style) this line is too long: 95 [-gnatyM]
pango-attributes.ads:245:80: (style) this line is too long: 86 [-gnatyM]
   [Ada]          gtk-viewport.adb
   [Ada]          gtk-gentry.adb
gtk-action.ads:588:80: (style) this line is too long: 96 [-gnatyM]
   [Ada]          glib-simple_action_group.adb
   [Ada]          pango-font_metrics.adb
glib-menu_model.ads:140:06: warning: unnecessary with of ancestor [-gnatwr]
glib-menu_model.ads:163:80: (style) this line is too long: 85 [-gnatyM]
glib-menu_model.ads:349:06: (style) trailing spaces not permitted [-gnatyb]
   [Ada]          gtk-font_selection_dialog.adb
pango-font_metrics.ads:42:80: (style) this line is too long: 93 [-gnatyM]
pango-font_metrics.ads:128:80: (style) this line is too long: 92 [-gnatyM]
   [Ada]          gtk-application_window.adb
glib-simple_action_group.ads:33:06: warning: unnecessary with of ancestor [-gnatwr]
glib-simple_action_group.ads:214:80: (style) this line is too long: 90 [-gnatyM]
glib-simple_action_group.ads:225:80: (style) this line is too long: 86 [-gnatyM]
   [Ada]          pango-tabs.adb
pango-tabs.ads:40:80: (style) this line is too long: 87 [-gnatyM]
pango-tabs.ads:128:80: (style) this line is too long: 86 [-gnatyM]
   [Ada]          gtk-color_chooser_widget.adb
gtk-font_selection_dialog.ads:42:80: (style) this line is too long: 83 [-gnatyM]
gtk-font_selection_dialog.ads:43:80: (style) this line is too long: 87 [-gnatyM]
gtk-font_selection_dialog.ads:141:80: (style) this line is too long: 96 [-gnatyM]
   [Ada]          gtk-volume_button.adb
gtk-application_window.ads:118:80: (style) this line is too long: 80 [-gnatyM]
gtk-application_window.ads:119:80: (style) this line is too long: 81 [-gnatyM]
gtk-application_window.ads:127:80: (style) this line is too long: 83 [-gnatyM]
gtk-application_window.ads:130:80: (style) this line is too long: 83 [-gnatyM]
gtk-application_window.ads:138:80: (style) this line is too long: 82 [-gnatyM]
gtk-application_window.ads:286:80: (style) this line is too long: 90 [-gnatyM]
gtk-application_window.ads:297:80: (style) this line is too long: 94 [-gnatyM]
gtk-application_window.ads:308:80: (style) this line is too long: 90 [-gnatyM]
   [Ada]          gtk-gesture_rotate.adb
gtk-color_chooser_widget.ads:58:80: (style) this line is too long: 85 [-gnatyM]
gtk-color_chooser_widget.ads:140:80: (style) this line is too long: 94 [-gnatyM]
gtk-color_chooser_widget.ads:151:80: (style) this line is too long: 102 [-gnatyM]
gtk-color_chooser_widget.ads:162:80: (style) this line is too long: 96 [-gnatyM]
   [Ada]          gtk-cell_renderer_accel.adb
gtk-volume_button.ads:46:80: (style) this line is too long: 81 [-gnatyM]
gtk-volume_button.ads:160:80: (style) this line is too long: 82 [-gnatyM]
gtk-volume_button.ads:171:80: (style) this line is too long: 84 [-gnatyM]
gtk-volume_button.ads:182:80: (style) this line is too long: 80 [-gnatyM]
gtk-volume_button.ads:193:80: (style) this line is too long: 82 [-gnatyM]
   [Ada]          gtk-image.adb
gtk-gentry.ads:115:80: (style) this line is too long: 92 [-gnatyM]
gtk-gentry.ads:132:80: (style) this line is too long: 83 [-gnatyM]
gtk-gentry.ads:135:80: (style) this line is too long: 83 [-gnatyM]
gtk-gentry.ads:211:80: (style) this line is too long: 83 [-gnatyM]
gtk-gentry.ads:225:80: (style) this line is too long: 83 [-gnatyM]
gtk-gentry.ads:250:80: (style) this line is too long: 80 [-gnatyM]
gtk-gentry.ads:996:80: (style) this line is too long: 81 [-gnatyM]
gtk-gentry.ads:1030:80: (style) this line is too long: 83 [-gnatyM]
gtk-gentry.ads:1034:80: (style) this line is too long: 83 [-gnatyM]
gtk-gentry.ads:1040:80: (style) this line is too long: 81 [-gnatyM]
gtk-gentry.ads:1056:80: (style) this line is too long: 83 [-gnatyM]
gtk-gentry.ads:1077:80: (style) this line is too long: 81 [-gnatyM]
gtk-gentry.ads:1090:80: (style) this line is too long: 85 [-gnatyM]
gtk-gentry.ads:1094:80: (style) this line is too long: 85 [-gnatyM]
gtk-gentry.ads:1100:80: (style) this line is too long: 83 [-gnatyM]
gtk-gentry.ads:1134:80: (style) this line is too long: 94 [-gnatyM]
gtk-gentry.ads:1212:80: (style) this line is too long: 81 [-gnatyM]
gtk-gentry.ads:1231:06: (style) trailing spaces not permitted [-gnatyb]
gtk-gentry.ads:1233:80: (style) this line is too long: 84 [-gnatyM]
gtk-gentry.ads:1236:80: (style) this line is too long: 95 [-gnatyM]
gtk-gentry.ads:1241:80: (style) this line is too long: 93 [-gnatyM]
gtk-gentry.ads:1257:06: (style) trailing spaces not permitted [-gnatyb]
gtk-gentry.ads:1274:06: (style) trailing spaces not permitted [-gnatyb]
gtk-gentry.ads:1303:80: (style) this line is too long: 85 [-gnatyM]
gtk-gentry.ads:1309:80: (style) this line is too long: 83 [-gnatyM]
gtk-gentry.ads:1340:06: (style) trailing spaces not permitted [-gnatyb]
gtk-gentry.ads:1342:80: (style) this line is too long: 82 [-gnatyM]
gtk-gentry.ads:1485:80: (style) this line is too long: 85 [-gnatyM]
gtk-gentry.ads:1487:80: (style) this line is too long: 87 [-gnatyM]
gtk-gentry.ads:1489:80: (style) this line is too long: 87 [-gnatyM]
gtk-gentry.ads:1493:80: (style) this line is too long: 83 [-gnatyM]
gtk-gentry.ads:1501:80: (style) this line is too long: 85 [-gnatyM]
gtk-gentry.ads:1509:80: (style) this line is too long: 83 [-gnatyM]
gtk-gentry.ads:1511:80: (style) this line is too long: 85 [-gnatyM]
gtk-gentry.ads:1513:80: (style) this line is too long: 85 [-gnatyM]
gtk-gentry.ads:1517:80: (style) this line is too long: 81 [-gnatyM]
gtk-gentry.ads:1525:80: (style) this line is too long: 83 [-gnatyM]
   [Ada]          gtk-handle_box.adb
gtk-gesture_rotate.ads:108:06: (style) trailing spaces not permitted [-gnatyb]
   [Ada]          gtk-file_filter.adb
gtk-cell_renderer_accel.ads:44:80: (style) this line is too long: 93 [-gnatyM]
gtk-cell_renderer_accel.ads:45:80: (style) this line is too long: 83 [-gnatyM]
gtk-cell_renderer_accel.ads:95:80: (style) this line is too long: 80 [-gnatyM]
gtk-cell_renderer_accel.ads:115:80: (style) this line is too long: 117 [-gnatyM]
gtk-cell_renderer_accel.ads:122:80: (style) this line is too long: 101 [-gnatyM]
gtk-cell_renderer_accel.ads:132:80: (style) this line is too long: 96 [-gnatyM]
gtk-cell_renderer_accel.ads:136:80: (style) this line is too long: 80 [-gnatyM]
gtk-cell_renderer_accel.ads:140:06: (style) trailing spaces not permitted [-gnatyb]
   [Ada]          gtk-accel_map.adb
gtk-file_filter.ads:91:80: (style) this line is too long: 91 [-gnatyM]
gtk-file_filter.ads:100:80: (style) this line is too long: 100 [-gnatyM]
gtk-file_filter.ads:112:80: (style) this line is too long: 88 [-gnatyM]
gtk-file_filter.ads:179:80: (style) this line is too long: 80 [-gnatyM]
   [Ada]          glib-application.adb
   [Ada]          gtk-separator.adb
   [Ada]          gtk-drawing_area.adb
   [Ada]          gtk-hbutton_box.adb
gtk-accel_map.ads:142:80: (style) this line is too long: 81 [-gnatyM]
gtk-accel_map.ads:184:80: (style) this line is too long: 81 [-gnatyM]
gtk-accel_map.ads:315:80: (style) this line is too long: 101 [-gnatyM]
gtk-accel_map.ads:321:80: (style) this line is too long: 95 [-gnatyM]
gtk-accel_map.ads:330:80: (style) this line is too long: 80 [-gnatyM]
gtk-accel_map.ads:340:06: (style) trailing spaces not permitted [-gnatyb]
   [Ada]          gtk-check_menu_item.adb
   [Ada]          gtk-tool_button.adb
   [Ada]          pango-font_map.adb
glib-application.ads:63:80: (style) this line is too long: 99 [-gnatyM]
glib-application.ads:131:80: (style) this line is too long: 112 [-gnatyM]
glib-application.ads:134:80: (style) this line is too long: 118 [-gnatyM]
glib-application.ads:137:80: (style) this line is too long: 122 [-gnatyM]
glib-application.ads:143:06: warning: unnecessary with of ancestor [-gnatwr]
glib-application.ads:173:80: (style) this line is too long: 80 [-gnatyM]
glib-application.ads:174:80: (style) this line is too long: 87 [-gnatyM]
glib-application.ads:182:80: (style) this line is too long: 82 [-gnatyM]
glib-application.ads:232:80: (style) this line is too long: 83 [-gnatyM]
glib-application.ads:514:80: (style) this line is too long: 84 [-gnatyM]
glib-application.ads:844:80: (style) this line is too long: 100 [-gnatyM]
glib-application.ads:862:80: (style) this line is too long: 82 [-gnatyM]
glib-application.ads:886:06: (style) trailing spaces not permitted [-gnatyb]
glib-application.ads:893:80: (style) this line is too long: 85 [-gnatyM]
glib-application.ads:938:06: (style) trailing spaces not permitted [-gnatyb]
glib-application.ads:942:07: (style) space required [-gnatyc]
glib-application.ads:943:07: (style) space required [-gnatyc]
glib-application.ads:944:07: (style) space required [-gnatyc]
glib-application.ads:954:06: (style) trailing spaces not permitted [-gnatyb]
glib-application.ads:1052:80: (style) this line is too long: 90 [-gnatyM]
   [Ada]          gtk-size_group.adb
   [Ada]          gtk-binding_set.adb
gtk-binding_set.ads:55:80: (style) this line is too long: 81 [-gnatyM]
   [Ada]          glib-utils.adb
   [Ada]          gtk-menu.adb
gtk-check_menu_item.ads:49:80: (style) this line is too long: 80 [-gnatyM]
gtk-check_menu_item.ads:255:80: (style) this line is too long: 86 [-gnatyM]
gtk-check_menu_item.ads:266:80: (style) this line is too long: 88 [-gnatyM]
gtk-check_menu_item.ads:277:80: (style) this line is too long: 84 [-gnatyM]
   [Ada]          pango-enums.adb
   [Ada]          glib-action_group.adb
gtk-tool_button.ads:362:80: (style) this line is too long: 80 [-gnatyM]
   [Ada]          glib-simple_action.adb
   [Ada]          gtk-entry_buffer.adb
glib-action_group.ads:74:06: warning: unnecessary with of ancestor [-gnatwr]
glib-action_group.ads:78:16: (style) space required [-gnatyt]
glib-action_group.ads:81:16: (style) space required [-gnatyt]
glib-action_group.ads:332:80: (style) this line is too long: 89 [-gnatyM]
glib-action_group.ads:343:06: (style) trailing spaces not permitted [-gnatyb]
glib-action_group.ads:372:80: (style) this line is too long: 85 [-gnatyM]
glib-action_group.ads:383:06: (style) trailing spaces not permitted [-gnatyb]
glib-action_group.ads:571:80: (style) this line is too long: 101 [-gnatyM]
glib-action_group.ads:627:80: (style) this line is too long: 99 [-gnatyM]
glib-action_group.ads:632:80: (style) this line is too long: 83 [-gnatyM]
glib-action_group.ads:637:80: (style) this line is too long: 95 [-gnatyM]
glib-action_group.ads:642:80: (style) this line is too long: 85 [-gnatyM]
glib-action_group.ads:647:80: (style) this line is too long: 93 [-gnatyM]
glib-action_group.ads:652:80: (style) this line is too long: 91 [-gnatyM]
glib-action_group.ads:657:80: (style) this line is too long: 105 [-gnatyM]
glib-action_group.ads:662:80: (style) this line is too long: 87 [-gnatyM]
glib-action_group.ads:667:80: (style) this line is too long: 97 [-gnatyM]
glib-action_group.ads:672:80: (style) this line is too long: 97 [-gnatyM]
glib-action_group.ads:692:01: (style) incorrect layout [-gnatyl]
   [Ada]          gtk-hsv.adb
glib-simple_action.ads:35:06: warning: unnecessary with of ancestor [-gnatwr]
   [Ada]          gtk-notebook.adb
gtk-menu.ads:92:80: (style) this line is too long: 105 [-gnatyM]
gtk-menu.ads:398:80: (style) this line is too long: 81 [-gnatyM]
gtk-menu.ads:406:80: (style) this line is too long: 80 [-gnatyM]
gtk-menu.ads:408:80: (style) this line is too long: 81 [-gnatyM]
gtk-menu.ads:409:80: (style) this line is too long: 81 [-gnatyM]
gtk-menu.ads:410:80: (style) this line is too long: 80 [-gnatyM]
gtk-menu.ads:411:80: (style) this line is too long: 82 [-gnatyM]
gtk-menu.ads:413:80: (style) this line is too long: 80 [-gnatyM]
gtk-menu.ads:414:80: (style) this line is too long: 81 [-gnatyM]
gtk-menu.ads:415:80: (style) this line is too long: 80 [-gnatyM]
gtk-menu.ads:416:80: (style) this line is too long: 80 [-gnatyM]
gtk-menu.ads:500:80: (style) this line is too long: 81 [-gnatyM]
gtk-menu.ads:508:80: (style) this line is too long: 80 [-gnatyM]
gtk-menu.ads:510:80: (style) this line is too long: 81 [-gnatyM]
gtk-menu.ads:511:80: (style) this line is too long: 81 [-gnatyM]
gtk-menu.ads:512:80: (style) this line is too long: 80 [-gnatyM]
gtk-menu.ads:513:80: (style) this line is too long: 82 [-gnatyM]
gtk-menu.ads:515:80: (style) this line is too long: 80 [-gnatyM]
gtk-menu.ads:516:80: (style) this line is too long: 81 [-gnatyM]
gtk-menu.ads:517:80: (style) this line is too long: 80 [-gnatyM]
gtk-menu.ads:518:80: (style) this line is too long: 80 [-gnatyM]
   [Ada]          pango-matrix.adb
pango-matrix.ads:86:80: (style) this line is too long: 82 [-gnatyM]
pango-matrix.ads:134:80: (style) this line is too long: 90 [-gnatyM]
   [Ada]          gtk-cell_layout.adb
gtk-entry_buffer.ads:223:06: (style) trailing spaces not permitted [-gnatyb]
gtk-entry_buffer.ads:228:80: (style) this line is too long: 85 [-gnatyM]
gtk-entry_buffer.ads:251:06: (style) trailing spaces not permitted [-gnatyb]
   [Ada]          glib-string.adb
gtk-cell_layout.ads:124:80: (style) this line is too long: 85 [-gnatyM]
gtk-cell_layout.ads:148:80: (style) this line is too long: 86 [-gnatyM]
gtk-cell_layout.ads:170:80: (style) this line is too long: 87 [-gnatyM]
gtk-cell_layout.ads:185:80: (style) this line is too long: 86 [-gnatyM]
gtk-cell_layout.ads:198:80: (style) this line is too long: 86 [-gnatyM]
gtk-cell_layout.ads:211:80: (style) this line is too long: 86 [-gnatyM]
gtk-cell_layout.ads:222:80: (style) this line is too long: 86 [-gnatyM]
gtk-cell_layout.ads:240:80: (style) this line is too long: 88 [-gnatyM]
gtk-cell_layout.ads:244:80: (style) this line is too long: 81 [-gnatyM]
gtk-cell_layout.ads:255:80: (style) this line is too long: 89 [-gnatyM]
gtk-cell_layout.ads:282:01: (style) incorrect layout [-gnatyl]
   [Ada]          gtk-spinner.adb
glib-string.ads:30:06: warning: unnecessary with of ancestor [-gnatwr]
   [Ada]          glib-action_map.adb
glib-action_map.ads:38:06: warning: unnecessary with of ancestor [-gnatwr]
glib-action_map.ads:44:16: (style) space required [-gnatyt]
glib-action_map.ads:46:16: (style) space required [-gnatyt]
glib-action_map.ads:177:80: (style) this line is too long: 98 [-gnatyM]
glib-action_map.ads:195:80: (style) this line is too long: 109 [-gnatyM]
glib-action_map.ads:221:01: (style) incorrect layout [-gnatyl]
glib-action_map.ads:232:01: (style) incorrect layout [-gnatyl]
   [Ada]          gtk-separator_menu_item.adb
gtk-hsv.ads:147:80: (style) this line is too long: 90 [-gnatyM]
   [Ada]          gtk-file_chooser_dialog.adb
   [Ada]          gtk-combo_box_text.adb
gtk-separator_menu_item.ads:44:80: (style) this line is too long: 84 [-gnatyM]
gtk-separator_menu_item.ads:45:80: (style) this line is too long: 83 [-gnatyM]
gtk-separator_menu_item.ads:132:80: (style) this line is too long: 94 [-gnatyM]
gtk-separator_menu_item.ads:143:80: (style) this line is too long: 96 [-gnatyM]
gtk-separator_menu_item.ads:154:80: (style) this line is too long: 92 [-gnatyM]
   [Ada]          gtk-icon_set.adb
gtk-notebook.ads:526:80: (style) this line is too long: 83 [-gnatyM]
gtk-notebook.ads:537:80: (style) this line is too long: 85 [-gnatyM]
gtk-notebook.ads:543:80: (style) this line is too long: 80 [-gnatyM]
gtk-notebook.ads:566:06: (style) trailing spaces not permitted [-gnatyb]
gtk-notebook.ads:634:06: (style) trailing spaces not permitted [-gnatyb]
gtk-notebook.ads:651:06: (style) trailing spaces not permitted [-gnatyb]
gtk-notebook.ads:668:06: (style) trailing spaces not permitted [-gnatyb]
gtk-notebook.ads:673:80: (style) this line is too long: 86 [-gnatyM]
gtk-notebook.ads:678:80: (style) this line is too long: 81 [-gnatyM]
gtk-notebook.ads:693:06: (style) trailing spaces not permitted [-gnatyb]
gtk-notebook.ads:726:06: (style) trailing spaces not permitted [-gnatyb]
   [Ada]          gtk-paned.adb
gtk-icon_set.ads:52:80: (style) this line is too long: 81 [-gnatyM]
gtk-icon_set.ads:183:80: (style) this line is too long: 82 [-gnatyM]
gtk-icon_set.ads:200:80: (style) this line is too long: 85 [-gnatyM]
gtk-icon_set.ads:237:80: (style) this line is too long: 80 [-gnatyM]
   [Ada]          gtk-action_bar.adb
gtk-file_chooser_dialog.ads:130:80: (style) this line is too long: 81 [-gnatyM]
gtk-file_chooser_dialog.ads:153:80: (style) this line is too long: 81 [-gnatyM]
gtk-file_chooser_dialog.ads:154:80: (style) this line is too long: 83 [-gnatyM]
gtk-file_chooser_dialog.ads:258:80: (style) this line is too long: 82 [-gnatyM]
gtk-file_chooser_dialog.ads:413:80: (style) this line is too long: 92 [-gnatyM]
gtk-file_chooser_dialog.ads:424:80: (style) this line is too long: 98 [-gnatyM]
   [Ada]          gtk-menu_bar.adb
gtk-combo_box_text.ads:81:80: (style) this line is too long: 85 [-gnatyM]
gtk-combo_box_text.ads:221:80: (style) this line is too long: 86 [-gnatyM]
gtk-combo_box_text.ads:239:80: (style) this line is too long: 88 [-gnatyM]
gtk-combo_box_text.ads:243:80: (style) this line is too long: 81 [-gnatyM]
gtk-combo_box_text.ads:253:80: (style) this line is too long: 91 [-gnatyM]
gtk-combo_box_text.ads:254:80: (style) this line is too long: 89 [-gnatyM]
gtk-combo_box_text.ads:288:80: (style) this line is too long: 86 [-gnatyM]
gtk-combo_box_text.ads:296:80: (style) this line is too long: 87 [-gnatyM]
gtk-combo_box_text.ads:304:80: (style) this line is too long: 86 [-gnatyM]
gtk-combo_box_text.ads:309:80: (style) this line is too long: 86 [-gnatyM]
gtk-combo_box_text.ads:314:80: (style) this line is too long: 86 [-gnatyM]
gtk-combo_box_text.ads:329:80: (style) this line is too long: 82 [-gnatyM]
gtk-combo_box_text.ads:340:80: (style) this line is too long: 90 [-gnatyM]
gtk-combo_box_text.ads:351:80: (style) this line is too long: 86 [-gnatyM]
   [Ada]          gtk-button.adb
   [Ada]          gtk-settings.adb
gtk-menu_bar.ads:128:80: (style) this line is too long: 82 [-gnatyM]
gtk-menu_bar.ads:157:80: (style) this line is too long: 84 [-gnatyM]
   [Ada]          gtk-table.adb
gtk-paned.ads:325:80: (style) this line is too long: 81 [-gnatyM]
gtk-paned.ads:364:80: (style) this line is too long: 83 [-gnatyM]
   [Ada]          gtk-style_properties.adb
   [Ada]          gtk-style.adb
gtk-style_properties.ads:165:80: (style) this line is too long: 96 [-gnatyM]
   [Ada]          gtk-tree_model.adb
gtk-button.ads:450:80: (style) this line is too long: 96 [-gnatyM]
   [Ada]          gtk-tree_drag_source.adb
gtk-settings.ads:167:80: (style) this line is too long: 85 [-gnatyM]
gtk-settings.ads:169:80: (style) this line is too long: 84 [-gnatyM]
gtk-settings.ads:174:80: (style) this line is too long: 90 [-gnatyM]
gtk-settings.ads:273:80: (style) this line is too long: 80 [-gnatyM]
gtk-settings.ads:277:80: (style) this line is too long: 87 [-gnatyM]
gtk-settings.ads:283:80: (style) this line is too long: 89 [-gnatyM]
gtk-settings.ads:287:80: (style) this line is too long: 87 [-gnatyM]
gtk-settings.ads:297:80: (style) this line is too long: 81 [-gnatyM]
gtk-settings.ads:304:80: (style) this line is too long: 85 [-gnatyM]
gtk-settings.ads:309:80: (style) this line is too long: 82 [-gnatyM]
gtk-settings.ads:320:80: (style) this line is too long: 80 [-gnatyM]
gtk-settings.ads:369:80: (style) this line is too long: 82 [-gnatyM]
gtk-settings.ads:392:80: (style) this line is too long: 88 [-gnatyM]
gtk-settings.ads:401:80: (style) this line is too long: 81 [-gnatyM]
gtk-settings.ads:411:80: (style) this line is too long: 81 [-gnatyM]
gtk-settings.ads:427:80: (style) this line is too long: 88 [-gnatyM]
gtk-settings.ads:431:80: (style) this line is too long: 81 [-gnatyM]
gtk-settings.ads:433:80: (style) this line is too long: 80 [-gnatyM]
gtk-settings.ads:435:80: (style) this line is too long: 80 [-gnatyM]
gtk-settings.ads:437:80: (style) this line is too long: 83 [-gnatyM]
gtk-settings.ads:445:80: (style) this line is too long: 87 [-gnatyM]
gtk-settings.ads:461:80: (style) this line is too long: 81 [-gnatyM]
gtk-settings.ads:467:80: (style) this line is too long: 81 [-gnatyM]
gtk-settings.ads:473:80: (style) this line is too long: 80 [-gnatyM]
gtk-settings.ads:485:80: (style) this line is too long: 84 [-gnatyM]
gtk-settings.ads:534:80: (style) this line is too long: 80 [-gnatyM]
gtk-settings.ads:561:80: (style) this line is too long: 81 [-gnatyM]
gtk-settings.ads:563:80: (style) this line is too long: 86 [-gnatyM]
gtk-settings.ads:565:80: (style) this line is too long: 80 [-gnatyM]
gtk-settings.ads:567:80: (style) this line is too long: 80 [-gnatyM]
gtk-settings.ads:569:80: (style) this line is too long: 82 [-gnatyM]
gtk-settings.ads:571:80: (style) this line is too long: 83 [-gnatyM]
gtk-settings.ads:573:80: (style) this line is too long: 83 [-gnatyM]
gtk-settings.ads:587:80: (style) this line is too long: 80 [-gnatyM]
gtk-settings.ads:589:80: (style) this line is too long: 85 [-gnatyM]
gtk-settings.ads:591:80: (style) this line is too long: 82 [-gnatyM]
gtk-settings.ads:593:80: (style) this line is too long: 82 [-gnatyM]
gtk-settings.ads:595:80: (style) this line is too long: 83 [-gnatyM]
gtk-settings.ads:597:80: (style) this line is too long: 90 [-gnatyM]
gtk-settings.ads:603:80: (style) this line is too long: 83 [-gnatyM]
gtk-settings.ads:605:80: (style) this line is too long: 83 [-gnatyM]
gtk-settings.ads:609:80: (style) this line is too long: 90 [-gnatyM]
gtk-settings.ads:625:80: (style) this line is too long: 84 [-gnatyM]
gtk-settings.ads:627:80: (style) this line is too long: 81 [-gnatyM]
gtk-settings.ads:629:80: (style) this line is too long: 81 [-gnatyM]
gtk-settings.ads:643:80: (style) this line is too long: 80 [-gnatyM]
gtk-settings.ads:647:80: (style) this line is too long: 82 [-gnatyM]
gtk-settings.ads:649:80: (style) this line is too long: 81 [-gnatyM]
gtk-settings.ads:653:80: (style) this line is too long: 84 [-gnatyM]
gtk-settings.ads:655:80: (style) this line is too long: 87 [-gnatyM]
gtk-settings.ads:659:80: (style) this line is too long: 83 [-gnatyM]
gtk-settings.ads:663:80: (style) this line is too long: 91 [-gnatyM]
gtk-settings.ads:665:80: (style) this line is too long: 82 [-gnatyM]
gtk-settings.ads:667:80: (style) this line is too long: 80 [-gnatyM]
gtk-settings.ads:673:80: (style) this line is too long: 80 [-gnatyM]
gtk-settings.ads:677:80: (style) this line is too long: 81 [-gnatyM]
gtk-settings.ads:695:80: (style) this line is too long: 80 [-gnatyM]
gtk-settings.ads:701:80: (style) this line is too long: 92 [-gnatyM]
gtk-settings.ads:703:80: (style) this line is too long: 86 [-gnatyM]
gtk-settings.ads:705:80: (style) this line is too long: 87 [-gnatyM]
   [Ada]          pango-fontset.adb
pango-fontset.ads:91:80: (style) this line is too long: 80 [-gnatyM]
   [Ada]          gtk-tree_store.adb
gtk-style.ads:199:80: (style) this line is too long: 94 [-gnatyM]
   [Ada]          gtk-text_view.adb
gtk-tree_drag_source.ads:159:80: (style) this line is too long: 81 [-gnatyM]
gtk-tree_drag_source.ads:164:80: (style) this line is too long: 91 [-gnatyM]
gtk-tree_drag_source.ads:169:80: (style) this line is too long: 85 [-gnatyM]
gtk-tree_drag_source.ads:174:80: (style) this line is too long: 85 [-gnatyM]
gtk-tree_drag_source.ads:179:01: (style) incorrect layout [-gnatyl]
   [Ada]          pango-font_family.adb
pango-font_family.ads:41:80: (style) this line is too long: 81 [-gnatyM]
   [Ada]          gtk-progress_bar.adb
gtk-tree_model.adb:1109:04: warning: use clause for private type "System.Address" has no effect [-gnatwu]
gtk-tree_model.ads:225:80: (style) this line is too long: 83 [-gnatyM]
gtk-tree_model.ads:810:80: (style) this line is too long: 81 [-gnatyM]
gtk-tree_model.ads:816:80: (style) this line is too long: 87 [-gnatyM]
gtk-tree_model.ads:821:80: (style) this line is too long: 80 [-gnatyM]
gtk-tree_model.ads:837:06: (style) trailing spaces not permitted [-gnatyb]
gtk-tree_model.ads:839:80: (style) this line is too long: 82 [-gnatyM]
gtk-tree_model.ads:841:80: (style) this line is too long: 80 [-gnatyM]
gtk-tree_model.ads:871:80: (style) this line is too long: 87 [-gnatyM]
gtk-tree_model.ads:883:06: (style) trailing spaces not permitted [-gnatyb]
gtk-tree_model.ads:886:80: (style) this line is too long: 84 [-gnatyM]
gtk-tree_model.ads:903:06: (style) trailing spaces not permitted [-gnatyb]
gtk-tree_model.ads:905:80: (style) this line is too long: 82 [-gnatyM]
gtk-tree_model.ads:906:80: (style) this line is too long: 84 [-gnatyM]
gtk-tree_model.ads:909:80: (style) this line is too long: 95 [-gnatyM]
gtk-tree_model.ads:915:80: (style) this line is too long: 88 [-gnatyM]
gtk-tree_model.ads:936:06: (style) trailing spaces not permitted [-gnatyb]
gtk-tree_model.ads:938:80: (style) this line is too long: 84 [-gnatyM]
gtk-tree_model.ads:940:80: (style) this line is too long: 80 [-gnatyM]
gtk-tree_model.ads:941:80: (style) this line is too long: 85 [-gnatyM]
gtk-tree_model.ads:943:80: (style) this line is too long: 83 [-gnatyM]
gtk-tree_model.ads:968:80: (style) this line is too long: 99 [-gnatyM]
gtk-tree_model.ads:985:80: (style) this line is too long: 96 [-gnatyM]
gtk-tree_model.ads:1090:80: (style) this line is too long: 97 [-gnatyM]
gtk-tree_model.ads:1119:80: (style) this line is too long: 101 [-gnatyM]
gtk-tree_model.ads:1174:80: (style) this line is too long: 99 [-gnatyM]
gtk-tree_model.ads:1189:80: (style) this line is too long: 83 [-gnatyM]
gtk-tree_model.ads:1224:80: (style) this line is too long: 81 [-gnatyM]
gtk-tree_model.ads:1229:80: (style) this line is too long: 83 [-gnatyM]
gtk-tree_model.ads:1239:80: (style) this line is too long: 81 [-gnatyM]
gtk-tree_model.ads:1269:80: (style) this line is too long: 95 [-gnatyM]
gtk-tree_model.ads:1279:80: (style) this line is too long: 81 [-gnatyM]
gtk-tree_model.ads:1288:01: (style) incorrect layout [-gnatyl]
gtk-tree_model.ads:1297:01: (style) incorrect layout [-gnatyl]
gtk-tree_model.ads:1302:01: (style) trailing spaces not permitted [-gnatyb]
gtk-tree_model.ads:1304:80: (style) this line is too long: 82 [-gnatyM]
   [Ada]          gtk-link_button.adb
gtk-progress_bar.ads:264:80: (style) this line is too long: 80 [-gnatyM]
   [Ada]          gtk-entry_completion.adb
gtk-tree_store.ads:60:80: (style) this line is too long: 81 [-gnatyM]
gtk-tree_store.ads:326:80: (style) this line is too long: 82 [-gnatyM]
gtk-tree_store.ads:362:80: (style) this line is too long: 82 [-gnatyM]
gtk-tree_store.ads:363:80: (style) this line is too long: 80 [-gnatyM]
gtk-tree_store.ads:366:80: (style) this line is too long: 82 [-gnatyM]
gtk-tree_store.ads:378:80: (style) this line is too long: 81 [-gnatyM]
gtk-tree_store.ads:416:80: (style) this line is too long: 82 [-gnatyM]
gtk-tree_store.ads:417:80: (style) this line is too long: 80 [-gnatyM]
gtk-tree_store.ads:420:80: (style) this line is too long: 82 [-gnatyM]
gtk-tree_store.ads:432:80: (style) this line is too long: 86 [-gnatyM]
gtk-tree_store.ads:730:80: (style) this line is too long: 84 [-gnatyM]
gtk-tree_store.ads:741:80: (style) this line is too long: 88 [-gnatyM]
gtk-tree_store.ads:763:80: (style) this line is too long: 82 [-gnatyM]
   [Ada]          gtk-cell_renderer_spinner.adb
gtk-cell_renderer_spinner.ads:47:80: (style) this line is too long: 90 [-gnatyM]
gtk-cell_renderer_spinner.ads:48:80: (style) this line is too long: 87 [-gnatyM]
   [Ada]          gtk-font_chooser_widget.adb
gtk-text_view.ads:72:80: (style) this line is too long: 84 [-gnatyM]
gtk-text_view.ads:130:80: (style) this line is too long: 90 [-gnatyM]
gtk-text_view.ads:694:80: (style) this line is too long: 80 [-gnatyM]
gtk-text_view.ads:839:80: (style) this line is too long: 102 [-gnatyM]
gtk-text_view.ads:899:80: (style) this line is too long: 81 [-gnatyM]
gtk-text_view.ads:919:06: (style) trailing spaces not permitted [-gnatyb]
gtk-text_view.ads:921:80: (style) this line is too long: 84 [-gnatyM]
gtk-text_view.ads:948:80: (style) this line is too long: 89 [-gnatyM]
gtk-text_view.ads:954:80: (style) this line is too long: 83 [-gnatyM]
gtk-text_view.ads:986:06: (style) trailing spaces not permitted [-gnatyb]
gtk-text_view.ads:988:80: (style) this line is too long: 82 [-gnatyM]
gtk-text_view.ads:1018:06: (style) trailing spaces not permitted [-gnatyb]
gtk-text_view.ads:1020:80: (style) this line is too long: 82 [-gnatyM]
gtk-text_view.ads:1130:80: (style) this line is too long: 87 [-gnatyM]
   [Ada]          gtk-scale_button.adb
gtk-link_button.ads:263:80: (style) this line is too long: 80 [-gnatyM]
   [Ada]          gdk-rgba.adb
gtk-font_chooser_widget.ads:56:80: (style) this line is too long: 83 [-gnatyM]
gtk-font_chooser_widget.ads:63:80: (style) this line is too long: 80 [-gnatyM]
gtk-font_chooser_widget.ads:109:80: (style) this line is too long: 83 [-gnatyM]
gtk-font_chooser_widget.ads:112:80: (style) this line is too long: 80 [-gnatyM]
gtk-font_chooser_widget.ads:120:80: (style) this line is too long: 99 [-gnatyM]
gtk-font_chooser_widget.ads:201:80: (style) this line is too long: 92 [-gnatyM]
gtk-font_chooser_widget.ads:212:80: (style) this line is too long: 98 [-gnatyM]
gtk-font_chooser_widget.ads:223:80: (style) this line is too long: 94 [-gnatyM]
   [Ada]          gtk-grid.adb
   [Ada]          gdk-drag_contexts.adb
gtk-entry_completion.ads:111:80: (style) this line is too long: 85 [-gnatyM]
gtk-entry_completion.ads:374:80: (style) this line is too long: 93 [-gnatyM]
gtk-entry_completion.ads:390:80: (style) this line is too long: 94 [-gnatyM]
gtk-entry_completion.ads:404:80: (style) this line is too long: 86 [-gnatyM]
gtk-entry_completion.ads:422:80: (style) this line is too long: 88 [-gnatyM]
gtk-entry_completion.ads:426:80: (style) this line is too long: 81 [-gnatyM]
gtk-entry_completion.ads:436:80: (style) this line is too long: 95 [-gnatyM]
gtk-entry_completion.ads:437:80: (style) this line is too long: 89 [-gnatyM]
gtk-entry_completion.ads:461:80: (style) this line is too long: 86 [-gnatyM]
gtk-entry_completion.ads:470:80: (style) this line is too long: 87 [-gnatyM]
gtk-entry_completion.ads:478:80: (style) this line is too long: 86 [-gnatyM]
gtk-entry_completion.ads:483:80: (style) this line is too long: 86 [-gnatyM]
gtk-entry_completion.ads:488:80: (style) this line is too long: 86 [-gnatyM]
gtk-entry_completion.ads:561:80: (style) this line is too long: 96 [-gnatyM]
gtk-entry_completion.ads:566:80: (style) this line is too long: 83 [-gnatyM]
gtk-entry_completion.ads:587:06: (style) trailing spaces not permitted [-gnatyb]
gtk-entry_completion.ads:590:80: (style) this line is too long: 84 [-gnatyM]
gtk-entry_completion.ads:619:06: (style) trailing spaces not permitted [-gnatyb]
gtk-entry_completion.ads:640:06: (style) trailing spaces not permitted [-gnatyb]
gtk-entry_completion.ads:643:80: (style) this line is too long: 84 [-gnatyM]
gtk-entry_completion.ads:676:80: (style) this line is too long: 86 [-gnatyM]
gtk-entry_completion.ads:687:80: (style) this line is too long: 90 [-gnatyM]
   [Ada]          gtk-recent_chooser_menu.adb
gdk-drag_contexts.ads:26:06: warning: unnecessary with of ancestor [-gnatwr]
gdk-drag_contexts.ads:72:80: (style) this line is too long: 80 [-gnatyM]
   [Ada]          gtk-gesture_pan.adb
   [Ada]          gtk-icon_theme.adb
gtk-scale_button.ads:120:80: (style) this line is too long: 80 [-gnatyM]
gtk-scale_button.ads:239:36: (style) space required [-gnatyt]
gtk-scale_button.ads:323:80: (style) this line is too long: 80 [-gnatyM]
gtk-scale_button.ads:334:80: (style) this line is too long: 82 [-gnatyM]
gtk-scale_button.ads:356:80: (style) this line is too long: 80 [-gnatyM]
   [Ada]          gtk-cell_view.adb
gtk-gesture_pan.ads:116:80: (style) this line is too long: 86 [-gnatyM]
gtk-gesture_pan.ads:138:06: (style) trailing spaces not permitted [-gnatyb]
   [Ada]          gtk-flow_box.adb
gtk-recent_chooser_menu.ads:66:80: (style) this line is too long: 83 [-gnatyM]
gtk-recent_chooser_menu.ads:112:80: (style) this line is too long: 85 [-gnatyM]
gtk-recent_chooser_menu.ads:115:80: (style) this line is too long: 85 [-gnatyM]
gtk-recent_chooser_menu.ads:129:80: (style) this line is too long: 84 [-gnatyM]
gtk-recent_chooser_menu.ads:190:80: (style) this line is too long: 102 [-gnatyM]
gtk-recent_chooser_menu.ads:247:80: (style) this line is too long: 83 [-gnatyM]
gtk-recent_chooser_menu.ads:343:80: (style) this line is too long: 83 [-gnatyM]
gtk-recent_chooser_menu.ads:381:80: (style) this line is too long: 96 [-gnatyM]
gtk-recent_chooser_menu.ads:392:80: (style) this line is too long: 92 [-gnatyM]
gtk-recent_chooser_menu.ads:403:80: (style) this line is too long: 102 [-gnatyM]
gtk-icon_theme.ads:124:80: (style) this line is too long: 88 [-gnatyM]
gtk-icon_theme.ads:627:80: (style) this line is too long: 87 [-gnatyM]
gtk-icon_theme.ads:734:80: (style) this line is too long: 104 [-gnatyM]
gtk-cell_view.ads:73:80: (style) this line is too long: 85 [-gnatyM]
gtk-cell_view.ads:103:80: (style) this line is too long: 93 [-gnatyM]
gtk-cell_view.ads:107:80: (style) this line is too long: 93 [-gnatyM]
gtk-cell_view.ads:123:80: (style) this line is too long: 90 [-gnatyM]
gtk-cell_view.ads:309:80: (style) this line is too long: 86 [-gnatyM]
gtk-cell_view.ads:327:80: (style) this line is too long: 88 [-gnatyM]
gtk-cell_view.ads:331:80: (style) this line is too long: 81 [-gnatyM]
gtk-cell_view.ads:341:80: (style) this line is too long: 81 [-gnatyM]
gtk-cell_view.ads:342:80: (style) this line is too long: 89 [-gnatyM]
gtk-cell_view.ads:366:80: (style) this line is too long: 86 [-gnatyM]
gtk-cell_view.ads:374:80: (style) this line is too long: 87 [-gnatyM]
gtk-cell_view.ads:382:80: (style) this line is too long: 86 [-gnatyM]
gtk-cell_view.ads:387:80: (style) this line is too long: 86 [-gnatyM]
gtk-cell_view.ads:392:80: (style) this line is too long: 86 [-gnatyM]
gtk-flow_box.ads:74:80: (style) this line is too long: 82 [-gnatyM]
gtk-flow_box.ads:82:80: (style) this line is too long: 81 [-gnatyM]
gtk-flow_box.ads:90:80: (style) this line is too long: 82 [-gnatyM]
gtk-flow_box.ads:91:80: (style) this line is too long: 82 [-gnatyM]
gtk-flow_box.ads:266:80: (style) this line is too long: 83 [-gnatyM]
gtk-flow_box.ads:286:80: (style) this line is too long: 88 [-gnatyM]
gtk-flow_box.ads:288:80: (style) this line is too long: 80 [-gnatyM]
gtk-flow_box.ads:327:80: (style) this line is too long: 88 [-gnatyM]
gtk-flow_box.ads:354:80: (style) this line is too long: 80 [-gnatyM]
gtk-flow_box.ads:384:80: (style) this line is too long: 88 [-gnatyM]
gtk-flow_box.ads:385:80: (style) this line is too long: 88 [-gnatyM]
gtk-flow_box.ads:412:80: (style) this line is too long: 80 [-gnatyM]
gtk-flow_box.ads:430:80: (style) this line is too long: 83 [-gnatyM]
gtk-flow_box.ads:456:80: (style) this line is too long: 81 [-gnatyM]
gtk-flow_box.ads:487:80: (style) this line is too long: 100 [-gnatyM]
gtk-flow_box.ads:492:80: (style) this line is too long: 87 [-gnatyM]
gtk-flow_box.ads:508:80: (style) this line is too long: 82 [-gnatyM]
gtk-flow_box.ads:512:80: (style) this line is too long: 82 [-gnatyM]
gtk-flow_box.ads:527:80: (style) this line is too long: 80 [-gnatyM]
gtk-flow_box.ads:561:06: (style) trailing spaces not permitted [-gnatyb]
gtk-flow_box.ads:563:80: (style) this line is too long: 82 [-gnatyM]
gtk-flow_box.ads:582:80: (style) this line is too long: 95 [-gnatyM]
gtk-flow_box.ads:598:80: (style) this line is too long: 83 [-gnatyM]
gtk-flow_box.ads:674:80: (style) this line is too long: 83 [-gnatyM]
Build Libraries
   [gprlib]       gtkada.lexch
   [archive]      libgtkada.a
   [index]        libgtkada.a
Bind
   [gprbind]      gdialog.bexch
   [Ada]          gdialog.ali
Link
   [link]         gdialog.adb
gnatprep -r -c -DHAVE_GL=False -DWIN32=False testgtk/opengl/view_gl.gpb testgtk/opengl/view_gl.adb
====== Building tests =====
cd testgtk; /root/.local/share/alire/toolchains/gprbuild_25.0.1_9a2e6cfb/bin/gprbuild  -j0 -m -p  -XLIBRARY_TYPE=static -Ptestgtk.gpr -aP ../src
Setup
   [mkdir]        object directory for project GtkAda_GL
   [mkdir]        library directory for project GtkAda_GL
Compile
   [Ada]          testgtk.adb
   [Ada]          test_rtree.adb
   [Ada]          gtk-glarea.ads
   [Ada]          global_exception_handler.adb
   [Ada]          main_windows.adb
   [Ada]          common.adb
   [Ada]          create_about.adb
   [Ada]          create_alignment.adb
   [Ada]          create_application.adb
   [Ada]          create_arrow.adb
   [Ada]          create_assistant.adb
   [Ada]          create_box.adb
   [Ada]          create_builder.adb
   [Ada]          create_button_box.adb
   [Ada]          create_buttons.adb
   [Ada]          create_cairo.adb
   [Ada]          create_calendar.adb
   [Ada]          create_canvas.adb
   [Ada]          create_canvas_view_animate.adb
   [Ada]          create_canvas_view_composite.adb
   [Ada]          create_canvas_view_edit.adb
   [Ada]          create_canvas_view_events.adb
   [Ada]          create_canvas_view_items.adb
   [Ada]          create_canvas_view_links.adb
   [Ada]          create_canvas_view_minimap.adb
   [Ada]          create_canvas_view_routes.adb
   [Ada]          create_canvas_view_rtrees.adb
   [Ada]          create_cell_view.adb
   [Ada]          create_check_buttons.adb
   [Ada]          create_clipboard.adb
   [Ada]          create_color_chooser.adb
   [Ada]          create_color_selection.adb
   [Ada]          create_combo_box.adb
   [Ada]          create_css_accordion.adb
   [Ada]          create_css_editor.adb
   [Ada]          create_cursors.adb
   [Ada]          create_dialog.adb
   [Ada]          create_dnd.adb
   [Ada]          create_entry.adb
   [Ada]          create_file_chooser.adb
   [Ada]          create_file_selection.adb
   [Ada]          create_fixed.adb
   [Ada]          create_flow_box.adb
   [Ada]          create_font_chooser.adb
   [Ada]          create_font_selection.adb
   [Ada]          create_frame.adb
   [Ada]          create_gestures.adb
   [Ada]          create_gtkada_builder.adb
   [Ada]          create_gtkada_dialog.adb
   [Ada]          create_icon_view.adb
   [Ada]          create_label.adb
   [Ada]          create_layout.adb
   [Ada]          create_link_buttons.adb
   [Ada]          create_main_loop.adb
   [Ada]          create_mdi.adb
   [Ada]          create_menu.adb
   [Ada]          create_notebook.adb
   [Ada]          create_opacity.adb
   [Ada]          create_paned.adb
   [Ada]          create_pixbuf.adb
   [Ada]          create_print.adb
   [Ada]          create_progress.adb
   [Ada]          create_radio_button.adb
   [Ada]          create_range.adb
   [Ada]          create_reparent.adb
   [Ada]          create_revealer.adb
   [Ada]          create_scrolled.adb
   [Ada]          create_selection.adb
   [Ada]          create_size_groups.adb
   [Ada]          create_sources.adb
   [Ada]          create_spin.adb
   [Ada]          create_spinners.adb
   [Ada]          create_splittable.adb
   [Ada]          create_stack.adb
   [Ada]          create_status.adb
   [Ada]          create_status_icons.adb
   [Ada]          create_task_monitor.adb
   [Ada]          create_test_idle.adb
   [Ada]          create_test_timeout.adb
   [Ada]          create_text_view.adb
   [Ada]          create_toggle_buttons.adb
   [Ada]          create_toolbar.adb
   [Ada]          create_tooltips.adb
   [Ada]          create_tree_filter.adb
   [Ada]          create_tree_view.adb
   [Ada]          create_ui_manager.adb
   [Ada]          libart_demo.adb
   [Ada]          view_gl.adb
   [Ada]          testcairo_drawing.adb
   [Ada]          task_worker.adb
Build Libraries
   [gprlib]       gtkada_gl.lexch
   [archive]      libgtkada_gl.a
   [index]        libgtkada_gl.a
Bind
   [gprbind]      testgtk.bexch
   [Ada]          testgtk.ali
   [gprbind]      test_rtree.bexch
   [Ada]          test_rtree.ali
Link
   [link]         testgtk.adb
   [link]         test_rtree.adb
/root/.local/share/alire/toolchains/gnat_native_15.2.1_4640d4b3/bin/../lib/gcc/x86_64-pc-linux-gnu/15.2.0/../../../../x86_64-pc-linux-gnu/bin/ld: warning: /root/.local/share/alire/builds/gtkada_21.0.0_3c1373c0/5b0a6c228d630e36e6dc7a2e55ab79e0ec87b01c42118c60761c64f4c6d5669c/testgtk/obj/create_css_accordion.o: requires executable stack (because the .note.GNU-stack section is executable)
/root/.local/share/alire/toolchains/gprbuild_25.0.1_9a2e6cfb/bin/gprinstall  -p -f --project-subdir=lib/gnat --build-var=GTKADA_BUILD,LIBRARY_TYPE --install-name=gtkada --prefix=install_dir -XGTK_PREFIX=install_dir -XLIBRARY_TYPE=static --build-name=static \
	--sources-subdir=include/gtkada/gtkada.static \
	--lib-subdir=lib/gtkada/gtkada.static \
	-Psrc/gtkada.gpr
Install project GtkAda - static
warning: file does not exist '/root/.local/share/alire/builds/gtkada_21.0.0_3c1373c0/5b0a6c228d630e36e6dc7a2e55ab79e0ec87b01c42118c60761c64f4c6d5669c/src/../docs/gtkada_ug/_build/html/*'
warning: file does not exist '/root/.local/share/alire/builds/gtkada_21.0.0_3c1373c0/5b0a6c228d630e36e6dc7a2e55ab79e0ec87b01c42118c60761c64f4c6d5669c/src/../docs/gtkada_ug/_build/latex/GtkAda.pdf'
/root/.local/share/alire/toolchains/gprbuild_25.0.1_9a2e6cfb/bin/gprinstall  -p -f --project-subdir=lib/gnat --build-var=GTKADA_BUILD,LIBRARY_TYPE --install-name=gtkada --prefix=install_dir -XGTK_PREFIX=install_dir -XLIBRARY_TYPE=static-pic --build-name=static-pic \
	--sources-subdir=include/gtkada/gtkada.static-pic \
	--lib-subdir=lib/gtkada/gtkada.static-pic \
	-Psrc/gtkada.gpr
Install project GtkAda - static-pic
warning: file does not exist '/root/.local/share/alire/builds/gtkada_21.0.0_3c1373c0/5b0a6c228d630e36e6dc7a2e55ab79e0ec87b01c42118c60761c64f4c6d5669c/src/../docs/gtkada_ug/_build/html/*'
warning: file does not exist '/root/.local/share/alire/builds/gtkada_21.0.0_3c1373c0/5b0a6c228d630e36e6dc7a2e55ab79e0ec87b01c42118c60761c64f4c6d5669c/src/../docs/gtkada_ug/_build/latex/GtkAda.pdf'
/root/.local/share/alire/toolchains/gprbuild_25.0.1_9a2e6cfb/bin/gprinstall  -p -f --project-subdir=lib/gnat --build-var=GTKADA_BUILD,LIBRARY_TYPE --install-name=gtkada --prefix=install_dir -XGTK_PREFIX=install_dir -XLIBRARY_TYPE=relocatable --build-name=relocatable \
	--sources-subdir=include/gtkada/gtkada.relocatable \
	--lib-subdir=lib/gtkada/gtkada.relocatable \
	-Psrc/gtkada.gpr
Install project GtkAda - relocatable
warning: file does not exist '/root/.local/share/alire/builds/gtkada_21.0.0_3c1373c0/5b0a6c228d630e36e6dc7a2e55ab79e0ec87b01c42118c60761c64f4c6d5669c/src/../docs/gtkada_ug/_build/html/*'
warning: file does not exist '/root/.local/share/alire/builds/gtkada_21.0.0_3c1373c0/5b0a6c228d630e36e6dc7a2e55ab79e0ec87b01c42118c60761c64f4c6d5669c/src/../docs/gtkada_ug/_build/latex/GtkAda.pdf'
/root/.local/share/alire/toolchains/gprbuild_25.0.1_9a2e6cfb/bin/gprinstall  -p -f --project-subdir=lib/gnat --build-var=GTKADA_BUILD,LIBRARY_TYPE --install-name=gtkada --prefix=install_dir -XGTK_PREFIX=install_dir -XLIBRARY_TYPE=static \
	--mode=usage -Psrc/tools/tools.gpr
Install project Tools
cd testgtk; /root/.local/share/alire/toolchains/gprbuild_25.0.1_9a2e6cfb/bin/gprinstall  -p -f --project-subdir=lib/gnat --build-var=GTKADA_BUILD,LIBRARY_TYPE --install-name=gtkada --prefix=install_dir -XGTK_PREFIX=install_dir -XLIBRARY_TYPE=static \
	--mode=usage --exec-subdir=install_dir/share/examples/gtkada/testgtk \
	-Ptestgtk.gpr -aP ../src
Install project TestGtk
-----------------------------------------------------------------------
--  GtkAda has now been installed.                                   --
--  To use the library, you may need to update LD_LIBRARY_PATH       --
--  or to run ldconfig. You may also need to update GPR_PROJECT_PATH --
--  to include                                                       --
--  install_dir/lib/gnat
-----------------------------------------------------------------------
Note: Building bingada=1.0.0/bingada.gpr...
Setup
   [mkdir]        object directory for project ASFML
   [mkdir]        library directory for project ASFML
   [mkdir]        object directory for project Bingada
   [mkdir]        exec directory for project Bingada
Compile
   [Ada]          bingada.adb
   [Ada]          sf-system-thread.ads
   [Ada]          sf-window-videomode.ads
   [Ada]          sf-graphics-circleshape.ads
   [Ada]          sf-window-glu.ads
   [Ada]          sf-graphics-sprite.ads
   [Ada]          sf-network-ftp.adb
   [Ada]          sf-system-inputstream.ads
   [Ada]          sf-window-vulkan.adb
   [Ada]          sf-window-mouse.ads
   [Ada]          sf-system-sleep.adb
   [Ada]          sf-window-windowbase.adb
   [Ada]          sf-graphics-glyph.ads
   [Ada]          sf-network-packet.adb
   [Ada]          sf-network-tcpsocket.ads
   [Ada]          sf-network-tcplistener.ads
   [Ada]          sf-system-vector2.ads
   [Ada]          sf-window-sensor.ads
   [Ada]          sf-graphics-vertex.ads
   [Ada]          sf-network-ipaddress.adb
   [Ada]          sf-graphics-vertexarray.ads
   [Ada]          sf-graphics-font.adb
   [Ada]          sf-window-keyboard.adb
   [Ada]          sf-network.ads
   [Ada]          sf-graphics-primitivetype.ads
   [Ada]          sf-system.ads
   [Ada]          sf-network-udpsocket.ads
   [Ada]          sf-audio-listener.ads
   [Ada]          sf-graphics-image.adb
   [Ada]          sf-graphics-shape.ads
   [Ada]          sf-window-touch.ads
   [Ada]          sf-graphics-fontinfo.ads
   [Ada]          sf-graphics-texture.adb
   [Ada]          sf-network-http.adb
   [Ada]          sf-graphics.ads
   [Ada]          sf-graphics-color.ads
   [Ada]          sf-graphics-view.ads
   [Ada]          sf-graphics-convexshape.ads
   [Ada]          sf-window-gl.ads
   [Ada]          sf-graphics-vertexbuffer.ads
   [Ada]          sf-graphics-glsl.ads
   [Ada]          sf-window-windowhandle.ads
   [Ada]          sf-system-mutex.ads
   [Ada]          sf-graphics-text.adb
   [Ada]          sf-graphics-renderwindow.adb
   [Ada]          sf-system-vector3.ads
   [Ada]          sf-network-socketstatus.ads
   [Ada]          sf-graphics-shader.adb
   [Ada]          sf-audio-soundbuffer.adb
   [Ada]          sf-audio-soundbufferrecorder.adb
   [Ada]          sf-window-joystick.ads
   [Ada]          sf-network-socketselector.ads
   [Ada]          sf-graphics-rect.ads
   [Ada]          sf-window-clipboard.adb
   [Ada]          sf-audio-soundstatus.ads
   [Ada]          sf-audio-sound.ads
   [Ada]          sf-graphics-blendmode.ads
   [Ada]          sf-graphics-renderstates.ads
   [Ada]          sf-system-clock.ads
   [Ada]          sf-window-event.ads
   [Ada]          sf-audio-music.adb
   [Ada]          sf-window.ads
   [Ada]          sf-audio.ads
   [Ada]          sf-window-window.adb
   [Ada]          sf.ads
   [Ada]          sf-audio-soundstream.ads
   [Ada]          sf-system-time.ads
   [Ada]          sf-audio-soundrecorder.adb
   [Ada]          sf-window-context.adb
   [Ada]          sf-window-cursor.ads
   [Ada]          sf-graphics-rendertexture.ads
   [Ada]          sf-system-buffer.ads
   [Ada]          sf-window-joystickidentification.ads
   [Ada]          sf-graphics-transformable.ads
   [Ada]          sf-graphics-transform.ads
   [Ada]          sf-graphics-rectangleshape.ads
   [Ada]          q_bingada.adb
q_bingada.adb:12:06: warning: renamed predefined unit is an obsolescent feature (RM J.1) [-gnatwj]
   [Ada]          q_bingo.ads
   [Ada]          q_bingo-q_bombo.adb
   [Ada]          q_bingo-q_gtk.ads
   [Ada]          q_bingo-q_gtk-q_intl.adb
   [Ada]          q_bingo_help.adb
   [Ada]          q_csv.adb
q_bingo-q_gtk-q_intl.adb:13:06: warning: renamed predefined unit is an obsolescent feature (RM J.1) [-gnatwj]
   [Ada]          q_csv-q_read_file.adb
   [Ada]          q_sound.adb
   [Ada]          q_gen_shuffle.adb
q_csv-q_read_file.adb:13:06: warning: renamed predefined unit is an obsolescent feature (RM J.1) [-gnatwj]
Build Libraries
   [gprlib]       asfml.lexch
   [archive]      libasfml.a
   [index]        libasfml.a
Bind
   [gprbind]      bingada.bexch
   [Ada]          bingada.ali
Link
   [link]         bingada.adb
Success: Build finished successfully in 353.15 seconds.
Found declared GPR file: bingada.gpr
[alr test] Test completed SUCCESSFULLY
