Test ran at 2026-06-12 14:03:33.510047+00:00

SOLUTION:
geste_examples=1.0.1: Example for the GESTE game engine
Origin: source archive GESTE_Examples-1.0.1.zip at https://github.com/Fabien-Chouteau/GESTE-examples/releases/download/v1.0.1/GESTE_Examples-1.0.1.zip with hash sha512:14248ed4296726bdd851acad9800320724f7d50d721336f48058d71eccfc670514cc841d0797af35b0d885bd13c7fa2af526419302f3912708d69e6df2694679
Properties:
   Author: Fabien Chouteau <fabien.chouteau@gmail.com>
   Description: Example for the GESTE game engine
   License: BSD-3-Clause
   Maintainer: fabien.chouteau@gmail.com
   Maintainers_Logins: Fabien-Chouteau
   Name: geste_examples
   Project_File: platformer/platformer.gpr
   Project_File: RPG/RPG.gpr
   Project_File: racing/racing.gpr
   Version: 1.0.1
   Website: https://github.com/Fabien-Chouteau/GESTE-examples
Dependencies (direct):
   geste^1.0.0
   sdlada^2.3.1
Dependencies (solution):
   geste=1.1.0
   libsdl2=2.28.5
   libsdl2_image=2.8.12
   libsdl2_mixer=2.8.0
   libsdl2_ttf=2.24.0
   make=4.4.1
   sdlada=2.5.20
Dependencies (graph):
   geste_examples=1.0.1 --> geste=1.1.0 (^1.0.0)
   geste_examples=1.0.1 --> sdlada=2.5.20 (^2.3.1)
   sdlada=2.5.20        --> libsdl2=2.28.5 (^2.0.0)
   sdlada=2.5.20        --> libsdl2_image=2.8.12 (^2.0.0)
   sdlada=2.5.20        --> libsdl2_mixer=2.8.0 (^2.0.0)
   sdlada=2.5.20        --> libsdl2_ttf=2.24.0 (^2.0.0)
   sdlada=2.5.20        --> make=4.4.1 (*)


LOG:
[alr test] Testing geste_examples=1.0.1
[alr test] Spawning retrieval for remote crate: alr -d -n get geste_examples=1.0.1
Note: Deploying geste_examples=1.0.1...

#=#=#                                                                          
######################################################################## 100.0%
Note: Deploying geste=1.1.0...

#=#=#                                                                          
###########################################                               59.8%
######################################################################## 100.0%
Note: Deploying libsdl2=2.28.5...
The system package 'SDL2-devel' is about to be installed.
This action might require admin privileges and impact your system installation.
Do you want Alire to install this system package?
Using default: Yes
Last metadata expiration check: 0:14:39 ago on Fri Jun 12 13:48:19 2026.
Dependencies resolved.
================================================================================
 Package                                Arch   Version          Repo       Size
================================================================================
Installing:
 SDL2-devel                             x86_64 2.28.5-6.el10    appstream 401 k
Installing dependencies:
 ModemManager-glib                      x86_64 1.22.0-7.el10    baseos    325 k
 SDL2                                   x86_64 2.28.5-6.el10    appstream 693 k
 adwaita-cursor-theme                   noarch 46.0-3.el10      appstream 524 k
 adwaita-icon-theme                     noarch 46.0-3.el10      appstream 457 k
 alsa-lib                               x86_64 1.2.15.3-2.el10  appstream 543 k
 at-spi2-atk                            x86_64 2.56.1-1.el10    appstream  88 k
 at-spi2-core                           x86_64 2.56.1-1.el10    appstream 389 k
 atk                                    x86_64 2.56.1-1.el10    appstream  81 k
 avahi-glib                             x86_64 0.9~rc2-3.el10   appstream  14 k
 avahi-libs                             x86_64 0.9~rc2-3.el10   baseos     67 k
 bluez-libs                             x86_64 5.86-2.el10      baseos     81 k
 cairo                                  x86_64 1.18.2-2.el10    appstream 713 k
 cairo-gobject                          x86_64 1.18.2-2.el10    appstream  18 k
 cmake-filesystem                       x86_64 3.31.8-1.el10    appstream  21 k
 colord-libs                            x86_64 1.4.7-6.el10     appstream 233 k
 cups-filesystem                        noarch 1:2.4.10-17.el10 baseos     11 k
 cups-libs                              x86_64 1:2.4.10-17.el10 baseos    260 k
 duktape                                x86_64 2.7.0-10.el10    baseos    170 k
 exempi                                 x86_64 2.6.4-7.el10     appstream 590 k
 exiv2-libs                             x86_64 0.28.3-5.el10    appstream 904 k
 fdk-aac-free                           x86_64 2.0.0-15.el10    appstream 339 k
 fftw-libs-single                       x86_64 3.3.10-15.el10   appstream 1.1 M
 flac-libs                              x86_64 1.4.3-6.el10     appstream 265 k
 fribidi                                x86_64 1.0.14-4.el10    appstream  93 k
 fuse-common                            x86_64 3.16.2-5.el10    baseos    9.7 k
 fuse3                                  x86_64 3.16.2-5.el10    baseos     59 k
 fuse3-libs                             x86_64 3.16.2-5.el10    baseos     95 k
 gdk-pixbuf2                            x86_64 2.42.12-5.el10   appstream 497 k
 gdk-pixbuf2-modules                    x86_64 2.42.12-5.el10   appstream  27 k
 geoclue2                               x86_64 2.7.2-1.el10     appstream 148 k
 giflib                                 x86_64 5.2.1-24.el10    appstream  52 k
 gnupg2                                 x86_64 2.4.5-4.el10     baseos    2.7 M
 gobject-introspection                  x86_64 1.79.1-6.el10    baseos    109 k
 gpgme                                  x86_64 1.23.2-6.el10    baseos    219 k
 gpgmepp                                x86_64 1.23.2-6.el10    appstream 141 k
 graphene                               x86_64 1.10.6-10.el10   appstream  62 k
 gsettings-desktop-schemas              x86_64 47.1-4.el10      baseos    784 k
 gsm                                    x86_64 1.0.22-8.el10    appstream  37 k
 gstreamer1                             x86_64 1.26.7-5.el10    appstream 1.7 M
 gstreamer1-plugins-base                x86_64 1.26.7-2.el10    appstream 2.3 M
 gtk-update-icon-cache                  x86_64 3.24.43-5.el10   appstream  33 k
 gtk3                                   x86_64 3.24.43-5.el10   appstream 5.6 M
 hicolor-icon-theme                     noarch 0.17-20.el10     appstream 219 k
 hwdata                                 noarch 0.379-10.8.el10  baseos    1.7 M
 inih                                   x86_64 58-3.el10        baseos     19 k
 inih-cpp                               x86_64 58-3.el10        appstream  20 k
 iso-codes                              noarch 4.16.0-6.el10    appstream 3.7 M
 jbigkit-libs                           x86_64 2.1-31.el10      appstream  54 k
 json-glib                              x86_64 1.8.0-5.el10     baseos    168 k
 kbd                                    x86_64 2.6.4-7.el10     baseos    407 k
 kbd-legacy                             noarch 2.6.4-7.el10     baseos    592 k
 kbd-misc                               noarch 2.6.4-7.el10     baseos    1.7 M
 kmod                                   x86_64 31-13.el10       baseos    136 k
 lame-libs                              x86_64 3.100-19.el10    appstream 339 k
 lcms2                                  x86_64 2.16-6.el10      appstream 182 k
 libX11-devel                           x86_64 1.8.13-1.el10    appstream 1.1 M
 libXau-devel                           x86_64 1.0.11-8.el10    appstream  15 k
 libXcomposite                          x86_64 0.4.6-5.el10     appstream  25 k
 libXcursor                             x86_64 1.2.1-9.el10     appstream  31 k
 libXdamage                             x86_64 1.1.6-5.el10     appstream  24 k
 libXext                                x86_64 1.3.6-3.el10     appstream  40 k
 libXfixes                              x86_64 6.0.1-5.el10     appstream  20 k
 libXft                                 x86_64 2.3.8-8.el10     appstream  73 k
 libXi                                  x86_64 1.8.1-7.el10     appstream  41 k
 libXinerama                            x86_64 1.1.5-8.el10     appstream  15 k
 libXrandr                              x86_64 1.5.4-5.el10     appstream  29 k
 libXrender                             x86_64 0.9.11-8.el10    appstream  29 k
 libXtst                                x86_64 1.2.4-8.el10     appstream  22 k
 libXv                                  x86_64 1.0.12-5.el10    appstream  20 k
 libXxf86vm                             x86_64 1.1.5-8.el10     appstream  19 k
 libassuan                              x86_64 2.5.6-6.el10     baseos     69 k
 libasyncns                             x86_64 0.8-30.el10      appstream  31 k
 libatomic                              x86_64 14.3.1-4.4.el10  baseos     49 k
 libcamera                              x86_64 0.6.0-1.el10     appstream 662 k
 libcanberra                            x86_64 0.30-37.el10     appstream  91 k
 libdatrie                              x86_64 0.2.13-11.el10   appstream  33 k
 libdecor                               x86_64 0.2.2-5.el10     appstream  59 k
 libdex                                 x86_64 0.8.1-1.el10     appstream  85 k
 libdrm                                 x86_64 2.4.128-1.el10   baseos    164 k
 libepoxy                               x86_64 1.5.10-10.el10   appstream 227 k
 libexif                                x86_64 0.6.24-10.el10   appstream 452 k
 libgcrypt                              x86_64 1.11.0-6.el10    baseos    587 k
 libgexiv2                              x86_64 0.14.3-3.el10    appstream 106 k
 libglvnd                               x86_64 1:1.7.0-7.el10   appstream 116 k
 libglvnd-core-devel                    x86_64 1:1.7.0-7.el10   appstream  18 k
 libglvnd-devel                         x86_64 1:1.7.0-7.el10   appstream 163 k
 libglvnd-egl                           x86_64 1:1.7.0-7.el10   appstream  37 k
 libglvnd-gles                          x86_64 1:1.7.0-7.el10   appstream  31 k
 libglvnd-glx                           x86_64 1:1.7.0-7.el10   appstream 132 k
 libglvnd-opengl                        x86_64 1:1.7.0-7.el10   appstream  39 k
 libgpg-error                           x86_64 1.50-2.el10      baseos    236 k
 libgsf                                 x86_64 1.14.53-2.el10   appstream 258 k
 libgudev                               x86_64 238-7.el10       baseos     36 k
 libgusb                                x86_64 0.4.9-4.el10     baseos     67 k
 libgxps                                x86_64 0.3.2-11.el10    appstream  77 k
 libicu                                 x86_64 74.2-5.el10      baseos     10 M
 libiptcdata                            x86_64 1.0.5-20.el10    appstream  62 k
 libjpeg-turbo                          x86_64 3.0.2-4.el10     appstream 252 k
 libksba                                x86_64 1.6.7-2.el10     baseos    159 k
 liblc3                                 x86_64 1.1.3-1.el10     appstream 104 k
 libldac                                x86_64 2.0.2.3-17.el10  appstream  42 k
 liblerc                                x86_64 4.0.0-8.el10     appstream 219 k
 libnotify                              x86_64 0.8.6-1.el10     appstream  53 k
 libogg                                 x86_64 2:1.3.5-10.el10  appstream  34 k
 libosinfo                              x86_64 1.11.0-8.el10    appstream 317 k
 libpciaccess                           x86_64 0.16-16.el10     baseos     28 k
 libportal                              x86_64 0.9.0-3.el10     appstream  84 k
 libproxy                               x86_64 0.5.5-4.el10     baseos     49 k
 librsvg2                               x86_64 2.57.1-9.el10    appstream 1.5 M
 libsbc                                 x86_64 2.0-7.el10       appstream  46 k
 libsndfile                             x86_64 1.2.2-7.el10     appstream 214 k
 libsoup3                               x86_64 3.6.6-1.el10     appstream 401 k
 libtdb                                 x86_64 1.4.14-100.el10  baseos     54 k
 libthai                                x86_64 0.1.29-10.el10   appstream 215 k
 libtheora                              x86_64 1:1.1.1-39.el10  appstream 170 k
 libtiff                                x86_64 4.6.0-8.el10     appstream 213 k
 libtool-ltdl                           x86_64 2.4.7-14.el10    appstream  35 k
 libtracker-sparql                      x86_64 3.7.3-4.el10     appstream 376 k
 liburing                               x86_64 2.12-1.el10      baseos     43 k
 libusb1                                x86_64 1.0.29-3.el10    baseos     77 k
 libvorbis                              x86_64 1:1.3.7-12.el10  appstream 189 k
 libwayland-client                      x86_64 1.24.0-1.el10    appstream  34 k
 libwayland-cursor                      x86_64 1.24.0-1.el10    appstream  19 k
 libwayland-egl                         x86_64 1.24.0-1.el10    appstream  12 k
 libwebp                                x86_64 1.3.2-10.el10    appstream 290 k
 libxcb-devel                           x86_64 1.17.0-3.el10    appstream 1.6 M
 libxkbcommon                           x86_64 1.7.0-4.el10     appstream 145 k
 libxshmfence                           x86_64 1.3.2-5.el10     appstream  13 k
 libxslt                                x86_64 1.1.39-9.el10    appstream 189 k
 linux-firmware-whence                  noarch 20260508-23.el10 baseos    135 k
 llvm-filesystem                        x86_64 22.1.1-1.el10    appstream  13 k
 llvm-libs                              x86_64 22.1.1-1.el10    appstream  59 M
 mesa-dri-drivers                       x86_64 25.2.7-5.el10    appstream  11 M
 mesa-filesystem                        x86_64 25.2.7-5.el10    appstream  10 k
 mesa-libEGL                            x86_64 25.2.7-5.el10    appstream 120 k
 mesa-libEGL-devel                      x86_64 25.2.7-5.el10    appstream  13 k
 mesa-libGL                             x86_64 25.2.7-5.el10    appstream 120 k
 mesa-libgbm                            x86_64 25.2.7-5.el10    appstream  16 k
 mpg123-libs                            x86_64 1.32.9-1.el10    appstream 353 k
 npth                                   x86_64 1.6-21.el10      baseos     26 k
 nspr                                   x86_64 4.36.0-8.el10    appstream 135 k
 nss                                    x86_64 3.112.0-8.el10   appstream 738 k
 nss-softokn                            x86_64 3.112.0-8.el10   appstream 404 k
 nss-softokn-freebl                     x86_64 3.112.0-8.el10   appstream 416 k
 nss-sysinit                            x86_64 3.112.0-8.el10   appstream  19 k
 nss-util                               x86_64 3.112.0-8.el10   appstream  85 k
 openjpeg2                              x86_64 2.5.2-5.el10     appstream 188 k
 opus                                   x86_64 1.4-6.el10       appstream 211 k
 orc                                    x86_64 0.4.39-2.el10    appstream 229 k
 osinfo-db                              noarch 20250606-2.el10  appstream 564 k
 osinfo-db-tools                        x86_64 1.11.0-8.el10    appstream  74 k
 pango                                  x86_64 1.54.0-4.el10    appstream 356 k
 pipewire-jack-audio-connection-kit-libs
                                        x86_64 1.4.11-1.el10    appstream 146 k
 pipewire-libs                          x86_64 1.4.11-1.el10    appstream 2.5 M
 pixman                                 x86_64 0.43.4-2.el10    appstream 286 k
 polkit                                 x86_64 125-6.el10       baseos    162 k
 polkit-libs                            x86_64 125-6.el10       baseos     67 k
 poppler                                x86_64 24.02.0-7.el10   appstream 1.2 M
 poppler-data                           noarch 0.4.11-9.el10    appstream 2.0 M
 poppler-glib                           x86_64 24.02.0-7.el10   appstream 190 k
 pulseaudio-libs                        x86_64 17.0-6.el10      appstream 706 k
 rtkit                                  x86_64 0.11-68.el10     appstream  57 k
 shared-mime-info                       x86_64 2.3-8.el10       baseos    592 k
 sound-theme-freedesktop                noarch 0.8-23.el10      appstream 383 k
 spirv-tools-libs                       x86_64 2026.1-1.el10    appstream 1.7 M
 systemd-udev                           x86_64 257-25.el10      baseos    2.3 M
 tracker                                x86_64 3.7.3-4.el10     appstream 644 k
 upower-libs                            x86_64 1.90.10-2.el10   appstream  60 k
 webrtc-audio-processing                x86_64 1.3-5.el10       appstream 527 k
 wireplumber                            x86_64 0.5.10-1.el10    appstream 121 k
 wireplumber-libs                       x86_64 0.5.10-1.el10    appstream 405 k
 xdg-desktop-portal                     x86_64 1.20.0-2.el10    appstream 532 k
 xkeyboard-config                       noarch 2.41-3.el10      appstream 1.0 M
 xorg-x11-proto-devel                   noarch 2024.1-3.el10    appstream 311 k
 xprop                                  x86_64 1.2.7-3.el10     appstream  36 k
Installing weak dependencies:
 dconf                                  x86_64 0.40.0-17.el10   appstream 114 k
 exiv2                                  x86_64 0.28.3-5.el10    appstream 2.1 M
 glib-networking                        x86_64 2.80.0-3.el10    baseos    204 k
 intel-vsc-firmware                     noarch 20260508-23.el10 baseos    7.8 M
 libcamera-ipa                          x86_64 0.6.0-1.el10     appstream 167 k
 libcanberra-gtk3                       x86_64 0.30-37.el10     appstream  33 k
 low-memory-monitor                     x86_64 2.1-12.el10      appstream  35 k
 pipewire                               x86_64 1.4.11-1.el10    appstream 132 k
 pipewire-alsa                          x86_64 1.4.11-1.el10    appstream  57 k
 pipewire-jack-audio-connection-kit     x86_64 1.4.11-1.el10    appstream 8.8 k
 pipewire-plugin-libcamera              x86_64 1.4.11-1.el10    appstream  72 k
 pipewire-pulseaudio                    x86_64 1.4.11-1.el10    appstream 211 k
 polkit-pkla-compat                     x86_64 0.1-30.el10      baseos     48 k
 rsvg-pixbuf-loader                     x86_64 2.57.1-9.el10    appstream  16 k
 tracker-miners                         x86_64 3.7.4-1.el10     appstream 982 k
 upower                                 x86_64 1.90.10-2.el10   appstream 147 k
 xdg-desktop-portal-gtk                 x86_64 1.15.3-1.el10    appstream 145 k

Transaction Summary
================================================================================
Install  193 Packages

Total download size: 156 M
Installed size: 590 M
Downloading Packages:
(1/193): avahi-libs-0.9~rc2-3.el10.x86_64.rpm   178 kB/s |  67 kB     00:00    
(2/193): bluez-libs-5.86-2.el10.x86_64.rpm      203 kB/s |  81 kB     00:00    
(3/193): cups-filesystem-2.4.10-17.el10.noarch. 120 kB/s |  11 kB     00:00    
(4/193): ModemManager-glib-1.22.0-7.el10.x86_64 550 kB/s | 325 kB     00:00    
(5/193): cups-libs-2.4.10-17.el10.x86_64.rpm    963 kB/s | 260 kB     00:00    
(6/193): fuse-common-3.16.2-5.el10.x86_64.rpm   117 kB/s | 9.7 kB     00:00    
(7/193): duktape-2.7.0-10.el10.x86_64.rpm       713 kB/s | 170 kB     00:00    
(8/193): fuse3-3.16.2-5.el10.x86_64.rpm         633 kB/s |  59 kB     00:00    
(9/193): fuse3-libs-3.16.2-5.el10.x86_64.rpm    923 kB/s |  95 kB     00:00    
(10/193): glib-networking-2.80.0-3.el10.x86_64. 1.2 MB/s | 204 kB     00:00    
(11/193): gobject-introspection-1.79.1-6.el10.x 1.0 MB/s | 109 kB     00:00    
(12/193): gpgme-1.23.2-6.el10.x86_64.rpm        1.8 MB/s | 219 kB     00:00    
(13/193): gsettings-desktop-schemas-47.1-4.el10 2.6 MB/s | 784 kB     00:00    
(14/193): inih-58-3.el10.x86_64.rpm             232 kB/s |  19 kB     00:00    
(15/193): hwdata-0.379-10.8.el10.noarch.rpm     4.9 MB/s | 1.7 MB     00:00    
(16/193): gnupg2-2.4.5-4.el10.x86_64.rpm        4.6 MB/s | 2.7 MB     00:00    
(17/193): json-glib-1.8.0-5.el10.x86_64.rpm     1.9 MB/s | 168 kB     00:00    
(18/193): kbd-2.6.4-7.el10.x86_64.rpm           4.2 MB/s | 407 kB     00:00    
(19/193): kbd-legacy-2.6.4-7.el10.noarch.rpm    5.6 MB/s | 592 kB     00:00    
(20/193): kbd-misc-2.6.4-7.el10.noarch.rpm      9.5 MB/s | 1.7 MB     00:00    
(21/193): kmod-31-13.el10.x86_64.rpm            1.5 MB/s | 136 kB     00:00    
(22/193): libassuan-2.5.6-6.el10.x86_64.rpm     829 kB/s |  69 kB     00:00    
(23/193): libatomic-14.3.1-4.4.el10.x86_64.rpm  591 kB/s |  49 kB     00:00    
(24/193): intel-vsc-firmware-20260508-23.el10.n  15 MB/s | 7.8 MB     00:00    
(25/193): libdrm-2.4.128-1.el10.x86_64.rpm      1.6 MB/s | 164 kB     00:00    
(26/193): libgcrypt-1.11.0-6.el10.x86_64.rpm    5.7 MB/s | 587 kB     00:00    
(27/193): libgpg-error-1.50-2.el10.x86_64.rpm   2.8 MB/s | 236 kB     00:00    
(28/193): libgudev-238-7.el10.x86_64.rpm        428 kB/s |  36 kB     00:00    
(29/193): libgusb-0.4.9-4.el10.x86_64.rpm       810 kB/s |  67 kB     00:00    
(30/193): libpciaccess-0.16-16.el10.x86_64.rpm  342 kB/s |  28 kB     00:00    
(31/193): libksba-1.6.7-2.el10.x86_64.rpm       1.7 MB/s | 159 kB     00:00    
(32/193): libproxy-0.5.5-4.el10.x86_64.rpm      600 kB/s |  49 kB     00:00    
(33/193): libtdb-1.4.14-100.el10.x86_64.rpm     656 kB/s |  54 kB     00:00    
(34/193): liburing-2.12-1.el10.x86_64.rpm       525 kB/s |  43 kB     00:00    
(35/193): libusb1-1.0.29-3.el10.x86_64.rpm      917 kB/s |  77 kB     00:00    
(36/193): linux-firmware-whence-20260508-23.el1 1.6 MB/s | 135 kB     00:00    
(37/193): npth-1.6-21.el10.x86_64.rpm           313 kB/s |  26 kB     00:00    
(38/193): libicu-74.2-5.el10.x86_64.rpm          29 MB/s |  10 MB     00:00    
(39/193): polkit-125-6.el10.x86_64.rpm          1.9 MB/s | 162 kB     00:00    
(40/193): polkit-libs-125-6.el10.x86_64.rpm     809 kB/s |  67 kB     00:00    
(41/193): polkit-pkla-compat-0.1-30.el10.x86_64 587 kB/s |  48 kB     00:00    
(42/193): shared-mime-info-2.3-8.el10.x86_64.rp 6.2 MB/s | 592 kB     00:00    
(43/193): SDL2-devel-2.28.5-6.el10.x86_64.rpm   3.9 MB/s | 401 kB     00:00    
(44/193): systemd-udev-257-25.el10.x86_64.rpm    11 MB/s | 2.3 MB     00:00    
(45/193): SDL2-2.28.5-6.el10.x86_64.rpm         3.6 MB/s | 693 kB     00:00    
(46/193): adwaita-cursor-theme-46.0-3.el10.noar  12 MB/s | 524 kB     00:00    
(47/193): alsa-lib-1.2.15.3-2.el10.x86_64.rpm    18 MB/s | 543 kB     00:00    
(48/193): at-spi2-atk-2.56.1-1.el10.x86_64.rpm  5.4 MB/s |  88 kB     00:00    
(49/193): at-spi2-core-2.56.1-1.el10.x86_64.rpm  20 MB/s | 389 kB     00:00    
(50/193): atk-2.56.1-1.el10.x86_64.rpm          5.7 MB/s |  81 kB     00:00    
(51/193): avahi-glib-0.9~rc2-3.el10.x86_64.rpm  1.2 MB/s |  14 kB     00:00    
(52/193): cairo-gobject-1.18.2-2.el10.x86_64.rp 1.4 MB/s |  18 kB     00:00    
(53/193): cairo-1.18.2-2.el10.x86_64.rpm         20 MB/s | 713 kB     00:00    
(54/193): cmake-filesystem-3.31.8-1.el10.x86_64 1.6 MB/s |  21 kB     00:00    
(55/193): adwaita-icon-theme-46.0-3.el10.noarch 4.5 MB/s | 457 kB     00:00    
(56/193): colord-libs-1.4.7-6.el10.x86_64.rpm    15 MB/s | 233 kB     00:00    
(57/193): dconf-0.40.0-17.el10.x86_64.rpm       6.9 MB/s | 114 kB     00:00    
(58/193): exiv2-libs-0.28.3-5.el10.x86_64.rpm    34 MB/s | 904 kB     00:00    
(59/193): exempi-2.6.4-7.el10.x86_64.rpm         15 MB/s | 590 kB     00:00    
(60/193): exiv2-0.28.3-5.el10.x86_64.rpm         48 MB/s | 2.1 MB     00:00    
(61/193): fdk-aac-free-2.0.0-15.el10.x86_64.rpm  21 MB/s | 339 kB     00:00    
(62/193): flac-libs-1.4.3-6.el10.x86_64.rpm      18 MB/s | 265 kB     00:00    
(63/193): fribidi-1.0.14-4.el10.x86_64.rpm      6.1 MB/s |  93 kB     00:00    
(64/193): fftw-libs-single-3.3.10-15.el10.x86_6  23 MB/s | 1.1 MB     00:00    
(65/193): gdk-pixbuf2-2.42.12-5.el10.x86_64.rpm  21 MB/s | 497 kB     00:00    
(66/193): gdk-pixbuf2-modules-2.42.12-5.el10.x8 1.2 MB/s |  27 kB     00:00    
(67/193): geoclue2-2.7.2-1.el10.x86_64.rpm       11 MB/s | 148 kB     00:00    
(68/193): giflib-5.2.1-24.el10.x86_64.rpm       4.1 MB/s |  52 kB     00:00    
(69/193): gpgmepp-1.23.2-6.el10.x86_64.rpm      9.2 MB/s | 141 kB     00:00    
(70/193): graphene-1.10.6-10.el10.x86_64.rpm    4.8 MB/s |  62 kB     00:00    
(71/193): gsm-1.0.22-8.el10.x86_64.rpm          2.9 MB/s |  37 kB     00:00    
(72/193): gtk-update-icon-cache-3.24.43-5.el10. 2.6 MB/s |  33 kB     00:00    
(73/193): gstreamer1-1.26.7-5.el10.x86_64.rpm    52 MB/s | 1.7 MB     00:00    
(74/193): gstreamer1-plugins-base-1.26.7-2.el10  58 MB/s | 2.3 MB     00:00    
(75/193): hicolor-icon-theme-0.17-20.el10.noarc  12 MB/s | 219 kB     00:00    
(76/193): inih-cpp-58-3.el10.x86_64.rpm         1.6 MB/s |  20 kB     00:00    
(77/193): gtk3-3.24.43-5.el10.x86_64.rpm         72 MB/s | 5.6 MB     00:00    
(78/193): iso-codes-4.16.0-6.el10.noarch.rpm     63 MB/s | 3.7 MB     00:00    
(79/193): jbigkit-libs-2.1-31.el10.x86_64.rpm   1.1 MB/s |  54 kB     00:00    
(80/193): lame-libs-3.100-19.el10.x86_64.rpm     22 MB/s | 339 kB     00:00    
(81/193): lcms2-2.16-6.el10.x86_64.rpm           12 MB/s | 182 kB     00:00    
(82/193): libXau-devel-1.0.11-8.el10.x86_64.rpm 1.2 MB/s |  15 kB     00:00    
(83/193): libX11-devel-1.8.13-1.el10.x86_64.rpm  44 MB/s | 1.1 MB     00:00    
(84/193): libXcomposite-0.4.6-5.el10.x86_64.rpm 2.1 MB/s |  25 kB     00:00    
(85/193): libXcursor-1.2.1-9.el10.x86_64.rpm    2.5 MB/s |  31 kB     00:00    
(86/193): libXdamage-1.1.6-5.el10.x86_64.rpm    2.0 MB/s |  24 kB     00:00    
(87/193): libXext-1.3.6-3.el10.x86_64.rpm       3.2 MB/s |  40 kB     00:00    
(88/193): libXfixes-6.0.1-5.el10.x86_64.rpm     1.7 MB/s |  20 kB     00:00    
(89/193): libXft-2.3.8-8.el10.x86_64.rpm        5.8 MB/s |  73 kB     00:00    
(90/193): libXi-1.8.1-7.el10.x86_64.rpm         3.2 MB/s |  41 kB     00:00    
(91/193): libXinerama-1.1.5-8.el10.x86_64.rpm   1.2 MB/s |  15 kB     00:00    
(92/193): libXrender-0.9.11-8.el10.x86_64.rpm   2.0 MB/s |  29 kB     00:00    
(93/193): libXrandr-1.5.4-5.el10.x86_64.rpm     1.7 MB/s |  29 kB     00:00    
(94/193): libXtst-1.2.4-8.el10.x86_64.rpm       1.7 MB/s |  22 kB     00:00    
(95/193): libXv-1.0.12-5.el10.x86_64.rpm        1.6 MB/s |  20 kB     00:00    
(96/193): libXxf86vm-1.1.5-8.el10.x86_64.rpm    1.6 MB/s |  19 kB     00:00    
(97/193): libasyncns-0.8-30.el10.x86_64.rpm     2.5 MB/s |  31 kB     00:00    
(98/193): libcanberra-0.30-37.el10.x86_64.rpm   6.3 MB/s |  91 kB     00:00    
(99/193): libcamera-0.6.0-1.el10.x86_64.rpm      33 MB/s | 662 kB     00:00    
(100/193): libcamera-ipa-0.6.0-1.el10.x86_64.rp 8.2 MB/s | 167 kB     00:00    
(101/193): libcanberra-gtk3-0.30-37.el10.x86_64 2.5 MB/s |  33 kB     00:00    
(102/193): libdatrie-0.2.13-11.el10.x86_64.rpm  2.7 MB/s |  33 kB     00:00    
(103/193): libdecor-0.2.2-5.el10.x86_64.rpm     4.7 MB/s |  59 kB     00:00    
(104/193): libdex-0.8.1-1.el10.x86_64.rpm       5.9 MB/s |  85 kB     00:00    
(105/193): libepoxy-1.5.10-10.el10.x86_64.rpm    10 MB/s | 227 kB     00:00    
(106/193): libgexiv2-0.14.3-3.el10.x86_64.rpm   6.5 MB/s | 106 kB     00:00    
(107/193): libexif-0.6.24-10.el10.x86_64.rpm     15 MB/s | 452 kB     00:00    
(108/193): libglvnd-1.7.0-7.el10.x86_64.rpm     8.9 MB/s | 116 kB     00:00    
(109/193): libglvnd-core-devel-1.7.0-7.el10.x86 1.5 MB/s |  18 kB     00:00    
(110/193): libglvnd-devel-1.7.0-7.el10.x86_64.r  12 MB/s | 163 kB     00:00    
(111/193): libglvnd-egl-1.7.0-7.el10.x86_64.rpm 3.0 MB/s |  37 kB     00:00    
(112/193): libglvnd-gles-1.7.0-7.el10.x86_64.rp 2.4 MB/s |  31 kB     00:00    
(113/193): libglvnd-glx-1.7.0-7.el10.x86_64.rpm  10 MB/s | 132 kB     00:00    
(114/193): libglvnd-opengl-1.7.0-7.el10.x86_64. 3.2 MB/s |  39 kB     00:00    
(115/193): libgsf-1.14.53-2.el10.x86_64.rpm      17 MB/s | 258 kB     00:00    
(116/193): libgxps-0.3.2-11.el10.x86_64.rpm     6.1 MB/s |  77 kB     00:00    
(117/193): libiptcdata-1.0.5-20.el10.x86_64.rpm 4.8 MB/s |  62 kB     00:00    
(118/193): libjpeg-turbo-3.0.2-4.el10.x86_64.rp  17 MB/s | 252 kB     00:00    
(119/193): liblc3-1.1.3-1.el10.x86_64.rpm       7.8 MB/s | 104 kB     00:00    
(120/193): libldac-2.0.2.3-17.el10.x86_64.rpm   3.4 MB/s |  42 kB     00:00    
(121/193): liblerc-4.0.0-8.el10.x86_64.rpm       15 MB/s | 219 kB     00:00    
(122/193): libogg-1.3.5-10.el10.x86_64.rpm      2.5 MB/s |  34 kB     00:00    
(123/193): libnotify-0.8.6-1.el10.x86_64.rpm    3.4 MB/s |  53 kB     00:00    
(124/193): libportal-0.9.0-3.el10.x86_64.rpm    5.1 MB/s |  84 kB     00:00    
(125/193): libosinfo-1.11.0-8.el10.x86_64.rpm    14 MB/s | 317 kB     00:00    
(126/193): librsvg2-2.57.1-9.el10.x86_64.rpm     59 MB/s | 1.5 MB     00:00    
(127/193): libsbc-2.0-7.el10.x86_64.rpm         3.8 MB/s |  46 kB     00:00    
(128/193): libsndfile-1.2.2-7.el10.x86_64.rpm    15 MB/s | 214 kB     00:00    
(129/193): libsoup3-3.6.6-1.el10.x86_64.rpm      24 MB/s | 401 kB     00:00    
(130/193): libthai-0.1.29-10.el10.x86_64.rpm     13 MB/s | 215 kB     00:00    
(131/193): libtheora-1.1.1-39.el10.x86_64.rpm    12 MB/s | 170 kB     00:00    
(132/193): libtool-ltdl-2.4.7-14.el10.x86_64.rp 3.0 MB/s |  35 kB     00:00    
(133/193): libtiff-4.6.0-8.el10.x86_64.rpm       14 MB/s | 213 kB     00:00    
(134/193): libtracker-sparql-3.7.3-4.el10.x86_6  25 MB/s | 376 kB     00:00    
(135/193): libvorbis-1.3.7-12.el10.x86_64.rpm    13 MB/s | 189 kB     00:00    
(136/193): libwayland-client-1.24.0-1.el10.x86_ 2.8 MB/s |  34 kB     00:00    
(137/193): libwayland-cursor-1.24.0-1.el10.x86_ 919 kB/s |  19 kB     00:00    
(138/193): libwayland-egl-1.24.0-1.el10.x86_64. 817 kB/s |  12 kB     00:00    
(139/193): libwebp-1.3.2-10.el10.x86_64.rpm      16 MB/s | 290 kB     00:00    
(140/193): libxkbcommon-1.7.0-4.el10.x86_64.rpm 8.2 MB/s | 145 kB     00:00    
(141/193): libxcb-devel-1.17.0-3.el10.x86_64.rp  53 MB/s | 1.6 MB     00:00    
(142/193): libxshmfence-1.3.2-5.el10.x86_64.rpm 503 kB/s |  13 kB     00:00    
(143/193): libxslt-1.1.39-9.el10.x86_64.rpm      14 MB/s | 189 kB     00:00    
(144/193): llvm-filesystem-22.1.1-1.el10.x86_64 1.1 MB/s |  13 kB     00:00    
(145/193): low-memory-monitor-2.1-12.el10.x86_6 2.7 MB/s |  35 kB     00:00    
(146/193): mesa-filesystem-25.2.7-5.el10.x86_64 894 kB/s |  10 kB     00:00    
(147/193): mesa-libEGL-25.2.7-5.el10.x86_64.rpm 8.4 MB/s | 120 kB     00:00    
(148/193): mesa-libEGL-devel-25.2.7-5.el10.x86_ 893 kB/s |  13 kB     00:00    
(149/193): mesa-libGL-25.2.7-5.el10.x86_64.rpm  8.4 MB/s | 120 kB     00:00    
(150/193): mesa-dri-drivers-25.2.7-5.el10.x86_6 126 MB/s |  11 MB     00:00    
(151/193): mesa-libgbm-25.2.7-5.el10.x86_64.rpm 613 kB/s |  16 kB     00:00    
(152/193): nspr-4.36.0-8.el10.x86_64.rpm         11 MB/s | 135 kB     00:00    
(153/193): mpg123-libs-1.32.9-1.el10.x86_64.rpm  22 MB/s | 353 kB     00:00    
(154/193): nss-3.112.0-8.el10.x86_64.rpm         41 MB/s | 738 kB     00:00    
(155/193): nss-softokn-3.112.0-8.el10.x86_64.rp  22 MB/s | 404 kB     00:00    
(156/193): nss-softokn-freebl-3.112.0-8.el10.x8  31 MB/s | 416 kB     00:00    
(157/193): nss-sysinit-3.112.0-8.el10.x86_64.rp 1.6 MB/s |  19 kB     00:00    
(158/193): nss-util-3.112.0-8.el10.x86_64.rpm   7.6 MB/s |  85 kB     00:00    
(159/193): openjpeg2-2.5.2-5.el10.x86_64.rpm     12 MB/s | 188 kB     00:00    
(160/193): opus-1.4-6.el10.x86_64.rpm            15 MB/s | 211 kB     00:00    
(161/193): orc-0.4.39-2.el10.x86_64.rpm          16 MB/s | 229 kB     00:00    
(162/193): llvm-libs-22.1.1-1.el10.x86_64.rpm   217 MB/s |  59 MB     00:00    
(163/193): osinfo-db-tools-1.11.0-8.el10.x86_64 770 kB/s |  74 kB     00:00    
(164/193): osinfo-db-20250606-2.el10.noarch.rpm 5.3 MB/s | 564 kB     00:00    
(165/193): pango-1.54.0-4.el10.x86_64.rpm        22 MB/s | 356 kB     00:00    
(166/193): pipewire-1.4.11-1.el10.x86_64.rpm    8.3 MB/s | 132 kB     00:00    
(167/193): pipewire-alsa-1.4.11-1.el10.x86_64.r 3.8 MB/s |  57 kB     00:00    
(168/193): pipewire-jack-audio-connection-kit-1 771 kB/s | 8.8 kB     00:00    
(169/193): pipewire-jack-audio-connection-kit-l 8.3 MB/s | 146 kB     00:00    
(170/193): pipewire-plugin-libcamera-1.4.11-1.e 5.5 MB/s |  72 kB     00:00    
(171/193): pipewire-libs-1.4.11-1.el10.x86_64.r  74 MB/s | 2.5 MB     00:00    
(172/193): pipewire-pulseaudio-1.4.11-1.el10.x8  12 MB/s | 211 kB     00:00    
(173/193): pixman-0.43.4-2.el10.x86_64.rpm       19 MB/s | 286 kB     00:00    
(174/193): poppler-24.02.0-7.el10.x86_64.rpm     53 MB/s | 1.2 MB     00:00    
(175/193): poppler-data-0.4.11-9.el10.noarch.rp  74 MB/s | 2.0 MB     00:00    
(176/193): poppler-glib-24.02.0-7.el10.x86_64.r 7.5 MB/s | 190 kB     00:00    
(177/193): pulseaudio-libs-17.0-6.el10.x86_64.r  37 MB/s | 706 kB     00:00    
(178/193): rsvg-pixbuf-loader-2.57.1-9.el10.x86 1.2 MB/s |  16 kB     00:00    
(179/193): rtkit-0.11-68.el10.x86_64.rpm        4.0 MB/s |  57 kB     00:00    
(180/193): sound-theme-freedesktop-0.8-23.el10.  25 MB/s | 383 kB     00:00    
(181/193): tracker-3.7.3-4.el10.x86_64.rpm       32 MB/s | 644 kB     00:00    
(182/193): spirv-tools-libs-2026.1-1.el10.x86_6  65 MB/s | 1.7 MB     00:00    
(183/193): tracker-miners-3.7.4-1.el10.x86_64.r  47 MB/s | 982 kB     00:00    
(184/193): upower-1.90.10-2.el10.x86_64.rpm     9.6 MB/s | 147 kB     00:00    
(185/193): upower-libs-1.90.10-2.el10.x86_64.rp 4.6 MB/s |  60 kB     00:00    
(186/193): webrtc-audio-processing-1.3-5.el10.x  32 MB/s | 527 kB     00:00    
(187/193): wireplumber-0.5.10-1.el10.x86_64.rpm 6.0 MB/s | 121 kB     00:00    
(188/193): wireplumber-libs-0.5.10-1.el10.x86_6  21 MB/s | 405 kB     00:00    
(189/193): xdg-desktop-portal-1.20.0-2.el10.x86  33 MB/s | 532 kB     00:00    
(190/193): xdg-desktop-portal-gtk-1.15.3-1.el10  10 MB/s | 145 kB     00:00    
(191/193): xkeyboard-config-2.41-3.el10.noarch.  50 MB/s | 1.0 MB     00:00    
(192/193): xorg-x11-proto-devel-2024.1-3.el10.n  21 MB/s | 311 kB     00:00    
(193/193): xprop-1.2.7-3.el10.x86_64.rpm        2.7 MB/s |  36 kB     00:00    
--------------------------------------------------------------------------------
Total                                            36 MB/s | 156 MB     00:04     
Running transaction check
Transaction check succeeded.
Running transaction test
Transaction test succeeded.
Running transaction
  Preparing        :                                                        1/1 
  Installing       : libXext-1.3.6-3.el10.x86_64                          1/193 
  Installing       : avahi-libs-0.9~rc2-3.el10.x86_64                     2/193 
  Installing       : nspr-4.36.0-8.el10.x86_64                            3/193 
  Installing       : libjpeg-turbo-3.0.2-4.el10.x86_64                    4/193 
  Installing       : json-glib-1.8.0-5.el10.x86_64                        5/193 
  Installing       : libwayland-client-1.24.0-1.el10.x86_64               6/193 
  Installing       : libogg-2:1.3.5-10.el10.x86_64                        7/193 
  Installing       : libglvnd-1:1.7.0-7.el10.x86_64                       8/193 
  Installing       : libXrender-0.9.11-8.el10.x86_64                      9/193 
  Installing       : libgpg-error-1.50-2.el10.x86_64                     10/193 
  Installing       : libvorbis-1:1.3.7-12.el10.x86_64                    11/193 
  Installing       : nss-util-3.112.0-8.el10.x86_64                      12/193 
  Installing       : libXi-1.8.1-7.el10.x86_64                           13/193 
  Installing       : gstreamer1-1.26.7-5.el10.x86_64                     14/193 
  Installing       : alsa-lib-1.2.15.3-2.el10.x86_64                     15/193 
  Installing       : libassuan-2.5.6-6.el10.x86_64                       16/193 
  Installing       : libwayland-cursor-1.24.0-1.el10.x86_64              17/193 
  Installing       : avahi-glib-0.9~rc2-3.el10.x86_64                    18/193 
  Installing       : opus-1.4-6.el10.x86_64                              19/193 
  Installing       : libXfixes-6.0.1-5.el10.x86_64                       20/193 
  Installing       : lcms2-2.16-6.el10.x86_64                            21/193 
  Installing       : polkit-libs-125-6.el10.x86_64                       22/193 
  Installing       : libgudev-238-7.el10.x86_64                          23/193 
  Installing       : hwdata-0.379-10.8.el10.noarch                       24/193 
  Installing       : xorg-x11-proto-devel-2024.1-3.el10.noarch           25/193 
  Installing       : libwayland-egl-1.24.0-1.el10.x86_64                 26/193 
  Installing       : libtool-ltdl-2.4.7-14.el10.x86_64                   27/193 
  Installing       : fribidi-1.0.14-4.el10.x86_64                        28/193 
  Installing       : libusb1-1.0.29-3.el10.x86_64                        29/193 
  Installing       : libtdb-1.4.14-100.el10.x86_64                       30/193 
  Installing       : libicu-74.2-5.el10.x86_64                           31/193 
  Installing       : gsettings-desktop-schemas-47.1-4.el10.x86_64        32/193 
  Installing       : fuse3-libs-3.16.2-5.el10.x86_64                     33/193 
  Installing       : duktape-2.7.0-10.el10.x86_64                        34/193 
  Running scriptlet: polkit-125-6.el10.x86_64                            35/193 
  Installing       : polkit-125-6.el10.x86_64                            35/193 
  Running scriptlet: polkit-125-6.el10.x86_64                            35/193 
  Installing       : polkit-pkla-compat-0.1-30.el10.x86_64               36/193 
  Running scriptlet: rtkit-0.11-68.el10.x86_64                           37/193 
  Installing       : rtkit-0.11-68.el10.x86_64                           37/193 
  Running scriptlet: rtkit-0.11-68.el10.x86_64                           37/193 
Created symlink '/etc/systemd/system/graphical.target.wants/rtkit-daemon.service' → '/usr/lib/systemd/system/rtkit-daemon.service'.

  Installing       : libproxy-0.5.5-4.el10.x86_64                        38/193 
  Installing       : glib-networking-2.80.0-3.el10.x86_64                39/193 
  Installing       : libsoup3-3.6.6-1.el10.x86_64                        40/193 
  Installing       : osinfo-db-tools-1.11.0-8.el10.x86_64                41/193 
  Installing       : libgusb-0.4.9-4.el10.x86_64                         42/193 
  Installing       : colord-libs-1.4.7-6.el10.x86_64                     43/193 
  Installing       : libXau-devel-1.0.11-8.el10.x86_64                   44/193 
  Installing       : libxcb-devel-1.17.0-3.el10.x86_64                   45/193 
  Installing       : libX11-devel-1.8.13-1.el10.x86_64                   46/193 
  Installing       : libpciaccess-0.16-16.el10.x86_64                    47/193 
  Installing       : libdrm-2.4.128-1.el10.x86_64                        48/193 
  Installing       : osinfo-db-20250606-2.el10.noarch                    49/193 
  Installing       : libXcursor-1.2.1-9.el10.x86_64                      50/193 
  Installing       : libXdamage-1.1.6-5.el10.x86_64                      51/193 
  Installing       : libXtst-1.2.4-8.el10.x86_64                         52/193 
  Installing       : nss-softokn-freebl-3.112.0-8.el10.x86_64            53/193 
  Installing       : nss-softokn-3.112.0-8.el10.x86_64                   54/193 
  Installing       : nss-3.112.0-8.el10.x86_64                           55/193 
  Running scriptlet: nss-3.112.0-8.el10.x86_64                           55/193 
  Installing       : nss-sysinit-3.112.0-8.el10.x86_64                   56/193 
  Installing       : libgcrypt-1.11.0-6.el10.x86_64                      57/193 
  Installing       : libksba-1.6.7-2.el10.x86_64                         58/193 
  Installing       : libXft-2.3.8-8.el10.x86_64                          59/193 
  Installing       : libXrandr-1.5.4-5.el10.x86_64                       60/193 
  Installing       : libglvnd-opengl-1:1.7.0-7.el10.x86_64               61/193 
  Installing       : flac-libs-1.4.3-6.el10.x86_64                       62/193 
  Installing       : libtheora-1:1.1.1-39.el10.x86_64                    63/193 
  Installing       : libXinerama-1.1.5-8.el10.x86_64                     64/193 
  Installing       : libXv-1.0.12-5.el10.x86_64                          65/193 
  Installing       : libXxf86vm-1.1.5-8.el10.x86_64                      66/193 
  Installing       : xprop-1.2.7-3.el10.x86_64                           67/193 
  Installing       : at-spi2-core-2.56.1-1.el10.x86_64                   68/193 
  Installing       : atk-2.56.1-1.el10.x86_64                            69/193 
  Installing       : at-spi2-atk-2.56.1-1.el10.x86_64                    70/193 
  Installing       : xkeyboard-config-2.41-3.el10.noarch                 71/193 
  Installing       : libxkbcommon-1.7.0-4.el10.x86_64                    72/193 
  Installing       : webrtc-audio-processing-1.3-5.el10.x86_64           73/193 
  Installing       : spirv-tools-libs-2026.1-1.el10.x86_64               74/193 
  Installing       : sound-theme-freedesktop-0.8-23.el10.noarch          75/193 
  Running scriptlet: sound-theme-freedesktop-0.8-23.el10.noarch          75/193 
  Installing       : poppler-data-0.4.11-9.el10.noarch                   76/193 
  Installing       : pixman-0.43.4-2.el10.x86_64                         77/193 
  Installing       : cairo-1.18.2-2.el10.x86_64                          78/193 
  Installing       : cairo-gobject-1.18.2-2.el10.x86_64                  79/193 
  Installing       : orc-0.4.39-2.el10.x86_64                            80/193 
  Installing       : openjpeg2-2.5.2-5.el10.x86_64                       81/193 
  Installing       : mpg123-libs-1.32.9-1.el10.x86_64                    82/193 
  Installing       : mesa-filesystem-25.2.7-5.el10.x86_64                83/193 
  Installing       : low-memory-monitor-2.1-12.el10.x86_64               84/193 
  Running scriptlet: low-memory-monitor-2.1-12.el10.x86_64               84/193 
  Installing       : llvm-filesystem-22.1.1-1.el10.x86_64                85/193 
  Installing       : llvm-libs-22.1.1-1.el10.x86_64                      86/193 
  Installing       : libxslt-1.1.39-9.el10.x86_64                        87/193 
  Installing       : libosinfo-1.11.0-8.el10.x86_64                      88/193 
  Installing       : libxshmfence-1.3.2-5.el10.x86_64                    89/193 
  Installing       : mesa-dri-drivers-25.2.7-5.el10.x86_64               90/193 
  Installing       : mesa-libgbm-25.2.7-5.el10.x86_64                    91/193 
  Installing       : libglvnd-egl-1:1.7.0-7.el10.x86_64                  92/193 
  Installing       : mesa-libEGL-25.2.7-5.el10.x86_64                    93/193 
  Installing       : libglvnd-gles-1:1.7.0-7.el10.x86_64                 94/193 
  Installing       : libglvnd-glx-1:1.7.0-7.el10.x86_64                  95/193 
  Installing       : mesa-libGL-25.2.7-5.el10.x86_64                     96/193 
  Installing       : libwebp-1.3.2-10.el10.x86_64                        97/193 
  Installing       : libsbc-2.0-7.el10.x86_64                            98/193 
  Installing       : libportal-0.9.0-3.el10.x86_64                       99/193 
  Installing       : liblerc-4.0.0-8.el10.x86_64                        100/193 
  Installing       : libldac-2.0.2.3-17.el10.x86_64                     101/193 
  Installing       : liblc3-1.1.3-1.el10.x86_64                         102/193 
  Installing       : libiptcdata-1.0.5-20.el10.x86_64                   103/193 
  Installing       : libglvnd-core-devel-1:1.7.0-7.el10.x86_64          104/193 
  Installing       : libglvnd-devel-1:1.7.0-7.el10.x86_64               105/193 
  Installing       : mesa-libEGL-devel-25.2.7-5.el10.x86_64             106/193 
  Installing       : libexif-0.6.24-10.el10.x86_64                      107/193 
  Installing       : libepoxy-1.5.10-10.el10.x86_64                     108/193 
  Installing       : libdatrie-0.2.13-11.el10.x86_64                    109/193 
  Installing       : libthai-0.1.29-10.el10.x86_64                      110/193 
  Installing       : pango-1.54.0-4.el10.x86_64                         111/193 
  Installing       : libasyncns-0.8-30.el10.x86_64                      112/193 
  Installing       : libXcomposite-0.4.6-5.el10.x86_64                  113/193 
  Installing       : lame-libs-3.100-19.el10.x86_64                     114/193 
  Installing       : jbigkit-libs-2.1-31.el10.x86_64                    115/193 
  Installing       : libtiff-4.6.0-8.el10.x86_64                        116/193 
  Installing       : libgxps-0.3.2-11.el10.x86_64                       117/193 
  Installing       : iso-codes-4.16.0-6.el10.noarch                     118/193 
  Installing       : hicolor-icon-theme-0.17-20.el10.noarch             119/193 
  Installing       : gsm-1.0.22-8.el10.x86_64                           120/193 
  Installing       : libsndfile-1.2.2-7.el10.x86_64                     121/193 
  Installing       : pulseaudio-libs-17.0-6.el10.x86_64                 122/193 
  Installing       : libcanberra-0.30-37.el10.x86_64                    123/193 
  Running scriptlet: libcanberra-0.30-37.el10.x86_64                    123/193 
  Installing       : graphene-1.10.6-10.el10.x86_64                     124/193 
  Installing       : gstreamer1-plugins-base-1.26.7-2.el10.x86_64       125/193 
  Installing       : giflib-5.2.1-24.el10.x86_64                        126/193 
  Installing       : fftw-libs-single-3.3.10-15.el10.x86_64             127/193 
  Installing       : fdk-aac-free-2.0.0-15.el10.x86_64                  128/193 
  Installing       : exempi-2.6.4-7.el10.x86_64                         129/193 
  Installing       : dconf-0.40.0-17.el10.x86_64                        130/193 
  Running scriptlet: dconf-0.40.0-17.el10.x86_64                        130/193 
  Installing       : cmake-filesystem-3.31.8-1.el10.x86_64              131/193 
  Installing       : adwaita-cursor-theme-46.0-3.el10.noarch            132/193 
  Installing       : adwaita-icon-theme-46.0-3.el10.noarch              133/193 
  Installing       : shared-mime-info-2.3-8.el10.x86_64                 134/193 
  Running scriptlet: shared-mime-info-2.3-8.el10.x86_64                 134/193 
  Installing       : gdk-pixbuf2-2.42.12-5.el10.x86_64                  135/193 
  Installing       : gtk-update-icon-cache-3.24.43-5.el10.x86_64        136/193 
  Installing       : libgsf-1.14.53-2.el10.x86_64                       137/193 
  Installing       : libnotify-0.8.6-1.el10.x86_64                      138/193 
  Installing       : librsvg2-2.57.1-9.el10.x86_64                      139/193 
  Installing       : rsvg-pixbuf-loader-2.57.1-9.el10.x86_64            140/193 
  Installing       : gdk-pixbuf2-modules-2.42.12-5.el10.x86_64          141/193 
  Installing       : npth-1.6-21.el10.x86_64                            142/193 
  Installing       : gnupg2-2.4.5-4.el10.x86_64                         143/193 
  Installing       : gpgme-1.23.2-6.el10.x86_64                         144/193 
  Installing       : gpgmepp-1.23.2-6.el10.x86_64                       145/193 
  Installing       : poppler-24.02.0-7.el10.x86_64                      146/193 
  Installing       : poppler-glib-24.02.0-7.el10.x86_64                 147/193 
  Installing       : linux-firmware-whence-20260508-23.el10.noarch      148/193 
  Installing       : intel-vsc-firmware-20260508-23.el10.noarch         149/193 
  Installing       : libcamera-ipa-0.6.0-1.el10.x86_64                  150/193 
  Installing       : libcamera-0.6.0-1.el10.x86_64                      151/193 
  Installing       : liburing-2.12-1.el10.x86_64                        152/193 
  Installing       : libatomic-14.3.1-4.4.el10.x86_64                   153/193 
  Installing       : libdex-0.8.1-1.el10.x86_64                         154/193 
  Installing       : kmod-31-13.el10.x86_64                             155/193 
  Installing       : kbd-misc-2.6.4-7.el10.noarch                       156/193 
  Installing       : kbd-legacy-2.6.4-7.el10.noarch                     157/193 
  Installing       : kbd-2.6.4-7.el10.x86_64                            158/193 
  Installing       : systemd-udev-257-25.el10.x86_64                    159/193 
  Running scriptlet: systemd-udev-257-25.el10.x86_64                    159/193 
Created symlink '/etc/systemd/system/sysinit.target.wants/systemd-pstore.service' → '/usr/lib/systemd/system/systemd-pstore.service'.
Created symlink '/etc/systemd/system/multi-user.target.wants/remote-cryptsetup.target' → '/usr/lib/systemd/system/remote-cryptsetup.target'.

  Installing       : inih-58-3.el10.x86_64                              160/193 
  Installing       : inih-cpp-58-3.el10.x86_64                          161/193 
  Installing       : exiv2-0.28.3-5.el10.x86_64                         162/193 
  Installing       : exiv2-libs-0.28.3-5.el10.x86_64                    163/193 
  Installing       : libgexiv2-0.14.3-3.el10.x86_64                     164/193 
  Installing       : gobject-introspection-1.79.1-6.el10.x86_64         165/193 
  Installing       : upower-1.90.10-2.el10.x86_64                       166/193 
  Running scriptlet: upower-1.90.10-2.el10.x86_64                       166/193 
Created symlink '/etc/systemd/system/graphical.target.wants/upower.service' → '/usr/lib/systemd/system/upower.service'.

  Installing       : upower-libs-1.90.10-2.el10.x86_64                  167/193 
  Installing       : libtracker-sparql-3.7.3-4.el10.x86_64              168/193 
  Installing       : tracker-miners-3.7.4-1.el10.x86_64                 169/193 
  Running scriptlet: tracker-miners-3.7.4-1.el10.x86_64                 169/193 
  Installing       : tracker-3.7.3-4.el10.x86_64                        170/193 
  Running scriptlet: tracker-3.7.3-4.el10.x86_64                        170/193 
  Installing       : fuse-common-3.16.2-5.el10.x86_64                   171/193 
  Installing       : fuse3-3.16.2-5.el10.x86_64                         172/193 
  Installing       : cups-filesystem-1:2.4.10-17.el10.noarch            173/193 
  Installing       : cups-libs-1:2.4.10-17.el10.x86_64                  174/193 
  Installing       : bluez-libs-5.86-2.el10.x86_64                      175/193 
  Installing       : pipewire-plugin-libcamera-1.4.11-1.el10.x86_64     176/193 
  Installing       : pipewire-1.4.11-1.el10.x86_64                      177/193 
  Running scriptlet: pipewire-1.4.11-1.el10.x86_64                      177/193 
Created symlink '/etc/systemd/user/sockets.target.wants/pipewire.socket' → '/usr/lib/systemd/user/pipewire.socket'.

  Installing       : pipewire-libs-1.4.11-1.el10.x86_64                 178/193 
  Installing       : wireplumber-0.5.10-1.el10.x86_64                   179/193 
  Installing       : wireplumber-libs-0.5.10-1.el10.x86_64              180/193 
  Installing       : pipewire-jack-audio-connection-kit-1.4.11-1.el10   181/193 
  Installing       : pipewire-jack-audio-connection-kit-libs-1.4.11-1   182/193 
  Installing       : ModemManager-glib-1.22.0-7.el10.x86_64             183/193 
  Running scriptlet: geoclue2-2.7.2-1.el10.x86_64                       184/193 
  Installing       : geoclue2-2.7.2-1.el10.x86_64                       184/193 
  Running scriptlet: geoclue2-2.7.2-1.el10.x86_64                       184/193 
  Installing       : xdg-desktop-portal-1.20.0-2.el10.x86_64            185/193 
  Running scriptlet: xdg-desktop-portal-1.20.0-2.el10.x86_64            185/193 
  Installing       : libcanberra-gtk3-0.30-37.el10.x86_64               186/193 
  Installing       : gtk3-3.24.43-5.el10.x86_64                         187/193 
  Installing       : xdg-desktop-portal-gtk-1.15.3-1.el10.x86_64        188/193 
  Running scriptlet: xdg-desktop-portal-gtk-1.15.3-1.el10.x86_64        188/193 
  Installing       : libdecor-0.2.2-5.el10.x86_64                       189/193 
  Installing       : SDL2-2.28.5-6.el10.x86_64                          190/193 
  Installing       : SDL2-devel-2.28.5-6.el10.x86_64                    191/193 
  Installing       : pipewire-alsa-1.4.11-1.el10.x86_64                 192/193 
  Installing       : pipewire-pulseaudio-1.4.11-1.el10.x86_64           193/193 
  Running scriptlet: pipewire-pulseaudio-1.4.11-1.el10.x86_64           193/193 
Created symlink '/etc/systemd/user/sockets.target.wants/pipewire-pulse.socket' → '/usr/lib/systemd/user/pipewire-pulse.socket'.

  Running scriptlet: dconf-0.40.0-17.el10.x86_64                        193/193 
  Running scriptlet: wireplumber-0.5.10-1.el10.x86_64                   193/193 
Created symlink '/etc/systemd/user/pipewire-session-manager.service' → '/usr/lib/systemd/user/wireplumber.service'.
Created symlink '/etc/systemd/user/pipewire.service.wants/wireplumber.service' → '/usr/lib/systemd/user/wireplumber.service'.

  Running scriptlet: pipewire-pulseaudio-1.4.11-1.el10.x86_64           193/193 
Creating group 'pipewire' with GID 996.
Creating user 'pipewire' (PipeWire System Daemon) with UID 996 and GID 996.
Creating group 'systemd-coredump' with GID 995.
Creating user 'systemd-coredump' (systemd Core Dumper) with UID 995 and GID 995.


Installed:
  ModemManager-glib-1.22.0-7.el10.x86_64                                        
  SDL2-2.28.5-6.el10.x86_64                                                     
  SDL2-devel-2.28.5-6.el10.x86_64                                               
  adwaita-cursor-theme-46.0-3.el10.noarch                                       
  adwaita-icon-theme-46.0-3.el10.noarch                                         
  alsa-lib-1.2.15.3-2.el10.x86_64                                               
  at-spi2-atk-2.56.1-1.el10.x86_64                                              
  at-spi2-core-2.56.1-1.el10.x86_64                                             
  atk-2.56.1-1.el10.x86_64                                                      
  avahi-glib-0.9~rc2-3.el10.x86_64                                              
  avahi-libs-0.9~rc2-3.el10.x86_64                                              
  bluez-libs-5.86-2.el10.x86_64                                                 
  cairo-1.18.2-2.el10.x86_64                                                    
  cairo-gobject-1.18.2-2.el10.x86_64                                            
  cmake-filesystem-3.31.8-1.el10.x86_64                                         
  colord-libs-1.4.7-6.el10.x86_64                                               
  cups-filesystem-1:2.4.10-17.el10.noarch                                       
  cups-libs-1:2.4.10-17.el10.x86_64                                             
  dconf-0.40.0-17.el10.x86_64                                                   
  duktape-2.7.0-10.el10.x86_64                                                  
  exempi-2.6.4-7.el10.x86_64                                                    
  exiv2-0.28.3-5.el10.x86_64                                                    
  exiv2-libs-0.28.3-5.el10.x86_64                                               
  fdk-aac-free-2.0.0-15.el10.x86_64                                             
  fftw-libs-single-3.3.10-15.el10.x86_64                                        
  flac-libs-1.4.3-6.el10.x86_64                                                 
  fribidi-1.0.14-4.el10.x86_64                                                  
  fuse-common-3.16.2-5.el10.x86_64                                              
  fuse3-3.16.2-5.el10.x86_64                                                    
  fuse3-libs-3.16.2-5.el10.x86_64                                               
  gdk-pixbuf2-2.42.12-5.el10.x86_64                                             
  gdk-pixbuf2-modules-2.42.12-5.el10.x86_64                                     
  geoclue2-2.7.2-1.el10.x86_64                                                  
  giflib-5.2.1-24.el10.x86_64                                                   
  glib-networking-2.80.0-3.el10.x86_64                                          
  gnupg2-2.4.5-4.el10.x86_64                                                    
  gobject-introspection-1.79.1-6.el10.x86_64                                    
  gpgme-1.23.2-6.el10.x86_64                                                    
  gpgmepp-1.23.2-6.el10.x86_64                                                  
  graphene-1.10.6-10.el10.x86_64                                                
  gsettings-desktop-schemas-47.1-4.el10.x86_64                                  
  gsm-1.0.22-8.el10.x86_64                                                      
  gstreamer1-1.26.7-5.el10.x86_64                                               
  gstreamer1-plugins-base-1.26.7-2.el10.x86_64                                  
  gtk-update-icon-cache-3.24.43-5.el10.x86_64                                   
  gtk3-3.24.43-5.el10.x86_64                                                    
  hicolor-icon-theme-0.17-20.el10.noarch                                        
  hwdata-0.379-10.8.el10.noarch                                                 
  inih-58-3.el10.x86_64                                                         
  inih-cpp-58-3.el10.x86_64                                                     
  intel-vsc-firmware-20260508-23.el10.noarch                                    
  iso-codes-4.16.0-6.el10.noarch                                                
  jbigkit-libs-2.1-31.el10.x86_64                                               
  json-glib-1.8.0-5.el10.x86_64                                                 
  kbd-2.6.4-7.el10.x86_64                                                       
  kbd-legacy-2.6.4-7.el10.noarch                                                
  kbd-misc-2.6.4-7.el10.noarch                                                  
  kmod-31-13.el10.x86_64                                                        
  lame-libs-3.100-19.el10.x86_64                                                
  lcms2-2.16-6.el10.x86_64                                                      
  libX11-devel-1.8.13-1.el10.x86_64                                             
  libXau-devel-1.0.11-8.el10.x86_64                                             
  libXcomposite-0.4.6-5.el10.x86_64                                             
  libXcursor-1.2.1-9.el10.x86_64                                                
  libXdamage-1.1.6-5.el10.x86_64                                                
  libXext-1.3.6-3.el10.x86_64                                                   
  libXfixes-6.0.1-5.el10.x86_64                                                 
  libXft-2.3.8-8.el10.x86_64                                                    
  libXi-1.8.1-7.el10.x86_64                                                     
  libXinerama-1.1.5-8.el10.x86_64                                               
  libXrandr-1.5.4-5.el10.x86_64                                                 
  libXrender-0.9.11-8.el10.x86_64                                               
  libXtst-1.2.4-8.el10.x86_64                                                   
  libXv-1.0.12-5.el10.x86_64                                                    
  libXxf86vm-1.1.5-8.el10.x86_64                                                
  libassuan-2.5.6-6.el10.x86_64                                                 
  libasyncns-0.8-30.el10.x86_64                                                 
  libatomic-14.3.1-4.4.el10.x86_64                                              
  libcamera-0.6.0-1.el10.x86_64                                                 
  libcamera-ipa-0.6.0-1.el10.x86_64                                             
  libcanberra-0.30-37.el10.x86_64                                               
  libcanberra-gtk3-0.30-37.el10.x86_64                                          
  libdatrie-0.2.13-11.el10.x86_64                                               
  libdecor-0.2.2-5.el10.x86_64                                                  
  libdex-0.8.1-1.el10.x86_64                                                    
  libdrm-2.4.128-1.el10.x86_64                                                  
  libepoxy-1.5.10-10.el10.x86_64                                                
  libexif-0.6.24-10.el10.x86_64                                                 
  libgcrypt-1.11.0-6.el10.x86_64                                                
  libgexiv2-0.14.3-3.el10.x86_64                                                
  libglvnd-1:1.7.0-7.el10.x86_64                                                
  libglvnd-core-devel-1:1.7.0-7.el10.x86_64                                     
  libglvnd-devel-1:1.7.0-7.el10.x86_64                                          
  libglvnd-egl-1:1.7.0-7.el10.x86_64                                            
  libglvnd-gles-1:1.7.0-7.el10.x86_64                                           
  libglvnd-glx-1:1.7.0-7.el10.x86_64                                            
  libglvnd-opengl-1:1.7.0-7.el10.x86_64                                         
  libgpg-error-1.50-2.el10.x86_64                                               
  libgsf-1.14.53-2.el10.x86_64                                                  
  libgudev-238-7.el10.x86_64                                                    
  libgusb-0.4.9-4.el10.x86_64                                                   
  libgxps-0.3.2-11.el10.x86_64                                                  
  libicu-74.2-5.el10.x86_64                                                     
  libiptcdata-1.0.5-20.el10.x86_64                                              
  libjpeg-turbo-3.0.2-4.el10.x86_64                                             
  libksba-1.6.7-2.el10.x86_64                                                   
  liblc3-1.1.3-1.el10.x86_64                                                    
  libldac-2.0.2.3-17.el10.x86_64                                                
  liblerc-4.0.0-8.el10.x86_64                                                   
  libnotify-0.8.6-1.el10.x86_64                                                 
  libogg-2:1.3.5-10.el10.x86_64                                                 
  libosinfo-1.11.0-8.el10.x86_64                                                
  libpciaccess-0.16-16.el10.x86_64                                              
  libportal-0.9.0-3.el10.x86_64                                                 
  libproxy-0.5.5-4.el10.x86_64                                                  
  librsvg2-2.57.1-9.el10.x86_64                                                 
  libsbc-2.0-7.el10.x86_64                                                      
  libsndfile-1.2.2-7.el10.x86_64                                                
  libsoup3-3.6.6-1.el10.x86_64                                                  
  libtdb-1.4.14-100.el10.x86_64                                                 
  libthai-0.1.29-10.el10.x86_64                                                 
  libtheora-1:1.1.1-39.el10.x86_64                                              
  libtiff-4.6.0-8.el10.x86_64                                                   
  libtool-ltdl-2.4.7-14.el10.x86_64                                             
  libtracker-sparql-3.7.3-4.el10.x86_64                                         
  liburing-2.12-1.el10.x86_64                                                   
  libusb1-1.0.29-3.el10.x86_64                                                  
  libvorbis-1:1.3.7-12.el10.x86_64                                              
  libwayland-client-1.24.0-1.el10.x86_64                                        
  libwayland-cursor-1.24.0-1.el10.x86_64                                        
  libwayland-egl-1.24.0-1.el10.x86_64                                           
  libwebp-1.3.2-10.el10.x86_64                                                  
  libxcb-devel-1.17.0-3.el10.x86_64                                             
  libxkbcommon-1.7.0-4.el10.x86_64                                              
  libxshmfence-1.3.2-5.el10.x86_64                                              
  libxslt-1.1.39-9.el10.x86_64                                                  
  linux-firmware-whence-20260508-23.el10.noarch                                 
  llvm-filesystem-22.1.1-1.el10.x86_64                                          
  llvm-libs-22.1.1-1.el10.x86_64                                                
  low-memory-monitor-2.1-12.el10.x86_64                                         
  mesa-dri-drivers-25.2.7-5.el10.x86_64                                         
  mesa-filesystem-25.2.7-5.el10.x86_64                                          
  mesa-libEGL-25.2.7-5.el10.x86_64                                              
  mesa-libEGL-devel-25.2.7-5.el10.x86_64                                        
  mesa-libGL-25.2.7-5.el10.x86_64                                               
  mesa-libgbm-25.2.7-5.el10.x86_64                                              
  mpg123-libs-1.32.9-1.el10.x86_64                                              
  npth-1.6-21.el10.x86_64                                                       
  nspr-4.36.0-8.el10.x86_64                                                     
  nss-3.112.0-8.el10.x86_64                                                     
  nss-softokn-3.112.0-8.el10.x86_64                                             
  nss-softokn-freebl-3.112.0-8.el10.x86_64                                      
  nss-sysinit-3.112.0-8.el10.x86_64                                             
  nss-util-3.112.0-8.el10.x86_64                                                
  openjpeg2-2.5.2-5.el10.x86_64                                                 
  opus-1.4-6.el10.x86_64                                                        
  orc-0.4.39-2.el10.x86_64                                                      
  osinfo-db-20250606-2.el10.noarch                                              
  osinfo-db-tools-1.11.0-8.el10.x86_64                                          
  pango-1.54.0-4.el10.x86_64                                                    
  pipewire-1.4.11-1.el10.x86_64                                                 
  pipewire-alsa-1.4.11-1.el10.x86_64                                            
  pipewire-jack-audio-connection-kit-1.4.11-1.el10.x86_64                       
  pipewire-jack-audio-connection-kit-libs-1.4.11-1.el10.x86_64                  
  pipewire-libs-1.4.11-1.el10.x86_64                                            
  pipewire-plugin-libcamera-1.4.11-1.el10.x86_64                                
  pipewire-pulseaudio-1.4.11-1.el10.x86_64                                      
  pixman-0.43.4-2.el10.x86_64                                                   
  polkit-125-6.el10.x86_64                                                      
  polkit-libs-125-6.el10.x86_64                                                 
  polkit-pkla-compat-0.1-30.el10.x86_64                                         
  poppler-24.02.0-7.el10.x86_64                                                 
  poppler-data-0.4.11-9.el10.noarch                                             
  poppler-glib-24.02.0-7.el10.x86_64                                            
  pulseaudio-libs-17.0-6.el10.x86_64                                            
  rsvg-pixbuf-loader-2.57.1-9.el10.x86_64                                       
  rtkit-0.11-68.el10.x86_64                                                     
  shared-mime-info-2.3-8.el10.x86_64                                            
  sound-theme-freedesktop-0.8-23.el10.noarch                                    
  spirv-tools-libs-2026.1-1.el10.x86_64                                         
  systemd-udev-257-25.el10.x86_64                                               
  tracker-3.7.3-4.el10.x86_64                                                   
  tracker-miners-3.7.4-1.el10.x86_64                                            
  upower-1.90.10-2.el10.x86_64                                                  
  upower-libs-1.90.10-2.el10.x86_64                                             
  webrtc-audio-processing-1.3-5.el10.x86_64                                     
  wireplumber-0.5.10-1.el10.x86_64                                              
  wireplumber-libs-0.5.10-1.el10.x86_64                                         
  xdg-desktop-portal-1.20.0-2.el10.x86_64                                       
  xdg-desktop-portal-gtk-1.15.3-1.el10.x86_64                                   
  xkeyboard-config-2.41-3.el10.noarch                                           
  xorg-x11-proto-devel-2024.1-3.el10.noarch                                     
  xprop-1.2.7-3.el10.x86_64                                                     

Complete!
Note: Deploying libsdl2_image=2.8.12...
The system package 'SDL2_image-devel' is about to be installed.
This action might require admin privileges and impact your system installation.
Do you want Alire to install this system package?
Using default: Yes
Last metadata expiration check: 0:14:56 ago on Fri Jun 12 13:48:19 2026.
Dependencies resolved.
================================================================================
 Package               Arch    Version                         Repository  Size
================================================================================
Installing:
 SDL2_image-devel      x86_64  2.8.12-1.el10_3                 epel        19 k
Installing dependencies:
 SDL2_image            x86_64  2.8.12-1.el10_3                 epel       109 k
 brotli                x86_64  1.1.0-7.el10                    appstream   19 k
 brotli-devel          x86_64  1.1.0-7.el10                    appstream   34 k
 cpuinfo               x86_64  24.09.26-1.git1e83a2f.el10_1.1  epel        42 k
 gmock                 x86_64  1.14.0-5.el10_0                 epel        61 k
 gtest                 x86_64  1.14.0-5.el10_0                 epel       183 k
 gtest-devel           x86_64  1.14.0-5.el10_0                 epel       242 k
 highway               x86_64  1.3.0-1.el10_2                  epel       505 k
 highway-devel         x86_64  1.3.0-1.el10_2                  epel       464 k
 libaom                x86_64  3.13.1-1.el10_2                 epel       1.8 M
 libavif               x86_64  1.0.4-7.el10_0                  epel        89 k
 libavif-devel         x86_64  1.0.4-7.el10_0                  epel        29 k
 libdav1d              x86_64  1.5.3-1.el10_3                  epel       638 k
 libjpeg-turbo-devel   x86_64  3.0.2-4.el10                    appstream   98 k
 libjxl                x86_64  1:0.10.4-1.el10_1               epel       1.2 M
 libjxl-devel          x86_64  1:0.10.4-1.el10_1               epel        58 k
 libtiff-devel         x86_64  4.6.0-8.el10                    appstream  257 k
 libvmaf               x86_64  3.0.0-2.el10_0                  epel       194 k
 libwebp-devel         x86_64  1.3.2-10.el10                   appstream   40 k
 libzstd-devel         x86_64  1.5.5-9.el10                    appstream   52 k
 openexr-libs          x86_64  3.1.10-11.el10                  appstream  1.1 M
 svt-av1-libs          x86_64  2.3.0-1.el10_0                  epel       2.0 M
 zlib-ng-compat-devel  x86_64  2.2.3-3.el10                    appstream   36 k
Installing weak dependencies:
 jxl-pixbuf-loader     x86_64  1:0.10.4-1.el10_1               epel        19 k

Transaction Summary
================================================================================
Install  25 Packages

Total download size: 9.3 M
Installed size: 36 M
Downloading Packages:
(1/25): libjpeg-turbo-devel-3.0.2-4.el10.x86_64 105 kB/s |  98 kB     00:00    
(2/25): brotli-1.1.0-7.el10.x86_64.rpm           21 kB/s |  19 kB     00:00    
(3/25): brotli-devel-1.1.0-7.el10.x86_64.rpm     36 kB/s |  34 kB     00:00    
(4/25): libzstd-devel-1.5.5-9.el10.x86_64.rpm   2.7 MB/s |  52 kB     00:00    
(5/25): libwebp-devel-1.3.2-10.el10.x86_64.rpm  2.0 MB/s |  40 kB     00:00    
(6/25): zlib-ng-compat-devel-2.2.3-3.el10.x86_6 1.9 MB/s |  36 kB     00:00    
(7/25): libtiff-devel-4.6.0-8.el10.x86_64.rpm   4.5 MB/s | 257 kB     00:00    
(8/25): openexr-libs-3.1.10-11.el10.x86_64.rpm  8.9 MB/s | 1.1 MB     00:00    
(9/25): SDL2_image-devel-2.8.12-1.el10_3.x86_64  74 kB/s |  19 kB     00:00    
(10/25): SDL2_image-2.8.12-1.el10_3.x86_64.rpm  291 kB/s | 109 kB     00:00    
(11/25): cpuinfo-24.09.26-1.git1e83a2f.el10_1.1 154 kB/s |  42 kB     00:00    
(12/25): gmock-1.14.0-5.el10_0.x86_64.rpm       433 kB/s |  61 kB     00:00    
(13/25): gtest-1.14.0-5.el10_0.x86_64.rpm       1.1 MB/s | 183 kB     00:00    
(14/25): gtest-devel-1.14.0-5.el10_0.x86_64.rpm 1.0 MB/s | 242 kB     00:00    
(15/25): jxl-pixbuf-loader-0.10.4-1.el10_1.x86_ 310 kB/s |  19 kB     00:00    
(16/25): highway-1.3.0-1.el10_2.x86_64.rpm      1.7 MB/s | 505 kB     00:00    
(17/25): highway-devel-1.3.0-1.el10_2.x86_64.rp 2.4 MB/s | 464 kB     00:00    
(18/25): libavif-1.0.4-7.el10_0.x86_64.rpm      1.2 MB/s |  89 kB     00:00    
(19/25): libavif-devel-1.0.4-7.el10_0.x86_64.rp 479 kB/s |  29 kB     00:00    
(20/25): libdav1d-1.5.3-1.el10_3.x86_64.rpm     4.0 MB/s | 638 kB     00:00    
(21/25): libjxl-0.10.4-1.el10_1.x86_64.rpm      5.7 MB/s | 1.2 MB     00:00    
(22/25): libjxl-devel-0.10.4-1.el10_1.x86_64.rp 922 kB/s |  58 kB     00:00    
(23/25): libaom-3.13.1-1.el10_2.x86_64.rpm      5.1 MB/s | 1.8 MB     00:00    
(24/25): libvmaf-3.0.0-2.el10_0.x86_64.rpm      2.8 MB/s | 194 kB     00:00    
(25/25): svt-av1-libs-2.3.0-1.el10_0.x86_64.rpm 9.7 MB/s | 2.0 MB     00:00    
--------------------------------------------------------------------------------
Total                                           3.6 MB/s | 9.3 MB     00:02     
Running transaction check
Transaction check succeeded.
Running transaction test
Transaction test succeeded.
Running transaction
  Preparing        :                                                        1/1 
  Installing       : highway-1.3.0-1.el10_2.x86_64                         1/25 
  Installing       : gtest-1.14.0-5.el10_0.x86_64                          2/25 
  Installing       : libwebp-devel-1.3.2-10.el10.x86_64                    3/25 
  Installing       : gmock-1.14.0-5.el10_0.x86_64                          4/25 
  Installing       : gtest-devel-1.14.0-5.el10_0.x86_64                    5/25 
  Installing       : highway-devel-1.3.0-1.el10_2.x86_64                   6/25 
  Installing       : libvmaf-3.0.0-2.el10_0.x86_64                         7/25 
  Installing       : libaom-3.13.1-1.el10_2.x86_64                         8/25 
  Installing       : libdav1d-1.5.3-1.el10_3.x86_64                        9/25 
  Installing       : cpuinfo-24.09.26-1.git1e83a2f.el10_1.1.x86_64        10/25 
  Installing       : svt-av1-libs-2.3.0-1.el10_0.x86_64                   11/25 
  Installing       : libavif-1.0.4-7.el10_0.x86_64                        12/25 
  Installing       : libavif-devel-1.0.4-7.el10_0.x86_64                  13/25 
  Installing       : zlib-ng-compat-devel-2.2.3-3.el10.x86_64             14/25 
  Installing       : openexr-libs-3.1.10-11.el10.x86_64                   15/25 
  Installing       : jxl-pixbuf-loader-1:0.10.4-1.el10_1.x86_64           16/25 
  Installing       : libjxl-1:0.10.4-1.el10_1.x86_64                      17/25 
  Installing       : SDL2_image-2.8.12-1.el10_3.x86_64                    18/25 
  Installing       : libzstd-devel-1.5.5-9.el10.x86_64                    19/25 
  Installing       : libjpeg-turbo-devel-3.0.2-4.el10.x86_64              20/25 
  Installing       : libtiff-devel-4.6.0-8.el10.x86_64                    21/25 
  Installing       : brotli-1.1.0-7.el10.x86_64                           22/25 
  Installing       : brotli-devel-1.1.0-7.el10.x86_64                     23/25 
  Installing       : libjxl-devel-1:0.10.4-1.el10_1.x86_64                24/25 
  Installing       : SDL2_image-devel-2.8.12-1.el10_3.x86_64              25/25 
  Running scriptlet: SDL2_image-devel-2.8.12-1.el10_3.x86_64              25/25 

Installed:
  SDL2_image-2.8.12-1.el10_3.x86_64                                             
  SDL2_image-devel-2.8.12-1.el10_3.x86_64                                       
  brotli-1.1.0-7.el10.x86_64                                                    
  brotli-devel-1.1.0-7.el10.x86_64                                              
  cpuinfo-24.09.26-1.git1e83a2f.el10_1.1.x86_64                                 
  gmock-1.14.0-5.el10_0.x86_64                                                  
  gtest-1.14.0-5.el10_0.x86_64                                                  
  gtest-devel-1.14.0-5.el10_0.x86_64                                            
  highway-1.3.0-1.el10_2.x86_64                                                 
  highway-devel-1.3.0-1.el10_2.x86_64                                           
  jxl-pixbuf-loader-1:0.10.4-1.el10_1.x86_64                                    
  libaom-3.13.1-1.el10_2.x86_64                                                 
  libavif-1.0.4-7.el10_0.x86_64                                                 
  libavif-devel-1.0.4-7.el10_0.x86_64                                           
  libdav1d-1.5.3-1.el10_3.x86_64                                                
  libjpeg-turbo-devel-3.0.2-4.el10.x86_64                                       
  libjxl-1:0.10.4-1.el10_1.x86_64                                               
  libjxl-devel-1:0.10.4-1.el10_1.x86_64                                         
  libtiff-devel-4.6.0-8.el10.x86_64                                             
  libvmaf-3.0.0-2.el10_0.x86_64                                                 
  libwebp-devel-1.3.2-10.el10.x86_64                                            
  libzstd-devel-1.5.5-9.el10.x86_64                                             
  openexr-libs-3.1.10-11.el10.x86_64                                            
  svt-av1-libs-2.3.0-1.el10_0.x86_64                                            
  zlib-ng-compat-devel-2.2.3-3.el10.x86_64                                      

Complete!
Note: Deploying libsdl2_mixer=2.8.0...
The system package 'SDL2_mixer-devel' is about to be installed.
This action might require admin privileges and impact your system installation.
Do you want Alire to install this system package?
Using default: Yes
Last metadata expiration check: 0:15:01 ago on Fri Jun 12 13:48:19 2026.
Dependencies resolved.
================================================================================
 Package                 Architecture  Version                Repository   Size
================================================================================
Installing:
 SDL2_mixer-devel        x86_64        2.8.0-2.el10_0         epel         32 k
Installing dependencies:
 SDL2_mixer              x86_64        2.8.0-2.el10_0         epel        171 k

Transaction Summary
================================================================================
Install  2 Packages

Total download size: 203 k
Installed size: 482 k
Downloading Packages:
(1/2): SDL2_mixer-devel-2.8.0-2.el10_0.x86_64.r  91 kB/s |  32 kB     00:00    
(2/2): SDL2_mixer-2.8.0-2.el10_0.x86_64.rpm     355 kB/s | 171 kB     00:00    
--------------------------------------------------------------------------------
Total                                           359 kB/s | 203 kB     00:00     
Running transaction check
Transaction check succeeded.
Running transaction test
Transaction test succeeded.
Running transaction
  Preparing        :                                                        1/1 
  Installing       : SDL2_mixer-2.8.0-2.el10_0.x86_64                       1/2 
  Installing       : SDL2_mixer-devel-2.8.0-2.el10_0.x86_64                 2/2 
  Running scriptlet: SDL2_mixer-devel-2.8.0-2.el10_0.x86_64                 2/2 

Installed:
  SDL2_mixer-2.8.0-2.el10_0.x86_64    SDL2_mixer-devel-2.8.0-2.el10_0.x86_64   

Complete!
Note: Deploying libsdl2_ttf=2.24.0...
The system package 'SDL2_ttf-devel' is about to be installed.
This action might require admin privileges and impact your system installation.
Do you want Alire to install this system package?
Using default: Yes
Last metadata expiration check: 0:15:02 ago on Fri Jun 12 13:48:19 2026.
Dependencies resolved.
================================================================================
 Package                   Arch       Version               Repository     Size
================================================================================
Installing:
 SDL2_ttf-devel            x86_64     2.24.0-1.el10_1       epel           21 k
Installing dependencies:
 SDL2_ttf                  x86_64     2.24.0-1.el10_1       epel           44 k
 bzip2-devel               x86_64     1.0.8-25.el10         appstream     215 k
 cairo-devel               x86_64     1.18.2-2.el10         appstream     196 k
 fontconfig-devel          x86_64     2.15.0-7.el10         appstream     175 k
 freetype-devel            x86_64     2.13.2-8.el10         appstream     966 k
 gettext                   x86_64     0.22.5-6.el10         baseos        1.1 M
 gettext-envsubst          x86_64     0.22.5-6.el10         baseos         38 k
 gettext-libs              x86_64     0.22.5-6.el10         baseos        669 k
 gettext-runtime           x86_64     0.22.5-6.el10         baseos        122 k
 glib2-devel               x86_64     2.80.4-13.el10        appstream     1.5 M
 graphite2-devel           x86_64     1.3.14-17.el10        appstream      22 k
 harfbuzz-cairo            x86_64     8.4.0-6.el10          appstream      28 k
 harfbuzz-devel            x86_64     8.4.0-6.el10          appstream     453 k
 harfbuzz-icu              x86_64     8.4.0-6.el10          appstream      15 k
 libXext-devel             x86_64     1.3.6-3.el10          appstream      87 k
 libXrender-devel          x86_64     0.9.11-8.el10         appstream      20 k
 libblkid-devel            x86_64     2.40.2-20.el10        appstream      25 k
 libffi-devel              x86_64     3.4.4-10.el10         appstream      29 k
 libicu-devel              x86_64     74.2-5.el10           appstream     966 k
 libmount-devel            x86_64     2.40.2-20.el10        appstream      26 k
 libpng-devel              x86_64     2:1.6.40-12.el10      appstream     293 k
 libselinux-devel          x86_64     3.10-2.el10           appstream     161 k
 libsepol-devel            x86_64     3.10-2.el10           appstream      48 k
 libxml2-devel             x86_64     2.12.5-11.el10        appstream     533 k
 pcre2-devel               x86_64     10.44-1.el10.3        appstream     532 k
 pcre2-utf16               x86_64     10.44-1.el10.3        appstream     227 k
 pcre2-utf32               x86_64     10.44-1.el10.3        appstream     215 k
 pixman-devel              x86_64     0.43.4-2.el10         appstream      18 k
 python3-packaging         noarch     24.2-2.el10           baseos        153 k
 sysprof-capture-devel     x86_64     47.2-1.el10           appstream      56 k
 xz-devel                  x86_64     1:5.6.2-4.el10        appstream      64 k

Transaction Summary
================================================================================
Install  32 Packages

Total download size: 8.8 M
Installed size: 53 M
Downloading Packages:
(1/32): gettext-envsubst-0.22.5-6.el10.x86_64.r 315 kB/s |  38 kB     00:00    
(2/32): gettext-runtime-0.22.5-6.el10.x86_64.rp 4.8 MB/s | 122 kB     00:00    
(3/32): gettext-libs-0.22.5-6.el10.x86_64.rpm   4.0 MB/s | 669 kB     00:00    
(4/32): python3-packaging-24.2-2.el10.noarch.rp 6.3 MB/s | 153 kB     00:00    
(5/32): gettext-0.22.5-6.el10.x86_64.rpm        5.8 MB/s | 1.1 MB     00:00    
(6/32): fontconfig-devel-2.15.0-7.el10.x86_64.r 243 kB/s | 175 kB     00:00    
(7/32): cairo-devel-1.18.2-2.el10.x86_64.rpm    246 kB/s | 196 kB     00:00    
(8/32): bzip2-devel-1.0.8-25.el10.x86_64.rpm    262 kB/s | 215 kB     00:00    
(9/32): graphite2-devel-1.3.14-17.el10.x86_64.r 190 kB/s |  22 kB     00:00    
(10/32): harfbuzz-cairo-8.4.0-6.el10.x86_64.rpm 333 kB/s |  28 kB     00:00    
(11/32): harfbuzz-devel-8.4.0-6.el10.x86_64.rpm 1.3 MB/s | 453 kB     00:00    
(12/32): harfbuzz-icu-8.4.0-6.el10.x86_64.rpm   177 kB/s |  15 kB     00:00    
(13/32): libXext-devel-1.3.6-3.el10.x86_64.rpm  757 kB/s |  87 kB     00:00    
(14/32): libXrender-devel-0.9.11-8.el10.x86_64. 201 kB/s |  20 kB     00:00    
(15/32): libblkid-devel-2.40.2-20.el10.x86_64.r 296 kB/s |  25 kB     00:00    
(16/32): libffi-devel-3.4.4-10.el10.x86_64.rpm  345 kB/s |  29 kB     00:00    
(17/32): freetype-devel-2.13.2-8.el10.x86_64.rp 824 kB/s | 966 kB     00:01    
(18/32): libmount-devel-2.40.2-20.el10.x86_64.r 322 kB/s |  26 kB     00:00    
(19/32): libicu-devel-74.2-5.el10.x86_64.rpm    3.6 MB/s | 966 kB     00:00    
(20/32): libselinux-devel-3.10-2.el10.x86_64.rp 1.8 MB/s | 161 kB     00:00    
(21/32): libsepol-devel-3.10-2.el10.x86_64.rpm  551 kB/s |  48 kB     00:00    
(22/32): libpng-devel-1.6.40-12.el10.x86_64.rpm 690 kB/s | 293 kB     00:00    
(23/32): libxml2-devel-2.12.5-11.el10.x86_64.rp 3.2 MB/s | 533 kB     00:00    
(24/32): glib2-devel-2.80.4-13.el10.x86_64.rpm  904 kB/s | 1.5 MB     00:01    
(25/32): pcre2-utf16-10.44-1.el10.3.x86_64.rpm  2.6 MB/s | 227 kB     00:00    
(26/32): pixman-devel-0.43.4-2.el10.x86_64.rpm  217 kB/s |  18 kB     00:00    
(27/32): sysprof-capture-devel-47.2-1.el10.x86_ 658 kB/s |  56 kB     00:00    
(28/32): xz-devel-5.6.2-4.el10.x86_64.rpm       754 kB/s |  64 kB     00:00    
(29/32): pcre2-utf32-10.44-1.el10.3.x86_64.rpm  717 kB/s | 215 kB     00:00    
(30/32): pcre2-devel-10.44-1.el10.3.x86_64.rpm  900 kB/s | 532 kB     00:00    
(31/32): SDL2_ttf-devel-2.24.0-1.el10_1.x86_64.  47 kB/s |  21 kB     00:00    
(32/32): SDL2_ttf-2.24.0-1.el10_1.x86_64.rpm     81 kB/s |  44 kB     00:00    
--------------------------------------------------------------------------------
Total                                           2.1 MB/s | 8.8 MB     00:04     
Running transaction check
Transaction check succeeded.
Running transaction test
Transaction test succeeded.
Running transaction
  Preparing        :                                                        1/1 
  Installing       : libpng-devel-2:1.6.40-12.el10.x86_64                  1/32 
  Installing       : gettext-libs-0.22.5-6.el10.x86_64                     2/32 
  Installing       : SDL2_ttf-2.24.0-1.el10_1.x86_64                       3/32 
  Installing       : xz-devel-1:5.6.2-4.el10.x86_64                        4/32 
  Installing       : libxml2-devel-2.12.5-11.el10.x86_64                   5/32 
  Installing       : sysprof-capture-devel-47.2-1.el10.x86_64              6/32 
  Installing       : pixman-devel-0.43.4-2.el10.x86_64                     7/32 
  Installing       : pcre2-utf32-10.44-1.el10.3.x86_64                     8/32 
  Installing       : pcre2-utf16-10.44-1.el10.3.x86_64                     9/32 
  Installing       : pcre2-devel-10.44-1.el10.3.x86_64                    10/32 
  Installing       : libsepol-devel-3.10-2.el10.x86_64                    11/32 
  Installing       : libselinux-devel-3.10-2.el10.x86_64                  12/32 
  Installing       : libicu-devel-74.2-5.el10.x86_64                      13/32 
  Installing       : libffi-devel-3.4.4-10.el10.x86_64                    14/32 
  Installing       : libblkid-devel-2.40.2-20.el10.x86_64                 15/32 
  Installing       : libmount-devel-2.40.2-20.el10.x86_64                 16/32 
  Installing       : libXrender-devel-0.9.11-8.el10.x86_64                17/32 
  Installing       : libXext-devel-1.3.6-3.el10.x86_64                    18/32 
  Installing       : harfbuzz-icu-8.4.0-6.el10.x86_64                     19/32 
  Installing       : harfbuzz-cairo-8.4.0-6.el10.x86_64                   20/32 
  Installing       : graphite2-devel-1.3.14-17.el10.x86_64                21/32 
  Installing       : bzip2-devel-1.0.8-25.el10.x86_64                     22/32 
  Installing       : python3-packaging-24.2-2.el10.noarch                 23/32 
  Installing       : glib2-devel-2.80.4-13.el10.x86_64                    24/32 
  Installing       : gettext-envsubst-0.22.5-6.el10.x86_64                25/32 
  Installing       : gettext-runtime-0.22.5-6.el10.x86_64                 26/32 
  Installing       : gettext-0.22.5-6.el10.x86_64                         27/32 
  Installing       : freetype-devel-2.13.2-8.el10.x86_64                  28/32 
  Installing       : fontconfig-devel-2.15.0-7.el10.x86_64                29/32 
  Installing       : cairo-devel-1.18.2-2.el10.x86_64                     30/32 
  Installing       : harfbuzz-devel-8.4.0-6.el10.x86_64                   31/32 
  Installing       : SDL2_ttf-devel-2.24.0-1.el10_1.x86_64                32/32 
  Running scriptlet: SDL2_ttf-devel-2.24.0-1.el10_1.x86_64                32/32 

Installed:
  SDL2_ttf-2.24.0-1.el10_1.x86_64                                               
  SDL2_ttf-devel-2.24.0-1.el10_1.x86_64                                         
  bzip2-devel-1.0.8-25.el10.x86_64                                              
  cairo-devel-1.18.2-2.el10.x86_64                                              
  fontconfig-devel-2.15.0-7.el10.x86_64                                         
  freetype-devel-2.13.2-8.el10.x86_64                                           
  gettext-0.22.5-6.el10.x86_64                                                  
  gettext-envsubst-0.22.5-6.el10.x86_64                                         
  gettext-libs-0.22.5-6.el10.x86_64                                             
  gettext-runtime-0.22.5-6.el10.x86_64                                          
  glib2-devel-2.80.4-13.el10.x86_64                                             
  graphite2-devel-1.3.14-17.el10.x86_64                                         
  harfbuzz-cairo-8.4.0-6.el10.x86_64                                            
  harfbuzz-devel-8.4.0-6.el10.x86_64                                            
  harfbuzz-icu-8.4.0-6.el10.x86_64                                              
  libXext-devel-1.3.6-3.el10.x86_64                                             
  libXrender-devel-0.9.11-8.el10.x86_64                                         
  libblkid-devel-2.40.2-20.el10.x86_64                                          
  libffi-devel-3.4.4-10.el10.x86_64                                             
  libicu-devel-74.2-5.el10.x86_64                                               
  libmount-devel-2.40.2-20.el10.x86_64                                          
  libpng-devel-2:1.6.40-12.el10.x86_64                                          
  libselinux-devel-3.10-2.el10.x86_64                                           
  libsepol-devel-3.10-2.el10.x86_64                                             
  libxml2-devel-2.12.5-11.el10.x86_64                                           
  pcre2-devel-10.44-1.el10.3.x86_64                                             
  pcre2-utf16-10.44-1.el10.3.x86_64                                             
  pcre2-utf32-10.44-1.el10.3.x86_64                                             
  pixman-devel-0.43.4-2.el10.x86_64                                             
  python3-packaging-24.2-2.el10.noarch                                          
  sysprof-capture-devel-47.2-1.el10.x86_64                                      
  xz-devel-1:5.6.2-4.el10.x86_64                                                

Complete!
Note: Deploying sdlada=2.5.20...

geste_examples=1.0.1 successfully retrieved.
Dependencies were solved as follows:

   +  geste         1.1.0  (new)
   +b libsdl2       2.28.5 (new,indirect,system package)
   +b libsdl2_image 2.8.12 (new,indirect,system package)
   +b libsdl2_mixer 2.8.0  (new,indirect,system package)
   +b libsdl2_ttf   2.24.0 (new,indirect,system package)
   +b make          4.4.1  (new,indirect,system package)
   +  sdlada        2.5.20 (new)
[alr test] Spawning default test for remote crate: alr -d -n build --release -- -cargs:Ada -gnatwn
Note: Running pre-build actions for sdlada=2.5.20...
make: Entering directory '/root/.local/share/alire/builds/sdlada_2.5.20_cd53c280/b806e89a70826130f309c821b0062d4880d742c187463f2005eec1b7a4d4d286/build/gnat'
mkdir -p gen/src/
gprbuild -p -gnat2012 -XSDL_MODE=debug -XSDL_PLATFORM=linux \
	-Ptools.gpr
Setup
   [mkdir]        object directory for project Tools
Compile
   [Ada]          gen_keyboard.adb
   [Ada]          scancodes.ads
   [Ada]          utils.adb
Bind
   [gprbind]      gen_keyboard.bexch
   [Ada]          gen_keyboard.ali
Link
   [link]         gen_keyboard.adb
./gen/debug/tools/gen_keyboard > gen/src/sdl-events-keyboards.ads
make: Leaving directory '/root/.local/share/alire/builds/sdlada_2.5.20_cd53c280/b806e89a70826130f309c821b0062d4880d742c187463f2005eec1b7a4d4d286/build/gnat'
Note: Building geste_examples=1.0.1/platformer/platformer.gpr (1/3)...
Setup
   [mkdir]        object directory for project GESTE
   [mkdir]        object directory for project SDLAda
   [mkdir]        object directory for project Platformer
Compile
   [Ada]          main.adb
   [C]            version_ttf.c
   [C]            version_images.c
   [C]            version.c
   [Ada]          sdl-ttfs.adb
   [Ada]          sdl-ttfs-versions.adb
   [Ada]          sdl-ttfs-makers.adb
   [Ada]          sdl-images-io.adb
   [Ada]          sdl-images.adb
   [Ada]          sdl-images-versions.adb
   [Ada]          sdl-video-rectangles.adb
   [Ada]          sdl-video-displays.adb
   [Ada]          sdl-video-textures.adb
   [Ada]          sdl-video-windows-manager.adb
   [Ada]          sdl-video-gl.adb
   [Ada]          sdl-video-windows.adb
   [Ada]          sdl-video-textures-makers.adb
   [Ada]          sdl-video-renderers.adb
   [Ada]          sdl-video-palettes.adb
   [Ada]          sdl-video-renderers-makers.adb
   [Ada]          sdl-video-pixel_formats.adb
   [Ada]          sdl-video-surfaces.adb
   [Ada]          sdl-video-windows-makers.adb
   [Ada]          sdl-video-pixels.ads
   [Ada]          sdl-video.adb
   [Ada]          sdl-video-surfaces-makers.adb
   [Ada]          sdl-rwops.adb
   [Ada]          sdl-rwops-streams.adb
   [Ada]          sdl-inputs-keyboards.adb
   [Ada]          sdl-inputs-mice-cursors.adb
   [Ada]          sdl-inputs-joysticks-game_controllers-makers.adb
   [Ada]          sdl-inputs-joysticks.adb
   [Ada]          sdl-inputs-joysticks-makers.adb
   [Ada]          sdl-inputs-joysticks-game_controllers.adb
sdl-inputs-joysticks.adb:69:04: (style) missing "overriding" indicator in body of "=" [-gnatyO]
sdl-inputs-joysticks.ads:56:04: (style) missing "overriding" indicator in declaration of "=" [-gnatyO]
sdl-inputs-joysticks.ads:56:13: warning: missing overriding indicator for "=" [enabled by default]
   [Ada]          sdl-inputs.ads
   [Ada]          sdl-inputs-mice.adb
   [Ada]          sdl-events-keyboards.adb
   [Ada]          sdl-events-joysticks.adb
   [Ada]          sdl-events-controllers.ads
   [Ada]          sdl-events-events.adb
   [Ada]          sdl-events-windows.ads
   [Ada]          sdl-events-files.ads
   [Ada]          sdl-events-mice.ads
   [Ada]          sdl-events.ads
   [Ada]          sdl-events-joysticks-game_controllers.adb
   [Ada]          sdl-events-touches.ads
   [Ada]          sdl-audio.adb
   [Ada]          sdl-audio-sample_formats.ads
   [Ada]          sdl-audio-devices.adb
   [Ada]          sdl-hints.adb
   [Ada]          sdl-versions.adb
   [Ada]          sdl-libraries.adb
   [Ada]          sdl-platform.adb
   [Ada]          sdl.adb
   [Ada]          sdl-cpus.adb
   [Ada]          sdl-clipboard.adb
   [Ada]          sdl-c_pointers.ads
   [Ada]          sdl-timers.ads
   [Ada]          sdl-power.adb
   [Ada]          sdl-log.adb
   [Ada]          sdl-error.adb
   [Ada]          game.adb
   [Ada]          geste.adb
   [Ada]          geste-text.adb
   [Ada]          geste_config.ads
   [Ada]          geste_fonts.ads
   [Ada]          geste_fonts-freemono5pt7b.ads
   [Ada]          keyboard.adb
   [Ada]          levels.adb
   [Ada]          player.adb
   [Ada]          render.adb
sdl_display.adb:58:31: error: no candidate interpretations match the actuals:
sdl_display.adb:58:31: error: too many arguments in call to "SDL.Video.Windows.Makers.Create"
sdl_display.adb:62:14: error: expected type "Positive_Dimension" defined at sdl.ads:60
sdl_display.adb:62:14: error: found type "Standard.Integer"
sdl_display.adb:62:14: error:   ==> in call to "Create" at sdl-video-windows-makers.ads:23
sdl_display.adb:73:27: error: expected type "Dimension" defined at sdl.ads:58
sdl_display.adb:73:27: error: found type "Standard.Integer"
sdl_display.adb:74:27: error: expected type "Dimension" defined at sdl.ads:58
sdl_display.adb:74:27: error: found type "Standard.Integer"
sdl_display.adb:117:52: error: expected type "Standard.Integer"
sdl_display.adb:117:52: error: found type "Interfaces.C.int"
sdl_display.adb:118:52: error: expected type "Standard.Integer"
sdl_display.adb:118:52: error: found type "Interfaces.C.int"
sdl_display.adb:155:52: error: expected type "Standard.Integer"
sdl_display.adb:155:52: error: found type "Interfaces.C.int"
sdl_display.adb:156:52: error: expected type "Standard.Integer"
sdl_display.adb:156:52: error: found type "Interfaces.C.int"

   compilation of render.adb failed

gprbuild: *** compilation phase failed
stderr: Command ["gprbuild", "-s", "-j0", "-p", "-P", "/home/runner/work/alire-crates-ci/alire-crates-ci/test/d549ab78-7bc1-461b-86eb-795a31cf72fe/geste_examples_1.0.1_14248ed4/platformer/platformer.gpr", "-cargs:Ada", "-gnatwn"] exited with code 4
ERROR: Command ["gprbuild", "-s", "-j0", "-p", "-P", "/home/runner/work/alire-crates-ci/alire-crates-ci/test/d549ab78-7bc1-461b-86eb-795a31cf72fe/geste_examples_1.0.1_14248ed4/platformer/platformer.gpr", "-cargs:Ada", "-gnatwn"] exited with code 4
stderr: ALIRE.CHECKED_ERROR
stderr: Command ["gprbuild", "-s", "-j0", "-p", "-P", "/home/runner/work/alire-crates-ci/alire-crates-ci/test/d549ab78-7bc1-461b-86eb-795a31cf72fe/geste_examples_1.0.1_14248ed4/platformer/platformer.gpr", "-cargs:Ada", "-gnatwn"] exited with code 4
stderr: raised ALIRE.CHECKED_ERROR : alire-stored-error:1
[/usr/bin/alr]
0xe75bc6 Alire.Raise_Checked_Error at alire.adb:284
0xac1a54 Alire.Os_Lib.Subprocess.Checked_Spawn at alire-os_lib-subprocess.adb:111
0xd40276 Alire.Spawn.Command at alire-spawn.adb:22
0xd412ee Alire.Spawn.Gprbuild at alire-spawn.adb:68
0xc748cb Alire.Roots.Build at alire-roots.adb:189
0xc7301a Alire.Roots.Build at alire-roots.adb:255
0xc9832b Alire.Roots.Traverse at alire-roots.adb:2143
0xcfee85 Alire.Solutions.Traverse.Visit at alire-solutions.adb:1472
0xcfdfcc Alire.Solutions.Traverse at alire-solutions.adb:1555
0xc9841e Alire.Roots.Traverse at alire-roots.adb:2147
0xc984dd Alire.Roots.Traverse at alire-roots.adb:2127
0xc7359b Alire.Roots.Build at alire-roots.adb:286
0xc736d7 Alire.Roots.Build at alire-roots.adb:114
0x49aa0d Alr.Commands.Build.Execute at alr-commands-build.adb:145
0x49a36d Alr.Commands.Build.Execute at alr-commands-build.adb:113
0x49a51f Alr.Commands.Build.Execute at alr-commands-build.adb:54
0x53bbcc Alr.Commands.Sub_Cmd.Execute at clic-subcommand-instance.adb:749
0x5472be Alr.Commands.Execute at alr-commands.adb:632
0x43d48a Alr.Main at alr-main.adb:13
0x4403a3 Main at b__alr-main.adb:2445
[/lib64/libc.so.6]
0x7f161f43058c
0x7f161f430647
[/usr/bin/alr]
0x43d323 _start at ???
0xfffffffffffffffe

stderr: ALIRE.ROOTS.BUILD._WRAPPED_STATEMENTS.BUILD_FAILED
stderr: alire-roots.adb:202
stderr: raised ALIRE.ROOTS.BUILD._WRAPPED_STATEMENTS.BUILD_FAILED : alire-roots.adb:202
[/usr/bin/alr]
0xc74cc7 Alire.Roots.Build at alire-roots.adb:202
0xc7301a Alire.Roots.Build at alire-roots.adb:255
0xc9832b Alire.Roots.Traverse at alire-roots.adb:2143
0xcfee85 Alire.Solutions.Traverse.Visit at alire-solutions.adb:1472
0xcfdfcc Alire.Solutions.Traverse at alire-solutions.adb:1555
0xc9841e Alire.Roots.Traverse at alire-roots.adb:2147
0xc984dd Alire.Roots.Traverse at alire-roots.adb:2127
0xc7359b Alire.Roots.Build at alire-roots.adb:286
0xc736d7 Alire.Roots.Build at alire-roots.adb:114
0x49aa0d Alr.Commands.Build.Execute at alr-commands-build.adb:145
0x49a36d Alr.Commands.Build.Execute at alr-commands-build.adb:113
0x49a51f Alr.Commands.Build.Execute at alr-commands-build.adb:54
0x53bbcc Alr.Commands.Sub_Cmd.Execute at clic-subcommand-instance.adb:749
0x5472be Alr.Commands.Execute at alr-commands.adb:632
0x43d48a Alr.Main at alr-main.adb:13
0x4403a3 Main at b__alr-main.adb:2445
[/lib64/libc.so.6]
0x7f161f43058c
0x7f161f430647
[/usr/bin/alr]
0x43d323 _start at ???
0xfffffffffffffffe

ERROR: Compilation failed.
