Test ran at 2026-06-06 01:57:00.988854+00:00

SOLUTION:
cheddar=3.3.0: Cheddar is a real time scheduling analysis tool.
Origin: source archive Cheddar-3.3-src.tar.gz at http://beru.univ-brest.fr/svn/CHEDDAR/releases/Cheddar-3.3-src.tar.gz with hash sha256:aea10b3cf91eec749b09d3c22ba2a97c4d8a1360ef0d95efb7349c0121cb4a16
Properties:
   Post_Fetch run: bash -c -x sed -i.bak -e/CHEDDAR_DIR/s/.src// -es/required_packages[a-z/]*// '-e/^end/s@^@package Install is for Artifacts (".") use ("../graphical_editor/glade_files"); end Install;@' gpr/*.gpr (from ${CRATE_ROOT}/.)
   Post_Fetch run: sed -i.bk2 -e1s/^/with "gtkada";with "ocarina-config"; with "xmlada";/ gpr/cheddar.gpr (from ${CRATE_ROOT}/.)
   Author: Lab-STICC
   Configuration: no modifiers
   Description: Cheddar is a real time scheduling analysis tool.
   Environment: CHEDDAR_DIR=${CRATE_ROOT}
   Environment: CHEDDAR_INSTALL_PATH=${CRATE_ROOT}/graphical_editor/
   Executable: cheddar
   License: GPL-3.0-only
   Long_Description: To run cheddar you should set CHEDDAR_INSTALL_PATH or change
current working directory to the crate root.

   Maintainer: Maxim Reznik <reznikmm@gmail.com>
   Maintainers_Logins: reznikmm
   Name: cheddar
   Project_File: gpr/cheddar.gpr
   Tag: realtime
   Tag: model
   Tag: simulator
   Tag: analyzer
   Version: 3.3.0
   Website: http://beru.univ-brest.fr/cheddar
Dependencies (direct):
   gtkada*
   ocarina_lib=1.1.0-20070603
   xmlada*
Dependencies (solution):
   gnat=15.2.1 (gnat_native)
   gtkada=26.0.0
   libgtk3=3.24.31
   make=4.3.0
   ocarina_lib=1.1.0-20070603
   pkg_config=1.7.3
   xmlada=26.0.0
Dependencies (graph):
   cheddar=3.3.0 --> gtkada=26.0.0 (*)
   cheddar=3.3.0 --> ocarina_lib=1.1.0-20070603 (=1.1.0-20070603)
   cheddar=3.3.0 --> xmlada=26.0.0 (*)
   gtkada=26.0.0 --> libgtk3=3.24.31 (>=3.24.24)
   gtkada=26.0.0 --> make=4.3.0 (*)
   gtkada=26.0.0 --> pkg_config=1.7.3 (*)
   xmlada=26.0.0 --> gnat=15.2.1 (gnat_native) (>=11)


LOG:
[alr test] Testing cheddar=3.3.0
[alr test] Spawning retrieval for remote crate: alr -d -n get cheddar=3.3.0
Note: Deploying cheddar=3.3.0...
#=#=#                                                                         
##O#-#                                                                        
##O=#  #                                                                      
#=#=-#  #                                                                     
-#O#- #   #                                                                   

                                                                           0.0%
                                                                           0.0%
                                                                           0.1%
                                                                           0.1%
                                                                           0.2%
                                                                           0.3%
                                                                           0.5%
                                                                           0.8%
                                                                           1.0%
#                                                                          1.6%
#                                                                          2.2%
##                                                                         3.3%
###                                                                        4.4%
####                                                                       6.7%
######                                                                     9.0%
########                                                                  12.0%
##########                                                                14.7%
############                                                              17.5%
##############                                                            20.3%
################                                                          23.0%
##################                                                        25.9%
####################                                                      28.7%
######################                                                    31.5%
########################                                                  34.3%
##########################                                                37.2%
############################                                              39.9%
##############################                                            42.7%
################################                                          45.5%
##################################                                        48.3%
####################################                                      51.0%
######################################                                    53.9%
########################################                                  56.7%
##########################################                                59.4%
############################################                              62.2%
##############################################                            64.9%
################################################                          67.8%
##################################################                        70.7%
####################################################                      73.5%
#######################################################                   76.4%
#########################################################                 79.3%
###########################################################               82.0%
#############################################################             84.8%
###############################################################           87.6%
#################################################################         90.4%
###################################################################       93.2%
#####################################################################     96.0%
#######################################################################   98.8%
######################################################################## 100.0%
Note: Deploying libgtk3=3.24.31...
The system package 'gtk3-devel' is about to be installed.
This action might require admin privileges and impact your system installation.
Do you want Alire to install this system package?
Using default: Yes
Last metadata expiration check: 0:27:03 ago on Sat Jun  6 01:26:00 2026.
Dependencies resolved.
========================================================================================
 Package                                   Arch    Version              Repo        Size
========================================================================================
Installing:
 gtk3-devel                                x86_64  3.24.31-8.el9        appstream  4.3 M
Installing dependencies:
 ModemManager-glib                         x86_64  1.20.2-1.el9         baseos     335 k
 adobe-source-code-pro-fonts               noarch  2.030.1.050-12.el9.1 baseos     832 k
 adwaita-cursor-theme                      noarch  40.1.1-3.el9         appstream  650 k
 adwaita-icon-theme                        noarch  40.1.1-3.el9         appstream   12 M
 alsa-lib                                  x86_64  1.2.15.3-1.el9       appstream  544 k
 at-spi2-atk                               x86_64  2.38.0-4.el9         appstream   87 k
 at-spi2-atk-devel                         x86_64  2.38.0-4.el9         appstream   11 k
 at-spi2-core                              x86_64  2.40.3-1.el9         appstream  195 k
 at-spi2-core-devel                        x86_64  2.40.3-1.el9         appstream  148 k
 atk                                       x86_64  2.36.0-5.el9         appstream  292 k
 atk-devel                                 x86_64  2.36.0-5.el9         appstream  190 k
 avahi-glib                                x86_64  0.8-24.el9           appstream   13 k
 avahi-libs                                x86_64  0.8-24.el9           baseos      66 k
 bluez-libs                                x86_64  5.86-2.el9           baseos      82 k
 brotli                                    x86_64  1.0.9-7.el9          appstream  312 k
 brotli-devel                              x86_64  1.0.9-7.el9          appstream   31 k
 bubblewrap                                x86_64  0.6.3-1.el9          baseos      57 k
 bzip2-devel                               x86_64  1.0.8-10.el9         appstream  214 k
 cairo                                     x86_64  1.17.4-7.el9         appstream  660 k
 cairo-devel                               x86_64  1.17.4-7.el9         appstream  209 k
 cairo-gobject                             x86_64  1.17.4-7.el9         appstream   19 k
 cairo-gobject-devel                       x86_64  1.17.4-7.el9         appstream   11 k
 cmake-filesystem                          x86_64  3.31.8-3.el9         appstream   19 k
 colord-libs                               x86_64  1.4.5-4.el9          appstream  229 k
 composefs-libs                            x86_64  1.0.8-1.el9          appstream   54 k
 cups-libs                                 x86_64  1:2.3.3op2-38.el9    baseos     260 k
 dbus-devel                                x86_64  1:1.12.20-8.el9      appstream   37 k
 fdk-aac-free                              x86_64  2.0.0-8.el9          appstream  325 k
 fftw-libs-single                          x86_64  3.3.8-14.el9         appstream  935 k
 flac-libs                                 x86_64  1.3.3-12.el9         appstream  218 k
 flatpak-session-helper                    x86_64  1.12.9-5.el9         appstream   72 k
 fontconfig-devel                          x86_64  2.14.0-2.el9         appstream  174 k
 freetype-devel                            x86_64  2.10.4-11.el9        appstream  1.1 M
 fribidi                                   x86_64  1.0.10-6.el9.2       appstream   85 k
 fribidi-devel                             x86_64  1.0.10-6.el9.2       appstream   27 k
 fuse                                      x86_64  2.9.9-17.el9         baseos      80 k
 fuse-common                               x86_64  3.10.2-9.el9         baseos     8.3 k
 fuse-libs                                 x86_64  2.9.9-17.el9         baseos      97 k
 gdk-pixbuf2                               x86_64  2.42.6-7.el9         appstream  491 k
 gdk-pixbuf2-devel                         x86_64  2.42.6-7.el9         appstream   65 k
 gdk-pixbuf2-modules                       x86_64  2.42.6-7.el9         appstream   87 k
 geoclue2                                  x86_64  2.6.0-7.el9          appstream  124 k
 gettext                                   x86_64  0.21-8.el9           baseos     1.1 M
 gettext-libs                              x86_64  0.21-8.el9           baseos     303 k
 glib-networking                           x86_64  2.68.3-3.el9         baseos     186 k
 glib2-devel                               x86_64  2.68.4-16.el9        appstream  552 k
 graphite2-devel                           x86_64  1.3.14-9.el9         appstream   22 k
 gsettings-desktop-schemas                 x86_64  40.0-8.el9           baseos     682 k
 gsm                                       x86_64  1.0.19-6.el9         appstream   34 k
 gstreamer1                                x86_64  1.22.12-3.el9        appstream  1.4 M
 gtk-update-icon-cache                     x86_64  3.24.31-8.el9        appstream   33 k
 gtk3                                      x86_64  3.24.31-8.el9        appstream  4.9 M
 harfbuzz-devel                            x86_64  2.7.4-10.el9         appstream  347 k
 harfbuzz-icu                              x86_64  2.7.4-10.el9         appstream   14 k
 hicolor-icon-theme                        noarch  0.17-13.el9          appstream  219 k
 hwdata                                    noarch  0.348-9.22.el9       baseos     1.7 M
 jbigkit-libs                              x86_64  2.1-23.el9           appstream   53 k
 json-glib                                 x86_64  1.6.6-1.el9          baseos     163 k
 lcms2                                     x86_64  2.12-3.el9           appstream  168 k
 libX11-devel                              x86_64  1.7.0-11.el9         appstream  1.1 M
 libXau-devel                              x86_64  1.0.9-8.el9          appstream   14 k
 libXcomposite                             x86_64  0.4.5-7.el9          appstream   24 k
 libXcomposite-devel                       x86_64  0.4.5-7.el9          appstream   17 k
 libXcursor                                x86_64  1.2.0-7.el9          appstream   31 k
 libXcursor-devel                          x86_64  1.2.0-7.el9          appstream   26 k
 libXdamage                                x86_64  1.1.5-7.el9          appstream   23 k
 libXdamage-devel                          x86_64  1.1.5-7.el9          appstream   10 k
 libXext                                   x86_64  1.3.4-8.el9          appstream   40 k
 libXext-devel                             x86_64  1.3.4-8.el9          appstream   87 k
 libXfixes                                 x86_64  5.0.3-16.el9         appstream   20 k
 libXfixes-devel                           x86_64  5.0.3-16.el9         appstream   13 k
 libXft                                    x86_64  2.3.3-8.el9          appstream   62 k
 libXft-devel                              x86_64  2.3.3-8.el9          appstream   19 k
 libXi                                     x86_64  1.7.10-8.el9         appstream   40 k
 libXi-devel                               x86_64  1.7.10-8.el9         appstream  113 k
 libXinerama                               x86_64  1.1.4-10.el9         appstream   15 k
 libXinerama-devel                         x86_64  1.1.4-10.el9         appstream   14 k
 libXrandr                                 x86_64  1.5.2-8.el9          appstream   28 k
 libXrandr-devel                           x86_64  1.5.2-8.el9          appstream   20 k
 libXrender                                x86_64  0.9.10-16.el9        appstream   28 k
 libXrender-devel                          x86_64  0.9.10-16.el9        appstream   17 k
 libXtst                                   x86_64  1.2.3-16.el9         appstream   21 k
 libXtst-devel                             x86_64  1.2.3-16.el9         appstream   17 k
 libXxf86vm                                x86_64  1.1.4-18.el9         appstream   19 k
 libappstream-glib                         x86_64  0.7.18-5.el9         appstream  395 k
 libasyncns                                x86_64  0.8-22.el9           appstream   30 k
 libblkid-devel                            x86_64  2.37.4-21.el9        appstream   17 k
 libcanberra                               x86_64  0.30-27.el9          appstream   86 k
 libdatrie                                 x86_64  0.2.13-4.el9         appstream   33 k
 libdatrie-devel                           x86_64  0.2.13-4.el9         appstream  142 k
 libdrm                                    x86_64  2.4.128-1.el9        baseos     162 k
 libepoxy                                  x86_64  1.5.5-4.el9          appstream  241 k
 libepoxy-devel                            x86_64  1.5.5-4.el9          appstream  134 k
 libffi-devel                              x86_64  3.4.2-8.el9          appstream   29 k
 libglvnd                                  x86_64  1:1.3.4-1.el9        appstream  135 k
 libglvnd-core-devel                       x86_64  1:1.3.4-1.el9        appstream   18 k
 libglvnd-devel                            x86_64  1:1.3.4-1.el9        appstream  161 k
 libglvnd-egl                              x86_64  1:1.3.4-1.el9        appstream   37 k
 libglvnd-gles                             x86_64  1:1.3.4-1.el9        appstream   33 k
 libglvnd-glx                              x86_64  1:1.3.4-1.el9        appstream  142 k
 libglvnd-opengl                           x86_64  1:1.3.4-1.el9        appstream   43 k
 libgusb                                   x86_64  0.3.8-2.el9          baseos      51 k
 libicu                                    x86_64  67.1-10.el9          baseos     9.6 M
 libicu-devel                              x86_64  67.1-10.el9          appstream  937 k
 libjpeg-turbo                             x86_64  2.0.90-7.el9         appstream  175 k
 libldac                                   x86_64  2.0.2.3-10.el9       appstream   41 k
 libmount-devel                            x86_64  2.37.4-21.el9        appstream   18 k
 libnotify                                 x86_64  0.7.9-8.el9          appstream   44 k
 libogg                                    x86_64  2:1.3.4-6.el9        appstream   34 k
 libpciaccess                              x86_64  0.16-7.el9           baseos      27 k
 libpng-devel                              x86_64  2:1.6.37-12.el9      appstream  293 k
 libproxy                                  x86_64  0.4.15-35.el9        baseos      74 k
 librsvg2                                  x86_64  2.50.7-3.el9         appstream  3.2 M
 libsbc                                    x86_64  1.4-10.el9           appstream   43 k
 libselinux-devel                          x86_64  3.6-3.el9            appstream  159 k
 libsepol-devel                            x86_64  3.6-3.el9            appstream   47 k
 libsndfile                                x86_64  1.0.31-10.el9        appstream  205 k
 libsoup                                   x86_64  2.72.0-17.el9        appstream  404 k
 libstemmer                                x86_64  0-18.585svn.el9      appstream   83 k
 libtdb                                    x86_64  1.4.14-1.el9         baseos      53 k
 libthai                                   x86_64  0.1.28-8.el9         appstream  208 k
 libthai-devel                             x86_64  0.1.28-8.el9         appstream  134 k
 libtiff                                   x86_64  4.4.0-18.el9         appstream  196 k
 libtiff-devel                             x86_64  4.4.0-18.el9         appstream  570 k
 libtracker-sparql                         x86_64  3.1.2-3.el9          appstream  324 k
 libusbx                                   x86_64  1.0.26-1.el9         baseos      76 k
 libvorbis                                 x86_64  1:1.3.7-5.el9        appstream  193 k
 libwayland-client                         x86_64  1.21.0-1.el9         appstream   33 k
 libwayland-cursor                         x86_64  1.21.0-1.el9         appstream   19 k
 libwayland-egl                            x86_64  1.21.0-1.el9         appstream   13 k
 libwayland-server                         x86_64  1.21.0-1.el9         appstream   42 k
 libwebp                                   x86_64  1.2.0-8.el9          appstream  277 k
 libxcb-devel                              x86_64  1.13.1-9.el9         appstream  1.5 M
 libxkbcommon                              x86_64  1.0.3-4.el9          appstream  133 k
 libxkbcommon-devel                        x86_64  1.0.3-4.el9          appstream   62 k
 libxml2-devel                             x86_64  2.9.13-12.el9        appstream  898 k
 libxshmfence                              x86_64  1.3-10.el9           appstream   13 k
 low-memory-monitor                        x86_64  2.1-4.el9            appstream   36 k
 mesa-dri-drivers                          x86_64  25.0.7-2.el9         appstream  9.7 M
 mesa-filesystem                           x86_64  25.0.7-2.el9         appstream   11 k
 mesa-libEGL                               x86_64  25.0.7-2.el9         appstream  136 k
 mesa-libGL                                x86_64  25.0.7-2.el9         appstream  154 k
 mesa-libgbm                               x86_64  25.0.7-2.el9         appstream   16 k
 opus                                      x86_64  1.3.1-10.el9         appstream  200 k
 ostree-libs                               x86_64  2026.1-1.el9         appstream  485 k
 pango                                     x86_64  1.48.7-4.el9         appstream  304 k
 pango-devel                               x86_64  1.48.7-4.el9         appstream  147 k
 pcre-cpp                                  x86_64  8.44-4.el9           appstream   26 k
 pcre-devel                                x86_64  8.44-4.el9           appstream  506 k
 pcre-utf16                                x86_64  8.44-4.el9           appstream  184 k
 pcre-utf32                                x86_64  8.44-4.el9           appstream  174 k
 pcre2-devel                               x86_64  10.40-6.el9          appstream  512 k
 pcre2-utf16                               x86_64  10.40-6.el9          appstream  214 k
 pcre2-utf32                               x86_64  10.40-6.el9          appstream  203 k
 pipewire-jack-audio-connection-kit-libs   x86_64  1.4.11-1.el9         appstream  151 k
 pipewire-libs                             x86_64  1.4.11-1.el9         appstream  2.5 M
 pixman                                    x86_64  0.40.0-6.el9         appstream  269 k
 pixman-devel                              x86_64  0.40.0-6.el9         appstream   17 k
 polkit                                    x86_64  0.117-16.el9         baseos     154 k
 polkit-libs                               x86_64  0.117-16.el9         baseos     8.3 M
 pulseaudio-libs                           x86_64  15.0-3.el9           appstream  676 k
 rtkit                                     x86_64  0.11-29.el9          appstream   56 k
 shared-mime-info                          x86_64  2.1-5.el9            baseos     558 k
 sound-theme-freedesktop                   noarch  0.8-17.el9           appstream  383 k
 spirv-tools-libs                          x86_64  2026.1-1.el9         appstream  1.6 M
 sysprof-capture-devel                     x86_64  3.40.1-3.el9         appstream   60 k
 wayland-devel                             x86_64  1.21.0-1.el9         appstream  145 k
 webkit2gtk3-jsc                           x86_64  2.52.3-1.el9         appstream  8.9 M
 webrtc-audio-processing                   x86_64  0.3.1-8.el9          appstream  306 k
 which                                     x86_64  2.21-30.el9          baseos      41 k
 wireplumber                               x86_64  0.5.12-1.el9         appstream  123 k
 wireplumber-libs                          x86_64  0.5.12-1.el9         appstream  443 k
 xdg-dbus-proxy                            x86_64  0.1.3-1.el9          appstream   42 k
 xdg-desktop-portal                        x86_64  1.12.6-1.el9         appstream  385 k
 xkeyboard-config                          noarch  2.33-2.el9           appstream  859 k
 xorg-x11-proto-devel                      noarch  2024.1-1.el9         appstream  310 k
 xz-devel                                  x86_64  5.2.5-8.el9          appstream   55 k
 zlib-devel                                x86_64  1.2.11-41.el9        appstream   45 k
Installing weak dependencies:
 abattis-cantarell-fonts                   noarch  0.301-4.el9          appstream  365 k
 dconf                                     x86_64  0.40.0-6.el9         appstream  113 k
 flatpak                                   x86_64  1.12.9-5.el9         appstream  1.7 M
 libcanberra-gtk3                          x86_64  0.30-27.el9          appstream   32 k
 libproxy-webkitgtk4                       x86_64  0.4.15-35.el9        appstream   22 k
 p11-kit-server                            x86_64  0.25.10-1.el9        appstream   22 k
 pipewire                                  x86_64  1.4.11-1.el9         appstream  130 k
 pipewire-alsa                             x86_64  1.4.11-1.el9         appstream   66 k
 pipewire-jack-audio-connection-kit        x86_64  1.4.11-1.el9         appstream  7.5 k
 pipewire-pulseaudio                       x86_64  1.4.11-1.el9         appstream  209 k
 polkit-pkla-compat                        x86_64  0.1-21.el9           baseos      47 k
 tracker                                   x86_64  3.1.2-3.el9          appstream  555 k
 xdg-desktop-portal-gtk                    x86_64  1.12.0-3.el9         appstream  134 k

Transaction Summary
========================================================================================
Install  192 Packages

Total download size: 103 M
Installed size: 386 M
Downloading Packages:
(1/192): avahi-libs-0.8-24.el9.x86_64.rpm       174 kB/s |  66 kB     00:00    
(2/192): bluez-libs-5.86-2.el9.x86_64.rpm       582 kB/s |  82 kB     00:00    
(3/192): bubblewrap-0.6.3-1.el9.x86_64.rpm      686 kB/s |  57 kB     00:00    
(4/192): ModemManager-glib-1.20.2-1.el9.x86_64. 532 kB/s | 335 kB     00:00    
(5/192): fuse-2.9.9-17.el9.x86_64.rpm           935 kB/s |  80 kB     00:00    
(6/192): fuse-common-3.10.2-9.el9.x86_64.rpm    108 kB/s | 8.3 kB     00:00    
(7/192): cups-libs-2.3.3op2-38.el9.x86_64.rpm   1.2 MB/s | 260 kB     00:00    
(8/192): adobe-source-code-pro-fonts-2.030.1.05 980 kB/s | 832 kB     00:00    
(9/192): fuse-libs-2.9.9-17.el9.x86_64.rpm      1.1 MB/s |  97 kB     00:00    
(10/192): gettext-libs-0.21-8.el9.x86_64.rpm    3.1 MB/s | 303 kB     00:00    
(11/192): glib-networking-2.68.3-3.el9.x86_64.r 1.8 MB/s | 186 kB     00:00    
(12/192): gettext-0.21-8.el9.x86_64.rpm         3.9 MB/s | 1.1 MB     00:00    
(13/192): gsettings-desktop-schemas-40.0-8.el9. 2.9 MB/s | 682 kB     00:00    
(14/192): json-glib-1.6.6-1.el9.x86_64.rpm      2.1 MB/s | 163 kB     00:00    
(15/192): libdrm-2.4.128-1.el9.x86_64.rpm       1.9 MB/s | 162 kB     00:00    
(16/192): libgusb-0.3.8-2.el9.x86_64.rpm        713 kB/s |  51 kB     00:00    
(17/192): libpciaccess-0.16-7.el9.x86_64.rpm    380 kB/s |  27 kB     00:00    
(18/192): hwdata-0.348-9.22.el9.noarch.rpm      4.2 MB/s | 1.7 MB     00:00    
(19/192): libproxy-0.4.15-35.el9.x86_64.rpm     1.0 MB/s |  74 kB     00:00    
(20/192): libtdb-1.4.14-1.el9.x86_64.rpm        692 kB/s |  53 kB     00:00    
(21/192): libusbx-1.0.26-1.el9.x86_64.rpm       1.0 MB/s |  76 kB     00:00    
(22/192): polkit-0.117-16.el9.x86_64.rpm        1.9 MB/s | 154 kB     00:00    
(23/192): polkit-pkla-compat-0.1-21.el9.x86_64. 619 kB/s |  47 kB     00:00    
(24/192): shared-mime-info-2.1-5.el9.x86_64.rpm 6.1 MB/s | 558 kB     00:00    
(25/192): which-2.21-30.el9.x86_64.rpm          540 kB/s |  41 kB     00:00    
(26/192): libicu-67.1-10.el9.x86_64.rpm          17 MB/s | 9.6 MB     00:00    
(27/192): polkit-libs-0.117-16.el9.x86_64.rpm    18 MB/s | 8.3 MB     00:00    
(28/192): abattis-cantarell-fonts-0.301-4.el9.n 591 kB/s | 365 kB     00:00    
(29/192): adwaita-cursor-theme-40.1.1-3.el9.noa 1.0 MB/s | 650 kB     00:00    
(30/192): at-spi2-atk-2.38.0-4.el9.x86_64.rpm   794 kB/s |  87 kB     00:00    
(31/192): alsa-lib-1.2.15.3-1.el9.x86_64.rpm    2.5 MB/s | 544 kB     00:00    
(32/192): at-spi2-atk-devel-2.38.0-4.el9.x86_64  98 kB/s |  11 kB     00:00    
(33/192): at-spi2-core-2.40.3-1.el9.x86_64.rpm  1.4 MB/s | 195 kB     00:00    
(34/192): at-spi2-core-devel-2.40.3-1.el9.x86_6 1.0 MB/s | 148 kB     00:00    
(35/192): atk-2.36.0-5.el9.x86_64.rpm           1.3 MB/s | 292 kB     00:00    
(36/192): atk-devel-2.36.0-5.el9.x86_64.rpm     1.2 MB/s | 190 kB     00:00    
(37/192): avahi-glib-0.8-24.el9.x86_64.rpm      146 kB/s |  13 kB     00:00    
(38/192): brotli-1.0.9-7.el9.x86_64.rpm         1.6 MB/s | 312 kB     00:00    
(39/192): brotli-devel-1.0.9-7.el9.x86_64.rpm   284 kB/s |  31 kB     00:00    
(40/192): bzip2-devel-1.0.8-10.el9.x86_64.rpm   1.3 MB/s | 214 kB     00:00    
(41/192): cairo-1.17.4-7.el9.x86_64.rpm         2.6 MB/s | 660 kB     00:00    
(42/192): cairo-devel-1.17.4-7.el9.x86_64.rpm   1.4 MB/s | 209 kB     00:00    
(43/192): cairo-gobject-1.17.4-7.el9.x86_64.rpm 212 kB/s |  19 kB     00:00    
(44/192): cairo-gobject-devel-1.17.4-7.el9.x86_ 124 kB/s |  11 kB     00:00    
(45/192): cmake-filesystem-3.31.8-3.el9.x86_64. 207 kB/s |  19 kB     00:00    
(46/192): composefs-libs-1.0.8-1.el9.x86_64.rpm 592 kB/s |  54 kB     00:00    
(47/192): colord-libs-1.4.5-4.el9.x86_64.rpm    1.6 MB/s | 229 kB     00:00    
(48/192): dbus-devel-1.12.20-8.el9.x86_64.rpm   334 kB/s |  37 kB     00:00    
(49/192): dconf-0.40.0-6.el9.x86_64.rpm         1.0 MB/s | 113 kB     00:00    
(50/192): fdk-aac-free-2.0.0-8.el9.x86_64.rpm   2.0 MB/s | 325 kB     00:00    
(51/192): flac-libs-1.3.3-12.el9.x86_64.rpm     1.5 MB/s | 218 kB     00:00    
(52/192): fftw-libs-single-3.3.8-14.el9.x86_64. 2.9 MB/s | 935 kB     00:00    
(53/192): flatpak-session-helper-1.12.9-5.el9.x 664 kB/s |  72 kB     00:00    
(54/192): fontconfig-devel-2.14.0-2.el9.x86_64. 1.4 MB/s | 174 kB     00:00    
(55/192): flatpak-1.12.9-5.el9.x86_64.rpm       3.8 MB/s | 1.7 MB     00:00    
(56/192): fribidi-1.0.10-6.el9.2.x86_64.rpm     932 kB/s |  85 kB     00:00    
(57/192): freetype-devel-2.10.4-11.el9.x86_64.r 3.0 MB/s | 1.1 MB     00:00    
(58/192): adwaita-icon-theme-40.1.1-3.el9.noarc 4.2 MB/s |  12 MB     00:02    
(59/192): fribidi-devel-1.0.10-6.el9.2.x86_64.r 195 kB/s |  27 kB     00:00    
(60/192): gdk-pixbuf2-2.42.6-7.el9.x86_64.rpm   4.4 MB/s | 491 kB     00:00    
(61/192): gdk-pixbuf2-modules-2.42.6-7.el9.x86_ 809 kB/s |  87 kB     00:00    
(62/192): gdk-pixbuf2-devel-2.42.6-7.el9.x86_64 568 kB/s |  65 kB     00:00    
(63/192): geoclue2-2.6.0-7.el9.x86_64.rpm       1.3 MB/s | 124 kB     00:00    
(64/192): graphite2-devel-1.3.14-9.el9.x86_64.r 240 kB/s |  22 kB     00:00    
(65/192): gsm-1.0.19-6.el9.x86_64.rpm           374 kB/s |  34 kB     00:00    
(66/192): glib2-devel-2.68.4-16.el9.x86_64.rpm  4.0 MB/s | 552 kB     00:00    
(67/192): gtk-update-icon-cache-3.24.31-8.el9.x 364 kB/s |  33 kB     00:00    
(68/192): gstreamer1-1.22.12-3.el9.x86_64.rpm    11 MB/s | 1.4 MB     00:00    
(69/192): gtk3-3.24.31-8.el9.x86_64.rpm          20 MB/s | 4.9 MB     00:00    
(70/192): harfbuzz-devel-2.7.4-10.el9.x86_64.rp 1.7 MB/s | 347 kB     00:00    
(71/192): harfbuzz-icu-2.7.4-10.el9.x86_64.rpm  149 kB/s |  14 kB     00:00    
(72/192): gtk3-devel-3.24.31-8.el9.x86_64.rpm    15 MB/s | 4.3 MB     00:00    
(73/192): hicolor-icon-theme-0.17-13.el9.noarch 2.2 MB/s | 219 kB     00:00    
(74/192): jbigkit-libs-2.1-23.el9.x86_64.rpm    582 kB/s |  53 kB     00:00    
(75/192): lcms2-2.12-3.el9.x86_64.rpm           1.8 MB/s | 168 kB     00:00    
(76/192): libXau-devel-1.0.9-8.el9.x86_64.rpm   158 kB/s |  14 kB     00:00    
(77/192): libX11-devel-1.7.0-11.el9.x86_64.rpm  7.3 MB/s | 1.1 MB     00:00    
(78/192): libXcomposite-0.4.5-7.el9.x86_64.rpm  255 kB/s |  24 kB     00:00    
(79/192): libXcomposite-devel-0.4.5-7.el9.x86_6 162 kB/s |  17 kB     00:00    
(80/192): libXcursor-1.2.0-7.el9.x86_64.rpm     335 kB/s |  31 kB     00:00    
(81/192): libXcursor-devel-1.2.0-7.el9.x86_64.r 275 kB/s |  26 kB     00:00    
(82/192): libXdamage-1.1.5-7.el9.x86_64.rpm     251 kB/s |  23 kB     00:00    
(83/192): libXdamage-devel-1.1.5-7.el9.x86_64.r 113 kB/s |  10 kB     00:00    
(84/192): libXext-1.3.4-8.el9.x86_64.rpm        387 kB/s |  40 kB     00:00    
(85/192): libXext-devel-1.3.4-8.el9.x86_64.rpm  949 kB/s |  87 kB     00:00    
(86/192): libXfixes-5.0.3-16.el9.x86_64.rpm     216 kB/s |  20 kB     00:00    
(87/192): libXfixes-devel-5.0.3-16.el9.x86_64.r 127 kB/s |  13 kB     00:00    
(88/192): libXft-2.3.3-8.el9.x86_64.rpm         680 kB/s |  62 kB     00:00    
(89/192): libXft-devel-2.3.3-8.el9.x86_64.rpm   183 kB/s |  19 kB     00:00    
(90/192): libXi-1.7.10-8.el9.x86_64.rpm         436 kB/s |  40 kB     00:00    
(91/192): libXinerama-1.1.4-10.el9.x86_64.rpm   165 kB/s |  15 kB     00:00    
(92/192): libXi-devel-1.7.10-8.el9.x86_64.rpm   983 kB/s | 113 kB     00:00    
(93/192): libXinerama-devel-1.1.4-10.el9.x86_64 136 kB/s |  14 kB     00:00    
(94/192): libXrandr-1.5.2-8.el9.x86_64.rpm      312 kB/s |  28 kB     00:00    
(95/192): libXrender-0.9.10-16.el9.x86_64.rpm   308 kB/s |  28 kB     00:00    
(96/192): libXrender-devel-0.9.10-16.el9.x86_64 183 kB/s |  17 kB     00:00    
(97/192): libXtst-1.2.3-16.el9.x86_64.rpm       235 kB/s |  21 kB     00:00    
(98/192): libXrandr-devel-1.5.2-8.el9.x86_64.rp  90 kB/s |  20 kB     00:00    
(99/192): libXtst-devel-1.2.3-16.el9.x86_64.rpm 157 kB/s |  17 kB     00:00    
(100/192): libXxf86vm-1.1.4-18.el9.x86_64.rpm   206 kB/s |  19 kB     00:00    
(101/192): libasyncns-0.8-22.el9.x86_64.rpm     334 kB/s |  30 kB     00:00    
(102/192): libappstream-glib-0.7.18-5.el9.x86_6 2.1 MB/s | 395 kB     00:00    
(103/192): libblkid-devel-2.37.4-21.el9.x86_64. 157 kB/s |  17 kB     00:00    
(104/192): libcanberra-0.30-27.el9.x86_64.rpm   941 kB/s |  86 kB     00:00    
(105/192): libcanberra-gtk3-0.30-27.el9.x86_64. 348 kB/s |  32 kB     00:00    
(106/192): libdatrie-0.2.13-4.el9.x86_64.rpm    359 kB/s |  33 kB     00:00    
(107/192): libdatrie-devel-0.2.13-4.el9.x86_64. 1.2 MB/s | 142 kB     00:00    
(108/192): libepoxy-1.5.5-4.el9.x86_64.rpm      1.6 MB/s | 241 kB     00:00    
(109/192): libepoxy-devel-1.5.5-4.el9.x86_64.rp 927 kB/s | 134 kB     00:00    
(110/192): libffi-devel-3.4.2-8.el9.x86_64.rpm  323 kB/s |  29 kB     00:00    
(111/192): libglvnd-1.3.4-1.el9.x86_64.rpm      1.4 MB/s | 135 kB     00:00    
(112/192): libglvnd-core-devel-1.3.4-1.el9.x86_ 174 kB/s |  18 kB     00:00    
(113/192): libglvnd-devel-1.3.4-1.el9.x86_64.rp 1.3 MB/s | 161 kB     00:00    
(114/192): libglvnd-egl-1.3.4-1.el9.x86_64.rpm  381 kB/s |  37 kB     00:00    
(115/192): libglvnd-gles-1.3.4-1.el9.x86_64.rpm 290 kB/s |  33 kB     00:00    
(116/192): libglvnd-glx-1.3.4-1.el9.x86_64.rpm  1.1 MB/s | 142 kB     00:00    
(117/192): libglvnd-opengl-1.3.4-1.el9.x86_64.r 376 kB/s |  43 kB     00:00    
(118/192): libjpeg-turbo-2.0.90-7.el9.x86_64.rp 1.9 MB/s | 175 kB     00:00    
(119/192): libldac-2.0.2.3-10.el9.x86_64.rpm    452 kB/s |  41 kB     00:00    
(120/192): libmount-devel-2.37.4-21.el9.x86_64. 171 kB/s |  18 kB     00:00    
(121/192): libnotify-0.7.9-8.el9.x86_64.rpm     404 kB/s |  44 kB     00:00    
(122/192): libicu-devel-67.1-10.el9.x86_64.rpm  2.9 MB/s | 937 kB     00:00    
(123/192): libogg-1.3.4-6.el9.x86_64.rpm        368 kB/s |  34 kB     00:00    
(124/192): libpng-devel-1.6.37-12.el9.x86_64.rp 2.3 MB/s | 293 kB     00:00    
(125/192): libproxy-webkitgtk4-0.4.15-35.el9.x8 235 kB/s |  22 kB     00:00    
(126/192): libsbc-1.4-10.el9.x86_64.rpm         469 kB/s |  43 kB     00:00    
(127/192): librsvg2-2.50.7-3.el9.x86_64.rpm      19 MB/s | 3.2 MB     00:00    
(128/192): libselinux-devel-3.6-3.el9.x86_64.rp 997 kB/s | 159 kB     00:00    
(129/192): libsepol-devel-3.6-3.el9.x86_64.rpm  517 kB/s |  47 kB     00:00    
(130/192): libsndfile-1.0.31-10.el9.x86_64.rpm  2.2 MB/s | 205 kB     00:00    
(131/192): libsoup-2.72.0-17.el9.x86_64.rpm     4.1 MB/s | 404 kB     00:00    
(132/192): libstemmer-0-18.585svn.el9.x86_64.rp 773 kB/s |  83 kB     00:00    
(133/192): libthai-0.1.28-8.el9.x86_64.rpm      2.2 MB/s | 208 kB     00:00    
(134/192): libthai-devel-0.1.28-8.el9.x86_64.rp 1.1 MB/s | 134 kB     00:00    
(135/192): libtiff-4.4.0-18.el9.x86_64.rpm      1.4 MB/s | 196 kB     00:00    
(136/192): libtiff-devel-4.4.0-18.el9.x86_64.rp 3.4 MB/s | 570 kB     00:00    
(137/192): libtracker-sparql-3.1.2-3.el9.x86_64 3.4 MB/s | 324 kB     00:00    
(138/192): libvorbis-1.3.7-5.el9.x86_64.rpm     2.0 MB/s | 193 kB     00:00    
(139/192): libwayland-client-1.21.0-1.el9.x86_6 367 kB/s |  33 kB     00:00    
(140/192): libwayland-cursor-1.21.0-1.el9.x86_6 213 kB/s |  19 kB     00:00    
(141/192): libwayland-egl-1.21.0-1.el9.x86_64.r 141 kB/s |  13 kB     00:00    
(142/192): libwayland-server-1.21.0-1.el9.x86_6 456 kB/s |  42 kB     00:00    
(143/192): libwebp-1.2.0-8.el9.x86_64.rpm       2.5 MB/s | 277 kB     00:00    
(144/192): libxcb-devel-1.13.1-9.el9.x86_64.rpm  12 MB/s | 1.5 MB     00:00    
(145/192): libxkbcommon-1.0.3-4.el9.x86_64.rpm  1.0 MB/s | 133 kB     00:00    
(146/192): libxkbcommon-devel-1.0.3-4.el9.x86_6 580 kB/s |  62 kB     00:00    
(147/192): libxshmfence-1.3-10.el9.x86_64.rpm   137 kB/s |  13 kB     00:00    
(148/192): libxml2-devel-2.9.13-12.el9.x86_64.r 6.8 MB/s | 898 kB     00:00    
(149/192): low-memory-monitor-2.1-4.el9.x86_64. 395 kB/s |  36 kB     00:00    
(150/192): mesa-filesystem-25.0.7-2.el9.x86_64. 103 kB/s |  11 kB     00:00    
(151/192): mesa-libEGL-25.0.7-2.el9.x86_64.rpm  1.1 MB/s | 136 kB     00:00    
(152/192): mesa-libgbm-25.0.7-2.el9.x86_64.rpm  160 kB/s |  16 kB     00:00    
(153/192): mesa-libGL-25.0.7-2.el9.x86_64.rpm   926 kB/s | 154 kB     00:00    
(154/192): opus-1.3.1-10.el9.x86_64.rpm         948 kB/s | 200 kB     00:00    
(155/192): ostree-libs-2026.1-1.el9.x86_64.rpm  2.7 MB/s | 485 kB     00:00    
(156/192): mesa-dri-drivers-25.0.7-2.el9.x86_64  19 MB/s | 9.7 MB     00:00    
(157/192): p11-kit-server-0.25.10-1.el9.x86_64.  90 kB/s |  22 kB     00:00    
(158/192): pango-1.48.7-4.el9.x86_64.rpm        1.2 MB/s | 304 kB     00:00    
(159/192): pcre-cpp-8.44-4.el9.x86_64.rpm       279 kB/s |  26 kB     00:00    
(160/192): pango-devel-1.48.7-4.el9.x86_64.rpm  472 kB/s | 147 kB     00:00    
(161/192): pcre-utf16-8.44-4.el9.x86_64.rpm     2.0 MB/s | 184 kB     00:00    
(162/192): pcre-utf32-8.44-4.el9.x86_64.rpm     1.8 MB/s | 174 kB     00:00    
(163/192): pcre-devel-8.44-4.el9.x86_64.rpm     2.3 MB/s | 506 kB     00:00    
(164/192): pcre2-devel-10.40-6.el9.x86_64.rpm   5.1 MB/s | 512 kB     00:00    
(165/192): pcre2-utf16-10.40-6.el9.x86_64.rpm   2.3 MB/s | 214 kB     00:00    
(166/192): pipewire-1.4.11-1.el9.x86_64.rpm     1.4 MB/s | 130 kB     00:00    
(167/192): pcre2-utf32-10.40-6.el9.x86_64.rpm   1.4 MB/s | 203 kB     00:00    
(168/192): pipewire-alsa-1.4.11-1.el9.x86_64.rp 620 kB/s |  66 kB     00:00    
(169/192): pipewire-jack-audio-connection-kit-1  83 kB/s | 7.5 kB     00:00    
(170/192): pipewire-jack-audio-connection-kit-l 1.2 MB/s | 151 kB     00:00    
(171/192): pipewire-libs-1.4.11-1.el9.x86_64.rp  16 MB/s | 2.5 MB     00:00    
(172/192): pixman-0.40.0-6.el9.x86_64.rpm       2.8 MB/s | 269 kB     00:00    
(173/192): pipewire-pulseaudio-1.4.11-1.el9.x86 1.4 MB/s | 209 kB     00:00    
(174/192): pixman-devel-0.40.0-6.el9.x86_64.rpm 189 kB/s |  17 kB     00:00    
(175/192): pulseaudio-libs-15.0-3.el9.x86_64.rp 6.9 MB/s | 676 kB     00:00    
(176/192): rtkit-0.11-29.el9.x86_64.rpm         616 kB/s |  56 kB     00:00    
(177/192): sound-theme-freedesktop-0.8-17.el9.n 4.0 MB/s | 383 kB     00:00    
(178/192): sysprof-capture-devel-3.40.1-3.el9.x 278 kB/s |  60 kB     00:00    
(179/192): spirv-tools-libs-2026.1-1.el9.x86_64 6.8 MB/s | 1.6 MB     00:00    
(180/192): wayland-devel-1.21.0-1.el9.x86_64.rp 981 kB/s | 145 kB     00:00    
(181/192): tracker-3.1.2-3.el9.x86_64.rpm       1.6 MB/s | 555 kB     00:00    
(182/192): webrtc-audio-processing-0.3.1-8.el9. 3.2 MB/s | 306 kB     00:00    
(183/192): wireplumber-0.5.12-1.el9.x86_64.rpm  771 kB/s | 123 kB     00:00    
(184/192): wireplumber-libs-0.5.12-1.el9.x86_64 3.6 MB/s | 443 kB     00:00    
(185/192): xdg-dbus-proxy-0.1.3-1.el9.x86_64.rp 466 kB/s |  42 kB     00:00    
(186/192): xdg-desktop-portal-1.12.6-1.el9.x86_ 4.0 MB/s | 385 kB     00:00    
(187/192): webkit2gtk3-jsc-2.52.3-1.el9.x86_64.  16 MB/s | 8.9 MB     00:00    
(188/192): xdg-desktop-portal-gtk-1.12.0-3.el9. 889 kB/s | 134 kB     00:00    
(189/192): xorg-x11-proto-devel-2024.1-1.el9.no 3.3 MB/s | 310 kB     00:00    
(190/192): xz-devel-5.2.5-8.el9.x86_64.rpm      605 kB/s |  55 kB     00:00    
(191/192): zlib-devel-1.2.11-41.el9.x86_64.rpm  490 kB/s |  45 kB     00:00    
(192/192): xkeyboard-config-2.33-2.el9.noarch.r 2.2 MB/s | 859 kB     00:00    
--------------------------------------------------------------------------------
Total                                           9.0 MB/s | 103 MB     00:11     
Running transaction check
Transaction check succeeded.
Running transaction test
Transaction test succeeded.
Running transaction
  Preparing        :                                                        1/1 
  Installing       : xorg-x11-proto-devel-2024.1-1.el9.noarch             1/192 
  Installing       : libXext-1.3.4-8.el9.x86_64                           2/192 
  Installing       : libXrender-0.9.10-16.el9.x86_64                      3/192 
  Installing       : libglvnd-1:1.3.4-1.el9.x86_64                        4/192 
  Installing       : atk-2.36.0-5.el9.x86_64                              5/192 
  Installing       : libicu-67.1-10.el9.x86_64                            6/192 
  Installing       : json-glib-1.6.6-1.el9.x86_64                         7/192 
  Installing       : avahi-libs-0.8-24.el9.x86_64                         8/192 
  Installing       : libXi-1.7.10-8.el9.x86_64                            9/192 
  Installing       : zlib-devel-1.2.11-41.el9.x86_64                     10/192 
  Installing       : libwayland-client-1.21.0-1.el9.x86_64               11/192 
  Installing       : libXfixes-5.0.3-16.el9.x86_64                       12/192 
  Installing       : libpng-devel-2:1.6.37-12.el9.x86_64                 13/192 
  Installing       : pixman-0.40.0-6.el9.x86_64                          14/192 
  Installing       : cairo-1.17.4-7.el9.x86_64                           15/192 
  Installing       : cairo-gobject-1.17.4-7.el9.x86_64                   16/192 
  Installing       : libwayland-server-1.21.0-1.el9.x86_64               17/192 
  Installing       : libstemmer-0-18.585svn.el9.x86_64                   18/192 
  Installing       : libogg-2:1.3.4-6.el9.x86_64                         19/192 
  Installing       : libvorbis-1:1.3.7-5.el9.x86_64                      20/192 
  Installing       : libepoxy-1.5.5-4.el9.x86_64                         21/192 
  Installing       : fribidi-1.0.10-6.el9.2.x86_64                       22/192 
  Installing       : alsa-lib-1.2.15.3-1.el9.x86_64                      23/192 
  Installing       : polkit-libs-0.117-16.el9.x86_64                     24/192 
  Running scriptlet: polkit-0.117-16.el9.x86_64                          25/192 
  Installing       : polkit-0.117-16.el9.x86_64                          25/192 
  Running scriptlet: polkit-0.117-16.el9.x86_64                          25/192 
  Installing       : polkit-pkla-compat-0.1-21.el9.x86_64                26/192 
  Installing       : fribidi-devel-1.0.10-6.el9.2.x86_64                 27/192 
  Installing       : libXcursor-1.2.0-7.el9.x86_64                       28/192 
  Installing       : libXdamage-1.1.5-7.el9.x86_64                       29/192 
  Installing       : libwayland-cursor-1.21.0-1.el9.x86_64               30/192 
  Installing       : libXtst-1.2.3-16.el9.x86_64                         31/192 
  Installing       : at-spi2-core-2.40.3-1.el9.x86_64                    32/192 
  Installing       : at-spi2-atk-2.38.0-4.el9.x86_64                     33/192 
  Installing       : libXft-2.3.3-8.el9.x86_64                           34/192 
  Installing       : libXrandr-1.5.2-8.el9.x86_64                        35/192 
  Installing       : libXinerama-1.1.4-10.el9.x86_64                     36/192 
  Installing       : opus-1.3.1-10.el9.x86_64                            37/192 
  Installing       : libwayland-egl-1.21.0-1.el9.x86_64                  38/192 
  Installing       : libjpeg-turbo-2.0.90-7.el9.x86_64                   39/192 
  Installing       : libffi-devel-3.4.2-8.el9.x86_64                     40/192 
  Installing       : libdatrie-0.2.13-4.el9.x86_64                       41/192 
  Installing       : libthai-0.1.28-8.el9.x86_64                         42/192 
  Installing       : pango-1.48.7-4.el9.x86_64                           43/192 
  Installing       : libXcomposite-0.4.5-7.el9.x86_64                    44/192 
  Installing       : dconf-0.40.0-6.el9.x86_64                           45/192 
  Running scriptlet: dconf-0.40.0-6.el9.x86_64                           45/192 
  Installing       : cmake-filesystem-3.31.8-3.el9.x86_64                46/192 
  Installing       : dbus-devel-1:1.12.20-8.el9.x86_64                   47/192 
  Installing       : shared-mime-info-2.1-5.el9.x86_64                   48/192 
  Running scriptlet: shared-mime-info-2.1-5.el9.x86_64                   48/192 
  Installing       : gdk-pixbuf2-2.42.6-7.el9.x86_64                     49/192 
  Installing       : libusbx-1.0.26-1.el9.x86_64                         50/192 
  Installing       : libtdb-1.4.14-1.el9.x86_64                          51/192 
  Installing       : libproxy-0.4.15-35.el9.x86_64                       52/192 
  Installing       : fuse-libs-2.9.9-17.el9.x86_64                       53/192 
  Installing       : libgusb-0.3.8-2.el9.x86_64                          54/192 
  Installing       : gtk-update-icon-cache-3.24.31-8.el9.x86_64          55/192 
  Installing       : libnotify-0.7.9-8.el9.x86_64                        56/192 
  Installing       : librsvg2-2.50.7-3.el9.x86_64                        57/192 
  Installing       : libdatrie-devel-0.2.13-4.el9.x86_64                 58/192 
  Installing       : libthai-devel-0.1.28-8.el9.x86_64                   59/192 
  Installing       : wayland-devel-1.21.0-1.el9.x86_64                   60/192 
  Running scriptlet: rtkit-0.11-29.el9.x86_64                            61/192 
  Installing       : rtkit-0.11-29.el9.x86_64                            61/192 
  Running scriptlet: rtkit-0.11-29.el9.x86_64                            61/192 
Created symlink /etc/systemd/system/graphical.target.wants/rtkit-daemon.service → /usr/lib/systemd/system/rtkit-daemon.service.

  Installing       : flac-libs-1.3.3-12.el9.x86_64                       62/192 
  Installing       : pixman-devel-0.40.0-6.el9.x86_64                    63/192 
  Installing       : cups-libs-1:2.3.3op2-38.el9.x86_64                  64/192 
  Installing       : avahi-glib-0.8-24.el9.x86_64                        65/192 
  Installing       : harfbuzz-icu-2.7.4-10.el9.x86_64                    66/192 
  Installing       : libicu-devel-67.1-10.el9.x86_64                     67/192 
  Installing       : webkit2gtk3-jsc-2.52.3-1.el9.x86_64                 68/192 
  Installing       : libproxy-webkitgtk4-0.4.15-35.el9.x86_64            69/192 
  Installing       : libglvnd-opengl-1:1.3.4-1.el9.x86_64                70/192 
  Installing       : libXxf86vm-1.1.4-18.el9.x86_64                      71/192 
  Installing       : libXau-devel-1.0.9-8.el9.x86_64                     72/192 
  Installing       : libxcb-devel-1.13.1-9.el9.x86_64                    73/192 
  Installing       : libX11-devel-1.7.0-11.el9.x86_64                    74/192 
  Installing       : libXext-devel-1.3.4-8.el9.x86_64                    75/192 
  Installing       : libXfixes-devel-5.0.3-16.el9.x86_64                 76/192 
  Installing       : libXrender-devel-0.9.10-16.el9.x86_64               77/192 
  Installing       : libXi-devel-1.7.10-8.el9.x86_64                     78/192 
  Installing       : libXtst-devel-1.2.3-16.el9.x86_64                   79/192 
  Installing       : libXcursor-devel-1.2.0-7.el9.x86_64                 80/192 
  Installing       : libXrandr-devel-1.5.2-8.el9.x86_64                  81/192 
  Installing       : libXcomposite-devel-0.4.5-7.el9.x86_64              82/192 
  Installing       : libXdamage-devel-1.1.5-7.el9.x86_64                 83/192 
  Installing       : libXinerama-devel-1.1.4-10.el9.x86_64               84/192 
  Installing       : xz-devel-5.2.5-8.el9.x86_64                         85/192 
  Installing       : libxml2-devel-2.9.13-12.el9.x86_64                  86/192 
  Installing       : xkeyboard-config-2.33-2.el9.noarch                  87/192 
  Installing       : libxkbcommon-1.0.3-4.el9.x86_64                     88/192 
  Installing       : libxkbcommon-devel-1.0.3-4.el9.x86_64               89/192 
  Installing       : xdg-dbus-proxy-0.1.3-1.el9.x86_64                   90/192 
  Installing       : webrtc-audio-processing-0.3.1-8.el9.x86_64          91/192 
  Installing       : sysprof-capture-devel-3.40.1-3.el9.x86_64           92/192 
  Installing       : spirv-tools-libs-2026.1-1.el9.x86_64                93/192 
  Installing       : sound-theme-freedesktop-0.8-17.el9.noarch           94/192 
  Running scriptlet: sound-theme-freedesktop-0.8-17.el9.noarch           94/192 
  Installing       : pcre2-utf32-10.40-6.el9.x86_64                      95/192 
  Installing       : pcre2-utf16-10.40-6.el9.x86_64                      96/192 
  Installing       : pcre2-devel-10.40-6.el9.x86_64                      97/192 
  Installing       : pcre-utf32-8.44-4.el9.x86_64                        98/192 
  Installing       : pcre-utf16-8.44-4.el9.x86_64                        99/192 
  Installing       : pcre-cpp-8.44-4.el9.x86_64                         100/192 
  Installing       : pcre-devel-8.44-4.el9.x86_64                       101/192 
  Installing       : p11-kit-server-0.25.10-1.el9.x86_64                102/192 
  Installing       : mesa-filesystem-25.0.7-2.el9.x86_64                103/192 
  Installing       : low-memory-monitor-2.1-4.el9.x86_64                104/192 
  Running scriptlet: low-memory-monitor-2.1-4.el9.x86_64                104/192 
Created symlink /etc/systemd/system/basic.target.wants/low-memory-monitor.service → /usr/lib/systemd/system/low-memory-monitor.service.

  Installing       : libxshmfence-1.3-10.el9.x86_64                     105/192 
  Installing       : libwebp-1.2.0-8.el9.x86_64                         106/192 
  Installing       : libsepol-devel-3.6-3.el9.x86_64                    107/192 
  Installing       : libselinux-devel-3.6-3.el9.x86_64                  108/192 
  Installing       : libsbc-1.4-10.el9.x86_64                           109/192 
  Installing       : libldac-2.0.2.3-10.el9.x86_64                      110/192 
  Installing       : libglvnd-core-devel-1:1.3.4-1.el9.x86_64           111/192 
  Installing       : libblkid-devel-2.37.4-21.el9.x86_64                112/192 
  Installing       : libmount-devel-2.37.4-21.el9.x86_64                113/192 
  Installing       : glib2-devel-2.68.4-16.el9.x86_64                   114/192 
  Installing       : atk-devel-2.36.0-5.el9.x86_64                      115/192 
  Installing       : at-spi2-core-devel-2.40.3-1.el9.x86_64             116/192 
  Installing       : at-spi2-atk-devel-2.38.0-4.el9.x86_64              117/192 
  Installing       : libasyncns-0.8-22.el9.x86_64                       118/192 
  Installing       : lcms2-2.12-3.el9.x86_64                            119/192 
  Installing       : colord-libs-1.4.5-4.el9.x86_64                     120/192 
  Installing       : jbigkit-libs-2.1-23.el9.x86_64                     121/192 
  Installing       : libtiff-4.4.0-18.el9.x86_64                        122/192 
  Installing       : gdk-pixbuf2-modules-2.42.6-7.el9.x86_64            123/192 
  Installing       : libtiff-devel-4.4.0-18.el9.x86_64                  124/192 
  Installing       : gdk-pixbuf2-devel-2.42.6-7.el9.x86_64              125/192 
  Installing       : hicolor-icon-theme-0.17-13.el9.noarch              126/192 
  Installing       : gstreamer1-1.22.12-3.el9.x86_64                    127/192 
  Installing       : gsm-1.0.19-6.el9.x86_64                            128/192 
  Installing       : libsndfile-1.0.31-10.el9.x86_64                    129/192 
  Installing       : pulseaudio-libs-15.0-3.el9.x86_64                  130/192 
  Installing       : libcanberra-0.30-27.el9.x86_64                     131/192 
  Running scriptlet: libcanberra-0.30-27.el9.x86_64                     131/192 
  Installing       : graphite2-devel-1.3.14-9.el9.x86_64                132/192 
  Installing       : flatpak-session-helper-1.12.9-5.el9.x86_64         133/192 
  Installing       : fftw-libs-single-3.3.8-14.el9.x86_64               134/192 
  Installing       : fdk-aac-free-2.0.0-8.el9.x86_64                    135/192 
  Installing       : composefs-libs-1.0.8-1.el9.x86_64                  136/192 
  Installing       : ostree-libs-2026.1-1.el9.x86_64                    137/192 
  Installing       : bzip2-devel-1.0.8-10.el9.x86_64                    138/192 
  Installing       : brotli-1.0.9-7.el9.x86_64                          139/192 
  Installing       : brotli-devel-1.0.9-7.el9.x86_64                    140/192 
  Installing       : freetype-devel-2.10.4-11.el9.x86_64                141/192 
  Installing       : harfbuzz-devel-2.7.4-10.el9.x86_64                 142/192 
  Installing       : adwaita-cursor-theme-40.1.1-3.el9.noarch           143/192 
  Installing       : adwaita-icon-theme-40.1.1-3.el9.noarch             144/192 
  Installing       : abattis-cantarell-fonts-0.301-4.el9.noarch         145/192 
  Installing       : which-2.21-30.el9.x86_64                           146/192 
  Installing       : hwdata-0.348-9.22.el9.noarch                       147/192 
  Installing       : libpciaccess-0.16-7.el9.x86_64                     148/192 
  Installing       : libdrm-2.4.128-1.el9.x86_64                        149/192 
  Installing       : libglvnd-egl-1:1.3.4-1.el9.x86_64                  150/192 
  Installing       : mesa-dri-drivers-25.0.7-2.el9.x86_64               151/192 
  Installing       : mesa-libgbm-25.0.7-2.el9.x86_64                    152/192 
  Installing       : mesa-libEGL-25.0.7-2.el9.x86_64                    153/192 
  Installing       : libglvnd-gles-1:1.3.4-1.el9.x86_64                 154/192 
  Installing       : libglvnd-glx-1:1.3.4-1.el9.x86_64                  155/192 
  Installing       : mesa-libGL-25.0.7-2.el9.x86_64                     156/192 
  Installing       : libglvnd-devel-1:1.3.4-1.el9.x86_64                157/192 
  Installing       : libepoxy-devel-1.5.5-4.el9.x86_64                  158/192 
  Installing       : gettext-libs-0.21-8.el9.x86_64                     159/192 
  Installing       : gettext-0.21-8.el9.x86_64                          160/192 
  Installing       : fontconfig-devel-2.14.0-2.el9.x86_64               161/192 
  Installing       : cairo-devel-1.17.4-7.el9.x86_64                    162/192 
  Installing       : cairo-gobject-devel-1.17.4-7.el9.x86_64            163/192 
  Installing       : libXft-devel-2.3.3-8.el9.x86_64                    164/192 
  Installing       : pango-devel-1.48.7-4.el9.x86_64                    165/192 
  Installing       : fuse-common-3.10.2-9.el9.x86_64                    166/192 
  Installing       : fuse-2.9.9-17.el9.x86_64                           167/192 
  Installing       : bubblewrap-0.6.3-1.el9.x86_64                      168/192 
  Installing       : bluez-libs-5.86-2.el9.x86_64                       169/192 
  Installing       : pipewire-1.4.11-1.el9.x86_64                       170/192 
  Running scriptlet: pipewire-1.4.11-1.el9.x86_64                       170/192 
Created symlink /etc/systemd/user/sockets.target.wants/pipewire.socket → /usr/lib/systemd/user/pipewire.socket.

  Installing       : pipewire-libs-1.4.11-1.el9.x86_64                  171/192 
  Installing       : wireplumber-0.5.12-1.el9.x86_64                    172/192 
  Installing       : wireplumber-libs-0.5.12-1.el9.x86_64               173/192 
  Installing       : pipewire-jack-audio-connection-kit-1.4.11-1.el9.   174/192 
  Installing       : pipewire-jack-audio-connection-kit-libs-1.4.11-1   175/192 
  Installing       : adobe-source-code-pro-fonts-2.030.1.050-12.el9.1   176/192 
  Installing       : gsettings-desktop-schemas-40.0-8.el9.x86_64        177/192 
  Installing       : glib-networking-2.68.3-3.el9.x86_64                178/192 
  Installing       : libsoup-2.72.0-17.el9.x86_64                       179/192 
  Installing       : tracker-3.1.2-3.el9.x86_64                         180/192 
  Running scriptlet: tracker-3.1.2-3.el9.x86_64                         180/192 
  Installing       : libtracker-sparql-3.1.2-3.el9.x86_64               181/192 
  Installing       : libappstream-glib-0.7.18-5.el9.x86_64              182/192 
  Installing       : ModemManager-glib-1.20.2-1.el9.x86_64              183/192 
  Running scriptlet: geoclue2-2.6.0-7.el9.x86_64                        184/192 
  Installing       : geoclue2-2.6.0-7.el9.x86_64                        184/192 
  Running scriptlet: geoclue2-2.6.0-7.el9.x86_64                        184/192 
  Running scriptlet: flatpak-1.12.9-5.el9.x86_64                        185/192 
  Installing       : flatpak-1.12.9-5.el9.x86_64                        185/192 
  Installing       : xdg-desktop-portal-1.12.6-1.el9.x86_64             186/192 
  Running scriptlet: xdg-desktop-portal-1.12.6-1.el9.x86_64             186/192 
  Installing       : libcanberra-gtk3-0.30-27.el9.x86_64                187/192 
  Installing       : gtk3-3.24.31-8.el9.x86_64                          188/192 
  Installing       : xdg-desktop-portal-gtk-1.12.0-3.el9.x86_64         189/192 
  Running scriptlet: xdg-desktop-portal-gtk-1.12.0-3.el9.x86_64         189/192 
  Installing       : gtk3-devel-3.24.31-8.el9.x86_64                    190/192 
  Installing       : pipewire-alsa-1.4.11-1.el9.x86_64                  191/192 
  Installing       : pipewire-pulseaudio-1.4.11-1.el9.x86_64            192/192 
  Running scriptlet: pipewire-pulseaudio-1.4.11-1.el9.x86_64            192/192 
Created symlink /etc/systemd/user/sockets.target.wants/pipewire-pulse.socket → /usr/lib/systemd/user/pipewire-pulse.socket.

  Running scriptlet: dconf-0.40.0-6.el9.x86_64                          192/192 
  Running scriptlet: wireplumber-0.5.12-1.el9.x86_64                    192/192 
Created symlink /etc/systemd/user/pipewire-session-manager.service → /usr/lib/systemd/user/wireplumber.service.
Created symlink /etc/systemd/user/pipewire.service.wants/wireplumber.service → /usr/lib/systemd/user/wireplumber.service.

  Running scriptlet: pipewire-pulseaudio-1.4.11-1.el9.x86_64            192/192 
  Verifying        : ModemManager-glib-1.20.2-1.el9.x86_64                1/192 
  Verifying        : adobe-source-code-pro-fonts-2.030.1.050-12.el9.1     2/192 
  Verifying        : avahi-libs-0.8-24.el9.x86_64                         3/192 
  Verifying        : bluez-libs-5.86-2.el9.x86_64                         4/192 
  Verifying        : bubblewrap-0.6.3-1.el9.x86_64                        5/192 
  Verifying        : cups-libs-1:2.3.3op2-38.el9.x86_64                   6/192 
  Verifying        : fuse-2.9.9-17.el9.x86_64                             7/192 
  Verifying        : fuse-common-3.10.2-9.el9.x86_64                      8/192 
  Verifying        : fuse-libs-2.9.9-17.el9.x86_64                        9/192 
  Verifying        : gettext-0.21-8.el9.x86_64                           10/192 
  Verifying        : gettext-libs-0.21-8.el9.x86_64                      11/192 
  Verifying        : glib-networking-2.68.3-3.el9.x86_64                 12/192 
  Verifying        : gsettings-desktop-schemas-40.0-8.el9.x86_64         13/192 
  Verifying        : hwdata-0.348-9.22.el9.noarch                        14/192 
  Verifying        : json-glib-1.6.6-1.el9.x86_64                        15/192 
  Verifying        : libdrm-2.4.128-1.el9.x86_64                         16/192 
  Verifying        : libgusb-0.3.8-2.el9.x86_64                          17/192 
  Verifying        : libicu-67.1-10.el9.x86_64                           18/192 
  Verifying        : libpciaccess-0.16-7.el9.x86_64                      19/192 
  Verifying        : libproxy-0.4.15-35.el9.x86_64                       20/192 
  Verifying        : libtdb-1.4.14-1.el9.x86_64                          21/192 
  Verifying        : libusbx-1.0.26-1.el9.x86_64                         22/192 
  Verifying        : polkit-0.117-16.el9.x86_64                          23/192 
  Verifying        : polkit-libs-0.117-16.el9.x86_64                     24/192 
  Verifying        : polkit-pkla-compat-0.1-21.el9.x86_64                25/192 
  Verifying        : shared-mime-info-2.1-5.el9.x86_64                   26/192 
  Verifying        : which-2.21-30.el9.x86_64                            27/192 
  Verifying        : abattis-cantarell-fonts-0.301-4.el9.noarch          28/192 
  Verifying        : adwaita-cursor-theme-40.1.1-3.el9.noarch            29/192 
  Verifying        : adwaita-icon-theme-40.1.1-3.el9.noarch              30/192 
  Verifying        : alsa-lib-1.2.15.3-1.el9.x86_64                      31/192 
  Verifying        : at-spi2-atk-2.38.0-4.el9.x86_64                     32/192 
  Verifying        : at-spi2-atk-devel-2.38.0-4.el9.x86_64               33/192 
  Verifying        : at-spi2-core-2.40.3-1.el9.x86_64                    34/192 
  Verifying        : at-spi2-core-devel-2.40.3-1.el9.x86_64              35/192 
  Verifying        : atk-2.36.0-5.el9.x86_64                             36/192 
  Verifying        : atk-devel-2.36.0-5.el9.x86_64                       37/192 
  Verifying        : avahi-glib-0.8-24.el9.x86_64                        38/192 
  Verifying        : brotli-1.0.9-7.el9.x86_64                           39/192 
  Verifying        : brotli-devel-1.0.9-7.el9.x86_64                     40/192 
  Verifying        : bzip2-devel-1.0.8-10.el9.x86_64                     41/192 
  Verifying        : cairo-1.17.4-7.el9.x86_64                           42/192 
  Verifying        : cairo-devel-1.17.4-7.el9.x86_64                     43/192 
  Verifying        : cairo-gobject-1.17.4-7.el9.x86_64                   44/192 
  Verifying        : cairo-gobject-devel-1.17.4-7.el9.x86_64             45/192 
  Verifying        : cmake-filesystem-3.31.8-3.el9.x86_64                46/192 
  Verifying        : colord-libs-1.4.5-4.el9.x86_64                      47/192 
  Verifying        : composefs-libs-1.0.8-1.el9.x86_64                   48/192 
  Verifying        : dbus-devel-1:1.12.20-8.el9.x86_64                   49/192 
  Verifying        : dconf-0.40.0-6.el9.x86_64                           50/192 
  Verifying        : fdk-aac-free-2.0.0-8.el9.x86_64                     51/192 
  Verifying        : fftw-libs-single-3.3.8-14.el9.x86_64                52/192 
  Verifying        : flac-libs-1.3.3-12.el9.x86_64                       53/192 
  Verifying        : flatpak-1.12.9-5.el9.x86_64                         54/192 
  Verifying        : flatpak-session-helper-1.12.9-5.el9.x86_64          55/192 
  Verifying        : fontconfig-devel-2.14.0-2.el9.x86_64                56/192 
  Verifying        : freetype-devel-2.10.4-11.el9.x86_64                 57/192 
  Verifying        : fribidi-1.0.10-6.el9.2.x86_64                       58/192 
  Verifying        : fribidi-devel-1.0.10-6.el9.2.x86_64                 59/192 
  Verifying        : gdk-pixbuf2-2.42.6-7.el9.x86_64                     60/192 
  Verifying        : gdk-pixbuf2-devel-2.42.6-7.el9.x86_64               61/192 
  Verifying        : gdk-pixbuf2-modules-2.42.6-7.el9.x86_64             62/192 
  Verifying        : geoclue2-2.6.0-7.el9.x86_64                         63/192 
  Verifying        : glib2-devel-2.68.4-16.el9.x86_64                    64/192 
  Verifying        : graphite2-devel-1.3.14-9.el9.x86_64                 65/192 
  Verifying        : gsm-1.0.19-6.el9.x86_64                             66/192 
  Verifying        : gstreamer1-1.22.12-3.el9.x86_64                     67/192 
  Verifying        : gtk-update-icon-cache-3.24.31-8.el9.x86_64          68/192 
  Verifying        : gtk3-3.24.31-8.el9.x86_64                           69/192 
  Verifying        : gtk3-devel-3.24.31-8.el9.x86_64                     70/192 
  Verifying        : harfbuzz-devel-2.7.4-10.el9.x86_64                  71/192 
  Verifying        : harfbuzz-icu-2.7.4-10.el9.x86_64                    72/192 
  Verifying        : hicolor-icon-theme-0.17-13.el9.noarch               73/192 
  Verifying        : jbigkit-libs-2.1-23.el9.x86_64                      74/192 
  Verifying        : lcms2-2.12-3.el9.x86_64                             75/192 
  Verifying        : libX11-devel-1.7.0-11.el9.x86_64                    76/192 
  Verifying        : libXau-devel-1.0.9-8.el9.x86_64                     77/192 
  Verifying        : libXcomposite-0.4.5-7.el9.x86_64                    78/192 
  Verifying        : libXcomposite-devel-0.4.5-7.el9.x86_64              79/192 
  Verifying        : libXcursor-1.2.0-7.el9.x86_64                       80/192 
  Verifying        : libXcursor-devel-1.2.0-7.el9.x86_64                 81/192 
  Verifying        : libXdamage-1.1.5-7.el9.x86_64                       82/192 
  Verifying        : libXdamage-devel-1.1.5-7.el9.x86_64                 83/192 
  Verifying        : libXext-1.3.4-8.el9.x86_64                          84/192 
  Verifying        : libXext-devel-1.3.4-8.el9.x86_64                    85/192 
  Verifying        : libXfixes-5.0.3-16.el9.x86_64                       86/192 
  Verifying        : libXfixes-devel-5.0.3-16.el9.x86_64                 87/192 
  Verifying        : libXft-2.3.3-8.el9.x86_64                           88/192 
  Verifying        : libXft-devel-2.3.3-8.el9.x86_64                     89/192 
  Verifying        : libXi-1.7.10-8.el9.x86_64                           90/192 
  Verifying        : libXi-devel-1.7.10-8.el9.x86_64                     91/192 
  Verifying        : libXinerama-1.1.4-10.el9.x86_64                     92/192 
  Verifying        : libXinerama-devel-1.1.4-10.el9.x86_64               93/192 
  Verifying        : libXrandr-1.5.2-8.el9.x86_64                        94/192 
  Verifying        : libXrandr-devel-1.5.2-8.el9.x86_64                  95/192 
  Verifying        : libXrender-0.9.10-16.el9.x86_64                     96/192 
  Verifying        : libXrender-devel-0.9.10-16.el9.x86_64               97/192 
  Verifying        : libXtst-1.2.3-16.el9.x86_64                         98/192 
  Verifying        : libXtst-devel-1.2.3-16.el9.x86_64                   99/192 
  Verifying        : libXxf86vm-1.1.4-18.el9.x86_64                     100/192 
  Verifying        : libappstream-glib-0.7.18-5.el9.x86_64              101/192 
  Verifying        : libasyncns-0.8-22.el9.x86_64                       102/192 
  Verifying        : libblkid-devel-2.37.4-21.el9.x86_64                103/192 
  Verifying        : libcanberra-0.30-27.el9.x86_64                     104/192 
  Verifying        : libcanberra-gtk3-0.30-27.el9.x86_64                105/192 
  Verifying        : libdatrie-0.2.13-4.el9.x86_64                      106/192 
  Verifying        : libdatrie-devel-0.2.13-4.el9.x86_64                107/192 
  Verifying        : libepoxy-1.5.5-4.el9.x86_64                        108/192 
  Verifying        : libepoxy-devel-1.5.5-4.el9.x86_64                  109/192 
  Verifying        : libffi-devel-3.4.2-8.el9.x86_64                    110/192 
  Verifying        : libglvnd-1:1.3.4-1.el9.x86_64                      111/192 
  Verifying        : libglvnd-core-devel-1:1.3.4-1.el9.x86_64           112/192 
  Verifying        : libglvnd-devel-1:1.3.4-1.el9.x86_64                113/192 
  Verifying        : libglvnd-egl-1:1.3.4-1.el9.x86_64                  114/192 
  Verifying        : libglvnd-gles-1:1.3.4-1.el9.x86_64                 115/192 
  Verifying        : libglvnd-glx-1:1.3.4-1.el9.x86_64                  116/192 
  Verifying        : libglvnd-opengl-1:1.3.4-1.el9.x86_64               117/192 
  Verifying        : libicu-devel-67.1-10.el9.x86_64                    118/192 
  Verifying        : libjpeg-turbo-2.0.90-7.el9.x86_64                  119/192 
  Verifying        : libldac-2.0.2.3-10.el9.x86_64                      120/192 
  Verifying        : libmount-devel-2.37.4-21.el9.x86_64                121/192 
  Verifying        : libnotify-0.7.9-8.el9.x86_64                       122/192 
  Verifying        : libogg-2:1.3.4-6.el9.x86_64                        123/192 
  Verifying        : libpng-devel-2:1.6.37-12.el9.x86_64                124/192 
  Verifying        : libproxy-webkitgtk4-0.4.15-35.el9.x86_64           125/192 
  Verifying        : librsvg2-2.50.7-3.el9.x86_64                       126/192 
  Verifying        : libsbc-1.4-10.el9.x86_64                           127/192 
  Verifying        : libselinux-devel-3.6-3.el9.x86_64                  128/192 
  Verifying        : libsepol-devel-3.6-3.el9.x86_64                    129/192 
  Verifying        : libsndfile-1.0.31-10.el9.x86_64                    130/192 
  Verifying        : libsoup-2.72.0-17.el9.x86_64                       131/192 
  Verifying        : libstemmer-0-18.585svn.el9.x86_64                  132/192 
  Verifying        : libthai-0.1.28-8.el9.x86_64                        133/192 
  Verifying        : libthai-devel-0.1.28-8.el9.x86_64                  134/192 
  Verifying        : libtiff-4.4.0-18.el9.x86_64                        135/192 
  Verifying        : libtiff-devel-4.4.0-18.el9.x86_64                  136/192 
  Verifying        : libtracker-sparql-3.1.2-3.el9.x86_64               137/192 
  Verifying        : libvorbis-1:1.3.7-5.el9.x86_64                     138/192 
  Verifying        : libwayland-client-1.21.0-1.el9.x86_64              139/192 
  Verifying        : libwayland-cursor-1.21.0-1.el9.x86_64              140/192 
  Verifying        : libwayland-egl-1.21.0-1.el9.x86_64                 141/192 
  Verifying        : libwayland-server-1.21.0-1.el9.x86_64              142/192 
  Verifying        : libwebp-1.2.0-8.el9.x86_64                         143/192 
  Verifying        : libxcb-devel-1.13.1-9.el9.x86_64                   144/192 
  Verifying        : libxkbcommon-1.0.3-4.el9.x86_64                    145/192 
  Verifying        : libxkbcommon-devel-1.0.3-4.el9.x86_64              146/192 
  Verifying        : libxml2-devel-2.9.13-12.el9.x86_64                 147/192 
  Verifying        : libxshmfence-1.3-10.el9.x86_64                     148/192 
  Verifying        : low-memory-monitor-2.1-4.el9.x86_64                149/192 
  Verifying        : mesa-dri-drivers-25.0.7-2.el9.x86_64               150/192 
  Verifying        : mesa-filesystem-25.0.7-2.el9.x86_64                151/192 
  Verifying        : mesa-libEGL-25.0.7-2.el9.x86_64                    152/192 
  Verifying        : mesa-libGL-25.0.7-2.el9.x86_64                     153/192 
  Verifying        : mesa-libgbm-25.0.7-2.el9.x86_64                    154/192 
  Verifying        : opus-1.3.1-10.el9.x86_64                           155/192 
  Verifying        : ostree-libs-2026.1-1.el9.x86_64                    156/192 
  Verifying        : p11-kit-server-0.25.10-1.el9.x86_64                157/192 
  Verifying        : pango-1.48.7-4.el9.x86_64                          158/192 
  Verifying        : pango-devel-1.48.7-4.el9.x86_64                    159/192 
  Verifying        : pcre-cpp-8.44-4.el9.x86_64                         160/192 
  Verifying        : pcre-devel-8.44-4.el9.x86_64                       161/192 
  Verifying        : pcre-utf16-8.44-4.el9.x86_64                       162/192 
  Verifying        : pcre-utf32-8.44-4.el9.x86_64                       163/192 
  Verifying        : pcre2-devel-10.40-6.el9.x86_64                     164/192 
  Verifying        : pcre2-utf16-10.40-6.el9.x86_64                     165/192 
  Verifying        : pcre2-utf32-10.40-6.el9.x86_64                     166/192 
  Verifying        : pipewire-1.4.11-1.el9.x86_64                       167/192 
  Verifying        : pipewire-alsa-1.4.11-1.el9.x86_64                  168/192 
  Verifying        : pipewire-jack-audio-connection-kit-1.4.11-1.el9.   169/192 
  Verifying        : pipewire-jack-audio-connection-kit-libs-1.4.11-1   170/192 
  Verifying        : pipewire-libs-1.4.11-1.el9.x86_64                  171/192 
  Verifying        : pipewire-pulseaudio-1.4.11-1.el9.x86_64            172/192 
  Verifying        : pixman-0.40.0-6.el9.x86_64                         173/192 
  Verifying        : pixman-devel-0.40.0-6.el9.x86_64                   174/192 
  Verifying        : pulseaudio-libs-15.0-3.el9.x86_64                  175/192 
  Verifying        : rtkit-0.11-29.el9.x86_64                           176/192 
  Verifying        : sound-theme-freedesktop-0.8-17.el9.noarch          177/192 
  Verifying        : spirv-tools-libs-2026.1-1.el9.x86_64               178/192 
  Verifying        : sysprof-capture-devel-3.40.1-3.el9.x86_64          179/192 
  Verifying        : tracker-3.1.2-3.el9.x86_64                         180/192 
  Verifying        : wayland-devel-1.21.0-1.el9.x86_64                  181/192 
  Verifying        : webkit2gtk3-jsc-2.52.3-1.el9.x86_64                182/192 
  Verifying        : webrtc-audio-processing-0.3.1-8.el9.x86_64         183/192 
  Verifying        : wireplumber-0.5.12-1.el9.x86_64                    184/192 
  Verifying        : wireplumber-libs-0.5.12-1.el9.x86_64               185/192 
  Verifying        : xdg-dbus-proxy-0.1.3-1.el9.x86_64                  186/192 
  Verifying        : xdg-desktop-portal-1.12.6-1.el9.x86_64             187/192 
  Verifying        : xdg-desktop-portal-gtk-1.12.0-3.el9.x86_64         188/192 
  Verifying        : xkeyboard-config-2.33-2.el9.noarch                 189/192 
  Verifying        : xorg-x11-proto-devel-2024.1-1.el9.noarch           190/192 
  Verifying        : xz-devel-5.2.5-8.el9.x86_64                        191/192 
  Verifying        : zlib-devel-1.2.11-41.el9.x86_64                    192/192 

Installed:
  ModemManager-glib-1.20.2-1.el9.x86_64                                         
  abattis-cantarell-fonts-0.301-4.el9.noarch                                    
  adobe-source-code-pro-fonts-2.030.1.050-12.el9.1.noarch                       
  adwaita-cursor-theme-40.1.1-3.el9.noarch                                      
  adwaita-icon-theme-40.1.1-3.el9.noarch                                        
  alsa-lib-1.2.15.3-1.el9.x86_64                                                
  at-spi2-atk-2.38.0-4.el9.x86_64                                               
  at-spi2-atk-devel-2.38.0-4.el9.x86_64                                         
  at-spi2-core-2.40.3-1.el9.x86_64                                              
  at-spi2-core-devel-2.40.3-1.el9.x86_64                                        
  atk-2.36.0-5.el9.x86_64                                                       
  atk-devel-2.36.0-5.el9.x86_64                                                 
  avahi-glib-0.8-24.el9.x86_64                                                  
  avahi-libs-0.8-24.el9.x86_64                                                  
  bluez-libs-5.86-2.el9.x86_64                                                  
  brotli-1.0.9-7.el9.x86_64                                                     
  brotli-devel-1.0.9-7.el9.x86_64                                               
  bubblewrap-0.6.3-1.el9.x86_64                                                 
  bzip2-devel-1.0.8-10.el9.x86_64                                               
  cairo-1.17.4-7.el9.x86_64                                                     
  cairo-devel-1.17.4-7.el9.x86_64                                               
  cairo-gobject-1.17.4-7.el9.x86_64                                             
  cairo-gobject-devel-1.17.4-7.el9.x86_64                                       
  cmake-filesystem-3.31.8-3.el9.x86_64                                          
  colord-libs-1.4.5-4.el9.x86_64                                                
  composefs-libs-1.0.8-1.el9.x86_64                                             
  cups-libs-1:2.3.3op2-38.el9.x86_64                                            
  dbus-devel-1:1.12.20-8.el9.x86_64                                             
  dconf-0.40.0-6.el9.x86_64                                                     
  fdk-aac-free-2.0.0-8.el9.x86_64                                               
  fftw-libs-single-3.3.8-14.el9.x86_64                                          
  flac-libs-1.3.3-12.el9.x86_64                                                 
  flatpak-1.12.9-5.el9.x86_64                                                   
  flatpak-session-helper-1.12.9-5.el9.x86_64                                    
  fontconfig-devel-2.14.0-2.el9.x86_64                                          
  freetype-devel-2.10.4-11.el9.x86_64                                           
  fribidi-1.0.10-6.el9.2.x86_64                                                 
  fribidi-devel-1.0.10-6.el9.2.x86_64                                           
  fuse-2.9.9-17.el9.x86_64                                                      
  fuse-common-3.10.2-9.el9.x86_64                                               
  fuse-libs-2.9.9-17.el9.x86_64                                                 
  gdk-pixbuf2-2.42.6-7.el9.x86_64                                               
  gdk-pixbuf2-devel-2.42.6-7.el9.x86_64                                         
  gdk-pixbuf2-modules-2.42.6-7.el9.x86_64                                       
  geoclue2-2.6.0-7.el9.x86_64                                                   
  gettext-0.21-8.el9.x86_64                                                     
  gettext-libs-0.21-8.el9.x86_64                                                
  glib-networking-2.68.3-3.el9.x86_64                                           
  glib2-devel-2.68.4-16.el9.x86_64                                              
  graphite2-devel-1.3.14-9.el9.x86_64                                           
  gsettings-desktop-schemas-40.0-8.el9.x86_64                                   
  gsm-1.0.19-6.el9.x86_64                                                       
  gstreamer1-1.22.12-3.el9.x86_64                                               
  gtk-update-icon-cache-3.24.31-8.el9.x86_64                                    
  gtk3-3.24.31-8.el9.x86_64                                                     
  gtk3-devel-3.24.31-8.el9.x86_64                                               
  harfbuzz-devel-2.7.4-10.el9.x86_64                                            
  harfbuzz-icu-2.7.4-10.el9.x86_64                                              
  hicolor-icon-theme-0.17-13.el9.noarch                                         
  hwdata-0.348-9.22.el9.noarch                                                  
  jbigkit-libs-2.1-23.el9.x86_64                                                
  json-glib-1.6.6-1.el9.x86_64                                                  
  lcms2-2.12-3.el9.x86_64                                                       
  libX11-devel-1.7.0-11.el9.x86_64                                              
  libXau-devel-1.0.9-8.el9.x86_64                                               
  libXcomposite-0.4.5-7.el9.x86_64                                              
  libXcomposite-devel-0.4.5-7.el9.x86_64                                        
  libXcursor-1.2.0-7.el9.x86_64                                                 
  libXcursor-devel-1.2.0-7.el9.x86_64                                           
  libXdamage-1.1.5-7.el9.x86_64                                                 
  libXdamage-devel-1.1.5-7.el9.x86_64                                           
  libXext-1.3.4-8.el9.x86_64                                                    
  libXext-devel-1.3.4-8.el9.x86_64                                              
  libXfixes-5.0.3-16.el9.x86_64                                                 
  libXfixes-devel-5.0.3-16.el9.x86_64                                           
  libXft-2.3.3-8.el9.x86_64                                                     
  libXft-devel-2.3.3-8.el9.x86_64                                               
  libXi-1.7.10-8.el9.x86_64                                                     
  libXi-devel-1.7.10-8.el9.x86_64                                               
  libXinerama-1.1.4-10.el9.x86_64                                               
  libXinerama-devel-1.1.4-10.el9.x86_64                                         
  libXrandr-1.5.2-8.el9.x86_64                                                  
  libXrandr-devel-1.5.2-8.el9.x86_64                                            
  libXrender-0.9.10-16.el9.x86_64                                               
  libXrender-devel-0.9.10-16.el9.x86_64                                         
  libXtst-1.2.3-16.el9.x86_64                                                   
  libXtst-devel-1.2.3-16.el9.x86_64                                             
  libXxf86vm-1.1.4-18.el9.x86_64                                                
  libappstream-glib-0.7.18-5.el9.x86_64                                         
  libasyncns-0.8-22.el9.x86_64                                                  
  libblkid-devel-2.37.4-21.el9.x86_64                                           
  libcanberra-0.30-27.el9.x86_64                                                
  libcanberra-gtk3-0.30-27.el9.x86_64                                           
  libdatrie-0.2.13-4.el9.x86_64                                                 
  libdatrie-devel-0.2.13-4.el9.x86_64                                           
  libdrm-2.4.128-1.el9.x86_64                                                   
  libepoxy-1.5.5-4.el9.x86_64                                                   
  libepoxy-devel-1.5.5-4.el9.x86_64                                             
  libffi-devel-3.4.2-8.el9.x86_64                                               
  libglvnd-1:1.3.4-1.el9.x86_64                                                 
  libglvnd-core-devel-1:1.3.4-1.el9.x86_64                                      
  libglvnd-devel-1:1.3.4-1.el9.x86_64                                           
  libglvnd-egl-1:1.3.4-1.el9.x86_64                                             
  libglvnd-gles-1:1.3.4-1.el9.x86_64                                            
  libglvnd-glx-1:1.3.4-1.el9.x86_64                                             
  libglvnd-opengl-1:1.3.4-1.el9.x86_64                                          
  libgusb-0.3.8-2.el9.x86_64                                                    
  libicu-67.1-10.el9.x86_64                                                     
  libicu-devel-67.1-10.el9.x86_64                                               
  libjpeg-turbo-2.0.90-7.el9.x86_64                                             
  libldac-2.0.2.3-10.el9.x86_64                                                 
  libmount-devel-2.37.4-21.el9.x86_64                                           
  libnotify-0.7.9-8.el9.x86_64                                                  
  libogg-2:1.3.4-6.el9.x86_64                                                   
  libpciaccess-0.16-7.el9.x86_64                                                
  libpng-devel-2:1.6.37-12.el9.x86_64                                           
  libproxy-0.4.15-35.el9.x86_64                                                 
  libproxy-webkitgtk4-0.4.15-35.el9.x86_64                                      
  librsvg2-2.50.7-3.el9.x86_64                                                  
  libsbc-1.4-10.el9.x86_64                                                      
  libselinux-devel-3.6-3.el9.x86_64                                             
  libsepol-devel-3.6-3.el9.x86_64                                               
  libsndfile-1.0.31-10.el9.x86_64                                               
  libsoup-2.72.0-17.el9.x86_64                                                  
  libstemmer-0-18.585svn.el9.x86_64                                             
  libtdb-1.4.14-1.el9.x86_64                                                    
  libthai-0.1.28-8.el9.x86_64                                                   
  libthai-devel-0.1.28-8.el9.x86_64                                             
  libtiff-4.4.0-18.el9.x86_64                                                   
  libtiff-devel-4.4.0-18.el9.x86_64                                             
  libtracker-sparql-3.1.2-3.el9.x86_64                                          
  libusbx-1.0.26-1.el9.x86_64                                                   
  libvorbis-1:1.3.7-5.el9.x86_64                                                
  libwayland-client-1.21.0-1.el9.x86_64                                         
  libwayland-cursor-1.21.0-1.el9.x86_64                                         
  libwayland-egl-1.21.0-1.el9.x86_64                                            
  libwayland-server-1.21.0-1.el9.x86_64                                         
  libwebp-1.2.0-8.el9.x86_64                                                    
  libxcb-devel-1.13.1-9.el9.x86_64                                              
  libxkbcommon-1.0.3-4.el9.x86_64                                               
  libxkbcommon-devel-1.0.3-4.el9.x86_64                                         
  libxml2-devel-2.9.13-12.el9.x86_64                                            
  libxshmfence-1.3-10.el9.x86_64                                                
  low-memory-monitor-2.1-4.el9.x86_64                                           
  mesa-dri-drivers-25.0.7-2.el9.x86_64                                          
  mesa-filesystem-25.0.7-2.el9.x86_64                                           
  mesa-libEGL-25.0.7-2.el9.x86_64                                               
  mesa-libGL-25.0.7-2.el9.x86_64                                                
  mesa-libgbm-25.0.7-2.el9.x86_64                                               
  opus-1.3.1-10.el9.x86_64                                                      
  ostree-libs-2026.1-1.el9.x86_64                                               
  p11-kit-server-0.25.10-1.el9.x86_64                                           
  pango-1.48.7-4.el9.x86_64                                                     
  pango-devel-1.48.7-4.el9.x86_64                                               
  pcre-cpp-8.44-4.el9.x86_64                                                    
  pcre-devel-8.44-4.el9.x86_64                                                  
  pcre-utf16-8.44-4.el9.x86_64                                                  
  pcre-utf32-8.44-4.el9.x86_64                                                  
  pcre2-devel-10.40-6.el9.x86_64                                                
  pcre2-utf16-10.40-6.el9.x86_64                                                
  pcre2-utf32-10.40-6.el9.x86_64                                                
  pipewire-1.4.11-1.el9.x86_64                                                  
  pipewire-alsa-1.4.11-1.el9.x86_64                                             
  pipewire-jack-audio-connection-kit-1.4.11-1.el9.x86_64                        
  pipewire-jack-audio-connection-kit-libs-1.4.11-1.el9.x86_64                   
  pipewire-libs-1.4.11-1.el9.x86_64                                             
  pipewire-pulseaudio-1.4.11-1.el9.x86_64                                       
  pixman-0.40.0-6.el9.x86_64                                                    
  pixman-devel-0.40.0-6.el9.x86_64                                              
  polkit-0.117-16.el9.x86_64                                                    
  polkit-libs-0.117-16.el9.x86_64                                               
  polkit-pkla-compat-0.1-21.el9.x86_64                                          
  pulseaudio-libs-15.0-3.el9.x86_64                                             
  rtkit-0.11-29.el9.x86_64                                                      
  shared-mime-info-2.1-5.el9.x86_64                                             
  sound-theme-freedesktop-0.8-17.el9.noarch                                     
  spirv-tools-libs-2026.1-1.el9.x86_64                                          
  sysprof-capture-devel-3.40.1-3.el9.x86_64                                     
  tracker-3.1.2-3.el9.x86_64                                                    
  wayland-devel-1.21.0-1.el9.x86_64                                             
  webkit2gtk3-jsc-2.52.3-1.el9.x86_64                                           
  webrtc-audio-processing-0.3.1-8.el9.x86_64                                    
  which-2.21-30.el9.x86_64                                                      
  wireplumber-0.5.12-1.el9.x86_64                                               
  wireplumber-libs-0.5.12-1.el9.x86_64                                          
  xdg-dbus-proxy-0.1.3-1.el9.x86_64                                             
  xdg-desktop-portal-1.12.6-1.el9.x86_64                                        
  xdg-desktop-portal-gtk-1.12.0-3.el9.x86_64                                    
  xkeyboard-config-2.33-2.el9.noarch                                            
  xorg-x11-proto-devel-2024.1-1.el9.noarch                                      
  xz-devel-5.2.5-8.el9.x86_64                                                   
  zlib-devel-1.2.11-41.el9.x86_64                                               

Complete!
Note: Deploying ocarina_lib=1.1.0-20070603...
#=#=#                                                                         
##O#-#                                                                        
##O=#  #                                                                      
#=#=-#  #                                                                     

                                                                           0.4%
                                                                           1.0%
#                                                                          2.6%
####                                                                       5.9%
#######                                                                   10.4%
############                                                              16.7%
###################                                                       26.9%
###########################                                               38.1%
##########################################                                58.7%
##########################################################                80.7%
######################################################################## 100.0%
Note: Deploying gtkada=26.0.0...
#=#=#                                                                         
##O#-#                                                                        
##=O#- #                                                                      
# #=O#- #                                                                     
 # #=O#-  #                                                                   
  # #=O=#   #                                                                 
   # #=O=#   #                                                                
    # -#O=-#   #                                                              
     # -#O=- #   #                                                            

cheddar=3.3.0 successfully retrieved.
Dependencies were solved as follows:

   +b gnat        15.2.1         (new,gnat_native,indirect,binary)
   +  gtkada      26.0.0         (new)
   +b libgtk3     3.24.31        (new,indirect,system package)
   +b make        4.3.0          (new,indirect,system package)
   +  ocarina_lib 1.1.0-20070603 (new)
   +b pkg_config  1.7.3          (new,indirect,executable in path)
   +  xmlada      26.0.0         (new)
[alr test] Spawning default test for remote crate: alr -d -n build --release -- -cargs:Ada -gnatwn
Note: Running post-fetch actions for ocarina_lib=1.1.0-20070603...
checking build system type... x86_64-unknown-linux-gnu
checking host system type... x86_64-unknown-linux-gnu
checking target system type... x86_64-unknown-linux-gnu
checking for a BSD-compatible install... /usr/bin/install -c
checking whether build environment is sane... yes
checking for gawk... gawk
checking whether make sets $(MAKE)... yes
checking for mv... mv
checking for rm... rm
checking for cp... cp
checking for grep... grep
checking for chmod... chmod
checking for ranlib... ranlib
checking for style of include used by make... GNU
checking for gcc... gcc
checking for C compiler default output file name... a.out
checking whether the C compiler works... yes
checking whether we are cross compiling... no
checking for suffix of executables... 
checking for suffix of object files... o
checking whether we are using the GNU C compiler... yes
checking whether gcc accepts -g... yes
checking for gcc option to accept ISO C89... none needed
checking dependency style of gcc... none
checking for gnatmake... gnatmake
checking for gnatgcc... no
checking for adagcc... no
checking for gcc... gcc
checking for gnatchop... gnatchop
checking if the Ada compiler works... yes
checking for gnatclean... gnatclean
checking for python version... 
checking for python platform... 
checking for python script directory... ${prefix}/lib/python/site-packages
checking for python extension module directory... ${exec_prefix}/lib/python/site-packages
checking for polyorb-config... no
configure: WARNING: 	PolyORB 2.2 or later is not installed on your system.
			The Ocarina PlyORB runtime will not be installed on
			your system.
checking XmlAda... no
svn: E155007: '/root/.local/share/alire/builds/ocarina_lib_1.1.0_56e84ebe/58c745ae0f5a45e4ef10ae56685108834063a2441e3eb41e8fc8da1369a7eb6c' is not a working copy
configure: creating ./config.status
config.status: creating Makefile
config.status: creating doc/Makefile
config.status: creating projects/ocarina-config.gpr
config.status: creating projects/Makefile
config.status: creating resources/Makefile
config.status: creating resources/behavioural_properties/Makefile
config.status: creating resources/runtime/Makefile
config.status: creating resources/runtime/polyorb/Makefile
config.status: creating examples/Makefile
config.status: creating examples/bbs/Makefile
config.status: creating examples/bintree/Makefile
config.status: creating examples/man_in_the_middle/Makefile
config.status: creating examples/producer_consumer/Makefile
config.status: creating examples/ring/Makefile
config.status: creating examples/shared/Makefile
config.status: creating examples/hybrid_subprogram/Makefile
config.status: creating examples/priorities/Makefile
config.status: creating examples/multiple_call_seq/Makefile
config.status: creating examples/multicast/Makefile
config.status: creating examples/import/Makefile
config.status: creating src/main/Makefile
config.status: creating src/config/Makefile
config.status: creating src/config/ocarina-configuration.adb
config.status: creating src/aadl/Makefile
config.status: creating src/dia/Makefile
config.status: creating src/dumper/Makefile
config.status: creating src/core/Makefile
config.status: creating src/pn/Makefile
config.status: creating src/checker/Makefile
config.status: creating src/gaia/Makefile
config.status: creating src/generators/Makefile
config.status: creating src/Makefile
config.status: creating support/Makefile
config.status: creating tools/Makefile
config.status: creating tools/gendoc.py
config.status: creating tools/compare.py
config.status: creating ocarina-config
config.status: executing depfiles commands
configure: Including the following Ocarina modules: aadl dumper generators pn gaia
Note: Running post-fetch actions for gtkada=26.0.0...
checking build system type... x86_64-pc-linux-gnu
checking host system type... x86_64-pc-linux-gnu
checking target system type... x86_64-pc-linux-gnu
checking for pkg-config... /usr/bin/pkg-config
checking pkg-config is at least version 0.9.0... yes
checking for gcc... gcc
checking whether the C compiler works... yes
checking for C compiler default output file name... a.out
checking for suffix of executables... 
checking whether we are cross compiling... no
checking for suffix of object files... o
checking whether we are using the GNU C compiler... yes
checking whether gcc accepts -g... yes
checking for gcc option to accept ISO C89... none needed
checking for gprbuild... /root/.local/share/alire/toolchains/gprbuild_26.0.1_e3f27f25/bin/gprbuild
checking for gprinstall... /root/.local/share/alire/toolchains/gprbuild_26.0.1_e3f27f25/bin/gprinstall
checking that your gnat compiler works with a simple example... yes
checking whether NLS is requested... yes
checking for gettext in libc... yes
checking for GTK... yes
checking for pkg-config... (cached) /usr/bin/pkg-config
checking pkg-config is at least version 0.16... yes
checking for GTK+ - version >= 3.24.24... yes (version 3.24.31)
checking for GMODULE... yes
checking for FONTCONFIG... yes
configure: creating ./config.status
config.status: creating Makefile
config.status: creating gtkada_shared.gpr
config.status: creating po/Makefile
config.status: creating docs/gtkada_rm/html/static/index.html
configure: --------- Summary for Gtkada 18.0w -----------------
configure:   Shared libraries:       yes (default: static)
configure: --------------------------------------------
gnatprep -DGETTEXT_INTL=False -DHAVE_GETTEXT=True src/gtkada-intl.gpb src/gtkada-intl.adb
Note: Running post-fetch actions for cheddar=3.3.0...
+ sed -i.bak -e/CHEDDAR_DIR/s/.src// '-es/required_packages[a-z/]*//' '-e/^end/s@^@package Install is for Artifacts (".") use ("../graphical_editor/glade_files"); end Install;@' gpr/F2TInitialSolutionPreprocessing.gpr gpr/F2T_exhaustive.gpr gpr/F2T_paes.gpr gpr/T2P_T2C_paes_mils.gpr gpr/T2P_and_security_exhaustive.gpr gpr/T2P_and_security_paes.gpr gpr/aadl2aadl.gpr gpr/aadl2xml.gpr gpr/architectureGeneration.gpr gpr/build_schedule_from_xml.gpr gpr/cPaes.gpr gpr/cacheAnalysis.gpr gpr/callCheddar.gpr gpr/callCheddar_securityAnalysis.gpr gpr/cheddar.gpr gpr/cheddarKernel.gpr gpr/cheddarLite.gpr gpr/cnn.gpr gpr/cut.gpr gpr/deadline2energy_exhaustive.gpr gpr/designPattern.gpr gpr/design_pattern_repository.gpr gpr/dfg.gpr gpr/energy_paes.gpr gpr/feasibilityInterval.gpr gpr/feasibilityProcessorUtilization.gpr gpr/frameworkExamples.gpr gpr/hierarchical.gpr gpr/kernel.gpr gpr/kernelWithParsers.gpr gpr/kl_partitioning.gpr gpr/mcs.gpr gpr/merge.gpr gpr/mils.gpr gpr/mosar.gpr gpr/noc.gpr gpr/optimizations.gpr gpr/paes.gpr gpr/parse_xml_schedule.gpr gpr/ppcparchitecturegeneration.gpr gpr/priorityAssignment.gpr gpr/produce_arinc_pst.gpr gpr/prolog.gpr gpr/read_write.gpr gpr/response_time.gpr gpr/scc.gpr gpr/scheduling_anomalies.gpr gpr/scm.gpr gpr/spacewire_generation.gpr gpr/spacewire_transformation.gpr gpr/test_cairo1.gpr gpr/unittest.gpr gpr/v2architecturetov3architecture.gpr gpr/v2eventtabletov3eventtable.gpr gpr/vs.gpr gpr/xml2aadl.gpr gpr/xml2xml.gpr gpr/xmllint.gpr
Note: Building cheddar=3.3.0/gpr/cheddar.gpr...
Setup
   [mkdir]        object directory for project GtkAda
   [mkdir]        library directory for project GtkAda
   [mkdir]        object directory for project Ocarina.Core
   [mkdir]        library directory for project Ocarina.Core
   [mkdir]        object directory for project Ocarina.AADL
   [mkdir]        library directory for project Ocarina.AADL
   [mkdir]        object directory for project Ocarina.Dumper
   [mkdir]        library directory for project Ocarina.Dumper
   [mkdir]        object directory for project Ocarina.Checker
   [mkdir]        library directory for project Ocarina.Checker
   [mkdir]        object directory for project Ocarina.Generators
   [mkdir]        library directory for project Ocarina.Generators
   [mkdir]        object directory for project Ocarina.PN
   [mkdir]        library directory for project Ocarina.PN
   [mkdir]        object directory for project Ocarina.Gaia
   [mkdir]        library directory for project Ocarina.Gaia
   [mkdir]        object directory for project Ocarina.Config
   [mkdir]        library directory for project Ocarina.Config
Compile
   [Ada]          cheddar.adb
   [Ada]          schema-readers.adb
   [Ada]          schema-simple_types.adb
   [Ada]          schema-decimal.adb
   [Ada]          schema-validators.adb
   [Ada]          schema-schema_readers.adb
   [Ada]          schema.adb
   [Ada]          schema-date_time.adb
   [Ada]          schema-validators-xsd_grammar.adb
   [Ada]          schema-dom_readers.adb
   [Ada]          dom-core-documents.adb
   [Ada]          dom-core-attrs.adb
   [Ada]          dom-readers.adb
   [Ada]          dom-core-entity_references.ads
   [Ada]          dom-core-document_fragments.ads
   [Ada]          dom-core-nodes.adb
   [Ada]          dom.ads
   [Ada]          dom-core-texts.adb
   [Ada]          dom-core-notations.adb
   [Ada]          dom-core-elements.adb
   [Ada]          dom-core-processing_instructions.ads
   [Ada]          dom-core.adb
   [Ada]          dom-core-comments.ads
   [Ada]          dom-core-character_datas.adb
   [Ada]          dom-core-document_types.adb
   [Ada]          dom-core-cdata_sections.ads
   [Ada]          input_sources-strings.adb
   [Ada]          input_sources-socket.adb
   [Ada]          input_sources.adb
   [Ada]          input_sources-file.adb
   [Ada]          input_sources-http.adb
   [Ada]          sax-pointers.adb
   [Ada]          sax-readers.adb
   [Ada]          sax.ads
   [Ada]          sax-htable.adb
   [Ada]          sax-attributes.adb
   [Ada]          sax-exceptions.adb
   [Ada]          sax-encodings.ads
   [Ada]          sax-models.adb
   [Ada]          sax-symbols.adb
   [Ada]          sax-state_machines.adb
   [Ada]          sax-locators.adb
   [Ada]          sax-utils.adb
   [Ada]          unicode-names-counting_rod_numerals.ads
   [Ada]          unicode-names-cjk_letters_months.ads
   [Ada]          unicode-names-tirhuta.ads
   [Ada]          unicode-names-coptic.ads
   [Ada]          unicode-names-meroitic_hieroglyphs.ads
   [Ada]          unicode-names-sutton_signwriting.ads
   [Ada]          unicode-names-latin_extended_a.ads
   [Ada]          unicode-names-psalter_pahlavi.ads
   [Ada]          unicode-names-miscellaneous_technical.ads
   [Ada]          unicode-names-combining_diacritical_ext.ads
   [Ada]          unicode-names-thai.ads
   [Ada]          unicode-names-vai.ads
   [Ada]          unicode-names-enclosed_alphanumerics.ads
   [Ada]          unicode-names-cyrillic_extended_b.ads
   [Ada]          unicode-names-lydian.ads
   [Ada]          unicode-encodings.adb
   [Ada]          unicode-names-domino_tiles.ads
   [Ada]          unicode-names-combining_half_marks.ads
   [Ada]          unicode-names-bassa_vah.ads
   [Ada]          unicode-names-anatolian_hieroglyphs.ads
   [Ada]          unicode-names-supplemental_arrows_b.ads
   [Ada]          unicode-names-arabic_extended_a.ads
   [Ada]          unicode-names-sinhala.ads
   [Ada]          unicode-names-hangul_jamo_extended_b.ads
   [Ada]          unicode-names-byzantine_musical_symbols.ads
   [Ada]          unicode-names-misc_math_symbols_a.ads
   [Ada]          unicode-names-hebrew.ads
   [Ada]          unicode-names-ornamental_dingbats.ads
   [Ada]          unicode-names-cherokee.ads
   [Ada]          unicode-names-nko.ads
   [Ada]          unicode-names-braille_patterns.ads
   [Ada]          unicode-names-meetei_mayek_extensions.ads
   [Ada]          unicode-names-mongolian.ads
   [Ada]          unicode-names-rumi_numeral_symbols.ads
   [Ada]          unicode-names-katakana.ads
   [Ada]          unicode-names-palmyrene.ads
   [Ada]          unicode-names-cuneiform_num_punctuation.ads
   [Ada]          unicode-names-cjk_compatibility.ads
   [Ada]          unicode-names-mro.ads
   [Ada]          unicode.adb
   [Ada]          unicode-names-math_alphanumeric_symb.ads
   [Ada]          unicode-names-bopomofo.ads
   [Ada]          unicode-names-spacing_modifier_letters.ads
   [Ada]          unicode-names-combining_diacritical_sym.ads
   [Ada]          unicode-names-rejang.ads
   [Ada]          unicode-names-supplemental_punctuation.ads
   [Ada]          unicode-names-cjk_compat_ideo_sup.ads
   [Ada]          unicode-names-musical_symbols.ads
   [Ada]          unicode-names-avestan.ads
   [Ada]          unicode-names-new_tai_lue.ads
   [Ada]          unicode-names-control_pictures.ads
   [Ada]          unicode-names-myanmar_extended_a.ads
   [Ada]          unicode-names-playing_cards.ads
   [Ada]          unicode-names-yi_syllables.ads
   [Ada]          unicode-names-siddham.ads
   [Ada]          unicode-names-lycian.ads
   [Ada]          unicode-names-hangul_jamo_extended_a.ads
   [Ada]          unicode-names-specials.ads
   [Ada]          unicode-names-cyrillic.ads
   [Ada]          unicode-names-alpha_presentation_forms.ads
   [Ada]          unicode-names-linear_b_ideograms.ads
   [Ada]          unicode-names-old_persian.ads
   [Ada]          unicode-names-transport_and_map_symbols.ads
   [Ada]          unicode-names-meetei_mayek.ads
   [Ada]          unicode-names-myanmar_extended_b.ads
   [Ada]          unicode-names-malayalam.ads
   [Ada]          unicode-names-syriac.ads
   [Ada]          unicode-names-sinhala_archaic_numbers.ads
   [Ada]          unicode-names-ancient_symbols.ads
   [Ada]          unicode-names-armenian.ads
   [Ada]          unicode-names-phonetic_ext_sup.ads
   [Ada]          unicode-names-bengali.ads
   [Ada]          unicode-names-pahawh_hmong.ads
   [Ada]          unicode-names-kayah_li.ads
   [Ada]          unicode-names-chakma.ads
   [Ada]          unicode-names-saurashtra.ads
   [Ada]          unicode-names-devanagari.ads
   [Ada]          unicode-names-cherokee_supplement.ads
   [Ada]          unicode-names-imperial_aramaic.ads
   [Ada]          unicode-names-buhid.ads
   [Ada]          unicode-names-modi.ads
   [Ada]          unicode-names-gujarati.ads
   [Ada]          unicode-names-letterlike_symbols.ads
   [Ada]          unicode-names-common_indic_number_forms.ads
   [Ada]          unicode-ces.adb
   [Ada]          unicode-ccs-iso_8859_15.adb
   [Ada]          unicode-names-khmer.ads
   [Ada]          unicode-names-bopomofo_extended.ads
   [Ada]          unicode-ccs-windows_1251.adb
   [Ada]          unicode-names-inscriptional_pahlavi.ads
   [Ada]          unicode-names-latin_extended_e.ads
   [Ada]          unicode-names-greek_and_coptic.ads
   [Ada]          unicode-names-small_form_variants.ads
   [Ada]          unicode-names-old_italic.ads
   [Ada]          unicode-names-miscellaneous_symbols.ads
   [Ada]          unicode-names-cjk_compatibility_forms.ads
   [Ada]          unicode-names-syloti_nagri.ads
   [Ada]          unicode-names-latin_extended_c.ads
   [Ada]          unicode-names-ogham.ads
   [Ada]          unicode-names-ancient_greek_music.ads
   [Ada]          unicode-names-javanese.ads
   [Ada]          unicode-names-canadian_aboriginal.ads
   [Ada]          unicode-names-combining_diacritical_sup.ads
   [Ada]          unicode-names-cham.ads
   [Ada]          unicode-names-arabic_present_formsa.ads
   [Ada]          unicode-names-early_dynastic_cuneiform.ads
   [Ada]          unicode-names-arabic_present_formsb.ads
   [Ada]          unicode-names-balinese.ads
   [Ada]          unicode-names-variation_selectors_sup.ads
   [Ada]          unicode-names-cypriot_syllabary.ads
   [Ada]          unicode-names-egyptian_hieroglyphs.ads
   [Ada]          unicode-names-telugu.ads
   [Ada]          unicode-names-ideograph_descr_chars.ads
   [Ada]          unicode-names-mahjong_tiles.ads
   [Ada]          unicode-names-geometric_shapes.ads
   [Ada]          unicode-names-old_north_arabian.ads
   [Ada]          unicode-ces-utf16.adb
   [Ada]          unicode-names-cyrillic_extended_a.ads
   [Ada]          unicode-names-nabataean.ads
   [Ada]          unicode-names-yijing_hexagram_symbols.ads
   [Ada]          unicode-names-ugaritic.ads
   [Ada]          unicode-names-tamil.ads
   [Ada]          unicode-names-sundanese.ads
   [Ada]          unicode-names-inscriptional_parthian.ads
   [Ada]          unicode-names-latin_extended_additional.ads
   [Ada]          unicode-names-elbasan.ads
   [Ada]          unicode-names-hangul_compatibility_jamo.ads
   [Ada]          unicode-names-greek_extended.ads
   [Ada]          unicode-names-cyrillic_supplement.ads
   [Ada]          unicode-names-cuneiform.ads
   [Ada]          unicode-names-number_forms.ads
   [Ada]          unicode-names-mandaic.ads
   [Ada]          unicode-names-gurmukhi.ads
   [Ada]          unicode-names-meroitic_cursive.ads
   [Ada]          unicode-names-hanunoo.ads
   [Ada]          unicode-ccs-iso_8859_3.adb
   [Ada]          unicode-names-combining_diacritical.ads
   [Ada]          unicode-names-linear_b_syllabary.ads
   [Ada]          unicode-names-arrows.ads
   [Ada]          unicode-names-carian.ads
   [Ada]          unicode-names-tagalog.ads
   [Ada]          unicode-names-lepcha.ads
   [Ada]          unicode-names-thaana.ads
   [Ada]          unicode-names-sharada.ads
   [Ada]          unicode-names-block_elements.ads
   [Ada]          unicode-names-aegean_numbers.ads
   [Ada]          unicode-names-pau_cin_hau.ads
   [Ada]          unicode-names-ethiopic.ads
   [Ada]          unicode-names-duployan.ads
   [Ada]          unicode-names-bamum_supplement.ads
   [Ada]          unicode-names-kanbun.ads
   [Ada]          unicode-names-general_punctuation.ads
   [Ada]          unicode-names-ol_chiki.ads
   [Ada]          unicode-names-hangul_jamo.ads
   [Ada]          unicode-names-basic_latin.ads
   [Ada]          unicode-names-osmanya.ads
   [Ada]          unicode-names-ancient_greek_numbers.ads
   [Ada]          unicode-names-sora_sompeng.ads
   [Ada]          unicode-names-ethiopic_supplement.ads
   [Ada]          unicode-names-miao.ads
   [Ada]          unicode-names-brahmi.ads
   [Ada]          unicode-names-gothic.ads
   [Ada]          unicode-names-grantha.ads
   [Ada]          unicode-names-canadian_aboriginal_ext.ads
   [Ada]          unicode-names-ipa_extensions.ads
   [Ada]          unicode-names-half_full_width_forms.ads
   [Ada]          unicode-names.ads
   [Ada]          unicode-names-enclosed_alphanum_sup.ads
   [Ada]          unicode-names-phaistos_disc.ads
   [Ada]          unicode-names-misc_math_symbols_b.ads
   [Ada]          unicode-names-mahajani.ads
   [Ada]          unicode-names-latin_extended_b.ads
   [Ada]          unicode-names-warang_citi.ads
   [Ada]          unicode-names-khojki.ads
   [Ada]          unicode-names-hiragana.ads
   [Ada]          unicode-names-supplemental_arrows_c.ads
   [Ada]          unicode-names-sup_symbols_pictographs.ads
   [Ada]          unicode-names-old_hungarian.ads
   [Ada]          unicode-names-optical_chars_recognition.ads
   [Ada]          unicode-names-kana_supplement.ads
   [Ada]          unicode-names-phonetic_extensions.ads
   [Ada]          unicode-names-old_south_arabian.ads
   [Ada]          unicode-names-bamum.ads
   [Ada]          unicode-names-cjk_symbols_and_punct.ads
   [Ada]          unicode-names-variation_selectors.ads
   [Ada]          unicode-names-vertical_forms.ads
   [Ada]          unicode-names-ahom.ads
   [Ada]          unicode-names-katakana_phonetic_ext.ads
   [Ada]          unicode-names-tags.ads
   [Ada]          unicode-names-tibetan.ads
   [Ada]          unicode-ccs-iso_8859_1.adb
   [Ada]          unicode-names-kaithi.ads
   [Ada]          unicode-names-oriya.ads
   [Ada]          unicode-names-old_turkic.ads
   [Ada]          unicode-names-alchemical_symbols.ads
   [Ada]          unicode-names-tai_xuan_jing_symbols.ads
   [Ada]          unicode-names-modifier_tone_letters.ads
   [Ada]          unicode-names-mende_kikakui.ads
   [Ada]          unicode-names-tifinagh.ads
   [Ada]          unicode-names-lao.ads
   [Ada]          unicode-ccs-iso_8859_4.adb
   [Ada]          unicode-names-tai_tham.ads
   [Ada]          unicode-names-manichaean.ads
   [Ada]          unicode-names-lisu.ads
   [Ada]          unicode-names-runic.ads
   [Ada]          unicode-names-old_permic.ads
   [Ada]          unicode-names-kharoshthi.ads
   [Ada]          unicode-names-super_and_sub_scripts.ads
   [Ada]          unicode-names-multani.ads
   [Ada]          unicode-names-buginese.ads
   [Ada]          unicode-names-phoenician.ads
   [Ada]          unicode-names-tagbanwa.ads
   [Ada]          unicode-names-glagolitic.ads
   [Ada]          unicode-names-sup_math_operators.ads
   [Ada]          unicode-names-coptic_epact_numbers.ads
   [Ada]          unicode-names-enclosed_ideographic_sup.ads
   [Ada]          unicode-names-shorthand_format_controls.ads
   [Ada]          unicode-names-georgian.ads
   [Ada]          unicode-names-geometric_shapes_extended.ads
   [Ada]          unicode-names-misc_symbols_and_arrows.ads
   [Ada]          unicode-names-vedic_extensions.ads
   [Ada]          unicode-ccs-iso_8859_2.adb
   [Ada]          unicode-names-khmer_symbols.ads
   [Ada]          unicode-names-kannada.ads
   [Ada]          unicode-names-yi_radicals.ads
   [Ada]          unicode-names-takri.ads
   [Ada]          unicode-names-batak.ads
   [Ada]          unicode-ccs-windows_1252.adb
   [Ada]          unicode-names-linear_a.ads
   [Ada]          unicode-names-ethiopic_extended.ads
   [Ada]          unicode-names-arabic_supplement.ads
   [Ada]          unicode-names-myanmar.ads
   [Ada]          unicode-names-sundanese_supplement.ads
   [Ada]          unicode-names-mathematical_operators.ads
   [Ada]          unicode-names-currency_symbols.ads
   [Ada]          unicode-names-tai_viet.ads
   [Ada]          unicode-names-supplemental_arrows_a.ads
   [Ada]          unicode-names-deseret.ads
   [Ada]          unicode-names-shavian.ads
   [Ada]          unicode-names-cjk_compat_ideographs.ads
   [Ada]          unicode-names-arabic_math_alpha_symb.ads
   [Ada]          unicode-names-ethiopic_extended_a.ads
   [Ada]          unicode-names-box_drawing.ads
   [Ada]          unicode-ces-utf8.adb
   [Ada]          unicode-names-kangxi_radicals.ads
   [Ada]          unicode-names-limbu.ads
   [Ada]          unicode-ccs.adb
   [Ada]          unicode-names-latin_1_supplement.ads
   [Ada]          unicode-names-tai_le.ads
   [Ada]          unicode-names-hatran.ads
   [Ada]          unicode-names-dingbats.ads
   [Ada]          unicode-names-cjk_radicals_supplement.ads
   [Ada]          unicode-names-khudawadi.ads
   [Ada]          unicode-names-emoticons.ads
   [Ada]          unicode-names-misc_symbols_pictographs.ads
   [Ada]          unicode-names-latin_extended_d.ads
   [Ada]          unicode-names-samaritan.ads
   [Ada]          unicode-names-caucasian_albanian.ads
   [Ada]          unicode-ces-basic_8bit.adb
   [Ada]          unicode-names-devanagari_extended.ads
   [Ada]          unicode-names-phags_pa.ads
   [Ada]          unicode-names-arabic.ads
   [Ada]          unicode-names-cjk_strokes.ads
   [Ada]          unicode-names-georgian_supplement.ads
   [Ada]          unicode-ces-utf32.adb
   [Ada]          gaia-pn-generator.adb
   [Ada]          gaia-pn-debug.adb
gaia-pn-generator.adb:37:06: warning: unnecessary with of ancestor [-gnatwr]
   [Ada]          gaia-pn-printer.adb
namet.ads:24:33: (style) space required [-gnatyt]
namet.ads:24:34: (style) space required [-gnatyt]
   [Ada]          gaia-pn-nutils.adb
   [Ada]          gaia-pn.adb
gaia-pn-printer.adb:206:07: warning: use clause for package "OAV" has no effect [-gnatwu]
gaia-pn-printer.adb:225:07: warning: use clause for package "OAV" has no effect [-gnatwu]
gaia-pn-printer.adb:287:07: warning: use clause for package "OAV" has no effect [-gnatwu]
gaia-pn-printer.adb:298:07: warning: use clause for package "OAV" has no effect [-gnatwu]
gaia-pn-printer.adb:605:07: warning: use clause for package "Mgmt" has no effect [-gnatwu]
namet.ads:24:33: (style) space required [-gnatyt]
namet.ads:24:34: (style) space required [-gnatyt]
   [Ada]          gaia-pn-nodes.adb
gaia-pn-nutils.adb:48:07: warning: use clause for package "Namet" has no effect [-gnatwu]
gaia-pn-nutils.adb:136:07: warning: use clause for package "AADL_Values" has no effect [-gnatwu]
gaia-pn-nutils.adb:170:07: warning: use clause for package "AADL_Values" has no effect [-gnatwu]
gaia-pn-nutils.adb:491:07: warning: use clause for package "AADL_Values" has no effect [-gnatwu]
gaia-pn-nutils.adb:515:29: warning: formal parameter "N" is not modified [-gnatwk]
gaia-pn-nutils.adb:515:29: warning: mode could be "in" instead of "in out" [-gnatwk]
gaia-pn-nutils.adb:596:07: warning: use clause for package "AADL_Values" has no effect [-gnatwu]
gaia-pn-nutils.adb:616:07: warning: use clause for package "AADL_Values" has no effect [-gnatwu]
gaia-pn-nutils.adb:638:07: warning: use clause for package "AADL_Values" has no effect [-gnatwu]
gaia-pn-nutils.adb:658:07: warning: use clause for package "AADL_Values" has no effect [-gnatwu]
gaia-pn-nutils.adb:678:07: warning: use clause for package "AADL_Values" has no effect [-gnatwu]
gaia-pn-nutils.adb:778:07: warning: use clause for package "AADL_Values" has no effect [-gnatwu]
gaia-pn-nutils.adb:811:07: warning: use clause for package "Namet" has no effect [-gnatwu]
gaia-pn-nutils.adb:812:07: warning: use clause for package "AADL_Values" has no effect [-gnatwu]
namet.ads:24:33: (style) space required [-gnatyt]
namet.ads:24:34: (style) space required [-gnatyt]
   [Ada]          gaia-processor-entities-components.adb
gaia-pn.adb:1575:45: (style) misplaced "then" [-gnatyi]
gaia-pn.adb:1745:07: warning: use clause for package "Utils" has no effect [-gnatwu]
gaia-pn.adb:1798:07: warning: use clause for package "Mgmt" has no effect [-gnatwu]
namet.ads:24:33: (style) space required [-gnatyt]
namet.ads:24:34: (style) space required [-gnatyt]
   [Ada]          gaia.ads
   [Ada]          gaia-processor-nodes.adb
gaia-processor-entities-components.adb:46:06: warning: unnecessary with of ancestor [-gnatwr]
gaia-processor-entities-components.adb:169:07: warning: use clause for package "Messages" has no effect [-gnatwu]
gaia-processor-entities-components.adb:170:07: warning: use clause for package "ON" has no effect [-gnatwu]
gaia-processor-entities-components.adb:204:07: warning: use clause for package "Processor" has no effect [-gnatwu]
gaia-processor-entities-components.adb:306:52: (style) misplaced "then" [-gnatyi]
gaia-processor-entities-components.adb:315:62: (style) misplaced "then" [-gnatyi]
gaia-processor-entities-components.adb:364:20: warning: redundant conversion, expression is of type "Unsigned_Long_Long" [-gnatwr]
gaia-processor-entities-components.adb:456:57: (style) misplaced "then" [-gnatyi]
gaia-processor-entities-components.adb:739:14: warning: redundant conversion, expression is of type "Unsigned_Long_Long" [-gnatwr]
gaia-processor-entities-components.adb:748:14: warning: redundant conversion, expression is of type "Unsigned_Long_Long" [-gnatwr]
gaia-processor-entities-components.adb:761:14: warning: redundant conversion, expression is of type "Unsigned_Long_Long" [-gnatwr]
gaia-processor-entities-components.adb:841:07: warning: use clause for package "Namet" has no effect [-gnatwu]
gaia-processor-entities-components.adb:843:07: warning: use clause for package "Messages" has no effect [-gnatwu]
gaia-processor-entities-components.adb:857:16: warning: redundant conversion, expression is of type "Unsigned_Long_Long" [-gnatwr]
namet.ads:24:33: (style) space required [-gnatyt]
namet.ads:24:34: (style) space required [-gnatyt]
   [Ada]          gaia-processor-nodes-utils.adb
gaia-processor-nodes-utils.adb:259:07: warning: use clause for package "ON" has no effect [-gnatwu]
gaia-processor-nodes-utils.adb:472:07: warning: use clause for package "ON" has no effect [-gnatwu]
gaia-processor-nodes-utils.adb:473:07: warning: use clause for package "Entities" has no effect [-gnatwu]
gaia-processor-nodes-utils.ads:34:06: warning: unnecessary with of ancestor [-gnatwr]
namet.ads:24:33: (style) space required [-gnatyt]
namet.ads:24:34: (style) space required [-gnatyt]
   [Ada]          gaia-processor-entities-namespaces.adb
gaia-processor-entities-namespaces.adb:53:43: (style) "in" should be omitted [-gnatyI]
gaia-processor-entities-namespaces.ads:37:43: (style) "in" should be omitted [-gnatyI]
   [Ada]          gaia-processor-entities-connections.adb
namet.ads:24:33: (style) space required [-gnatyt]
namet.ads:24:34: (style) space required [-gnatyt]
   [Ada]          gaia-processor-debug.adb
namet.ads:24:33: (style) space required [-gnatyt]
namet.ads:24:34: (style) space required [-gnatyt]
   [Ada]          gaia-processor-entities-subprogram_calls.adb
gaia-processor-entities-subprogram_calls.adb:161:20: (style) redundant parentheses [-gnatyz]
   [Ada]          gaia-utils.adb
   [Ada]          gaia-generator.adb
namet.ads:24:33: (style) space required [-gnatyt]
namet.ads:24:34: (style) space required [-gnatyt]
   [Ada]          gaia-translator.adb
namet.ads:24:33: (style) space required [-gnatyt]
namet.ads:24:34: (style) space required [-gnatyt]
   [Ada]          gaia-mgmt.adb
namet.ads:24:33: (style) space required [-gnatyt]
namet.ads:24:34: (style) space required [-gnatyt]
   [Ada]          gaia-processor-entities-features.adb
namet.ads:24:33: (style) space required [-gnatyt]
namet.ads:24:34: (style) space required [-gnatyt]
   [Ada]          gaia-configuration.adb
   [Ada]          gaia-processor.adb
   [Ada]          gaia-messages.adb
   [Ada]          gaia-processor-messages.adb
   [Ada]          gaia-processor-entities.ads
   [Ada]          ocarina-pn-root.adb
gaia-processor-messages.adb:83:07: warning: use clause for package "Debug" has no effect [-gnatwu]
gaia-processor-messages.adb:132:07: warning: use clause for package "Debug" has no effect [-gnatwu]
namet.ads:24:33: (style) space required [-gnatyt]
namet.ads:24:34: (style) space required [-gnatyt]
   [Ada]          ocarina-pn-components.adb
namet.ads:24:33: (style) space required [-gnatyt]
namet.ads:24:34: (style) space required [-gnatyt]
   [Ada]          ocarina-pn-debug.adb
gaia-processor.adb:162:07: warning: use clause for package "Output" has no effect [-gnatwu]
gaia-processor.adb:168:07: warning: use clause for package "Processor" has no effect [-gnatwu]
gaia-processor.adb:222:24: (style) redundant parentheses [-gnatyz]
gaia-processor.adb:233:21: (style) redundant parentheses [-gnatyz]
gaia-processor.adb:297:07: warning: use clause for package "Processor" has no effect [-gnatwu]
gaia-processor.adb:356:07: warning: use clause for package "Namet" has no effect [-gnatwu]
gaia-processor.adb:358:07: warning: use clause for package "Processor" has no effect [-gnatwu]
gaia-processor.adb:420:45: (style) misplaced "then" [-gnatyi]
gaia-processor.adb:505:13: warning: redundant conversion, expression is of type "Unsigned_Long_Long" [-gnatwr]
namet.ads:24:33: (style) space required [-gnatyt]
namet.ads:24:34: (style) space required [-gnatyt]
gaia-processor-entities-namespaces.ads:37:43: (style) "in" should be omitted [-gnatyI]
   [Ada]          ocarina-pn-printer.adb
ocarina-pn-components.adb:92:07: warning: use clause for package "Queries" has no effect [-gnatwu]
ocarina-pn-components.adb:127:07: warning: use clause for package "Nutils" has no effect [-gnatwu]
ocarina-pn-components.adb:528:07: warning: use clause for package "ONU" has no effect [-gnatwu]
ocarina-pn-components.adb:529:07: warning: use clause for package "OPU" has no effect [-gnatwu]
ocarina-pn-components.adb:641:07: warning: use clause for package "ONU" has no effect [-gnatwu]
namet.ads:24:33: (style) space required [-gnatyt]
namet.ads:24:34: (style) space required [-gnatyt]
   [Ada]          ocarina-pn-printer-components.adb
namet.ads:24:33: (style) space required [-gnatyt]
namet.ads:24:34: (style) space required [-gnatyt]
   [Ada]          ocarina-pn-messages.adb
ocarina-pn-printer.adb:94:07: warning: use clause for package "OAV" has no effect [-gnatwu]
ocarina-pn-printer.adb:118:07: warning: use clause for package "OAV" has no effect [-gnatwu]
ocarina-pn-printer.adb:196:07: warning: use clause for package "OAV" has no effect [-gnatwu]
namet.ads:24:33: (style) space required [-gnatyt]
namet.ads:24:34: (style) space required [-gnatyt]
   [Ada]          ocarina-pn-utils.adb
   [Ada]          ocarina-pn-nutils.adb
ocarina-pn-printer-components.adb:37:06: warning: unnecessary with of ancestor [-gnatwr]
ocarina-pn-printer-components.adb:53:07: warning: use clause for package "Printer" has no effect [-gnatwu]
ocarina-pn-printer-components.adb:110:07: warning: use clause for package "Printer" has no effect [-gnatwu]
ocarina-pn-printer-components.adb:111:07: warning: use clause for package "Nodes" has no effect [-gnatwu]
namet.ads:24:33: (style) space required [-gnatyt]
namet.ads:24:34: (style) space required [-gnatyt]
   [Ada]          ocarina-pn.adb
ocarina-pn-nutils.adb:80:07: warning: use clause for package "Nodes" has no effect [-gnatwu]
namet.ads:24:33: (style) space required [-gnatyt]
namet.ads:24:34: (style) space required [-gnatyt]
   [Ada]          ocarina-pn-nodes.adb
namet.ads:24:33: (style) space required [-gnatyt]
namet.ads:24:34: (style) space required [-gnatyt]
   [Ada]          ocarina-checker_testsuite.adb
   [Ada]          ocarina-checker-queries-dummy_predicates.adb
   [Ada]          ocarina-checker-queries-operators.adb
ocarina-checker_testsuite.adb:148:42: (style) misplaced "then" [-gnatyi]
namet.ads:24:33: (style) space required [-gnatyt]
namet.ads:24:34: (style) space required [-gnatyt]
   [Ada]          ocarina-checker.ads
namet.ads:24:33: (style) space required [-gnatyt]
namet.ads:24:34: (style) space required [-gnatyt]
   [Ada]          ocarina-checker-queries-predicates.adb
   [Ada]          ocarina-checker-queries-relational_predicates.adb
   [Ada]          ocarina-checker-queries.adb
   [Ada]          ocarina-checker-queries-bound_predicates.adb
   [Ada]          ocarina-checker-queries-subcomponent_predicates.adb
   [Ada]          ocarina-generators-po_qos_ada-mapping.adb
   [Ada]          ocarina-generators-po_hi_c-main.adb
ocarina-checker-queries.adb:144:41: (style) misplaced "then" [-gnatyi]
ocarina-checker-queries.adb:192:17: (style) redundant parentheses [-gnatyx]
namet.ads:24:33: (style) space required [-gnatyt]
namet.ads:24:34: (style) space required [-gnatyt]
   [Ada]          ocarina-generators-c_tree-debug.adb
   [Ada]          ocarina-generators-ada_tree-nodes.adb
namet.ads:24:33: (style) space required [-gnatyt]
namet.ads:24:34: (style) space required [-gnatyt]
   [Ada]          ocarina-generators-c_tree-nutils.adb
namet.ads:24:33: (style) space required [-gnatyt]
namet.ads:24:34: (style) space required [-gnatyt]
   [Ada]          ocarina-generators-po_hi_ada-subprograms.adb
   [Ada]          ocarina-generators-po_hi_ada-deployment.adb
namet.ads:24:33: (style) space required [-gnatyt]
namet.ads:24:34: (style) space required [-gnatyt]
   [Ada]          ocarina-generators-po_hi_ada-system_time.adb
   [Ada]          ocarina-generators-po_qos_ada-runtime.adb
ocarina-generators-c_tree-nutils.adb:44:06: warning: unnecessary with of self [-gnatwr]
ocarina-generators-c_tree-nutils.adb:1365:63: (style) misplaced "then" [-gnatyi]
namet.ads:24:33: (style) space required [-gnatyt]
namet.ads:24:34: (style) space required [-gnatyt]
   [Ada]          ocarina-generators-po_hi_c-mapping.adb
namet.ads:24:33: (style) space required [-gnatyt]
namet.ads:24:34: (style) space required [-gnatyt]
   [Ada]          ocarina-generators-po_hi_c-activity.adb
   [Ada]          ocarina-generators-po_hi_ada-runtime.adb
namet.ads:24:33: (style) space required [-gnatyt]
namet.ads:24:34: (style) space required [-gnatyt]
   [Ada]          ocarina-generators-properties.adb
namet.ads:24:33: (style) space required [-gnatyt]
namet.ads:24:34: (style) space required [-gnatyt]
   [Ada]          ocarina-generators-po_qos_ada-servants.adb
namet.ads:24:33: (style) space required [-gnatyt]
namet.ads:24:34: (style) space required [-gnatyt]
   [Ada]          ocarina-generators-ada_tree.ads
   [Ada]          ocarina-generators-po_qos_ada-namespaces.adb
ocarina-generators-po_qos_ada-namespaces.adb:789:21: (style) bad casing of "List_Id" declared at types.ads:207 [-gnatyr]
   [Ada]          ocarina-generators-c_tree-generator.adb
ocarina-generators-properties.adb:448:57: (style) misplaced "then" [-gnatyi]
ocarina-generators-properties.adb:465:20: (style) space required [-gnatyt]
ocarina-generators-properties.adb:781:51: (style) bad casing of "Property_Name" declared at ocarina-nodes.ads:1833 [-gnatyr]
ocarina-generators-properties.adb:924:10: warning: redundant conversion, expression is of type "Unsigned_Long_Long" [-gnatwr]
ocarina-generators-properties.adb:943:10: warning: redundant conversion, expression is of type "Unsigned_Long_Long" [-gnatwr]
ocarina-generators-properties.adb:962:10: warning: redundant conversion, expression is of type "Unsigned_Long_Long" [-gnatwr]
   [Ada]          ocarina-generators-po_hi_ada-ssra.adb
namet.ads:24:33: (style) space required [-gnatyt]
namet.ads:24:34: (style) space required [-gnatyt]
   [Ada]          ocarina-generators-build_utils.adb
   [Ada]          ocarina-generators-po_hi_ada-handlers.adb
ocarina-generators-c_tree-generator.adb:380:21: (style) redundant parentheses [-gnatyz]
ocarina-generators-c_tree-generator.adb:731:16: (style) redundant parentheses [-gnatyz]
ocarina-generators-c_tree-generator.adb:732:15: (style) redundant parentheses [-gnatyz]
ocarina-generators-c_tree-generator.adb:732:44: (style) misplaced "then" [-gnatyi]
namet.ads:24:33: (style) space required [-gnatyt]
namet.ads:24:34: (style) space required [-gnatyt]
   [Ada]          ocarina-generators-po_hi_ada-naming.adb
namet.ads:24:33: (style) space required [-gnatyt]
namet.ads:24:34: (style) space required [-gnatyt]
   [Ada]          ocarina-generators-po_hi_ada-activity.adb
namet.ads:24:33: (style) space required [-gnatyt]
namet.ads:24:34: (style) space required [-gnatyt]
   [Ada]          ocarina-generators-po_qos_ada-parameters.adb
namet.ads:24:33: (style) space required [-gnatyt]
namet.ads:24:34: (style) space required [-gnatyt]
   [Ada]          ocarina-generators-c_values.adb
namet.ads:24:33: (style) space required [-gnatyt]
namet.ads:24:34: (style) space required [-gnatyt]
   [Ada]          ocarina-generators-po_hi_ada-internals.adb
   [Ada]          ocarina-generators-po_qos_ada-main.adb
ocarina-generators-build_utils.adb:748:26: (style) bad casing of "PolyORB_Qos_Ada_Makefile" declared at line 326 [-gnatyr]
ocarina-generators-build_utils.adb:796:19: (style) bad casing of "Platform_ERC_32" declared at ocarina-generators-properties.ads:246 [-gnatyr]
ocarina-generators-build_utils.adb:857:19: (style) bad casing of "Platform_ERC_32" declared at ocarina-generators-properties.ads:246 [-gnatyr]
ocarina-generators-build_utils.adb:1743:26: (style) bad casing of "PolyORB_Qos_Ada_Ada_Project_File" declared at line 1253 [-gnatyr]
namet.ads:24:33: (style) space required [-gnatyt]
namet.ads:24:34: (style) space required [-gnatyt]
   [Ada]          ocarina-generators-ada_tree-nutils.adb
namet.ads:24:33: (style) space required [-gnatyt]
namet.ads:24:34: (style) space required [-gnatyt]
   [Ada]          ocarina-generators-po_hi_c-naming.adb
namet.ads:24:33: (style) space required [-gnatyt]
namet.ads:24:34: (style) space required [-gnatyt]
   [Ada]          ocarina-generators-po_hi_c-deployment.adb
   [Ada]          ocarina-generators-po_qos_ada.adb
ocarina-generators-po_qos_ada.adb:52:04: warning: use clause for package "Generator" has no effect [-gnatwu]
ocarina-generators-po_qos_ada.adb:53:04: warning: use clause for package "Runtime" has no effect [-gnatwu]
ocarina-generators-po_qos_ada.adb:55:04: warning: use clause for package "Build_Utils" has no effect [-gnatwu]
   [Ada]          ocarina-generators-po_hi_c.adb
ocarina-generators-po_hi_c.adb:46:04: warning: use clause for package "Activity" has no effect [-gnatwu]
ocarina-generators-po_hi_c.adb:47:04: warning: use clause for package "Deployment" has no effect [-gnatwu]
ocarina-generators-po_hi_c.adb:48:04: warning: use clause for package "Main" has no effect [-gnatwu]
ocarina-generators-po_hi_c.adb:49:04: warning: use clause for package "Naming" has no effect [-gnatwu]
ocarina-generators-po_hi_c.adb:51:04: warning: use clause for package "Generator" has no effect [-gnatwu]
   [Ada]          ocarina-generators-po_hi_ada.adb
namet.ads:24:33: (style) space required [-gnatyt]
namet.ads:24:34: (style) space required [-gnatyt]
   [Ada]          ocarina-generators-po_hi_ada-types.adb
ocarina-generators-po_hi_ada.adb:58:04: warning: use clause for package "Generator" has no effect [-gnatwu]
ocarina-generators-po_hi_ada.adb:59:04: warning: use clause for package "Runtime" has no effect [-gnatwu]
   [Ada]          ocarina-generators-po_hi_c-runtime.adb
   [Ada]          ocarina-generators-messages.adb
namet.ads:24:33: (style) space required [-gnatyt]
namet.ads:24:34: (style) space required [-gnatyt]
   [Ada]          ocarina-generators-ada_values.adb
   [Ada]          ocarina-generators-ada_tree-generator.adb
   [Ada]          ocarina-generators-po_qos_ada-helpers.adb
ocarina-generators-ada_tree-nutils.adb:187:43: (style) misplaced "then" [-gnatyi]
namet.ads:24:33: (style) space required [-gnatyt]
namet.ads:24:34: (style) space required [-gnatyt]
   [Ada]          ocarina-generators-utils.adb
namet.ads:24:33: (style) space required [-gnatyt]
namet.ads:24:34: (style) space required [-gnatyt]
   [Ada]          ocarina-generators-po_qos_ada-obj_adapters.adb
ocarina-generators-ada_tree-generator.adb:597:21: (style) redundant parentheses [-gnatyz]
ocarina-generators-ada_tree-generator.adb:1582:43: (style) misplaced "then" [-gnatyi]
namet.ads:24:33: (style) space required [-gnatyt]
namet.ads:24:34: (style) space required [-gnatyt]
   [Ada]          ocarina-generators-ada_tree-debug.adb
namet.ads:24:33: (style) space required [-gnatyt]
namet.ads:24:34: (style) space required [-gnatyt]
   [Ada]          ocarina-generators-po_hi_ada-mapping.adb
   [Ada]          ocarina-generators-po_hi_ada-main.adb
   [Ada]          ocarina-generators-c_tree-nodes.adb
namet.ads:24:33: (style) space required [-gnatyt]
namet.ads:24:34: (style) space required [-gnatyt]
   [Ada]          ocarina-generators-c_tree.ads
namet.ads:24:33: (style) space required [-gnatyt]
namet.ads:24:34: (style) space required [-gnatyt]
   [Ada]          ocarina-generators-po_hi_ada-marshallers.adb
   [Ada]          ocarina-generators.adb
   [Ada]          ocarina-generators-po_hi_ada-csra.adb
namet.ads:24:33: (style) space required [-gnatyt]
namet.ads:24:34: (style) space required [-gnatyt]
   [Ada]          ocarina-generators-po_qos_ada-setup.adb
namet.ads:24:33: (style) space required [-gnatyt]
namet.ads:24:34: (style) space required [-gnatyt]
   [Ada]          ocarina-dumper.adb
   [Ada]          ocarina-dumper-aadl_tree.adb
   [Ada]          ocarina-aadl-parser-properties.adb
   [Ada]          ocarina-aadl-parser-components.adb
   [Ada]          ocarina-aadl-printer-identifiers.adb
namet.ads:24:33: (style) space required [-gnatyt]
namet.ads:24:34: (style) space required [-gnatyt]
   [Ada]          ocarina-aadl-parser-components-features.adb
ocarina-aadl-parser-properties.adb:476:07: warning: use clause for package "Nodes" has no effect [-gnatwu]
ocarina-aadl-parser-properties.adb:477:07: warning: use clause for package "Nutils" has no effect [-gnatwu]
ocarina-aadl-parser-properties.adb:550:07: warning: use clause for package "Nutils" has no effect [-gnatwu]
ocarina-aadl-parser-properties.adb:715:07: warning: use clause for package "Properties" has no effect [-gnatwu]
ocarina-aadl-parser-properties.adb:897:07: warning: use clause for package "Nodes" has no effect [-gnatwu]
ocarina-aadl-parser-properties.adb:898:07: warning: use clause for package "Nutils" has no effect [-gnatwu]
namet.ads:24:33: (style) space required [-gnatyt]
namet.ads:24:34: (style) space required [-gnatyt]
   [Ada]          ocarina-aadl-parser_errors.adb
ocarina-aadl-parser-components.adb:313:07: warning: use clause for package "Nutils" has no effect [-gnatwu]
ocarina-aadl-parser-components.adb:627:07: warning: use clause for package "Nutils" has no effect [-gnatwu]
ocarina-aadl-parser-components.adb:811:07: warning: use clause for package "Nutils" has no effect [-gnatwu]
ocarina-aadl-parser-components.adb:812:07: warning: use clause for package "Lexer" has no effect [-gnatwu]
namet.ads:24:33: (style) space required [-gnatyt]
namet.ads:24:34: (style) space required [-gnatyt]
   [Ada]          ocarina-aadl-printer-properties.adb
ocarina-aadl-parser-components-features.adb:360:07: warning: use clause for package "Nodes" has no effect [-gnatwu]
ocarina-aadl-parser-components-features.adb:458:07: warning: use clause for package "Nodes" has no effect [-gnatwu]
   [Ada]          ocarina-aadl-printer.adb
namet.ads:24:33: (style) space required [-gnatyt]
namet.ads:24:34: (style) space required [-gnatyt]
   [Ada]          ocarina-aadl-printer-components-subprogram_calls.adb
   [Ada]          ocarina-aadl-printer-annexes.adb
   [Ada]          ocarina-aadl-parser-components-subcomponents.adb
namet.ads:24:33: (style) space required [-gnatyt]
namet.ads:24:34: (style) space required [-gnatyt]
   [Ada]          ocarina-aadl-parser.adb
   [Ada]          ocarina-aadl-parser-annexes.adb
   [Ada]          ocarina-aadl-printer-components-features.adb
namet.ads:24:33: (style) space required [-gnatyt]
namet.ads:24:34: (style) space required [-gnatyt]
   [Ada]          ocarina-aadl-parser-components-subprogram_calls.adb
ocarina-aadl-parser.adb:68:07: warning: use clause for package "Nodes" has no effect [-gnatwu]
ocarina-aadl-parser.adb:69:07: warning: use clause for package "Nutils" has no effect [-gnatwu]
ocarina-aadl-parser.adb:169:07: warning: use clause for package "Nodes" has no effect [-gnatwu]
ocarina-aadl-parser.adb:170:07: warning: use clause for package "Nutils" has no effect [-gnatwu]
namet.ads:24:33: (style) space required [-gnatyt]
namet.ads:24:34: (style) space required [-gnatyt]
   [Ada]          ocarina-aadl-printer-components-subcomponents.adb
   [Ada]          ocarina-aadl-parser-identifiers.adb
ocarina-aadl-printer-components-features.adb:38:06: warning: unnecessary with of ancestor [-gnatwr]
ocarina-aadl-printer-components-features.adb:46:04: warning: use clause for package "Components" has no effect [-gnatwu]
   [Ada]          ocarina-aadl-printer-namespaces.adb
ocarina-aadl-printer-components-subcomponents.adb:45:04: warning: use clause for package "Components" has no effect [-gnatwu]
   [Ada]          ocarina-aadl-parser-components-modes.adb
ocarina-aadl-parser-identifiers.adb:49:07: warning: use clause for package "Tokens" has no effect [-gnatwu]
ocarina-aadl-parser-identifiers.adb:79:50: (style) misplaced "then" [-gnatyi]
ocarina-aadl-parser-identifiers.adb:156:07: warning: use clause for package "Nutils" has no effect [-gnatwu]
ocarina-aadl-parser-identifiers.adb:192:07: warning: use clause for package "Nodes" has no effect [-gnatwu]
ocarina-aadl-parser-identifiers.adb:193:07: warning: use clause for package "Nutils" has no effect [-gnatwu]
namet.ads:24:33: (style) space required [-gnatyt]
namet.ads:24:34: (style) space required [-gnatyt]
   [Ada]          ocarina-aadl-printer-properties-values.adb
ocarina-aadl-parser-components-modes.adb:200:07: warning: use clause for package "Nutils" has no effect [-gnatwu]
ocarina-aadl-parser-components-modes.adb:433:07: warning: use clause for package "Nutils" has no effect [-gnatwu]
ocarina-aadl-parser-components-modes.adb:492:07: warning: use clause for package "Nodes" has no effect [-gnatwu]
ocarina-aadl-parser-components-modes.adb:493:07: warning: use clause for package "Tokens" has no effect [-gnatwu]
   [Ada]          ocarina-aadl-printer-components-connections.adb
namet.ads:24:33: (style) space required [-gnatyt]
namet.ads:24:34: (style) space required [-gnatyt]
   [Ada]          ocarina-aadl-lexer.adb
   [Ada]          ocarina-aadl-printer-components-flows.adb
ocarina-aadl-printer-properties-values.adb:48:04: warning: use clause for package "AADL_Values" has no effect [-gnatwu]
ocarina-aadl-printer-properties-values.adb:227:47: (style) misplaced "then" [-gnatyi]
   [Ada]          ocarina-aadl-parser-namespaces.adb
ocarina-aadl-printer-components-flows.adb:84:58: (style) misplaced "then" [-gnatyi]
ocarina-aadl-printer-components-flows.adb:91:58: (style) misplaced "then" [-gnatyi]
   [Ada]          ocarina-aadl-printer-components.adb
ocarina-aadl-parser-namespaces.adb:147:07: warning: use clause for package "Nutils" has no effect [-gnatwu]
ocarina-aadl-parser-namespaces.adb:264:07: warning: use clause for package "Nutils" has no effect [-gnatwu]
ocarina-aadl-parser-namespaces.adb:385:07: warning: use clause for package "Nutils" has no effect [-gnatwu]
ocarina-aadl-parser-namespaces.adb:388:07: warning: use clause for package "Properties" has no effect [-gnatwu]
ocarina-aadl-parser-namespaces.adb:443:19: (style) redundant parentheses [-gnatyz]
ocarina-aadl-parser-namespaces.adb:443:49: (style) redundant parentheses [-gnatyz]
namet.ads:24:33: (style) space required [-gnatyt]
namet.ads:24:34: (style) space required [-gnatyt]
   [Ada]          ocarina-aadl.adb
   [Ada]          ocarina-aadl-parser-components-flows.adb
   [Ada]          ocarina-aadl-parser-properties-values.adb
   [Ada]          ocarina-aadl-printer-components-modes.adb
ocarina-aadl-lexer.adb:63:62: (style) space required [-gnatyt]
ocarina-aadl-lexer.adb:296:17: warning: redundant conversion, expression is of type "Long_Long_Float" [-gnatwr]
ocarina-aadl-lexer.adb:653:52: (style) misplaced "then" [-gnatyi]
namet.ads:24:33: (style) space required [-gnatyt]
namet.ads:24:34: (style) space required [-gnatyt]
   [Ada]          ocarina-aadl-parser-components-connections.adb
ocarina-aadl-parser-components-flows.adb:76:07: warning: use clause for package "Tokens" has no effect [-gnatwu]
ocarina-aadl-parser-components-flows.adb:319:07: warning: use clause for package "Flows" has no effect [-gnatwu]
ocarina-aadl-parser-components-flows.adb:451:07: warning: use clause for package "Flows" has no effect [-gnatwu]
ocarina-aadl-parser-components-flows.adb:519:07: warning: use clause for package "Nodes" has no effect [-gnatwu]
   [Ada]          ocarina-aadl-tokens.adb
   [Ada]          ocarina.adb
   [Ada]          ocarina-parser.adb
ocarina.adb:46:07: warning: use clause for package "Namet" has no effect [-gnatwu]
namet.ads:24:33: (style) space required [-gnatyt]
namet.ads:24:34: (style) space required [-gnatyt]
   [Ada]          ocarina-messages.adb
ocarina-aadl-parser-properties-values.adb:372:07: warning: use clause for package "Identifiers" has no effect [-gnatwu]
ocarina-aadl-parser-properties-values.adb:484:07: warning: use clause for package "Values" has no effect [-gnatwu]
ocarina-aadl-parser-properties-values.adb:561:07: warning: use clause for package "Nutils" has no effect [-gnatwu]
ocarina-aadl-parser-properties-values.adb:1081:07: warning: use clause for package "Nodes" has no effect [-gnatwu]
ocarina-aadl-parser-properties-values.adb:1082:07: warning: use clause for package "Nutils" has no effect [-gnatwu]
ocarina-aadl-parser-properties-values.adb:1135:07: warning: use clause for package "Values" has no effect [-gnatwu]
ocarina-aadl-parser-properties-values.adb:1202:07: warning: use clause for package "Values" has no effect [-gnatwu]
ocarina-aadl-parser-properties-values.adb:1503:07: warning: use clause for package "Values" has no effect [-gnatwu]
ocarina-aadl-parser-properties-values.adb:1666:07: warning: use clause for package "Nutils" has no effect [-gnatwu]
ocarina-aadl-parser-properties-values.adb:1702:07: warning: use clause for package "Nodes" has no effect [-gnatwu]
   [Ada]          ocarina-printer.adb
namet.ads:24:33: (style) space required [-gnatyt]
namet.ads:24:34: (style) space required [-gnatyt]
   [Ada]          ocarina-expander-namespaces.adb
   [Ada]          ocarina-expander-components-features.adb
   [Ada]          ocarina-expander-components-connections.adb
   [Ada]          ocarina-expander-messages.adb
namet.ads:24:33: (style) space required [-gnatyt]
namet.ads:24:34: (style) space required [-gnatyt]
   [Ada]          ocarina-expander-properties.adb
   [Ada]          ocarina-expander-components-subprogram_calls.adb
   [Ada]          ocarina-expander-components-subcomponents.adb
   [Ada]          ocarina-expander.adb
namet.ads:24:33: (style) space required [-gnatyt]
namet.ads:24:34: (style) space required [-gnatyt]
   [Ada]          ocarina-expander-components.adb
ocarina-expander-components-subprogram_calls.adb:38:06: warning: unnecessary with of ancestor [-gnatwr]
ocarina-expander-components-subprogram_calls.adb:48:04: warning: use clause for package "Components" has no effect [-gnatwu]
   [Ada]          ocarina-processor-instances-properties.adb
   [Ada]          ocarina-visitor-instances.ads
   [Ada]          ocarina-visitor-instances-properties.adb
   [Ada]          ocarina-expander-queries.adb
namet.ads:24:33: (style) space required [-gnatyt]
namet.ads:24:34: (style) space required [-gnatyt]
   [Ada]          ocarina-expander-finder.adb
   [Ada]          ocarina-processor-instances.ads
   [Ada]          ocarina-builder-components-subprogram_calls.adb
ocarina-expander-components-subcomponents.adb:39:06: warning: unnecessary with of ancestor [-gnatwr]
ocarina-expander-components-subcomponents.adb:49:04: warning: use clause for package "Components" has no effect [-gnatwu]
   [Ada]          ocarina-builder.ads
namet.ads:24:33: (style) space required [-gnatyt]
namet.ads:24:34: (style) space required [-gnatyt]
   [Ada]          ocarina-builder-components-features.adb
   [Ada]          ocarina-visitor.ads
   [Ada]          ocarina-analyzer-naming_rules.adb
   [Ada]          ocarina-analyzer.adb
ocarina-builder-components-subprogram_calls.adb:143:07: warning: use clause for package "Components" has no effect [-gnatwu]
   [Ada]          ocarina-analyzer-names.adb
ocarina-builder-components-features.adb:36:06: warning: unnecessary with of ancestor [-gnatwr]
ocarina-builder-components-features.adb:96:07: warning: use clause for package "Components" has no effect [-gnatwu]
ocarina-builder-components-features.adb:156:07: warning: use clause for package "Nutils" has no effect [-gnatwu]
   [Ada]          ocarina-builder-components.adb
ocarina-analyzer.adb:52:04: warning: use clause for package "Naming_Rules" has no effect [-gnatwu]
   [Ada]          ocarina-builder-components-subcomponents.adb
   [Ada]          ocarina-analyzer-links.adb
   [Ada]          ocarina-builder-components-flows.adb
   [Ada]          ocarina-analyzer-queries.adb
   [Ada]          ocarina-processor.ads
ocarina-builder-components-flows.adb:84:07: warning: use clause for package "Components" has no effect [-gnatwu]
ocarina-builder-components-flows.adb:126:07: warning: use clause for package "Components" has no effect [-gnatwu]
ocarina-builder-components-flows.adb:169:07: warning: use clause for package "Components" has no effect [-gnatwu]
   [Ada]          ocarina-analyzer-legality_rules.adb
   [Ada]          ocarina-builder-components-connections.adb
   [Ada]          ocarina-processor-properties.adb
ocarina-analyzer-legality_rules.adb:158:58: (style) misplaced "then" [-gnatyi]
   [Ada]          ocarina-visitor-properties.adb
ocarina-analyzer-queries.adb:837:21: (style) redundant parentheses [-gnatyz]
ocarina-analyzer-queries.adb:840:21: (style) redundant parentheses [-gnatyz]
   [Ada]          ocarina-analyzer-finder.adb
   [Ada]          ocarina-builder-namespaces.adb
ocarina-processor-properties.adb:204:07: warning: use clause for package "Entities" has no effect [-gnatwu]
ocarina-processor-properties.adb:205:07: warning: use clause for package "Queries" has no effect [-gnatwu]
ocarina-processor-properties.adb:364:07: warning: use clause for package "Queries" has no effect [-gnatwu]
ocarina-processor-properties.adb:978:07: warning: use clause for package "Queries" has no effect [-gnatwu]
   [Ada]          ocarina-builder-components-modes.adb
   [Ada]          ocarina-analyzer-messages.adb
   [Ada]          ocarina-visitor-components.adb
ocarina-builder-components-modes.adb:115:07: warning: use clause for package "Components" has no effect [-gnatwu]
   [Ada]          ocarina-analyzer-semantics.adb
ocarina-analyzer-finder.adb:118:39: (style) redundant parentheses [-gnatyz]
ocarina-analyzer-finder.adb:132:42: (style) redundant parentheses [-gnatyz]
ocarina-analyzer-finder.adb:145:43: (style) redundant parentheses [-gnatyz]
ocarina-analyzer-finder.adb:146:52: (style) redundant parentheses [-gnatyz]
ocarina-analyzer-finder.adb:288:24: (style) redundant parentheses [-gnatyz]
ocarina-analyzer-finder.adb:973:24: (style) redundant parentheses [-gnatyz]
ocarina-analyzer-finder.adb:1076:26: (style) redundant parentheses [-gnatyz]
namet.ads:24:33: (style) space required [-gnatyt]
namet.ads:24:34: (style) space required [-gnatyt]
   [Ada]          ocarina-builder-annexes.adb
   [Ada]          ocarina-builder-properties.adb
ocarina-builder-annexes.adb:136:07: warning: use clause for package "Types" has no effect [-gnatwu]
   [Ada]          ocarina-debug.adb
ocarina-builder-properties.adb:360:07: warning: use clause for package "Components" has no effect [-gnatwu]
ocarina-builder-properties.adb:361:07: warning: use clause for package "Features" has no effect [-gnatwu]
ocarina-builder-properties.adb:362:07: warning: use clause for package "Connections" has no effect [-gnatwu]
ocarina-builder-properties.adb:363:07: warning: use clause for package "Flows" has no effect [-gnatwu]
ocarina-builder-properties.adb:364:07: warning: use clause for package "Modes" has no effect [-gnatwu]
ocarina-builder-properties.adb:365:07: warning: use clause for package "Subprogram_Calls" has no effect [-gnatwu]
ocarina-builder-properties.adb:366:07: warning: use clause for package "Subcomponents" has no effect [-gnatwu]
ocarina-builder-properties.adb:367:07: warning: use clause for package "Namespaces" has no effect [-gnatwu]
   [Ada]          ocarina-entities-components-connections.adb
   [Ada]          ocarina-aadl_values.adb
ocarina-analyzer-messages.adb:226:07: warning: use clause for package "Debug" has no effect [-gnatwu]
ocarina-analyzer-messages.adb:560:07: warning: use clause for package "Entities" has no effect [-gnatwu]
ocarina-analyzer-messages.adb:561:07: warning: use clause for package "Properties" has no effect [-gnatwu]
ocarina-analyzer-messages.adb:585:07: warning: use clause for package "Properties" has no effect [-gnatwu]
ocarina-analyzer-messages.adb:696:07: warning: use clause for package "Properties" has no effect [-gnatwu]
ocarina-analyzer-messages.adb:728:07: warning: use clause for package "Properties" has no effect [-gnatwu]
namet.ads:24:33: (style) space required [-gnatyt]
namet.ads:24:34: (style) space required [-gnatyt]
   [Ada]          ocarina-annotations.adb
ocarina-analyzer-semantics.adb:2057:30: (style) redundant parentheses [-gnatyx]
ocarina-analyzer-semantics.adb:2117:24: (style) redundant parentheses [-gnatyz]
ocarina-analyzer-semantics.adb:2123:24: (style) redundant parentheses [-gnatyz]
ocarina-analyzer-semantics.adb:2156:24: (style) redundant parentheses [-gnatyz]
ocarina-analyzer-semantics.adb:2164:24: (style) redundant parentheses [-gnatyz]
   [Ada]          ocarina-nodes.adb
namet.ads:24:33: (style) space required [-gnatyt]
namet.ads:24:34: (style) space required [-gnatyt]
   [Ada]          ocarina-entities-messages.adb
   [Ada]          ocarina-entities.adb
   [Ada]          ocarina-nutils.adb
ocarina-entities.adb:365:07: warning: use clause for package "Nutils" has no effect [-gnatwu]
namet.ads:24:33: (style) space required [-gnatyt]
namet.ads:24:34: (style) space required [-gnatyt]
   [Ada]          ocarina-entities-components-subcomponents.adb
ocarina-entities-components-subcomponents.adb:35:06: warning: unnecessary with of ancestor [-gnatwr]
ocarina-entities-components-subcomponents.adb:49:07: warning: use clause for package "Components" has no effect [-gnatwu]
ocarina-entities-components-subcomponents.adb:78:07: warning: use clause for package "Entities" has no effect [-gnatwu]
   [Ada]          ocarina-entities-components-subprogram_calls.adb
namet.ads:24:33: (style) space required [-gnatyt]
namet.ads:24:34: (style) space required [-gnatyt]
   [Ada]          ocarina-entities-components.adb
ocarina-entities-components-subprogram_calls.adb:48:07: warning: use clause for package "Entities" has no effect [-gnatwu]
   [Ada]          ocarina-entities-properties.adb
   [Ada]          ocarina-entities-components-flows.adb
   [Ada]          ocarina-entities-namespaces.adb
   [Ada]          namet.adb
ocarina-entities-properties.adb:37:06: warning: unnecessary with of ancestor [-gnatwr]
ocarina-entities-properties.adb:63:12: (style) redundant parentheses [-gnatyx]
ocarina-entities-properties.adb:105:18: (style) redundant parentheses [-gnatyz]
ocarina-entities-properties.adb:118:07: warning: use clause for package "AADL_Values" has no effect [-gnatwu]
ocarina-entities-properties.adb:164:07: warning: use clause for package "AADL_Values" has no effect [-gnatwu]
ocarina-entities-properties.adb:432:07: warning: use clause for package "AADL_Values" has no effect [-gnatwu]
ocarina-entities-properties.adb:507:07: warning: use clause for package "Entities" has no effect [-gnatwu]
ocarina-entities-properties.adb:525:07: warning: use clause for package "Entities" has no effect [-gnatwu]
namet.ads:24:33: (style) space required [-gnatyt]
namet.ads:24:34: (style) space required [-gnatyt]
   [Ada]          locations.adb
ocarina-aadl_values.adb:506:40: (style) redundant parentheses [-gnatyz]
ocarina-aadl_values.adb:632:26: (style) redundant parentheses [-gnatyz]
ocarina-aadl_values.adb:632:53: (style) redundant parentheses [-gnatyz]
ocarina-aadl_values.adb:635:26: (style) redundant parentheses [-gnatyz]
ocarina-aadl_values.adb:636:30: (style) redundant parentheses [-gnatyz]
ocarina-aadl_values.adb:646:26: (style) redundant parentheses [-gnatyz]
ocarina-aadl_values.adb:647:30: (style) redundant parentheses [-gnatyz]
ocarina-aadl_values.adb:650:26: (style) redundant parentheses [-gnatyz]
ocarina-aadl_values.adb:650:53: (style) redundant parentheses [-gnatyz]
namet.ads:24:33: (style) space required [-gnatyt]
namet.ads:24:34: (style) space required [-gnatyt]
   [Ada]          utils.adb
locations.adb:22:26: (style) "in" should be omitted [-gnatyI]
namet.ads:24:33: (style) space required [-gnatyt]
namet.ads:24:34: (style) space required [-gnatyt]
   [Ada]          types.adb
namet.ads:24:33: (style) space required [-gnatyt]
namet.ads:24:34: (style) space required [-gnatyt]
   [Ada]          charset.adb
types.ads:34:06: warning: renamed predefined unit is an obsolescent feature (RM J.1) [-gnatwj]
   [Ada]          errors.adb
   [Ada]          output.adb
namet.ads:24:33: (style) space required [-gnatyt]
namet.ads:24:34: (style) space required [-gnatyt]
   [Ada]          ocarina-configuration.adb
   [Ada]          glib-module.adb
namet.ads:24:33: (style) space required [-gnatyt]
namet.ads:24:34: (style) space required [-gnatyt]
   [Ada]          gtk-arguments.adb
   [Ada]          cairo-png.adb
   [Ada]          glib-gslist.adb
   [Ada]          gdk-visual.adb
   [Ada]          gtkada-types.adb
   [Ada]          cairo-surface.adb
   [Ada]          glib-xml.adb
   [Ada]          pango.ads
   [Ada]          gdk-main.adb
   [Ada]          cairo-svg.adb
   [Ada]          glib-properties.adb
   [Ada]          gtkada-dialogs.adb
   [Ada]          glib.adb
   [Ada]          gtkada-canvas_view-views.adb
   [Ada]          gdk-input.ads
   [Ada]          gdk-types.ads
   [Ada]          gtkada-abstract_tree_model.adb
   [Ada]          cairo-font_options.adb
   [Ada]          glib-key_file.adb
   [Ada]          glib-gnodes.adb
   [Ada]          glib-convert.adb
   [Ada]          gtkada-bindings.adb
   [Ada]          cairo-image_surface.adb
   [Ada]          gdk.ads
   [Ada]          gtk-rc.adb
   [Ada]          gtkada-canvas_view.adb
   [Ada]          gtk-type_conversion.adb
   [Ada]          glib-unicode.adb
   [Ada]          glib-graphs.adb
   [Ada]          glib-generic_properties.adb
   [Ada]          glib-properties-creation.adb
   [Ada]          gtkada-file_selection.adb
   [Ada]          gdk-keyval.adb
   [Ada]          gtkada.ads
   [Ada]          gdk-rectangle.adb
   [Ada]          cairo-pdf.adb
   [Ada]          glib-error.adb
   [Ada]          gdk-types-keysyms.ads
   [Ada]          fontconfig.adb
   [Ada]          gtk.ads
   [Ada]          glib-object.adb
   [Ada]          gtkada-intl.adb
   [Ada]          cairo-scaled_font.ads
   [Ada]          glib-main.adb
   [Ada]          gtkada-multiline_entry.adb
   [Ada]          glib-types.adb
   [Ada]          gtk-bindings.adb
   [Ada]          gtkada-application.adb
   [Ada]          gtkada-canvas.adb
   [Ada]          gdk-threads.ads
   [Ada]          gdk-dnd.adb
   [Ada]          cairo-region.adb
   [Ada]          pango-cairo.adb
   [Ada]          gtk-marshallers.adb
   [Ada]          gtkada-style.adb
   [Ada]          gdk-window_attr.adb
   [Ada]          gtkada-handlers.ads
   [Ada]          gtkada-abstract_list_model.adb
   [Ada]          gdk-cairo.adb
   [Ada]          glib-graphs-layouts.adb
   [Ada]          gtkada-stock_labels.ads
   [Ada]          gdk-color.adb
   [Ada]          gtkada-printing.adb
   [Ada]          gtkada-mdi.adb
   [Ada]          gtk-text_child.adb
   [Ada]          gtk-tree_model-utils.adb
   [Ada]          gtkada-canvas_view-rtrees.adb
   [Ada]          gdk-pixbuf.adb
   [Ada]          gtkada-canvas_view-objects.adb
   [Ada]          glib-glist.adb
   [Ada]          gtk-handlers.adb
   [Ada]          gtkada-canvas_view-models.adb
   [Ada]          gtk-dnd.adb
   [Ada]          gtkada-pixmaps.ads
   [Ada]          gtkada-stock_icons.ads
   [Ada]          gtkada-builder.adb
   [Ada]          glib-enums.ads
   [Ada]          gdk-display_manager.adb
   [Ada]          glib-xml_int.ads
   [Ada]          glib-messages.adb
   [Ada]          gtkada-canvas_view-astar.adb
   [Ada]          cairo-pattern.ads
   [Ada]          gdk-property.adb
   [Ada]          cairo-matrix.ads
   [Ada]          gtkada-canvas_view-links.adb
   [Ada]          cairo-font_face.ads
   [Ada]          cairo.adb
   [Ada]          gtkada-multi_paned.adb
   [Ada]          glib-values.adb
   [Ada]          gtkada-c.adb
   [Ada]          gtkada-canvas_view-models-layers.adb
   [Ada]          glib-type_conversion_hooks.adb
   [Ada]          gtk-main.adb
   [Ada]          gtk-cell_view.adb
   [Ada]          pango-coverage.adb
   [Ada]          gdk-device_tool.adb
   [Ada]          gtk-menu_tool_button.adb
   [Ada]          gtk-vbutton_box.adb
   [Ada]          pango-font_face.adb
   [Ada]          gtk-scale.adb
   [Ada]          gtk-invisible.adb
   [Ada]          gtk-stack_switcher.adb
   [Ada]          gtk-tree_row_reference.adb
   [Ada]          glib-action_map.adb
   [Ada]          gtk-gesture_rotate.adb
   [Ada]          gdk-seat.adb
   [Ada]          gtk-radio_button.adb
   [Ada]          glib-action_group.adb
   [Ada]          gtk-toggle_action.adb
   [Ada]          gtk-scale_button.adb
   [Ada]          gtk-tooltip.adb
   [Ada]          gtk-actionable.adb
   [Ada]          gtk-action_group.adb
   [Ada]          gtk-im_context_simple.adb
   [Ada]          gtk-editable.adb
   [Ada]          gtk-action_bar.adb
   [Ada]          gtk-size_group.adb
   [Ada]          gtk-arrow.adb
   [Ada]          gtk-tree_model_sort.adb
   [Ada]          gtk-print_settings.adb
   [Ada]          gtk-gesture_swipe.adb
   [Ada]          gtk-menu_item.adb
   [Ada]          gtk-file_chooser_button.adb
   [Ada]          gtk-fixed.adb
   [Ada]          gtk-menu.adb
   [Ada]          gtk-menu_button.adb
   [Ada]          gtk-recent_info.adb
   [Ada]          gtk-volume_button.adb
   [Ada]          gdk-monitor.adb
   [Ada]          gdk-event.adb
   [Ada]          gtk-notebook.adb
   [Ada]          gtk-clipboard.adb
   [Ada]          gtk-cell_renderer_spinner.adb
   [Ada]          gtk-page_setup.adb
   [Ada]          gtk-expander.adb
   [Ada]          gtk-color_chooser_widget.adb
   [Ada]          gtk-offscreen_window.adb
   [Ada]          pango-attributes.adb
   [Ada]          glib-poll.adb
   [Ada]          gtk-cell_renderer_text.adb
   [Ada]          gtk-gesture_drag.adb
   [Ada]          gtk-tree_model_filter.adb
   [Ada]          gtk-layout.adb
   [Ada]          gtk-hbutton_box.adb
   [Ada]          gdk-glcontext.adb
   [Ada]          gtk-tree_sortable.adb
   [Ada]          gtk-stack.adb
   [Ada]          gdk-device.adb
   [Ada]          gtk-toggle_tool_button.adb
   [Ada]          gtk-text_buffer.adb
   [Ada]          gtk-text_tag.adb
   [Ada]          gtk-cell_area_context.adb
   [Ada]          gtk-scrolled_window.adb
   [Ada]          glib-option.adb
   [Ada]          gtk-style_properties.adb
   [Ada]          gtk-cell_area.adb
   [Ada]          gtk-accel_map.adb
   [Ada]          gtk-gesture.adb
   [Ada]          gtk-icon_theme.adb
   [Ada]          gtk-text_attributes.adb
   [Ada]          gdk-cursor.adb
   [Ada]          gdk-frame_clock.adb
   [Ada]          gtk-style.adb
   [Ada]          gtk-cell_renderer_combo.adb
   [Ada]          gtk-separator_menu_item.adb
   [Ada]          glib-iochannel.adb
   [Ada]          gtk-radio_tool_button.adb
   [Ada]          gtk-tool_item_group.adb
   [Ada]          gtk-gesture_pan.adb
   [Ada]          glib-string.adb
   [Ada]          gtk-level_bar.adb
   [Ada]          gtk-list_box.adb
   [Ada]          gtk-text_child_anchor.adb
   [Ada]          gtk-menu_bar.adb
   [Ada]          gtk-css_provider.adb
   [Ada]          gtk-switch.adb
   [Ada]          gtk-font_chooser_widget.adb
   [Ada]          gtk-recent_chooser.adb
   [Ada]          gtk-combo_box.adb
   [Ada]          gtk-gesture_single.adb
   [Ada]          gtk-aspect_frame.adb
   [Ada]          gtk-image_menu_item.adb
   [Ada]          gtk-tree_drag_dest.adb
   [Ada]          gtk-drawing_area.adb
   [Ada]          gtk-event_box.adb
   [Ada]          gtk-calendar.adb
   [Ada]          gtk-search_entry.adb
   [Ada]          gtk-separator.adb
   [Ada]          gtk-file_chooser_widget.adb
   [Ada]          gtk-cell_renderer_spin.adb
   [Ada]          gtk-tree_selection.adb
   [Ada]          gtk-dialog.adb
   [Ada]          gtk-target_entry.adb
   [Ada]          glib-cancellable.adb
   [Ada]          gtk-check_menu_item.adb
   [Ada]          gtk-paned.adb
   [Ada]          gtk-window.adb
   [Ada]          gtk-im_multi_context.adb
   [Ada]          gtk-im_context.adb
   [Ada]          gtk-frame.adb
   [Ada]          gdk-frame_timings.adb
   [Ada]          gtk-color_selection.adb
   [Ada]          gtk-spinner.adb
   [Ada]          gtk-recent_chooser_menu.adb
   [Ada]          gtk-cell_area_box.adb
   [Ada]          gtk-box.adb
   [Ada]          gtk-misc.adb
   [Ada]          gtk-recent_filter.adb
   [Ada]          gtk-tool_shell.adb
   [Ada]          gtk-accel_group.adb
   [Ada]          gtk-stock.adb
   [Ada]          gtk-button.adb
   [Ada]          gtk-link_button.adb
   [Ada]          gtk-print_context.adb
   [Ada]          gtk-list_box_row.adb
   [Ada]          gtk-tearoff_menu_item.adb
   [Ada]          gtk-text_iter.adb
   [Ada]          glib-simple_action.adb
   [Ada]          gdk-drawing_context.adb
   [Ada]          gtk-builder.adb
   [Ada]          gtk-tree_view_column.adb
   [Ada]          gtk-font_chooser.adb
   [Ada]          gtk-image.adb
   [Ada]          gtk-status_bar.adb
   [Ada]          gtk-about_dialog.adb
   [Ada]          gtk-list_store.adb
   [Ada]          gtk-icon_view.adb
   [Ada]          gtk-style_provider.adb
   [Ada]          gtk-menu_shell.adb
   [Ada]          gtk-cell_editable.adb
   [Ada]          gtk-symbolic_color.adb
   [Ada]          gtk-tool_palette.adb
   [Ada]          gtk-accel_label.adb
   [Ada]          glib-list_model.adb
   [Ada]          gtk-scrollable.adb
   [Ada]          pango-context.adb
   [Ada]          pango-tabs.adb
   [Ada]          gtk-file_chooser.adb
   [Ada]          gtk-popover.adb
   [Ada]          glib-spawn.adb
   [Ada]          gtk-tree_model.adb
   [Ada]          gtk-glarea.adb
   [Ada]          glib-utils.adb
   [Ada]          gtk-action.adb
   [Ada]          gdk-screen.adb
   [Ada]          gtk-buildable.adb
   [Ada]          gtk-recent_action.adb
   [Ada]          glib-notification.adb
   [Ada]          gtk-widget.adb
   [Ada]          gtk-toggle_button.adb
   [Ada]          gdk-display.adb
   [Ada]          gtk-separator_tool_item.adb
   [Ada]          glib-g_icon.adb
   [Ada]          gtk-hsv.adb
   [Ada]          gtk-tree_view.adb
   [Ada]          gtk-activatable.adb
   [Ada]          gtk-color_chooser.adb
   [Ada]          gtk-icon_factory.adb
   [Ada]          gtk-color_selection_dialog.adb
   [Ada]          gtk-cell_renderer_pixbuf.adb
   [Ada]          pango-layout.adb
   [Ada]          gtk-gesture_multi_press.adb
   [Ada]          glib-simple_action_group.adb
   [Ada]          gtk-selection_data.adb
   [Ada]          gtk-cell_layout.adb
   [Ada]          gtk-color_button.adb
   [Ada]          gtk-overlay.adb
   [Ada]          gtk-grid.adb
   [Ada]          gtk-tree_drag_source.adb
   [Ada]          gtk-font_chooser_dialog.adb
   [Ada]          glib-action.adb
   [Ada]          gtk-print_operation_preview.adb
   [Ada]          gtk-entry_buffer.adb
   [Ada]          gtk-status_icon.adb
   [Ada]          gtk-check_button.adb
   [Ada]          gtk-radio_menu_item.adb
   [Ada]          gtk-tool_button.adb
   [Ada]          pango-font_metrics.adb
   [Ada]          gtk-bin.adb
   [Ada]          glib-variant.adb
   [Ada]          gtk-application_window.adb
   [Ada]          gtk-entry_completion.adb
   [Ada]          gtk-theming_engine.adb
   [Ada]          gtk-icon_source.adb
   [Ada]          gtk-progress_bar.adb
   [Ada]          gtk-text_mark.adb
   [Ada]          gtk-gentry.adb
   [Ada]          gtk-label.adb
   [Ada]          gtk-event_controller.adb
   [Ada]          gdk-device_manager.adb
   [Ada]          gtk-file_chooser_dialog.adb
   [Ada]          gtk-style_context.adb
   [Ada]          gtk-container.adb
   [Ada]          gtk-tool_item.adb
   [Ada]          gtk-scrollbar.adb
   [Ada]          gtk-gesture_long_press.adb
   [Ada]          gtk-settings.adb
   [Ada]          pango-font_map.adb
   [Ada]          gtk-search_bar.adb
   [Ada]          gtk-revealer.adb
   [Ada]          gtk-text_view.adb
   [Ada]          gtk-file_filter.adb
   [Ada]          glib-application.adb
   [Ada]          gtk-enums.adb
   [Ada]          gtk-font_selection_dialog.adb
   [Ada]          gdk-rgba.adb
   [Ada]          gtk-paper_size.adb
gtk-enums.adb:38:04: warning: possible aliasing problem for type "Chars_Ptr" [enabled by default]
gtk-enums.adb:38:04: warning: use -fno-strict-aliasing switch for references [enabled by default]
gtk-enums.adb:38:04: warning: or use "pragma No_Strict_Aliasing (Chars_Ptr);" [enabled by default]
   [Ada]          gtk-shortcuts_window.adb
   [Ada]          gtk-info_bar.adb
   [Ada]          gtk-ui_manager.adb
   [Ada]          gtk-font_button.adb
   [Ada]          pango-fontset.adb
   [Ada]          gdk-drag_contexts.adb
   [Ada]          gtk-gesture_zoom.adb
   [Ada]          gtk-grange.adb
   [Ada]          gtk-recent_chooser_widget.adb
   [Ada]          gtk-toolbar.adb
   [Ada]          gtk-handle_box.adb
   [Ada]          glib-menu_model.adb
   [Ada]          gtk-adjustment.adb
   [Ada]          gtk-assistant.adb
   [Ada]          gtk-message_dialog.adb
   [Ada]          gtk-header_bar.adb
   [Ada]          gtk-spin_button.adb
   [Ada]          gtk-viewport.adb
   [Ada]          gtk-orientable.adb
   [Ada]          gtk-table.adb
   [Ada]          gtk-css_section.adb
   [Ada]          gtk-cell_renderer_toggle.adb
   [Ada]          gtk-combo_box_text.adb
   [Ada]          gtk-application.adb
   [Ada]          gtk-tree_store.adb
   [Ada]          gtk-text_tag_table.adb
   [Ada]          gtk-target_list.adb
   [Ada]          gtk-binding_set.adb
   [Ada]          gdk-window.adb
   [Ada]          pango-language.adb
   [Ada]          glib-menu.adb
   [Ada]          gtk-cell_renderer.adb
   [Ada]          gtk-color_chooser_dialog.adb
   [Ada]          pango-font_family.adb
   [Ada]          gtk-print_operation.adb
   [Ada]          pango-enums.adb
   [Ada]          gtk-radio_action.adb
   [Ada]          gtk-flow_box.adb
   [Ada]          gtk-cell_renderer_accel.adb
   [Ada]          gtk-cell_renderer_progress.adb
   [Ada]          pango-matrix.adb
   [Ada]          gtk-font_selection.adb
   [Ada]          gtk-gradient.adb
   [Ada]          pango-font.adb
   [Ada]          gtk-flow_box_child.adb
   [Ada]          gtk-button_box.adb
   [Ada]          gtk-icon_set.adb
   [Ada]          gtk-recent_manager.adb
   [Ada]          gtk-alignment.adb
   [Ada]          gtk-recent_chooser_dialog.adb
   [C]            misc_generated.c
   [C]            misc.c
   [Ada]          aadl_parsers.adb
   [Ada]          address_space_set.adb
   [Ada]          buffer_set.adb
   [Ada]          cache_access_profile_set.adb
   [Ada]          cache_block_set.adb
   [Ada]          cache_set.adb
   [Ada]          call_framework.adb
   [Ada]          call_scheduling_framework.adb
   [Ada]          cfg_edge_set.adb
   [Ada]          cfg_node_set.adb
   [Ada]          cfg_set.adb
   [Ada]          debug.adb
   [Ada]          editor_config.adb
   [Ada]          event_analyzer_set.adb
   [Ada]          framework.adb
   [Ada]          framework_config.adb
   [Ada]          framework_config-extended.adb
   [Ada]          graphical_editor.adb
   [Ada]          graphical_editor-draw_scheduling.adb
   [Ada]          graphical_editor-message_text.adb
   [Ada]          initialize_framework.adb
   [Ada]          io_tools.adb
   [Ada]          message_set.adb
   [Ada]          multiprocessor_services.adb
   [Ada]          multiprocessor_services_interface.adb
   [Ada]          network_set.adb
   [Ada]          processor_set.adb
   [Ada]          processors.adb
   [Ada]          resource_set.adb
   [Ada]          scheduler_interface.adb
   [Ada]          systems.adb
   [Ada]          task_group_set.adb
   [Ada]          task_set.adb
   [Ada]          translate.adb
   [Ada]          unbounded_strings.adb
   [Ada]          version.adb
   [Ada]          xml_generic_parsers.adb
   [Ada]          xml_generic_parsers-architecture.adb
   [Ada]          integer_util.adb
   [Ada]          objects.adb
   [Ada]          objects-extended.adb
   [Ada]          resources.adb
   [Ada]          scheduler_interface-extended.adb
   [Ada]          sets.adb
   [Ada]          tasks.adb
   [Ada]          time_unit_events.adb
   [Ada]          address_spaces.adb
   [Ada]          mils_security.adb
   [Ada]          buffers.adb
   [Ada]          queueing_systems.adb
   [Ada]          caches.adb
   [Ada]          aadl_config.ads
   [Ada]          aadl_parser_interface.adb
   [Ada]          core_units.adb
   [Ada]          doubles.ads
   [Ada]          memories.adb
   [Ada]          offsets.adb
   [Ada]          parameters.adb
   [Ada]          task_dependencies.adb
   [Ada]          cfg_edges.adb
   [Ada]          integer_arrays.adb
   [Ada]          tables.adb
   [Ada]          cfg_nodes.adb
   [Ada]          cfg_nodes-extended.adb
   [Ada]          natural_util.adb
   [Ada]          call_cache_framework.adb
   [Ada]          call_dependency_framework.adb
   [Ada]          call_design_pattern_framework.adb
   [Ada]          call_framework_interface.adb
   [Ada]          call_memory_framework.adb
   [Ada]          call_network_framework.adb
   [Ada]          call_random_framework.adb
   [Ada]          call_resource_framework.adb
   [Ada]          call_security_framework.adb
   [Ada]          scheduling_options.ads
   [Ada]          time_unit_events-extended.adb
   [Ada]          translate-aadl_labels.adb
   [Ada]          translate-english_labels.adb
   [Ada]          translate-francais_labels.adb
   [Ada]          xml_tag.adb
   [Ada]          id_generators.adb
   [Ada]          parameters-extended.adb
   [Ada]          cfgs.adb
   [Ada]          primitive_xml_strings.adb
   [Ada]          convert_strings.adb
   [Ada]          convert_unbounded_strings.adb
   [Ada]          standards_io.ads
   [Ada]          double_util.adb
   [Ada]          event_analyzers.adb
   [Ada]          expressions.adb
   [Ada]          feasibility_test.ads
   [Ada]          feasibility_test-feasibility_interval.adb
   [Ada]          feasibility_test-periodic_task_worst_case_response_time.adb
   [Ada]          feasibility_test-processor_demand.adb
   [Ada]          feasibility_test-processor_utilization.adb
   [Ada]          feasibility_test-transaction_worst_case_response_time.adb
   [Ada]          partitioning_services.adb
   [Ada]          priority_assignment.adb
   [Ada]          priority_assignment-audsley_opa.adb
   [Ada]          priority_assignment-audsley_opa_crpd.adb
   [Ada]          priority_assignment-dm.adb
   [Ada]          priority_assignment-rm.adb
   [Ada]          processor_interface.adb
   [Ada]          scheduler.adb
   [Ada]          scheduler-fixed_priority.adb
   [Ada]          scheduler-fixed_priority-dm.adb
   [Ada]          scheduler-fixed_priority-rm.adb
   [Ada]          scheduling_analysis.adb
   [Ada]          scheduling_analysis-extended.ads
   [Ada]          scheduling_analysis-extended-task_analysis.adb
   [Ada]          scheduler_builder.adb
   [Ada]          event_analyzers-extended.adb
   [Ada]          messages.adb
   [Ada]          graphical_editor-cheddar_callbacks.adb
   [Ada]          graphical_editor-cheddar_callbacks-edit_menu.adb
   [Ada]          graphical_editor-cheddar_callbacks-file_menu.adb
   [Ada]          graphical_editor-cheddar_callbacks-help_menu.adb
   [Ada]          graphical_editor-cheddar_callbacks-tool_menu.adb
   [Ada]          graphical_editor-scheduling_simulations_callbacks.adb
   [Ada]          graphical_editor-wizard.adb
   [Ada]          graphical_editor-colors.adb
   [Ada]          graphical_editor-select_time_line.adb
   [Ada]          graphical_editor-user_message.adb
   [Ada]          indexed_tables.adb
   [Ada]          networks.adb
   [Ada]          battery_set.adb
   [Ada]          dependency_services.adb
   [Ada]          interpreter.ads
   [Ada]          interpreter-extended.adb
   [Ada]          parser.adb
   [Ada]          primitive_write_xml.adb
   [Ada]          scheduler-hierarchical.adb
   [Ada]          scheduler-hierarchical-offline.adb
   [Ada]          scheduler-user_defined.adb
   [Ada]          scheduler_io.adb
   [Ada]          scheduling_anomalies_services.adb
   [Ada]          scheduling_anomalies_services-online.adb
   [Ada]          section_set.adb
   [Ada]          sections.adb
   [Ada]          statements.adb
scheduling_anomalies_services-online.adb:226:12: warning: unreachable code [enabled by default]
   [Ada]          voltage_scaling.adb
   [Ada]          xml_generic_parsers-event_table.adb
   [Ada]          lists.adb
   [Ada]          memory_set.adb
   [Ada]          task_groups.adb
   [Ada]          offsets-extended.ads
   [Ada]          strings.adb
   [Ada]          discrete_util.adb
   [Ada]          v2_xml_parsers.adb
   [Ada]          batteries.adb
   [Ada]          cfg_node_set-basic_block_set.adb
   [Ada]          scheduling_error_set.adb
   [Ada]          scheduling_errors.adb
   [Ada]          access_lists.adb
   [Ada]          basic_blocks.adb
   [Ada]          dependencies.adb
   [Ada]          xml_architecture_io.adb
   [Ada]          xml_architecture_parser_interface.adb
   [Ada]          basic_block_analysis.adb
   [Ada]          architecture_analyzer.adb
   [Ada]          scheduling_anomalies_services-offline.adb
   [Ada]          buffers-extended.adb
   [Ada]          queueing_system.adb
   [Ada]          queueing_system-theoretical.adb
   [Ada]          queueing_system-theoretical-md1.adb
   [Ada]          queueing_system-theoretical-mg1.adb
   [Ada]          queueing_system-theoretical-mm1.adb
   [Ada]          queueing_system-theoretical-mp1.adb
   [Ada]          queueing_system-theoretical-pp1.adb
   [Ada]          scheduling_analysis-extended-buffer_analysis.adb
   [Ada]          spacewire_flow_transformation.adb
   [Ada]          feasibility_test-worst_case_blocking_time.adb
   [Ada]          priority_assignment-ceiling_priority.adb
   [Ada]          scheduling_analysis-extended-resource_analysis.adb
   [Ada]          mils_analysis.adb
   [Ada]          boolean_util.adb
   [Ada]          real_util.adb
   [Ada]          laws.adb
   [Ada]          qs_tools.adb
   [Ada]          simulations.adb
   [Ada]          simulations-extended.adb
   [Ada]          feasibility_test-periodic_task_worst_case_response_time_dynamic_priority.adb
   [Ada]          feasibility_test-periodic_task_worst_case_response_time_fixed_priority.adb
   [Ada]          scheduler-dynamic_priority.adb
   [Ada]          scheduler-fixed_priority-hpf.adb
   [Ada]          scheduler-dynamic_priority-edf.adb
   [Ada]          scheduler-dynamic_priority-d_over.adb
   [Ada]          scheduler-dynamic_priority-llf.adb
   [Ada]          scheduler-dynamic_priority-muf.ads
   [Ada]          priority_assignment-audsley_opa_crpd_pt.adb
   [Ada]          priority_assignment-audsley_opa_crpd_tree.adb
   [Ada]          priority_assignment-utility.adb
   [Ada]          tasks-extended.adb
   [Ada]          cache_utility.adb
   [Ada]          scheduler-dag.ads
   [Ada]          scheduler-dag-highest_level_first_estimated_times.adb
   [Ada]          scheduler-dynamic_priority-edh.adb
   [Ada]          scheduler-dynamic_priority-llf-runtime_based.adb
   [Ada]          scheduler-dynamic_priority-muf-deadline_based.adb
   [Ada]          scheduler-dynamic_priority-muf-laxity_based.adb
   [Ada]          scheduler-fixed_priority-aperiodic_server.adb
   [Ada]          scheduler-fixed_priority-aperiodic_server-deferrable.adb
   [Ada]          scheduler-fixed_priority-aperiodic_server-polling.adb
   [Ada]          scheduler-fixed_priority-aperiodic_server-priority_exchange.adb
   [Ada]          scheduler-fixed_priority-aperiodic_server-sporadic.adb
   [Ada]          scheduler-hierarchical-cyclic.adb
   [Ada]          scheduler-hierarchical-fixed_priority.adb
   [Ada]          scheduler-hierarchical-round_robin.adb
   [Ada]          scheduler-mixed_criticality.adb
   [Ada]          scheduler-mixed_criticality-amc.adb
   [Ada]          scheduler-mixed_criticality-edf_vd.adb
   [Ada]          scheduler-multiprocessor_specific.adb
   [Ada]          scheduler-multiprocessor_specific-edzl.adb
   [Ada]          scheduler-multiprocessor_specific-llref.adb
   [Ada]          scheduler-multiprocessor_specific-pfair.adb
   [Ada]          scheduler-multiprocessor_specific-pfair-pf.adb
   [Ada]          scheduler-multiprocessor_specific-run.adb
   [Ada]          scheduler-nothing.adb
   [Ada]          scheduler-round_robin.adb
   [Ada]          scheduler-time_sharing_based_on_cpu_usage.adb
   [Ada]          scheduler-time_sharing_based_on_wait_time.adb
   [Ada]          scheduler-user_defined-generated.adb
   [Ada]          scheduler-user_defined-generated-compiled.adb
   [Ada]          scheduler-user_defined-interpreted.adb
   [Ada]          scheduler-user_defined-interpreted-automata.adb
   [Ada]          scheduler-user_defined-interpreted-pipeline.adb
   [Ada]          graphical_editor-aadl_options.adb
   [Ada]          graphical_editor-about.adb
   [Ada]          graphical_editor-address_spaces.adb
   [Ada]          graphical_editor-analysis_on_event_table.adb
   [Ada]          graphical_editor-asynchronous_communication_dependency.adb
   [Ada]          graphical_editor-black_board_buffer_dependency.adb
   [Ada]          graphical_editor-buffers.adb
   [Ada]          graphical_editor-caches.adb
   [Ada]          graphical_editor-cores.adb
   [Ada]          graphical_editor-event_analyzers.adb
   [Ada]          graphical_editor-event_tables.adb
   [Ada]          graphical_editor-feasibility_test_options.adb
   [Ada]          graphical_editor-file_selector.adb
   [Ada]          graphical_editor-manuals.adb
   [Ada]          graphical_editor-messages.adb
   [Ada]          graphical_editor-networks.adb
   [Ada]          graphical_editor-precedence_dependency.adb
   [Ada]          graphical_editor-priorities.adb
   [Ada]          graphical_editor-processors.adb
   [Ada]          graphical_editor-queueing_buffer_dependency.adb
   [Ada]          graphical_editor-resource_dependency.adb
   [Ada]          graphical_editor-resources.adb
   [Ada]          graphical_editor-scheduling_feasibility_widgets.adb
   [Ada]          graphical_editor-scheduling_options.adb
   [Ada]          graphical_editor-scheduling_refs.adb
   [Ada]          graphical_editor-scheduling_simulations.adb
   [Ada]          graphical_editor-task_groups.adb
   [Ada]          graphical_editor-tasks.adb
   [Ada]          graphical_editor-time_triggered_communication_dependency.adb
   [Ada]          graphical_editor-wizard_callbacks.adb
   [Ada]          graphical_editor-generic_package_widget.adb
   [Ada]          graphical_editor-user_message_callbacks.adb
   [Ada]          graphical_editor-select_time_line-callbacks.adb
   [Ada]          statements-extended.adb
   [Ada]          scheduler_dfa.adb
   [Ada]          automaton.adb
   [Ada]          automaton-extended.adb
   [Ada]          scheduler_goto.ads
   [Ada]          scheduler_lex.adb
   [Ada]          scheduler_shift_reduce.ads
   [Ada]          scheduler_tokens.ads
   [Ada]          object_set.adb
   [Ada]          applicability_constraint.ads
   [Ada]          applicability_constraint-all_tasks_are_periodic.adb
   [Ada]          applicability_constraint-all_tasks_are_periodic_or_sporadic.adb
   [Ada]          applicability_constraint-allowed_protocol.adb
   [Ada]          applicability_constraint-at_least_one_buffer.adb
   [Ada]          applicability_constraint-at_least_one_data.adb
   [Ada]          applicability_constraint-ceiling_priority_assignment.adb
   [Ada]          applicability_constraint-data_connectivity.adb
   [Ada]          applicability_constraint-data_sharing_protocol.adb
   [Ada]          applicability_constraint-no_buffer.adb
   [Ada]          applicability_constraint-no_dependencies.adb
   [Ada]          applicability_constraint-no_shared_cpu.adb
   [Ada]          applicability_constraint-no_shared_resources.adb
   [Ada]          applicability_constraint-period_equal_deadline_constraint.adb
   [Ada]          applicability_constraint-period_larger_than_deadline_constraint.adb
   [Ada]          applicability_constraint-period_smaller_than_deadline_constraint.adb
   [Ada]          applicability_constraint-pip_no_deadlock.adb
   [Ada]          applicability_constraint-simultaneous_release_time_constraint.adb
   [Ada]          applicability_constraint-uniprocessor.adb
   [Ada]          applicability_constraint-uniprocessor_preemptivity.adb
   [Ada]          applicability_constraint-uniprocessor_quantum.adb
   [Ada]          applicability_constraint-uniprocessor_scheduling_protocol.adb
   [Ada]          applicability_constraint-unsimultaneous_release_time_constraint.adb
   [Ada]          applicability_constraints_main_structure.adb
   [Ada]          applicability_constraints_main_structure-extended.adb
   [Ada]          architecture_factory.adb
   [Ada]          dp_graph.adb
   [Ada]          dp_graph-extended.adb
   [Ada]          dp_graph_view.adb
   [Ada]          feasibility_tests_for_time_triggered_communication.adb
   [Ada]          feasibility_tests_main_structure_factory.adb
   [Ada]          generic_graph.adb
   [Ada]          mesh_analysis.adb
   [Ada]          mesh_analysis-delays.adb
   [Ada]          random_tools.adb
   [Ada]          feasibility_test-cache_interferences.adb
   [Ada]          feasibility_test-memory_interferences.adb
   [Ada]          fifos.adb
   [Ada]          stacks.adb
   [Ada]          arinc_653_schema.adb
   [Ada]          data_accesses.adb
   [Ada]          dfg_nodes.adb
   [Ada]          execution_units.adb
   [Ada]          partitioning_algorithms.adb
   [Ada]          graphical_editor-aadl_options_callbacks.adb
   [Ada]          graphical_editor-about_callbacks.adb
   [Ada]          graphical_editor-analysis_on_event_table_callbacks.adb
   [Ada]          graphical_editor-generic_callbacks.adb
   [Ada]          graphical_editor-convert_text.adb
   [Ada]          graphical_editor-manual_callbacks.adb
   [Ada]          graphical_editor-event_tables_callbacks.adb
   [Ada]          graphical_editor-feasibility_test_option_callbacks.adb
   [Ada]          arinc_653_services.adb
   [Ada]          graphical_editor-file_selector_callbacks.adb
   [Ada]          graphical_editor-priorities_audsley_callbacks.adb
   [Ada]          graphical_editor-priorities_audsley_crpd_callbacks.adb
   [Ada]          graphical_editor-priorities_dm_callbacks.adb
   [Ada]          graphical_editor-priorities_rm_callbacks.adb
   [Ada]          graphical_editor-scheduling_feasibility_widget_callbacks.adb
   [Ada]          graphical_editor-scheduling_option_callbacks.adb
   [Ada]          graphical_editor-scheduling_ref_callbacks.adb
   [Ada]          generic_graph-extended.adb
   [Ada]          applicability_constraint-arbitrary_deadlines.adb
   [Ada]          feasibility_tests_for_ravenscar.adb
   [Ada]          feasibility_tests_for_unplugged.adb
Build Libraries
   [gprlib]       gtkada.lexch
   [gprlib]       ocarina.lexch
   [gprlib]       ocarina-aadl.lexch
   [archive]      libocarina.a
   [index]        libocarina.a
   [archive]      libgtkada.a
   [gprlib]       ocarina-dumper.lexch
   [gprlib]       ocarina-checker.lexch
   [archive]      libocarina-dumper.a
   [gprlib]       ocarina-generators.lexch
   [index]        libocarina-dumper.a
   [archive]      libocarina-checker.a
   [archive]      libocarina-aadl.a
   [index]        libocarina-checker.a
   [index]        libocarina-aadl.a
   [gprlib]       ocarina-pn.lexch
   [gprlib]       ocarina-gaia.lexch
   [archive]      libocarina-pn.a
   [gprlib]       ocarina-config.lexch
   [index]        libocarina-pn.a
   [archive]      libocarina-gaia.a
   [index]        libocarina-gaia.a
   [archive]      libocarina-generators.a
   [index]        libocarina-generators.a
   [gprlib]       xmlada_unicode.lexch
   [gprlib]       xmlada_input_sources.lexch
   [archive]      libocarina-config.a
   [index]        libocarina-config.a
   [archive]      libxmlada_unicode.a
   [index]        libxmlada_unicode.a
   [archive]      libxmlada_input_sources.a
   [gprlib]       xmlada_sax.lexch
   [index]        libxmlada_input_sources.a
   [gprlib]       xmlada_dom.lexch
   [archive]      libxmlada_sax.a
   [index]        libxmlada_sax.a
   [gprlib]       xmlada_schema.lexch
   [archive]      libxmlada_dom.a
   [index]        libxmlada_dom.a
   [archive]      libxmlada_schema.a
   [index]        libxmlada_schema.a
   [index]        libgtkada.a
Bind
   [gprbind]      cheddar.bexch
   [Ada]          cheddar.ali
Link
   [link]         cheddar.adb
Success: Build finished successfully in 208.42 seconds.
Found declared GPR file: gpr/cheddar.gpr
[alr test] Test completed SUCCESSFULLY
