Test ran at 2026-07-16 01:07:27.355399+00:00

SOLUTION:
phcpack=2.4.88: Polynomial Homotopy Continuation
Origin: commit e448e94a57b051aea79b033c37eb490aa93d0077 from https://github.com/janverschelde/PHCpack.git
Properties:
   Author: Jan Verschelde
   Description: Polynomial Homotopy Continuation
   Executable: phc
   License: GPL-3.0-only
   Long_Description: PHCpack is research software to solve systems of polynomial equations with homotopy continuation.
   Maintainer: Jan <janv@uic.edu>
   Maintainers_Logins: janverschelde
   Name: phcpack
   Project_File: phclib.gpr
   Project_File: main.gpr
   Version: 2.4.88
   Website: https://github.com/janverschelde/PHCpack


LOG:
[alr test] Testing phcpack=2.4.88
[alr test] Spawning retrieval for remote crate: alr -d -n get phcpack=2.4.88
Note: Deploying phcpack=2.4.88...

phcpack=2.4.88 successfully retrieved.
There are no dependencies.
[alr test] Spawning default test for remote crate: alr -d -n build --release -- -cargs:Ada -gnatwn
Note: Building phcpack=2.4.88/phclib.gpr (1/2)...
Compile
   [C]            dc_inverse.c
   [C]            dc_matrix.c
   [C]            poly_hermite.c
   [C]            dc_roots.c
   [C]            c2ada_dc_matrix.c
   [C]            poly_dcmplx.c
   [C]            poly_matrix.c
   [C]            c2ada_poly_matrix.c
   [C]            feedback.c
   [C]            append_dcmatrix.c
   [C]            poly_gcd.c
   [C]            append_polymatrix.c
   [C]            realization.c
   [C]            dcmplx.c
   [C]            dc_interpolation.c
   [C]            poly_smith.c
   [C]            timer.c
   [C]            ts_use_c2phc.c
   [C]            pieri_sols.c
   [C]            cosupoly_to_c.c
   [C]            cosupsys_to_c.c
   [C]            cell_stack1.c
   [C]            mixed_volume1.c
   [C]            mv1.c
   [C]            prepare_for_mv1.c
   [C]            zero_index_tree1.c
   [C]            relation_table1.c
   [C]            form_lp1.c
   [C]            one_level_lp1.c
   [C]            index_tree_lp1.c
   [C++]          reltab.cpp
   [C++]          inputData.cpp
   [C++]          demicsrun.cpp
   [C++]          mvc.cpp
   [C++]          simplex.cpp
   [C++]          outputData.cpp
   [C++]          fTest.cpp
   [C++]          iTest.cpp
   [Ada]          use_c2phc.adb
   [Ada]          c_double_arrays.adb

GNAT 10.3.0
Copyright 1992-2020, Free Software Foundation, Inc.

Compiling: /home/runner/work/alire-crates-ci/alire-crates-ci/test/5f655e40-67d4-410c-84fb-5572da83bba4/phcpack_2.4.88_e448e94a/src/Ada/CtoPHC/Types/c_double_arrays.adb
Source file time stamp: 2026-07-16 01:03:09
Compiled at: 2026-07-16 01:03:12
 22 lines: No errors
   [Ada]          c_integer_arrays.ads
   [Ada]          standard_integer_numbers.adb

GNAT 10.3.0
Copyright 1992-2020, Free Software Foundation, Inc.

Compiling: /home/runner/work/alire-crates-ci/alire-crates-ci/test/5f655e40-67d4-410c-84fb-5572da83bba4/phcpack_2.4.88_e448e94a/src/Ada/CtoPHC/Types/c_integer_arrays.ads
Source file time stamp: 2026-07-16 01:03:09
Compiled at: 2026-07-16 01:03:12
 18 lines: No errors
   [Ada]          phctop.adb
   [Ada]          standard_integer_numbers_io.adb

GNAT 10.3.0
Copyright 1992-2020, Free Software Foundation, Inc.

Compiling: /home/runner/work/alire-crates-ci/alire-crates-ci/test/5f655e40-67d4-410c-84fb-5572da83bba4/phcpack_2.4.88_e448e94a/src/Ada/Math_Lib/Numbers/standard_integer_numbers.adb
Source file time stamp: 2026-07-16 01:03:09
Compiled at: 2026-07-16 01:03:12
 139 lines: No errors
   [Ada]          use_c2phc4c.adb

GNAT 10.3.0
Copyright 1992-2020, Free Software Foundation, Inc.

Compiling: /home/runner/work/alire-crates-ci/alire-crates-ci/test/5f655e40-67d4-410c-84fb-5572da83bba4/phcpack_2.4.88_e448e94a/src/Ada/Main/phctop.adb
Source file time stamp: 2026-07-16 01:03:09
Compiled at: 2026-07-16 01:03:12
 92 lines: No errors
   [Ada]          use_outdata.adb
   [Ada]          actions_and_options.adb

GNAT 10.3.0
Copyright 1992-2020, Free Software Foundation, Inc.

Compiling: /home/runner/work/alire-crates-ci/alire-crates-ci/test/5f655e40-67d4-410c-84fb-5572da83bba4/phcpack_2.4.88_e448e94a/src/Ada/Math_Lib/Numbers/standard_integer_numbers_io.adb
Source file time stamp: 2026-07-16 01:03:10
Compiled at: 2026-07-16 01:03:12
 66 lines: No errors
   [Ada]          option_handlers.adb

GNAT 10.3.0
Copyright 1992-2020, Free Software Foundation, Inc.

Compiling: /home/runner/work/alire-crates-ci/alire-crates-ci/test/5f655e40-67d4-410c-84fb-5572da83bba4/phcpack_2.4.88_e448e94a/src/Ada/Main/actions_and_options.adb
Source file time stamp: 2026-07-16 01:03:09
Compiled at: 2026-07-16 01:03:13
 180 lines: No errors
   [Ada]          pieri_solver.adb

GNAT 10.3.0
Copyright 1992-2020, Free Software Foundation, Inc.

Compiling: /home/runner/work/alire-crates-ci/alire-crates-ci/test/5f655e40-67d4-410c-84fb-5572da83bba4/phcpack_2.4.88_e448e94a/src/Ada/Root_Counts/DEMiCs/use_outdata.adb
Source file time stamp: 2026-07-16 01:03:10
Compiled at: 2026-07-16 01:03:12
 265 lines: No errors
   [Ada]          standard_natural_numbers.adb

GNAT 10.3.0
Copyright 1992-2020, Free Software Foundation, Inc.

Compiling: /home/runner/work/alire-crates-ci/alire-crates-ci/test/5f655e40-67d4-410c-84fb-5572da83bba4/phcpack_2.4.88_e448e94a/src/Ada/Math_Lib/Numbers/standard_natural_numbers.adb
Source file time stamp: 2026-07-16 01:03:09
Compiled at: 2026-07-16 01:03:13
 83 lines: No errors
   [Ada]          standard_natural_numbers_io.adb

GNAT 10.3.0
Copyright 1992-2020, Free Software Foundation, Inc.

Compiling: /home/runner/work/alire-crates-ci/alire-crates-ci/test/5f655e40-67d4-410c-84fb-5572da83bba4/phcpack_2.4.88_e448e94a/src/Ada/Math_Lib/Numbers/standard_natural_numbers_io.adb
Source file time stamp: 2026-07-16 01:03:09
Compiled at: 2026-07-16 01:03:13
 66 lines: No errors
   [Ada]          string_splitters.adb

GNAT 10.3.0
Copyright 1992-2020, Free Software Foundation, Inc.

Compiling: /home/runner/work/alire-crates-ci/alire-crates-ci/test/5f655e40-67d4-410c-84fb-5572da83bba4/phcpack_2.4.88_e448e94a/src/Ada/CtoPHC/State/use_c2phc4c.adb
Source file time stamp: 2026-07-16 01:03:10
Compiled at: 2026-07-16 01:03:12
 866 lines: No errors
   [Ada]          unix_command_line.adb

GNAT 10.3.0
Copyright 1992-2020, Free Software Foundation, Inc.

Compiling: /home/runner/work/alire-crates-ci/alire-crates-ci/test/5f655e40-67d4-410c-84fb-5572da83bba4/phcpack_2.4.88_e448e94a/src/Ada/System/unix_command_line.adb
Source file time stamp: 2026-07-16 01:03:10
Compiled at: 2026-07-16 01:03:13
 17 lines: No errors
   [Ada]          characters_and_numbers.adb

GNAT 10.3.0
Copyright 1992-2020, Free Software Foundation, Inc.

Compiling: /home/runner/work/alire-crates-ci/alire-crates-ci/test/5f655e40-67d4-410c-84fb-5572da83bba4/phcpack_2.4.88_e448e94a/src/Ada/Main/option_handlers.adb
Source file time stamp: 2026-07-16 01:03:09
Compiled at: 2026-07-16 01:03:13
 928 lines: No errors
   [Ada]          number_of_cores.adb

GNAT 10.3.0
Copyright 1992-2020, Free Software Foundation, Inc.

Compiling: /home/runner/work/alire-crates-ci/alire-crates-ci/test/5f655e40-67d4-410c-84fb-5572da83bba4/phcpack_2.4.88_e448e94a/src/Ada/System/string_splitters.adb
Source file time stamp: 2026-07-16 01:03:10
Compiled at: 2026-07-16 01:03:13
 164 lines: No errors
   [Ada]          arrays_of_floating_vector_lists.ads

GNAT 10.3.0
Copyright 1992-2020, Free Software Foundation, Inc.

Compiling: /home/runner/work/alire-crates-ci/alire-crates-ci/test/5f655e40-67d4-410c-84fb-5572da83bba4/phcpack_2.4.88_e448e94a/src/Ada/Tasking/number_of_cores.adb
Source file time stamp: 2026-07-16 01:03:10
Compiled at: 2026-07-16 01:03:13
 14 lines: No errors
   [Ada]          assignments_in_ada_and_c.adb

GNAT 10.3.0
Copyright 1992-2020, Free Software Foundation, Inc.

Compiling: /home/runner/work/alire-crates-ci/alire-crates-ci/test/5f655e40-67d4-410c-84fb-5572da83bba4/phcpack_2.4.88_e448e94a/src/Ada/Math_Lib/Numbers/characters_and_numbers.adb
Source file time stamp: 2026-07-16 01:03:09
Compiled at: 2026-07-16 01:03:13
 268 lines: No errors
   [Ada]          c_to_ada_arrays.adb

GNAT 10.3.0
Copyright 1992-2020, Free Software Foundation, Inc.

Compiling: /home/runner/work/alire-crates-ci/alire-crates-ci/test/5f655e40-67d4-410c-84fb-5572da83bba4/phcpack_2.4.88_e448e94a/src/Ada/Math_Lib/Supports/arrays_of_floating_vector_lists.ads
Source file time stamp: 2026-07-16 01:03:10
Compiled at: 2026-07-16 01:03:13
 14 lines: No errors
   [Ada]          cells_container.adb

GNAT 10.3.0
Copyright 1992-2020, Free Software Foundation, Inc.

Compiling: /home/runner/work/alire-crates-ci/alire-crates-ci/test/5f655e40-67d4-410c-84fb-5572da83bba4/phcpack_2.4.88_e448e94a/src/Ada/CtoPHC/Types/c_to_ada_arrays.adb
Source file time stamp: 2026-07-16 01:03:09
Compiled at: 2026-07-16 01:03:13
 174 lines: No errors
   [Ada]          demics_output_data.adb

GNAT 10.3.0
Copyright 1992-2020, Free Software Foundation, Inc.

Compiling: /home/runner/work/alire-crates-ci/alire-crates-ci/test/5f655e40-67d4-410c-84fb-5572da83bba4/phcpack_2.4.88_e448e94a/src/Ada/Root_Counts/DEMiCs/demics_output_data.adb
Source file time stamp: 2026-07-16 01:03:10
Compiled at: 2026-07-16 01:03:13
 240 lines: No errors
   [Ada]          drivers_for_demics_algorithm.adb

GNAT 10.3.0
Copyright 1992-2020, Free Software Foundation, Inc.

Compiling: /home/runner/work/alire-crates-ci/alire-crates-ci/test/5f655e40-67d4-410c-84fb-5572da83bba4/phcpack_2.4.88_e448e94a/src/Ada/CtoPHC/Types/assignments_in_ada_and_c.adb
Source file time stamp: 2026-07-16 01:03:09
Compiled at: 2026-07-16 01:03:13
 547 lines: No errors
   [Ada]          floating_mixed_subdivisions.adb

GNAT 10.3.0
Copyright 1992-2020, Free Software Foundation, Inc.

Compiling: /home/runner/work/alire-crates-ci/alire-crates-ci/test/5f655e40-67d4-410c-84fb-5572da83bba4/phcpack_2.4.88_e448e94a/src/Ada/Root_Counts/Stalift/drivers_for_demics_algorithm.adb
Source file time stamp: 2026-07-16 01:03:10
Compiled at: 2026-07-16 01:03:14
 368 lines: No errors
   [Ada]          standard_complex_laur_systems.ads

GNAT 10.3.0
Copyright 1992-2020, Free Software Foundation, Inc.

Compiling: /home/runner/work/alire-crates-ci/alire-crates-ci/test/5f655e40-67d4-410c-84fb-5572da83bba4/phcpack_2.4.88_e448e94a/src/Ada/Math_Lib/Polynomials/standard_complex_laur_systems.ads
Source file time stamp: 2026-07-16 01:03:09
Compiled at: 2026-07-16 01:03:14
 10 lines: No errors
   [Ada]          standard_complex_poly_systems.ads

GNAT 10.3.0
Copyright 1992-2020, Free Software Foundation, Inc.

Compiling: /home/runner/work/alire-crates-ci/alire-crates-ci/test/5f655e40-67d4-410c-84fb-5572da83bba4/phcpack_2.4.88_e448e94a/src/Ada/Root_Counts/Stalift/floating_mixed_subdivisions.adb
Source file time stamp: 2026-07-16 01:03:10
Compiled at: 2026-07-16 01:03:14
 671 lines: No errors
   [Ada]          standard_floating_numbers.adb

GNAT 10.3.0
Copyright 1992-2020, Free Software Foundation, Inc.

Compiling: /home/runner/work/alire-crates-ci/alire-crates-ci/test/5f655e40-67d4-410c-84fb-5572da83bba4/phcpack_2.4.88_e448e94a/src/Ada/Math_Lib/Numbers/standard_floating_numbers.adb
Source file time stamp: 2026-07-16 01:03:09
Compiled at: 2026-07-16 01:03:14
 149 lines: No errors
   [Ada]          standard_integer_vectors.ads

GNAT 10.3.0
Copyright 1992-2020, Free Software Foundation, Inc.

Compiling: /home/runner/work/alire-crates-ci/alire-crates-ci/test/5f655e40-67d4-410c-84fb-5572da83bba4/phcpack_2.4.88_e448e94a/src/Ada/Math_Lib/Polynomials/standard_complex_poly_systems.ads
Source file time stamp: 2026-07-16 01:03:09
Compiled at: 2026-07-16 01:03:14
 10 lines: No errors
   [Ada]          standard_laursys_container.adb

GNAT 10.3.0
Copyright 1992-2020, Free Software Foundation, Inc.

Compiling: /home/runner/work/alire-crates-ci/alire-crates-ci/test/5f655e40-67d4-410c-84fb-5572da83bba4/phcpack_2.4.88_e448e94a/src/Ada/CtoPHC/State/cells_container.adb
Source file time stamp: 2026-07-16 01:03:10
Compiled at: 2026-07-16 01:03:13
 1276 lines: No errors
   [Ada]          standard_polysys_container.adb

GNAT 10.3.0
Copyright 1992-2020, Free Software Foundation, Inc.

Compiling: /home/runner/work/alire-crates-ci/alire-crates-ci/test/5f655e40-67d4-410c-84fb-5572da83bba4/phcpack_2.4.88_e448e94a/src/Ada/Math_Lib/Vectors/standard_integer_vectors.ads
Source file time stamp: 2026-07-16 01:03:10
Compiled at: 2026-07-16 01:03:14
 7 lines: No errors
   [Ada]          c_to_phcpack.adb

GNAT 10.3.0
Copyright 1992-2020, Free Software Foundation, Inc.

Compiling: /home/runner/work/alire-crates-ci/alire-crates-ci/test/5f655e40-67d4-410c-84fb-5572da83bba4/phcpack_2.4.88_e448e94a/src/Ada/CtoPHC/Structures/standard_laursys_container.adb
Source file time stamp: 2026-07-16 01:03:09
Compiled at: 2026-07-16 01:03:14
 163 lines: No errors
   [Ada]          continuation_parameters_interface.adb

GNAT 10.3.0
Copyright 1992-2020, Free Software Foundation, Inc.

Compiling: /home/runner/work/alire-crates-ci/alire-crates-ci/test/5f655e40-67d4-410c-84fb-5572da83bba4/phcpack_2.4.88_e448e94a/src/Ada/CtoPHC/Structures/standard_polysys_container.adb
Source file time stamp: 2026-07-16 01:03:09
Compiled at: 2026-07-16 01:03:14
 169 lines: No errors
   [Ada]          deflation_interface.adb

GNAT 10.3.0
Copyright 1992-2020, Free Software Foundation, Inc.

Compiling: /home/runner/work/alire-crates-ci/alire-crates-ci/test/5f655e40-67d4-410c-84fb-5572da83bba4/phcpack_2.4.88_e448e94a/src/Ada/CtoPHC/State/c_to_phcpack.adb
Source file time stamp: 2026-07-16 01:03:09
Compiled at: 2026-07-16 01:03:14
 124 lines: No errors
   [Ada]          file_management_interface.adb

GNAT 10.3.0
Copyright 1992-2020, Free Software Foundation, Inc.

Compiling: /home/runner/work/alire-crates-ci/alire-crates-ci/test/5f655e40-67d4-410c-84fb-5572da83bba4/phcpack_2.4.88_e448e94a/src/Ada/CtoPHC/State/continuation_parameters_interface.adb
Source file time stamp: 2026-07-16 01:03:09
Compiled at: 2026-07-16 01:03:15
 218 lines: No errors
   [Ada]          job_containers.adb

GNAT 10.3.0
Copyright 1992-2020, Free Software Foundation, Inc.

Compiling: /home/runner/work/alire-crates-ci/alire-crates-ci/test/5f655e40-67d4-410c-84fb-5572da83bba4/phcpack_2.4.88_e448e94a/src/Ada/CtoPHC/State/file_management_interface.adb
Source file time stamp: 2026-07-16 01:03:09
Compiled at: 2026-07-16 01:03:15
 202 lines: No errors
   [Ada]          job_handlers.adb

GNAT 10.3.0
Copyright 1992-2020, Free Software Foundation, Inc.

Compiling: /home/runner/work/alire-crates-ci/alire-crates-ci/test/5f655e40-67d4-410c-84fb-5572da83bba4/phcpack_2.4.88_e448e94a/src/Ada/CtoPHC/State/deflation_interface.adb
Source file time stamp: 2026-07-16 01:03:09
Compiled at: 2026-07-16 01:03:15
 355 lines: No errors
   [Ada]          multprec_polysys_interface.adb

GNAT 10.3.0
Copyright 1992-2020, Free Software Foundation, Inc.

Compiling: /home/runner/work/alire-crates-ci/alire-crates-ci/test/5f655e40-67d4-410c-84fb-5572da83bba4/phcpack_2.4.88_e448e94a/src/Ada/CtoPHC/State/multprec_polysys_interface.adb
Source file time stamp: 2026-07-16 01:03:09
Compiled at: 2026-07-16 01:03:15
 431 lines: No errors
   [Ada]          multprec_solutions_interface.adb

GNAT 10.3.0
Copyright 1992-2020, Free Software Foundation, Inc.

Compiling: /home/runner/work/alire-crates-ci/alire-crates-ci/test/5f655e40-67d4-410c-84fb-5572da83bba4/phcpack_2.4.88_e448e94a/src/Ada/CtoPHC/State/job_containers.adb
Source file time stamp: 2026-07-16 01:03:09
Compiled at: 2026-07-16 01:03:15
 1113 lines: No errors
   [Ada]          newton_interface.adb

GNAT 10.3.0
Copyright 1992-2020, Free Software Foundation, Inc.

Compiling: /home/runner/work/alire-crates-ci/alire-crates-ci/test/5f655e40-67d4-410c-84fb-5572da83bba4/phcpack_2.4.88_e448e94a/src/Ada/CtoPHC/State/job_handlers.adb
Source file time stamp: 2026-07-16 01:03:10
Compiled at: 2026-07-16 01:03:15
 1151 lines: No errors
   [Ada]          path_trackers_interface.adb

GNAT 10.3.0
Copyright 1992-2020, Free Software Foundation, Inc.

Compiling: /home/runner/work/alire-crates-ci/alire-crates-ci/test/5f655e40-67d4-410c-84fb-5572da83bba4/phcpack_2.4.88_e448e94a/src/Ada/CtoPHC/State/multprec_solutions_interface.adb
Source file time stamp: 2026-07-16 01:03:09
Compiled at: 2026-07-16 01:03:15
 454 lines: No errors
   [Ada]          phcpack_operations.adb

GNAT 10.3.0
Copyright 1992-2020, Free Software Foundation, Inc.

Compiling: /home/runner/work/alire-crates-ci/alire-crates-ci/test/5f655e40-67d4-410c-84fb-5572da83bba4/phcpack_2.4.88_e448e94a/src/Ada/CtoPHC/State/newton_interface.adb
Source file time stamp: 2026-07-16 01:03:10
Compiled at: 2026-07-16 01:03:15
 718 lines: No errors
   [Ada]          symbol_table_interface.adb

GNAT 10.3.0
Copyright 1992-2020, Free Software Foundation, Inc.

Compiling: /home/runner/work/alire-crates-ci/alire-crates-ci/test/5f655e40-67d4-410c-84fb-5572da83bba4/phcpack_2.4.88_e448e94a/src/Ada/CtoPHC/Funky/pieri_solver.adb
Source file time stamp: 2026-07-16 01:03:09
Compiled at: 2026-07-16 01:03:13
 521 lines: No errors
   [Ada]          unisolve.adb

GNAT 10.3.0
Copyright 1992-2020, Free Software Foundation, Inc.

Compiling: /home/runner/work/alire-crates-ci/alire-crates-ci/test/5f655e40-67d4-410c-84fb-5572da83bba4/phcpack_2.4.88_e448e94a/src/Ada/CtoPHC/State/symbol_table_interface.adb
Source file time stamp: 2026-07-16 01:03:09
Compiled at: 2026-07-16 01:03:16
 294 lines: No errors
   [Ada]          use_c2fac.adb

GNAT 10.3.0
Copyright 1992-2020, Free Software Foundation, Inc.

Compiling: /home/runner/work/alire-crates-ci/alire-crates-ci/test/5f655e40-67d4-410c-84fb-5572da83bba4/phcpack_2.4.88_e448e94a/src/Ada/CtoPHC/State/path_trackers_interface.adb
Source file time stamp: 2026-07-16 01:03:10
Compiled at: 2026-07-16 01:03:16
 1015 lines: No errors
   [Ada]          use_c2lrhom.adb

GNAT 10.3.0
Copyright 1992-2020, Free Software Foundation, Inc.

Compiling: /home/runner/work/alire-crates-ci/alire-crates-ci/test/5f655e40-67d4-410c-84fb-5572da83bba4/phcpack_2.4.88_e448e94a/src/Ada/CtoPHC/State/unisolve.adb
Source file time stamp: 2026-07-16 01:03:09
Compiled at: 2026-07-16 01:03:16
 33 lines: No errors
   [Ada]          use_c2mbt.adb

GNAT 10.3.0
Copyright 1992-2020, Free Software Foundation, Inc.

Compiling: /home/runner/work/alire-crates-ci/alire-crates-ci/test/5f655e40-67d4-410c-84fb-5572da83bba4/phcpack_2.4.88_e448e94a/src/Ada/CtoPHC/State/use_c2fac.adb
Source file time stamp: 2026-07-16 01:03:09
Compiled at: 2026-07-16 01:03:16
 158 lines: No errors
   [Ada]          use_c2pieri.adb

GNAT 10.3.0
Copyright 1992-2020, Free Software Foundation, Inc.

Compiling: /home/runner/work/alire-crates-ci/alire-crates-ci/test/5f655e40-67d4-410c-84fb-5572da83bba4/phcpack_2.4.88_e448e94a/src/Ada/CtoPHC/State/use_c2lrhom.adb
Source file time stamp: 2026-07-16 01:03:09
Compiled at: 2026-07-16 01:03:16
 27 lines: No errors
   [Ada]          use_celcon.adb

GNAT 10.3.0
Copyright 1992-2020, Free Software Foundation, Inc.

Compiling: /home/runner/work/alire-crates-ci/alire-crates-ci/test/5f655e40-67d4-410c-84fb-5572da83bba4/phcpack_2.4.88_e448e94a/src/Ada/CtoPHC/State/use_c2mbt.adb
Source file time stamp: 2026-07-16 01:03:09
Compiled at: 2026-07-16 01:03:16
 34 lines: No errors
   [Ada]          use_giftwrap.adb

GNAT 10.3.0
Copyright 1992-2020, Free Software Foundation, Inc.

Compiling: /home/runner/work/alire-crates-ci/alire-crates-ci/test/5f655e40-67d4-410c-84fb-5572da83bba4/phcpack_2.4.88_e448e94a/src/Ada/CtoPHC/State/use_giftwrap.adb
Source file time stamp: 2026-07-16 01:03:09
Compiled at: 2026-07-16 01:03:16
 39 lines: No errors
   [Ada]          use_mapcon.adb

GNAT 10.3.0
Copyright 1992-2020, Free Software Foundation, Inc.

Compiling: /home/runner/work/alire-crates-ci/alire-crates-ci/test/5f655e40-67d4-410c-84fb-5572da83bba4/phcpack_2.4.88_e448e94a/src/Ada/CtoPHC/State/use_c2pieri.adb
Source file time stamp: 2026-07-16 01:03:09
Compiled at: 2026-07-16 01:03:16
 40 lines: No errors
   [Ada]          use_multip.adb

GNAT 10.3.0
Copyright 1992-2020, Free Software Foundation, Inc.

Compiling: /home/runner/work/alire-crates-ci/alire-crates-ci/test/5f655e40-67d4-410c-84fb-5572da83bba4/phcpack_2.4.88_e448e94a/src/Ada/CtoPHC/State/use_celcon.adb
Source file time stamp: 2026-07-16 01:03:09
Compiled at: 2026-07-16 01:03:16
 102 lines: No errors
   [Ada]          use_numbtrop.adb

GNAT 10.3.0
Copyright 1992-2020, Free Software Foundation, Inc.

Compiling: /home/runner/work/alire-crates-ci/alire-crates-ci/test/5f655e40-67d4-410c-84fb-5572da83bba4/phcpack_2.4.88_e448e94a/src/Ada/CtoPHC/State/use_multip.adb
Source file time stamp: 2026-07-16 01:03:09
Compiled at: 2026-07-16 01:03:17
 25 lines: No errors
   [Ada]          use_nxtsol.adb

GNAT 10.3.0
Copyright 1992-2020, Free Software Foundation, Inc.

Compiling: /home/runner/work/alire-crates-ci/alire-crates-ci/test/5f655e40-67d4-410c-84fb-5572da83bba4/phcpack_2.4.88_e448e94a/src/Ada/CtoPHC/State/use_mapcon.adb
Source file time stamp: 2026-07-16 01:03:09
Compiled at: 2026-07-16 01:03:17
 31 lines: No errors
   [Ada]          use_padcon.adb

GNAT 10.3.0
Copyright 1992-2020, Free Software Foundation, Inc.

Compiling: /home/runner/work/alire-crates-ci/alire-crates-ci/test/5f655e40-67d4-410c-84fb-5572da83bba4/phcpack_2.4.88_e448e94a/src/Ada/CtoPHC/State/use_numbtrop.adb
Source file time stamp: 2026-07-16 01:03:09
Compiled at: 2026-07-16 01:03:17
 50 lines: No errors
   [Ada]          use_reduction.adb

GNAT 10.3.0
Copyright 1992-2020, Free Software Foundation, Inc.

Compiling: /home/runner/work/alire-crates-ci/alire-crates-ci/test/5f655e40-67d4-410c-84fb-5572da83bba4/phcpack_2.4.88_e448e94a/src/Ada/CtoPHC/State/use_nxtsol.adb
Source file time stamp: 2026-07-16 01:03:09
Compiled at: 2026-07-16 01:03:17
 43 lines: No errors
   [Ada]          use_roco.adb

GNAT 10.3.0
Copyright 1992-2020, Free Software Foundation, Inc.

Compiling: /home/runner/work/alire-crates-ci/alire-crates-ci/test/5f655e40-67d4-410c-84fb-5572da83bba4/phcpack_2.4.88_e448e94a/src/Ada/CtoPHC/State/use_padcon.adb
Source file time stamp: 2026-07-16 01:03:10
Compiled at: 2026-07-16 01:03:17
 53 lines: No errors
   [Ada]          use_scaling.adb

GNAT 10.3.0
Copyright 1992-2020, Free Software Foundation, Inc.

Compiling: /home/runner/work/alire-crates-ci/alire-crates-ci/test/5f655e40-67d4-410c-84fb-5572da83bba4/phcpack_2.4.88_e448e94a/src/Ada/CtoPHC/State/use_reduction.adb
Source file time stamp: 2026-07-16 01:03:09
Compiled at: 2026-07-16 01:03:17
 32 lines: No errors
   [Ada]          use_series.adb

GNAT 10.3.0
Copyright 1992-2020, Free Software Foundation, Inc.

Compiling: /home/runner/work/alire-crates-ci/alire-crates-ci/test/5f655e40-67d4-410c-84fb-5572da83bba4/phcpack_2.4.88_e448e94a/src/Ada/CtoPHC/State/use_roco.adb
Source file time stamp: 2026-07-16 01:03:09
Compiled at: 2026-07-16 01:03:17
 39 lines: No errors
   [Ada]          use_solcon.adb

GNAT 10.3.0
Copyright 1992-2020, Free Software Foundation, Inc.

Compiling: /home/runner/work/alire-crates-ci/alire-crates-ci/test/5f655e40-67d4-410c-84fb-5572da83bba4/phcpack_2.4.88_e448e94a/src/Ada/CtoPHC/State/use_scaling.adb
Source file time stamp: 2026-07-16 01:03:09
Compiled at: 2026-07-16 01:03:17
 37 lines: No errors
   [Ada]          use_solpool.adb

GNAT 10.3.0
Copyright 1992-2020, Free Software Foundation, Inc.

Compiling: /home/runner/work/alire-crates-ci/alire-crates-ci/test/5f655e40-67d4-410c-84fb-5572da83bba4/phcpack_2.4.88_e448e94a/src/Ada/CtoPHC/State/use_series.adb
Source file time stamp: 2026-07-16 01:03:09
Compiled at: 2026-07-16 01:03:17
 30 lines: No errors
   [Ada]          use_sweep.adb

GNAT 10.3.0
Copyright 1992-2020, Free Software Foundation, Inc.

Compiling: /home/runner/work/alire-crates-ci/alire-crates-ci/test/5f655e40-67d4-410c-84fb-5572da83bba4/phcpack_2.4.88_e448e94a/src/Ada/CtoPHC/State/use_solpool.adb
Source file time stamp: 2026-07-16 01:03:09
Compiled at: 2026-07-16 01:03:17
 28 lines: No errors
   [Ada]          use_syscon.adb

GNAT 10.3.0
Copyright 1992-2020, Free Software Foundation, Inc.

Compiling: /home/runner/work/alire-crates-ci/alire-crates-ci/test/5f655e40-67d4-410c-84fb-5572da83bba4/phcpack_2.4.88_e448e94a/src/Ada/CtoPHC/State/use_solcon.adb
Source file time stamp: 2026-07-16 01:03:09
Compiled at: 2026-07-16 01:03:17
 150 lines: No errors
   [Ada]          use_syspool.adb

GNAT 10.3.0
Copyright 1992-2020, Free Software Foundation, Inc.

Compiling: /home/runner/work/alire-crates-ci/alire-crates-ci/test/5f655e40-67d4-410c-84fb-5572da83bba4/phcpack_2.4.88_e448e94a/src/Ada/CtoPHC/State/use_sweep.adb
Source file time stamp: 2026-07-16 01:03:09
Compiled at: 2026-07-16 01:03:17
 34 lines: No errors
   [Ada]          use_tabform.adb

GNAT 10.3.0
Copyright 1992-2020, Free Software Foundation, Inc.

Compiling: /home/runner/work/alire-crates-ci/alire-crates-ci/test/5f655e40-67d4-410c-84fb-5572da83bba4/phcpack_2.4.88_e448e94a/src/Ada/CtoPHC/State/use_syspool.adb
Source file time stamp: 2026-07-16 01:03:09
Compiled at: 2026-07-16 01:03:17
 46 lines: No errors
   [Ada]          use_track.adb

GNAT 10.3.0
Copyright 1992-2020, Free Software Foundation, Inc.

Compiling: /home/runner/work/alire-crates-ci/alire-crates-ci/test/5f655e40-67d4-410c-84fb-5572da83bba4/phcpack_2.4.88_e448e94a/src/Ada/CtoPHC/State/use_syscon.adb
Source file time stamp: 2026-07-16 01:03:09
Compiled at: 2026-07-16 01:03:17
 179 lines: No errors
   [Ada]          use_witsols.adb

GNAT 10.3.0
Copyright 1992-2020, Free Software Foundation, Inc.

Compiling: /home/runner/work/alire-crates-ci/alire-crates-ci/test/5f655e40-67d4-410c-84fb-5572da83bba4/phcpack_2.4.88_e448e94a/src/Ada/CtoPHC/State/use_tabform.adb
Source file time stamp: 2026-07-16 01:03:09
Compiled at: 2026-07-16 01:03:17
 24 lines: No errors
   [Ada]          witness_interface.adb

GNAT 10.3.0
Copyright 1992-2020, Free Software Foundation, Inc.

Compiling: /home/runner/work/alire-crates-ci/alire-crates-ci/test/5f655e40-67d4-410c-84fb-5572da83bba4/phcpack_2.4.88_e448e94a/src/Ada/CtoPHC/State/use_witsols.adb
Source file time stamp: 2026-07-16 01:03:10
Compiled at: 2026-07-16 01:03:17
 36 lines: No errors
   [Ada]          black_box_root_counters.adb

GNAT 10.3.0
Copyright 1992-2020, Free Software Foundation, Inc.

Compiling: /home/runner/work/alire-crates-ci/alire-crates-ci/test/5f655e40-67d4-410c-84fb-5572da83bba4/phcpack_2.4.88_e448e94a/src/Ada/CtoPHC/State/use_track.adb
Source file time stamp: 2026-07-16 01:03:10
Compiled at: 2026-07-16 01:03:17
 123 lines: No errors
   [Ada]          black_box_root_refiners.adb

GNAT 10.3.0
Copyright 1992-2020, Free Software Foundation, Inc.

Compiling: /home/runner/work/alire-crates-ci/alire-crates-ci/test/5f655e40-67d4-410c-84fb-5572da83bba4/phcpack_2.4.88_e448e94a/src/Ada/Deformations/Newton/black_box_root_refiners.adb
Source file time stamp: 2026-07-16 01:03:09
Compiled at: 2026-07-16 01:03:17
 434 lines: No errors
   [Ada]          black_polyhedral_continuations.adb

GNAT 10.3.0
Copyright 1992-2020, Free Software Foundation, Inc.

Compiling: /home/runner/work/alire-crates-ci/alire-crates-ci/test/5f655e40-67d4-410c-84fb-5572da83bba4/phcpack_2.4.88_e448e94a/src/Ada/CtoPHC/State/witness_interface.adb
Source file time stamp: 2026-07-16 01:03:09
Compiled at: 2026-07-16 01:03:17
 1010 lines: No errors
   [Ada]          dobldobl_blackbox_continuations.adb

GNAT 10.3.0
Copyright 1992-2020, Free Software Foundation, Inc.

Compiling: /home/runner/work/alire-crates-ci/alire-crates-ci/test/5f655e40-67d4-410c-84fb-5572da83bba4/phcpack_2.4.88_e448e94a/src/Ada/Root_Counts/Dynlift/black_polyhedral_continuations.adb
Source file time stamp: 2026-07-16 01:03:10
Compiled at: 2026-07-16 01:03:17
 689 lines: No errors
   [Ada]          dobldobl_blackbox_solvers.adb

GNAT 10.3.0
Copyright 1992-2020, Free Software Foundation, Inc.

Compiling: /home/runner/work/alire-crates-ci/alire-crates-ci/test/5f655e40-67d4-410c-84fb-5572da83bba4/phcpack_2.4.88_e448e94a/src/Ada/Main/black_box_root_counters.adb
Source file time stamp: 2026-07-16 01:03:09
Compiled at: 2026-07-16 01:03:17
 2814 lines: No errors
   [Ada]          greeting_banners.adb

GNAT 10.3.0
Copyright 1992-2020, Free Software Foundation, Inc.

Compiling: /home/runner/work/alire-crates-ci/alire-crates-ci/test/5f655e40-67d4-410c-84fb-5572da83bba4/phcpack_2.4.88_e448e94a/src/Ada/Main/dobldobl_blackbox_solvers.adb
Source file time stamp: 2026-07-16 01:03:09
Compiled at: 2026-07-16 01:03:19
 112 lines: No errors
   [Ada]          main_component_solvers.adb

GNAT 10.3.0
Copyright 1992-2020, Free Software Foundation, Inc.

Compiling: /home/runner/work/alire-crates-ci/alire-crates-ci/test/5f655e40-67d4-410c-84fb-5572da83bba4/phcpack_2.4.88_e448e94a/src/Ada/Main/greeting_banners.adb
Source file time stamp: 2026-07-16 01:03:10
Compiled at: 2026-07-16 01:03:19
 761 lines: No errors
   [Ada]          main_decomposition.adb

GNAT 10.3.0
Copyright 1992-2020, Free Software Foundation, Inc.

Compiling: /home/runner/work/alire-crates-ci/alire-crates-ci/test/5f655e40-67d4-410c-84fb-5572da83bba4/phcpack_2.4.88_e448e94a/src/Ada/Main/main_component_solvers.adb
Source file time stamp: 2026-07-16 01:03:09
Compiled at: 2026-07-16 01:03:19
 237 lines: No errors
   [Ada]          main_dictionary_solutions.adb

GNAT 10.3.0
Copyright 1992-2020, Free Software Foundation, Inc.

Compiling: /home/runner/work/alire-crates-ci/alire-crates-ci/test/5f655e40-67d4-410c-84fb-5572da83bba4/phcpack_2.4.88_e448e94a/src/Ada/Main/main_dictionary_solutions.adb
Source file time stamp: 2026-07-16 01:03:09
Compiled at: 2026-07-16 01:03:19
 97 lines: No errors
   [Ada]          main_eqn_by_eqn_solvers.adb

GNAT 10.3.0
Copyright 1992-2020, Free Software Foundation, Inc.

Compiling: /home/runner/work/alire-crates-ci/alire-crates-ci/test/5f655e40-67d4-410c-84fb-5572da83bba4/phcpack_2.4.88_e448e94a/src/Ada/Components/Decomposition/main_decomposition.adb
Source file time stamp: 2026-07-16 01:03:09
Compiled at: 2026-07-16 01:03:19
 329 lines: No errors
   [Ada]          main_factorization.adb

GNAT 10.3.0
Copyright 1992-2020, Free Software Foundation, Inc.

Compiling: /home/runner/work/alire-crates-ci/alire-crates-ci/test/5f655e40-67d4-410c-84fb-5572da83bba4/phcpack_2.4.88_e448e94a/src/Ada/Components/Factorization/main_factorization.adb
Source file time stamp: 2026-07-16 01:03:09
Compiled at: 2026-07-16 01:03:19
 568 lines: No errors
   [Ada]          main_homotopy_continuation.adb

GNAT 10.3.0
Copyright 1992-2020, Free Software Foundation, Inc.

Compiling: /home/runner/work/alire-crates-ci/alire-crates-ci/test/5f655e40-67d4-410c-84fb-5572da83bba4/phcpack_2.4.88_e448e94a/src/Ada/Deformations/Continuation/main_homotopy_continuation.adb
Source file time stamp: 2026-07-16 01:03:09
Compiled at: 2026-07-16 01:03:20
 914 lines: No errors
   [Ada]          main_hypersurface_witsets.adb

GNAT 10.3.0
Copyright 1992-2020, Free Software Foundation, Inc.

Compiling: /home/runner/work/alire-crates-ci/alire-crates-ci/test/5f655e40-67d4-410c-84fb-5572da83bba4/phcpack_2.4.88_e448e94a/src/Ada/Components/Solver/main_eqn_by_eqn_solvers.adb
Source file time stamp: 2026-07-16 01:03:09
Compiled at: 2026-07-16 01:03:19
 268 lines: No errors
   [Ada]          main_intersection.adb

GNAT 10.3.0
Copyright 1992-2020, Free Software Foundation, Inc.

Compiling: /home/runner/work/alire-crates-ci/alire-crates-ci/test/5f655e40-67d4-410c-84fb-5572da83bba4/phcpack_2.4.88_e448e94a/src/Ada/Components/Solver/main_hypersurface_witsets.adb
Source file time stamp: 2026-07-16 01:03:09
Compiled at: 2026-07-16 01:03:20
 503 lines: No errors
   [Ada]          main_maple_solutions.adb

GNAT 10.3.0
Copyright 1992-2020, Free Software Foundation, Inc.

Compiling: /home/runner/work/alire-crates-ci/alire-crates-ci/test/5f655e40-67d4-410c-84fb-5572da83bba4/phcpack_2.4.88_e448e94a/src/Ada/Main/main_maple_solutions.adb
Source file time stamp: 2026-07-16 01:03:09
Compiled at: 2026-07-16 01:03:21
 115 lines: No errors
   [Ada]          main_output_feedback.adb

GNAT 10.3.0
Copyright 1992-2020, Free Software Foundation, Inc.

Compiling: /home/runner/work/alire-crates-ci/alire-crates-ci/test/5f655e40-67d4-410c-84fb-5572da83bba4/phcpack_2.4.88_e448e94a/src/Ada/Components/Solver/main_intersection.adb
Source file time stamp: 2026-07-16 01:03:09
Compiled at: 2026-07-16 01:03:21
 86 lines: No errors
   [Ada]          main_pade_trackers.adb

GNAT 10.3.0
Copyright 1992-2020, Free Software Foundation, Inc.

Compiling: /home/runner/work/alire-crates-ci/alire-crates-ci/test/5f655e40-67d4-410c-84fb-5572da83bba4/phcpack_2.4.88_e448e94a/src/Ada/Main/main_output_feedback.adb
Source file time stamp: 2026-07-16 01:03:09
Compiled at: 2026-07-16 01:03:21
 44 lines: No errors
   [Ada]          main_pieri_count.adb

GNAT 10.3.0
Copyright 1992-2020, Free Software Foundation, Inc.

Compiling: /home/runner/work/alire-crates-ci/alire-crates-ci/test/5f655e40-67d4-410c-84fb-5572da83bba4/phcpack_2.4.88_e448e94a/src/Ada/Schubert/Pieri/main_pieri_count.adb
Source file time stamp: 2026-07-16 01:03:10
Compiled at: 2026-07-16 01:03:21
 47 lines: No errors
   [Ada]          main_reduction.adb

GNAT 10.3.0
Copyright 1992-2020, Free Software Foundation, Inc.

Compiling: /home/runner/work/alire-crates-ci/alire-crates-ci/test/5f655e40-67d4-410c-84fb-5572da83bba4/phcpack_2.4.88_e448e94a/src/Ada/Deformations/Curves/main_pade_trackers.adb
Source file time stamp: 2026-07-16 01:03:09
Compiled at: 2026-07-16 01:03:21
 305 lines: No errors
   [Ada]          main_root_counters.adb

GNAT 10.3.0
Copyright 1992-2020, Free Software Foundation, Inc.

Compiling: /home/runner/work/alire-crates-ci/alire-crates-ci/test/5f655e40-67d4-410c-84fb-5572da83bba4/phcpack_2.4.88_e448e94a/src/Ada/Deformations/Homotopy/main_reduction.adb
Source file time stamp: 2026-07-16 01:03:09
Compiled at: 2026-07-16 01:03:21
 689 lines: No errors
   [Ada]          main_samplers.adb

GNAT 10.3.0
Copyright 1992-2020, Free Software Foundation, Inc.

Compiling: /home/runner/work/alire-crates-ci/alire-crates-ci/test/5f655e40-67d4-410c-84fb-5572da83bba4/phcpack_2.4.88_e448e94a/src/Ada/Main/main_root_counters.adb
Source file time stamp: 2026-07-16 01:03:09
Compiled at: 2026-07-16 01:03:21
 532 lines: No errors
   [Ada]          main_scaling.adb

GNAT 10.3.0
Copyright 1992-2020, Free Software Foundation, Inc.

Compiling: /home/runner/work/alire-crates-ci/alire-crates-ci/test/5f655e40-67d4-410c-84fb-5572da83bba4/phcpack_2.4.88_e448e94a/src/Ada/Components/Samplers/main_samplers.adb
Source file time stamp: 2026-07-16 01:03:09
Compiled at: 2026-07-16 01:03:21
 450 lines: No errors
   [Ada]          main_schubert_induction.adb

GNAT 10.3.0
Copyright 1992-2020, Free Software Foundation, Inc.

Compiling: /home/runner/work/alire-crates-ci/alire-crates-ci/test/5f655e40-67d4-410c-84fb-5572da83bba4/phcpack_2.4.88_e448e94a/src/Ada/Deformations/Homotopy/main_scaling.adb
Source file time stamp: 2026-07-16 01:03:09
Compiled at: 2026-07-16 01:03:21
 641 lines: No errors
   [Ada]          main_trackers.adb

GNAT 10.3.0
Copyright 1992-2020, Free Software Foundation, Inc.

Compiling: /home/runner/work/alire-crates-ci/alire-crates-ci/test/5f655e40-67d4-410c-84fb-5572da83bba4/phcpack_2.4.88_e448e94a/src/Ada/Main/main_trackers.adb
Source file time stamp: 2026-07-16 01:03:09
Compiled at: 2026-07-16 01:03:22
 169 lines: No errors
   [Ada]          main_verification.adb

GNAT 10.3.0
Copyright 1992-2020, Free Software Foundation, Inc.

Compiling: /home/runner/work/alire-crates-ci/alire-crates-ci/test/5f655e40-67d4-410c-84fb-5572da83bba4/phcpack_2.4.88_e448e94a/src/Ada/Main/main_verification.adb
Source file time stamp: 2026-07-16 01:03:09
Compiled at: 2026-07-16 01:03:22
 918 lines: No errors
   [Ada]          mixed_volume_calculator.adb

GNAT 10.3.0
Copyright 1992-2020, Free Software Foundation, Inc.

Compiling: /home/runner/work/alire-crates-ci/alire-crates-ci/test/5f655e40-67d4-410c-84fb-5572da83bba4/phcpack_2.4.88_e448e94a/src/Ada/Root_Counts/Symmetry/mixed_volume_calculator.adb
Source file time stamp: 2026-07-16 01:03:10
Compiled at: 2026-07-16 01:03:23
 264 lines: No errors
   [Ada]          parse_strings_to_polynomials.adb

GNAT 10.3.0
Copyright 1992-2020, Free Software Foundation, Inc.

Compiling: /home/runner/work/alire-crates-ci/alire-crates-ci/test/5f655e40-67d4-410c-84fb-5572da83bba4/phcpack_2.4.88_e448e94a/src/Ada/Math_Lib/Polynomials/parse_strings_to_polynomials.adb
Source file time stamp: 2026-07-16 01:03:09
Compiled at: 2026-07-16 01:03:23
 444 lines: No errors
   [Ada]          polynomial_homotopy_continuation.adb

GNAT 10.3.0
Copyright 1992-2020, Free Software Foundation, Inc.

Compiling: /home/runner/work/alire-crates-ci/alire-crates-ci/test/5f655e40-67d4-410c-84fb-5572da83bba4/phcpack_2.4.88_e448e94a/src/Ada/Main/polynomial_homotopy_continuation.adb
Source file time stamp: 2026-07-16 01:03:09
Compiled at: 2026-07-16 01:03:23
 243 lines: No errors
   [Ada]          quaddobl_blackbox_continuations.adb

GNAT 10.3.0
Copyright 1992-2020, Free Software Foundation, Inc.

Compiling: /home/runner/work/alire-crates-ci/alire-crates-ci/test/5f655e40-67d4-410c-84fb-5572da83bba4/phcpack_2.4.88_e448e94a/src/Ada/Deformations/Continuation/dobldobl_blackbox_continuations.adb
Source file time stamp: 2026-07-16 01:03:09
Compiled at: 2026-07-16 01:03:18
 1057 lines: No errors
   [Ada]          quaddobl_blackbox_solvers.adb

GNAT 10.3.0
Copyright 1992-2020, Free Software Foundation, Inc.

Compiling: /home/runner/work/alire-crates-ci/alire-crates-ci/test/5f655e40-67d4-410c-84fb-5572da83bba4/phcpack_2.4.88_e448e94a/src/Ada/Schubert/Induction/main_schubert_induction.adb
Source file time stamp: 2026-07-16 01:03:10
Compiled at: 2026-07-16 01:03:22
 1794 lines: No errors
   [Ada]          standard_blackbox_continuations.adb

GNAT 10.3.0
Copyright 1992-2020, Free Software Foundation, Inc.

Compiling: /home/runner/work/alire-crates-ci/alire-crates-ci/test/5f655e40-67d4-410c-84fb-5572da83bba4/phcpack_2.4.88_e448e94a/src/Ada/Main/quaddobl_blackbox_solvers.adb
Source file time stamp: 2026-07-16 01:03:09
Compiled at: 2026-07-16 01:03:25
 112 lines: No errors
   [Ada]          standard_blackbox_solvers.adb

GNAT 10.3.0
Copyright 1992-2020, Free Software Foundation, Inc.

Compiling: /home/runner/work/alire-crates-ci/alire-crates-ci/test/5f655e40-67d4-410c-84fb-5572da83bba4/phcpack_2.4.88_e448e94a/src/Ada/Main/standard_blackbox_solvers.adb
Source file time stamp: 2026-07-16 01:03:09
Compiled at: 2026-07-16 01:03:25
 331 lines: No errors
   [Ada]          standard_random_numbers.adb

GNAT 10.3.0
Copyright 1992-2020, Free Software Foundation, Inc.

Compiling: /home/runner/work/alire-crates-ci/alire-crates-ci/test/5f655e40-67d4-410c-84fb-5572da83bba4/phcpack_2.4.88_e448e94a/src/Ada/Math_Lib/Numbers/standard_random_numbers.adb
Source file time stamp: 2026-07-16 01:03:09
Compiled at: 2026-07-16 01:03:25
 193 lines: No errors
   [Ada]          standard_system_and_solutions_io.adb

GNAT 10.3.0
Copyright 1992-2020, Free Software Foundation, Inc.

Compiling: /home/runner/work/alire-crates-ci/alire-crates-ci/test/5f655e40-67d4-410c-84fb-5572da83bba4/phcpack_2.4.88_e448e94a/src/Ada/Deformations/Solutions/standard_system_and_solutions_io.adb
Source file time stamp: 2026-07-16 01:03:09
Compiled at: 2026-07-16 01:03:25
 257 lines: No errors
   [Ada]          symbol_table_order.adb

GNAT 10.3.0
Copyright 1992-2020, Free Software Foundation, Inc.

Compiling: /home/runner/work/alire-crates-ci/alire-crates-ci/test/5f655e40-67d4-410c-84fb-5572da83bba4/phcpack_2.4.88_e448e94a/src/Ada/Math_Lib/Polynomials/symbol_table_order.adb
Source file time stamp: 2026-07-16 01:03:09
Compiled at: 2026-07-16 01:03:25
 35 lines: No errors
   [Ada]          write_seed_number.adb

GNAT 10.3.0
Copyright 1992-2020, Free Software Foundation, Inc.

Compiling: /home/runner/work/alire-crates-ci/alire-crates-ci/test/5f655e40-67d4-410c-84fb-5572da83bba4/phcpack_2.4.88_e448e94a/src/Ada/Math_Lib/Numbers/write_seed_number.adb
Source file time stamp: 2026-07-16 01:03:09
Compiled at: 2026-07-16 01:03:25
 9 lines: No errors
   [Ada]          file_scanning.adb

GNAT 10.3.0
Copyright 1992-2020, Free Software Foundation, Inc.

Compiling: /home/runner/work/alire-crates-ci/alire-crates-ci/test/5f655e40-67d4-410c-84fb-5572da83bba4/phcpack_2.4.88_e448e94a/src/Ada/System/file_scanning.adb
Source file time stamp: 2026-07-16 01:03:10
Compiled at: 2026-07-16 01:03:26
 113 lines: No errors
   [Ada]          integer_io.ads

GNAT 10.3.0
Copyright 1992-2020, Free Software Foundation, Inc.

Compiling: /home/runner/work/alire-crates-ci/alire-crates-ci/test/5f655e40-67d4-410c-84fb-5572da83bba4/phcpack_2.4.88_e448e94a/src/Ada/System/integer_io.ads
Source file time stamp: 2026-07-16 01:03:10
Compiled at: 2026-07-16 01:03:26
 3 lines: No errors
   [Ada]          abstract_ring.ads

GNAT 10.3.0
Copyright 1992-2020, Free Software Foundation, Inc.

Compiling: /home/runner/work/alire-crates-ci/alire-crates-ci/test/5f655e40-67d4-410c-84fb-5572da83bba4/phcpack_2.4.88_e448e94a/src/Ada/Math_Lib/Numbers/abstract_ring.ads
Source file time stamp: 2026-07-16 01:03:09
Compiled at: 2026-07-16 01:03:26
 29 lines: No errors
   [Ada]          generic_arrays_of_vector_lists.adb

GNAT 10.3.0
Copyright 1992-2020, Free Software Foundation, Inc.

Compiling: /home/runner/work/alire-crates-ci/alire-crates-ci/test/5f655e40-67d4-410c-84fb-5572da83bba4/phcpack_2.4.88_e448e94a/src/Ada/Math_Lib/Supports/generic_arrays_of_vector_lists.adb
Source file time stamp: 2026-07-16 01:03:10
Compiled at: 2026-07-16 01:03:26
 135 lines: No errors
   [Ada]          generic_lists.adb

GNAT 10.3.0
Copyright 1992-2020, Free Software Foundation, Inc.

Compiling: /home/runner/work/alire-crates-ci/alire-crates-ci/test/5f655e40-67d4-410c-84fb-5572da83bba4/phcpack_2.4.88_e448e94a/src/Ada/Math_Lib/Polynomials/generic_lists.adb
Source file time stamp: 2026-07-16 01:03:09
Compiled at: 2026-07-16 01:03:26
 205 lines: No errors
   [Ada]          generic_lists_of_vectors.adb

GNAT 10.3.0
Copyright 1992-2020, Free Software Foundation, Inc.

Compiling: /home/runner/work/alire-crates-ci/alire-crates-ci/test/5f655e40-67d4-410c-84fb-5572da83bba4/phcpack_2.4.88_e448e94a/src/Ada/Math_Lib/Supports/generic_lists_of_vectors.adb
Source file time stamp: 2026-07-16 01:03:10
Compiled at: 2026-07-16 01:03:26
 306 lines: No errors
   [Ada]          generic_vectors.adb

GNAT 10.3.0
Copyright 1992-2020, Free Software Foundation, Inc.

Compiling: /home/runner/work/alire-crates-ci/alire-crates-ci/test/5f655e40-67d4-410c-84fb-5572da83bba4/phcpack_2.4.88_e448e94a/src/Ada/Math_Lib/Vectors/generic_vectors.adb
Source file time stamp: 2026-07-16 01:03:10
Compiled at: 2026-07-16 01:03:26
 380 lines: No errors
   [Ada]          generic_vecvecs.adb

GNAT 10.3.0
Copyright 1992-2020, Free Software Foundation, Inc.

Compiling: /home/runner/work/alire-crates-ci/alire-crates-ci/test/5f655e40-67d4-410c-84fb-5572da83bba4/phcpack_2.4.88_e448e94a/src/Ada/Math_Lib/Vectors/generic_vecvecs.adb
Source file time stamp: 2026-07-16 01:03:10
Compiled at: 2026-07-16 01:03:26
 92 lines: No errors
   [Ada]          lists_of_floating_vectors.ads

GNAT 10.3.0
Copyright 1992-2020, Free Software Foundation, Inc.

Compiling: /home/runner/work/alire-crates-ci/alire-crates-ci/test/5f655e40-67d4-410c-84fb-5572da83bba4/phcpack_2.4.88_e448e94a/src/Ada/Math_Lib/Supports/lists_of_floating_vectors.ads
Source file time stamp: 2026-07-16 01:03:10
Compiled at: 2026-07-16 01:03:26
 12 lines: No errors
   [Ada]          standard_floating_ring.ads

GNAT 10.3.0
Copyright 1992-2020, Free Software Foundation, Inc.

Compiling: /home/runner/work/alire-crates-ci/alire-crates-ci/test/5f655e40-67d4-410c-84fb-5572da83bba4/phcpack_2.4.88_e448e94a/src/Ada/Math_Lib/Numbers/standard_floating_ring.ads
Source file time stamp: 2026-07-16 01:03:09
Compiled at: 2026-07-16 01:03:26
 10 lines: No errors
   [Ada]          standard_floating_vectors.ads

GNAT 10.3.0
Copyright 1992-2020, Free Software Foundation, Inc.

Compiling: /home/runner/work/alire-crates-ci/alire-crates-ci/test/5f655e40-67d4-410c-84fb-5572da83bba4/phcpack_2.4.88_e448e94a/src/Ada/Math_Lib/Vectors/standard_floating_vectors.ads
Source file time stamp: 2026-07-16 01:03:10
Compiled at: 2026-07-16 01:03:26
 8 lines: No errors
   [Ada]          standard_floating_vecvecs.ads

GNAT 10.3.0
Copyright 1992-2020, Free Software Foundation, Inc.

Compiling: /home/runner/work/alire-crates-ci/alire-crates-ci/test/5f655e40-67d4-410c-84fb-5572da83bba4/phcpack_2.4.88_e448e94a/src/Ada/Math_Lib/Vectors/standard_floating_vecvecs.ads
Source file time stamp: 2026-07-16 01:03:10
Compiled at: 2026-07-16 01:03:26
 9 lines: No errors
   [Ada]          dobldobl_complex_numbers.adb

GNAT 10.3.0
Copyright 1992-2020, Free Software Foundation, Inc.

Compiling: /home/runner/work/alire-crates-ci/alire-crates-ci/test/5f655e40-67d4-410c-84fb-5572da83bba4/phcpack_2.4.88_e448e94a/src/Ada/Math_Lib/QD/dobldobl_complex_numbers.adb
Source file time stamp: 2026-07-16 01:03:09
Compiled at: 2026-07-16 01:03:27
 340 lines: No errors
   [Ada]          double_double_numbers.adb

GNAT 10.3.0
Copyright 1992-2020, Free Software Foundation, Inc.

Compiling: /home/runner/work/alire-crates-ci/alire-crates-ci/test/5f655e40-67d4-410c-84fb-5572da83bba4/phcpack_2.4.88_e448e94a/src/Ada/Math_Lib/QD/double_double_numbers.adb
Source file time stamp: 2026-07-16 01:03:10
Compiled at: 2026-07-16 01:03:27
 870 lines: No errors
   [Ada]          quad_double_numbers.adb

GNAT 10.3.0
Copyright 1992-2020, Free Software Foundation, Inc.

Compiling: /home/runner/work/alire-crates-ci/alire-crates-ci/test/5f655e40-67d4-410c-84fb-5572da83bba4/phcpack_2.4.88_e448e94a/src/Ada/Math_Lib/QD/quad_double_numbers.adb
Source file time stamp: 2026-07-16 01:03:09
Compiled at: 2026-07-16 01:03:27
 1428 lines: No errors
   [Ada]          quaddobl_complex_numbers.ads

GNAT 10.3.0
Copyright 1992-2020, Free Software Foundation, Inc.

Compiling: /home/runner/work/alire-crates-ci/alire-crates-ci/test/5f655e40-67d4-410c-84fb-5572da83bba4/phcpack_2.4.88_e448e94a/src/Ada/Math_Lib/QD/quaddobl_complex_numbers.ads
Source file time stamp: 2026-07-16 01:03:09
Compiled at: 2026-07-16 01:03:28
 10 lines: No errors
   [Ada]          standard_complex_numbers.adb

GNAT 10.3.0
Copyright 1992-2020, Free Software Foundation, Inc.

Compiling: /home/runner/work/alire-crates-ci/alire-crates-ci/test/5f655e40-67d4-410c-84fb-5572da83bba4/phcpack_2.4.88_e448e94a/src/Ada/Math_Lib/Numbers/standard_complex_numbers.adb
Source file time stamp: 2026-07-16 01:03:09
Compiled at: 2026-07-16 01:03:28
 317 lines: No errors
   [Ada]          dobldobl_complex_vectors.ads

GNAT 10.3.0
Copyright 1992-2020, Free Software Foundation, Inc.

Compiling: /home/runner/work/alire-crates-ci/alire-crates-ci/test/5f655e40-67d4-410c-84fb-5572da83bba4/phcpack_2.4.88_e448e94a/src/Ada/Math_Lib/Vectors/dobldobl_complex_vectors.ads
Source file time stamp: 2026-07-16 01:03:10
Compiled at: 2026-07-16 01:03:28
 7 lines: No errors
   [Ada]          quaddobl_complex_vectors.ads

GNAT 10.3.0
Copyright 1992-2020, Free Software Foundation, Inc.

Compiling: /home/runner/work/alire-crates-ci/alire-crates-ci/test/5f655e40-67d4-410c-84fb-5572da83bba4/phcpack_2.4.88_e448e94a/src/Ada/Math_Lib/Vectors/quaddobl_complex_vectors.ads
Source file time stamp: 2026-07-16 01:03:10
Compiled at: 2026-07-16 01:03:28
 7 lines: No errors
   [Ada]          standard_complex_matrices.ads

GNAT 10.3.0
Copyright 1992-2020, Free Software Foundation, Inc.

Compiling: /home/runner/work/alire-crates-ci/alire-crates-ci/test/5f655e40-67d4-410c-84fb-5572da83bba4/phcpack_2.4.88_e448e94a/src/Ada/Math_Lib/Matrices/standard_complex_matrices.ads
Source file time stamp: 2026-07-16 01:03:09
Compiled at: 2026-07-16 01:03:28
 10 lines: No errors
   [Ada]          standard_complex_vectors.ads

GNAT 10.3.0
Copyright 1992-2020, Free Software Foundation, Inc.

Compiling: /home/runner/work/alire-crates-ci/alire-crates-ci/test/5f655e40-67d4-410c-84fb-5572da83bba4/phcpack_2.4.88_e448e94a/src/Ada/Math_Lib/Vectors/standard_complex_vectors.ads
Source file time stamp: 2026-07-16 01:03:10
Compiled at: 2026-07-16 01:03:29
 7 lines: No errors
   [Ada]          lists_of_strings.ads

GNAT 10.3.0
Copyright 1992-2020, Free Software Foundation, Inc.

Compiling: /home/runner/work/alire-crates-ci/alire-crates-ci/test/5f655e40-67d4-410c-84fb-5572da83bba4/phcpack_2.4.88_e448e94a/src/Ada/Root_Counts/DEMiCs/lists_of_strings.ads
Source file time stamp: 2026-07-16 01:03:10
Compiled at: 2026-07-16 01:03:29
 9 lines: No errors
   [Ada]          double_double_vectors.ads

GNAT 10.3.0
Copyright 1992-2020, Free Software Foundation, Inc.

Compiling: /home/runner/work/alire-crates-ci/alire-crates-ci/test/5f655e40-67d4-410c-84fb-5572da83bba4/phcpack_2.4.88_e448e94a/src/Ada/Math_Lib/Vectors/double_double_vectors.ads
Source file time stamp: 2026-07-16 01:03:10
Compiled at: 2026-07-16 01:03:29
 8 lines: No errors
   [Ada]          quad_double_vectors.ads

GNAT 10.3.0
Copyright 1992-2020, Free Software Foundation, Inc.

Compiling: /home/runner/work/alire-crates-ci/alire-crates-ci/test/5f655e40-67d4-410c-84fb-5572da83bba4/phcpack_2.4.88_e448e94a/src/Ada/Math_Lib/Vectors/quad_double_vectors.ads
Source file time stamp: 2026-07-16 01:03:10
Compiled at: 2026-07-16 01:03:29
 8 lines: No errors
   [Ada]          standard_natural_vectors.ads

GNAT 10.3.0
Copyright 1992-2020, Free Software Foundation, Inc.

Compiling: /home/runner/work/alire-crates-ci/alire-crates-ci/test/5f655e40-67d4-410c-84fb-5572da83bba4/phcpack_2.4.88_e448e94a/src/Ada/Math_Lib/Vectors/standard_natural_vectors.ads
Source file time stamp: 2026-07-16 01:03:10
Compiled at: 2026-07-16 01:03:30
 7 lines: No errors
   [Ada]          communications_with_user.adb

GNAT 10.3.0
Copyright 1992-2020, Free Software Foundation, Inc.

Compiling: /home/runner/work/alire-crates-ci/alire-crates-ci/test/5f655e40-67d4-410c-84fb-5572da83bba4/phcpack_2.4.88_e448e94a/src/Ada/System/communications_with_user.adb
Source file time stamp: 2026-07-16 01:03:10
Compiled at: 2026-07-16 01:03:30
 376 lines: No errors
   [Ada]          demics_algorithm.adb

GNAT 10.3.0
Copyright 1992-2020, Free Software Foundation, Inc.

Compiling: /home/runner/work/alire-crates-ci/alire-crates-ci/test/5f655e40-67d4-410c-84fb-5572da83bba4/phcpack_2.4.88_e448e94a/src/Ada/Deformations/Continuation/quaddobl_blackbox_continuations.adb
Source file time stamp: 2026-07-16 01:03:09
Compiled at: 2026-07-16 01:03:24
 1052 lines: No errors
   [Ada]          drivers_for_mixedvol_algorithm.adb

GNAT 10.3.0
Copyright 1992-2020, Free Software Foundation, Inc.

Compiling: /home/runner/work/alire-crates-ci/alire-crates-ci/test/5f655e40-67d4-410c-84fb-5572da83bba4/phcpack_2.4.88_e448e94a/src/Ada/Root_Counts/DEMiCs/demics_algorithm.adb
Source file time stamp: 2026-07-16 01:03:10
Compiled at: 2026-07-16 01:03:30
 521 lines: No errors
   [Ada]          drivers_for_static_lifting.adb

GNAT 10.3.0
Copyright 1992-2020, Free Software Foundation, Inc.

Compiling: /home/runner/work/alire-crates-ci/alire-crates-ci/test/5f655e40-67d4-410c-84fb-5572da83bba4/phcpack_2.4.88_e448e94a/src/Ada/Root_Counts/Stalift/drivers_for_static_lifting.adb
Source file time stamp: 2026-07-16 01:03:10
Compiled at: 2026-07-16 01:03:31
 1387 lines: No errors
   [Ada]          floating_lifting_functions.adb

GNAT 10.3.0
Copyright 1992-2020, Free Software Foundation, Inc.

Compiling: /home/runner/work/alire-crates-ci/alire-crates-ci/test/5f655e40-67d4-410c-84fb-5572da83bba4/phcpack_2.4.88_e448e94a/src/Ada/Root_Counts/Stalift/floating_lifting_functions.adb
Source file time stamp: 2026-07-16 01:03:10
Compiled at: 2026-07-16 01:03:32
 623 lines: No errors
   [Ada]          floating_mixed_subdivisions_io.adb

GNAT 10.3.0
Copyright 1992-2020, Free Software Foundation, Inc.

Compiling: /home/runner/work/alire-crates-ci/alire-crates-ci/test/5f655e40-67d4-410c-84fb-5572da83bba4/phcpack_2.4.88_e448e94a/src/Ada/Root_Counts/Stalift/drivers_for_mixedvol_algorithm.adb
Source file time stamp: 2026-07-16 01:03:10
Compiled at: 2026-07-16 01:03:30
 2450 lines: No errors
   [Ada]          main_poly_continuation.adb

GNAT 10.3.0
Copyright 1992-2020, Free Software Foundation, Inc.

Compiling: /home/runner/work/alire-crates-ci/alire-crates-ci/test/5f655e40-67d4-410c-84fb-5572da83bba4/phcpack_2.4.88_e448e94a/src/Ada/Root_Counts/Stalift/floating_mixed_subdivisions_io.adb
Source file time stamp: 2026-07-16 01:03:10
Compiled at: 2026-07-16 01:03:33
 513 lines: No errors
   [Ada]          pipelined_polyhedral_homotopies.adb

GNAT 10.3.0
Copyright 1992-2020, Free Software Foundation, Inc.

Compiling: /home/runner/work/alire-crates-ci/alire-crates-ci/test/5f655e40-67d4-410c-84fb-5572da83bba4/phcpack_2.4.88_e448e94a/src/Ada/Tasking/pipelined_polyhedral_homotopies.adb
Source file time stamp: 2026-07-16 01:03:10
Compiled at: 2026-07-16 01:03:33
 81 lines: No errors
   [Ada]          standard_complex_laur_systems_io.adb

GNAT 10.3.0
Copyright 1992-2020, Free Software Foundation, Inc.

Compiling: /home/runner/work/alire-crates-ci/alire-crates-ci/test/5f655e40-67d4-410c-84fb-5572da83bba4/phcpack_2.4.88_e448e94a/src/Ada/Math_Lib/Polynomials/standard_complex_laur_systems_io.adb
Source file time stamp: 2026-07-16 01:03:09
Compiled at: 2026-07-16 01:03:34
 359 lines: No errors
   [Ada]          standard_complex_solutions_io.adb

GNAT 10.3.0
Copyright 1992-2020, Free Software Foundation, Inc.

Compiling: /home/runner/work/alire-crates-ci/alire-crates-ci/test/5f655e40-67d4-410c-84fb-5572da83bba4/phcpack_2.4.88_e448e94a/src/Ada/Deformations/Solutions/standard_complex_solutions_io.adb
Source file time stamp: 2026-07-16 01:03:09
Compiled at: 2026-07-16 01:03:34
 903 lines: No errors
   [Ada]          standard_laur_poly_convertors.adb

GNAT 10.3.0
Copyright 1992-2020, Free Software Foundation, Inc.

Compiling: /home/runner/work/alire-crates-ci/alire-crates-ci/test/5f655e40-67d4-410c-84fb-5572da83bba4/phcpack_2.4.88_e448e94a/src/Ada/Math_Lib/Polynomials/standard_laur_poly_convertors.adb
Source file time stamp: 2026-07-16 01:03:09
Compiled at: 2026-07-16 01:03:34
 161 lines: No errors
   [Ada]          standard_poly_laur_convertors.adb

GNAT 10.3.0
Copyright 1992-2020, Free Software Foundation, Inc.

Compiling: /home/runner/work/alire-crates-ci/alire-crates-ci/test/5f655e40-67d4-410c-84fb-5572da83bba4/phcpack_2.4.88_e448e94a/src/Ada/Math_Lib/Polynomials/standard_poly_laur_convertors.adb
Source file time stamp: 2026-07-16 01:03:09
Compiled at: 2026-07-16 01:03:34
 47 lines: No errors
   [Ada]          arrays_of_integer_vector_lists.ads

GNAT 10.3.0
Copyright 1992-2020, Free Software Foundation, Inc.

Compiling: /home/runner/work/alire-crates-ci/alire-crates-ci/test/5f655e40-67d4-410c-84fb-5572da83bba4/phcpack_2.4.88_e448e94a/src/Ada/Math_Lib/Supports/arrays_of_integer_vector_lists.ads
Source file time stamp: 2026-07-16 01:03:10
Compiled at: 2026-07-16 01:03:35
 14 lines: No errors
   [Ada]          standard_complex_solutions.adb

GNAT 10.3.0
Copyright 1992-2020, Free Software Foundation, Inc.

Compiling: /home/runner/work/alire-crates-ci/alire-crates-ci/test/5f655e40-67d4-410c-84fb-5572da83bba4/phcpack_2.4.88_e448e94a/src/Ada/Deformations/Solutions/standard_complex_solutions.adb
Source file time stamp: 2026-07-16 01:03:09
Compiled at: 2026-07-16 01:03:35
 587 lines: No errors
   [Ada]          timing_package.adb

GNAT 10.3.0
Copyright 1992-2020, Free Software Foundation, Inc.

Compiling: /home/runner/work/alire-crates-ci/alire-crates-ci/test/5f655e40-67d4-410c-84fb-5572da83bba4/phcpack_2.4.88_e448e94a/src/Ada/System/Unix_Timer/timing_package.adb
Source file time stamp: 2026-07-16 01:03:10
Compiled at: 2026-07-16 01:03:35
 251 lines: No errors
   [Ada]          generic_laur_poly_systems.adb

GNAT 10.3.0
Copyright 1992-2020, Free Software Foundation, Inc.

Compiling: /home/runner/work/alire-crates-ci/alire-crates-ci/test/5f655e40-67d4-410c-84fb-5572da83bba4/phcpack_2.4.88_e448e94a/src/Ada/Math_Lib/Polynomials/generic_laur_poly_systems.adb
Source file time stamp: 2026-07-16 01:03:09
Compiled at: 2026-07-16 01:03:36
 186 lines: No errors
   [Ada]          generic_laurent_polynomials.adb

GNAT 10.3.0
Copyright 1992-2020, Free Software Foundation, Inc.

Compiling: /home/runner/work/alire-crates-ci/alire-crates-ci/test/5f655e40-67d4-410c-84fb-5572da83bba4/phcpack_2.4.88_e448e94a/src/Ada/Math_Lib/Polynomials/generic_laurent_polynomials.adb
Source file time stamp: 2026-07-16 01:03:09
Compiled at: 2026-07-16 01:03:36
 957 lines: No errors
   [Ada]          standard_complex_laurentials.ads

GNAT 10.3.0
Copyright 1992-2020, Free Software Foundation, Inc.

Compiling: /home/runner/work/alire-crates-ci/alire-crates-ci/test/5f655e40-67d4-410c-84fb-5572da83bba4/phcpack_2.4.88_e448e94a/src/Ada/Deformations/Continuation/standard_blackbox_continuations.adb
Source file time stamp: 2026-07-16 01:03:09
Compiled at: 2026-07-16 01:03:25
 1074 lines: No errors
   [Ada]          standard_complex_ring.ads

GNAT 10.3.0
Copyright 1992-2020, Free Software Foundation, Inc.

Compiling: /home/runner/work/alire-crates-ci/alire-crates-ci/test/5f655e40-67d4-410c-84fb-5572da83bba4/phcpack_2.4.88_e448e94a/src/Ada/Math_Lib/Numbers/standard_complex_ring.ads
Source file time stamp: 2026-07-16 01:03:09
Compiled at: 2026-07-16 01:03:36
 10 lines: No errors
   [Ada]          floating_lifting_utilities.adb

GNAT 10.3.0
Copyright 1992-2020, Free Software Foundation, Inc.

Compiling: /home/runner/work/alire-crates-ci/alire-crates-ci/test/5f655e40-67d4-410c-84fb-5572da83bba4/phcpack_2.4.88_e448e94a/src/Ada/Math_Lib/Polynomials/standard_complex_laurentials.ads
Source file time stamp: 2026-07-16 01:03:09
Compiled at: 2026-07-16 01:03:36
 9 lines: No errors
   [Ada]          floating_support_functions.adb

GNAT 10.3.0
Copyright 1992-2020, Free Software Foundation, Inc.

Compiling: /home/runner/work/alire-crates-ci/alire-crates-ci/test/5f655e40-67d4-410c-84fb-5572da83bba4/phcpack_2.4.88_e448e94a/src/Ada/Root_Counts/Stalift/floating_lifting_utilities.adb
Source file time stamp: 2026-07-16 01:03:10
Compiled at: 2026-07-16 01:03:36
 226 lines: No errors
   [Ada]          standard_floating_linear_solvers.ads

GNAT 10.3.0
Copyright 1992-2020, Free Software Foundation, Inc.

Compiling: /home/runner/work/alire-crates-ci/alire-crates-ci/test/5f655e40-67d4-410c-84fb-5572da83bba4/phcpack_2.4.88_e448e94a/src/Ada/Math_Lib/Supports/floating_support_functions.adb
Source file time stamp: 2026-07-16 01:03:10
Compiled at: 2026-07-16 01:03:36
 62 lines: No errors
   [Ada]          standard_floating_matrices.ads

GNAT 10.3.0
Copyright 1992-2020, Free Software Foundation, Inc.

Compiling: /home/runner/work/alire-crates-ci/alire-crates-ci/test/5f655e40-67d4-410c-84fb-5572da83bba4/phcpack_2.4.88_e448e94a/src/Ada/Math_Lib/Matrices/standard_floating_matrices.ads
Source file time stamp: 2026-07-16 01:03:09
Compiled at: 2026-07-16 01:03:36
 10 lines: No errors
   [Ada]          standard_integer_vecvecs.ads

GNAT 10.3.0
Copyright 1992-2020, Free Software Foundation, Inc.

Compiling: /home/runner/work/alire-crates-ci/alire-crates-ci/test/5f655e40-67d4-410c-84fb-5572da83bba4/phcpack_2.4.88_e448e94a/src/Ada/Math_Lib/Reduction/standard_floating_linear_solvers.ads
Source file time stamp: 2026-07-16 01:03:09
Compiled at: 2026-07-16 01:03:36
 14 lines: No errors
   [Ada]          generic_polynomial_systems.adb

GNAT 10.3.0
Copyright 1992-2020, Free Software Foundation, Inc.

Compiling: /home/runner/work/alire-crates-ci/alire-crates-ci/test/5f655e40-67d4-410c-84fb-5572da83bba4/phcpack_2.4.88_e448e94a/src/Ada/Math_Lib/Vectors/standard_integer_vecvecs.ads
Source file time stamp: 2026-07-16 01:03:10
Compiled at: 2026-07-16 01:03:37
 9 lines: No errors
   [Ada]          generic_polynomials.adb

GNAT 10.3.0
Copyright 1992-2020, Free Software Foundation, Inc.

Compiling: /home/runner/work/alire-crates-ci/alire-crates-ci/test/5f655e40-67d4-410c-84fb-5572da83bba4/phcpack_2.4.88_e448e94a/src/Ada/Math_Lib/Polynomials/generic_polynomial_systems.adb
Source file time stamp: 2026-07-16 01:03:09
Compiled at: 2026-07-16 01:03:37
 188 lines: No errors
   [Ada]          standard_complex_polynomials.ads

GNAT 10.3.0
Copyright 1992-2020, Free Software Foundation, Inc.

Compiling: /home/runner/work/alire-crates-ci/alire-crates-ci/test/5f655e40-67d4-410c-84fb-5572da83bba4/phcpack_2.4.88_e448e94a/src/Ada/Math_Lib/Polynomials/generic_polynomials.adb
Source file time stamp: 2026-07-16 01:03:09
Compiled at: 2026-07-16 01:03:37
 1044 lines: No errors
   [Ada]          arrays_of_floating_vector_lists_io.ads

GNAT 10.3.0
Copyright 1992-2020, Free Software Foundation, Inc.

Compiling: /home/runner/work/alire-crates-ci/alire-crates-ci/test/5f655e40-67d4-410c-84fb-5572da83bba4/phcpack_2.4.88_e448e94a/src/Ada/Math_Lib/Supports/arrays_of_floating_vector_lists_io.ads
Source file time stamp: 2026-07-16 01:03:10
Compiled at: 2026-07-16 01:03:37
 20 lines: No errors
   [Ada]          black_mixed_volume_computations.adb

GNAT 10.3.0
Copyright 1992-2020, Free Software Foundation, Inc.

Compiling: /home/runner/work/alire-crates-ci/alire-crates-ci/test/5f655e40-67d4-410c-84fb-5572da83bba4/phcpack_2.4.88_e448e94a/src/Ada/Math_Lib/Polynomials/standard_complex_polynomials.ads
Source file time stamp: 2026-07-16 01:03:09
Compiled at: 2026-07-16 01:03:37
 8 lines: No errors
   [Ada]          dobldobl_complex_laur_functions.ads

GNAT 10.3.0
Copyright 1992-2020, Free Software Foundation, Inc.

Compiling: /home/runner/work/alire-crates-ci/alire-crates-ci/test/5f655e40-67d4-410c-84fb-5572da83bba4/phcpack_2.4.88_e448e94a/src/Ada/Root_Counts/Dynlift/black_mixed_volume_computations.adb
Source file time stamp: 2026-07-16 01:03:10
Compiled at: 2026-07-16 01:03:37
 355 lines: No errors
   [Ada]          dobldobl_complex_laur_jacomats.ads

GNAT 10.3.0
Copyright 1992-2020, Free Software Foundation, Inc.

Compiling: /home/runner/work/alire-crates-ci/alire-crates-ci/test/5f655e40-67d4-410c-84fb-5572da83bba4/phcpack_2.4.88_e448e94a/src/Ada/Math_Lib/Polynomials/dobldobl_complex_laur_jacomats.ads
Source file time stamp: 2026-07-16 01:03:09
Compiled at: 2026-07-16 01:03:37
 25 lines: No errors
   [Ada]          dobldobl_complex_laur_sysfun.ads

GNAT 10.3.0
Copyright 1992-2020, Free Software Foundation, Inc.

Compiling: /home/runner/work/alire-crates-ci/alire-crates-ci/test/5f655e40-67d4-410c-84fb-5572da83bba4/phcpack_2.4.88_e448e94a/src/Ada/Math_Lib/Functions/dobldobl_complex_laur_functions.ads
Source file time stamp: 2026-07-16 01:03:09
Compiled at: 2026-07-16 01:03:37
 14 lines: No errors
   [Ada]          dobldobl_complex_laur_systems.ads

GNAT 10.3.0
Copyright 1992-2020, Free Software Foundation, Inc.

Compiling: /home/runner/work/alire-crates-ci/alire-crates-ci/test/5f655e40-67d4-410c-84fb-5572da83bba4/phcpack_2.4.88_e448e94a/src/Ada/Math_Lib/Functions/dobldobl_complex_laur_sysfun.ads
Source file time stamp: 2026-07-16 01:03:09
Compiled at: 2026-07-16 01:03:38
 21 lines: No errors
   [Ada]          dobldobl_complex_poly_systems_io.adb

GNAT 10.3.0
Copyright 1992-2020, Free Software Foundation, Inc.

Compiling: /home/runner/work/alire-crates-ci/alire-crates-ci/test/5f655e40-67d4-410c-84fb-5572da83bba4/phcpack_2.4.88_e448e94a/src/Ada/Math_Lib/Polynomials/dobldobl_complex_laur_systems.ads
Source file time stamp: 2026-07-16 01:03:09
Compiled at: 2026-07-16 01:03:38
 10 lines: No errors
   [Ada]          dobldobl_complex_polynomials.ads

GNAT 10.3.0
Copyright 1992-2020, Free Software Foundation, Inc.

Compiling: /home/runner/work/alire-crates-ci/alire-crates-ci/test/5f655e40-67d4-410c-84fb-5572da83bba4/phcpack_2.4.88_e448e94a/src/Ada/Math_Lib/Polynomials/dobldobl_complex_poly_systems_io.adb
Source file time stamp: 2026-07-16 01:03:09
Compiled at: 2026-07-16 01:03:38
 126 lines: No errors
   [Ada]          dobldobl_complex_vecvecs.ads

GNAT 10.3.0
Copyright 1992-2020, Free Software Foundation, Inc.

Compiling: /home/runner/work/alire-crates-ci/alire-crates-ci/test/5f655e40-67d4-410c-84fb-5572da83bba4/phcpack_2.4.88_e448e94a/src/Ada/Math_Lib/Vectors/dobldobl_complex_vecvecs.ads
Source file time stamp: 2026-07-16 01:03:10
Compiled at: 2026-07-16 01:03:38
 9 lines: No errors
   [Ada]          dobldobl_poly_laur_convertors.adb

GNAT 10.3.0
Copyright 1992-2020, Free Software Foundation, Inc.

Compiling: /home/runner/work/alire-crates-ci/alire-crates-ci/test/5f655e40-67d4-410c-84fb-5572da83bba4/phcpack_2.4.88_e448e94a/src/Ada/Math_Lib/Polynomials/dobldobl_poly_laur_convertors.adb
Source file time stamp: 2026-07-16 01:03:09
Compiled at: 2026-07-16 01:03:38
 47 lines: No errors
   [Ada]          dobldobl_polyhedral_continuation.adb

GNAT 10.3.0
Copyright 1992-2020, Free Software Foundation, Inc.

Compiling: /home/runner/work/alire-crates-ci/alire-crates-ci/test/5f655e40-67d4-410c-84fb-5572da83bba4/phcpack_2.4.88_e448e94a/src/Ada/Math_Lib/Polynomials/dobldobl_complex_polynomials.ads
Source file time stamp: 2026-07-16 01:03:09
Compiled at: 2026-07-16 01:03:38
 8 lines: No errors
   [Ada]          dobldobl_simpomial_solvers.adb

GNAT 10.3.0
Copyright 1992-2020, Free Software Foundation, Inc.

Compiling: /home/runner/work/alire-crates-ci/alire-crates-ci/test/5f655e40-67d4-410c-84fb-5572da83bba4/phcpack_2.4.88_e448e94a/src/Ada/Root_Counts/Binomials/dobldobl_simpomial_solvers.adb
Source file time stamp: 2026-07-16 01:03:10
Compiled at: 2026-07-16 01:03:39
 469 lines: No errors
   [Ada]          dobldobl_stable_homotopies.adb

GNAT 10.3.0
Copyright 1992-2020, Free Software Foundation, Inc.

Compiling: /home/runner/work/alire-crates-ci/alire-crates-ci/test/5f655e40-67d4-410c-84fb-5572da83bba4/phcpack_2.4.88_e448e94a/src/Ada/Deformations/Homotopy/dobldobl_stable_homotopies.adb
Source file time stamp: 2026-07-16 01:03:09
Compiled at: 2026-07-16 01:03:39
 388 lines: No errors
   [Ada]          exponent_vectors.adb

GNAT 10.3.0
Copyright 1992-2020, Free Software Foundation, Inc.

Compiling: /home/runner/work/alire-crates-ci/alire-crates-ci/test/5f655e40-67d4-410c-84fb-5572da83bba4/phcpack_2.4.88_e448e94a/src/Ada/Math_Lib/Functions/exponent_vectors.adb
Source file time stamp: 2026-07-16 01:03:09
Compiled at: 2026-07-16 01:03:39
 350 lines: No errors
   [Ada]          floating_polyhedral_continuation.adb

GNAT 10.3.0
Copyright 1992-2020, Free Software Foundation, Inc.

Compiling: /home/runner/work/alire-crates-ci/alire-crates-ci/test/5f655e40-67d4-410c-84fb-5572da83bba4/phcpack_2.4.88_e448e94a/src/Ada/Root_Counts/Stalift/dobldobl_polyhedral_continuation.adb
Source file time stamp: 2026-07-16 01:03:10
Compiled at: 2026-07-16 01:03:38
 530 lines: No errors
   [Ada]          mixed_volume_computation.adb

GNAT 10.3.0
Copyright 1992-2020, Free Software Foundation, Inc.

Compiling: /home/runner/work/alire-crates-ci/alire-crates-ci/test/5f655e40-67d4-410c-84fb-5572da83bba4/phcpack_2.4.88_e448e94a/src/Ada/Root_Counts/Stalift/mixed_volume_computation.adb
Source file time stamp: 2026-07-16 01:03:10
Compiled at: 2026-07-16 01:03:41
 635 lines: No errors
   [Ada]          quaddobl_complex_laur_functions.ads

GNAT 10.3.0
Copyright 1992-2020, Free Software Foundation, Inc.

Compiling: /home/runner/work/alire-crates-ci/alire-crates-ci/test/5f655e40-67d4-410c-84fb-5572da83bba4/phcpack_2.4.88_e448e94a/src/Ada/Math_Lib/Functions/quaddobl_complex_laur_functions.ads
Source file time stamp: 2026-07-16 01:03:09
Compiled at: 2026-07-16 01:03:41
 14 lines: No errors
   [Ada]          quaddobl_complex_laur_jacomats.ads

GNAT 10.3.0
Copyright 1992-2020, Free Software Foundation, Inc.

Compiling: /home/runner/work/alire-crates-ci/alire-crates-ci/test/5f655e40-67d4-410c-84fb-5572da83bba4/phcpack_2.4.88_e448e94a/src/Ada/Math_Lib/Polynomials/quaddobl_complex_laur_jacomats.ads
Source file time stamp: 2026-07-16 01:03:09
Compiled at: 2026-07-16 01:03:42
 25 lines: No errors
   [Ada]          quaddobl_complex_laur_sysfun.ads

GNAT 10.3.0
Copyright 1992-2020, Free Software Foundation, Inc.

Compiling: /home/runner/work/alire-crates-ci/alire-crates-ci/test/5f655e40-67d4-410c-84fb-5572da83bba4/phcpack_2.4.88_e448e94a/src/Ada/Math_Lib/Functions/quaddobl_complex_laur_sysfun.ads
Source file time stamp: 2026-07-16 01:03:09
Compiled at: 2026-07-16 01:03:42
 21 lines: No errors
   [Ada]          quaddobl_complex_laur_systems.ads

GNAT 10.3.0
Copyright 1992-2020, Free Software Foundation, Inc.

Compiling: /home/runner/work/alire-crates-ci/alire-crates-ci/test/5f655e40-67d4-410c-84fb-5572da83bba4/phcpack_2.4.88_e448e94a/src/Ada/Math_Lib/Polynomials/quaddobl_complex_laur_systems.ads
Source file time stamp: 2026-07-16 01:03:09
Compiled at: 2026-07-16 01:03:42
 10 lines: No errors
   [Ada]          quaddobl_complex_poly_systems_io.adb

GNAT 10.3.0
Copyright 1992-2020, Free Software Foundation, Inc.

Compiling: /home/runner/work/alire-crates-ci/alire-crates-ci/test/5f655e40-67d4-410c-84fb-5572da83bba4/phcpack_2.4.88_e448e94a/src/Ada/Math_Lib/Polynomials/quaddobl_complex_poly_systems_io.adb
Source file time stamp: 2026-07-16 01:03:09
Compiled at: 2026-07-16 01:03:43
 126 lines: No errors
   [Ada]          quaddobl_complex_polynomials.ads

GNAT 10.3.0
Copyright 1992-2020, Free Software Foundation, Inc.

Compiling: /home/runner/work/alire-crates-ci/alire-crates-ci/test/5f655e40-67d4-410c-84fb-5572da83bba4/phcpack_2.4.88_e448e94a/src/Ada/Root_Counts/Stalift/floating_polyhedral_continuation.adb
Source file time stamp: 2026-07-16 01:03:10
Compiled at: 2026-07-16 01:03:40
 556 lines: No errors
   [Ada]          quaddobl_complex_vecvecs.ads

GNAT 10.3.0
Copyright 1992-2020, Free Software Foundation, Inc.

Compiling: /home/runner/work/alire-crates-ci/alire-crates-ci/test/5f655e40-67d4-410c-84fb-5572da83bba4/phcpack_2.4.88_e448e94a/src/Ada/Math_Lib/Polynomials/quaddobl_complex_polynomials.ads
Source file time stamp: 2026-07-16 01:03:09
Compiled at: 2026-07-16 01:03:43
 8 lines: No errors
   [Ada]          quaddobl_poly_laur_convertors.adb

GNAT 10.3.0
Copyright 1992-2020, Free Software Foundation, Inc.

Compiling: /home/runner/work/alire-crates-ci/alire-crates-ci/test/5f655e40-67d4-410c-84fb-5572da83bba4/phcpack_2.4.88_e448e94a/src/Ada/Math_Lib/Polynomials/quaddobl_poly_laur_convertors.adb
Source file time stamp: 2026-07-16 01:03:09
Compiled at: 2026-07-16 01:03:43
 47 lines: No errors
   [Ada]          quaddobl_polyhedral_continuation.adb

GNAT 10.3.0
Copyright 1992-2020, Free Software Foundation, Inc.

Compiling: /home/runner/work/alire-crates-ci/alire-crates-ci/test/5f655e40-67d4-410c-84fb-5572da83bba4/phcpack_2.4.88_e448e94a/src/Ada/Math_Lib/Vectors/quaddobl_complex_vecvecs.ads
Source file time stamp: 2026-07-16 01:03:10
Compiled at: 2026-07-16 01:03:43
 9 lines: No errors
   [Ada]          quaddobl_simpomial_solvers.adb

GNAT 10.3.0
Copyright 1992-2020, Free Software Foundation, Inc.

Compiling: /home/runner/work/alire-crates-ci/alire-crates-ci/test/5f655e40-67d4-410c-84fb-5572da83bba4/phcpack_2.4.88_e448e94a/src/Ada/Root_Counts/Binomials/quaddobl_simpomial_solvers.adb
Source file time stamp: 2026-07-16 01:03:10
Compiled at: 2026-07-16 01:03:44
 469 lines: No errors
   [Ada]          quaddobl_stable_homotopies.adb

GNAT 10.3.0
Copyright 1992-2020, Free Software Foundation, Inc.

Compiling: /home/runner/work/alire-crates-ci/alire-crates-ci/test/5f655e40-67d4-410c-84fb-5572da83bba4/phcpack_2.4.88_e448e94a/src/Ada/Deformations/Homotopy/quaddobl_stable_homotopies.adb
Source file time stamp: 2026-07-16 01:03:09
Compiled at: 2026-07-16 01:03:44
 388 lines: No errors
   [Ada]          random_coefficient_systems.adb

GNAT 10.3.0
Copyright 1992-2020, Free Software Foundation, Inc.

Compiling: /home/runner/work/alire-crates-ci/alire-crates-ci/test/5f655e40-67d4-410c-84fb-5572da83bba4/phcpack_2.4.88_e448e94a/src/Ada/Root_Counts/Stalift/random_coefficient_systems.adb
Source file time stamp: 2026-07-16 01:03:10
Compiled at: 2026-07-16 01:03:44
 917 lines: No errors
   [Ada]          standard_complex_laur_functions.ads

GNAT 10.3.0
Copyright 1992-2020, Free Software Foundation, Inc.

Compiling: /home/runner/work/alire-crates-ci/alire-crates-ci/test/5f655e40-67d4-410c-84fb-5572da83bba4/phcpack_2.4.88_e448e94a/src/Ada/Math_Lib/Functions/standard_complex_laur_functions.ads
Source file time stamp: 2026-07-16 01:03:09
Compiled at: 2026-07-16 01:03:45
 14 lines: No errors
   [Ada]          standard_complex_laur_jacomats.ads

GNAT 10.3.0
Copyright 1992-2020, Free Software Foundation, Inc.

Compiling: /home/runner/work/alire-crates-ci/alire-crates-ci/test/5f655e40-67d4-410c-84fb-5572da83bba4/phcpack_2.4.88_e448e94a/src/Ada/Root_Counts/Stalift/quaddobl_polyhedral_continuation.adb
Source file time stamp: 2026-07-16 01:03:10
Compiled at: 2026-07-16 01:03:43
 530 lines: No errors
   [Ada]          standard_complex_laur_sysfun.ads

GNAT 10.3.0
Copyright 1992-2020, Free Software Foundation, Inc.

Compiling: /home/runner/work/alire-crates-ci/alire-crates-ci/test/5f655e40-67d4-410c-84fb-5572da83bba4/phcpack_2.4.88_e448e94a/src/Ada/Math_Lib/Polynomials/standard_complex_laur_jacomats.ads
Source file time stamp: 2026-07-16 01:03:09
Compiled at: 2026-07-16 01:03:45
 25 lines: No errors
   [Ada]          standard_complex_poly_systems_io.adb

GNAT 10.3.0
Copyright 1992-2020, Free Software Foundation, Inc.

Compiling: /home/runner/work/alire-crates-ci/alire-crates-ci/test/5f655e40-67d4-410c-84fb-5572da83bba4/phcpack_2.4.88_e448e94a/src/Ada/Math_Lib/Functions/standard_complex_laur_sysfun.ads
Source file time stamp: 2026-07-16 01:03:09
Compiled at: 2026-07-16 01:03:46
 21 lines: No errors
   [Ada]          standard_complex_vecvecs.ads

GNAT 10.3.0
Copyright 1992-2020, Free Software Foundation, Inc.

Compiling: /home/runner/work/alire-crates-ci/alire-crates-ci/test/5f655e40-67d4-410c-84fb-5572da83bba4/phcpack_2.4.88_e448e94a/src/Ada/Math_Lib/Vectors/standard_complex_vecvecs.ads
Source file time stamp: 2026-07-16 01:03:10
Compiled at: 2026-07-16 01:03:46
 9 lines: No errors
   [Ada]          standard_simpomial_solvers.adb

GNAT 10.3.0
Copyright 1992-2020, Free Software Foundation, Inc.

Compiling: /home/runner/work/alire-crates-ci/alire-crates-ci/test/5f655e40-67d4-410c-84fb-5572da83bba4/phcpack_2.4.88_e448e94a/src/Ada/Math_Lib/Polynomials/standard_complex_poly_systems_io.adb
Source file time stamp: 2026-07-16 01:03:09
Compiled at: 2026-07-16 01:03:46
 493 lines: No errors
   [Ada]          standard_stable_homotopies.adb

GNAT 10.3.0
Copyright 1992-2020, Free Software Foundation, Inc.

Compiling: /home/runner/work/alire-crates-ci/alire-crates-ci/test/5f655e40-67d4-410c-84fb-5572da83bba4/phcpack_2.4.88_e448e94a/src/Ada/Root_Counts/Binomials/standard_simpomial_solvers.adb
Source file time stamp: 2026-07-16 01:03:10
Compiled at: 2026-07-16 01:03:46
 469 lines: No errors
   [Ada]          supports_of_polynomial_systems.adb

GNAT 10.3.0
Copyright 1992-2020, Free Software Foundation, Inc.

Compiling: /home/runner/work/alire-crates-ci/alire-crates-ci/test/5f655e40-67d4-410c-84fb-5572da83bba4/phcpack_2.4.88_e448e94a/src/Ada/Deformations/Homotopy/standard_stable_homotopies.adb
Source file time stamp: 2026-07-16 01:03:09
Compiled at: 2026-07-16 01:03:46
 377 lines: No errors
   [Ada]          transforming_laurent_systems.adb

GNAT 10.3.0
Copyright 1992-2020, Free Software Foundation, Inc.

Compiling: /home/runner/work/alire-crates-ci/alire-crates-ci/test/5f655e40-67d4-410c-84fb-5572da83bba4/phcpack_2.4.88_e448e94a/src/Ada/Root_Counts/Implift/transforming_laurent_systems.adb
Source file time stamp: 2026-07-16 01:03:10
Compiled at: 2026-07-16 01:03:47
 682 lines: No errors
   [Ada]          dobldobl_complex_poly_systems.ads

GNAT 10.3.0
Copyright 1992-2020, Free Software Foundation, Inc.

Compiling: /home/runner/work/alire-crates-ci/alire-crates-ci/test/5f655e40-67d4-410c-84fb-5572da83bba4/phcpack_2.4.88_e448e94a/src/Ada/Math_Lib/Polynomials/dobldobl_complex_poly_systems.ads
Source file time stamp: 2026-07-16 01:03:09
Compiled at: 2026-07-16 01:03:47
 10 lines: No errors
   [Ada]          dobldobl_complex_solutions.adb

GNAT 10.3.0
Copyright 1992-2020, Free Software Foundation, Inc.

Compiling: /home/runner/work/alire-crates-ci/alire-crates-ci/test/5f655e40-67d4-410c-84fb-5572da83bba4/phcpack_2.4.88_e448e94a/src/Ada/CtoPHC/State/phcpack_operations.adb
Source file time stamp: 2026-07-16 01:03:10
Compiled at: 2026-07-16 01:03:16
 3308 lines: No errors
   [Ada]          quaddobl_complex_poly_systems.ads

GNAT 10.3.0
Copyright 1992-2020, Free Software Foundation, Inc.

Compiling: /home/runner/work/alire-crates-ci/alire-crates-ci/test/5f655e40-67d4-410c-84fb-5572da83bba4/phcpack_2.4.88_e448e94a/src/Ada/Deformations/Solutions/dobldobl_complex_solutions.adb
Source file time stamp: 2026-07-16 01:03:09
Compiled at: 2026-07-16 01:03:47
 702 lines: No errors
   [Ada]          quaddobl_complex_solutions.adb

GNAT 10.3.0
Copyright 1992-2020, Free Software Foundation, Inc.

Compiling: /home/runner/work/alire-crates-ci/alire-crates-ci/test/5f655e40-67d4-410c-84fb-5572da83bba4/phcpack_2.4.88_e448e94a/src/Ada/Root_Counts/Implift/supports_of_polynomial_systems.adb
Source file time stamp: 2026-07-16 01:03:10
Compiled at: 2026-07-16 01:03:47
 1316 lines: No errors
   [Ada]          standard_integer_ring.ads

GNAT 10.3.0
Copyright 1992-2020, Free Software Foundation, Inc.

Compiling: /home/runner/work/alire-crates-ci/alire-crates-ci/test/5f655e40-67d4-410c-84fb-5572da83bba4/phcpack_2.4.88_e448e94a/src/Ada/Math_Lib/Numbers/standard_integer_ring.ads
Source file time stamp: 2026-07-16 01:03:09
Compiled at: 2026-07-16 01:03:48
 9 lines: No errors
   [Ada]          standard_complex_jaco_matrices.ads

GNAT 10.3.0
Copyright 1992-2020, Free Software Foundation, Inc.

Compiling: /home/runner/work/alire-crates-ci/alire-crates-ci/test/5f655e40-67d4-410c-84fb-5572da83bba4/phcpack_2.4.88_e448e94a/src/Ada/Math_Lib/Polynomials/quaddobl_complex_poly_systems.ads
Source file time stamp: 2026-07-16 01:03:09
Compiled at: 2026-07-16 01:03:48
 10 lines: No errors
   [Ada]          standard_complex_poly_sysfun.ads

GNAT 10.3.0
Copyright 1992-2020, Free Software Foundation, Inc.

Compiling: /home/runner/work/alire-crates-ci/alire-crates-ci/test/5f655e40-67d4-410c-84fb-5572da83bba4/phcpack_2.4.88_e448e94a/src/Ada/Deformations/Solutions/quaddobl_complex_solutions.adb
Source file time stamp: 2026-07-16 01:03:09
Compiled at: 2026-07-16 01:03:48
 702 lines: No errors
   [Ada]          phcpack_operations_io.adb

GNAT 10.3.0
Copyright 1992-2020, Free Software Foundation, Inc.

Compiling: /home/runner/work/alire-crates-ci/alire-crates-ci/test/5f655e40-67d4-410c-84fb-5572da83bba4/phcpack_2.4.88_e448e94a/src/Ada/Math_Lib/Functions/standard_complex_poly_sysfun.ads
Source file time stamp: 2026-07-16 01:03:09
Compiled at: 2026-07-16 01:03:48
 19 lines: No errors
   [Ada]          continuation_parameters.adb

GNAT 10.3.0
Copyright 1992-2020, Free Software Foundation, Inc.

Compiling: /home/runner/work/alire-crates-ci/alire-crates-ci/test/5f655e40-67d4-410c-84fb-5572da83bba4/phcpack_2.4.88_e448e94a/src/Ada/Deformations/Continuation/continuation_parameters.adb
Source file time stamp: 2026-07-16 01:03:09
Compiled at: 2026-07-16 01:03:48
 149 lines: No errors
   [Ada]          continuation_parameters_io.adb

GNAT 10.3.0
Copyright 1992-2020, Free Software Foundation, Inc.

Compiling: /home/runner/work/alire-crates-ci/alire-crates-ci/test/5f655e40-67d4-410c-84fb-5572da83bba4/phcpack_2.4.88_e448e94a/src/Ada/Math_Lib/Polynomials/standard_complex_jaco_matrices.ads
Source file time stamp: 2026-07-16 01:03:09
Compiled at: 2026-07-16 01:03:48
 23 lines: No errors
   [Ada]          pack_continuation_parameters.adb

GNAT 10.3.0
Copyright 1992-2020, Free Software Foundation, Inc.

Compiling: /home/runner/work/alire-crates-ci/alire-crates-ci/test/5f655e40-67d4-410c-84fb-5572da83bba4/phcpack_2.4.88_e448e94a/src/Ada/Deformations/Continuation/pack_continuation_parameters.adb
Source file time stamp: 2026-07-16 01:03:09
Compiled at: 2026-07-16 01:03:48
 212 lines: No errors
   [Ada]          file_management.adb

GNAT 10.3.0
Copyright 1992-2020, Free Software Foundation, Inc.

Compiling: /home/runner/work/alire-crates-ci/alire-crates-ci/test/5f655e40-67d4-410c-84fb-5572da83bba4/phcpack_2.4.88_e448e94a/src/Ada/CtoPHC/Structures/file_management.adb
Source file time stamp: 2026-07-16 01:03:09
Compiled at: 2026-07-16 01:03:48
 126 lines: No errors
   [Ada]          standard_floating_numbers_io.adb

GNAT 10.3.0
Copyright 1992-2020, Free Software Foundation, Inc.

Compiling: /home/runner/work/alire-crates-ci/alire-crates-ci/test/5f655e40-67d4-410c-84fb-5572da83bba4/phcpack_2.4.88_e448e94a/src/Ada/Deformations/Continuation/continuation_parameters_io.adb
Source file time stamp: 2026-07-16 01:03:09
Compiled at: 2026-07-16 01:03:48
 644 lines: No errors
   [Ada]          dobldobl_deflation_methods.adb

GNAT 10.3.0
Copyright 1992-2020, Free Software Foundation, Inc.

Compiling: /home/runner/work/alire-crates-ci/alire-crates-ci/test/5f655e40-67d4-410c-84fb-5572da83bba4/phcpack_2.4.88_e448e94a/src/Ada/Deformations/Continuation/main_poly_continuation.adb
Source file time stamp: 2026-07-16 01:03:09
Compiled at: 2026-07-16 01:03:33
 1491 lines: No errors
   [Ada]          dobldobl_multiplicity_structure.adb

GNAT 10.3.0
Copyright 1992-2020, Free Software Foundation, Inc.

Compiling: /home/runner/work/alire-crates-ci/alire-crates-ci/test/5f655e40-67d4-410c-84fb-5572da83bba4/phcpack_2.4.88_e448e94a/src/Ada/Math_Lib/Numbers/standard_floating_numbers_io.adb
Source file time stamp: 2026-07-16 01:03:09
Compiled at: 2026-07-16 01:03:48
 118 lines: No errors
   [Ada]          dobldobl_polysys_container.adb

GNAT 10.3.0
Copyright 1992-2020, Free Software Foundation, Inc.

Compiling: /home/runner/work/alire-crates-ci/alire-crates-ci/test/5f655e40-67d4-410c-84fb-5572da83bba4/phcpack_2.4.88_e448e94a/src/Ada/CtoPHC/State/phcpack_operations_io.adb
Source file time stamp: 2026-07-16 01:03:09
Compiled at: 2026-07-16 01:03:48
 1548 lines: No errors
   [Ada]          dobldobl_solutions_container.adb

GNAT 10.3.0
Copyright 1992-2020, Free Software Foundation, Inc.

Compiling: /home/runner/work/alire-crates-ci/alire-crates-ci/test/5f655e40-67d4-410c-84fb-5572da83bba4/phcpack_2.4.88_e448e94a/src/Ada/Deformations/Newton/dobldobl_multiplicity_structure.adb
Source file time stamp: 2026-07-16 01:03:09
Compiled at: 2026-07-16 01:03:48
 186 lines: No errors
   [Ada]          quaddobl_deflation_methods.adb

GNAT 10.3.0
Copyright 1992-2020, Free Software Foundation, Inc.

Compiling: /home/runner/work/alire-crates-ci/alire-crates-ci/test/5f655e40-67d4-410c-84fb-5572da83bba4/phcpack_2.4.88_e448e94a/src/Ada/CtoPHC/Structures/dobldobl_polysys_container.adb
Source file time stamp: 2026-07-16 01:03:09
Compiled at: 2026-07-16 01:03:48
 169 lines: No errors
   [Ada]          quaddobl_multiplicity_structure.adb

GNAT 10.3.0
Copyright 1992-2020, Free Software Foundation, Inc.

Compiling: /home/runner/work/alire-crates-ci/alire-crates-ci/test/5f655e40-67d4-410c-84fb-5572da83bba4/phcpack_2.4.88_e448e94a/src/Ada/CtoPHC/Structures/dobldobl_solutions_container.adb
Source file time stamp: 2026-07-16 01:03:09
Compiled at: 2026-07-16 01:03:49
 196 lines: No errors
   [Ada]          quaddobl_polysys_container.adb

GNAT 10.3.0
Copyright 1992-2020, Free Software Foundation, Inc.

Compiling: /home/runner/work/alire-crates-ci/alire-crates-ci/test/5f655e40-67d4-410c-84fb-5572da83bba4/phcpack_2.4.88_e448e94a/src/Ada/Deformations/Newton/quaddobl_multiplicity_structure.adb
Source file time stamp: 2026-07-16 01:03:09
Compiled at: 2026-07-16 01:03:49
 186 lines: No errors
   [Ada]          quaddobl_solutions_container.adb

GNAT 10.3.0
Copyright 1992-2020, Free Software Foundation, Inc.

Compiling: /home/runner/work/alire-crates-ci/alire-crates-ci/test/5f655e40-67d4-410c-84fb-5572da83bba4/phcpack_2.4.88_e448e94a/src/Ada/CtoPHC/Structures/quaddobl_solutions_container.adb
Source file time stamp: 2026-07-16 01:03:09
Compiled at: 2026-07-16 01:03:49
 196 lines: No errors
   [Ada]          standard_deflation_methods.adb

GNAT 10.3.0
Copyright 1992-2020, Free Software Foundation, Inc.

Compiling: /home/runner/work/alire-crates-ci/alire-crates-ci/test/5f655e40-67d4-410c-84fb-5572da83bba4/phcpack_2.4.88_e448e94a/src/Ada/CtoPHC/Structures/quaddobl_polysys_container.adb
Source file time stamp: 2026-07-16 01:03:09
Compiled at: 2026-07-16 01:03:49
 169 lines: No errors
   [Ada]          standard_multiplicity_structure.adb

GNAT 10.3.0
Copyright 1992-2020, Free Software Foundation, Inc.

Compiling: /home/runner/work/alire-crates-ci/alire-crates-ci/test/5f655e40-67d4-410c-84fb-5572da83bba4/phcpack_2.4.88_e448e94a/src/Ada/Deformations/Newton/standard_multiplicity_structure.adb
Source file time stamp: 2026-07-16 01:03:09
Compiled at: 2026-07-16 01:03:49
 184 lines: No errors
   [Ada]          standard_solutions_container.adb

GNAT 10.3.0
Copyright 1992-2020, Free Software Foundation, Inc.

Compiling: /home/runner/work/alire-crates-ci/alire-crates-ci/test/5f655e40-67d4-410c-84fb-5572da83bba4/phcpack_2.4.88_e448e94a/src/Ada/CtoPHC/Structures/standard_solutions_container.adb
Source file time stamp: 2026-07-16 01:03:09
Compiled at: 2026-07-16 01:03:49
 240 lines: No errors
   [Ada]          multprec_complex_poly_strings.adb

GNAT 10.3.0
Copyright 1992-2020, Free Software Foundation, Inc.

Compiling: /home/runner/work/alire-crates-ci/alire-crates-ci/test/5f655e40-67d4-410c-84fb-5572da83bba4/phcpack_2.4.88_e448e94a/src/Ada/Deformations/Newton/dobldobl_deflation_methods.adb
Source file time stamp: 2026-07-16 01:03:09
Compiled at: 2026-07-16 01:03:48
 1348 lines: No errors
   [Ada]          multprec_complex_poly_systems.ads

GNAT 10.3.0
Copyright 1992-2020, Free Software Foundation, Inc.

Compiling: /home/runner/work/alire-crates-ci/alire-crates-ci/test/5f655e40-67d4-410c-84fb-5572da83bba4/phcpack_2.4.88_e448e94a/src/Ada/Math_Lib/Polynomials/multprec_complex_poly_systems.ads
Source file time stamp: 2026-07-16 01:03:09
Compiled at: 2026-07-16 01:03:50
 10 lines: No errors
   [Ada]          multprec_complex_poly_systems_io.adb

GNAT 10.3.0
Copyright 1992-2020, Free Software Foundation, Inc.

Compiling: /home/runner/work/alire-crates-ci/alire-crates-ci/test/5f655e40-67d4-410c-84fb-5572da83bba4/phcpack_2.4.88_e448e94a/src/Ada/Deformations/Newton/quaddobl_deflation_methods.adb
Source file time stamp: 2026-07-16 01:03:09
Compiled at: 2026-07-16 01:03:49
 1348 lines: No errors
   [Ada]          multprec_complex_polynomials.ads

GNAT 10.3.0
Copyright 1992-2020, Free Software Foundation, Inc.

Compiling: /home/runner/work/alire-crates-ci/alire-crates-ci/test/5f655e40-67d4-410c-84fb-5572da83bba4/phcpack_2.4.88_e448e94a/src/Ada/Math_Lib/Polynomials/multprec_complex_poly_systems_io.adb
Source file time stamp: 2026-07-16 01:03:09
Compiled at: 2026-07-16 01:03:50
 266 lines: No errors
   [Ada]          multprec_complex_polynomials_io.adb

GNAT 10.3.0
Copyright 1992-2020, Free Software Foundation, Inc.

Compiling: /home/runner/work/alire-crates-ci/alire-crates-ci/test/5f655e40-67d4-410c-84fb-5572da83bba4/phcpack_2.4.88_e448e94a/src/Ada/Math_Lib/Polynomials/multprec_complex_poly_strings.adb
Source file time stamp: 2026-07-16 01:03:10
Compiled at: 2026-07-16 01:03:49
 1198 lines: No errors
   [Ada]          multprec_floating_numbers.adb

GNAT 10.3.0
Copyright 1992-2020, Free Software Foundation, Inc.

Compiling: /home/runner/work/alire-crates-ci/alire-crates-ci/test/5f655e40-67d4-410c-84fb-5572da83bba4/phcpack_2.4.88_e448e94a/src/Ada/Deformations/Newton/standard_deflation_methods.adb
Source file time stamp: 2026-07-16 01:03:09
Compiled at: 2026-07-16 01:03:49
 1339 lines: No errors
   [Ada]          multprec_polysys_container.adb

GNAT 10.3.0
Copyright 1992-2020, Free Software Foundation, Inc.

Compiling: /home/runner/work/alire-crates-ci/alire-crates-ci/test/5f655e40-67d4-410c-84fb-5572da83bba4/phcpack_2.4.88_e448e94a/src/Ada/Math_Lib/Polynomials/multprec_complex_polynomials_io.adb
Source file time stamp: 2026-07-16 01:03:09
Compiled at: 2026-07-16 01:03:50

   558.     put_terms(file,p,dp);
            |
        >>> warning: infinite recursion
        >>> warning: Storage_Error will be raised at run time
 638 lines: No errors, 2 warnings
   [Ada]          symbol_table.adb

GNAT 10.3.0
Copyright 1992-2020, Free Software Foundation, Inc.

Compiling: /home/runner/work/alire-crates-ci/alire-crates-ci/test/5f655e40-67d4-410c-84fb-5572da83bba4/phcpack_2.4.88_e448e94a/src/Ada/CtoPHC/Structures/multprec_polysys_container.adb
Source file time stamp: 2026-07-16 01:03:09
Compiled at: 2026-07-16 01:03:50
 169 lines: No errors
   [Ada]          dobldobl_laursys_container.adb

GNAT 10.3.0
Copyright 1992-2020, Free Software Foundation, Inc.

Compiling: /home/runner/work/alire-crates-ci/alire-crates-ci/test/5f655e40-67d4-410c-84fb-5572da83bba4/phcpack_2.4.88_e448e94a/src/Ada/Math_Lib/Polynomials/multprec_complex_polynomials.ads
Source file time stamp: 2026-07-16 01:03:09
Compiled at: 2026-07-16 01:03:50
 8 lines: No errors
   [Ada]          multprec_complex_solutions.adb

GNAT 10.3.0
Copyright 1992-2020, Free Software Foundation, Inc.

Compiling: /home/runner/work/alire-crates-ci/alire-crates-ci/test/5f655e40-67d4-410c-84fb-5572da83bba4/phcpack_2.4.88_e448e94a/src/Ada/Math_Lib/Polynomials/symbol_table.adb
Source file time stamp: 2026-07-16 01:03:09
Compiled at: 2026-07-16 01:03:51
 369 lines: No errors
   [Ada]          multprec_solutions_container.adb

GNAT 10.3.0
Copyright 1992-2020, Free Software Foundation, Inc.

Compiling: /home/runner/work/alire-crates-ci/alire-crates-ci/test/5f655e40-67d4-410c-84fb-5572da83bba4/phcpack_2.4.88_e448e94a/src/Ada/CtoPHC/Structures/dobldobl_laursys_container.adb
Source file time stamp: 2026-07-16 01:03:09
Compiled at: 2026-07-16 01:03:51
 165 lines: No errors
   [Ada]          quaddobl_laursys_container.adb

GNAT 10.3.0
Copyright 1992-2020, Free Software Foundation, Inc.

Compiling: /home/runner/work/alire-crates-ci/alire-crates-ci/test/5f655e40-67d4-410c-84fb-5572da83bba4/phcpack_2.4.88_e448e94a/src/Ada/CtoPHC/Structures/multprec_solutions_container.adb
Source file time stamp: 2026-07-16 01:03:09
Compiled at: 2026-07-16 01:03:51
 200 lines: No errors
   [Ada]          black_box_polyhedral_solvers.adb

GNAT 10.3.0
Copyright 1992-2020, Free Software Foundation, Inc.

Compiling: /home/runner/work/alire-crates-ci/alire-crates-ci/test/5f655e40-67d4-410c-84fb-5572da83bba4/phcpack_2.4.88_e448e94a/src/Ada/CtoPHC/Structures/quaddobl_laursys_container.adb
Source file time stamp: 2026-07-16 01:03:09
Compiled at: 2026-07-16 01:03:51
 165 lines: No errors
   [Ada]          black_box_solvers.adb

GNAT 10.3.0
Copyright 1992-2020, Free Software Foundation, Inc.

Compiling: /home/runner/work/alire-crates-ci/alire-crates-ci/test/5f655e40-67d4-410c-84fb-5572da83bba4/phcpack_2.4.88_e448e94a/src/Ada/Deformations/Solutions/multprec_complex_solutions.adb
Source file time stamp: 2026-07-16 01:03:09
Compiled at: 2026-07-16 01:03:51
 660 lines: No errors
   [Ada]          dobldobl_laur_poly_convertors.adb

GNAT 10.3.0
Copyright 1992-2020, Free Software Foundation, Inc.

Compiling: /home/runner/work/alire-crates-ci/alire-crates-ci/test/5f655e40-67d4-410c-84fb-5572da83bba4/phcpack_2.4.88_e448e94a/src/Ada/Main/black_box_polyhedral_solvers.adb
Source file time stamp: 2026-07-16 01:03:09
Compiled at: 2026-07-16 01:03:51
 381 lines: No errors
   [Ada]          quaddobl_laur_poly_convertors.adb

GNAT 10.3.0
Copyright 1992-2020, Free Software Foundation, Inc.

Compiling: /home/runner/work/alire-crates-ci/alire-crates-ci/test/5f655e40-67d4-410c-84fb-5572da83bba4/phcpack_2.4.88_e448e94a/src/Ada/Math_Lib/Numbers/multprec_floating_numbers.adb
Source file time stamp: 2026-07-16 01:03:09
Compiled at: 2026-07-16 01:03:50
 1992 lines: No errors
   [Ada]          standard_circuit_makers.adb

GNAT 10.3.0
Copyright 1992-2020, Free Software Foundation, Inc.

Compiling: /home/runner/work/alire-crates-ci/alire-crates-ci/test/5f655e40-67d4-410c-84fb-5572da83bba4/phcpack_2.4.88_e448e94a/src/Ada/Math_Lib/Polynomials/dobldobl_laur_poly_convertors.adb
Source file time stamp: 2026-07-16 01:03:09
Compiled at: 2026-07-16 01:03:51
 163 lines: No errors
   [Ada]          standard_coefficient_circuits.adb

GNAT 10.3.0
Copyright 1992-2020, Free Software Foundation, Inc.

Compiling: /home/runner/work/alire-crates-ci/alire-crates-ci/test/5f655e40-67d4-410c-84fb-5572da83bba4/phcpack_2.4.88_e448e94a/src/Ada/Math_Lib/Polynomials/quaddobl_laur_poly_convertors.adb
Source file time stamp: 2026-07-16 01:03:09
Compiled at: 2026-07-16 01:03:51
 163 lines: No errors
   [Ada]          standard_condition_tables.adb

GNAT 10.3.0
Copyright 1992-2020, Free Software Foundation, Inc.

Compiling: /home/runner/work/alire-crates-ci/alire-crates-ci/test/5f655e40-67d4-410c-84fb-5572da83bba4/phcpack_2.4.88_e448e94a/src/Ada/Deformations/Solutions/standard_condition_tables.adb
Source file time stamp: 2026-07-16 01:03:09
Compiled at: 2026-07-16 01:03:51
 335 lines: No errors
   [Ada]          standard_refiner_circuits.adb

GNAT 10.3.0
Copyright 1992-2020, Free Software Foundation, Inc.

Compiling: /home/runner/work/alire-crates-ci/alire-crates-ci/test/5f655e40-67d4-410c-84fb-5572da83bba4/phcpack_2.4.88_e448e94a/src/Ada/Math_Lib/Circuits/standard_circuit_makers.adb
Source file time stamp: 2026-07-16 01:03:09
Compiled at: 2026-07-16 01:03:51
 759 lines: No errors
   [Ada]          multprec_complex_solutions_io.adb

GNAT 10.3.0
Copyright 1992-2020, Free Software Foundation, Inc.

Compiling: /home/runner/work/alire-crates-ci/alire-crates-ci/test/5f655e40-67d4-410c-84fb-5572da83bba4/phcpack_2.4.88_e448e94a/src/Ada/Deformations/Newton/standard_refiner_circuits.adb
Source file time stamp: 2026-07-16 01:03:09
Compiled at: 2026-07-16 01:03:51
 764 lines: No errors
   [Ada]          multprec_solution_strings.adb

GNAT 10.3.0
Copyright 1992-2020, Free Software Foundation, Inc.

Compiling: /home/runner/work/alire-crates-ci/alire-crates-ci/test/5f655e40-67d4-410c-84fb-5572da83bba4/phcpack_2.4.88_e448e94a/src/Ada/Deformations/Solutions/multprec_complex_solutions_io.adb
Source file time stamp: 2026-07-16 01:03:09
Compiled at: 2026-07-16 01:03:52
 623 lines: No errors
   [Ada]          multprec_system_and_solutions_io.adb

GNAT 10.3.0
Copyright 1992-2020, Free Software Foundation, Inc.

Compiling: /home/runner/work/alire-crates-ci/alire-crates-ci/test/5f655e40-67d4-410c-84fb-5572da83bba4/phcpack_2.4.88_e448e94a/src/Ada/Main/black_box_solvers.adb
Source file time stamp: 2026-07-16 01:03:09
Compiled at: 2026-07-16 01:03:51
 2269 lines: No errors
   [Ada]          assignments_of_solutions.adb

GNAT 10.3.0
Copyright 1992-2020, Free Software Foundation, Inc.

Compiling: /home/runner/work/alire-crates-ci/alire-crates-ci/test/5f655e40-67d4-410c-84fb-5572da83bba4/phcpack_2.4.88_e448e94a/src/Ada/Deformations/Solutions/multprec_system_and_solutions_io.adb
Source file time stamp: 2026-07-16 01:03:09
Compiled at: 2026-07-16 01:03:52
 187 lines: No errors
   [Ada]          dobldobl_complex_jaco_matrices.ads

GNAT 10.3.0
Copyright 1992-2020, Free Software Foundation, Inc.

Compiling: /home/runner/work/alire-crates-ci/alire-crates-ci/test/5f655e40-67d4-410c-84fb-5572da83bba4/phcpack_2.4.88_e448e94a/src/Ada/Deformations/Solutions/multprec_solution_strings.adb
Source file time stamp: 2026-07-16 01:03:09
Compiled at: 2026-07-16 01:03:52
 369 lines: No errors
   [Ada]          dobldobl_complex_poly_sysfun.ads

GNAT 10.3.0
Copyright 1992-2020, Free Software Foundation, Inc.

Compiling: /home/runner/work/alire-crates-ci/alire-crates-ci/test/5f655e40-67d4-410c-84fb-5572da83bba4/phcpack_2.4.88_e448e94a/src/Ada/Math_Lib/Functions/dobldobl_complex_poly_sysfun.ads
Source file time stamp: 2026-07-16 01:03:09
Compiled at: 2026-07-16 01:03:52
 19 lines: No errors
   [Ada]          dobldobl_root_refiners.adb

GNAT 10.3.0
Copyright 1992-2020, Free Software Foundation, Inc.

Compiling: /home/runner/work/alire-crates-ci/alire-crates-ci/test/5f655e40-67d4-410c-84fb-5572da83bba4/phcpack_2.4.88_e448e94a/src/Ada/CtoPHC/State/assignments_of_solutions.adb
Source file time stamp: 2026-07-16 01:03:09
Compiled at: 2026-07-16 01:03:52
 464 lines: No errors
   [Ada]          multprec_complex_jaco_matrices.ads

GNAT 10.3.0
Copyright 1992-2020, Free Software Foundation, Inc.

Compiling: /home/runner/work/alire-crates-ci/alire-crates-ci/test/5f655e40-67d4-410c-84fb-5572da83bba4/phcpack_2.4.88_e448e94a/src/Ada/Math_Lib/Polynomials/dobldobl_complex_jaco_matrices.ads
Source file time stamp: 2026-07-16 01:03:09
Compiled at: 2026-07-16 01:03:52
 23 lines: No errors
   [Ada]          multprec_complex_laur_jacomats.ads

GNAT 10.3.0
Copyright 1992-2020, Free Software Foundation, Inc.

Compiling: /home/runner/work/alire-crates-ci/alire-crates-ci/test/5f655e40-67d4-410c-84fb-5572da83bba4/phcpack_2.4.88_e448e94a/src/Ada/Math_Lib/Circuits/standard_coefficient_circuits.adb
Source file time stamp: 2026-07-16 01:03:09
Compiled at: 2026-07-16 01:03:51
 2426 lines: No errors
   [Ada]          multprec_complex_laur_sysfun.ads

GNAT 10.3.0
Copyright 1992-2020, Free Software Foundation, Inc.

Compiling: /home/runner/work/alire-crates-ci/alire-crates-ci/test/5f655e40-67d4-410c-84fb-5572da83bba4/phcpack_2.4.88_e448e94a/src/Ada/Math_Lib/Polynomials/multprec_complex_jaco_matrices.ads
Source file time stamp: 2026-07-16 01:03:09
Compiled at: 2026-07-16 01:03:53
 23 lines: No errors
   [Ada]          multprec_complex_laur_systems.ads

GNAT 10.3.0
Copyright 1992-2020, Free Software Foundation, Inc.

Compiling: /home/runner/work/alire-crates-ci/alire-crates-ci/test/5f655e40-67d4-410c-84fb-5572da83bba4/phcpack_2.4.88_e448e94a/src/Ada/Math_Lib/Polynomials/multprec_complex_laur_jacomats.ads
Source file time stamp: 2026-07-16 01:03:09
Compiled at: 2026-07-16 01:03:53
 25 lines: No errors
   [Ada]          multprec_complex_poly_sysfun.ads

GNAT 10.3.0
Copyright 1992-2020, Free Software Foundation, Inc.

Compiling: /home/runner/work/alire-crates-ci/alire-crates-ci/test/5f655e40-67d4-410c-84fb-5572da83bba4/phcpack_2.4.88_e448e94a/src/Ada/Math_Lib/Functions/multprec_complex_laur_sysfun.ads
Source file time stamp: 2026-07-16 01:03:09
Compiled at: 2026-07-16 01:03:53
 21 lines: No errors
   [Ada]          multprec_laursys_container.adb

GNAT 10.3.0
Copyright 1992-2020, Free Software Foundation, Inc.

Compiling: /home/runner/work/alire-crates-ci/alire-crates-ci/test/5f655e40-67d4-410c-84fb-5572da83bba4/phcpack_2.4.88_e448e94a/src/Ada/Math_Lib/Polynomials/multprec_complex_laur_systems.ads
Source file time stamp: 2026-07-16 01:03:09
Compiled at: 2026-07-16 01:03:53
 10 lines: No errors
   [Ada]          multprec_root_refiners.adb

GNAT 10.3.0
Copyright 1992-2020, Free Software Foundation, Inc.

Compiling: /home/runner/work/alire-crates-ci/alire-crates-ci/test/5f655e40-67d4-410c-84fb-5572da83bba4/phcpack_2.4.88_e448e94a/src/Ada/Math_Lib/Functions/multprec_complex_poly_sysfun.ads
Source file time stamp: 2026-07-16 01:03:09
Compiled at: 2026-07-16 01:03:53
 19 lines: No errors
   [Ada]          quaddobl_complex_jaco_matrices.ads

GNAT 10.3.0
Copyright 1992-2020, Free Software Foundation, Inc.

Compiling: /home/runner/work/alire-crates-ci/alire-crates-ci/test/5f655e40-67d4-410c-84fb-5572da83bba4/phcpack_2.4.88_e448e94a/src/Ada/CtoPHC/Structures/multprec_laursys_container.adb
Source file time stamp: 2026-07-16 01:03:09
Compiled at: 2026-07-16 01:03:53
 169 lines: No errors
   [Ada]          quaddobl_complex_poly_sysfun.ads

GNAT 10.3.0
Copyright 1992-2020, Free Software Foundation, Inc.

Compiling: /home/runner/work/alire-crates-ci/alire-crates-ci/test/5f655e40-67d4-410c-84fb-5572da83bba4/phcpack_2.4.88_e448e94a/src/Ada/Math_Lib/Functions/quaddobl_complex_poly_sysfun.ads
Source file time stamp: 2026-07-16 01:03:09
Compiled at: 2026-07-16 01:03:53
 19 lines: No errors
   [Ada]          quaddobl_root_refiners.adb

GNAT 10.3.0
Copyright 1992-2020, Free Software Foundation, Inc.

Compiling: /home/runner/work/alire-crates-ci/alire-crates-ci/test/5f655e40-67d4-410c-84fb-5572da83bba4/phcpack_2.4.88_e448e94a/src/Ada/Math_Lib/Polynomials/quaddobl_complex_jaco_matrices.ads
Source file time stamp: 2026-07-16 01:03:09
Compiled at: 2026-07-16 01:03:53
 23 lines: No errors
   [Ada]          solutions_pool.adb

GNAT 10.3.0
Copyright 1992-2020, Free Software Foundation, Inc.

Compiling: /home/runner/work/alire-crates-ci/alire-crates-ci/test/5f655e40-67d4-410c-84fb-5572da83bba4/phcpack_2.4.88_e448e94a/src/Ada/CtoPHC/Structures/solutions_pool.adb
Source file time stamp: 2026-07-16 01:03:09
Compiled at: 2026-07-16 01:03:54
 212 lines: No errors
   [Ada]          standard_root_refiners.adb

GNAT 10.3.0
Copyright 1992-2020, Free Software Foundation, Inc.

Compiling: /home/runner/work/alire-crates-ci/alire-crates-ci/test/5f655e40-67d4-410c-84fb-5572da83bba4/phcpack_2.4.88_e448e94a/src/Ada/Deformations/Newton/dobldobl_root_refiners.adb
Source file time stamp: 2026-07-16 01:03:10
Compiled at: 2026-07-16 01:03:53
 1899 lines: No errors
   [Ada]          standard_systems_pool.adb

GNAT 10.3.0
Copyright 1992-2020, Free Software Foundation, Inc.

Compiling: /home/runner/work/alire-crates-ci/alire-crates-ci/test/5f655e40-67d4-410c-84fb-5572da83bba4/phcpack_2.4.88_e448e94a/src/Ada/Deformations/Newton/multprec_root_refiners.adb
Source file time stamp: 2026-07-16 01:03:09
Compiled at: 2026-07-16 01:03:53
 903 lines: No errors
   [Ada]          verification_of_solutions.adb

GNAT 10.3.0
Copyright 1992-2020, Free Software Foundation, Inc.

Compiling: /home/runner/work/alire-crates-ci/alire-crates-ci/test/5f655e40-67d4-410c-84fb-5572da83bba4/phcpack_2.4.88_e448e94a/src/Ada/CtoPHC/Structures/standard_systems_pool.adb
Source file time stamp: 2026-07-16 01:03:09
Compiled at: 2026-07-16 01:03:54
 204 lines: No errors
   [Ada]          brackets.adb

GNAT 10.3.0
Copyright 1992-2020, Free Software Foundation, Inc.

Compiling: /home/runner/work/alire-crates-ci/alire-crates-ci/test/5f655e40-67d4-410c-84fb-5572da83bba4/phcpack_2.4.88_e448e94a/src/Ada/Schubert/SAGBI/brackets.adb
Source file time stamp: 2026-07-16 01:03:10
Compiled at: 2026-07-16 01:03:55
 203 lines: No errors
   [Ada]          complex_polynomial_matrices.adb

GNAT 10.3.0
Copyright 1992-2020, Free Software Foundation, Inc.

Compiling: /home/runner/work/alire-crates-ci/alire-crates-ci/test/5f655e40-67d4-410c-84fb-5572da83bba4/phcpack_2.4.88_e448e94a/src/Ada/Deformations/Newton/verification_of_solutions.adb
Source file time stamp: 2026-07-16 01:03:09
Compiled at: 2026-07-16 01:03:55
 266 lines: No errors
   [Ada]          complex_polynomial_matrices_io.adb

GNAT 10.3.0
Copyright 1992-2020, Free Software Foundation, Inc.

Compiling: /home/runner/work/alire-crates-ci/alire-crates-ci/test/5f655e40-67d4-410c-84fb-5572da83bba4/phcpack_2.4.88_e448e94a/src/Ada/CtoPHC/Funky/complex_polynomial_matrices_io.adb
Source file time stamp: 2026-07-16 01:03:09
Compiled at: 2026-07-16 01:03:55
 125 lines: No errors
   [Ada]          curves_into_grassmannian.adb

GNAT 10.3.0
Copyright 1992-2020, Free Software Foundation, Inc.

Compiling: /home/runner/work/alire-crates-ci/alire-crates-ci/test/5f655e40-67d4-410c-84fb-5572da83bba4/phcpack_2.4.88_e448e94a/src/Ada/CtoPHC/Funky/complex_polynomial_matrices.adb
Source file time stamp: 2026-07-16 01:03:09
Compiled at: 2026-07-16 01:03:55
 275 lines: No errors
   [Ada]          curves_into_grassmannian_io.adb

GNAT 10.3.0
Copyright 1992-2020, Free Software Foundation, Inc.

Compiling: /home/runner/work/alire-crates-ci/alire-crates-ci/test/5f655e40-67d4-410c-84fb-5572da83bba4/phcpack_2.4.88_e448e94a/src/Ada/Deformations/Newton/quaddobl_root_refiners.adb
Source file time stamp: 2026-07-16 01:03:10
Compiled at: 2026-07-16 01:03:54
 1876 lines: No errors
   [Ada]          deformation_posets.adb

GNAT 10.3.0
Copyright 1992-2020, Free Software Foundation, Inc.

Compiling: /home/runner/work/alire-crates-ci/alire-crates-ci/test/5f655e40-67d4-410c-84fb-5572da83bba4/phcpack_2.4.88_e448e94a/src/Ada/Schubert/Pieri/curves_into_grassmannian_io.adb
Source file time stamp: 2026-07-16 01:03:10
Compiled at: 2026-07-16 01:03:55
 82 lines: No errors
   [Ada]          determinantal_systems.adb

GNAT 10.3.0
Copyright 1992-2020, Free Software Foundation, Inc.

Compiling: /home/runner/work/alire-crates-ci/alire-crates-ci/test/5f655e40-67d4-410c-84fb-5572da83bba4/phcpack_2.4.88_e448e94a/src/Ada/Schubert/Pieri/curves_into_grassmannian.adb
Source file time stamp: 2026-07-16 01:03:10
Compiled at: 2026-07-16 01:03:55
 526 lines: No errors
   [Ada]          localization_posets.adb

GNAT 10.3.0
Copyright 1992-2020, Free Software Foundation, Inc.

Compiling: /home/runner/work/alire-crates-ci/alire-crates-ci/test/5f655e40-67d4-410c-84fb-5572da83bba4/phcpack_2.4.88_e448e94a/src/Ada/Schubert/Pieri/determinantal_systems.adb
Source file time stamp: 2026-07-16 01:03:10
Compiled at: 2026-07-16 01:03:56
 522 lines: No errors
   [Ada]          make_input_planes.adb

GNAT 10.3.0
Copyright 1992-2020, Free Software Foundation, Inc.

Compiling: /home/runner/work/alire-crates-ci/alire-crates-ci/test/5f655e40-67d4-410c-84fb-5572da83bba4/phcpack_2.4.88_e448e94a/src/Ada/Deformations/Newton/standard_root_refiners.adb
Source file time stamp: 2026-07-16 01:03:10
Compiled at: 2026-07-16 01:03:54
 2888 lines: No errors
   [Ada]          standard_complex_norms_equals.adb

GNAT 10.3.0
Copyright 1992-2020, Free Software Foundation, Inc.

Compiling: /home/runner/work/alire-crates-ci/alire-crates-ci/test/5f655e40-67d4-410c-84fb-5572da83bba4/phcpack_2.4.88_e448e94a/src/Ada/Math_Lib/Reduction/standard_complex_norms_equals.adb
Source file time stamp: 2026-07-16 01:03:09
Compiled at: 2026-07-16 01:03:57
 110 lines: No errors
   [Ada]          standard_complex_poly_matrices.ads

GNAT 10.3.0
Copyright 1992-2020, Free Software Foundation, Inc.

Compiling: /home/runner/work/alire-crates-ci/alire-crates-ci/test/5f655e40-67d4-410c-84fb-5572da83bba4/phcpack_2.4.88_e448e94a/src/Ada/Schubert/Pieri/make_input_planes.adb
Source file time stamp: 2026-07-16 01:03:10
Compiled at: 2026-07-16 01:03:56
 521 lines: No errors
   [Ada]          standard_complex_poly_matrices_io.ads

GNAT 10.3.0
Copyright 1992-2020, Free Software Foundation, Inc.

Compiling: /home/runner/work/alire-crates-ci/alire-crates-ci/test/5f655e40-67d4-410c-84fb-5572da83bba4/phcpack_2.4.88_e448e94a/src/Ada/Schubert/Pieri/localization_posets.adb
Source file time stamp: 2026-07-16 01:03:10
Compiled at: 2026-07-16 01:03:56
 1753 lines: No errors
   [Ada]          standard_complex_vecmats.ads

GNAT 10.3.0
Copyright 1992-2020, Free Software Foundation, Inc.

Compiling: /home/runner/work/alire-crates-ci/alire-crates-ci/test/5f655e40-67d4-410c-84fb-5572da83bba4/phcpack_2.4.88_e448e94a/src/Ada/Math_Lib/Polynomials/standard_complex_poly_matrices_io.ads
Source file time stamp: 2026-07-16 01:03:09
Compiled at: 2026-07-16 01:03:57
 12 lines: No errors
   [Ada]          standard_floating_matrices_io.ads

GNAT 10.3.0
Copyright 1992-2020, Free Software Foundation, Inc.

Compiling: /home/runner/work/alire-crates-ci/alire-crates-ci/test/5f655e40-67d4-410c-84fb-5572da83bba4/phcpack_2.4.88_e448e94a/src/Ada/Math_Lib/Matrices/standard_complex_vecmats.ads
Source file time stamp: 2026-07-16 01:03:09
Compiled at: 2026-07-16 01:03:57
 12 lines: No errors
   [Ada]          standard_homotopy.adb

GNAT 10.3.0
Copyright 1992-2020, Free Software Foundation, Inc.

Compiling: /home/runner/work/alire-crates-ci/alire-crates-ci/test/5f655e40-67d4-410c-84fb-5572da83bba4/phcpack_2.4.88_e448e94a/src/Ada/Math_Lib/Polynomials/standard_complex_poly_matrices.ads
Source file time stamp: 2026-07-16 01:03:09
Compiled at: 2026-07-16 01:03:57
 10 lines: No errors
   [Ada]          standard_incfix_continuation.adb

GNAT 10.3.0
Copyright 1992-2020, Free Software Foundation, Inc.

Compiling: /home/runner/work/alire-crates-ci/alire-crates-ci/test/5f655e40-67d4-410c-84fb-5572da83bba4/phcpack_2.4.88_e448e94a/src/Ada/Math_Lib/Matrices/standard_floating_matrices_io.ads
Source file time stamp: 2026-07-16 01:03:09
Compiled at: 2026-07-16 01:03:57
 12 lines: No errors
   [Ada]          standard_natural_matrices.ads

GNAT 10.3.0
Copyright 1992-2020, Free Software Foundation, Inc.

Compiling: /home/runner/work/alire-crates-ci/alire-crates-ci/test/5f655e40-67d4-410c-84fb-5572da83bba4/phcpack_2.4.88_e448e94a/src/Ada/Deformations/Continuation/standard_incfix_continuation.adb
Source file time stamp: 2026-07-16 01:03:09
Compiled at: 2026-07-16 01:03:57
 1348 lines: No errors
   [Ada]          standard_random_matrices.adb

GNAT 10.3.0
Copyright 1992-2020, Free Software Foundation, Inc.

Compiling: /home/runner/work/alire-crates-ci/alire-crates-ci/test/5f655e40-67d4-410c-84fb-5572da83bba4/phcpack_2.4.88_e448e94a/src/Ada/Schubert/Pieri/deformation_posets.adb
Source file time stamp: 2026-07-16 01:03:10
Compiled at: 2026-07-16 01:03:55
 2196 lines: No errors
   [Ada]          standard_random_vectors.adb

GNAT 10.3.0
Copyright 1992-2020, Free Software Foundation, Inc.

Compiling: /home/runner/work/alire-crates-ci/alire-crates-ci/test/5f655e40-67d4-410c-84fb-5572da83bba4/phcpack_2.4.88_e448e94a/src/Ada/Math_Lib/Matrices/standard_natural_matrices.ads
Source file time stamp: 2026-07-16 01:03:09
Compiled at: 2026-07-16 01:03:57
 10 lines: No errors
   [Ada]          verification_with_determinants.adb

GNAT 10.3.0
Copyright 1992-2020, Free Software Foundation, Inc.

Compiling: /home/runner/work/alire-crates-ci/alire-crates-ci/test/5f655e40-67d4-410c-84fb-5572da83bba4/phcpack_2.4.88_e448e94a/src/Ada/Math_Lib/Matrices/standard_random_matrices.adb
Source file time stamp: 2026-07-16 01:03:09
Compiled at: 2026-07-16 01:03:57
 203 lines: No errors
   [Ada]          verify_solution_maps.adb

GNAT 10.3.0
Copyright 1992-2020, Free Software Foundation, Inc.

Compiling: /home/runner/work/alire-crates-ci/alire-crates-ci/test/5f655e40-67d4-410c-84fb-5572da83bba4/phcpack_2.4.88_e448e94a/src/Ada/Math_Lib/Vectors/standard_random_vectors.adb
Source file time stamp: 2026-07-16 01:03:10
Compiled at: 2026-07-16 01:03:58
 119 lines: No errors
   [Ada]          parse_dimensions.adb

GNAT 10.3.0
Copyright 1992-2020, Free Software Foundation, Inc.

Compiling: /home/runner/work/alire-crates-ci/alire-crates-ci/test/5f655e40-67d4-410c-84fb-5572da83bba4/phcpack_2.4.88_e448e94a/src/Ada/Math_Lib/Polynomials/parse_dimensions.adb
Source file time stamp: 2026-07-16 01:03:09
Compiled at: 2026-07-16 01:03:58
 53 lines: No errors
   [Ada]          symbol_table_io.adb

GNAT 10.3.0
Copyright 1992-2020, Free Software Foundation, Inc.

Compiling: /home/runner/work/alire-crates-ci/alire-crates-ci/test/5f655e40-67d4-410c-84fb-5572da83bba4/phcpack_2.4.88_e448e94a/src/Ada/CtoPHC/Funky/verify_solution_maps.adb
Source file time stamp: 2026-07-16 01:03:09
Compiled at: 2026-07-16 01:03:58
 48 lines: No errors
   [Ada]          witness_sets_io.adb

GNAT 10.3.0
Copyright 1992-2020, Free Software Foundation, Inc.

Compiling: /home/runner/work/alire-crates-ci/alire-crates-ci/test/5f655e40-67d4-410c-84fb-5572da83bba4/phcpack_2.4.88_e448e94a/src/Ada/Schubert/Pieri/verification_with_determinants.adb
Source file time stamp: 2026-07-16 01:03:10
Compiled at: 2026-07-16 01:03:58
 116 lines: No errors
   [Ada]          crude_path_trackers.adb

GNAT 10.3.0
Copyright 1992-2020, Free Software Foundation, Inc.

Compiling: /home/runner/work/alire-crates-ci/alire-crates-ci/test/5f655e40-67d4-410c-84fb-5572da83bba4/phcpack_2.4.88_e448e94a/src/Ada/Math_Lib/Polynomials/symbol_table_io.adb
Source file time stamp: 2026-07-16 01:03:09
Compiled at: 2026-07-16 01:03:58
 169 lines: No errors
   [Ada]          dobldobl_continuation_data_io.adb

GNAT 10.3.0
Copyright 1992-2020, Free Software Foundation, Inc.

Compiling: /home/runner/work/alire-crates-ci/alire-crates-ci/test/5f655e40-67d4-410c-84fb-5572da83bba4/phcpack_2.4.88_e448e94a/src/Ada/CtoPHC/State/crude_path_trackers.adb
Source file time stamp: 2026-07-16 01:03:09
Compiled at: 2026-07-16 01:03:58
 126 lines: No errors
   [Ada]          dobldobl_homotopy.adb

GNAT 10.3.0
Copyright 1992-2020, Free Software Foundation, Inc.

Compiling: /home/runner/work/alire-crates-ci/alire-crates-ci/test/5f655e40-67d4-410c-84fb-5572da83bba4/phcpack_2.4.88_e448e94a/src/Ada/Deformations/Continuation/dobldobl_continuation_data_io.adb
Source file time stamp: 2026-07-16 01:03:09
Compiled at: 2026-07-16 01:03:58
 168 lines: No errors
   [Ada]          multprec_complex_numbers.ads

GNAT 10.3.0
Copyright 1992-2020, Free Software Foundation, Inc.

Compiling: /home/runner/work/alire-crates-ci/alire-crates-ci/test/5f655e40-67d4-410c-84fb-5572da83bba4/phcpack_2.4.88_e448e94a/src/Ada/Deformations/Homotopy/standard_homotopy.adb
Source file time stamp: 2026-07-16 01:03:09
Compiled at: 2026-07-16 01:03:57
 795 lines: No errors
   [Ada]          multprec_homotopy.adb

GNAT 10.3.0
Copyright 1992-2020, Free Software Foundation, Inc.

Compiling: /home/runner/work/alire-crates-ci/alire-crates-ci/test/5f655e40-67d4-410c-84fb-5572da83bba4/phcpack_2.4.88_e448e94a/src/Ada/Math_Lib/Numbers/multprec_complex_numbers.ads
Source file time stamp: 2026-07-16 01:03:09
Compiled at: 2026-07-16 01:03:58
 10 lines: No errors
   [Ada]          quaddobl_continuation_data_io.adb

GNAT 10.3.0
Copyright 1992-2020, Free Software Foundation, Inc.

Compiling: /home/runner/work/alire-crates-ci/alire-crates-ci/test/5f655e40-67d4-410c-84fb-5572da83bba4/phcpack_2.4.88_e448e94a/src/Ada/Deformations/Continuation/quaddobl_continuation_data_io.adb
Source file time stamp: 2026-07-16 01:03:09
Compiled at: 2026-07-16 01:03:58
 168 lines: No errors
   [Ada]          quaddobl_homotopy.adb

GNAT 10.3.0
Copyright 1992-2020, Free Software Foundation, Inc.

Compiling: /home/runner/work/alire-crates-ci/alire-crates-ci/test/5f655e40-67d4-410c-84fb-5572da83bba4/phcpack_2.4.88_e448e94a/src/Ada/Deformations/Homotopy/dobldobl_homotopy.adb
Source file time stamp: 2026-07-16 01:03:09
Compiled at: 2026-07-16 01:03:58
 810 lines: No errors
   [Ada]          standard_continuation_data_io.adb

GNAT 10.3.0
Copyright 1992-2020, Free Software Foundation, Inc.

Compiling: /home/runner/work/alire-crates-ci/alire-crates-ci/test/5f655e40-67d4-410c-84fb-5572da83bba4/phcpack_2.4.88_e448e94a/src/Ada/Deformations/Continuation/standard_continuation_data_io.adb
Source file time stamp: 2026-07-16 01:03:09
Compiled at: 2026-07-16 01:03:59
 166 lines: No errors
   [Ada]          univariate_solvers_interface.adb

GNAT 10.3.0
Copyright 1992-2020, Free Software Foundation, Inc.

Compiling: /home/runner/work/alire-crates-ci/alire-crates-ci/test/5f655e40-67d4-410c-84fb-5572da83bba4/phcpack_2.4.88_e448e94a/src/Ada/Components/Samplers/witness_sets_io.adb
Source file time stamp: 2026-07-16 01:03:09
Compiled at: 2026-07-16 01:03:58
 2326 lines: No errors
   [Ada]          monodromy_interface.adb

GNAT 10.3.0
Copyright 1992-2020, Free Software Foundation, Inc.

Compiling: /home/runner/work/alire-crates-ci/alire-crates-ci/test/5f655e40-67d4-410c-84fb-5572da83bba4/phcpack_2.4.88_e448e94a/src/Ada/Deformations/Homotopy/multprec_homotopy.adb
Source file time stamp: 2026-07-16 01:03:09
Compiled at: 2026-07-16 01:03:58
 820 lines: No errors
   [Ada]          schubert_interface.adb

GNAT 10.3.0
Copyright 1992-2020, Free Software Foundation, Inc.

Compiling: /home/runner/work/alire-crates-ci/alire-crates-ci/test/5f655e40-67d4-410c-84fb-5572da83bba4/phcpack_2.4.88_e448e94a/src/Ada/Deformations/Homotopy/quaddobl_homotopy.adb
Source file time stamp: 2026-07-16 01:03:09
Compiled at: 2026-07-16 01:03:58
 810 lines: No errors
   [Ada]          member_interface.adb

GNAT 10.3.0
Copyright 1992-2020, Free Software Foundation, Inc.

Compiling: /home/runner/work/alire-crates-ci/alire-crates-ci/test/5f655e40-67d4-410c-84fb-5572da83bba4/phcpack_2.4.88_e448e94a/src/Ada/CtoPHC/State/univariate_solvers_interface.adb
Source file time stamp: 2026-07-16 01:03:09
Compiled at: 2026-07-16 01:03:59
 310 lines: No errors
   [Ada]          giftwrap_interface.adb

GNAT 10.3.0
Copyright 1992-2020, Free Software Foundation, Inc.

Compiling: /home/runner/work/alire-crates-ci/alire-crates-ci/test/5f655e40-67d4-410c-84fb-5572da83bba4/phcpack_2.4.88_e448e94a/src/Ada/CtoPHC/State/schubert_interface.adb
Source file time stamp: 2026-07-16 01:03:10
Compiled at: 2026-07-16 01:03:59
 699 lines: No errors
   [Ada]          pieri_interface.adb

GNAT 10.3.0
Copyright 1992-2020, Free Software Foundation, Inc.

Compiling: /home/runner/work/alire-crates-ci/alire-crates-ci/test/5f655e40-67d4-410c-84fb-5572da83bba4/phcpack_2.4.88_e448e94a/src/Ada/CtoPHC/State/giftwrap_interface.adb
Source file time stamp: 2026-07-16 01:03:09
Compiled at: 2026-07-16 01:04:00
 359 lines: No errors
   [Ada]          cells_interface.adb

GNAT 10.3.0
Copyright 1992-2020, Free Software Foundation, Inc.

Compiling: /home/runner/work/alire-crates-ci/alire-crates-ci/test/5f655e40-67d4-410c-84fb-5572da83bba4/phcpack_2.4.88_e448e94a/src/Ada/CtoPHC/State/member_interface.adb
Source file time stamp: 2026-07-16 01:03:09
Compiled at: 2026-07-16 01:03:59
 1138 lines: No errors
   [Ada]          monomial_maps_interface.adb

GNAT 10.3.0
Copyright 1992-2020, Free Software Foundation, Inc.

Compiling: /home/runner/work/alire-crates-ci/alire-crates-ci/test/5f655e40-67d4-410c-84fb-5572da83bba4/phcpack_2.4.88_e448e94a/src/Ada/CtoPHC/State/monodromy_interface.adb
Source file time stamp: 2026-07-16 01:03:10
Compiled at: 2026-07-16 01:03:59
 2327 lines: No errors
   [Ada]          numerical_tropisms_interface.adb

GNAT 10.3.0
Copyright 1992-2020, Free Software Foundation, Inc.

Compiling: /home/runner/work/alire-crates-ci/alire-crates-ci/test/5f655e40-67d4-410c-84fb-5572da83bba4/phcpack_2.4.88_e448e94a/src/Ada/CtoPHC/State/monomial_maps_interface.adb
Source file time stamp: 2026-07-16 01:03:09
Compiled at: 2026-07-16 01:04:00
 280 lines: No errors
   [Ada]          step_trackers_interface.adb

GNAT 10.3.0
Copyright 1992-2020, Free Software Foundation, Inc.

Compiling: /home/runner/work/alire-crates-ci/alire-crates-ci/test/5f655e40-67d4-410c-84fb-5572da83bba4/phcpack_2.4.88_e448e94a/src/Ada/CtoPHC/State/numerical_tropisms_interface.adb
Source file time stamp: 2026-07-16 01:03:09
Compiled at: 2026-07-16 01:04:00
 753 lines: No errors
   [Ada]          pade_continuation_interface.adb

GNAT 10.3.0
Copyright 1992-2020, Free Software Foundation, Inc.

Compiling: /home/runner/work/alire-crates-ci/alire-crates-ci/test/5f655e40-67d4-410c-84fb-5572da83bba4/phcpack_2.4.88_e448e94a/src/Ada/CtoPHC/State/pieri_interface.adb
Source file time stamp: 2026-07-16 01:03:09
Compiled at: 2026-07-16 01:04:00
 1003 lines: No errors
   [Ada]          reduction_interface.adb

GNAT 10.3.0
Copyright 1992-2020, Free Software Foundation, Inc.

Compiling: /home/runner/work/alire-crates-ci/alire-crates-ci/test/5f655e40-67d4-410c-84fb-5572da83bba4/phcpack_2.4.88_e448e94a/src/Ada/CtoPHC/State/step_trackers_interface.adb
Source file time stamp: 2026-07-16 01:03:09
Compiled at: 2026-07-16 01:04:00
 678 lines: No errors
   [Ada]          linear_products_interface.adb

GNAT 10.3.0
Copyright 1992-2020, Free Software Foundation, Inc.

Compiling: /home/runner/work/alire-crates-ci/alire-crates-ci/test/5f655e40-67d4-410c-84fb-5572da83bba4/phcpack_2.4.88_e448e94a/src/Ada/CtoPHC/State/reduction_interface.adb
Source file time stamp: 2026-07-16 01:03:09
Compiled at: 2026-07-16 01:04:01
 140 lines: No errors
   [Ada]          scaling_interface.adb

GNAT 10.3.0
Copyright 1992-2020, Free Software Foundation, Inc.

Compiling: /home/runner/work/alire-crates-ci/alire-crates-ci/test/5f655e40-67d4-410c-84fb-5572da83bba4/phcpack_2.4.88_e448e94a/src/Ada/CtoPHC/State/scaling_interface.adb
Source file time stamp: 2026-07-16 01:03:09
Compiled at: 2026-07-16 01:04:01
 317 lines: No errors
   [Ada]          power_series_interface.adb

GNAT 10.3.0
Copyright 1992-2020, Free Software Foundation, Inc.

Compiling: /home/runner/work/alire-crates-ci/alire-crates-ci/test/5f655e40-67d4-410c-84fb-5572da83bba4/phcpack_2.4.88_e448e94a/src/Ada/CtoPHC/State/linear_products_interface.adb
Source file time stamp: 2026-07-16 01:03:09
Compiled at: 2026-07-16 01:04:01
 390 lines: No errors
   [Ada]          standard_solspool_interface.adb

GNAT 10.3.0
Copyright 1992-2020, Free Software Foundation, Inc.

Compiling: /home/runner/work/alire-crates-ci/alire-crates-ci/test/5f655e40-67d4-410c-84fb-5572da83bba4/phcpack_2.4.88_e448e94a/src/Ada/CtoPHC/State/cells_interface.adb
Source file time stamp: 2026-07-16 01:03:10
Compiled at: 2026-07-16 01:04:00
 2385 lines: No errors
   [Ada]          dobldobl_solutions_interface.adb

GNAT 10.3.0
Copyright 1992-2020, Free Software Foundation, Inc.

Compiling: /home/runner/work/alire-crates-ci/alire-crates-ci/test/5f655e40-67d4-410c-84fb-5572da83bba4/phcpack_2.4.88_e448e94a/src/Ada/CtoPHC/State/pade_continuation_interface.adb
Source file time stamp: 2026-07-16 01:03:10
Compiled at: 2026-07-16 01:04:01
 1796 lines: No errors
   [Ada]          quaddobl_solutions_interface.adb

GNAT 10.3.0
Copyright 1992-2020, Free Software Foundation, Inc.

Compiling: /home/runner/work/alire-crates-ci/alire-crates-ci/test/5f655e40-67d4-410c-84fb-5572da83bba4/phcpack_2.4.88_e448e94a/src/Ada/CtoPHC/State/standard_solspool_interface.adb
Source file time stamp: 2026-07-16 01:03:09
Compiled at: 2026-07-16 01:04:01
 170 lines: No errors
   [Ada]          standard_solutions_interface.adb

GNAT 10.3.0
Copyright 1992-2020, Free Software Foundation, Inc.

Compiling: /home/runner/work/alire-crates-ci/alire-crates-ci/test/5f655e40-67d4-410c-84fb-5572da83bba4/phcpack_2.4.88_e448e94a/src/Ada/CtoPHC/State/dobldobl_solutions_interface.adb
Source file time stamp: 2026-07-16 01:03:09
Compiled at: 2026-07-16 01:04:01
 780 lines: No errors
   [Ada]          sweep_interface.adb

GNAT 10.3.0
Copyright 1992-2020, Free Software Foundation, Inc.

Compiling: /home/runner/work/alire-crates-ci/alire-crates-ci/test/5f655e40-67d4-410c-84fb-5572da83bba4/phcpack_2.4.88_e448e94a/src/Ada/CtoPHC/State/power_series_interface.adb
Source file time stamp: 2026-07-16 01:03:09
Compiled at: 2026-07-16 01:04:01
 1036 lines: No errors
   [Ada]          dobldobl_syspool_interface.adb

GNAT 10.3.0
Copyright 1992-2020, Free Software Foundation, Inc.

Compiling: /home/runner/work/alire-crates-ci/alire-crates-ci/test/5f655e40-67d4-410c-84fb-5572da83bba4/phcpack_2.4.88_e448e94a/src/Ada/CtoPHC/State/dobldobl_syspool_interface.adb
Source file time stamp: 2026-07-16 01:03:09
Compiled at: 2026-07-16 01:04:02
 129 lines: No errors
   [Ada]          quaddobl_syspool_interface.adb

GNAT 10.3.0
Copyright 1992-2020, Free Software Foundation, Inc.

Compiling: /home/runner/work/alire-crates-ci/alire-crates-ci/test/5f655e40-67d4-410c-84fb-5572da83bba4/phcpack_2.4.88_e448e94a/src/Ada/CtoPHC/State/quaddobl_solutions_interface.adb
Source file time stamp: 2026-07-16 01:03:09
Compiled at: 2026-07-16 01:04:01
 779 lines: No errors
   [Ada]          standard_syspool_interface.adb

GNAT 10.3.0
Copyright 1992-2020, Free Software Foundation, Inc.

Compiling: /home/runner/work/alire-crates-ci/alire-crates-ci/test/5f655e40-67d4-410c-84fb-5572da83bba4/phcpack_2.4.88_e448e94a/src/Ada/CtoPHC/State/quaddobl_syspool_interface.adb
Source file time stamp: 2026-07-16 01:03:09
Compiled at: 2026-07-16 01:04:02
 128 lines: No errors
   [Ada]          dobldobl_laursys_interface.adb

GNAT 10.3.0
Copyright 1992-2020, Free Software Foundation, Inc.

Compiling: /home/runner/work/alire-crates-ci/alire-crates-ci/test/5f655e40-67d4-410c-84fb-5572da83bba4/phcpack_2.4.88_e448e94a/src/Ada/CtoPHC/State/standard_solutions_interface.adb
Source file time stamp: 2026-07-16 01:03:09
Compiled at: 2026-07-16 01:04:01
 1511 lines: No errors
   [Ada]          dobldobl_polysys_interface.adb

GNAT 10.3.0
Copyright 1992-2020, Free Software Foundation, Inc.

Compiling: /home/runner/work/alire-crates-ci/alire-crates-ci/test/5f655e40-67d4-410c-84fb-5572da83bba4/phcpack_2.4.88_e448e94a/src/Ada/CtoPHC/State/standard_syspool_interface.adb
Source file time stamp: 2026-07-16 01:03:09
Compiled at: 2026-07-16 01:04:02
 189 lines: No errors
   [Ada]          multprec_laursys_interface.adb

GNAT 10.3.0
Copyright 1992-2020, Free Software Foundation, Inc.

Compiling: /home/runner/work/alire-crates-ci/alire-crates-ci/test/5f655e40-67d4-410c-84fb-5572da83bba4/phcpack_2.4.88_e448e94a/src/Ada/CtoPHC/State/dobldobl_laursys_interface.adb
Source file time stamp: 2026-07-16 01:03:09
Compiled at: 2026-07-16 01:04:02
 404 lines: No errors
   [Ada]          quaddobl_laursys_interface.adb

GNAT 10.3.0
Copyright 1992-2020, Free Software Foundation, Inc.

Compiling: /home/runner/work/alire-crates-ci/alire-crates-ci/test/5f655e40-67d4-410c-84fb-5572da83bba4/phcpack_2.4.88_e448e94a/src/Ada/CtoPHC/State/multprec_laursys_interface.adb
Source file time stamp: 2026-07-16 01:03:09
Compiled at: 2026-07-16 01:04:03
 266 lines: No errors
   [Ada]          quaddobl_polysys_interface.adb

GNAT 10.3.0
Copyright 1992-2020, Free Software Foundation, Inc.

Compiling: /home/runner/work/alire-crates-ci/alire-crates-ci/test/5f655e40-67d4-410c-84fb-5572da83bba4/phcpack_2.4.88_e448e94a/src/Ada/CtoPHC/State/dobldobl_polysys_interface.adb
Source file time stamp: 2026-07-16 01:03:09
Compiled at: 2026-07-16 01:04:02
 676 lines: No errors
   [Ada]          standard_laursys_interface.adb

GNAT 10.3.0
Copyright 1992-2020, Free Software Foundation, Inc.

Compiling: /home/runner/work/alire-crates-ci/alire-crates-ci/test/5f655e40-67d4-410c-84fb-5572da83bba4/phcpack_2.4.88_e448e94a/src/Ada/CtoPHC/State/quaddobl_laursys_interface.adb
Source file time stamp: 2026-07-16 01:03:09
Compiled at: 2026-07-16 01:04:03
 404 lines: No errors
   [Ada]          standard_polysys_interface.adb

GNAT 10.3.0
Copyright 1992-2020, Free Software Foundation, Inc.

Compiling: /home/runner/work/alire-crates-ci/alire-crates-ci/test/5f655e40-67d4-410c-84fb-5572da83bba4/phcpack_2.4.88_e448e94a/src/Ada/CtoPHC/State/standard_laursys_interface.adb
Source file time stamp: 2026-07-16 01:03:09
Compiled at: 2026-07-16 01:04:03
 411 lines: No errors
   [Ada]          tableau_form_interface.adb

GNAT 10.3.0
Copyright 1992-2020, Free Software Foundation, Inc.

Compiling: /home/runner/work/alire-crates-ci/alire-crates-ci/test/5f655e40-67d4-410c-84fb-5572da83bba4/phcpack_2.4.88_e448e94a/src/Ada/CtoPHC/State/quaddobl_polysys_interface.adb
Source file time stamp: 2026-07-16 01:03:09
Compiled at: 2026-07-16 01:04:03
 676 lines: No errors
   [Ada]          irreducible_components_interface.adb

GNAT 10.3.0
Copyright 1992-2020, Free Software Foundation, Inc.

Compiling: /home/runner/work/alire-crates-ci/alire-crates-ci/test/5f655e40-67d4-410c-84fb-5572da83bba4/phcpack_2.4.88_e448e94a/src/Ada/CtoPHC/State/tableau_form_interface.adb
Source file time stamp: 2026-07-16 01:03:09
Compiled at: 2026-07-16 01:04:03
 289 lines: No errors
   [Ada]          cascade_homotopy_interface.adb

GNAT 10.3.0
Copyright 1992-2020, Free Software Foundation, Inc.

Compiling: /home/runner/work/alire-crates-ci/alire-crates-ci/test/5f655e40-67d4-410c-84fb-5572da83bba4/phcpack_2.4.88_e448e94a/src/Ada/CtoPHC/State/standard_polysys_interface.adb
Source file time stamp: 2026-07-16 01:03:09
Compiled at: 2026-07-16 01:04:03
 835 lines: No errors
   [Ada]          diagonal_homotopy_interface.adb

GNAT 10.3.0
Copyright 1992-2020, Free Software Foundation, Inc.

Compiling: /home/runner/work/alire-crates-ci/alire-crates-ci/test/5f655e40-67d4-410c-84fb-5572da83bba4/phcpack_2.4.88_e448e94a/src/Ada/CtoPHC/State/cascade_homotopy_interface.adb
Source file time stamp: 2026-07-16 01:03:09
Compiled at: 2026-07-16 01:04:03
 157 lines: No errors
   [Ada]          dobldobl_complex_laur_systems_io.adb

GNAT 10.3.0
Copyright 1992-2020, Free Software Foundation, Inc.

Compiling: /home/runner/work/alire-crates-ci/alire-crates-ci/test/5f655e40-67d4-410c-84fb-5572da83bba4/phcpack_2.4.88_e448e94a/src/Ada/Math_Lib/Polynomials/dobldobl_complex_laur_systems_io.adb
Source file time stamp: 2026-07-16 01:03:09
Compiled at: 2026-07-16 01:04:04
 109 lines: No errors
   [Ada]          dobldobl_complex_laurentials.ads

GNAT 10.3.0
Copyright 1992-2020, Free Software Foundation, Inc.

Compiling: /home/runner/work/alire-crates-ci/alire-crates-ci/test/5f655e40-67d4-410c-84fb-5572da83bba4/phcpack_2.4.88_e448e94a/src/Ada/CtoPHC/State/irreducible_components_interface.adb
Source file time stamp: 2026-07-16 01:03:10
Compiled at: 2026-07-16 01:04:03
 725 lines: No errors
   [Ada]          dobldobl_complex_solutions_io.adb

GNAT 10.3.0
Copyright 1992-2020, Free Software Foundation, Inc.

Compiling: /home/runner/work/alire-crates-ci/alire-crates-ci/test/5f655e40-67d4-410c-84fb-5572da83bba4/phcpack_2.4.88_e448e94a/src/Ada/CtoPHC/State/diagonal_homotopy_interface.adb
Source file time stamp: 2026-07-16 01:03:09
Compiled at: 2026-07-16 01:04:04
 960 lines: No errors
   [Ada]          prompt_for_solutions.adb

GNAT 10.3.0
Copyright 1992-2020, Free Software Foundation, Inc.

Compiling: /home/runner/work/alire-crates-ci/alire-crates-ci/test/5f655e40-67d4-410c-84fb-5572da83bba4/phcpack_2.4.88_e448e94a/src/Ada/Math_Lib/Polynomials/dobldobl_complex_laurentials.ads
Source file time stamp: 2026-07-16 01:03:09
Compiled at: 2026-07-16 01:04:04
 9 lines: No errors
   [Ada]          prompt_for_systems.adb

GNAT 10.3.0
Copyright 1992-2020, Free Software Foundation, Inc.

Compiling: /home/runner/work/alire-crates-ci/alire-crates-ci/test/5f655e40-67d4-410c-84fb-5572da83bba4/phcpack_2.4.88_e448e94a/src/Ada/Deformations/Solutions/dobldobl_complex_solutions_io.adb
Source file time stamp: 2026-07-16 01:03:09
Compiled at: 2026-07-16 01:04:04
 608 lines: No errors
   [Ada]          quaddobl_complex_laur_systems_io.adb

GNAT 10.3.0
Copyright 1992-2020, Free Software Foundation, Inc.

Compiling: /home/runner/work/alire-crates-ci/alire-crates-ci/test/5f655e40-67d4-410c-84fb-5572da83bba4/phcpack_2.4.88_e448e94a/src/Ada/Deformations/Solutions/prompt_for_solutions.adb
Source file time stamp: 2026-07-16 01:03:09
Compiled at: 2026-07-16 01:04:04
 123 lines: No errors
   [Ada]          quaddobl_complex_laurentials.ads

GNAT 10.3.0
Copyright 1992-2020, Free Software Foundation, Inc.

Compiling: /home/runner/work/alire-crates-ci/alire-crates-ci/test/5f655e40-67d4-410c-84fb-5572da83bba4/phcpack_2.4.88_e448e94a/src/Ada/Math_Lib/Polynomials/quaddobl_complex_laur_systems_io.adb
Source file time stamp: 2026-07-16 01:03:09
Compiled at: 2026-07-16 01:04:04
 110 lines: No errors
   [Ada]          quaddobl_complex_solutions_io.adb

GNAT 10.3.0
Copyright 1992-2020, Free Software Foundation, Inc.

Compiling: /home/runner/work/alire-crates-ci/alire-crates-ci/test/5f655e40-67d4-410c-84fb-5572da83bba4/phcpack_2.4.88_e448e94a/src/Ada/Deformations/Solutions/prompt_for_systems.adb
Source file time stamp: 2026-07-16 01:03:09
Compiled at: 2026-07-16 01:04:04
 382 lines: No errors
   [Ada]          root_refining_parameters.adb

GNAT 10.3.0
Copyright 1992-2020, Free Software Foundation, Inc.

Compiling: /home/runner/work/alire-crates-ci/alire-crates-ci/test/5f655e40-67d4-410c-84fb-5572da83bba4/phcpack_2.4.88_e448e94a/src/Ada/Math_Lib/Polynomials/quaddobl_complex_laurentials.ads
Source file time stamp: 2026-07-16 01:03:09
Compiled at: 2026-07-16 01:04:04
 9 lines: No errors
   [Ada]          dobldobl_system_and_solutions_io.adb

GNAT 10.3.0
Copyright 1992-2020, Free Software Foundation, Inc.

Compiling: /home/runner/work/alire-crates-ci/alire-crates-ci/test/5f655e40-67d4-410c-84fb-5572da83bba4/phcpack_2.4.88_e448e94a/src/Ada/Deformations/Solutions/quaddobl_complex_solutions_io.adb
Source file time stamp: 2026-07-16 01:03:09
Compiled at: 2026-07-16 01:04:04
 586 lines: No errors
   [Ada]          quaddobl_system_and_solutions_io.adb

GNAT 10.3.0
Copyright 1992-2020, Free Software Foundation, Inc.

Compiling: /home/runner/work/alire-crates-ci/alire-crates-ci/test/5f655e40-67d4-410c-84fb-5572da83bba4/phcpack_2.4.88_e448e94a/src/Ada/Deformations/Solutions/dobldobl_system_and_solutions_io.adb
Source file time stamp: 2026-07-16 01:03:09
Compiled at: 2026-07-16 01:04:05
 139 lines: No errors
   [Ada]          square_and_embed_systems.adb

GNAT 10.3.0
Copyright 1992-2020, Free Software Foundation, Inc.

Compiling: /home/runner/work/alire-crates-ci/alire-crates-ci/test/5f655e40-67d4-410c-84fb-5572da83bba4/phcpack_2.4.88_e448e94a/src/Ada/Deformations/Solutions/quaddobl_system_and_solutions_io.adb
Source file time stamp: 2026-07-16 01:03:09
Compiled at: 2026-07-16 01:04:05
 137 lines: No errors
   [Ada]          integer_lifting_utilities.adb

GNAT 10.3.0
Copyright 1992-2020, Free Software Foundation, Inc.

Compiling: /home/runner/work/alire-crates-ci/alire-crates-ci/test/5f655e40-67d4-410c-84fb-5572da83bba4/phcpack_2.4.88_e448e94a/src/Ada/Deformations/Newton/root_refining_parameters.adb
Source file time stamp: 2026-07-16 01:03:09
Compiled at: 2026-07-16 01:04:04
 188 lines: No errors
   [Ada]          integer_polyhedral_continuation.adb

GNAT 10.3.0
Copyright 1992-2020, Free Software Foundation, Inc.

Compiling: /home/runner/work/alire-crates-ci/alire-crates-ci/test/5f655e40-67d4-410c-84fb-5572da83bba4/phcpack_2.4.88_e448e94a/src/Ada/Root_Counts/Stalift/integer_lifting_utilities.adb
Source file time stamp: 2026-07-16 01:03:10
Compiled at: 2026-07-16 01:04:05
 348 lines: No errors
   [Ada]          multitasking_polyhedral_trackers.adb

GNAT 10.3.0
Copyright 1992-2020, Free Software Foundation, Inc.

Compiling: /home/runner/work/alire-crates-ci/alire-crates-ci/test/5f655e40-67d4-410c-84fb-5572da83bba4/phcpack_2.4.88_e448e94a/src/Ada/Components/Decomposition/square_and_embed_systems.adb
Source file time stamp: 2026-07-16 01:03:09
Compiled at: 2026-07-16 01:04:05
 1931 lines: No errors
   [Ada]          stable_polyhedral_continuation.adb

GNAT 10.3.0
Copyright 1992-2020, Free Software Foundation, Inc.

Compiling: /home/runner/work/alire-crates-ci/alire-crates-ci/test/5f655e40-67d4-410c-84fb-5572da83bba4/phcpack_2.4.88_e448e94a/src/Ada/CtoPHC/State/sweep_interface.adb
Source file time stamp: 2026-07-16 01:03:09
Compiled at: 2026-07-16 01:04:02
 1195 lines: No errors
   [Ada]          standard_complex_laur_randomizers.adb

GNAT 10.3.0
Copyright 1992-2020, Free Software Foundation, Inc.

Compiling: /home/runner/work/alire-crates-ci/alire-crates-ci/test/5f655e40-67d4-410c-84fb-5572da83bba4/phcpack_2.4.88_e448e94a/src/Ada/Math_Lib/Polynomials/standard_complex_laur_randomizers.adb
Source file time stamp: 2026-07-16 01:03:09
Compiled at: 2026-07-16 01:04:06
 72 lines: No errors
   [Ada]          standard_complex_poly_randomizers.adb

GNAT 10.3.0
Copyright 1992-2020, Free Software Foundation, Inc.

Compiling: /home/runner/work/alire-crates-ci/alire-crates-ci/test/5f655e40-67d4-410c-84fb-5572da83bba4/phcpack_2.4.88_e448e94a/src/Ada/Math_Lib/Polynomials/standard_complex_poly_randomizers.adb
Source file time stamp: 2026-07-16 01:03:09
Compiled at: 2026-07-16 01:04:07
 71 lines: No errors
   [Ada]          time_stamps.adb

GNAT 10.3.0
Copyright 1992-2020, Free Software Foundation, Inc.

Compiling: /home/runner/work/alire-crates-ci/alire-crates-ci/test/5f655e40-67d4-410c-84fb-5572da83bba4/phcpack_2.4.88_e448e94a/src/Ada/Tasking/multitasking_polyhedral_trackers.adb
Source file time stamp: 2026-07-16 01:03:10
Compiled at: 2026-07-16 01:04:05
 1037 lines: No errors
   [Ada]          integer_mixed_subdivisions.adb

GNAT 10.3.0
Copyright 1992-2020, Free Software Foundation, Inc.

Compiling: /home/runner/work/alire-crates-ci/alire-crates-ci/test/5f655e40-67d4-410c-84fb-5572da83bba4/phcpack_2.4.88_e448e94a/src/Ada/System/time_stamps.adb
Source file time stamp: 2026-07-16 01:03:10
Compiled at: 2026-07-16 01:04:07
 177 lines: No errors
   [Ada]          apply_induced_permutations.adb

GNAT 10.3.0
Copyright 1992-2020, Free Software Foundation, Inc.

Compiling: /home/runner/work/alire-crates-ci/alire-crates-ci/test/5f655e40-67d4-410c-84fb-5572da83bba4/phcpack_2.4.88_e448e94a/src/Ada/Root_Counts/Dynlift/apply_induced_permutations.adb
Source file time stamp: 2026-07-16 01:03:10
Compiled at: 2026-07-16 01:04:07
 234 lines: No errors
   [Ada]          dobldobl_polynomial_convertors.adb

GNAT 10.3.0
Copyright 1992-2020, Free Software Foundation, Inc.

Compiling: /home/runner/work/alire-crates-ci/alire-crates-ci/test/5f655e40-67d4-410c-84fb-5572da83bba4/phcpack_2.4.88_e448e94a/src/Ada/Root_Counts/Stalift/integer_mixed_subdivisions.adb
Source file time stamp: 2026-07-16 01:03:10
Compiled at: 2026-07-16 01:04:07
 377 lines: No errors
   [Ada]          induced_permutations.adb

GNAT 10.3.0
Copyright 1992-2020, Free Software Foundation, Inc.

Compiling: /home/runner/work/alire-crates-ci/alire-crates-ci/test/5f655e40-67d4-410c-84fb-5572da83bba4/phcpack_2.4.88_e448e94a/src/Ada/Root_Counts/Stalift/stable_polyhedral_continuation.adb
Source file time stamp: 2026-07-16 01:03:10
Compiled at: 2026-07-16 01:04:06
 1400 lines: No errors
   [Ada]          m_homogeneous_bezout_numbers.adb

GNAT 10.3.0
Copyright 1992-2020, Free Software Foundation, Inc.

Compiling: /home/runner/work/alire-crates-ci/alire-crates-ci/test/5f655e40-67d4-410c-84fb-5572da83bba4/phcpack_2.4.88_e448e94a/src/Ada/Root_Counts/Stalift/induced_permutations.adb
Source file time stamp: 2026-07-16 01:03:10
Compiled at: 2026-07-16 01:04:07
 249 lines: No errors
   [Ada]          m_homogeneous_start_systems.adb

GNAT 10.3.0
Copyright 1992-2020, Free Software Foundation, Inc.

Compiling: /home/runner/work/alire-crates-ci/alire-crates-ci/test/5f655e40-67d4-410c-84fb-5572da83bba4/phcpack_2.4.88_e448e94a/src/Ada/Root_Counts/Product/m_homogeneous_start_systems.adb
Source file time stamp: 2026-07-16 01:03:10
Compiled at: 2026-07-16 01:04:08
 105 lines: No errors
   [Ada]          multprec_natural_numbers_io.adb

GNAT 10.3.0
Copyright 1992-2020, Free Software Foundation, Inc.

Compiling: /home/runner/work/alire-crates-ci/alire-crates-ci/test/5f655e40-67d4-410c-84fb-5572da83bba4/phcpack_2.4.88_e448e94a/src/Ada/Math_Lib/Polynomials/dobldobl_polynomial_convertors.adb
Source file time stamp: 2026-07-16 01:03:09
Compiled at: 2026-07-16 01:04:07
 501 lines: No errors
   [Ada]          pipelined_labeled_cells.adb

GNAT 10.3.0
Copyright 1992-2020, Free Software Foundation, Inc.

Compiling: /home/runner/work/alire-crates-ci/alire-crates-ci/test/5f655e40-67d4-410c-84fb-5572da83bba4/phcpack_2.4.88_e448e94a/src/Ada/Math_Lib/Numbers/multprec_natural_numbers_io.adb
Source file time stamp: 2026-07-16 01:03:09
Compiled at: 2026-07-16 01:04:08
 338 lines: No errors
   [Ada]          pipelined_polyhedral_drivers.adb

GNAT 10.3.0
Copyright 1992-2020, Free Software Foundation, Inc.

Compiling: /home/runner/work/alire-crates-ci/alire-crates-ci/test/5f655e40-67d4-410c-84fb-5572da83bba4/phcpack_2.4.88_e448e94a/src/Ada/Tasking/pipelined_labeled_cells.adb
Source file time stamp: 2026-07-16 01:03:10
Compiled at: 2026-07-16 01:04:08
 203 lines: No errors
   [Ada]          quaddobl_polynomial_convertors.adb

GNAT 10.3.0
Copyright 1992-2020, Free Software Foundation, Inc.

Compiling: /home/runner/work/alire-crates-ci/alire-crates-ci/test/5f655e40-67d4-410c-84fb-5572da83bba4/phcpack_2.4.88_e448e94a/src/Ada/Root_Counts/Product/m_homogeneous_bezout_numbers.adb
Source file time stamp: 2026-07-16 01:03:10
Compiled at: 2026-07-16 01:04:08
 474 lines: No errors
   [Ada]          random_product_start_systems.adb

GNAT 10.3.0
Copyright 1992-2020, Free Software Foundation, Inc.

Compiling: /home/runner/work/alire-crates-ci/alire-crates-ci/test/5f655e40-67d4-410c-84fb-5572da83bba4/phcpack_2.4.88_e448e94a/src/Ada/Root_Counts/Product/random_product_start_systems.adb
Source file time stamp: 2026-07-16 01:03:10
Compiled at: 2026-07-16 01:04:08
 178 lines: No errors
   [Ada]          root_counters_output.adb

GNAT 10.3.0
Copyright 1992-2020, Free Software Foundation, Inc.

Compiling: /home/runner/work/alire-crates-ci/alire-crates-ci/test/5f655e40-67d4-410c-84fb-5572da83bba4/phcpack_2.4.88_e448e94a/src/Ada/Main/root_counters_output.adb
Source file time stamp: 2026-07-16 01:03:09
Compiled at: 2026-07-16 01:04:08
 146 lines: No errors
   [Ada]          set_structure.adb

GNAT 10.3.0
Copyright 1992-2020, Free Software Foundation, Inc.

Compiling: /home/runner/work/alire-crates-ci/alire-crates-ci/test/5f655e40-67d4-410c-84fb-5572da83bba4/phcpack_2.4.88_e448e94a/src/Ada/Math_Lib/Polynomials/quaddobl_polynomial_convertors.adb
Source file time stamp: 2026-07-16 01:03:09
Compiled at: 2026-07-16 01:04:08
 501 lines: No errors
   [Ada]          standard_complex_prod_planes.adb

GNAT 10.3.0
Copyright 1992-2020, Free Software Foundation, Inc.

Compiling: /home/runner/work/alire-crates-ci/alire-crates-ci/test/5f655e40-67d4-410c-84fb-5572da83bba4/phcpack_2.4.88_e448e94a/src/Ada/Tasking/pipelined_polyhedral_drivers.adb
Source file time stamp: 2026-07-16 01:03:10
Compiled at: 2026-07-16 01:04:08
 534 lines: No errors
   [Ada]          standard_complex_prod_systems.adb

GNAT 10.3.0
Copyright 1992-2020, Free Software Foundation, Inc.

Compiling: /home/runner/work/alire-crates-ci/alire-crates-ci/test/5f655e40-67d4-410c-84fb-5572da83bba4/phcpack_2.4.88_e448e94a/src/Ada/Root_Counts/Product/standard_complex_prod_systems.adb
Source file time stamp: 2026-07-16 01:03:10
Compiled at: 2026-07-16 01:04:09
 49 lines: No errors
   [Ada]          standard_complex_prod_systems_io.adb

GNAT 10.3.0
Copyright 1992-2020, Free Software Foundation, Inc.

Compiling: /home/runner/work/alire-crates-ci/alire-crates-ci/test/5f655e40-67d4-410c-84fb-5572da83bba4/phcpack_2.4.88_e448e94a/src/Ada/Root_Counts/Product/standard_complex_prod_systems_io.adb
Source file time stamp: 2026-07-16 01:03:10
Compiled at: 2026-07-16 01:04:09
 154 lines: No errors
   [Ada]          standard_linear_product_system.adb

GNAT 10.3.0
Copyright 1992-2020, Free Software Foundation, Inc.

Compiling: /home/runner/work/alire-crates-ci/alire-crates-ci/test/5f655e40-67d4-410c-84fb-5572da83bba4/phcpack_2.4.88_e448e94a/src/Ada/Root_Counts/Product/set_structure.adb
Source file time stamp: 2026-07-16 01:03:10
Compiled at: 2026-07-16 01:04:09
 239 lines: No errors
   [Ada]          total_degree_start_systems.adb

GNAT 10.3.0
Copyright 1992-2020, Free Software Foundation, Inc.

Compiling: /home/runner/work/alire-crates-ci/alire-crates-ci/test/5f655e40-67d4-410c-84fb-5572da83bba4/phcpack_2.4.88_e448e94a/src/Ada/Root_Counts/Product/standard_complex_prod_planes.adb
Source file time stamp: 2026-07-16 01:03:10
Compiled at: 2026-07-16 01:04:09
 242 lines: No errors
   [Ada]          multprec_natural_numbers.adb

GNAT 10.3.0
Copyright 1992-2020, Free Software Foundation, Inc.

Compiling: /home/runner/work/alire-crates-ci/alire-crates-ci/test/5f655e40-67d4-410c-84fb-5572da83bba4/phcpack_2.4.88_e448e94a/src/Ada/Root_Counts/Product/total_degree_start_systems.adb
Source file time stamp: 2026-07-16 01:03:10
Compiled at: 2026-07-16 01:04:09
 535 lines: No errors
   [Ada]          partitions_of_sets_of_unknowns.adb

GNAT 10.3.0
Copyright 1992-2020, Free Software Foundation, Inc.

Compiling: /home/runner/work/alire-crates-ci/alire-crates-ci/test/5f655e40-67d4-410c-84fb-5572da83bba4/phcpack_2.4.88_e448e94a/src/Ada/Root_Counts/Product/partitions_of_sets_of_unknowns.adb
Source file time stamp: 2026-07-16 01:03:10
Compiled at: 2026-07-16 01:04:09
 183 lines: No errors
   [Ada]          bablsolve.adb

GNAT 10.3.0
Copyright 1992-2020, Free Software Foundation, Inc.

Compiling: /home/runner/work/alire-crates-ci/alire-crates-ci/test/5f655e40-67d4-410c-84fb-5572da83bba4/phcpack_2.4.88_e448e94a/src/Ada/Math_Lib/Numbers/multprec_natural_numbers.adb
Source file time stamp: 2026-07-16 01:03:09
Compiled at: 2026-07-16 01:04:09
 1398 lines: No errors
   [Ada]          black_box_linear_solvers.adb

GNAT 10.3.0
Copyright 1992-2020, Free Software Foundation, Inc.

Compiling: /home/runner/work/alire-crates-ci/alire-crates-ci/test/5f655e40-67d4-410c-84fb-5572da83bba4/phcpack_2.4.88_e448e94a/src/Ada/Components/Solver/bablsolve.adb
Source file time stamp: 2026-07-16 01:03:09
Compiled at: 2026-07-16 01:04:09
 35 lines: No errors
   [Ada]          black_box_single_solvers.adb

GNAT 10.3.0
Copyright 1992-2020, Free Software Foundation, Inc.

Compiling: /home/runner/work/alire-crates-ci/alire-crates-ci/test/5f655e40-67d4-410c-84fb-5572da83bba4/phcpack_2.4.88_e448e94a/src/Ada/Main/black_box_single_solvers.adb
Source file time stamp: 2026-07-16 01:03:09
Compiled at: 2026-07-16 01:04:10
 154 lines: No errors
   [Ada]          black_box_square_solvers.adb

GNAT 10.3.0
Copyright 1992-2020, Free Software Foundation, Inc.

Compiling: /home/runner/work/alire-crates-ci/alire-crates-ci/test/5f655e40-67d4-410c-84fb-5572da83bba4/phcpack_2.4.88_e448e94a/src/Ada/Main/black_box_linear_solvers.adb
Source file time stamp: 2026-07-16 01:03:09
Compiled at: 2026-07-16 01:04:10
 148 lines: No errors
   [Ada]          dobldobl_system_readers.adb

GNAT 10.3.0
Copyright 1992-2020, Free Software Foundation, Inc.

Compiling: /home/runner/work/alire-crates-ci/alire-crates-ci/test/5f655e40-67d4-410c-84fb-5572da83bba4/phcpack_2.4.88_e448e94a/src/Ada/Math_Lib/Polynomials/dobldobl_system_readers.adb
Source file time stamp: 2026-07-16 01:03:09
Compiled at: 2026-07-16 01:04:10
 33 lines: No errors
   [Ada]          embeddings_and_cascades.adb

GNAT 10.3.0
Copyright 1992-2020, Free Software Foundation, Inc.

Compiling: /home/runner/work/alire-crates-ci/alire-crates-ci/test/5f655e40-67d4-410c-84fb-5572da83bba4/phcpack_2.4.88_e448e94a/src/Ada/Root_Counts/Product/standard_linear_product_system.adb
Source file time stamp: 2026-07-16 01:03:10
Compiled at: 2026-07-16 01:04:09
 833 lines: No errors
   [Ada]          greetings_and_conclusions.adb

GNAT 10.3.0
Copyright 1992-2020, Free Software Foundation, Inc.

Compiling: /home/runner/work/alire-crates-ci/alire-crates-ci/test/5f655e40-67d4-410c-84fb-5572da83bba4/phcpack_2.4.88_e448e94a/src/Ada/Main/greetings_and_conclusions.adb
Source file time stamp: 2026-07-16 01:03:09
Compiled at: 2026-07-16 01:04:10
 64 lines: No errors
   [Ada]          quaddobl_system_readers.adb

GNAT 10.3.0
Copyright 1992-2020, Free Software Foundation, Inc.

Compiling: /home/runner/work/alire-crates-ci/alire-crates-ci/test/5f655e40-67d4-410c-84fb-5572da83bba4/phcpack_2.4.88_e448e94a/src/Ada/Math_Lib/Polynomials/quaddobl_system_readers.adb
Source file time stamp: 2026-07-16 01:03:09
Compiled at: 2026-07-16 01:04:10
 33 lines: No errors
   [Ada]          standard_system_readers.adb

GNAT 10.3.0
Copyright 1992-2020, Free Software Foundation, Inc.

Compiling: /home/runner/work/alire-crates-ci/alire-crates-ci/test/5f655e40-67d4-410c-84fb-5572da83bba4/phcpack_2.4.88_e448e94a/src/Ada/Math_Lib/Polynomials/standard_system_readers.adb
Source file time stamp: 2026-07-16 01:03:09
Compiled at: 2026-07-16 01:04:10
 33 lines: No errors
   [Ada]          standard_dictionary_solutions_io.adb

GNAT 10.3.0
Copyright 1992-2020, Free Software Foundation, Inc.

Compiling: /home/runner/work/alire-crates-ci/alire-crates-ci/test/5f655e40-67d4-410c-84fb-5572da83bba4/phcpack_2.4.88_e448e94a/src/Ada/Main/black_box_square_solvers.adb
Source file time stamp: 2026-07-16 01:03:09
Compiled at: 2026-07-16 01:04:10
 786 lines: No errors
   [Ada]          add_and_remove_embedding.adb

GNAT 10.3.0
Copyright 1992-2020, Free Software Foundation, Inc.

Compiling: /home/runner/work/alire-crates-ci/alire-crates-ci/test/5f655e40-67d4-410c-84fb-5572da83bba4/phcpack_2.4.88_e448e94a/src/Ada/Components/Decomposition/embeddings_and_cascades.adb
Source file time stamp: 2026-07-16 01:03:09
Compiled at: 2026-07-16 01:04:10
 990 lines: No errors
   [Ada]          black_box_binomial_solvers.adb

GNAT 10.3.0
Copyright 1992-2020, Free Software Foundation, Inc.

Compiling: /home/runner/work/alire-crates-ci/alire-crates-ci/test/5f655e40-67d4-410c-84fb-5572da83bba4/phcpack_2.4.88_e448e94a/src/Ada/Deformations/Solutions/standard_dictionary_solutions_io.adb
Source file time stamp: 2026-07-16 01:03:09
Compiled at: 2026-07-16 01:04:10
 275 lines: No errors
   [Ada]          driver_to_rank_supports.adb

GNAT 10.3.0
Copyright 1992-2020, Free Software Foundation, Inc.

Compiling: /home/runner/work/alire-crates-ci/alire-crates-ci/test/5f655e40-67d4-410c-84fb-5572da83bba4/phcpack_2.4.88_e448e94a/src/Ada/Root_Counts/Binomials/black_box_binomial_solvers.adb
Source file time stamp: 2026-07-16 01:03:10
Compiled at: 2026-07-16 01:04:10
 195 lines: No errors
   [Ada]          drivers_to_cascade_filtering.adb

GNAT 10.3.0
Copyright 1992-2020, Free Software Foundation, Inc.

Compiling: /home/runner/work/alire-crates-ci/alire-crates-ci/test/5f655e40-67d4-410c-84fb-5572da83bba4/phcpack_2.4.88_e448e94a/src/Ada/Root_Counts/Implift/driver_to_rank_supports.adb
Source file time stamp: 2026-07-16 01:03:10
Compiled at: 2026-07-16 01:04:10
 125 lines: No errors
   [Ada]          drivers_to_intersect_varieties.adb

GNAT 10.3.0
Copyright 1992-2020, Free Software Foundation, Inc.

Compiling: /home/runner/work/alire-crates-ci/alire-crates-ci/test/5f655e40-67d4-410c-84fb-5572da83bba4/phcpack_2.4.88_e448e94a/src/Ada/Components/Decomposition/add_and_remove_embedding.adb
Source file time stamp: 2026-07-16 01:03:09
Compiled at: 2026-07-16 01:04:10
 448 lines: No errors
   [Ada]          drivers_to_witness_generate.adb

GNAT 10.3.0
Copyright 1992-2020, Free Software Foundation, Inc.

Compiling: /home/runner/work/alire-crates-ci/alire-crates-ci/test/5f655e40-67d4-410c-84fb-5572da83bba4/phcpack_2.4.88_e448e94a/src/Ada/Components/Decomposition/drivers_to_cascade_filtering.adb
Source file time stamp: 2026-07-16 01:03:09
Compiled at: 2026-07-16 01:04:10
 315 lines: No errors
   [Ada]          extrinsic_diagonal_continuation.adb

GNAT 10.3.0
Copyright 1992-2020, Free Software Foundation, Inc.

Compiling: /home/runner/work/alire-crates-ci/alire-crates-ci/test/5f655e40-67d4-410c-84fb-5572da83bba4/phcpack_2.4.88_e448e94a/src/Ada/Components/Decomposition/drivers_to_witness_generate.adb
Source file time stamp: 2026-07-16 01:03:09
Compiled at: 2026-07-16 01:04:11
 457 lines: No errors
   [Ada]          extrinsic_diagonal_homotopies_io.adb

GNAT 10.3.0
Copyright 1992-2020, Free Software Foundation, Inc.

Compiling: /home/runner/work/alire-crates-ci/alire-crates-ci/test/5f655e40-67d4-410c-84fb-5572da83bba4/phcpack_2.4.88_e448e94a/src/Ada/Root_Counts/Stalift/integer_polyhedral_continuation.adb
Source file time stamp: 2026-07-16 01:03:10
Compiled at: 2026-07-16 01:04:05
 889 lines: No errors
   [Ada]          extrinsic_diagonal_solvers.adb

GNAT 10.3.0
Copyright 1992-2020, Free Software Foundation, Inc.

Compiling: /home/runner/work/alire-crates-ci/alire-crates-ci/test/5f655e40-67d4-410c-84fb-5572da83bba4/phcpack_2.4.88_e448e94a/src/Ada/Components/Decomposition/extrinsic_diagonal_homotopies_io.adb
Source file time stamp: 2026-07-16 01:03:09
Compiled at: 2026-07-16 01:04:11
 456 lines: No errors
   [Ada]          intrinsic_witness_sets_io.adb

GNAT 10.3.0
Copyright 1992-2020, Free Software Foundation, Inc.

Compiling: /home/runner/work/alire-crates-ci/alire-crates-ci/test/5f655e40-67d4-410c-84fb-5572da83bba4/phcpack_2.4.88_e448e94a/src/Ada/Components/Decomposition/extrinsic_diagonal_solvers.adb
Source file time stamp: 2026-07-16 01:03:09
Compiled at: 2026-07-16 01:04:11
 1375 lines: No errors
   [Ada]          standard_monomial_map_filters.adb

GNAT 10.3.0
Copyright 1992-2020, Free Software Foundation, Inc.

Compiling: /home/runner/work/alire-crates-ci/alire-crates-ci/test/5f655e40-67d4-410c-84fb-5572da83bba4/phcpack_2.4.88_e448e94a/src/Ada/Root_Counts/Binomials/standard_monomial_map_filters.adb
Source file time stamp: 2026-07-16 01:03:10
Compiled at: 2026-07-16 01:04:12
 584 lines: No errors
   [Ada]          standard_monomial_maps.adb

GNAT 10.3.0
Copyright 1992-2020, Free Software Foundation, Inc.

Compiling: /home/runner/work/alire-crates-ci/alire-crates-ci/test/5f655e40-67d4-410c-84fb-5572da83bba4/phcpack_2.4.88_e448e94a/src/Ada/Root_Counts/Binomials/standard_monomial_maps.adb
Source file time stamp: 2026-07-16 01:03:10
Compiled at: 2026-07-16 01:04:12
 368 lines: No errors
   [Ada]          standard_monomial_maps_io.adb

GNAT 10.3.0
Copyright 1992-2020, Free Software Foundation, Inc.

Compiling: /home/runner/work/alire-crates-ci/alire-crates-ci/test/5f655e40-67d4-410c-84fb-5572da83bba4/phcpack_2.4.88_e448e94a/src/Ada/Components/Samplers/intrinsic_witness_sets_io.adb
Source file time stamp: 2026-07-16 01:03:09
Compiled at: 2026-07-16 01:04:11
 1389 lines: No errors
   [Ada]          witness_sets.adb

GNAT 10.3.0
Copyright 1992-2020, Free Software Foundation, Inc.

Compiling: /home/runner/work/alire-crates-ci/alire-crates-ci/test/5f655e40-67d4-410c-84fb-5572da83bba4/phcpack_2.4.88_e448e94a/src/Ada/Root_Counts/Binomials/standard_monomial_maps_io.adb
Source file time stamp: 2026-07-16 01:03:10
Compiled at: 2026-07-16 01:04:13
 639 lines: No errors
   [Ada]          driver_for_common_factor.adb

GNAT 10.3.0
Copyright 1992-2020, Free Software Foundation, Inc.

Compiling: /home/runner/work/alire-crates-ci/alire-crates-ci/test/5f655e40-67d4-410c-84fb-5572da83bba4/phcpack_2.4.88_e448e94a/src/Ada/Components/Tropical/driver_for_common_factor.adb
Source file time stamp: 2026-07-16 01:03:09
Compiled at: 2026-07-16 01:04:13
 164 lines: No errors
   [Ada]          drivers_to_breakup_solutions.adb

GNAT 10.3.0
Copyright 1992-2020, Free Software Foundation, Inc.

Compiling: /home/runner/work/alire-crates-ci/alire-crates-ci/test/5f655e40-67d4-410c-84fb-5572da83bba4/phcpack_2.4.88_e448e94a/src/Ada/Components/Decomposition/extrinsic_diagonal_continuation.adb
Source file time stamp: 2026-07-16 01:03:09
Compiled at: 2026-07-16 01:04:11
 367 lines: No errors
   [Ada]          drivers_to_factor_components.adb

GNAT 10.3.0
Copyright 1992-2020, Free Software Foundation, Inc.

Compiling: /home/runner/work/alire-crates-ci/alire-crates-ci/test/5f655e40-67d4-410c-84fb-5572da83bba4/phcpack_2.4.88_e448e94a/src/Ada/Components/Factorization/drivers_to_breakup_solutions.adb
Source file time stamp: 2026-07-16 01:03:09
Compiled at: 2026-07-16 01:04:13
 1023 lines: No errors
   [Ada]          drivers_to_factor_polynomials.adb

GNAT 10.3.0
Copyright 1992-2020, Free Software Foundation, Inc.

Compiling: /home/runner/work/alire-crates-ci/alire-crates-ci/test/5f655e40-67d4-410c-84fb-5572da83bba4/phcpack_2.4.88_e448e94a/src/Ada/Components/Decomposition/drivers_to_intersect_varieties.adb
Source file time stamp: 2026-07-16 01:03:09
Compiled at: 2026-07-16 01:04:11
 293 lines: No errors
   [Ada]          homotopy_membership_tests.adb

GNAT 10.3.0
Copyright 1992-2020, Free Software Foundation, Inc.

Compiling: /home/runner/work/alire-crates-ci/alire-crates-ci/test/5f655e40-67d4-410c-84fb-5572da83bba4/phcpack_2.4.88_e448e94a/src/Ada/Components/Factorization/drivers_to_factor_components.adb
Source file time stamp: 2026-07-16 01:03:09
Compiled at: 2026-07-16 01:04:14
 741 lines: No errors
   [Ada]          main_solution_filters.adb

GNAT 10.3.0
Copyright 1992-2020, Free Software Foundation, Inc.

Compiling: /home/runner/work/alire-crates-ci/alire-crates-ci/test/5f655e40-67d4-410c-84fb-5572da83bba4/phcpack_2.4.88_e448e94a/src/Ada/Deformations/Solutions/main_solution_filters.adb
Source file time stamp: 2026-07-16 01:03:09
Compiled at: 2026-07-16 01:04:14
 720 lines: No errors
   [Ada]          make_sample_grids.adb

GNAT 10.3.0
Copyright 1992-2020, Free Software Foundation, Inc.

Compiling: /home/runner/work/alire-crates-ci/alire-crates-ci/test/5f655e40-67d4-410c-84fb-5572da83bba4/phcpack_2.4.88_e448e94a/src/Ada/Components/Factorization/drivers_to_factor_polynomials.adb
Source file time stamp: 2026-07-16 01:03:09
Compiled at: 2026-07-16 01:04:14
 1335 lines: No errors
   [Ada]          multitasking_membership_tests.adb

GNAT 10.3.0
Copyright 1992-2020, Free Software Foundation, Inc.

Compiling: /home/runner/work/alire-crates-ci/alire-crates-ci/test/5f655e40-67d4-410c-84fb-5572da83bba4/phcpack_2.4.88_e448e94a/src/Ada/Components/Samplers/make_sample_grids.adb
Source file time stamp: 2026-07-16 01:03:09
Compiled at: 2026-07-16 01:04:15
 486 lines: No errors
   [Ada]          multprec_stacked_sample_grids.adb

GNAT 10.3.0
Copyright 1992-2020, Free Software Foundation, Inc.

Compiling: /home/runner/work/alire-crates-ci/alire-crates-ci/test/5f655e40-67d4-410c-84fb-5572da83bba4/phcpack_2.4.88_e448e94a/src/Ada/Components/Samplers/witness_sets.adb
Source file time stamp: 2026-07-16 01:03:09
Compiled at: 2026-07-16 01:04:13
 2753 lines: No errors
   [Ada]          multprec_trace_interpolators.adb

GNAT 10.3.0
Copyright 1992-2020, Free Software Foundation, Inc.

Compiling: /home/runner/work/alire-crates-ci/alire-crates-ci/test/5f655e40-67d4-410c-84fb-5572da83bba4/phcpack_2.4.88_e448e94a/src/Ada/Tasking/multitasking_membership_tests.adb
Source file time stamp: 2026-07-16 01:03:10
Compiled at: 2026-07-16 01:04:15
 1040 lines: No errors
   [Ada]          numbers_io.adb

GNAT 10.3.0
Copyright 1992-2020, Free Software Foundation, Inc.

Compiling: /home/runner/work/alire-crates-ci/alire-crates-ci/test/5f655e40-67d4-410c-84fb-5572da83bba4/phcpack_2.4.88_e448e94a/src/Ada/Math_Lib/Numbers/numbers_io.adb
Source file time stamp: 2026-07-16 01:03:09
Compiled at: 2026-07-16 01:04:15
 139 lines: No errors
   [Ada]          sample_point_lists.adb

GNAT 10.3.0
Copyright 1992-2020, Free Software Foundation, Inc.

Compiling: /home/runner/work/alire-crates-ci/alire-crates-ci/test/5f655e40-67d4-410c-84fb-5572da83bba4/phcpack_2.4.88_e448e94a/src/Ada/Components/Factorization/homotopy_membership_tests.adb
Source file time stamp: 2026-07-16 01:03:09
Compiled at: 2026-07-16 01:04:14
 1859 lines: No errors
   [Ada]          sampling_machine.adb

GNAT 10.3.0
Copyright 1992-2020, Free Software Foundation, Inc.

Compiling: /home/runner/work/alire-crates-ci/alire-crates-ci/test/5f655e40-67d4-410c-84fb-5572da83bba4/phcpack_2.4.88_e448e94a/src/Ada/Components/Samplers/sample_point_lists.adb
Source file time stamp: 2026-07-16 01:03:09
Compiled at: 2026-07-16 01:04:15
 649 lines: No errors
   [Ada]          standard_complex_polynomials_io.adb

GNAT 10.3.0
Copyright 1992-2020, Free Software Foundation, Inc.

Compiling: /home/runner/work/alire-crates-ci/alire-crates-ci/test/5f655e40-67d4-410c-84fb-5572da83bba4/phcpack_2.4.88_e448e94a/src/Ada/Components/Samplers/multprec_stacked_sample_grids.adb
Source file time stamp: 2026-07-16 01:03:09
Compiled at: 2026-07-16 01:04:15
 499 lines: No errors
   [Ada]          standard_stacked_sample_grids.adb

GNAT 10.3.0
Copyright 1992-2020, Free Software Foundation, Inc.

Compiling: /home/runner/work/alire-crates-ci/alire-crates-ci/test/5f655e40-67d4-410c-84fb-5572da83bba4/phcpack_2.4.88_e448e94a/src/Ada/Math_Lib/Polynomials/standard_complex_polynomials_io.adb
Source file time stamp: 2026-07-16 01:03:09
Compiled at: 2026-07-16 01:04:16
 979 lines: No errors
   [Ada]          standard_trace_interpolators.adb

GNAT 10.3.0
Copyright 1992-2020, Free Software Foundation, Inc.

Compiling: /home/runner/work/alire-crates-ci/alire-crates-ci/test/5f655e40-67d4-410c-84fb-5572da83bba4/phcpack_2.4.88_e448e94a/src/Ada/Components/Interpolators/multprec_trace_interpolators.adb
Source file time stamp: 2026-07-16 01:03:09
Compiled at: 2026-07-16 01:04:15
 1463 lines: No errors
   [Ada]          dobldobl_complex_laur_strings.adb

GNAT 10.3.0
Copyright 1992-2020, Free Software Foundation, Inc.

Compiling: /home/runner/work/alire-crates-ci/alire-crates-ci/test/5f655e40-67d4-410c-84fb-5572da83bba4/phcpack_2.4.88_e448e94a/src/Ada/Math_Lib/Polynomials/dobldobl_complex_laur_strings.adb
Source file time stamp: 2026-07-16 01:03:10
Compiled at: 2026-07-16 01:04:17
 119 lines: No errors
   [Ada]          dobldobl_complex_poly_strings.adb

GNAT 10.3.0
Copyright 1992-2020, Free Software Foundation, Inc.

Compiling: /home/runner/work/alire-crates-ci/alire-crates-ci/test/5f655e40-67d4-410c-84fb-5572da83bba4/phcpack_2.4.88_e448e94a/src/Ada/Components/Samplers/standard_stacked_sample_grids.adb
Source file time stamp: 2026-07-16 01:03:09
Compiled at: 2026-07-16 01:04:16
 440 lines: No errors
   [Ada]          dobldobl_complex_to_real_poly.adb

GNAT 10.3.0
Copyright 1992-2020, Free Software Foundation, Inc.

Compiling: /home/runner/work/alire-crates-ci/alire-crates-ci/test/5f655e40-67d4-410c-84fb-5572da83bba4/phcpack_2.4.88_e448e94a/src/Ada/Math_Lib/Polynomials/dobldobl_complex_to_real_poly.adb
Source file time stamp: 2026-07-16 01:03:09
Compiled at: 2026-07-16 01:04:17
 159 lines: No errors
   [Ada]          dobldobl_laurent_homotopy.adb

GNAT 10.3.0
Copyright 1992-2020, Free Software Foundation, Inc.

Compiling: /home/runner/work/alire-crates-ci/alire-crates-ci/test/5f655e40-67d4-410c-84fb-5572da83bba4/phcpack_2.4.88_e448e94a/src/Ada/Math_Lib/Polynomials/dobldobl_complex_poly_strings.adb
Source file time stamp: 2026-07-16 01:03:10
Compiled at: 2026-07-16 01:04:17
 235 lines: No errors
   [Ada]          dobldobl_parameter_systems.adb

GNAT 10.3.0
Copyright 1992-2020, Free Software Foundation, Inc.

Compiling: /home/runner/work/alire-crates-ci/alire-crates-ci/test/5f655e40-67d4-410c-84fb-5572da83bba4/phcpack_2.4.88_e448e94a/src/Ada/Deformations/Sweep/dobldobl_parameter_systems.adb
Source file time stamp: 2026-07-16 01:03:09
Compiled at: 2026-07-16 01:04:17
 170 lines: No errors
   [Ada]          multitasking_continuation.adb

GNAT 10.3.0
Copyright 1992-2020, Free Software Foundation, Inc.

Compiling: /home/runner/work/alire-crates-ci/alire-crates-ci/test/5f655e40-67d4-410c-84fb-5572da83bba4/phcpack_2.4.88_e448e94a/src/Ada/Components/Interpolators/standard_trace_interpolators.adb
Source file time stamp: 2026-07-16 01:03:09
Compiled at: 2026-07-16 01:04:16
 1516 lines: No errors
   [Ada]          parameter_homotopy_continuation.adb

GNAT 10.3.0
Copyright 1992-2020, Free Software Foundation, Inc.

Compiling: /home/runner/work/alire-crates-ci/alire-crates-ci/test/5f655e40-67d4-410c-84fb-5572da83bba4/phcpack_2.4.88_e448e94a/src/Ada/Tasking/multitasking_continuation.adb
Source file time stamp: 2026-07-16 01:03:10
Compiled at: 2026-07-16 01:04:17
 808 lines: No errors
   [Ada]          projective_transformations.adb

GNAT 10.3.0
Copyright 1992-2020, Free Software Foundation, Inc.

Compiling: /home/runner/work/alire-crates-ci/alire-crates-ci/test/5f655e40-67d4-410c-84fb-5572da83bba4/phcpack_2.4.88_e448e94a/src/Ada/Deformations/Homotopy/dobldobl_laurent_homotopy.adb
Source file time stamp: 2026-07-16 01:03:09
Compiled at: 2026-07-16 01:04:17
 742 lines: No errors
   [Ada]          quaddobl_complex_laur_strings.adb

GNAT 10.3.0
Copyright 1992-2020, Free Software Foundation, Inc.

Compiling: /home/runner/work/alire-crates-ci/alire-crates-ci/test/5f655e40-67d4-410c-84fb-5572da83bba4/phcpack_2.4.88_e448e94a/src/Ada/Math_Lib/Polynomials/quaddobl_complex_laur_strings.adb
Source file time stamp: 2026-07-16 01:03:10
Compiled at: 2026-07-16 01:04:18
 119 lines: No errors
   [Ada]          quaddobl_complex_poly_strings.adb

GNAT 10.3.0
Copyright 1992-2020, Free Software Foundation, Inc.

Compiling: /home/runner/work/alire-crates-ci/alire-crates-ci/test/5f655e40-67d4-410c-84fb-5572da83bba4/phcpack_2.4.88_e448e94a/src/Ada/Math_Lib/Polynomials/quaddobl_complex_poly_strings.adb
Source file time stamp: 2026-07-16 01:03:10
Compiled at: 2026-07-16 01:04:18
 236 lines: No errors
   [Ada]          quaddobl_complex_to_real_poly.adb

GNAT 10.3.0
Copyright 1992-2020, Free Software Foundation, Inc.

Compiling: /home/runner/work/alire-crates-ci/alire-crates-ci/test/5f655e40-67d4-410c-84fb-5572da83bba4/phcpack_2.4.88_e448e94a/src/Ada/Math_Lib/Polynomials/quaddobl_complex_to_real_poly.adb
Source file time stamp: 2026-07-16 01:03:09
Compiled at: 2026-07-16 01:04:19
 159 lines: No errors
   [Ada]          quaddobl_laurent_homotopy.adb

GNAT 10.3.0
Copyright 1992-2020, Free Software Foundation, Inc.

Compiling: /home/runner/work/alire-crates-ci/alire-crates-ci/test/5f655e40-67d4-410c-84fb-5572da83bba4/phcpack_2.4.88_e448e94a/src/Ada/Deformations/Homotopy/projective_transformations.adb
Source file time stamp: 2026-07-16 01:03:09
Compiled at: 2026-07-16 01:04:18
 1459 lines: No errors
   [Ada]          quaddobl_parameter_systems.adb

GNAT 10.3.0
Copyright 1992-2020, Free Software Foundation, Inc.

Compiling: /home/runner/work/alire-crates-ci/alire-crates-ci/test/5f655e40-67d4-410c-84fb-5572da83bba4/phcpack_2.4.88_e448e94a/src/Ada/Deformations/Sweep/quaddobl_parameter_systems.adb
Source file time stamp: 2026-07-16 01:03:09
Compiled at: 2026-07-16 01:04:19
 169 lines: No errors
   [Ada]          standard_complex_laur_strings.adb

GNAT 10.3.0
Copyright 1992-2020, Free Software Foundation, Inc.

Compiling: /home/runner/work/alire-crates-ci/alire-crates-ci/test/5f655e40-67d4-410c-84fb-5572da83bba4/phcpack_2.4.88_e448e94a/src/Ada/Deformations/Homotopy/quaddobl_laurent_homotopy.adb
Source file time stamp: 2026-07-16 01:03:09
Compiled at: 2026-07-16 01:04:19
 742 lines: No errors
   [Ada]          standard_complex_to_real_poly.adb

GNAT 10.3.0
Copyright 1992-2020, Free Software Foundation, Inc.

Compiling: /home/runner/work/alire-crates-ci/alire-crates-ci/test/5f655e40-67d4-410c-84fb-5572da83bba4/phcpack_2.4.88_e448e94a/src/Ada/Math_Lib/Polynomials/standard_complex_laur_strings.adb
Source file time stamp: 2026-07-16 01:03:10
Compiled at: 2026-07-16 01:04:19
 633 lines: No errors
   [Ada]          standard_laurent_homotopy.adb

GNAT 10.3.0
Copyright 1992-2020, Free Software Foundation, Inc.

Compiling: /home/runner/work/alire-crates-ci/alire-crates-ci/test/5f655e40-67d4-410c-84fb-5572da83bba4/phcpack_2.4.88_e448e94a/src/Ada/Math_Lib/Polynomials/standard_complex_to_real_poly.adb
Source file time stamp: 2026-07-16 01:03:09
Compiled at: 2026-07-16 01:04:20
 159 lines: No errors
   [Ada]          standard_parameter_systems.adb

GNAT 10.3.0
Copyright 1992-2020, Free Software Foundation, Inc.

Compiling: /home/runner/work/alire-crates-ci/alire-crates-ci/test/5f655e40-67d4-410c-84fb-5572da83bba4/phcpack_2.4.88_e448e94a/src/Ada/Deformations/Sweep/standard_parameter_systems.adb
Source file time stamp: 2026-07-16 01:03:09
Compiled at: 2026-07-16 01:04:20
 245 lines: No errors
   [Ada]          string_system_readers.adb

GNAT 10.3.0
Copyright 1992-2020, Free Software Foundation, Inc.

Compiling: /home/runner/work/alire-crates-ci/alire-crates-ci/test/5f655e40-67d4-410c-84fb-5572da83bba4/phcpack_2.4.88_e448e94a/src/Ada/Math_Lib/Polynomials/string_system_readers.adb
Source file time stamp: 2026-07-16 01:03:09
Compiled at: 2026-07-16 01:04:20
 18 lines: No errors
   [Ada]          equation_by_equation_solvers.adb

GNAT 10.3.0
Copyright 1992-2020, Free Software Foundation, Inc.

Compiling: /home/runner/work/alire-crates-ci/alire-crates-ci/test/5f655e40-67d4-410c-84fb-5572da83bba4/phcpack_2.4.88_e448e94a/src/Ada/Components/Solver/equation_by_equation_solvers.adb
Source file time stamp: 2026-07-16 01:03:09
Compiled at: 2026-07-16 01:04:20
 733 lines: No errors
   [Ada]          permutations.adb

GNAT 10.3.0
Copyright 1992-2020, Free Software Foundation, Inc.

Compiling: /home/runner/work/alire-crates-ci/alire-crates-ci/test/5f655e40-67d4-410c-84fb-5572da83bba4/phcpack_2.4.88_e448e94a/src/Ada/Root_Counts/Symmetry/permutations.adb
Source file time stamp: 2026-07-16 01:03:10
Compiled at: 2026-07-16 01:04:21
 63 lines: No errors
   [Ada]          shuffle_polynomials.adb

GNAT 10.3.0
Copyright 1992-2020, Free Software Foundation, Inc.

Compiling: /home/runner/work/alire-crates-ci/alire-crates-ci/test/5f655e40-67d4-410c-84fb-5572da83bba4/phcpack_2.4.88_e448e94a/src/Ada/Components/Solver/shuffle_polynomials.adb
Source file time stamp: 2026-07-16 01:03:09
Compiled at: 2026-07-16 01:04:21
 130 lines: No errors
   [Ada]          standard_complex_poly_functions.ads

GNAT 10.3.0
Copyright 1992-2020, Free Software Foundation, Inc.

Compiling: /home/runner/work/alire-crates-ci/alire-crates-ci/test/5f655e40-67d4-410c-84fb-5572da83bba4/phcpack_2.4.88_e448e94a/src/Ada/Deformations/Homotopy/standard_laurent_homotopy.adb
Source file time stamp: 2026-07-16 01:03:09
Compiled at: 2026-07-16 01:04:20
 734 lines: No errors
   [Ada]          standard_integer_vectors_io.ads

GNAT 10.3.0
Copyright 1992-2020, Free Software Foundation, Inc.

Compiling: /home/runner/work/alire-crates-ci/alire-crates-ci/test/5f655e40-67d4-410c-84fb-5572da83bba4/phcpack_2.4.88_e448e94a/src/Ada/Math_Lib/Vectors/standard_integer_vectors_io.ads
Source file time stamp: 2026-07-16 01:03:10
Compiled at: 2026-07-16 01:04:21
 9 lines: No errors
   [Ada]          dobldobl_complex_laurentials_io.adb

GNAT 10.3.0
Copyright 1992-2020, Free Software Foundation, Inc.

Compiling: /home/runner/work/alire-crates-ci/alire-crates-ci/test/5f655e40-67d4-410c-84fb-5572da83bba4/phcpack_2.4.88_e448e94a/src/Ada/Math_Lib/Polynomials/dobldobl_complex_laurentials_io.adb
Source file time stamp: 2026-07-16 01:03:09
Compiled at: 2026-07-16 01:04:21
 143 lines: No errors
   [Ada]          dobldobl_complex_matrices.ads

GNAT 10.3.0
Copyright 1992-2020, Free Software Foundation, Inc.

Compiling: /home/runner/work/alire-crates-ci/alire-crates-ci/test/5f655e40-67d4-410c-84fb-5572da83bba4/phcpack_2.4.88_e448e94a/src/Ada/Math_Lib/Functions/standard_complex_poly_functions.ads
Source file time stamp: 2026-07-16 01:03:09
Compiled at: 2026-07-16 01:04:21
 12 lines: No errors
   [Ada]          dobldobl_complex_poly_functions.ads

GNAT 10.3.0
Copyright 1992-2020, Free Software Foundation, Inc.

Compiling: /home/runner/work/alire-crates-ci/alire-crates-ci/test/5f655e40-67d4-410c-84fb-5572da83bba4/phcpack_2.4.88_e448e94a/src/Ada/Math_Lib/Matrices/dobldobl_complex_matrices.ads
Source file time stamp: 2026-07-16 01:03:09
Compiled at: 2026-07-16 01:04:21
 10 lines: No errors
   [Ada]          dobldobl_random_vectors.adb

GNAT 10.3.0
Copyright 1992-2020, Free Software Foundation, Inc.

Compiling: /home/runner/work/alire-crates-ci/alire-crates-ci/test/5f655e40-67d4-410c-84fb-5572da83bba4/phcpack_2.4.88_e448e94a/src/Ada/Math_Lib/Vectors/dobldobl_random_vectors.adb
Source file time stamp: 2026-07-16 01:03:10
Compiled at: 2026-07-16 01:04:22
 71 lines: No errors
   [Ada]          hypersurfaces_and_filters.adb

GNAT 10.3.0
Copyright 1992-2020, Free Software Foundation, Inc.

Compiling: /home/runner/work/alire-crates-ci/alire-crates-ci/test/5f655e40-67d4-410c-84fb-5572da83bba4/phcpack_2.4.88_e448e94a/src/Ada/Math_Lib/Functions/dobldobl_complex_poly_functions.ads
Source file time stamp: 2026-07-16 01:03:09
Compiled at: 2026-07-16 01:04:21
 12 lines: No errors
   [Ada]          quaddobl_complex_laurentials_io.adb

GNAT 10.3.0
Copyright 1992-2020, Free Software Foundation, Inc.

Compiling: /home/runner/work/alire-crates-ci/alire-crates-ci/test/5f655e40-67d4-410c-84fb-5572da83bba4/phcpack_2.4.88_e448e94a/src/Ada/Math_Lib/Polynomials/quaddobl_complex_laurentials_io.adb
Source file time stamp: 2026-07-16 01:03:09
Compiled at: 2026-07-16 01:04:22
 143 lines: No errors
   [Ada]          quaddobl_complex_matrices.ads

GNAT 10.3.0
Copyright 1992-2020, Free Software Foundation, Inc.

Compiling: /home/runner/work/alire-crates-ci/alire-crates-ci/test/5f655e40-67d4-410c-84fb-5572da83bba4/phcpack_2.4.88_e448e94a/src/Ada/Components/Solver/hypersurfaces_and_filters.adb
Source file time stamp: 2026-07-16 01:03:09
Compiled at: 2026-07-16 01:04:22
 679 lines: No errors
   [Ada]          quaddobl_complex_poly_functions.ads

GNAT 10.3.0
Copyright 1992-2020, Free Software Foundation, Inc.

Compiling: /home/runner/work/alire-crates-ci/alire-crates-ci/test/5f655e40-67d4-410c-84fb-5572da83bba4/phcpack_2.4.88_e448e94a/src/Ada/Components/Samplers/sampling_machine.adb
Source file time stamp: 2026-07-16 01:03:09
Compiled at: 2026-07-16 01:04:15
 1732 lines: No errors
   [Ada]          quaddobl_random_vectors.adb

GNAT 10.3.0
Copyright 1992-2020, Free Software Foundation, Inc.

Compiling: /home/runner/work/alire-crates-ci/alire-crates-ci/test/5f655e40-67d4-410c-84fb-5572da83bba4/phcpack_2.4.88_e448e94a/src/Ada/Math_Lib/Vectors/quaddobl_random_vectors.adb
Source file time stamp: 2026-07-16 01:03:10
Compiled at: 2026-07-16 01:04:22
 71 lines: No errors
   [Ada]          standard_complex_laurentials_io.adb

GNAT 10.3.0
Copyright 1992-2020, Free Software Foundation, Inc.

Compiling: /home/runner/work/alire-crates-ci/alire-crates-ci/test/5f655e40-67d4-410c-84fb-5572da83bba4/phcpack_2.4.88_e448e94a/src/Ada/Math_Lib/Matrices/quaddobl_complex_matrices.ads
Source file time stamp: 2026-07-16 01:03:09
Compiled at: 2026-07-16 01:04:22
 10 lines: No errors
   [Ada]          multprec_maple_solutions_io.adb

GNAT 10.3.0
Copyright 1992-2020, Free Software Foundation, Inc.

Compiling: /home/runner/work/alire-crates-ci/alire-crates-ci/test/5f655e40-67d4-410c-84fb-5572da83bba4/phcpack_2.4.88_e448e94a/src/Ada/Deformations/Solutions/multprec_maple_solutions_io.adb
Source file time stamp: 2026-07-16 01:03:09
Compiled at: 2026-07-16 01:04:23
 385 lines: No errors
   [Ada]          interactive_pade_trackers.adb

GNAT 10.3.0
Copyright 1992-2020, Free Software Foundation, Inc.

Compiling: /home/runner/work/alire-crates-ci/alire-crates-ci/test/5f655e40-67d4-410c-84fb-5572da83bba4/phcpack_2.4.88_e448e94a/src/Ada/Math_Lib/Functions/quaddobl_complex_poly_functions.ads
Source file time stamp: 2026-07-16 01:03:09
Compiled at: 2026-07-16 01:04:22
 12 lines: No errors
   [Ada]          main_laurent_series_newton.adb

GNAT 10.3.0
Copyright 1992-2020, Free Software Foundation, Inc.

Compiling: /home/runner/work/alire-crates-ci/alire-crates-ci/test/5f655e40-67d4-410c-84fb-5572da83bba4/phcpack_2.4.88_e448e94a/src/Ada/Math_Lib/Polynomials/standard_complex_laurentials_io.adb
Source file time stamp: 2026-07-16 01:03:10
Compiled at: 2026-07-16 01:04:22
 650 lines: No errors
   [Ada]          multitasked_path_convolutions.adb

GNAT 10.3.0
Copyright 1992-2020, Free Software Foundation, Inc.

Compiling: /home/runner/work/alire-crates-ci/alire-crates-ci/test/5f655e40-67d4-410c-84fb-5572da83bba4/phcpack_2.4.88_e448e94a/src/Ada/Math_Lib/Laurent/main_laurent_series_newton.adb
Source file time stamp: 2026-07-16 01:03:09
Compiled at: 2026-07-16 01:04:23
 229 lines: No errors
   [Ada]          newton_fabry_on_homotopy.adb

GNAT 10.3.0
Copyright 1992-2020, Free Software Foundation, Inc.

Compiling: /home/runner/work/alire-crates-ci/alire-crates-ci/test/5f655e40-67d4-410c-84fb-5572da83bba4/phcpack_2.4.88_e448e94a/src/Ada/Deformations/Curves/interactive_pade_trackers.adb
Source file time stamp: 2026-07-16 01:03:10
Compiled at: 2026-07-16 01:04:23
 368 lines: No errors
   [Ada]          regular_newton_puiseux.adb

GNAT 10.3.0
Copyright 1992-2020, Free Software Foundation, Inc.

Compiling: /home/runner/work/alire-crates-ci/alire-crates-ci/test/5f655e40-67d4-410c-84fb-5572da83bba4/phcpack_2.4.88_e448e94a/src/Ada/Deformations/Curves/newton_fabry_on_homotopy.adb
Source file time stamp: 2026-07-16 01:03:09
Compiled at: 2026-07-16 01:04:23
 141 lines: No errors
   [Ada]          run_power_series_methods.adb

GNAT 10.3.0
Copyright 1992-2020, Free Software Foundation, Inc.

Compiling: /home/runner/work/alire-crates-ci/alire-crates-ci/test/5f655e40-67d4-410c-84fb-5572da83bba4/phcpack_2.4.88_e448e94a/src/Ada/Root_Counts/Puiseux/regular_newton_puiseux.adb
Source file time stamp: 2026-07-16 01:03:10
Compiled at: 2026-07-16 01:04:23
 636 lines: No errors
   [Ada]          series_path_trackers.adb

GNAT 10.3.0
Copyright 1992-2020, Free Software Foundation, Inc.

Compiling: /home/runner/work/alire-crates-ci/alire-crates-ci/test/5f655e40-67d4-410c-84fb-5572da83bba4/phcpack_2.4.88_e448e94a/src/Ada/Deformations/Curves/run_power_series_methods.adb
Source file time stamp: 2026-07-16 01:03:09
Compiled at: 2026-07-16 01:04:23
 929 lines: No errors
   [Ada]          track_path_convolutions.adb

GNAT 10.3.0
Copyright 1992-2020, Free Software Foundation, Inc.

Compiling: /home/runner/work/alire-crates-ci/alire-crates-ci/test/5f655e40-67d4-410c-84fb-5572da83bba4/phcpack_2.4.88_e448e94a/src/Ada/Tasking/multitasked_path_convolutions.adb
Source file time stamp: 2026-07-16 01:03:10
Compiled at: 2026-07-16 01:04:23
 874 lines: No errors
   [Ada]          reduction_of_nonsquare_systems.adb

GNAT 10.3.0
Copyright 1992-2020, Free Software Foundation, Inc.

Compiling: /home/runner/work/alire-crates-ci/alire-crates-ci/test/5f655e40-67d4-410c-84fb-5572da83bba4/phcpack_2.4.88_e448e94a/src/Ada/Deformations/Homotopy/reduction_of_nonsquare_systems.adb
Source file time stamp: 2026-07-16 01:03:09
Compiled at: 2026-07-16 01:04:24
 49 lines: No errors
   [Ada]          reduction_of_polynomial_systems.adb

GNAT 10.3.0
Copyright 1992-2020, Free Software Foundation, Inc.

Compiling: /home/runner/work/alire-crates-ci/alire-crates-ci/test/5f655e40-67d4-410c-84fb-5572da83bba4/phcpack_2.4.88_e448e94a/src/Ada/Deformations/Curves/track_path_convolutions.adb
Source file time stamp: 2026-07-16 01:03:09
Compiled at: 2026-07-16 01:04:24
 579 lines: No errors
   [Ada]          bye_bye_message.adb

GNAT 10.3.0
Copyright 1992-2020, Free Software Foundation, Inc.

Compiling: /home/runner/work/alire-crates-ci/alire-crates-ci/test/5f655e40-67d4-410c-84fb-5572da83bba4/phcpack_2.4.88_e448e94a/src/Ada/System/bye_bye_message.adb
Source file time stamp: 2026-07-16 01:03:10
Compiled at: 2026-07-16 01:04:24
 59 lines: No errors
   [Ada]          driver_for_own_start_system.adb

GNAT 10.3.0
Copyright 1992-2020, Free Software Foundation, Inc.

Compiling: /home/runner/work/alire-crates-ci/alire-crates-ci/test/5f655e40-67d4-410c-84fb-5572da83bba4/phcpack_2.4.88_e448e94a/src/Ada/Main/driver_for_own_start_system.adb
Source file time stamp: 2026-07-16 01:03:09
Compiled at: 2026-07-16 01:04:25
 45 lines: No errors
   [Ada]          driver_for_symmetric_set_structure.adb

GNAT 10.3.0
Copyright 1992-2020, Free Software Foundation, Inc.

Compiling: /home/runner/work/alire-crates-ci/alire-crates-ci/test/5f655e40-67d4-410c-84fb-5572da83bba4/phcpack_2.4.88_e448e94a/src/Ada/Deformations/Homotopy/reduction_of_polynomial_systems.adb
Source file time stamp: 2026-07-16 01:03:09
Compiled at: 2026-07-16 01:04:24
 669 lines: No errors
   [Ada]          drivers_for_dynamic_lifting.adb

GNAT 10.3.0
Copyright 1992-2020, Free Software Foundation, Inc.

Compiling: /home/runner/work/alire-crates-ci/alire-crates-ci/test/5f655e40-67d4-410c-84fb-5572da83bba4/phcpack_2.4.88_e448e94a/src/Ada/Root_Counts/Symmetry/driver_for_symmetric_set_structure.adb
Source file time stamp: 2026-07-16 01:03:10
Compiled at: 2026-07-16 01:04:25
 268 lines: No errors
   [Ada]          drivers_for_implicit_lifting.adb

GNAT 10.3.0
Copyright 1992-2020, Free Software Foundation, Inc.

Compiling: /home/runner/work/alire-crates-ci/alire-crates-ci/test/5f655e40-67d4-410c-84fb-5572da83bba4/phcpack_2.4.88_e448e94a/src/Ada/Root_Counts/Implift/drivers_for_implicit_lifting.adb
Source file time stamp: 2026-07-16 01:03:10
Compiled at: 2026-07-16 01:04:25
 251 lines: No errors
   [Ada]          drivers_for_symmetric_lifting.adb

GNAT 10.3.0
Copyright 1992-2020, Free Software Foundation, Inc.

Compiling: /home/runner/work/alire-crates-ci/alire-crates-ci/test/5f655e40-67d4-410c-84fb-5572da83bba4/phcpack_2.4.88_e448e94a/src/Ada/Deformations/Curves/series_path_trackers.adb
Source file time stamp: 2026-07-16 01:03:09
Compiled at: 2026-07-16 01:04:24
 1454 lines: No errors
   [Ada]          lists_of_integer_vectors.ads

GNAT 10.3.0
Copyright 1992-2020, Free Software Foundation, Inc.

Compiling: /home/runner/work/alire-crates-ci/alire-crates-ci/test/5f655e40-67d4-410c-84fb-5572da83bba4/phcpack_2.4.88_e448e94a/src/Ada/Math_Lib/Supports/lists_of_integer_vectors.ads
Source file time stamp: 2026-07-16 01:03:10
Compiled at: 2026-07-16 01:04:25
 12 lines: No errors
   [Ada]          main_m_homogenization.adb

GNAT 10.3.0
Copyright 1992-2020, Free Software Foundation, Inc.

Compiling: /home/runner/work/alire-crates-ci/alire-crates-ci/test/5f655e40-67d4-410c-84fb-5572da83bba4/phcpack_2.4.88_e448e94a/src/Ada/Root_Counts/Product/main_m_homogenization.adb
Source file time stamp: 2026-07-16 01:03:10
Compiled at: 2026-07-16 01:04:25
 277 lines: No errors
   [Ada]          main_multi_homogenization.adb

GNAT 10.3.0
Copyright 1992-2020, Free Software Foundation, Inc.

Compiling: /home/runner/work/alire-crates-ci/alire-crates-ci/test/5f655e40-67d4-410c-84fb-5572da83bba4/phcpack_2.4.88_e448e94a/src/Ada/Root_Counts/Symmetry/drivers_for_symmetric_lifting.adb
Source file time stamp: 2026-07-16 01:03:10
Compiled at: 2026-07-16 01:04:25

    56.     i(1):="  Symmetric lifting allows one to exploit permutation  symmetries  in";
                  |
        >>> warning: wrong length for array of subtype of "Standard.String" defined at line 53
        >>> warning: "Constraint_Error" will be raised at run time
 1031 lines: No errors, 2 warnings
   [Ada]          main_set_structures.adb

GNAT 10.3.0
Copyright 1992-2020, Free Software Foundation, Inc.

Compiling: /home/runner/work/alire-crates-ci/alire-crates-ci/test/5f655e40-67d4-410c-84fb-5572da83bba4/phcpack_2.4.88_e448e94a/src/Ada/Root_Counts/Product/main_multi_homogenization.adb
Source file time stamp: 2026-07-16 01:03:10
Compiled at: 2026-07-16 01:04:26
 219 lines: No errors
   [Ada]          dobldobl_continuation_data.adb

GNAT 10.3.0
Copyright 1992-2020, Free Software Foundation, Inc.

Compiling: /home/runner/work/alire-crates-ci/alire-crates-ci/test/5f655e40-67d4-410c-84fb-5572da83bba4/phcpack_2.4.88_e448e94a/src/Ada/Root_Counts/Product/main_set_structures.adb
Source file time stamp: 2026-07-16 01:03:10
Compiled at: 2026-07-16 01:04:26
 230 lines: No errors
   [Ada]          dobldobl_intrinsic_continuation.adb

GNAT 10.3.0
Copyright 1992-2020, Free Software Foundation, Inc.

Compiling: /home/runner/work/alire-crates-ci/alire-crates-ci/test/5f655e40-67d4-410c-84fb-5572da83bba4/phcpack_2.4.88_e448e94a/src/Ada/Root_Counts/Dynlift/drivers_for_dynamic_lifting.adb
Source file time stamp: 2026-07-16 01:03:10
Compiled at: 2026-07-16 01:04:25
 879 lines: No errors
   [Ada]          dobldobl_moving_planes.adb

GNAT 10.3.0
Copyright 1992-2020, Free Software Foundation, Inc.

Compiling: /home/runner/work/alire-crates-ci/alire-crates-ci/test/5f655e40-67d4-410c-84fb-5572da83bba4/phcpack_2.4.88_e448e94a/src/Ada/Deformations/Continuation/dobldobl_continuation_data.adb
Source file time stamp: 2026-07-16 01:03:09
Compiled at: 2026-07-16 01:04:26
 346 lines: No errors
   [Ada]          dobldobl_plane_representations.adb

GNAT 10.3.0
Copyright 1992-2020, Free Software Foundation, Inc.

Compiling: /home/runner/work/alire-crates-ci/alire-crates-ci/test/5f655e40-67d4-410c-84fb-5572da83bba4/phcpack_2.4.88_e448e94a/src/Ada/Components/Samplers/dobldobl_moving_planes.adb
Source file time stamp: 2026-07-16 01:03:09
Compiled at: 2026-07-16 01:04:26
 184 lines: No errors
   [Ada]          quaddobl_continuation_data.adb

GNAT 10.3.0
Copyright 1992-2020, Free Software Foundation, Inc.

Compiling: /home/runner/work/alire-crates-ci/alire-crates-ci/test/5f655e40-67d4-410c-84fb-5572da83bba4/phcpack_2.4.88_e448e94a/src/Ada/Components/Samplers/dobldobl_intrinsic_continuation.adb
Source file time stamp: 2026-07-16 01:03:09
Compiled at: 2026-07-16 01:04:26
 737 lines: No errors
   [Ada]          quaddobl_intrinsic_continuation.adb

GNAT 10.3.0
Copyright 1992-2020, Free Software Foundation, Inc.

Compiling: /home/runner/work/alire-crates-ci/alire-crates-ci/test/5f655e40-67d4-410c-84fb-5572da83bba4/phcpack_2.4.88_e448e94a/src/Ada/Deformations/Sweep/parameter_homotopy_continuation.adb
Source file time stamp: 2026-07-16 01:03:09
Compiled at: 2026-07-16 01:04:18
 1821 lines: No errors
   [Ada]          quaddobl_moving_planes.adb

GNAT 10.3.0
Copyright 1992-2020, Free Software Foundation, Inc.

Compiling: /home/runner/work/alire-crates-ci/alire-crates-ci/test/5f655e40-67d4-410c-84fb-5572da83bba4/phcpack_2.4.88_e448e94a/src/Ada/Deformations/Continuation/quaddobl_continuation_data.adb
Source file time stamp: 2026-07-16 01:03:09
Compiled at: 2026-07-16 01:04:26
 346 lines: No errors
   [Ada]          quaddobl_plane_representations.adb

GNAT 10.3.0
Copyright 1992-2020, Free Software Foundation, Inc.

Compiling: /home/runner/work/alire-crates-ci/alire-crates-ci/test/5f655e40-67d4-410c-84fb-5572da83bba4/phcpack_2.4.88_e448e94a/src/Ada/Components/Samplers/quaddobl_intrinsic_continuation.adb
Source file time stamp: 2026-07-16 01:03:09
Compiled at: 2026-07-16 01:04:26
 737 lines: No errors
   [Ada]          standard_continuation_data.adb

GNAT 10.3.0
Copyright 1992-2020, Free Software Foundation, Inc.

Compiling: /home/runner/work/alire-crates-ci/alire-crates-ci/test/5f655e40-67d4-410c-84fb-5572da83bba4/phcpack_2.4.88_e448e94a/src/Ada/Components/Samplers/quaddobl_moving_planes.adb
Source file time stamp: 2026-07-16 01:03:09
Compiled at: 2026-07-16 01:04:26
 184 lines: No errors
   [Ada]          standard_intrinsic_continuation.adb

GNAT 10.3.0
Copyright 1992-2020, Free Software Foundation, Inc.

Compiling: /home/runner/work/alire-crates-ci/alire-crates-ci/test/5f655e40-67d4-410c-84fb-5572da83bba4/phcpack_2.4.88_e448e94a/src/Ada/Components/Samplers/dobldobl_plane_representations.adb
Source file time stamp: 2026-07-16 01:03:09
Compiled at: 2026-07-16 01:04:26
 393 lines: No errors
   [Ada]          standard_moving_planes.adb

GNAT 10.3.0
Copyright 1992-2020, Free Software Foundation, Inc.

Compiling: /home/runner/work/alire-crates-ci/alire-crates-ci/test/5f655e40-67d4-410c-84fb-5572da83bba4/phcpack_2.4.88_e448e94a/src/Ada/Components/Samplers/standard_moving_planes.adb
Source file time stamp: 2026-07-16 01:03:09
Compiled at: 2026-07-16 01:04:27
 174 lines: No errors
   [Ada]          standard_plane_representations.adb

GNAT 10.3.0
Copyright 1992-2020, Free Software Foundation, Inc.

Compiling: /home/runner/work/alire-crates-ci/alire-crates-ci/test/5f655e40-67d4-410c-84fb-5572da83bba4/phcpack_2.4.88_e448e94a/src/Ada/Deformations/Continuation/standard_continuation_data.adb
Source file time stamp: 2026-07-16 01:03:09
Compiled at: 2026-07-16 01:04:27
 345 lines: No errors
   [Ada]          dobldobl_complex_numbers_io.adb

GNAT 10.3.0
Copyright 1992-2020, Free Software Foundation, Inc.

Compiling: /home/runner/work/alire-crates-ci/alire-crates-ci/test/5f655e40-67d4-410c-84fb-5572da83bba4/phcpack_2.4.88_e448e94a/src/Ada/Math_Lib/QD/dobldobl_complex_numbers_io.adb
Source file time stamp: 2026-07-16 01:03:09
Compiled at: 2026-07-16 01:04:27
 95 lines: No errors
   [Ada]          dobldobl_complex_vectors_io.ads

GNAT 10.3.0
Copyright 1992-2020, Free Software Foundation, Inc.

Compiling: /home/runner/work/alire-crates-ci/alire-crates-ci/test/5f655e40-67d4-410c-84fb-5572da83bba4/phcpack_2.4.88_e448e94a/src/Ada/Math_Lib/Vectors/dobldobl_complex_vectors_io.ads
Source file time stamp: 2026-07-16 01:03:10
Compiled at: 2026-07-16 01:04:27
 9 lines: No errors
   [Ada]          dobldobl_scaling.adb

GNAT 10.3.0
Copyright 1992-2020, Free Software Foundation, Inc.

Compiling: /home/runner/work/alire-crates-ci/alire-crates-ci/test/5f655e40-67d4-410c-84fb-5572da83bba4/phcpack_2.4.88_e448e94a/src/Ada/Components/Samplers/quaddobl_plane_representations.adb
Source file time stamp: 2026-07-16 01:03:09
Compiled at: 2026-07-16 01:04:27
 393 lines: No errors
   [Ada]          quaddobl_complex_numbers_io.adb

GNAT 10.3.0
Copyright 1992-2020, Free Software Foundation, Inc.

Compiling: /home/runner/work/alire-crates-ci/alire-crates-ci/test/5f655e40-67d4-410c-84fb-5572da83bba4/phcpack_2.4.88_e448e94a/src/Ada/Components/Samplers/standard_intrinsic_continuation.adb
Source file time stamp: 2026-07-16 01:03:09
Compiled at: 2026-07-16 01:04:27
 680 lines: No errors
   [Ada]          quaddobl_complex_vectors_io.ads

GNAT 10.3.0
Copyright 1992-2020, Free Software Foundation, Inc.

Compiling: /home/runner/work/alire-crates-ci/alire-crates-ci/test/5f655e40-67d4-410c-84fb-5572da83bba4/phcpack_2.4.88_e448e94a/src/Ada/Math_Lib/QD/quaddobl_complex_numbers_io.adb
Source file time stamp: 2026-07-16 01:03:09
Compiled at: 2026-07-16 01:04:27
 95 lines: No errors
   [Ada]          quaddobl_scaling.adb

GNAT 10.3.0
Copyright 1992-2020, Free Software Foundation, Inc.

Compiling: /home/runner/work/alire-crates-ci/alire-crates-ci/test/5f655e40-67d4-410c-84fb-5572da83bba4/phcpack_2.4.88_e448e94a/src/Ada/Math_Lib/Vectors/quaddobl_complex_vectors_io.ads
Source file time stamp: 2026-07-16 01:03:10
Compiled at: 2026-07-16 01:04:27
 9 lines: No errors
   [Ada]          scaling_methods.adb

GNAT 10.3.0
Copyright 1992-2020, Free Software Foundation, Inc.

Compiling: /home/runner/work/alire-crates-ci/alire-crates-ci/test/5f655e40-67d4-410c-84fb-5572da83bba4/phcpack_2.4.88_e448e94a/src/Ada/Deformations/Homotopy/dobldobl_scaling.adb
Source file time stamp: 2026-07-16 01:03:09
Compiled at: 2026-07-16 01:04:27
 336 lines: No errors
   [Ada]          standard_complex_numbers_io.adb

GNAT 10.3.0
Copyright 1992-2020, Free Software Foundation, Inc.

Compiling: /home/runner/work/alire-crates-ci/alire-crates-ci/test/5f655e40-67d4-410c-84fb-5572da83bba4/phcpack_2.4.88_e448e94a/src/Ada/Components/Samplers/standard_plane_representations.adb
Source file time stamp: 2026-07-16 01:03:09
Compiled at: 2026-07-16 01:04:27
 381 lines: No errors
   [Ada]          standard_complex_vectors_io.ads

GNAT 10.3.0
Copyright 1992-2020, Free Software Foundation, Inc.

Compiling: /home/runner/work/alire-crates-ci/alire-crates-ci/test/5f655e40-67d4-410c-84fb-5572da83bba4/phcpack_2.4.88_e448e94a/src/Ada/Deformations/Homotopy/scaling_methods.adb
Source file time stamp: 2026-07-16 01:03:09
Compiled at: 2026-07-16 01:04:27
 500 lines: No errors
   [Ada]          standard_scaling.adb

GNAT 10.3.0
Copyright 1992-2020, Free Software Foundation, Inc.

Compiling: /home/runner/work/alire-crates-ci/alire-crates-ci/test/5f655e40-67d4-410c-84fb-5572da83bba4/phcpack_2.4.88_e448e94a/src/Ada/Math_Lib/Numbers/standard_complex_numbers_io.adb
Source file time stamp: 2026-07-16 01:03:09
Compiled at: 2026-07-16 01:04:27
 151 lines: No errors
   [Ada]          drivers_to_track_dobldobl_paths.adb

GNAT 10.3.0
Copyright 1992-2020, Free Software Foundation, Inc.

Compiling: /home/runner/work/alire-crates-ci/alire-crates-ci/test/5f655e40-67d4-410c-84fb-5572da83bba4/phcpack_2.4.88_e448e94a/src/Ada/Deformations/Homotopy/quaddobl_scaling.adb
Source file time stamp: 2026-07-16 01:03:09
Compiled at: 2026-07-16 01:04:27
 336 lines: No errors
   [Ada]          drivers_to_track_quaddobl_paths.adb

GNAT 10.3.0
Copyright 1992-2020, Free Software Foundation, Inc.

Compiling: /home/runner/work/alire-crates-ci/alire-crates-ci/test/5f655e40-67d4-410c-84fb-5572da83bba4/phcpack_2.4.88_e448e94a/src/Ada/Math_Lib/Vectors/standard_complex_vectors_io.ads
Source file time stamp: 2026-07-16 01:03:10
Compiled at: 2026-07-16 01:04:28
 9 lines: No errors
   [Ada]          drivers_to_track_standard_paths.adb

GNAT 10.3.0
Copyright 1992-2020, Free Software Foundation, Inc.

Compiling: /home/runner/work/alire-crates-ci/alire-crates-ci/test/5f655e40-67d4-410c-84fb-5572da83bba4/phcpack_2.4.88_e448e94a/src/Ada/Deformations/Homotopy/standard_scaling.adb
Source file time stamp: 2026-07-16 01:03:09
Compiled at: 2026-07-16 01:04:28
 333 lines: No errors
   [Ada]          jumpstart_diagonal_homotopies.adb

GNAT 10.3.0
Copyright 1992-2020, Free Software Foundation, Inc.

Compiling: /home/runner/work/alire-crates-ci/alire-crates-ci/test/5f655e40-67d4-410c-84fb-5572da83bba4/phcpack_2.4.88_e448e94a/src/Ada/Components/Decomposition/jumpstart_diagonal_homotopies.adb
Source file time stamp: 2026-07-16 01:03:09
Compiled at: 2026-07-16 01:04:28
 522 lines: No errors
   [Ada]          jumpstart_polyhedral_homotopies.adb

GNAT 10.3.0
Copyright 1992-2020, Free Software Foundation, Inc.

Compiling: /home/runner/work/alire-crates-ci/alire-crates-ci/test/5f655e40-67d4-410c-84fb-5572da83bba4/phcpack_2.4.88_e448e94a/src/Ada/Deformations/Trackers/drivers_to_track_dobldobl_paths.adb
Source file time stamp: 2026-07-16 01:03:09
Compiled at: 2026-07-16 01:04:28
 601 lines: No errors
   [Ada]          driver_for_winding_numbers.adb

GNAT 10.3.0
Copyright 1992-2020, Free Software Foundation, Inc.

Compiling: /home/runner/work/alire-crates-ci/alire-crates-ci/test/5f655e40-67d4-410c-84fb-5572da83bba4/phcpack_2.4.88_e448e94a/src/Ada/Deformations/Trackers/drivers_to_track_quaddobl_paths.adb
Source file time stamp: 2026-07-16 01:03:09
Compiled at: 2026-07-16 01:04:28
 604 lines: No errors
   [Ada]          drivers_for_condition_tables.adb

GNAT 10.3.0
Copyright 1992-2020, Free Software Foundation, Inc.

Compiling: /home/runner/work/alire-crates-ci/alire-crates-ci/test/5f655e40-67d4-410c-84fb-5572da83bba4/phcpack_2.4.88_e448e94a/src/Ada/Root_Counts/Stalift/jumpstart_polyhedral_homotopies.adb
Source file time stamp: 2026-07-16 01:03:10
Compiled at: 2026-07-16 01:04:30
 140 lines: No errors
   [Ada]          drivers_for_orbits_of_solutions.adb

GNAT 10.3.0
Copyright 1992-2020, Free Software Foundation, Inc.

Compiling: /home/runner/work/alire-crates-ci/alire-crates-ci/test/5f655e40-67d4-410c-84fb-5572da83bba4/phcpack_2.4.88_e448e94a/src/Ada/Root_Counts/Symmetry/drivers_for_orbits_of_solutions.adb
Source file time stamp: 2026-07-16 01:03:10
Compiled at: 2026-07-16 01:04:30
 57 lines: No errors
   [Ada]          drivers_for_symmetry_group_io.adb

GNAT 10.3.0
Copyright 1992-2020, Free Software Foundation, Inc.

Compiling: /home/runner/work/alire-crates-ci/alire-crates-ci/test/5f655e40-67d4-410c-84fb-5572da83bba4/phcpack_2.4.88_e448e94a/src/Ada/Root_Counts/Symmetry/drivers_for_symmetry_group_io.adb
Source file time stamp: 2026-07-16 01:03:10
Compiled at: 2026-07-16 01:04:30
 104 lines: No errors
   [Ada]          drivers_to_dd_qd_root_refiners.adb

GNAT 10.3.0
Copyright 1992-2020, Free Software Foundation, Inc.

Compiling: /home/runner/work/alire-crates-ci/alire-crates-ci/test/5f655e40-67d4-410c-84fb-5572da83bba4/phcpack_2.4.88_e448e94a/src/Ada/Deformations/Solutions/drivers_for_condition_tables.adb
Source file time stamp: 2026-07-16 01:03:09
Compiled at: 2026-07-16 01:04:30
 367 lines: No errors
   [Ada]          drivers_to_deflate_singularities.adb

GNAT 10.3.0
Copyright 1992-2020, Free Software Foundation, Inc.

Compiling: /home/runner/work/alire-crates-ci/alire-crates-ci/test/5f655e40-67d4-410c-84fb-5572da83bba4/phcpack_2.4.88_e448e94a/src/Ada/Deformations/End_Games/driver_for_winding_numbers.adb
Source file time stamp: 2026-07-16 01:03:09
Compiled at: 2026-07-16 01:04:30
 144 lines: No errors
   [Ada]          multprec_residual_evaluations.adb

GNAT 10.3.0
Copyright 1992-2020, Free Software Foundation, Inc.

Compiling: /home/runner/work/alire-crates-ci/alire-crates-ci/test/5f655e40-67d4-410c-84fb-5572da83bba4/phcpack_2.4.88_e448e94a/src/Ada/Deformations/Newton/multprec_residual_evaluations.adb
Source file time stamp: 2026-07-16 01:03:09
Compiled at: 2026-07-16 01:04:31
 45 lines: No errors
   [Ada]          standard_to_multprec_convertors.adb

GNAT 10.3.0
Copyright 1992-2020, Free Software Foundation, Inc.

Compiling: /home/runner/work/alire-crates-ci/alire-crates-ci/test/5f655e40-67d4-410c-84fb-5572da83bba4/phcpack_2.4.88_e448e94a/src/Ada/Deformations/Trackers/drivers_to_track_standard_paths.adb
Source file time stamp: 2026-07-16 01:03:09
Compiled at: 2026-07-16 01:04:28
 486 lines: No errors
   [Ada]          symbolic_symmetry_group_io.adb

GNAT 10.3.0
Copyright 1992-2020, Free Software Foundation, Inc.

Compiling: /home/runner/work/alire-crates-ci/alire-crates-ci/test/5f655e40-67d4-410c-84fb-5572da83bba4/phcpack_2.4.88_e448e94a/src/Ada/Deformations/Newton/drivers_to_dd_qd_root_refiners.adb
Source file time stamp: 2026-07-16 01:03:09
Compiled at: 2026-07-16 01:04:31
 354 lines: No errors
   [Ada]          valipoco.adb

GNAT 10.3.0
Copyright 1992-2020, Free Software Foundation, Inc.

Compiling: /home/runner/work/alire-crates-ci/alire-crates-ci/test/5f655e40-67d4-410c-84fb-5572da83bba4/phcpack_2.4.88_e448e94a/src/Ada/Root_Counts/Symmetry/symbolic_symmetry_group_io.adb
Source file time stamp: 2026-07-16 01:03:10
Compiled at: 2026-07-16 01:04:31
 121 lines: No errors
   [Ada]          symmetry_group.adb

GNAT 10.3.0
Copyright 1992-2020, Free Software Foundation, Inc.

Compiling: /home/runner/work/alire-crates-ci/alire-crates-ci/test/5f655e40-67d4-410c-84fb-5572da83bba4/phcpack_2.4.88_e448e94a/src/Ada/Deformations/Newton/drivers_to_deflate_singularities.adb
Source file time stamp: 2026-07-16 01:03:09
Compiled at: 2026-07-16 01:04:31
 485 lines: No errors
   [Ada]          parse_polynomial_exceptions.ads

GNAT 10.3.0
Copyright 1992-2020, Free Software Foundation, Inc.

Compiling: /home/runner/work/alire-crates-ci/alire-crates-ci/test/5f655e40-67d4-410c-84fb-5572da83bba4/phcpack_2.4.88_e448e94a/src/Ada/Math_Lib/Polynomials/standard_to_multprec_convertors.adb
Source file time stamp: 2026-07-16 01:03:09
Compiled at: 2026-07-16 01:04:31
 238 lines: No errors
   [Ada]          standard_parse_numbers.adb

GNAT 10.3.0
Copyright 1992-2020, Free Software Foundation, Inc.

Compiling: /home/runner/work/alire-crates-ci/alire-crates-ci/test/5f655e40-67d4-410c-84fb-5572da83bba4/phcpack_2.4.88_e448e94a/src/Ada/Math_Lib/Polynomials/parse_polynomial_exceptions.ads
Source file time stamp: 2026-07-16 01:03:09
Compiled at: 2026-07-16 01:04:31
 19 lines: No errors
   [Ada]          driver_for_root_refining.adb

GNAT 10.3.0
Copyright 1992-2020, Free Software Foundation, Inc.

Compiling: /home/runner/work/alire-crates-ci/alire-crates-ci/test/5f655e40-67d4-410c-84fb-5572da83bba4/phcpack_2.4.88_e448e94a/src/Ada/Deformations/End_Games/valipoco.adb
Source file time stamp: 2026-07-16 01:03:09
Compiled at: 2026-07-16 01:04:31
 480 lines: No errors
   [Ada]          drivers_for_homotopy_creation.adb

GNAT 10.3.0
Copyright 1992-2020, Free Software Foundation, Inc.

Compiling: /home/runner/work/alire-crates-ci/alire-crates-ci/test/5f655e40-67d4-410c-84fb-5572da83bba4/phcpack_2.4.88_e448e94a/src/Ada/Root_Counts/Symmetry/symmetry_group.adb
Source file time stamp: 2026-07-16 01:03:10
Compiled at: 2026-07-16 01:04:31
 161 lines: No errors
   [Ada]          dobldobl_blackbox_refiners.adb

GNAT 10.3.0
Copyright 1992-2020, Free Software Foundation, Inc.

Compiling: /home/runner/work/alire-crates-ci/alire-crates-ci/test/5f655e40-67d4-410c-84fb-5572da83bba4/phcpack_2.4.88_e448e94a/src/Ada/Math_Lib/Numbers/standard_parse_numbers.adb
Source file time stamp: 2026-07-16 01:03:09
Compiled at: 2026-07-16 01:04:31
 424 lines: No errors
   [Ada]          dobldobl_coefficient_homotopy.adb

GNAT 10.3.0
Copyright 1992-2020, Free Software Foundation, Inc.

Compiling: /home/runner/work/alire-crates-ci/alire-crates-ci/test/5f655e40-67d4-410c-84fb-5572da83bba4/phcpack_2.4.88_e448e94a/src/Ada/Main/driver_for_root_refining.adb
Source file time stamp: 2026-07-16 01:03:09
Compiled at: 2026-07-16 01:04:31
 44 lines: No errors
   [Ada]          dobldobl_complex_vector_norms.adb

GNAT 10.3.0
Copyright 1992-2020, Free Software Foundation, Inc.

Compiling: /home/runner/work/alire-crates-ci/alire-crates-ci/test/5f655e40-67d4-410c-84fb-5572da83bba4/phcpack_2.4.88_e448e94a/src/Ada/Math_Lib/Reduction/dobldobl_complex_vector_norms.adb
Source file time stamp: 2026-07-16 01:03:09
Compiled at: 2026-07-16 01:04:31
 72 lines: No errors
   [Ada]          dobldobl_incfix_continuation.adb

GNAT 10.3.0
Copyright 1992-2020, Free Software Foundation, Inc.

Compiling: /home/runner/work/alire-crates-ci/alire-crates-ci/test/5f655e40-67d4-410c-84fb-5572da83bba4/phcpack_2.4.88_e448e94a/src/Ada/Deformations/Continuation/dobldobl_incfix_continuation.adb
Source file time stamp: 2026-07-16 01:03:09
Compiled at: 2026-07-16 01:04:31
 307 lines: No errors
   [Ada]          dobldobl_random_numbers.adb

GNAT 10.3.0
Copyright 1992-2020, Free Software Foundation, Inc.

Compiling: /home/runner/work/alire-crates-ci/alire-crates-ci/test/5f655e40-67d4-410c-84fb-5572da83bba4/phcpack_2.4.88_e448e94a/src/Ada/Deformations/Continuation/dobldobl_blackbox_refiners.adb
Source file time stamp: 2026-07-16 01:03:09
Compiled at: 2026-07-16 01:04:31
 243 lines: No errors
   [Ada]          process_io.adb

GNAT 10.3.0
Copyright 1992-2020, Free Software Foundation, Inc.

Compiling: /home/runner/work/alire-crates-ci/alire-crates-ci/test/5f655e40-67d4-410c-84fb-5572da83bba4/phcpack_2.4.88_e448e94a/src/Ada/Math_Lib/QD/dobldobl_random_numbers.adb
Source file time stamp: 2026-07-16 01:03:09
Compiled at: 2026-07-16 01:04:31
 100 lines: No errors
   [Ada]          bracket_monomials_io.adb

GNAT 10.3.0
Copyright 1992-2020, Free Software Foundation, Inc.

Compiling: /home/runner/work/alire-crates-ci/alire-crates-ci/test/5f655e40-67d4-410c-84fb-5572da83bba4/phcpack_2.4.88_e448e94a/src/Ada/Schubert/SAGBI/bracket_monomials_io.adb
Source file time stamp: 2026-07-16 01:03:10
Compiled at: 2026-07-16 01:04:31
 154 lines: No errors
   [Ada]          brackets_io.adb

GNAT 10.3.0
Copyright 1992-2020, Free Software Foundation, Inc.

Compiling: /home/runner/work/alire-crates-ci/alire-crates-ci/test/5f655e40-67d4-410c-84fb-5572da83bba4/phcpack_2.4.88_e448e94a/src/Ada/Deformations/Continuation/process_io.adb
Source file time stamp: 2026-07-16 01:03:09
Compiled at: 2026-07-16 01:04:31
 309 lines: No errors
   [Ada]          checker_boards_io.adb

GNAT 10.3.0
Copyright 1992-2020, Free Software Foundation, Inc.

Compiling: /home/runner/work/alire-crates-ci/alire-crates-ci/test/5f655e40-67d4-410c-84fb-5572da83bba4/phcpack_2.4.88_e448e94a/src/Ada/Deformations/Homotopy/drivers_for_homotopy_creation.adb
Source file time stamp: 2026-07-16 01:03:09
Compiled at: 2026-07-16 01:04:31
 712 lines: No errors
   [Ada]          checker_localization_patterns.adb

GNAT 10.3.0
Copyright 1992-2020, Free Software Foundation, Inc.

Compiling: /home/runner/work/alire-crates-ci/alire-crates-ci/test/5f655e40-67d4-410c-84fb-5572da83bba4/phcpack_2.4.88_e448e94a/src/Ada/Schubert/SAGBI/brackets_io.adb
Source file time stamp: 2026-07-16 01:03:10
Compiled at: 2026-07-16 01:04:32
 53 lines: No errors
   [Ada]          checker_moves.adb

GNAT 10.3.0
Copyright 1992-2020, Free Software Foundation, Inc.

Compiling: /home/runner/work/alire-crates-ci/alire-crates-ci/test/5f655e40-67d4-410c-84fb-5572da83bba4/phcpack_2.4.88_e448e94a/src/Ada/Deformations/Homotopy/dobldobl_coefficient_homotopy.adb
Source file time stamp: 2026-07-16 01:03:09
Compiled at: 2026-07-16 01:04:31
 402 lines: No errors
   [Ada]          checker_poset_deformations.adb

GNAT 10.3.0
Copyright 1992-2020, Free Software Foundation, Inc.

Compiling: /home/runner/work/alire-crates-ci/alire-crates-ci/test/5f655e40-67d4-410c-84fb-5572da83bba4/phcpack_2.4.88_e448e94a/src/Ada/Schubert/Induction/checker_localization_patterns.adb
Source file time stamp: 2026-07-16 01:03:10
Compiled at: 2026-07-16 01:04:32
 394 lines: No errors
   [Ada]          checker_posets.adb

GNAT 10.3.0
Copyright 1992-2020, Free Software Foundation, Inc.

Compiling: /home/runner/work/alire-crates-ci/alire-crates-ci/test/5f655e40-67d4-410c-84fb-5572da83bba4/phcpack_2.4.88_e448e94a/src/Ada/Schubert/Induction/checker_moves.adb
Source file time stamp: 2026-07-16 01:03:10
Compiled at: 2026-07-16 01:04:32
 415 lines: No errors
   [Ada]          checker_posets_io.adb

GNAT 10.3.0
Copyright 1992-2020, Free Software Foundation, Inc.

Compiling: /home/runner/work/alire-crates-ci/alire-crates-ci/test/5f655e40-67d4-410c-84fb-5572da83bba4/phcpack_2.4.88_e448e94a/src/Ada/Schubert/Induction/checker_boards_io.adb
Source file time stamp: 2026-07-16 01:03:10
Compiled at: 2026-07-16 01:04:32
 417 lines: No errors
   [Ada]          dobldobl_complex_matrices_io.ads

GNAT 10.3.0
Copyright 1992-2020, Free Software Foundation, Inc.

Compiling: /home/runner/work/alire-crates-ci/alire-crates-ci/test/5f655e40-67d4-410c-84fb-5572da83bba4/phcpack_2.4.88_e448e94a/src/Ada/Schubert/Induction/checker_posets_io.adb
Source file time stamp: 2026-07-16 01:03:10
Compiled at: 2026-07-16 01:04:32
 301 lines: No errors
   [Ada]          dobldobl_solution_posets.adb

GNAT 10.3.0
Copyright 1992-2020, Free Software Foundation, Inc.

Compiling: /home/runner/work/alire-crates-ci/alire-crates-ci/test/5f655e40-67d4-410c-84fb-5572da83bba4/phcpack_2.4.88_e448e94a/src/Ada/Math_Lib/Matrices/dobldobl_complex_matrices_io.ads
Source file time stamp: 2026-07-16 01:03:09
Compiled at: 2026-07-16 01:04:32
 12 lines: No errors
   [Ada]          intersection_posets_io.adb

GNAT 10.3.0
Copyright 1992-2020, Free Software Foundation, Inc.

Compiling: /home/runner/work/alire-crates-ci/alire-crates-ci/test/5f655e40-67d4-410c-84fb-5572da83bba4/phcpack_2.4.88_e448e94a/src/Ada/Schubert/Induction/checker_posets.adb
Source file time stamp: 2026-07-16 01:03:10
Compiled at: 2026-07-16 01:04:32
 574 lines: No errors
   [Ada]          main_pieri_homotopies.adb

GNAT 10.3.0
Copyright 1992-2020, Free Software Foundation, Inc.

Compiling: /home/runner/work/alire-crates-ci/alire-crates-ci/test/5f655e40-67d4-410c-84fb-5572da83bba4/phcpack_2.4.88_e448e94a/src/Ada/Schubert/Induction/intersection_posets_io.adb
Source file time stamp: 2026-07-16 01:03:10
Compiled at: 2026-07-16 01:04:32
 214 lines: No errors
   [Ada]          main_quantum_pieri.adb

GNAT 10.3.0
Copyright 1992-2020, Free Software Foundation, Inc.

Compiling: /home/runner/work/alire-crates-ci/alire-crates-ci/test/5f655e40-67d4-410c-84fb-5572da83bba4/phcpack_2.4.88_e448e94a/src/Ada/Schubert/Induction/dobldobl_solution_posets.adb
Source file time stamp: 2026-07-16 01:03:10
Compiled at: 2026-07-16 01:04:32
 127 lines: No errors
   [Ada]          main_sagbi_homotopies.adb

GNAT 10.3.0
Copyright 1992-2020, Free Software Foundation, Inc.

Compiling: /home/runner/work/alire-crates-ci/alire-crates-ci/test/5f655e40-67d4-410c-84fb-5572da83bba4/phcpack_2.4.88_e448e94a/src/Ada/Schubert/Induction/checker_poset_deformations.adb
Source file time stamp: 2026-07-16 01:03:10
Compiled at: 2026-07-16 01:04:32
 1233 lines: No errors
   [Ada]          matrix_indeterminates.adb

GNAT 10.3.0
Copyright 1992-2020, Free Software Foundation, Inc.

Compiling: /home/runner/work/alire-crates-ci/alire-crates-ci/test/5f655e40-67d4-410c-84fb-5572da83bba4/phcpack_2.4.88_e448e94a/src/Ada/Math_Lib/Polynomials/matrix_indeterminates.adb
Source file time stamp: 2026-07-16 01:03:09
Compiled at: 2026-07-16 01:04:33
 152 lines: No errors
   [Ada]          moving_flag_homotopies.adb

GNAT 10.3.0
Copyright 1992-2020, Free Software Foundation, Inc.

Compiling: /home/runner/work/alire-crates-ci/alire-crates-ci/test/5f655e40-67d4-410c-84fb-5572da83bba4/phcpack_2.4.88_e448e94a/src/Ada/Schubert/Pieri/main_quantum_pieri.adb
Source file time stamp: 2026-07-16 01:03:10
Compiled at: 2026-07-16 01:04:32
 713 lines: No errors
   [Ada]          quaddobl_complex_matrices_io.ads

GNAT 10.3.0
Copyright 1992-2020, Free Software Foundation, Inc.

Compiling: /home/runner/work/alire-crates-ci/alire-crates-ci/test/5f655e40-67d4-410c-84fb-5572da83bba4/phcpack_2.4.88_e448e94a/src/Ada/Math_Lib/Matrices/quaddobl_complex_matrices_io.ads
Source file time stamp: 2026-07-16 01:03:09
Compiled at: 2026-07-16 01:04:36
 12 lines: No errors
   [Ada]          quaddobl_solution_posets.adb

GNAT 10.3.0
Copyright 1992-2020, Free Software Foundation, Inc.

Compiling: /home/runner/work/alire-crates-ci/alire-crates-ci/test/5f655e40-67d4-410c-84fb-5572da83bba4/phcpack_2.4.88_e448e94a/src/Ada/Schubert/Pieri/main_pieri_homotopies.adb
Source file time stamp: 2026-07-16 01:03:10
Compiled at: 2026-07-16 01:04:32
 1206 lines: No errors
   [Ada]          resolve_schubert_problems.adb

GNAT 10.3.0
Copyright 1992-2020, Free Software Foundation, Inc.

Compiling: /home/runner/work/alire-crates-ci/alire-crates-ci/test/5f655e40-67d4-410c-84fb-5572da83bba4/phcpack_2.4.88_e448e94a/src/Ada/Schubert/Induction/quaddobl_solution_posets.adb
Source file time stamp: 2026-07-16 01:03:10
Compiled at: 2026-07-16 01:04:36
 127 lines: No errors
   [Ada]          setup_flag_homotopies.adb

GNAT 10.3.0
Copyright 1992-2020, Free Software Foundation, Inc.

Compiling: /home/runner/work/alire-crates-ci/alire-crates-ci/test/5f655e40-67d4-410c-84fb-5572da83bba4/phcpack_2.4.88_e448e94a/src/Ada/Schubert/Induction/moving_flag_homotopies.adb
Source file time stamp: 2026-07-16 01:03:10
Compiled at: 2026-07-16 01:04:33
 1769 lines: No errors
   [Ada]          standard_complex_matrices_io.ads

GNAT 10.3.0
Copyright 1992-2020, Free Software Foundation, Inc.

Compiling: /home/runner/work/alire-crates-ci/alire-crates-ci/test/5f655e40-67d4-410c-84fb-5572da83bba4/phcpack_2.4.88_e448e94a/src/Ada/Math_Lib/Matrices/standard_complex_matrices_io.ads
Source file time stamp: 2026-07-16 01:03:09
Compiled at: 2026-07-16 01:04:37
 12 lines: No errors
   [Ada]          standard_natural_vectors_io.ads

GNAT 10.3.0
Copyright 1992-2020, Free Software Foundation, Inc.

Compiling: /home/runner/work/alire-crates-ci/alire-crates-ci/test/5f655e40-67d4-410c-84fb-5572da83bba4/phcpack_2.4.88_e448e94a/src/Ada/Math_Lib/Vectors/standard_natural_vectors_io.ads
Source file time stamp: 2026-07-16 01:03:10
Compiled at: 2026-07-16 01:04:37
 9 lines: No errors
   [Ada]          standard_solution_posets.adb

GNAT 10.3.0
Copyright 1992-2020, Free Software Foundation, Inc.

Compiling: /home/runner/work/alire-crates-ci/alire-crates-ci/test/5f655e40-67d4-410c-84fb-5572da83bba4/phcpack_2.4.88_e448e94a/src/Ada/Schubert/Induction/standard_solution_posets.adb
Source file time stamp: 2026-07-16 01:03:10
Compiled at: 2026-07-16 01:04:37
 127 lines: No errors
   [Ada]          wrapped_pade_trackers.adb

GNAT 10.3.0
Copyright 1992-2020, Free Software Foundation, Inc.

Compiling: /home/runner/work/alire-crates-ci/alire-crates-ci/test/5f655e40-67d4-410c-84fb-5572da83bba4/phcpack_2.4.88_e448e94a/src/Ada/Deformations/Curves/wrapped_pade_trackers.adb
Source file time stamp: 2026-07-16 01:03:09
Compiled at: 2026-07-16 01:04:37
 200 lines: No errors
   [Ada]          wrapped_path_trackers.adb

GNAT 10.3.0
Copyright 1992-2020, Free Software Foundation, Inc.

Compiling: /home/runner/work/alire-crates-ci/alire-crates-ci/test/5f655e40-67d4-410c-84fb-5572da83bba4/phcpack_2.4.88_e448e94a/src/Ada/Schubert/Induction/setup_flag_homotopies.adb
Source file time stamp: 2026-07-16 01:03:10
Compiled at: 2026-07-16 01:04:36
 1342 lines: No errors
   [Ada]          bracket_monomials.adb

GNAT 10.3.0
Copyright 1992-2020, Free Software Foundation, Inc.

Compiling: /home/runner/work/alire-crates-ci/alire-crates-ci/test/5f655e40-67d4-410c-84fb-5572da83bba4/phcpack_2.4.88_e448e94a/src/Ada/Schubert/SAGBI/bracket_monomials.adb
Source file time stamp: 2026-07-16 01:03:10
Compiled at: 2026-07-16 01:04:37
 328 lines: No errors
   [Ada]          dobldobl_complex_vecmats.ads

GNAT 10.3.0
Copyright 1992-2020, Free Software Foundation, Inc.

Compiling: /home/runner/work/alire-crates-ci/alire-crates-ci/test/5f655e40-67d4-410c-84fb-5572da83bba4/phcpack_2.4.88_e448e94a/src/Ada/Math_Lib/Matrices/dobldobl_complex_vecmats.ads
Source file time stamp: 2026-07-16 01:03:09
Compiled at: 2026-07-16 01:04:38
 13 lines: No errors
   [Ada]          intersection_posets.adb

GNAT 10.3.0
Copyright 1992-2020, Free Software Foundation, Inc.

Compiling: /home/runner/work/alire-crates-ci/alire-crates-ci/test/5f655e40-67d4-410c-84fb-5572da83bba4/phcpack_2.4.88_e448e94a/src/Ada/Schubert/Induction/resolve_schubert_problems.adb
Source file time stamp: 2026-07-16 01:03:10
Compiled at: 2026-07-16 01:04:36
 2163 lines: No errors
   [Ada]          quaddobl_complex_vecmats.ads

GNAT 10.3.0
Copyright 1992-2020, Free Software Foundation, Inc.

Compiling: /home/runner/work/alire-crates-ci/alire-crates-ci/test/5f655e40-67d4-410c-84fb-5572da83bba4/phcpack_2.4.88_e448e94a/src/Ada/Schubert/Induction/intersection_posets.adb
Source file time stamp: 2026-07-16 01:03:10
Compiled at: 2026-07-16 01:04:38
 318 lines: No errors
   [Ada]          standard_natural_vecvecs.ads

GNAT 10.3.0
Copyright 1992-2020, Free Software Foundation, Inc.

Compiling: /home/runner/work/alire-crates-ci/alire-crates-ci/test/5f655e40-67d4-410c-84fb-5572da83bba4/phcpack_2.4.88_e448e94a/src/Ada/Math_Lib/Matrices/quaddobl_complex_vecmats.ads
Source file time stamp: 2026-07-16 01:03:09
Compiled at: 2026-07-16 01:04:38
 13 lines: No errors
   [Ada]          black_box_helpers.adb

GNAT 10.3.0
Copyright 1992-2020, Free Software Foundation, Inc.

Compiling: /home/runner/work/alire-crates-ci/alire-crates-ci/test/5f655e40-67d4-410c-84fb-5572da83bba4/phcpack_2.4.88_e448e94a/src/Ada/Math_Lib/Vectors/standard_natural_vecvecs.ads
Source file time stamp: 2026-07-16 01:03:10
Compiled at: 2026-07-16 01:04:38
 9 lines: No errors
   [Ada]          standard_binomial_varieties.adb

GNAT 10.3.0
Copyright 1992-2020, Free Software Foundation, Inc.

Compiling: /home/runner/work/alire-crates-ci/alire-crates-ci/test/5f655e40-67d4-410c-84fb-5572da83bba4/phcpack_2.4.88_e448e94a/src/Ada/Main/black_box_helpers.adb
Source file time stamp: 2026-07-16 01:03:09
Compiled at: 2026-07-16 01:04:38
 227 lines: No errors
   [Ada]          standard_binomial_varieties_io.adb

GNAT 10.3.0
Copyright 1992-2020, Free Software Foundation, Inc.

Compiling: /home/runner/work/alire-crates-ci/alire-crates-ci/test/5f655e40-67d4-410c-84fb-5572da83bba4/phcpack_2.4.88_e448e94a/src/Ada/Root_Counts/Binomials/standard_binomial_varieties_io.adb
Source file time stamp: 2026-07-16 01:03:10
Compiled at: 2026-07-16 01:04:38
 392 lines: No errors
   [Ada]          write_number_of_tasks.adb

GNAT 10.3.0
Copyright 1992-2020, Free Software Foundation, Inc.

Compiling: /home/runner/work/alire-crates-ci/alire-crates-ci/test/5f655e40-67d4-410c-84fb-5572da83bba4/phcpack_2.4.88_e448e94a/src/Ada/Schubert/SAGBI/main_sagbi_homotopies.adb
Source file time stamp: 2026-07-16 01:03:10
Compiled at: 2026-07-16 01:04:33
 710 lines: No errors
   [Ada]          standard_integer_matrices.ads

GNAT 10.3.0
Copyright 1992-2020, Free Software Foundation, Inc.

Compiling: /home/runner/work/alire-crates-ci/alire-crates-ci/test/5f655e40-67d4-410c-84fb-5572da83bba4/phcpack_2.4.88_e448e94a/src/Ada/Tasking/write_number_of_tasks.adb
Source file time stamp: 2026-07-16 01:03:10
Compiled at: 2026-07-16 01:04:39
 13 lines: No errors
   [Ada]          machines.adb

GNAT 10.3.0
Copyright 1992-2020, Free Software Foundation, Inc.

Compiling: /home/runner/work/alire-crates-ci/alire-crates-ci/test/5f655e40-67d4-410c-84fb-5572da83bba4/phcpack_2.4.88_e448e94a/src/Ada/System/machines.adb
Source file time stamp: 2026-07-16 01:03:10
Compiled at: 2026-07-16 01:04:39
 148 lines: No errors
   [Ada]          standard_mathematical_functions.adb

GNAT 10.3.0
Copyright 1992-2020, Free Software Foundation, Inc.

Compiling: /home/runner/work/alire-crates-ci/alire-crates-ci/test/5f655e40-67d4-410c-84fb-5572da83bba4/phcpack_2.4.88_e448e94a/src/Ada/Math_Lib/Matrices/standard_integer_matrices.ads
Source file time stamp: 2026-07-16 01:03:09
Compiled at: 2026-07-16 01:04:39
 10 lines: No errors
   [Ada]          double_double_basics.adb

GNAT 10.3.0
Copyright 1992-2020, Free Software Foundation, Inc.

Compiling: /home/runner/work/alire-crates-ci/alire-crates-ci/test/5f655e40-67d4-410c-84fb-5572da83bba4/phcpack_2.4.88_e448e94a/src/Ada/Root_Counts/Binomials/standard_binomial_varieties.adb
Source file time stamp: 2026-07-16 01:03:10
Compiled at: 2026-07-16 01:04:38
 1067 lines: No errors
   [Ada]          quad_double_renormalizations.adb

GNAT 10.3.0
Copyright 1992-2020, Free Software Foundation, Inc.

Compiling: /home/runner/work/alire-crates-ci/alire-crates-ci/test/5f655e40-67d4-410c-84fb-5572da83bba4/phcpack_2.4.88_e448e94a/src/Ada/Math_Lib/QD/double_double_basics.adb
Source file time stamp: 2026-07-16 01:03:09
Compiled at: 2026-07-16 01:04:39
 110 lines: No errors
   [Ada]          triple_double_numbers.adb

GNAT 10.3.0
Copyright 1992-2020, Free Software Foundation, Inc.

Compiling: /home/runner/work/alire-crates-ci/alire-crates-ci/test/5f655e40-67d4-410c-84fb-5572da83bba4/phcpack_2.4.88_e448e94a/src/Ada/Math_Lib/Numbers/standard_mathematical_functions.adb
Source file time stamp: 2026-07-16 01:03:09
Compiled at: 2026-07-16 01:04:39
 103 lines: No errors
   [Ada]          abstract_ring-field.ads

GNAT 10.3.0
Copyright 1992-2020, Free Software Foundation, Inc.

Compiling: /home/runner/work/alire-crates-ci/alire-crates-ci/test/5f655e40-67d4-410c-84fb-5572da83bba4/phcpack_2.4.88_e448e94a/src/Ada/Math_Lib/Numbers/abstract_ring-field.ads
Source file time stamp: 2026-07-16 01:03:09
Compiled at: 2026-07-16 01:04:39
 15 lines: No errors
   [Ada]          generic_complex_numbers.adb

GNAT 10.3.0
Copyright 1992-2020, Free Software Foundation, Inc.

Compiling: /home/runner/work/alire-crates-ci/alire-crates-ci/test/5f655e40-67d4-410c-84fb-5572da83bba4/phcpack_2.4.88_e448e94a/src/Ada/Math_Lib/QD/quad_double_renormalizations.adb
Source file time stamp: 2026-07-16 01:03:09
Compiled at: 2026-07-16 01:04:39
 137 lines: No errors
   [Ada]          quad_double_ring.ads

GNAT 10.3.0
Copyright 1992-2020, Free Software Foundation, Inc.

Compiling: /home/runner/work/alire-crates-ci/alire-crates-ci/test/5f655e40-67d4-410c-84fb-5572da83bba4/phcpack_2.4.88_e448e94a/src/Ada/Math_Lib/Numbers/generic_complex_numbers.adb
Source file time stamp: 2026-07-16 01:03:09
Compiled at: 2026-07-16 01:04:39
 568 lines: No errors
   [Ada]          quad_double_ring-ffield.ads

GNAT 10.3.0
Copyright 1992-2020, Free Software Foundation, Inc.

Compiling: /home/runner/work/alire-crates-ci/alire-crates-ci/test/5f655e40-67d4-410c-84fb-5572da83bba4/phcpack_2.4.88_e448e94a/src/Ada/Math_Lib/QD/quad_double_ring-ffield.ads
Source file time stamp: 2026-07-16 01:03:09
Compiled at: 2026-07-16 01:04:39
 10 lines: No errors
   [Ada]          dobldobl_complex_ring.ads

GNAT 10.3.0
Copyright 1992-2020, Free Software Foundation, Inc.

Compiling: /home/runner/work/alire-crates-ci/alire-crates-ci/test/5f655e40-67d4-410c-84fb-5572da83bba4/phcpack_2.4.88_e448e94a/src/Ada/Math_Lib/QD/quad_double_ring.ads
Source file time stamp: 2026-07-16 01:03:09
Compiled at: 2026-07-16 01:04:39
 10 lines: No errors
   [Ada]          quaddobl_complex_ring.ads

GNAT 10.3.0
Copyright 1992-2020, Free Software Foundation, Inc.

Compiling: /home/runner/work/alire-crates-ci/alire-crates-ci/test/5f655e40-67d4-410c-84fb-5572da83bba4/phcpack_2.4.88_e448e94a/src/Ada/Math_Lib/QD/dobldobl_complex_ring.ads
Source file time stamp: 2026-07-16 01:03:09
Compiled at: 2026-07-16 01:04:39
 10 lines: No errors
   [Ada]          generic_matrices.adb

GNAT 10.3.0
Copyright 1992-2020, Free Software Foundation, Inc.

Compiling: /home/runner/work/alire-crates-ci/alire-crates-ci/test/5f655e40-67d4-410c-84fb-5572da83bba4/phcpack_2.4.88_e448e94a/src/Ada/Math_Lib/QD/quaddobl_complex_ring.ads
Source file time stamp: 2026-07-16 01:03:09
Compiled at: 2026-07-16 01:04:39
 10 lines: No errors
   [Ada]          double_double_ring.ads

GNAT 10.3.0
Copyright 1992-2020, Free Software Foundation, Inc.

Compiling: /home/runner/work/alire-crates-ci/alire-crates-ci/test/5f655e40-67d4-410c-84fb-5572da83bba4/phcpack_2.4.88_e448e94a/src/Ada/Math_Lib/Matrices/generic_matrices.adb
Source file time stamp: 2026-07-16 01:03:09
Compiled at: 2026-07-16 01:04:39
 304 lines: No errors
   [Ada]          standard_natural_ring.ads

GNAT 10.3.0
Copyright 1992-2020, Free Software Foundation, Inc.

Compiling: /home/runner/work/alire-crates-ci/alire-crates-ci/test/5f655e40-67d4-410c-84fb-5572da83bba4/phcpack_2.4.88_e448e94a/src/Ada/Math_Lib/Numbers/standard_natural_ring.ads
Source file time stamp: 2026-07-16 01:03:09
Compiled at: 2026-07-16 01:04:39
 21 lines: No errors
   [Ada]          quaddobl_blackbox_refiners.adb

GNAT 10.3.0
Copyright 1992-2020, Free Software Foundation, Inc.

Compiling: /home/runner/work/alire-crates-ci/alire-crates-ci/test/5f655e40-67d4-410c-84fb-5572da83bba4/phcpack_2.4.88_e448e94a/src/Ada/Math_Lib/QD/triple_double_numbers.adb
Source file time stamp: 2026-07-16 01:03:09
Compiled at: 2026-07-16 01:04:39
 730 lines: No errors
   [Ada]          quaddobl_coefficient_homotopy.adb

GNAT 10.3.0
Copyright 1992-2020, Free Software Foundation, Inc.

Compiling: /home/runner/work/alire-crates-ci/alire-crates-ci/test/5f655e40-67d4-410c-84fb-5572da83bba4/phcpack_2.4.88_e448e94a/src/Ada/Math_Lib/QD/double_double_ring.ads
Source file time stamp: 2026-07-16 01:03:09
Compiled at: 2026-07-16 01:04:39
 10 lines: No errors
   [Ada]          quaddobl_complex_vector_norms.adb

GNAT 10.3.0
Copyright 1992-2020, Free Software Foundation, Inc.

Compiling: /home/runner/work/alire-crates-ci/alire-crates-ci/test/5f655e40-67d4-410c-84fb-5572da83bba4/phcpack_2.4.88_e448e94a/src/Ada/Math_Lib/Reduction/quaddobl_complex_vector_norms.adb
Source file time stamp: 2026-07-16 01:03:09
Compiled at: 2026-07-16 01:04:39
 72 lines: No errors
   [Ada]          quaddobl_incfix_continuation.adb

GNAT 10.3.0
Copyright 1992-2020, Free Software Foundation, Inc.

Compiling: /home/runner/work/alire-crates-ci/alire-crates-ci/test/5f655e40-67d4-410c-84fb-5572da83bba4/phcpack_2.4.88_e448e94a/src/Ada/Deformations/Continuation/quaddobl_blackbox_refiners.adb
Source file time stamp: 2026-07-16 01:03:09
Compiled at: 2026-07-16 01:04:39
 246 lines: No errors
   [Ada]          quaddobl_random_numbers.adb

GNAT 10.3.0
Copyright 1992-2020, Free Software Foundation, Inc.

Compiling: /home/runner/work/alire-crates-ci/alire-crates-ci/test/5f655e40-67d4-410c-84fb-5572da83bba4/phcpack_2.4.88_e448e94a/src/Ada/Deformations/Continuation/quaddobl_incfix_continuation.adb
Source file time stamp: 2026-07-16 01:03:09
Compiled at: 2026-07-16 01:04:39
 309 lines: No errors
   [Ada]          arrays_of_integer_vector_lists_io.ads

GNAT 10.3.0
Copyright 1992-2020, Free Software Foundation, Inc.

Compiling: /home/runner/work/alire-crates-ci/alire-crates-ci/test/5f655e40-67d4-410c-84fb-5572da83bba4/phcpack_2.4.88_e448e94a/src/Ada/Math_Lib/QD/quaddobl_random_numbers.adb
Source file time stamp: 2026-07-16 01:03:09
Compiled at: 2026-07-16 01:04:40
 102 lines: No errors
   [Ada]          demics_command_line.adb

GNAT 10.3.0
Copyright 1992-2020, Free Software Foundation, Inc.

Compiling: /home/runner/work/alire-crates-ci/alire-crates-ci/test/5f655e40-67d4-410c-84fb-5572da83bba4/phcpack_2.4.88_e448e94a/src/Ada/Math_Lib/Supports/arrays_of_integer_vector_lists_io.ads
Source file time stamp: 2026-07-16 01:03:10
Compiled at: 2026-07-16 01:04:40
 20 lines: No errors
   [Ada]          demics_output_convertors.adb

GNAT 10.3.0
Copyright 1992-2020, Free Software Foundation, Inc.

Compiling: /home/runner/work/alire-crates-ci/alire-crates-ci/test/5f655e40-67d4-410c-84fb-5572da83bba4/phcpack_2.4.88_e448e94a/src/Ada/Deformations/Homotopy/quaddobl_coefficient_homotopy.adb
Source file time stamp: 2026-07-16 01:03:09
Compiled at: 2026-07-16 01:04:39
 402 lines: No errors
   [Ada]          standard_floating_vecvecs_io.ads

GNAT 10.3.0
Copyright 1992-2020, Free Software Foundation, Inc.

Compiling: /home/runner/work/alire-crates-ci/alire-crates-ci/test/5f655e40-67d4-410c-84fb-5572da83bba4/phcpack_2.4.88_e448e94a/src/Ada/Math_Lib/Vectors/standard_floating_vecvecs_io.ads
Source file time stamp: 2026-07-16 01:03:10
Compiled at: 2026-07-16 01:04:40
 14 lines: No errors
   [Ada]          driver_for_criterion.adb

GNAT 10.3.0
Copyright 1992-2020, Free Software Foundation, Inc.

Compiling: /home/runner/work/alire-crates-ci/alire-crates-ci/test/5f655e40-67d4-410c-84fb-5572da83bba4/phcpack_2.4.88_e448e94a/src/Ada/Root_Counts/DEMiCs/demics_command_line.adb
Source file time stamp: 2026-07-16 01:03:10
Compiled at: 2026-07-16 01:04:40
 400 lines: No errors
   [Ada]          drivers_for_coefficient_systems.adb

GNAT 10.3.0
Copyright 1992-2020, Free Software Foundation, Inc.

Compiling: /home/runner/work/alire-crates-ci/alire-crates-ci/test/5f655e40-67d4-410c-84fb-5572da83bba4/phcpack_2.4.88_e448e94a/src/Ada/Root_Counts/DEMiCs/demics_output_convertors.adb
Source file time stamp: 2026-07-16 01:03:10
Compiled at: 2026-07-16 01:04:40
 512 lines: No errors
   [Ada]          floating_faces_of_polytope.adb

GNAT 10.3.0
Copyright 1992-2020, Free Software Foundation, Inc.

Compiling: /home/runner/work/alire-crates-ci/alire-crates-ci/test/5f655e40-67d4-410c-84fb-5572da83bba4/phcpack_2.4.88_e448e94a/src/Ada/Root_Counts/Stalift/driver_for_criterion.adb
Source file time stamp: 2026-07-16 01:03:10
Compiled at: 2026-07-16 01:04:40
 56 lines: No errors
   [Ada]          floating_integer_convertors.adb

GNAT 10.3.0
Copyright 1992-2020, Free Software Foundation, Inc.

Compiling: /home/runner/work/alire-crates-ci/alire-crates-ci/test/5f655e40-67d4-410c-84fb-5572da83bba4/phcpack_2.4.88_e448e94a/src/Ada/Root_Counts/Implift/drivers_for_coefficient_systems.adb
Source file time stamp: 2026-07-16 01:03:10
Compiled at: 2026-07-16 01:04:40
 115 lines: No errors
   [Ada]          floating_pruning_methods.adb

GNAT 10.3.0
Copyright 1992-2020, Free Software Foundation, Inc.

Compiling: /home/runner/work/alire-crates-ci/alire-crates-ci/test/5f655e40-67d4-410c-84fb-5572da83bba4/phcpack_2.4.88_e448e94a/src/Ada/Root_Counts/Stalift/floating_integer_convertors.adb
Source file time stamp: 2026-07-16 01:03:10
Compiled at: 2026-07-16 01:04:40
 154 lines: No errors
   [Ada]          integer_faces_of_polytope.adb

GNAT 10.3.0
Copyright 1992-2020, Free Software Foundation, Inc.

Compiling: /home/runner/work/alire-crates-ci/alire-crates-ci/test/5f655e40-67d4-410c-84fb-5572da83bba4/phcpack_2.4.88_e448e94a/src/Ada/Root_Counts/Stalift/floating_pruning_methods.adb
Source file time stamp: 2026-07-16 01:03:10
Compiled at: 2026-07-16 01:04:40
 457 lines: No errors
   [Ada]          integer_mixed_subdivisions_io.adb

GNAT 10.3.0
Copyright 1992-2020, Free Software Foundation, Inc.

Compiling: /home/runner/work/alire-crates-ci/alire-crates-ci/test/5f655e40-67d4-410c-84fb-5572da83bba4/phcpack_2.4.88_e448e94a/src/Ada/Math_Lib/Supports/floating_faces_of_polytope.adb
Source file time stamp: 2026-07-16 01:03:10
Compiled at: 2026-07-16 01:04:40
 409 lines: No errors
   [Ada]          integer_pruning_methods.adb

GNAT 10.3.0
Copyright 1992-2020, Free Software Foundation, Inc.

Compiling: /home/runner/work/alire-crates-ci/alire-crates-ci/test/5f655e40-67d4-410c-84fb-5572da83bba4/phcpack_2.4.88_e448e94a/src/Ada/Root_Counts/Stalift/integer_mixed_subdivisions_io.adb
Source file time stamp: 2026-07-16 01:03:10
Compiled at: 2026-07-16 01:04:41
 181 lines: No errors
   [Ada]          lists_of_integer_vectors_io.ads

GNAT 10.3.0
Copyright 1992-2020, Free Software Foundation, Inc.

Compiling: /home/runner/work/alire-crates-ci/alire-crates-ci/test/5f655e40-67d4-410c-84fb-5572da83bba4/phcpack_2.4.88_e448e94a/src/Ada/Math_Lib/Supports/lists_of_integer_vectors_io.ads
Source file time stamp: 2026-07-16 01:03:10
Compiled at: 2026-07-16 01:04:41
 16 lines: No errors
   [Ada]          main_lifting_functions.adb

GNAT 10.3.0
Copyright 1992-2020, Free Software Foundation, Inc.

Compiling: /home/runner/work/alire-crates-ci/alire-crates-ci/test/5f655e40-67d4-410c-84fb-5572da83bba4/phcpack_2.4.88_e448e94a/src/Ada/Math_Lib/Supports/integer_faces_of_polytope.adb
Source file time stamp: 2026-07-16 01:03:10
Compiled at: 2026-07-16 01:04:40
 421 lines: No errors
   [Ada]          pruning_statistics.adb

GNAT 10.3.0
Copyright 1992-2020, Free Software Foundation, Inc.

Compiling: /home/runner/work/alire-crates-ci/alire-crates-ci/test/5f655e40-67d4-410c-84fb-5572da83bba4/phcpack_2.4.88_e448e94a/src/Ada/Root_Counts/Stalift/pruning_statistics.adb
Source file time stamp: 2026-07-16 01:03:10
Compiled at: 2026-07-16 01:04:41
 38 lines: No errors
   [Ada]          cell_stack.adb

GNAT 10.3.0
Copyright 1992-2020, Free Software Foundation, Inc.

Compiling: /home/runner/work/alire-crates-ci/alire-crates-ci/test/5f655e40-67d4-410c-84fb-5572da83bba4/phcpack_2.4.88_e448e94a/src/Ada/Root_Counts/MixedVol/cell_stack.adb
Source file time stamp: 2026-07-16 01:03:10
Compiled at: 2026-07-16 01:04:41
 122 lines: No errors
   [Ada]          mixedvol_algorithm.adb

GNAT 10.3.0
Copyright 1992-2020, Free Software Foundation, Inc.

Compiling: /home/runner/work/alire-crates-ci/alire-crates-ci/test/5f655e40-67d4-410c-84fb-5572da83bba4/phcpack_2.4.88_e448e94a/src/Ada/Root_Counts/Stalift/integer_pruning_methods.adb
Source file time stamp: 2026-07-16 01:03:10
Compiled at: 2026-07-16 01:04:41
 755 lines: No errors
   [Ada]          lists_of_floating_vectors_io.ads

GNAT 10.3.0
Copyright 1992-2020, Free Software Foundation, Inc.

Compiling: /home/runner/work/alire-crates-ci/alire-crates-ci/test/5f655e40-67d4-410c-84fb-5572da83bba4/phcpack_2.4.88_e448e94a/src/Ada/Math_Lib/Supports/lists_of_floating_vectors_io.ads
Source file time stamp: 2026-07-16 01:03:10
Compiled at: 2026-07-16 01:04:41
 16 lines: No errors
   [Ada]          standard_floating_vectors_io.ads

GNAT 10.3.0
Copyright 1992-2020, Free Software Foundation, Inc.

Compiling: /home/runner/work/alire-crates-ci/alire-crates-ci/test/5f655e40-67d4-410c-84fb-5572da83bba4/phcpack_2.4.88_e448e94a/src/Ada/Root_Counts/Stalift/main_lifting_functions.adb
Source file time stamp: 2026-07-16 01:03:10
Compiled at: 2026-07-16 01:04:41
 599 lines: No errors
   [Ada]          multitasking.adb

GNAT 10.3.0
Copyright 1992-2020, Free Software Foundation, Inc.

Compiling: /home/runner/work/alire-crates-ci/alire-crates-ci/test/5f655e40-67d4-410c-84fb-5572da83bba4/phcpack_2.4.88_e448e94a/src/Ada/Math_Lib/Vectors/standard_floating_vectors_io.ads
Source file time stamp: 2026-07-16 01:03:10
Compiled at: 2026-07-16 01:04:41
 9 lines: No errors
   [Ada]          pipelined_cell_indices.adb

GNAT 10.3.0
Copyright 1992-2020, Free Software Foundation, Inc.

Compiling: /home/runner/work/alire-crates-ci/alire-crates-ci/test/5f655e40-67d4-410c-84fb-5572da83bba4/phcpack_2.4.88_e448e94a/src/Ada/Tasking/multitasking.adb
Source file time stamp: 2026-07-16 01:03:10
Compiled at: 2026-07-16 01:04:41
 276 lines: No errors
   [Ada]          pipelined_cell_trackers.adb

GNAT 10.3.0
Copyright 1992-2020, Free Software Foundation, Inc.

Compiling: /home/runner/work/alire-crates-ci/alire-crates-ci/test/5f655e40-67d4-410c-84fb-5572da83bba4/phcpack_2.4.88_e448e94a/src/Ada/Root_Counts/MixedVol/mixedvol_algorithm.adb
Source file time stamp: 2026-07-16 01:03:10
Compiled at: 2026-07-16 01:04:41
 738 lines: No errors
   [Ada]          polyhedral_start_systems.adb

GNAT 10.3.0
Copyright 1992-2020, Free Software Foundation, Inc.

Compiling: /home/runner/work/alire-crates-ci/alire-crates-ci/test/5f655e40-67d4-410c-84fb-5572da83bba4/phcpack_2.4.88_e448e94a/src/Ada/Tasking/pipelined_cell_indices.adb
Source file time stamp: 2026-07-16 01:03:10
Compiled at: 2026-07-16 01:04:41
 278 lines: No errors
   [Ada]          semaphore.adb

GNAT 10.3.0
Copyright 1992-2020, Free Software Foundation, Inc.

Compiling: /home/runner/work/alire-crates-ci/alire-crates-ci/test/5f655e40-67d4-410c-84fb-5572da83bba4/phcpack_2.4.88_e448e94a/src/Ada/Tasking/semaphore.adb
Source file time stamp: 2026-07-16 01:03:10
Compiled at: 2026-07-16 01:04:42
 37 lines: No errors
   [Ada]          symbols_io.adb

GNAT 10.3.0
Copyright 1992-2020, Free Software Foundation, Inc.

Compiling: /home/runner/work/alire-crates-ci/alire-crates-ci/test/5f655e40-67d4-410c-84fb-5572da83bba4/phcpack_2.4.88_e448e94a/src/Ada/Tasking/pipelined_cell_trackers.adb
Source file time stamp: 2026-07-16 01:03:10
Compiled at: 2026-07-16 01:04:41
 239 lines: No errors
   [Ada]          unix_resource_usage.adb

GNAT 10.3.0
Copyright 1992-2020, Free Software Foundation, Inc.

Compiling: /home/runner/work/alire-crates-ci/alire-crates-ci/test/5f655e40-67d4-410c-84fb-5572da83bba4/phcpack_2.4.88_e448e94a/src/Ada/System/Unix_Timer/unix_resource_usage.adb
Source file time stamp: 2026-07-16 01:03:10
Compiled at: 2026-07-16 01:04:42
 150 lines: No errors
   [Ada]          graded_lexicographic_order.adb

GNAT 10.3.0
Copyright 1992-2020, Free Software Foundation, Inc.

Compiling: /home/runner/work/alire-crates-ci/alire-crates-ci/test/5f655e40-67d4-410c-84fb-5572da83bba4/phcpack_2.4.88_e448e94a/src/Ada/Deformations/Solutions/symbols_io.adb
Source file time stamp: 2026-07-16 01:03:09
Compiled at: 2026-07-16 01:04:42
 68 lines: No errors
   [Ada]          standard_blackbox_refiners.adb

GNAT 10.3.0
Copyright 1992-2020, Free Software Foundation, Inc.

Compiling: /home/runner/work/alire-crates-ci/alire-crates-ci/test/5f655e40-67d4-410c-84fb-5572da83bba4/phcpack_2.4.88_e448e94a/src/Ada/Math_Lib/Polynomials/graded_lexicographic_order.adb
Source file time stamp: 2026-07-16 01:03:09
Compiled at: 2026-07-16 01:04:42
 189 lines: No errors
   [Ada]          standard_coefficient_homotopy.adb

GNAT 10.3.0
Copyright 1992-2020, Free Software Foundation, Inc.

Compiling: /home/runner/work/alire-crates-ci/alire-crates-ci/test/5f655e40-67d4-410c-84fb-5572da83bba4/phcpack_2.4.88_e448e94a/src/Ada/Deformations/Continuation/standard_blackbox_refiners.adb
Source file time stamp: 2026-07-16 01:03:09
Compiled at: 2026-07-16 01:04:42
 289 lines: No errors
   [Ada]          generic_floating_linear_solvers.adb

GNAT 10.3.0
Copyright 1992-2020, Free Software Foundation, Inc.

Compiling: /home/runner/work/alire-crates-ci/alire-crates-ci/test/5f655e40-67d4-410c-84fb-5572da83bba4/phcpack_2.4.88_e448e94a/src/Ada/Math_Lib/Reduction/generic_floating_linear_solvers.adb
Source file time stamp: 2026-07-16 01:03:09
Compiled at: 2026-07-16 01:04:42
 697 lines: No errors
   [Ada]          standard_floating_ring-ffield.ads

GNAT 10.3.0
Copyright 1992-2020, Free Software Foundation, Inc.

Compiling: /home/runner/work/alire-crates-ci/alire-crates-ci/test/5f655e40-67d4-410c-84fb-5572da83bba4/phcpack_2.4.88_e448e94a/src/Ada/Math_Lib/Numbers/standard_floating_ring-ffield.ads
Source file time stamp: 2026-07-16 01:03:09
Compiled at: 2026-07-16 01:04:42
 10 lines: No errors
   [Ada]          abstract_ring_io.ads

GNAT 10.3.0
Copyright 1992-2020, Free Software Foundation, Inc.

Compiling: /home/runner/work/alire-crates-ci/alire-crates-ci/test/5f655e40-67d4-410c-84fb-5572da83bba4/phcpack_2.4.88_e448e94a/src/Ada/Math_Lib/Numbers/abstract_ring_io.ads
Source file time stamp: 2026-07-16 01:03:09
Compiled at: 2026-07-16 01:04:42
 18 lines: No errors
   [Ada]          generic_arrays_of_vector_lists_io.adb

GNAT 10.3.0
Copyright 1992-2020, Free Software Foundation, Inc.

Compiling: /home/runner/work/alire-crates-ci/alire-crates-ci/test/5f655e40-67d4-410c-84fb-5572da83bba4/phcpack_2.4.88_e448e94a/src/Ada/Math_Lib/Supports/generic_arrays_of_vector_lists_io.adb
Source file time stamp: 2026-07-16 01:03:10
Compiled at: 2026-07-16 01:04:42
 56 lines: No errors
   [Ada]          generic_lists_of_vectors_io.adb

GNAT 10.3.0
Copyright 1992-2020, Free Software Foundation, Inc.

Compiling: /home/runner/work/alire-crates-ci/alire-crates-ci/test/5f655e40-67d4-410c-84fb-5572da83bba4/phcpack_2.4.88_e448e94a/src/Ada/Math_Lib/Supports/generic_lists_of_vectors_io.adb
Source file time stamp: 2026-07-16 01:03:10
Compiled at: 2026-07-16 01:04:42
 43 lines: No errors
   [Ada]          generic_vectors_io.adb

GNAT 10.3.0
Copyright 1992-2020, Free Software Foundation, Inc.

Compiling: /home/runner/work/alire-crates-ci/alire-crates-ci/test/5f655e40-67d4-410c-84fb-5572da83bba4/phcpack_2.4.88_e448e94a/src/Ada/Math_Lib/Vectors/generic_vectors_io.adb
Source file time stamp: 2026-07-16 01:03:10
Compiled at: 2026-07-16 01:04:42
 132 lines: No errors
   [Ada]          standard_floating_ring_io.ads

GNAT 10.3.0
Copyright 1992-2020, Free Software Foundation, Inc.

Compiling: /home/runner/work/alire-crates-ci/alire-crates-ci/test/5f655e40-67d4-410c-84fb-5572da83bba4/phcpack_2.4.88_e448e94a/src/Ada/Math_Lib/Numbers/standard_floating_ring_io.ads
Source file time stamp: 2026-07-16 01:03:09
Compiled at: 2026-07-16 01:04:42
 12 lines: No errors
   [Ada]          cayley_trick.adb

GNAT 10.3.0
Copyright 1992-2020, Free Software Foundation, Inc.

Compiling: /home/runner/work/alire-crates-ci/alire-crates-ci/test/5f655e40-67d4-410c-84fb-5572da83bba4/phcpack_2.4.88_e448e94a/src/Ada/Deformations/Homotopy/standard_coefficient_homotopy.adb
Source file time stamp: 2026-07-16 01:03:09
Compiled at: 2026-07-16 01:04:42
 396 lines: No errors
   [Ada]          flatten_mixed_subdivisions.adb

GNAT 10.3.0
Copyright 1992-2020, Free Software Foundation, Inc.

Compiling: /home/runner/work/alire-crates-ci/alire-crates-ci/test/5f655e40-67d4-410c-84fb-5572da83bba4/phcpack_2.4.88_e448e94a/src/Ada/Root_Counts/Dynlift/cayley_trick.adb
Source file time stamp: 2026-07-16 01:03:10
Compiled at: 2026-07-16 01:04:43
 399 lines: No errors
   [Ada]          standard_dynamic32_triangulations.adb

GNAT 10.3.0
Copyright 1992-2020, Free Software Foundation, Inc.

Compiling: /home/runner/work/alire-crates-ci/alire-crates-ci/test/5f655e40-67d4-410c-84fb-5572da83bba4/phcpack_2.4.88_e448e94a/src/Ada/Root_Counts/Dynlift/flatten_mixed_subdivisions.adb
Source file time stamp: 2026-07-16 01:03:10
Compiled at: 2026-07-16 01:04:43
 109 lines: No errors
   [Ada]          standard_integer32_triangulations.adb

GNAT 10.3.0
Copyright 1992-2020, Free Software Foundation, Inc.

Compiling: /home/runner/work/alire-crates-ci/alire-crates-ci/test/5f655e40-67d4-410c-84fb-5572da83bba4/phcpack_2.4.88_e448e94a/src/Ada/Root_Counts/Dynlift/standard_dynamic32_triangulations.adb
Source file time stamp: 2026-07-16 01:03:10
Compiled at: 2026-07-16 01:04:43
 252 lines: No errors
   [Ada]          standard_integer32_vertices.adb

GNAT 10.3.0
Copyright 1992-2020, Free Software Foundation, Inc.

Compiling: /home/runner/work/alire-crates-ci/alire-crates-ci/test/5f655e40-67d4-410c-84fb-5572da83bba4/phcpack_2.4.88_e448e94a/src/Ada/Root_Counts/Dynlift/standard_integer32_triangulations.adb
Source file time stamp: 2026-07-16 01:03:10
Compiled at: 2026-07-16 01:04:43
 613 lines: No errors
   [Ada]          triangulations_and_subdivisions.adb

GNAT 10.3.0
Copyright 1992-2020, Free Software Foundation, Inc.

Compiling: /home/runner/work/alire-crates-ci/alire-crates-ci/test/5f655e40-67d4-410c-84fb-5572da83bba4/phcpack_2.4.88_e448e94a/src/Ada/Root_Counts/Implift/standard_integer32_vertices.adb
Source file time stamp: 2026-07-16 01:03:10
Compiled at: 2026-07-16 01:04:43
 459 lines: No errors
   [Ada]          dobldobl_complex_ring-ffield.ads

GNAT 10.3.0
Copyright 1992-2020, Free Software Foundation, Inc.

Compiling: /home/runner/work/alire-crates-ci/alire-crates-ci/test/5f655e40-67d4-410c-84fb-5572da83bba4/phcpack_2.4.88_e448e94a/src/Ada/Math_Lib/QD/dobldobl_complex_ring-ffield.ads
Source file time stamp: 2026-07-16 01:03:09
Compiled at: 2026-07-16 01:04:43
 10 lines: No errors
   [Ada]          generic_laur_jaco_matrices.adb

GNAT 10.3.0
Copyright 1992-2020, Free Software Foundation, Inc.

Compiling: /home/runner/work/alire-crates-ci/alire-crates-ci/test/5f655e40-67d4-410c-84fb-5572da83bba4/phcpack_2.4.88_e448e94a/src/Ada/Math_Lib/Polynomials/generic_laur_jaco_matrices.adb
Source file time stamp: 2026-07-16 01:03:09
Compiled at: 2026-07-16 01:04:43
 219 lines: No errors
   [Ada]          generic_laur_poly_functions.adb

GNAT 10.3.0
Copyright 1992-2020, Free Software Foundation, Inc.

Compiling: /home/runner/work/alire-crates-ci/alire-crates-ci/test/5f655e40-67d4-410c-84fb-5572da83bba4/phcpack_2.4.88_e448e94a/src/Ada/Math_Lib/Functions/generic_laur_poly_functions.adb
Source file time stamp: 2026-07-16 01:03:09
Compiled at: 2026-07-16 01:04:43
 761 lines: No errors
   [Ada]          generic_laur_system_functions.adb

GNAT 10.3.0
Copyright 1992-2020, Free Software Foundation, Inc.

Compiling: /home/runner/work/alire-crates-ci/alire-crates-ci/test/5f655e40-67d4-410c-84fb-5572da83bba4/phcpack_2.4.88_e448e94a/src/Ada/Math_Lib/Functions/generic_laur_system_functions.adb
Source file time stamp: 2026-07-16 01:03:09
Compiled at: 2026-07-16 01:04:43
 128 lines: No errors
   [Ada]          dobldobl_complex_polynomials_io.adb

GNAT 10.3.0
Copyright 1992-2020, Free Software Foundation, Inc.

Compiling: /home/runner/work/alire-crates-ci/alire-crates-ci/test/5f655e40-67d4-410c-84fb-5572da83bba4/phcpack_2.4.88_e448e94a/src/Ada/Root_Counts/Dynlift/triangulations_and_subdivisions.adb
Source file time stamp: 2026-07-16 01:03:10
Compiled at: 2026-07-16 01:04:43
 224 lines: No errors
   [Ada]          dobldobl_simplex_solvers.adb

GNAT 10.3.0
Copyright 1992-2020, Free Software Foundation, Inc.

Compiling: /home/runner/work/alire-crates-ci/alire-crates-ci/test/5f655e40-67d4-410c-84fb-5572da83bba4/phcpack_2.4.88_e448e94a/src/Ada/Math_Lib/Polynomials/dobldobl_complex_polynomials_io.adb
Source file time stamp: 2026-07-16 01:03:09
Compiled at: 2026-07-16 01:04:43
 153 lines: No errors
   [Ada]          dobldobl_simplex_systems.adb

GNAT 10.3.0
Copyright 1992-2020, Free Software Foundation, Inc.

Compiling: /home/runner/work/alire-crates-ci/alire-crates-ci/test/5f655e40-67d4-410c-84fb-5572da83bba4/phcpack_2.4.88_e448e94a/src/Ada/Tasking/polyhedral_start_systems.adb
Source file time stamp: 2026-07-16 01:03:10
Compiled at: 2026-07-16 01:04:42
 1596 lines: No errors
   [Ada]          double_double_numbers_io.adb

GNAT 10.3.0
Copyright 1992-2020, Free Software Foundation, Inc.

Compiling: /home/runner/work/alire-crates-ci/alire-crates-ci/test/5f655e40-67d4-410c-84fb-5572da83bba4/phcpack_2.4.88_e448e94a/src/Ada/Math_Lib/QD/double_double_numbers_io.adb
Source file time stamp: 2026-07-16 01:03:09
Compiled at: 2026-07-16 01:04:44
 435 lines: No errors
   [Ada]          multprec_integer_matrices.ads

GNAT 10.3.0
Copyright 1992-2020, Free Software Foundation, Inc.

Compiling: /home/runner/work/alire-crates-ci/alire-crates-ci/test/5f655e40-67d4-410c-84fb-5572da83bba4/phcpack_2.4.88_e448e94a/src/Ada/Root_Counts/Binomials/dobldobl_simplex_systems.adb
Source file time stamp: 2026-07-16 01:03:10
Compiled at: 2026-07-16 01:04:43
 390 lines: No errors
   [Ada]          multprec_integer_numbers.adb

GNAT 10.3.0
Copyright 1992-2020, Free Software Foundation, Inc.

Compiling: /home/runner/work/alire-crates-ci/alire-crates-ci/test/5f655e40-67d4-410c-84fb-5572da83bba4/phcpack_2.4.88_e448e94a/src/Ada/Root_Counts/Binomials/dobldobl_simplex_solvers.adb
Source file time stamp: 2026-07-16 01:03:10
Compiled at: 2026-07-16 01:04:43
 464 lines: No errors
   [Ada]          standard_integer64_matrices.ads

GNAT 10.3.0
Copyright 1992-2020, Free Software Foundation, Inc.

Compiling: /home/runner/work/alire-crates-ci/alire-crates-ci/test/5f655e40-67d4-410c-84fb-5572da83bba4/phcpack_2.4.88_e448e94a/src/Ada/Math_Lib/Numbers/multprec_integer_numbers.adb
Source file time stamp: 2026-07-16 01:03:09
Compiled at: 2026-07-16 01:04:44
 1162 lines: No errors
   [Ada]          polyhedral_coefficient_homotopies.adb

GNAT 10.3.0
Copyright 1992-2020, Free Software Foundation, Inc.

Compiling: /home/runner/work/alire-crates-ci/alire-crates-ci/test/5f655e40-67d4-410c-84fb-5572da83bba4/phcpack_2.4.88_e448e94a/src/Ada/Math_Lib/Matrices/multprec_integer_matrices.ads
Source file time stamp: 2026-07-16 01:03:09
Compiled at: 2026-07-16 01:04:44
 10 lines: No errors
   [Ada]          integer_lifting_functions.adb

GNAT 10.3.0
Copyright 1992-2020, Free Software Foundation, Inc.

Compiling: /home/runner/work/alire-crates-ci/alire-crates-ci/test/5f655e40-67d4-410c-84fb-5572da83bba4/phcpack_2.4.88_e448e94a/src/Ada/Math_Lib/Matrices/standard_integer64_matrices.ads
Source file time stamp: 2026-07-16 01:03:09
Compiled at: 2026-07-16 01:04:44
 11 lines: No errors
   [Ada]          multprec_integer_linear_solvers.adb

GNAT 10.3.0
Copyright 1992-2020, Free Software Foundation, Inc.

Compiling: /home/runner/work/alire-crates-ci/alire-crates-ci/test/5f655e40-67d4-410c-84fb-5572da83bba4/phcpack_2.4.88_e448e94a/src/Ada/Root_Counts/Stalift/integer_lifting_functions.adb
Source file time stamp: 2026-07-16 01:03:10
Compiled at: 2026-07-16 01:04:44
 373 lines: No errors
   [Ada]          standard_integer64_linear_solvers.ads

GNAT 10.3.0
Copyright 1992-2020, Free Software Foundation, Inc.

Compiling: /home/runner/work/alire-crates-ci/alire-crates-ci/test/5f655e40-67d4-410c-84fb-5572da83bba4/phcpack_2.4.88_e448e94a/src/Ada/Root_Counts/Stalift/polyhedral_coefficient_homotopies.adb
Source file time stamp: 2026-07-16 01:03:10
Compiled at: 2026-07-16 01:04:44
 589 lines: No errors
   [Ada]          standard_integer_linear_solvers.ads

GNAT 10.3.0
Copyright 1992-2020, Free Software Foundation, Inc.

Compiling: /home/runner/work/alire-crates-ci/alire-crates-ci/test/5f655e40-67d4-410c-84fb-5572da83bba4/phcpack_2.4.88_e448e94a/src/Ada/Math_Lib/Divisors/multprec_integer_linear_solvers.adb
Source file time stamp: 2026-07-16 01:03:09
Compiled at: 2026-07-16 01:04:44
 1023 lines: No errors
   [Ada]          transforming_integer32_vector_lists.adb

GNAT 10.3.0
Copyright 1992-2020, Free Software Foundation, Inc.

Compiling: /home/runner/work/alire-crates-ci/alire-crates-ci/test/5f655e40-67d4-410c-84fb-5572da83bba4/phcpack_2.4.88_e448e94a/src/Ada/Root_Counts/Implift/transforming_integer32_vector_lists.adb
Source file time stamp: 2026-07-16 01:03:10
Compiled at: 2026-07-16 01:04:45
 203 lines: No errors
   [Ada]          quaddobl_complex_ring-ffield.ads

GNAT 10.3.0
Copyright 1992-2020, Free Software Foundation, Inc.

Compiling: /home/runner/work/alire-crates-ci/alire-crates-ci/test/5f655e40-67d4-410c-84fb-5572da83bba4/phcpack_2.4.88_e448e94a/src/Ada/Math_Lib/QD/quaddobl_complex_ring-ffield.ads
Source file time stamp: 2026-07-16 01:03:09
Compiled at: 2026-07-16 01:04:45
 10 lines: No errors
   [Ada]          quaddobl_complex_polynomials_io.adb

GNAT 10.3.0
Copyright 1992-2020, Free Software Foundation, Inc.

Compiling: /home/runner/work/alire-crates-ci/alire-crates-ci/test/5f655e40-67d4-410c-84fb-5572da83bba4/phcpack_2.4.88_e448e94a/src/Ada/Math_Lib/Divisors/standard_integer64_linear_solvers.ads
Source file time stamp: 2026-07-16 01:03:09
Compiled at: 2026-07-16 01:04:45
 17 lines: No errors
   [Ada]          bkk_bound_computations.adb

GNAT 10.3.0
Copyright 1992-2020, Free Software Foundation, Inc.

Compiling: /home/runner/work/alire-crates-ci/alire-crates-ci/test/5f655e40-67d4-410c-84fb-5572da83bba4/phcpack_2.4.88_e448e94a/src/Ada/Math_Lib/Polynomials/quaddobl_complex_polynomials_io.adb
Source file time stamp: 2026-07-16 01:03:09
Compiled at: 2026-07-16 01:04:45
 152 lines: No errors
   [Ada]          quad_double_numbers_io.adb

GNAT 10.3.0
Copyright 1992-2020, Free Software Foundation, Inc.

Compiling: /home/runner/work/alire-crates-ci/alire-crates-ci/test/5f655e40-67d4-410c-84fb-5572da83bba4/phcpack_2.4.88_e448e94a/src/Ada/Math_Lib/Divisors/standard_integer_linear_solvers.ads
Source file time stamp: 2026-07-16 01:03:09
Compiled at: 2026-07-16 01:04:45
 16 lines: No errors
   [Ada]          quaddobl_simplex_solvers.adb

GNAT 10.3.0
Copyright 1992-2020, Free Software Foundation, Inc.

Compiling: /home/runner/work/alire-crates-ci/alire-crates-ci/test/5f655e40-67d4-410c-84fb-5572da83bba4/phcpack_2.4.88_e448e94a/src/Ada/Root_Counts/Stalift/bkk_bound_computations.adb
Source file time stamp: 2026-07-16 01:03:10
Compiled at: 2026-07-16 01:04:46
 183 lines: No errors
   [Ada]          quaddobl_simplex_systems.adb

GNAT 10.3.0
Copyright 1992-2020, Free Software Foundation, Inc.

Compiling: /home/runner/work/alire-crates-ci/alire-crates-ci/test/5f655e40-67d4-410c-84fb-5572da83bba4/phcpack_2.4.88_e448e94a/src/Ada/Math_Lib/QD/quad_double_numbers_io.adb
Source file time stamp: 2026-07-16 01:03:09
Compiled at: 2026-07-16 01:04:46
 375 lines: No errors
   [Ada]          standard_complex_ring-ffield.ads

GNAT 10.3.0
Copyright 1992-2020, Free Software Foundation, Inc.

Compiling: /home/runner/work/alire-crates-ci/alire-crates-ci/test/5f655e40-67d4-410c-84fb-5572da83bba4/phcpack_2.4.88_e448e94a/src/Ada/Math_Lib/Numbers/standard_complex_ring-ffield.ads
Source file time stamp: 2026-07-16 01:03:09
Compiled at: 2026-07-16 01:04:46
 9 lines: No errors
   [Ada]          standard_simplex_solvers.adb

GNAT 10.3.0
Copyright 1992-2020, Free Software Foundation, Inc.

Compiling: /home/runner/work/alire-crates-ci/alire-crates-ci/test/5f655e40-67d4-410c-84fb-5572da83bba4/phcpack_2.4.88_e448e94a/src/Ada/Root_Counts/Binomials/quaddobl_simplex_systems.adb
Source file time stamp: 2026-07-16 01:03:10
Compiled at: 2026-07-16 01:04:46
 390 lines: No errors
   [Ada]          standard_simplex_systems.adb

GNAT 10.3.0
Copyright 1992-2020, Free Software Foundation, Inc.

Compiling: /home/runner/work/alire-crates-ci/alire-crates-ci/test/5f655e40-67d4-410c-84fb-5572da83bba4/phcpack_2.4.88_e448e94a/src/Ada/Root_Counts/Binomials/quaddobl_simplex_solvers.adb
Source file time stamp: 2026-07-16 01:03:10
Compiled at: 2026-07-16 01:04:46
 464 lines: No errors
   [Ada]          integer32_vectors_utilities.adb

GNAT 10.3.0
Copyright 1992-2020, Free Software Foundation, Inc.

Compiling: /home/runner/work/alire-crates-ci/alire-crates-ci/test/5f655e40-67d4-410c-84fb-5572da83bba4/phcpack_2.4.88_e448e94a/src/Ada/Root_Counts/Implift/integer32_vectors_utilities.adb
Source file time stamp: 2026-07-16 01:03:10
Compiled at: 2026-07-16 01:04:46
 137 lines: No errors
   [Ada]          standard_integer32_transformations.adb

GNAT 10.3.0
Copyright 1992-2020, Free Software Foundation, Inc.

Compiling: /home/runner/work/alire-crates-ci/alire-crates-ci/test/5f655e40-67d4-410c-84fb-5572da83bba4/phcpack_2.4.88_e448e94a/src/Ada/Root_Counts/Binomials/standard_simplex_solvers.adb
Source file time stamp: 2026-07-16 01:03:10
Compiled at: 2026-07-16 01:04:46
 460 lines: No errors
   [Ada]          dobldobl_diagonal_solutions.adb

GNAT 10.3.0
Copyright 1992-2020, Free Software Foundation, Inc.

Compiling: /home/runner/work/alire-crates-ci/alire-crates-ci/test/5f655e40-67d4-410c-84fb-5572da83bba4/phcpack_2.4.88_e448e94a/src/Ada/Components/Decomposition/dobldobl_diagonal_solutions.adb
Source file time stamp: 2026-07-16 01:03:09
Compiled at: 2026-07-16 01:04:46
 62 lines: No errors
   [Ada]          dobldobl_path_trackers.adb

GNAT 10.3.0
Copyright 1992-2020, Free Software Foundation, Inc.

Compiling: /home/runner/work/alire-crates-ci/alire-crates-ci/test/5f655e40-67d4-410c-84fb-5572da83bba4/phcpack_2.4.88_e448e94a/src/Ada/Root_Counts/Binomials/standard_simplex_systems.adb
Source file time stamp: 2026-07-16 01:03:10
Compiled at: 2026-07-16 01:04:46
 388 lines: No errors
   [Ada]          double_double_vecvecs.ads

GNAT 10.3.0
Copyright 1992-2020, Free Software Foundation, Inc.

Compiling: /home/runner/work/alire-crates-ci/alire-crates-ci/test/5f655e40-67d4-410c-84fb-5572da83bba4/phcpack_2.4.88_e448e94a/src/Ada/Deformations/Trackers/dobldobl_path_trackers.adb
Source file time stamp: 2026-07-16 01:03:09
Compiled at: 2026-07-16 01:04:47
 802 lines: No errors
   [Ada]          drivers_for_path_directions.adb

GNAT 10.3.0
Copyright 1992-2020, Free Software Foundation, Inc.

Compiling: /home/runner/work/alire-crates-ci/alire-crates-ci/test/5f655e40-67d4-410c-84fb-5572da83bba4/phcpack_2.4.88_e448e94a/src/Ada/Math_Lib/Vectors/double_double_vecvecs.ads
Source file time stamp: 2026-07-16 01:03:10
Compiled at: 2026-07-16 01:04:47
 9 lines: No errors
   [Ada]          extrinsic_diagonal_homotopies.adb

GNAT 10.3.0
Copyright 1992-2020, Free Software Foundation, Inc.

Compiling: /home/runner/work/alire-crates-ci/alire-crates-ci/test/5f655e40-67d4-410c-84fb-5572da83bba4/phcpack_2.4.88_e448e94a/src/Ada/Root_Counts/Implift/standard_integer32_transformations.adb
Source file time stamp: 2026-07-16 01:03:10
Compiled at: 2026-07-16 01:04:46
 412 lines: No errors
   [Ada]          multprec_complex_norms_equals.adb

GNAT 10.3.0
Copyright 1992-2020, Free Software Foundation, Inc.

Compiling: /home/runner/work/alire-crates-ci/alire-crates-ci/test/5f655e40-67d4-410c-84fb-5572da83bba4/phcpack_2.4.88_e448e94a/src/Ada/Math_Lib/Reduction/multprec_complex_norms_equals.adb
Source file time stamp: 2026-07-16 01:03:09
Compiled at: 2026-07-16 01:04:47
 84 lines: No errors
   [Ada]          multprec_complex_numbers_io.adb

GNAT 10.3.0
Copyright 1992-2020, Free Software Foundation, Inc.

Compiling: /home/runner/work/alire-crates-ci/alire-crates-ci/test/5f655e40-67d4-410c-84fb-5572da83bba4/phcpack_2.4.88_e448e94a/src/Ada/Math_Lib/Numbers/multprec_complex_numbers_io.adb
Source file time stamp: 2026-07-16 01:03:09
Compiled at: 2026-07-16 01:04:47
 115 lines: No errors
   [Ada]          multprec_incfix_continuation.adb

GNAT 10.3.0
Copyright 1992-2020, Free Software Foundation, Inc.

Compiling: /home/runner/work/alire-crates-ci/alire-crates-ci/test/5f655e40-67d4-410c-84fb-5572da83bba4/phcpack_2.4.88_e448e94a/src/Ada/Deformations/Continuation/multprec_incfix_continuation.adb
Source file time stamp: 2026-07-16 01:03:09
Compiled at: 2026-07-16 01:04:47
 127 lines: No errors
   [Ada]          numerical_tropisms_container.adb

GNAT 10.3.0
Copyright 1992-2020, Free Software Foundation, Inc.

Compiling: /home/runner/work/alire-crates-ci/alire-crates-ci/test/5f655e40-67d4-410c-84fb-5572da83bba4/phcpack_2.4.88_e448e94a/src/Ada/CtoPHC/State/numerical_tropisms_container.adb
Source file time stamp: 2026-07-16 01:03:09
Compiled at: 2026-07-16 01:04:47
 250 lines: No errors
   [Ada]          quad_double_vecvecs.ads

GNAT 10.3.0
Copyright 1992-2020, Free Software Foundation, Inc.

Compiling: /home/runner/work/alire-crates-ci/alire-crates-ci/test/5f655e40-67d4-410c-84fb-5572da83bba4/phcpack_2.4.88_e448e94a/src/Ada/Math_Lib/Vectors/quad_double_vecvecs.ads
Source file time stamp: 2026-07-16 01:03:10
Compiled at: 2026-07-16 01:04:47
 9 lines: No errors
   [Ada]          quaddobl_diagonal_solutions.adb

GNAT 10.3.0
Copyright 1992-2020, Free Software Foundation, Inc.

Compiling: /home/runner/work/alire-crates-ci/alire-crates-ci/test/5f655e40-67d4-410c-84fb-5572da83bba4/phcpack_2.4.88_e448e94a/src/Ada/Components/Decomposition/quaddobl_diagonal_solutions.adb
Source file time stamp: 2026-07-16 01:03:09
Compiled at: 2026-07-16 01:04:47
 62 lines: No errors
   [Ada]          quaddobl_path_trackers.adb

GNAT 10.3.0
Copyright 1992-2020, Free Software Foundation, Inc.

Compiling: /home/runner/work/alire-crates-ci/alire-crates-ci/test/5f655e40-67d4-410c-84fb-5572da83bba4/phcpack_2.4.88_e448e94a/src/Ada/Deformations/Trackers/quaddobl_path_trackers.adb
Source file time stamp: 2026-07-16 01:03:09
Compiled at: 2026-07-16 01:04:48
 802 lines: No errors
   [Ada]          standard_diagonal_solutions.adb

GNAT 10.3.0
Copyright 1992-2020, Free Software Foundation, Inc.

Compiling: /home/runner/work/alire-crates-ci/alire-crates-ci/test/5f655e40-67d4-410c-84fb-5572da83bba4/phcpack_2.4.88_e448e94a/src/Ada/Components/Decomposition/standard_diagonal_solutions.adb
Source file time stamp: 2026-07-16 01:03:09
Compiled at: 2026-07-16 01:04:48
 62 lines: No errors
   [Ada]          standard_path_trackers.adb

GNAT 10.3.0
Copyright 1992-2020, Free Software Foundation, Inc.

Compiling: /home/runner/work/alire-crates-ci/alire-crates-ci/test/5f655e40-67d4-410c-84fb-5572da83bba4/phcpack_2.4.88_e448e94a/src/Ada/Components/Decomposition/extrinsic_diagonal_homotopies.adb
Source file time stamp: 2026-07-16 01:03:09
Compiled at: 2026-07-16 01:04:47
 1440 lines: No errors
   [Ada]          dobldobl_complex_numbers_cv.adb

GNAT 10.3.0
Copyright 1992-2020, Free Software Foundation, Inc.

Compiling: /home/runner/work/alire-crates-ci/alire-crates-ci/test/5f655e40-67d4-410c-84fb-5572da83bba4/phcpack_2.4.88_e448e94a/src/Ada/Math_Lib/QD/dobldobl_complex_numbers_cv.adb
Source file time stamp: 2026-07-16 01:03:09
Compiled at: 2026-07-16 01:04:48
 72 lines: No errors
   [Ada]          dobldobl_complex_vectors_cv.adb

GNAT 10.3.0
Copyright 1992-2020, Free Software Foundation, Inc.

Compiling: /home/runner/work/alire-crates-ci/alire-crates-ci/test/5f655e40-67d4-410c-84fb-5572da83bba4/phcpack_2.4.88_e448e94a/src/Ada/Deformations/Trackers/standard_path_trackers.adb
Source file time stamp: 2026-07-16 01:03:09
Compiled at: 2026-07-16 01:04:48
 790 lines: No errors
   [Ada]          multprec_dobldobl_convertors.adb

GNAT 10.3.0
Copyright 1992-2020, Free Software Foundation, Inc.

Compiling: /home/runner/work/alire-crates-ci/alire-crates-ci/test/5f655e40-67d4-410c-84fb-5572da83bba4/phcpack_2.4.88_e448e94a/src/Ada/Math_Lib/QD/multprec_dobldobl_convertors.adb
Source file time stamp: 2026-07-16 01:03:09
Compiled at: 2026-07-16 01:04:48
 53 lines: No errors
   [Ada]          multprec_quaddobl_convertors.adb

GNAT 10.3.0
Copyright 1992-2020, Free Software Foundation, Inc.

Compiling: /home/runner/work/alire-crates-ci/alire-crates-ci/test/5f655e40-67d4-410c-84fb-5572da83bba4/phcpack_2.4.88_e448e94a/src/Ada/Math_Lib/Vectors/dobldobl_complex_vectors_cv.adb
Source file time stamp: 2026-07-16 01:03:10
Compiled at: 2026-07-16 01:04:48
 57 lines: No errors
   [Ada]          quaddobl_complex_numbers_cv.adb

GNAT 10.3.0
Copyright 1992-2020, Free Software Foundation, Inc.

Compiling: /home/runner/work/alire-crates-ci/alire-crates-ci/test/5f655e40-67d4-410c-84fb-5572da83bba4/phcpack_2.4.88_e448e94a/src/Ada/Math_Lib/QD/multprec_quaddobl_convertors.adb
Source file time stamp: 2026-07-16 01:03:09
Compiled at: 2026-07-16 01:04:48
 45 lines: No errors
   [Ada]          quaddobl_complex_vectors_cv.adb

GNAT 10.3.0
Copyright 1992-2020, Free Software Foundation, Inc.

Compiling: /home/runner/work/alire-crates-ci/alire-crates-ci/test/5f655e40-67d4-410c-84fb-5572da83bba4/phcpack_2.4.88_e448e94a/src/Ada/Math_Lib/QD/quaddobl_complex_numbers_cv.adb
Source file time stamp: 2026-07-16 01:03:09
Compiled at: 2026-07-16 01:04:48
 104 lines: No errors
   [Ada]          generic_poly_system_functions.adb

GNAT 10.3.0
Copyright 1992-2020, Free Software Foundation, Inc.

Compiling: /home/runner/work/alire-crates-ci/alire-crates-ci/test/5f655e40-67d4-410c-84fb-5572da83bba4/phcpack_2.4.88_e448e94a/src/Ada/Math_Lib/Functions/generic_poly_system_functions.adb
Source file time stamp: 2026-07-16 01:03:09
Compiled at: 2026-07-16 01:04:48
 130 lines: No errors
   [Ada]          generic_polynomial_functions.adb

GNAT 10.3.0
Copyright 1992-2020, Free Software Foundation, Inc.

Compiling: /home/runner/work/alire-crates-ci/alire-crates-ci/test/5f655e40-67d4-410c-84fb-5572da83bba4/phcpack_2.4.88_e448e94a/src/Ada/Math_Lib/Functions/generic_polynomial_functions.adb
Source file time stamp: 2026-07-16 01:03:09
Compiled at: 2026-07-16 01:04:48
 646 lines: No errors
   [Ada]          generic_jacobian_matrices.adb

GNAT 10.3.0
Copyright 1992-2020, Free Software Foundation, Inc.

Compiling: /home/runner/work/alire-crates-ci/alire-crates-ci/test/5f655e40-67d4-410c-84fb-5572da83bba4/phcpack_2.4.88_e448e94a/src/Ada/Math_Lib/Polynomials/generic_jacobian_matrices.adb
Source file time stamp: 2026-07-16 01:03:09
Compiled at: 2026-07-16 01:04:48
 215 lines: No errors
   [Ada]          multprec_complex_number_tools.adb

GNAT 10.3.0
Copyright 1992-2020, Free Software Foundation, Inc.

Compiling: /home/runner/work/alire-crates-ci/alire-crates-ci/test/5f655e40-67d4-410c-84fb-5572da83bba4/phcpack_2.4.88_e448e94a/src/Ada/Math_Lib/Numbers/multprec_complex_number_tools.adb
Source file time stamp: 2026-07-16 01:03:09
Compiled at: 2026-07-16 01:04:48
 66 lines: No errors
   [Ada]          dobldobl_complex_qr_least_squares.adb

GNAT 10.3.0
Copyright 1992-2020, Free Software Foundation, Inc.

Compiling: /home/runner/work/alire-crates-ci/alire-crates-ci/test/5f655e40-67d4-410c-84fb-5572da83bba4/phcpack_2.4.88_e448e94a/src/Ada/Math_Lib/Vectors/quaddobl_complex_vectors_cv.adb
Source file time stamp: 2026-07-16 01:03:10
Compiled at: 2026-07-16 01:04:48
 197 lines: No errors
   [Ada]          dobldobl_nullity_matrices.adb

GNAT 10.3.0
Copyright 1992-2020, Free Software Foundation, Inc.

Compiling: /home/runner/work/alire-crates-ci/alire-crates-ci/test/5f655e40-67d4-410c-84fb-5572da83bba4/phcpack_2.4.88_e448e94a/src/Ada/Deformations/Newton/dobldobl_nullity_matrices.adb
Source file time stamp: 2026-07-16 01:03:09
Compiled at: 2026-07-16 01:04:48
 249 lines: No errors
   [Ada]          dobldobl_numerical_rank.adb

GNAT 10.3.0
Copyright 1992-2020, Free Software Foundation, Inc.

Compiling: /home/runner/work/alire-crates-ci/alire-crates-ci/test/5f655e40-67d4-410c-84fb-5572da83bba4/phcpack_2.4.88_e448e94a/src/Ada/Math_Lib/Reduction/dobldobl_complex_qr_least_squares.adb
Source file time stamp: 2026-07-16 01:03:09
Compiled at: 2026-07-16 01:04:48
 405 lines: No errors
   [Ada]          quaddobl_complex_qr_least_squares.adb

GNAT 10.3.0
Copyright 1992-2020, Free Software Foundation, Inc.

Compiling: /home/runner/work/alire-crates-ci/alire-crates-ci/test/5f655e40-67d4-410c-84fb-5572da83bba4/phcpack_2.4.88_e448e94a/src/Ada/Deformations/Newton/dobldobl_numerical_rank.adb
Source file time stamp: 2026-07-16 01:03:10
Compiled at: 2026-07-16 01:04:49
 60 lines: No errors
   [Ada]          quaddobl_nullity_matrices.adb

GNAT 10.3.0
Copyright 1992-2020, Free Software Foundation, Inc.

Compiling: /home/runner/work/alire-crates-ci/alire-crates-ci/test/5f655e40-67d4-410c-84fb-5572da83bba4/phcpack_2.4.88_e448e94a/src/Ada/Deformations/Newton/quaddobl_nullity_matrices.adb
Source file time stamp: 2026-07-16 01:03:09
Compiled at: 2026-07-16 01:04:49
 249 lines: No errors
   [Ada]          quaddobl_numerical_rank.adb

GNAT 10.3.0
Copyright 1992-2020, Free Software Foundation, Inc.

Compiling: /home/runner/work/alire-crates-ci/alire-crates-ci/test/5f655e40-67d4-410c-84fb-5572da83bba4/phcpack_2.4.88_e448e94a/src/Ada/Math_Lib/Reduction/quaddobl_complex_qr_least_squares.adb
Source file time stamp: 2026-07-16 01:03:09
Compiled at: 2026-07-16 01:04:49
 404 lines: No errors
   [Ada]          standard_complex_qr_least_squares.adb

GNAT 10.3.0
Copyright 1992-2020, Free Software Foundation, Inc.

Compiling: /home/runner/work/alire-crates-ci/alire-crates-ci/test/5f655e40-67d4-410c-84fb-5572da83bba4/phcpack_2.4.88_e448e94a/src/Ada/Deformations/Newton/quaddobl_numerical_rank.adb
Source file time stamp: 2026-07-16 01:03:10
Compiled at: 2026-07-16 01:04:49
 60 lines: No errors
   [Ada]          standard_nullity_matrices.adb

GNAT 10.3.0
Copyright 1992-2020, Free Software Foundation, Inc.

Compiling: /home/runner/work/alire-crates-ci/alire-crates-ci/test/5f655e40-67d4-410c-84fb-5572da83bba4/phcpack_2.4.88_e448e94a/src/Ada/Schubert/Induction/wrapped_path_trackers.adb
Source file time stamp: 2026-07-16 01:03:10
Compiled at: 2026-07-16 01:04:37
 615 lines: No errors
   [Ada]          standard_numerical_rank.adb

GNAT 10.3.0
Copyright 1992-2020, Free Software Foundation, Inc.

Compiling: /home/runner/work/alire-crates-ci/alire-crates-ci/test/5f655e40-67d4-410c-84fb-5572da83bba4/phcpack_2.4.88_e448e94a/src/Ada/Deformations/Newton/standard_numerical_rank.adb
Source file time stamp: 2026-07-16 01:03:10
Compiled at: 2026-07-16 01:04:49
 60 lines: No errors
   [Ada]          dobldobl_complex_newton_steps.adb

GNAT 10.3.0
Copyright 1992-2020, Free Software Foundation, Inc.

Compiling: /home/runner/work/alire-crates-ci/alire-crates-ci/test/5f655e40-67d4-410c-84fb-5572da83bba4/phcpack_2.4.88_e448e94a/src/Ada/Deformations/Newton/standard_nullity_matrices.adb
Source file time stamp: 2026-07-16 01:03:09
Compiled at: 2026-07-16 01:04:49
 249 lines: No errors
   [Ada]          dobldobl_complex_singular_values.adb

GNAT 10.3.0
Copyright 1992-2020, Free Software Foundation, Inc.

Compiling: /home/runner/work/alire-crates-ci/alire-crates-ci/test/5f655e40-67d4-410c-84fb-5572da83bba4/phcpack_2.4.88_e448e94a/src/Ada/Math_Lib/Reduction/standard_complex_qr_least_squares.adb
Source file time stamp: 2026-07-16 01:03:09
Compiled at: 2026-07-16 01:04:49
 399 lines: No errors
   [Ada]          dobldobl_deflate_singularities.adb

GNAT 10.3.0
Copyright 1992-2020, Free Software Foundation, Inc.

Compiling: /home/runner/work/alire-crates-ci/alire-crates-ci/test/5f655e40-67d4-410c-84fb-5572da83bba4/phcpack_2.4.88_e448e94a/src/Ada/Deformations/Newton/dobldobl_complex_newton_steps.adb
Source file time stamp: 2026-07-16 01:03:09
Compiled at: 2026-07-16 01:04:49
 142 lines: No errors
   [Ada]          dobldobl_deflation_trees.adb

GNAT 10.3.0
Copyright 1992-2020, Free Software Foundation, Inc.

Compiling: /home/runner/work/alire-crates-ci/alire-crates-ci/test/5f655e40-67d4-410c-84fb-5572da83bba4/phcpack_2.4.88_e448e94a/src/Ada/Deformations/Newton/dobldobl_deflation_trees.adb
Source file time stamp: 2026-07-16 01:03:09
Compiled at: 2026-07-16 01:04:49
 70 lines: No errors
   [Ada]          dobldobl_deflation_trees_io.adb

GNAT 10.3.0
Copyright 1992-2020, Free Software Foundation, Inc.

Compiling: /home/runner/work/alire-crates-ci/alire-crates-ci/test/5f655e40-67d4-410c-84fb-5572da83bba4/phcpack_2.4.88_e448e94a/src/Ada/Deformations/Newton/dobldobl_deflation_trees_io.adb
Source file time stamp: 2026-07-16 01:03:09
Compiled at: 2026-07-16 01:04:50
 107 lines: No errors
   [Ada]          dobldobl_multiple_solutions.adb

GNAT 10.3.0
Copyright 1992-2020, Free Software Foundation, Inc.

Compiling: /home/runner/work/alire-crates-ci/alire-crates-ci/test/5f655e40-67d4-410c-84fb-5572da83bba4/phcpack_2.4.88_e448e94a/src/Ada/Deformations/Newton/dobldobl_deflate_singularities.adb
Source file time stamp: 2026-07-16 01:03:09
Compiled at: 2026-07-16 01:04:49
 474 lines: No errors
   [Ada]          monomial_hashing.adb

GNAT 10.3.0
Copyright 1992-2020, Free Software Foundation, Inc.

Compiling: /home/runner/work/alire-crates-ci/alire-crates-ci/test/5f655e40-67d4-410c-84fb-5572da83bba4/phcpack_2.4.88_e448e94a/src/Ada/Deformations/Newton/dobldobl_multiple_solutions.adb
Source file time stamp: 2026-07-16 01:03:09
Compiled at: 2026-07-16 01:04:50
 161 lines: No errors
   [Ada]          dobldobl_evaluate_deflation.adb

GNAT 10.3.0
Copyright 1992-2020, Free Software Foundation, Inc.

Compiling: /home/runner/work/alire-crates-ci/alire-crates-ci/test/5f655e40-67d4-410c-84fb-5572da83bba4/phcpack_2.4.88_e448e94a/src/Ada/Deformations/Newton/monomial_hashing.adb
Source file time stamp: 2026-07-16 01:03:09
Compiled at: 2026-07-16 01:04:50
 167 lines: No errors
   [Ada]          dobldobl_jacobian_trees.adb

GNAT 10.3.0
Copyright 1992-2020, Free Software Foundation, Inc.

Compiling: /home/runner/work/alire-crates-ci/alire-crates-ci/test/5f655e40-67d4-410c-84fb-5572da83bba4/phcpack_2.4.88_e448e94a/src/Ada/Math_Lib/Reduction/dobldobl_complex_singular_values.adb
Source file time stamp: 2026-07-16 01:03:09
Compiled at: 2026-07-16 01:04:49
 1099 lines: No errors
   [Ada]          standard_natural64_vecvecs.ads

GNAT 10.3.0
Copyright 1992-2020, Free Software Foundation, Inc.

Compiling: /home/runner/work/alire-crates-ci/alire-crates-ci/test/5f655e40-67d4-410c-84fb-5572da83bba4/phcpack_2.4.88_e448e94a/src/Ada/Math_Lib/Vectors/standard_natural64_vecvecs.ads
Source file time stamp: 2026-07-16 01:03:10
Compiled at: 2026-07-16 01:04:50
 10 lines: No errors
   [Ada]          multprec_complex_ring.ads

GNAT 10.3.0
Copyright 1992-2020, Free Software Foundation, Inc.

Compiling: /home/runner/work/alire-crates-ci/alire-crates-ci/test/5f655e40-67d4-410c-84fb-5572da83bba4/phcpack_2.4.88_e448e94a/src/Ada/Math_Lib/Numbers/multprec_complex_ring.ads
Source file time stamp: 2026-07-16 01:03:09
Compiled at: 2026-07-16 01:04:50
 10 lines: No errors
   [Ada]          quaddobl_complex_newton_steps.adb

GNAT 10.3.0
Copyright 1992-2020, Free Software Foundation, Inc.

Compiling: /home/runner/work/alire-crates-ci/alire-crates-ci/test/5f655e40-67d4-410c-84fb-5572da83bba4/phcpack_2.4.88_e448e94a/src/Ada/Deformations/Newton/quaddobl_complex_newton_steps.adb
Source file time stamp: 2026-07-16 01:03:09
Compiled at: 2026-07-16 01:04:51
 142 lines: No errors
   [Ada]          quaddobl_complex_singular_values.adb

GNAT 10.3.0
Copyright 1992-2020, Free Software Foundation, Inc.

Compiling: /home/runner/work/alire-crates-ci/alire-crates-ci/test/5f655e40-67d4-410c-84fb-5572da83bba4/phcpack_2.4.88_e448e94a/src/Ada/Deformations/Newton/dobldobl_jacobian_trees.adb
Source file time stamp: 2026-07-16 01:03:09
Compiled at: 2026-07-16 01:04:50
 444 lines: No errors
   [Ada]          quaddobl_deflate_singularities.adb

GNAT 10.3.0
Copyright 1992-2020, Free Software Foundation, Inc.

Compiling: /home/runner/work/alire-crates-ci/alire-crates-ci/test/5f655e40-67d4-410c-84fb-5572da83bba4/phcpack_2.4.88_e448e94a/src/Ada/Deformations/Newton/dobldobl_evaluate_deflation.adb
Source file time stamp: 2026-07-16 01:03:09
Compiled at: 2026-07-16 01:04:50
 831 lines: No errors
   [Ada]          quaddobl_deflation_trees.adb

GNAT 10.3.0
Copyright 1992-2020, Free Software Foundation, Inc.

Compiling: /home/runner/work/alire-crates-ci/alire-crates-ci/test/5f655e40-67d4-410c-84fb-5572da83bba4/phcpack_2.4.88_e448e94a/src/Ada/Deformations/Newton/quaddobl_deflation_trees.adb
Source file time stamp: 2026-07-16 01:03:09
Compiled at: 2026-07-16 01:04:51
 70 lines: No errors
   [Ada]          quaddobl_deflation_trees_io.adb

GNAT 10.3.0
Copyright 1992-2020, Free Software Foundation, Inc.

Compiling: /home/runner/work/alire-crates-ci/alire-crates-ci/test/5f655e40-67d4-410c-84fb-5572da83bba4/phcpack_2.4.88_e448e94a/src/Ada/Deformations/Newton/quaddobl_deflate_singularities.adb
Source file time stamp: 2026-07-16 01:03:09
Compiled at: 2026-07-16 01:04:51
 474 lines: No errors
   [Ada]          quaddobl_multiple_solutions.adb

GNAT 10.3.0
Copyright 1992-2020, Free Software Foundation, Inc.

Compiling: /home/runner/work/alire-crates-ci/alire-crates-ci/test/5f655e40-67d4-410c-84fb-5572da83bba4/phcpack_2.4.88_e448e94a/src/Ada/Deformations/Newton/quaddobl_multiple_solutions.adb
Source file time stamp: 2026-07-16 01:03:09
Compiled at: 2026-07-16 01:04:51
 161 lines: No errors
   [Ada]          quaddobl_evaluate_deflation.adb

GNAT 10.3.0
Copyright 1992-2020, Free Software Foundation, Inc.

Compiling: /home/runner/work/alire-crates-ci/alire-crates-ci/test/5f655e40-67d4-410c-84fb-5572da83bba4/phcpack_2.4.88_e448e94a/src/Ada/Deformations/Newton/quaddobl_deflation_trees_io.adb
Source file time stamp: 2026-07-16 01:03:09
Compiled at: 2026-07-16 01:04:51
 107 lines: No errors
   [Ada]          quaddobl_jacobian_trees.adb

GNAT 10.3.0
Copyright 1992-2020, Free Software Foundation, Inc.

Compiling: /home/runner/work/alire-crates-ci/alire-crates-ci/test/5f655e40-67d4-410c-84fb-5572da83bba4/phcpack_2.4.88_e448e94a/src/Ada/Math_Lib/Reduction/quaddobl_complex_singular_values.adb
Source file time stamp: 2026-07-16 01:03:09
Compiled at: 2026-07-16 01:04:51
 1099 lines: No errors
   [Ada]          multprec_parse_numbers.adb

GNAT 10.3.0
Copyright 1992-2020, Free Software Foundation, Inc.

Compiling: /home/runner/work/alire-crates-ci/alire-crates-ci/test/5f655e40-67d4-410c-84fb-5572da83bba4/phcpack_2.4.88_e448e94a/src/Ada/Math_Lib/Numbers/multprec_parse_numbers.adb
Source file time stamp: 2026-07-16 01:03:09
Compiled at: 2026-07-16 01:04:52
 310 lines: No errors
   [Ada]          standard_complex_poly_strings.adb

GNAT 10.3.0
Copyright 1992-2020, Free Software Foundation, Inc.

Compiling: /home/runner/work/alire-crates-ci/alire-crates-ci/test/5f655e40-67d4-410c-84fb-5572da83bba4/phcpack_2.4.88_e448e94a/src/Ada/Deformations/Newton/quaddobl_jacobian_trees.adb
Source file time stamp: 2026-07-16 01:03:09
Compiled at: 2026-07-16 01:04:51
 444 lines: No errors
   [Ada]          strings_and_numbers.adb

GNAT 10.3.0
Copyright 1992-2020, Free Software Foundation, Inc.

Compiling: /home/runner/work/alire-crates-ci/alire-crates-ci/test/5f655e40-67d4-410c-84fb-5572da83bba4/phcpack_2.4.88_e448e94a/src/Ada/Deformations/Newton/quaddobl_evaluate_deflation.adb
Source file time stamp: 2026-07-16 01:03:09
Compiled at: 2026-07-16 01:04:51
 831 lines: No errors
   [Ada]          multprec_complex_term_lists.ads

GNAT 10.3.0
Copyright 1992-2020, Free Software Foundation, Inc.

Compiling: /home/runner/work/alire-crates-ci/alire-crates-ci/test/5f655e40-67d4-410c-84fb-5572da83bba4/phcpack_2.4.88_e448e94a/src/Ada/Math_Lib/Numbers/strings_and_numbers.adb
Source file time stamp: 2026-07-16 01:03:09
Compiled at: 2026-07-16 01:04:52
 543 lines: No errors
   [Ada]          standard_complex_newton_steps.adb

GNAT 10.3.0
Copyright 1992-2020, Free Software Foundation, Inc.

Compiling: /home/runner/work/alire-crates-ci/alire-crates-ci/test/5f655e40-67d4-410c-84fb-5572da83bba4/phcpack_2.4.88_e448e94a/src/Ada/Deformations/Newton/standard_complex_newton_steps.adb
Source file time stamp: 2026-07-16 01:03:09
Compiled at: 2026-07-16 01:04:52
 141 lines: No errors
   [Ada]          standard_complex_singular_values.adb

GNAT 10.3.0
Copyright 1992-2020, Free Software Foundation, Inc.

Compiling: /home/runner/work/alire-crates-ci/alire-crates-ci/test/5f655e40-67d4-410c-84fb-5572da83bba4/phcpack_2.4.88_e448e94a/src/Ada/Math_Lib/Polynomials/multprec_complex_term_lists.ads
Source file time stamp: 2026-07-16 01:03:09
Compiled at: 2026-07-16 01:04:52
 11 lines: No errors
   [Ada]          standard_deflate_singularities.adb

GNAT 10.3.0
Copyright 1992-2020, Free Software Foundation, Inc.

Compiling: /home/runner/work/alire-crates-ci/alire-crates-ci/test/5f655e40-67d4-410c-84fb-5572da83bba4/phcpack_2.4.88_e448e94a/src/Ada/Math_Lib/Polynomials/standard_complex_poly_strings.adb
Source file time stamp: 2026-07-16 01:03:10
Compiled at: 2026-07-16 01:04:52
 1266 lines: No errors
   [Ada]          standard_deflation_trees.adb

GNAT 10.3.0
Copyright 1992-2020, Free Software Foundation, Inc.

Compiling: /home/runner/work/alire-crates-ci/alire-crates-ci/test/5f655e40-67d4-410c-84fb-5572da83bba4/phcpack_2.4.88_e448e94a/src/Ada/Deformations/Newton/standard_deflation_trees.adb
Source file time stamp: 2026-07-16 01:03:09
Compiled at: 2026-07-16 01:04:53
 70 lines: No errors
   [Ada]          standard_deflation_trees_io.adb

GNAT 10.3.0
Copyright 1992-2020, Free Software Foundation, Inc.

Compiling: /home/runner/work/alire-crates-ci/alire-crates-ci/test/5f655e40-67d4-410c-84fb-5572da83bba4/phcpack_2.4.88_e448e94a/src/Ada/Math_Lib/Reduction/standard_complex_singular_values.adb
Source file time stamp: 2026-07-16 01:03:09
Compiled at: 2026-07-16 01:04:52
 543 lines: No errors
   [Ada]          standard_multiple_solutions.adb

GNAT 10.3.0
Copyright 1992-2020, Free Software Foundation, Inc.

Compiling: /home/runner/work/alire-crates-ci/alire-crates-ci/test/5f655e40-67d4-410c-84fb-5572da83bba4/phcpack_2.4.88_e448e94a/src/Ada/Deformations/Newton/standard_deflate_singularities.adb
Source file time stamp: 2026-07-16 01:03:09
Compiled at: 2026-07-16 01:04:53
 467 lines: No errors
   [Ada]          standard_evaluate_deflation.adb

GNAT 10.3.0
Copyright 1992-2020, Free Software Foundation, Inc.

Compiling: /home/runner/work/alire-crates-ci/alire-crates-ci/test/5f655e40-67d4-410c-84fb-5572da83bba4/phcpack_2.4.88_e448e94a/src/Ada/Deformations/Newton/standard_multiple_solutions.adb
Source file time stamp: 2026-07-16 01:03:09
Compiled at: 2026-07-16 01:04:53
 156 lines: No errors
   [Ada]          standard_jacobian_trees.adb

GNAT 10.3.0
Copyright 1992-2020, Free Software Foundation, Inc.

Compiling: /home/runner/work/alire-crates-ci/alire-crates-ci/test/5f655e40-67d4-410c-84fb-5572da83bba4/phcpack_2.4.88_e448e94a/src/Ada/Deformations/Newton/standard_deflation_trees_io.adb
Source file time stamp: 2026-07-16 01:03:09
Compiled at: 2026-07-16 01:04:53
 148 lines: No errors
   [Ada]          multprec_write_numbers.adb

GNAT 10.3.0
Copyright 1992-2020, Free Software Foundation, Inc.

Compiling: /home/runner/work/alire-crates-ci/alire-crates-ci/test/5f655e40-67d4-410c-84fb-5572da83bba4/phcpack_2.4.88_e448e94a/src/Ada/Math_Lib/Numbers/multprec_write_numbers.adb
Source file time stamp: 2026-07-16 01:03:09
Compiled at: 2026-07-16 01:04:53
 118 lines: No errors
   [Ada]          write_factors.adb

GNAT 10.3.0
Copyright 1992-2020, Free Software Foundation, Inc.

Compiling: /home/runner/work/alire-crates-ci/alire-crates-ci/test/5f655e40-67d4-410c-84fb-5572da83bba4/phcpack_2.4.88_e448e94a/src/Ada/Deformations/End_Games/drivers_for_path_directions.adb
Source file time stamp: 2026-07-16 01:03:09
Compiled at: 2026-07-16 01:04:47
 304 lines: No errors
   [Ada]          multprec_complex_vectors.ads

GNAT 10.3.0
Copyright 1992-2020, Free Software Foundation, Inc.

Compiling: /home/runner/work/alire-crates-ci/alire-crates-ci/test/5f655e40-67d4-410c-84fb-5572da83bba4/phcpack_2.4.88_e448e94a/src/Ada/Math_Lib/Polynomials/write_factors.adb
Source file time stamp: 2026-07-16 01:03:09
Compiled at: 2026-07-16 01:04:53
 41 lines: No errors
   [Ada]          multprec_complex_vector_tools.adb

GNAT 10.3.0
Copyright 1992-2020, Free Software Foundation, Inc.

Compiling: /home/runner/work/alire-crates-ci/alire-crates-ci/test/5f655e40-67d4-410c-84fb-5572da83bba4/phcpack_2.4.88_e448e94a/src/Ada/Math_Lib/Vectors/multprec_complex_vector_tools.adb
Source file time stamp: 2026-07-16 01:03:10
Compiled at: 2026-07-16 01:04:53
 93 lines: No errors
   [Ada]          black_box_mixed_volumes.adb

GNAT 10.3.0
Copyright 1992-2020, Free Software Foundation, Inc.

Compiling: /home/runner/work/alire-crates-ci/alire-crates-ci/test/5f655e40-67d4-410c-84fb-5572da83bba4/phcpack_2.4.88_e448e94a/src/Ada/Math_Lib/Vectors/multprec_complex_vectors.ads
Source file time stamp: 2026-07-16 01:03:10
Compiled at: 2026-07-16 01:04:53
 7 lines: No errors
   [Ada]          multprec_natural_coefficients.adb

GNAT 10.3.0
Copyright 1992-2020, Free Software Foundation, Inc.

Compiling: /home/runner/work/alire-crates-ci/alire-crates-ci/test/5f655e40-67d4-410c-84fb-5572da83bba4/phcpack_2.4.88_e448e94a/src/Ada/Deformations/Newton/standard_jacobian_trees.adb
Source file time stamp: 2026-07-16 01:03:09
Compiled at: 2026-07-16 01:04:53
 444 lines: No errors
   [Ada]          exponent_indices.adb

GNAT 10.3.0
Copyright 1992-2020, Free Software Foundation, Inc.

Compiling: /home/runner/work/alire-crates-ci/alire-crates-ci/test/5f655e40-67d4-410c-84fb-5572da83bba4/phcpack_2.4.88_e448e94a/src/Ada/Main/black_box_mixed_volumes.adb
Source file time stamp: 2026-07-16 01:03:09
Compiled at: 2026-07-16 01:04:53
 391 lines: No errors
   [Ada]          standard_vector_splitters.adb

GNAT 10.3.0
Copyright 1992-2020, Free Software Foundation, Inc.

Compiling: /home/runner/work/alire-crates-ci/alire-crates-ci/test/5f655e40-67d4-410c-84fb-5572da83bba4/phcpack_2.4.88_e448e94a/src/Ada/Math_Lib/Circuits/exponent_indices.adb
Source file time stamp: 2026-07-16 01:03:09
Compiled at: 2026-07-16 01:04:54
 171 lines: No errors
   [Ada]          quaddobl_complex_circuits.adb

GNAT 10.3.0
Copyright 1992-2020, Free Software Foundation, Inc.

Compiling: /home/runner/work/alire-crates-ci/alire-crates-ci/test/5f655e40-67d4-410c-84fb-5572da83bba4/phcpack_2.4.88_e448e94a/src/Ada/Deformations/Newton/standard_evaluate_deflation.adb
Source file time stamp: 2026-07-16 01:03:09
Compiled at: 2026-07-16 01:04:53
 829 lines: No errors
   [Ada]          standard_coefficient_convolutions.adb

GNAT 10.3.0
Copyright 1992-2020, Free Software Foundation, Inc.

Compiling: /home/runner/work/alire-crates-ci/alire-crates-ci/test/5f655e40-67d4-410c-84fb-5572da83bba4/phcpack_2.4.88_e448e94a/src/Ada/Math_Lib/Numbers/multprec_natural_coefficients.adb
Source file time stamp: 2026-07-16 01:03:09
Compiled at: 2026-07-16 01:04:54
 1444 lines: No errors
   [Ada]          standard_complex_circuits.adb

GNAT 10.3.0
Copyright 1992-2020, Free Software Foundation, Inc.

Compiling: /home/runner/work/alire-crates-ci/alire-crates-ci/test/5f655e40-67d4-410c-84fb-5572da83bba4/phcpack_2.4.88_e448e94a/src/Ada/Math_Lib/Vectors/standard_vector_splitters.adb
Source file time stamp: 2026-07-16 01:03:10
Compiled at: 2026-07-16 01:04:54
 527 lines: No errors
   [Ada]          standard_speelpenning_convolutions.ads

GNAT 10.3.0
Copyright 1992-2020, Free Software Foundation, Inc.

Compiling: /home/runner/work/alire-crates-ci/alire-crates-ci/test/5f655e40-67d4-410c-84fb-5572da83bba4/phcpack_2.4.88_e448e94a/src/Ada/Math_Lib/Circuits/quaddobl_complex_circuits.adb
Source file time stamp: 2026-07-16 01:03:09
Compiled at: 2026-07-16 01:04:54
 970 lines: No errors
   [Ada]          standard_inlined_newton_circuits.adb

GNAT 10.3.0
Copyright 1992-2020, Free Software Foundation, Inc.

Compiling: /home/runner/work/alire-crates-ci/alire-crates-ci/test/5f655e40-67d4-410c-84fb-5572da83bba4/phcpack_2.4.88_e448e94a/src/Ada/Math_Lib/Circuits/standard_complex_circuits.adb
Source file time stamp: 2026-07-16 01:03:09
Compiled at: 2026-07-16 01:04:54
 961 lines: No errors
   [Ada]          standard_newton_circuits.adb

GNAT 10.3.0
Copyright 1992-2020, Free Software Foundation, Inc.

Compiling: /home/runner/work/alire-crates-ci/alire-crates-ci/test/5f655e40-67d4-410c-84fb-5572da83bba4/phcpack_2.4.88_e448e94a/src/Ada/Deformations/Newton/standard_inlined_newton_circuits.adb
Source file time stamp: 2026-07-16 01:03:09
Compiled at: 2026-07-16 01:04:55
 540 lines: No errors
   [Ada]          standard_solution_diagnostics.adb

GNAT 10.3.0
Copyright 1992-2020, Free Software Foundation, Inc.

Compiling: /home/runner/work/alire-crates-ci/alire-crates-ci/test/5f655e40-67d4-410c-84fb-5572da83bba4/phcpack_2.4.88_e448e94a/src/Ada/Deformations/Solutions/standard_solution_diagnostics.adb
Source file time stamp: 2026-07-16 01:03:09
Compiled at: 2026-07-16 01:04:55
 108 lines: No errors
   [Ada]          standard_solutions_heap.adb

GNAT 10.3.0
Copyright 1992-2020, Free Software Foundation, Inc.

Compiling: /home/runner/work/alire-crates-ci/alire-crates-ci/test/5f655e40-67d4-410c-84fb-5572da83bba4/phcpack_2.4.88_e448e94a/src/Ada/Math_Lib/Circuits/standard_coefficient_convolutions.adb
Source file time stamp: 2026-07-16 01:03:09
Compiled at: 2026-07-16 01:04:54
 1294 lines: No errors
   [Ada]          multprec_floating_numbers_io.adb

GNAT 10.3.0
Copyright 1992-2020, Free Software Foundation, Inc.

Compiling: /home/runner/work/alire-crates-ci/alire-crates-ci/test/5f655e40-67d4-410c-84fb-5572da83bba4/phcpack_2.4.88_e448e94a/src/Ada/Deformations/Newton/standard_newton_circuits.adb
Source file time stamp: 2026-07-16 01:03:09
Compiled at: 2026-07-16 01:04:55
 468 lines: No errors
   [Ada]          black_box_simplex_solvers.adb

GNAT 10.3.0
Copyright 1992-2020, Free Software Foundation, Inc.

Compiling: /home/runner/work/alire-crates-ci/alire-crates-ci/test/5f655e40-67d4-410c-84fb-5572da83bba4/phcpack_2.4.88_e448e94a/src/Ada/Deformations/Solutions/standard_solutions_heap.adb
Source file time stamp: 2026-07-16 01:03:09
Compiled at: 2026-07-16 01:04:55
 373 lines: No errors
   [Ada]          black_box_solver_cases.adb

GNAT 10.3.0
Copyright 1992-2020, Free Software Foundation, Inc.

Compiling: /home/runner/work/alire-crates-ci/alire-crates-ci/test/5f655e40-67d4-410c-84fb-5572da83bba4/phcpack_2.4.88_e448e94a/src/Ada/Math_Lib/Numbers/multprec_floating_numbers_io.adb
Source file time stamp: 2026-07-16 01:03:09
Compiled at: 2026-07-16 01:04:56
 507 lines: No errors
   [Ada]          multprec_complex_laur_systems_io.adb

GNAT 10.3.0
Copyright 1992-2020, Free Software Foundation, Inc.

Compiling: /home/runner/work/alire-crates-ci/alire-crates-ci/test/5f655e40-67d4-410c-84fb-5572da83bba4/phcpack_2.4.88_e448e94a/src/Ada/Main/black_box_solver_cases.adb
Source file time stamp: 2026-07-16 01:03:09
Compiled at: 2026-07-16 01:04:56
 149 lines: No errors
   [Ada]          multprec_complex_laurentials.ads

GNAT 10.3.0
Copyright 1992-2020, Free Software Foundation, Inc.

Compiling: /home/runner/work/alire-crates-ci/alire-crates-ci/test/5f655e40-67d4-410c-84fb-5572da83bba4/phcpack_2.4.88_e448e94a/src/Ada/Root_Counts/Binomials/black_box_simplex_solvers.adb
Source file time stamp: 2026-07-16 01:03:10
Compiled at: 2026-07-16 01:04:56
 352 lines: No errors
   [Ada]          standard_solution_strings.adb

GNAT 10.3.0
Copyright 1992-2020, Free Software Foundation, Inc.

Compiling: /home/runner/work/alire-crates-ci/alire-crates-ci/test/5f655e40-67d4-410c-84fb-5572da83bba4/phcpack_2.4.88_e448e94a/src/Ada/Math_Lib/Polynomials/multprec_complex_laur_systems_io.adb
Source file time stamp: 2026-07-16 01:03:09
Compiled at: 2026-07-16 01:04:56
 313 lines: No errors
   [Ada]          string_parsing.adb

GNAT 10.3.0
Copyright 1992-2020, Free Software Foundation, Inc.

Compiling: /home/runner/work/alire-crates-ci/alire-crates-ci/test/5f655e40-67d4-410c-84fb-5572da83bba4/phcpack_2.4.88_e448e94a/src/Ada/System/string_parsing.adb
Source file time stamp: 2026-07-16 01:03:10
Compiled at: 2026-07-16 01:04:56
 21 lines: No errors
   [Ada]          standard_hessian_updaters.adb

GNAT 10.3.0
Copyright 1992-2020, Free Software Foundation, Inc.

Compiling: /home/runner/work/alire-crates-ci/alire-crates-ci/test/5f655e40-67d4-410c-84fb-5572da83bba4/phcpack_2.4.88_e448e94a/src/Ada/Math_Lib/Circuits/standard_speelpenning_convolutions.ads
Source file time stamp: 2026-07-16 01:03:09
Compiled at: 2026-07-16 01:04:54
 18 lines: No errors
   [Ada]          multprec_complex_matrices.ads

GNAT 10.3.0
Copyright 1992-2020, Free Software Foundation, Inc.

Compiling: /home/runner/work/alire-crates-ci/alire-crates-ci/test/5f655e40-67d4-410c-84fb-5572da83bba4/phcpack_2.4.88_e448e94a/src/Ada/Math_Lib/Polynomials/multprec_complex_laurentials.ads
Source file time stamp: 2026-07-16 01:03:09
Compiled at: 2026-07-16 01:04:56
 9 lines: No errors
   [Ada]          multprec_complex_poly_functions.ads

GNAT 10.3.0
Copyright 1992-2020, Free Software Foundation, Inc.

Compiling: /home/runner/work/alire-crates-ci/alire-crates-ci/test/5f655e40-67d4-410c-84fb-5572da83bba4/phcpack_2.4.88_e448e94a/src/Ada/Deformations/Solutions/standard_solution_strings.adb
Source file time stamp: 2026-07-16 01:03:09
Compiled at: 2026-07-16 01:04:56
 448 lines: No errors
   [Ada]          multprec_complex_vecvecs.ads

GNAT 10.3.0
Copyright 1992-2020, Free Software Foundation, Inc.

Compiling: /home/runner/work/alire-crates-ci/alire-crates-ci/test/5f655e40-67d4-410c-84fb-5572da83bba4/phcpack_2.4.88_e448e94a/src/Ada/Math_Lib/Vectors/multprec_complex_vecvecs.ads
Source file time stamp: 2026-07-16 01:03:10
Compiled at: 2026-07-16 01:04:56
 9 lines: No errors
   [Ada]          multprec_complex_laur_functions.ads

GNAT 10.3.0
Copyright 1992-2020, Free Software Foundation, Inc.

Compiling: /home/runner/work/alire-crates-ci/alire-crates-ci/test/5f655e40-67d4-410c-84fb-5572da83bba4/phcpack_2.4.88_e448e94a/src/Ada/Math_Lib/Matrices/multprec_complex_matrices.ads
Source file time stamp: 2026-07-16 01:03:09
Compiled at: 2026-07-16 01:04:56
 10 lines: No errors
   [Ada]          multprec_complex_ring-ffield.ads

GNAT 10.3.0
Copyright 1992-2020, Free Software Foundation, Inc.

Compiling: /home/runner/work/alire-crates-ci/alire-crates-ci/test/5f655e40-67d4-410c-84fb-5572da83bba4/phcpack_2.4.88_e448e94a/src/Ada/Math_Lib/Numbers/multprec_complex_ring-ffield.ads
Source file time stamp: 2026-07-16 01:03:09
Compiled at: 2026-07-16 01:04:57
 10 lines: No errors
   [Ada]          dobldobl_complex_linear_solvers.adb

GNAT 10.3.0
Copyright 1992-2020, Free Software Foundation, Inc.

Compiling: /home/runner/work/alire-crates-ci/alire-crates-ci/test/5f655e40-67d4-410c-84fb-5572da83bba4/phcpack_2.4.88_e448e94a/src/Ada/Math_Lib/Circuits/standard_hessian_updaters.adb
Source file time stamp: 2026-07-16 01:03:09
Compiled at: 2026-07-16 01:04:56
 1231 lines: No errors
   [Ada]          dobldobl_condition_report.adb

GNAT 10.3.0
Copyright 1992-2020, Free Software Foundation, Inc.

Compiling: /home/runner/work/alire-crates-ci/alire-crates-ci/test/5f655e40-67d4-410c-84fb-5572da83bba4/phcpack_2.4.88_e448e94a/src/Ada/Math_Lib/Functions/multprec_complex_poly_functions.ads
Source file time stamp: 2026-07-16 01:03:09
Compiled at: 2026-07-16 01:04:56
 12 lines: No errors
   [Ada]          dobldobl_condition_tables.adb

GNAT 10.3.0
Copyright 1992-2020, Free Software Foundation, Inc.

Compiling: /home/runner/work/alire-crates-ci/alire-crates-ci/test/5f655e40-67d4-410c-84fb-5572da83bba4/phcpack_2.4.88_e448e94a/src/Ada/Deformations/Solutions/dobldobl_condition_tables.adb
Source file time stamp: 2026-07-16 01:03:09
Compiled at: 2026-07-16 01:04:57
 346 lines: No errors
   [Ada]          dobldobl_mixed_residuals.adb

GNAT 10.3.0
Copyright 1992-2020, Free Software Foundation, Inc.

Compiling: /home/runner/work/alire-crates-ci/alire-crates-ci/test/5f655e40-67d4-410c-84fb-5572da83bba4/phcpack_2.4.88_e448e94a/src/Ada/Math_Lib/Functions/multprec_complex_laur_functions.ads
Source file time stamp: 2026-07-16 01:03:09
Compiled at: 2026-07-16 01:04:57
 14 lines: No errors
   [Ada]          dobldobl_solution_diagnostics.adb

GNAT 10.3.0
Copyright 1992-2020, Free Software Foundation, Inc.

Compiling: /home/runner/work/alire-crates-ci/alire-crates-ci/test/5f655e40-67d4-410c-84fb-5572da83bba4/phcpack_2.4.88_e448e94a/src/Ada/Deformations/Solutions/dobldobl_condition_report.adb
Source file time stamp: 2026-07-16 01:03:09
Compiled at: 2026-07-16 01:04:57
 489 lines: No errors
   [Ada]          handle_underflow_gracefully.adb

GNAT 10.3.0
Copyright 1992-2020, Free Software Foundation, Inc.

Compiling: /home/runner/work/alire-crates-ci/alire-crates-ci/test/5f655e40-67d4-410c-84fb-5572da83bba4/phcpack_2.4.88_e448e94a/src/Ada/Deformations/Solutions/dobldobl_solution_diagnostics.adb
Source file time stamp: 2026-07-16 01:03:09
Compiled at: 2026-07-16 01:04:57
 118 lines: No errors
   [Ada]          dobldobl_jacobian_circuits.adb

GNAT 10.3.0
Copyright 1992-2020, Free Software Foundation, Inc.

Compiling: /home/runner/work/alire-crates-ci/alire-crates-ci/test/5f655e40-67d4-410c-84fb-5572da83bba4/phcpack_2.4.88_e448e94a/src/Ada/Deformations/Newton/handle_underflow_gracefully.adb
Source file time stamp: 2026-07-16 01:03:09
Compiled at: 2026-07-16 01:04:57
 212 lines: No errors
   [Ada]          dobldobl_point_lists.adb

GNAT 10.3.0
Copyright 1992-2020, Free Software Foundation, Inc.

Compiling: /home/runner/work/alire-crates-ci/alire-crates-ci/test/5f655e40-67d4-410c-84fb-5572da83bba4/phcpack_2.4.88_e448e94a/src/Ada/Math_Lib/Circuits/dobldobl_jacobian_circuits.adb
Source file time stamp: 2026-07-16 01:03:09
Compiled at: 2026-07-16 01:04:57
 226 lines: No errors
   [Ada]          multprec_complex_linear_solvers.adb

GNAT 10.3.0
Copyright 1992-2020, Free Software Foundation, Inc.

Compiling: /home/runner/work/alire-crates-ci/alire-crates-ci/test/5f655e40-67d4-410c-84fb-5572da83bba4/phcpack_2.4.88_e448e94a/src/Ada/Math_Lib/Reduction/dobldobl_complex_linear_solvers.adb
Source file time stamp: 2026-07-16 01:03:09
Compiled at: 2026-07-16 01:04:57
 809 lines: No errors
   [Ada]          multprec_complex_newton_steps.adb

GNAT 10.3.0
Copyright 1992-2020, Free Software Foundation, Inc.

Compiling: /home/runner/work/alire-crates-ci/alire-crates-ci/test/5f655e40-67d4-410c-84fb-5572da83bba4/phcpack_2.4.88_e448e94a/src/Ada/Deformations/Solutions/dobldobl_point_lists.adb
Source file time stamp: 2026-07-16 01:03:09
Compiled at: 2026-07-16 01:04:57
 347 lines: No errors
   [Ada]          multprec_condition_tables.adb

GNAT 10.3.0
Copyright 1992-2020, Free Software Foundation, Inc.

Compiling: /home/runner/work/alire-crates-ci/alire-crates-ci/test/5f655e40-67d4-410c-84fb-5572da83bba4/phcpack_2.4.88_e448e94a/src/Ada/Deformations/Solutions/dobldobl_mixed_residuals.adb
Source file time stamp: 2026-07-16 01:03:09
Compiled at: 2026-07-16 01:04:57
 487 lines: No errors
   [Ada]          multprec_solution_diagnostics.adb

GNAT 10.3.0
Copyright 1992-2020, Free Software Foundation, Inc.

Compiling: /home/runner/work/alire-crates-ci/alire-crates-ci/test/5f655e40-67d4-410c-84fb-5572da83bba4/phcpack_2.4.88_e448e94a/src/Ada/Deformations/Newton/multprec_complex_newton_steps.adb
Source file time stamp: 2026-07-16 01:03:09
Compiled at: 2026-07-16 01:04:58
 157 lines: No errors
   [Ada]          multprec_complex_vector_strings.adb

GNAT 10.3.0
Copyright 1992-2020, Free Software Foundation, Inc.

Compiling: /home/runner/work/alire-crates-ci/alire-crates-ci/test/5f655e40-67d4-410c-84fb-5572da83bba4/phcpack_2.4.88_e448e94a/src/Ada/Deformations/Solutions/multprec_solution_diagnostics.adb
Source file time stamp: 2026-07-16 01:03:09
Compiled at: 2026-07-16 01:04:58
 100 lines: No errors
   [Ada]          varbprec_complex_newton_steps.adb

GNAT 10.3.0
Copyright 1992-2020, Free Software Foundation, Inc.

Compiling: /home/runner/work/alire-crates-ci/alire-crates-ci/test/5f655e40-67d4-410c-84fb-5572da83bba4/phcpack_2.4.88_e448e94a/src/Ada/Math_Lib/Vectors/multprec_complex_vector_strings.adb
Source file time stamp: 2026-07-16 01:03:10
Compiled at: 2026-07-16 01:04:58
 53 lines: No errors
   [Ada]          quaddobl_complex_linear_solvers.adb

GNAT 10.3.0
Copyright 1992-2020, Free Software Foundation, Inc.

Compiling: /home/runner/work/alire-crates-ci/alire-crates-ci/test/5f655e40-67d4-410c-84fb-5572da83bba4/phcpack_2.4.88_e448e94a/src/Ada/Deformations/Solutions/multprec_condition_tables.adb
Source file time stamp: 2026-07-16 01:03:09
Compiled at: 2026-07-16 01:04:58
 340 lines: No errors
   [Ada]          quaddobl_condition_report.adb

GNAT 10.3.0
Copyright 1992-2020, Free Software Foundation, Inc.

Compiling: /home/runner/work/alire-crates-ci/alire-crates-ci/test/5f655e40-67d4-410c-84fb-5572da83bba4/phcpack_2.4.88_e448e94a/src/Ada/Deformations/Solutions/quaddobl_condition_report.adb
Source file time stamp: 2026-07-16 01:03:09
Compiled at: 2026-07-16 01:04:58
 489 lines: No errors
   [Ada]          quaddobl_condition_tables.adb

GNAT 10.3.0
Copyright 1992-2020, Free Software Foundation, Inc.

Compiling: /home/runner/work/alire-crates-ci/alire-crates-ci/test/5f655e40-67d4-410c-84fb-5572da83bba4/phcpack_2.4.88_e448e94a/src/Ada/Deformations/Solutions/quaddobl_condition_tables.adb
Source file time stamp: 2026-07-16 01:03:09
Compiled at: 2026-07-16 01:04:58
 346 lines: No errors
   [Ada]          quaddobl_mixed_residuals.adb

GNAT 10.3.0
Copyright 1992-2020, Free Software Foundation, Inc.

Compiling: /home/runner/work/alire-crates-ci/alire-crates-ci/test/5f655e40-67d4-410c-84fb-5572da83bba4/phcpack_2.4.88_e448e94a/src/Ada/Math_Lib/Reduction/multprec_complex_linear_solvers.adb
Source file time stamp: 2026-07-16 01:03:09
Compiled at: 2026-07-16 01:04:57
 1093 lines: No errors
   [Ada]          quaddobl_solution_diagnostics.adb

GNAT 10.3.0
Copyright 1992-2020, Free Software Foundation, Inc.

Compiling: /home/runner/work/alire-crates-ci/alire-crates-ci/test/5f655e40-67d4-410c-84fb-5572da83bba4/phcpack_2.4.88_e448e94a/src/Ada/Deformations/Solutions/quaddobl_solution_diagnostics.adb
Source file time stamp: 2026-07-16 01:03:09
Compiled at: 2026-07-16 01:04:58
 118 lines: No errors
   [Ada]          quaddobl_jacobian_circuits.adb

GNAT 10.3.0
Copyright 1992-2020, Free Software Foundation, Inc.

Compiling: /home/runner/work/alire-crates-ci/alire-crates-ci/test/5f655e40-67d4-410c-84fb-5572da83bba4/phcpack_2.4.88_e448e94a/src/Ada/Math_Lib/Reduction/quaddobl_complex_linear_solvers.adb
Source file time stamp: 2026-07-16 01:03:09
Compiled at: 2026-07-16 01:04:58
 801 lines: No errors
   [Ada]          quaddobl_point_lists.adb

GNAT 10.3.0
Copyright 1992-2020, Free Software Foundation, Inc.

Compiling: /home/runner/work/alire-crates-ci/alire-crates-ci/test/5f655e40-67d4-410c-84fb-5572da83bba4/phcpack_2.4.88_e448e94a/src/Ada/Math_Lib/Circuits/quaddobl_jacobian_circuits.adb
Source file time stamp: 2026-07-16 01:03:09
Compiled at: 2026-07-16 01:04:58
 226 lines: No errors
   [Ada]          evaluated_minors.adb

GNAT 10.3.0
Copyright 1992-2020, Free Software Foundation, Inc.

Compiling: /home/runner/work/alire-crates-ci/alire-crates-ci/test/5f655e40-67d4-410c-84fb-5572da83bba4/phcpack_2.4.88_e448e94a/src/Ada/Deformations/Solutions/quaddobl_mixed_residuals.adb
Source file time stamp: 2026-07-16 01:03:09
Compiled at: 2026-07-16 01:04:58
 487 lines: No errors
   [Ada]          numeric_minor_equations.adb

GNAT 10.3.0
Copyright 1992-2020, Free Software Foundation, Inc.

Compiling: /home/runner/work/alire-crates-ci/alire-crates-ci/test/5f655e40-67d4-410c-84fb-5572da83bba4/phcpack_2.4.88_e448e94a/src/Ada/Deformations/Solutions/quaddobl_point_lists.adb
Source file time stamp: 2026-07-16 01:03:09
Compiled at: 2026-07-16 01:04:59
 347 lines: No errors
   [Ada]          plane_representations.adb

GNAT 10.3.0
Copyright 1992-2020, Free Software Foundation, Inc.

Compiling: /home/runner/work/alire-crates-ci/alire-crates-ci/test/5f655e40-67d4-410c-84fb-5572da83bba4/phcpack_2.4.88_e448e94a/src/Ada/Schubert/Pieri/plane_representations.adb
Source file time stamp: 2026-07-16 01:03:10
Compiled at: 2026-07-16 01:04:59
 100 lines: No errors
   [Ada]          standard_bracket_systems.adb

GNAT 10.3.0
Copyright 1992-2020, Free Software Foundation, Inc.

Compiling: /home/runner/work/alire-crates-ci/alire-crates-ci/test/5f655e40-67d4-410c-84fb-5572da83bba4/phcpack_2.4.88_e448e94a/src/Ada/Deformations/Newton/varbprec_complex_newton_steps.adb
Source file time stamp: 2026-07-16 01:03:09
Compiled at: 2026-07-16 01:04:58
 1355 lines: No errors
   [Ada]          symbolic_minor_equations.adb

GNAT 10.3.0
Copyright 1992-2020, Free Software Foundation, Inc.

Compiling: /home/runner/work/alire-crates-ci/alire-crates-ci/test/5f655e40-67d4-410c-84fb-5572da83bba4/phcpack_2.4.88_e448e94a/src/Ada/Schubert/SAGBI/standard_bracket_systems.adb
Source file time stamp: 2026-07-16 01:03:10
Compiled at: 2026-07-16 01:04:59
 31 lines: No errors
   [Ada]          standard_complex_linear_solvers.adb

GNAT 10.3.0
Copyright 1992-2020, Free Software Foundation, Inc.

Compiling: /home/runner/work/alire-crates-ci/alire-crates-ci/test/5f655e40-67d4-410c-84fb-5572da83bba4/phcpack_2.4.88_e448e94a/src/Ada/Schubert/Pieri/numeric_minor_equations.adb
Source file time stamp: 2026-07-16 01:03:10
Compiled at: 2026-07-16 01:04:59
 515 lines: No errors
   [Ada]          standard_complex_numbers_polar.adb

GNAT 10.3.0
Copyright 1992-2020, Free Software Foundation, Inc.

Compiling: /home/runner/work/alire-crates-ci/alire-crates-ci/test/5f655e40-67d4-410c-84fb-5572da83bba4/phcpack_2.4.88_e448e94a/src/Ada/Schubert/SAGBI/evaluated_minors.adb
Source file time stamp: 2026-07-16 01:03:10
Compiled at: 2026-07-16 01:04:59
 525 lines: No errors
   [Ada]          standard_condition_report.adb

GNAT 10.3.0
Copyright 1992-2020, Free Software Foundation, Inc.

Compiling: /home/runner/work/alire-crates-ci/alire-crates-ci/test/5f655e40-67d4-410c-84fb-5572da83bba4/phcpack_2.4.88_e448e94a/src/Ada/Math_Lib/Numbers/standard_complex_numbers_polar.adb
Source file time stamp: 2026-07-16 01:03:09
Compiled at: 2026-07-16 01:04:59
 72 lines: No errors
   [Ada]          standard_mixed_residuals.adb

GNAT 10.3.0
Copyright 1992-2020, Free Software Foundation, Inc.

Compiling: /home/runner/work/alire-crates-ci/alire-crates-ci/test/5f655e40-67d4-410c-84fb-5572da83bba4/phcpack_2.4.88_e448e94a/src/Ada/Deformations/Solutions/standard_condition_report.adb
Source file time stamp: 2026-07-16 01:03:09
Compiled at: 2026-07-16 01:04:59
 488 lines: No errors
   [Ada]          standard_point_lists.adb

GNAT 10.3.0
Copyright 1992-2020, Free Software Foundation, Inc.

Compiling: /home/runner/work/alire-crates-ci/alire-crates-ci/test/5f655e40-67d4-410c-84fb-5572da83bba4/phcpack_2.4.88_e448e94a/src/Ada/Schubert/Pieri/symbolic_minor_equations.adb
Source file time stamp: 2026-07-16 01:03:10
Compiled at: 2026-07-16 01:04:59
 697 lines: No errors
   [Ada]          complex_osculating_planes.adb

GNAT 10.3.0
Copyright 1992-2020, Free Software Foundation, Inc.

Compiling: /home/runner/work/alire-crates-ci/alire-crates-ci/test/5f655e40-67d4-410c-84fb-5572da83bba4/phcpack_2.4.88_e448e94a/src/Ada/Deformations/Solutions/standard_mixed_residuals.adb
Source file time stamp: 2026-07-16 01:03:09
Compiled at: 2026-07-16 01:04:59
 486 lines: No errors
   [Ada]          osculating_planes.adb

GNAT 10.3.0
Copyright 1992-2020, Free Software Foundation, Inc.

Compiling: /home/runner/work/alire-crates-ci/alire-crates-ci/test/5f655e40-67d4-410c-84fb-5572da83bba4/phcpack_2.4.88_e448e94a/src/Ada/Schubert/SAGBI/complex_osculating_planes.adb
Source file time stamp: 2026-07-16 01:03:10
Compiled at: 2026-07-16 01:05:00
 67 lines: No errors
   [Ada]          standard_complex_vecmats_io.ads

GNAT 10.3.0
Copyright 1992-2020, Free Software Foundation, Inc.

Compiling: /home/runner/work/alire-crates-ci/alire-crates-ci/test/5f655e40-67d4-410c-84fb-5572da83bba4/phcpack_2.4.88_e448e94a/src/Ada/Deformations/Solutions/standard_point_lists.adb
Source file time stamp: 2026-07-16 01:03:09
Compiled at: 2026-07-16 01:05:00
 345 lines: No errors
   [Ada]          generic_matrices_io.adb

GNAT 10.3.0
Copyright 1992-2020, Free Software Foundation, Inc.

Compiling: /home/runner/work/alire-crates-ci/alire-crates-ci/test/5f655e40-67d4-410c-84fb-5572da83bba4/phcpack_2.4.88_e448e94a/src/Ada/Math_Lib/Matrices/standard_complex_vecmats_io.ads
Source file time stamp: 2026-07-16 01:03:09
Compiled at: 2026-07-16 01:05:00
 16 lines: No errors
   [Ada]          standard_complex_poly_ring_io.ads

GNAT 10.3.0
Copyright 1992-2020, Free Software Foundation, Inc.

Compiling: /home/runner/work/alire-crates-ci/alire-crates-ci/test/5f655e40-67d4-410c-84fb-5572da83bba4/phcpack_2.4.88_e448e94a/src/Ada/Math_Lib/Matrices/generic_matrices_io.adb
Source file time stamp: 2026-07-16 01:03:09
Compiled at: 2026-07-16 01:05:00
 96 lines: No errors
   [Ada]          standard_complex_poly_vectors.ads

GNAT 10.3.0
Copyright 1992-2020, Free Software Foundation, Inc.

Compiling: /home/runner/work/alire-crates-ci/alire-crates-ci/test/5f655e40-67d4-410c-84fb-5572da83bba4/phcpack_2.4.88_e448e94a/src/Ada/Math_Lib/Reduction/standard_complex_linear_solvers.adb
Source file time stamp: 2026-07-16 01:03:09
Compiled at: 2026-07-16 01:04:59
 826 lines: No errors
   [Ada]          generic_vecmats.adb

GNAT 10.3.0
Copyright 1992-2020, Free Software Foundation, Inc.

Compiling: /home/runner/work/alire-crates-ci/alire-crates-ci/test/5f655e40-67d4-410c-84fb-5572da83bba4/phcpack_2.4.88_e448e94a/src/Ada/Math_Lib/Polynomials/standard_complex_poly_ring_io.ads
Source file time stamp: 2026-07-16 01:03:09
Compiled at: 2026-07-16 01:05:00
 12 lines: No errors
   [Ada]          standard_complex_poly_ring.ads

GNAT 10.3.0
Copyright 1992-2020, Free Software Foundation, Inc.

Compiling: /home/runner/work/alire-crates-ci/alire-crates-ci/test/5f655e40-67d4-410c-84fb-5572da83bba4/phcpack_2.4.88_e448e94a/src/Ada/Math_Lib/Matrices/generic_vecmats.adb
Source file time stamp: 2026-07-16 01:03:09
Compiled at: 2026-07-16 01:05:00
 46 lines: No errors
   [Ada]          valid_vector_checks.adb

GNAT 10.3.0
Copyright 1992-2020, Free Software Foundation, Inc.

Compiling: /home/runner/work/alire-crates-ci/alire-crates-ci/test/5f655e40-67d4-410c-84fb-5572da83bba4/phcpack_2.4.88_e448e94a/src/Ada/Schubert/SAGBI/osculating_planes.adb
Source file time stamp: 2026-07-16 01:03:10
Compiled at: 2026-07-16 01:05:00
 226 lines: No errors
   [Ada]          pieri_continuation.adb

GNAT 10.3.0
Copyright 1992-2020, Free Software Foundation, Inc.

Compiling: /home/runner/work/alire-crates-ci/alire-crates-ci/test/5f655e40-67d4-410c-84fb-5572da83bba4/phcpack_2.4.88_e448e94a/src/Ada/Math_Lib/Vectors/valid_vector_checks.adb
Source file time stamp: 2026-07-16 01:03:10
Compiled at: 2026-07-16 01:05:00
 26 lines: No errors
   [Ada]          pieri_homotopies.adb

GNAT 10.3.0
Copyright 1992-2020, Free Software Foundation, Inc.

Compiling: /home/runner/work/alire-crates-ci/alire-crates-ci/test/5f655e40-67d4-410c-84fb-5572da83bba4/phcpack_2.4.88_e448e94a/src/Ada/Math_Lib/Polynomials/standard_complex_poly_ring.ads
Source file time stamp: 2026-07-16 01:03:09
Compiled at: 2026-07-16 01:05:00
 11 lines: No errors
   [Ada]          specialization_of_planes.adb

GNAT 10.3.0
Copyright 1992-2020, Free Software Foundation, Inc.

Compiling: /home/runner/work/alire-crates-ci/alire-crates-ci/test/5f655e40-67d4-410c-84fb-5572da83bba4/phcpack_2.4.88_e448e94a/src/Ada/Math_Lib/Polynomials/standard_complex_poly_vectors.ads
Source file time stamp: 2026-07-16 01:03:09
Compiled at: 2026-07-16 01:05:00
 8 lines: No errors
   [Ada]          standard_bracket_polynomials.ads

GNAT 10.3.0
Copyright 1992-2020, Free Software Foundation, Inc.

Compiling: /home/runner/work/alire-crates-ci/alire-crates-ci/test/5f655e40-67d4-410c-84fb-5572da83bba4/phcpack_2.4.88_e448e94a/src/Ada/Schubert/Pieri/specialization_of_planes.adb
Source file time stamp: 2026-07-16 01:03:10
Compiled at: 2026-07-16 01:05:00
 367 lines: No errors
   [Ada]          standard_floating_qr_least_squares.adb

GNAT 10.3.0
Copyright 1992-2020, Free Software Foundation, Inc.

Compiling: /home/runner/work/alire-crates-ci/alire-crates-ci/test/5f655e40-67d4-410c-84fb-5572da83bba4/phcpack_2.4.88_e448e94a/src/Ada/Schubert/SAGBI/standard_bracket_polynomials.ads
Source file time stamp: 2026-07-16 01:03:10
Compiled at: 2026-07-16 01:05:00
 8 lines: No errors
   [Ada]          boolean_matrices.ads

GNAT 10.3.0
Copyright 1992-2020, Free Software Foundation, Inc.

Compiling: /home/runner/work/alire-crates-ci/alire-crates-ci/test/5f655e40-67d4-410c-84fb-5572da83bba4/phcpack_2.4.88_e448e94a/src/Ada/Schubert/Pieri/pieri_homotopies.adb
Source file time stamp: 2026-07-16 01:03:10
Compiled at: 2026-07-16 01:05:00
 530 lines: No errors
   [Ada]          standard_integer64_vectors.ads

GNAT 10.3.0
Copyright 1992-2020, Free Software Foundation, Inc.

Compiling: /home/runner/work/alire-crates-ci/alire-crates-ci/test/5f655e40-67d4-410c-84fb-5572da83bba4/phcpack_2.4.88_e448e94a/src/Ada/Math_Lib/Reduction/standard_floating_qr_least_squares.adb
Source file time stamp: 2026-07-16 01:03:09
Compiled at: 2026-07-16 01:05:00
 409 lines: No errors
   [Ada]          multprec_floating_ring.ads

GNAT 10.3.0
Copyright 1992-2020, Free Software Foundation, Inc.

Compiling: /home/runner/work/alire-crates-ci/alire-crates-ci/test/5f655e40-67d4-410c-84fb-5572da83bba4/phcpack_2.4.88_e448e94a/src/Ada/Math_Lib/Matrices/boolean_matrices.ads
Source file time stamp: 2026-07-16 01:03:09
Compiled at: 2026-07-16 01:05:00
 9 lines: No errors
   [Ada]          multprec_floating_ring-ffield.ads

GNAT 10.3.0
Copyright 1992-2020, Free Software Foundation, Inc.

Compiling: /home/runner/work/alire-crates-ci/alire-crates-ci/test/5f655e40-67d4-410c-84fb-5572da83bba4/phcpack_2.4.88_e448e94a/src/Ada/Math_Lib/Vectors/standard_integer64_vectors.ads
Source file time stamp: 2026-07-16 01:03:10
Compiled at: 2026-07-16 01:05:00
 9 lines: No errors
   [Ada]          permute_operations.adb

GNAT 10.3.0
Copyright 1992-2020, Free Software Foundation, Inc.

Compiling: /home/runner/work/alire-crates-ci/alire-crates-ci/test/5f655e40-67d4-410c-84fb-5572da83bba4/phcpack_2.4.88_e448e94a/src/Ada/Math_Lib/Numbers/multprec_floating_ring.ads
Source file time stamp: 2026-07-16 01:03:09
Compiled at: 2026-07-16 01:05:01
 10 lines: No errors
   [Ada]          planes_and_polynomials.adb

GNAT 10.3.0
Copyright 1992-2020, Free Software Foundation, Inc.

Compiling: /home/runner/work/alire-crates-ci/alire-crates-ci/test/5f655e40-67d4-410c-84fb-5572da83bba4/phcpack_2.4.88_e448e94a/src/Ada/Math_Lib/Numbers/multprec_floating_ring-ffield.ads
Source file time stamp: 2026-07-16 01:03:09
Compiled at: 2026-07-16 01:05:01
 10 lines: No errors
   [Ada]          black_box_univariate_solvers.adb

GNAT 10.3.0
Copyright 1992-2020, Free Software Foundation, Inc.

Compiling: /home/runner/work/alire-crates-ci/alire-crates-ci/test/5f655e40-67d4-410c-84fb-5572da83bba4/phcpack_2.4.88_e448e94a/src/Ada/Root_Counts/Symmetry/permute_operations.adb
Source file time stamp: 2026-07-16 01:03:10
Compiled at: 2026-07-16 01:05:01
 919 lines: No errors
   [Ada]          dobldobl_durand_kerner.adb

GNAT 10.3.0
Copyright 1992-2020, Free Software Foundation, Inc.

Compiling: /home/runner/work/alire-crates-ci/alire-crates-ci/test/5f655e40-67d4-410c-84fb-5572da83bba4/phcpack_2.4.88_e448e94a/src/Ada/Deformations/Curves/dobldobl_durand_kerner.adb
Source file time stamp: 2026-07-16 01:03:09
Compiled at: 2026-07-16 01:05:01
 155 lines: No errors
   [Ada]          multprec_durand_kerner.adb

GNAT 10.3.0
Copyright 1992-2020, Free Software Foundation, Inc.

Compiling: /home/runner/work/alire-crates-ci/alire-crates-ci/test/5f655e40-67d4-410c-84fb-5572da83bba4/phcpack_2.4.88_e448e94a/src/Ada/Deformations/Curves/black_box_univariate_solvers.adb
Source file time stamp: 2026-07-16 01:03:09
Compiled at: 2026-07-16 01:05:01
 1174 lines: No errors
   [Ada]          multprec_floating_vectors.ads

GNAT 10.3.0
Copyright 1992-2020, Free Software Foundation, Inc.

Compiling: /home/runner/work/alire-crates-ci/alire-crates-ci/test/5f655e40-67d4-410c-84fb-5572da83bba4/phcpack_2.4.88_e448e94a/src/Ada/Components/Samplers/planes_and_polynomials.adb
Source file time stamp: 2026-07-16 01:03:09
Compiled at: 2026-07-16 01:05:01
 1168 lines: No errors
   [Ada]          multprec_random_vectors.adb

GNAT 10.3.0
Copyright 1992-2020, Free Software Foundation, Inc.

Compiling: /home/runner/work/alire-crates-ci/alire-crates-ci/test/5f655e40-67d4-410c-84fb-5572da83bba4/phcpack_2.4.88_e448e94a/src/Ada/Deformations/Curves/multprec_durand_kerner.adb
Source file time stamp: 2026-07-16 01:03:09
Compiled at: 2026-07-16 01:05:02
 221 lines: No errors
   [Ada]          quaddobl_durand_kerner.adb

GNAT 10.3.0
Copyright 1992-2020, Free Software Foundation, Inc.

Compiling: /home/runner/work/alire-crates-ci/alire-crates-ci/test/5f655e40-67d4-410c-84fb-5572da83bba4/phcpack_2.4.88_e448e94a/src/Ada/Math_Lib/Vectors/multprec_random_vectors.adb
Source file time stamp: 2026-07-16 01:03:10
Compiled at: 2026-07-16 01:05:02
 41 lines: No errors
   [Ada]          standard_durand_kerner.adb

GNAT 10.3.0
Copyright 1992-2020, Free Software Foundation, Inc.

Compiling: /home/runner/work/alire-crates-ci/alire-crates-ci/test/5f655e40-67d4-410c-84fb-5572da83bba4/phcpack_2.4.88_e448e94a/src/Ada/Deformations/Curves/quaddobl_durand_kerner.adb
Source file time stamp: 2026-07-16 01:03:09
Compiled at: 2026-07-16 01:05:02
 155 lines: No errors
   [Ada]          facets_and_strings.adb

GNAT 10.3.0
Copyright 1992-2020, Free Software Foundation, Inc.

Compiling: /home/runner/work/alire-crates-ci/alire-crates-ci/test/5f655e40-67d4-410c-84fb-5572da83bba4/phcpack_2.4.88_e448e94a/src/Ada/Deformations/Curves/standard_durand_kerner.adb
Source file time stamp: 2026-07-16 01:03:09
Compiled at: 2026-07-16 01:05:02
 149 lines: No errors
   [Ada]          multprec_giftwrap_container.adb

GNAT 10.3.0
Copyright 1992-2020, Free Software Foundation, Inc.

Compiling: /home/runner/work/alire-crates-ci/alire-crates-ci/test/5f655e40-67d4-410c-84fb-5572da83bba4/phcpack_2.4.88_e448e94a/src/Ada/Math_Lib/Vectors/multprec_floating_vectors.ads
Source file time stamp: 2026-07-16 01:03:10
Compiled at: 2026-07-16 01:05:02
 8 lines: No errors
   [Ada]          multprec_lattice_3d_facets.adb

GNAT 10.3.0
Copyright 1992-2020, Free Software Foundation, Inc.

Compiling: /home/runner/work/alire-crates-ci/alire-crates-ci/test/5f655e40-67d4-410c-84fb-5572da83bba4/phcpack_2.4.88_e448e94a/src/Ada/CtoPHC/State/multprec_giftwrap_container.adb
Source file time stamp: 2026-07-16 01:03:09
Compiled at: 2026-07-16 01:05:02
 143 lines: No errors
   [Ada]          multprec_lattice_4d_facets.adb

GNAT 10.3.0
Copyright 1992-2020, Free Software Foundation, Inc.

Compiling: /home/runner/work/alire-crates-ci/alire-crates-ci/test/5f655e40-67d4-410c-84fb-5572da83bba4/phcpack_2.4.88_e448e94a/src/Ada/Components/Tropical/facets_and_strings.adb
Source file time stamp: 2026-07-16 01:03:09
Compiled at: 2026-07-16 01:05:02
 140 lines: No errors
   [Ada]          multprec_lattice_polygons.adb

GNAT 10.3.0
Copyright 1992-2020, Free Software Foundation, Inc.

Compiling: /home/runner/work/alire-crates-ci/alire-crates-ci/test/5f655e40-67d4-410c-84fb-5572da83bba4/phcpack_2.4.88_e448e94a/src/Ada/Components/Tropical/multprec_lattice_polygons.adb
Source file time stamp: 2026-07-16 01:03:09
Compiled at: 2026-07-16 01:05:02
 588 lines: No errors
   [Ada]          point_lists_and_strings.adb

GNAT 10.3.0
Copyright 1992-2020, Free Software Foundation, Inc.

Compiling: /home/runner/work/alire-crates-ci/alire-crates-ci/test/5f655e40-67d4-410c-84fb-5572da83bba4/phcpack_2.4.88_e448e94a/src/Ada/Components/Tropical/multprec_lattice_4d_facets.adb
Source file time stamp: 2026-07-16 01:03:09
Compiled at: 2026-07-16 01:05:02
 623 lines: No errors
   [Ada]          standard_initial_forms.adb

GNAT 10.3.0
Copyright 1992-2020, Free Software Foundation, Inc.

Compiling: /home/runner/work/alire-crates-ci/alire-crates-ci/test/5f655e40-67d4-410c-84fb-5572da83bba4/phcpack_2.4.88_e448e94a/src/Ada/Components/Tropical/standard_initial_forms.adb
Source file time stamp: 2026-07-16 01:03:09
Compiled at: 2026-07-16 01:05:03
 267 lines: No errors
   [Ada]          dobldobl_sampling_laurent_machine.adb

GNAT 10.3.0
Copyright 1992-2020, Free Software Foundation, Inc.

Compiling: /home/runner/work/alire-crates-ci/alire-crates-ci/test/5f655e40-67d4-410c-84fb-5572da83bba4/phcpack_2.4.88_e448e94a/src/Ada/Components/Tropical/point_lists_and_strings.adb
Source file time stamp: 2026-07-16 01:03:09
Compiled at: 2026-07-16 01:05:03
 291 lines: No errors
   [Ada]          dobldobl_sampling_machine.adb

GNAT 10.3.0
Copyright 1992-2020, Free Software Foundation, Inc.

Compiling: /home/runner/work/alire-crates-ci/alire-crates-ci/test/5f655e40-67d4-410c-84fb-5572da83bba4/phcpack_2.4.88_e448e94a/src/Ada/Components/Tropical/multprec_lattice_3d_facets.adb
Source file time stamp: 2026-07-16 01:03:09
Compiled at: 2026-07-16 01:05:02
 1182 lines: No errors
   [Ada]          dobldobl_solution_strings.adb

GNAT 10.3.0
Copyright 1992-2020, Free Software Foundation, Inc.

Compiling: /home/runner/work/alire-crates-ci/alire-crates-ci/test/5f655e40-67d4-410c-84fb-5572da83bba4/phcpack_2.4.88_e448e94a/src/Ada/Deformations/Solutions/dobldobl_solution_strings.adb
Source file time stamp: 2026-07-16 01:03:09
Compiled at: 2026-07-16 01:05:03
 380 lines: No errors
   [Ada]          quaddobl_sampling_laurent_machine.adb

GNAT 10.3.0
Copyright 1992-2020, Free Software Foundation, Inc.

Compiling: /home/runner/work/alire-crates-ci/alire-crates-ci/test/5f655e40-67d4-410c-84fb-5572da83bba4/phcpack_2.4.88_e448e94a/src/Ada/Schubert/Pieri/pieri_continuation.adb
Source file time stamp: 2026-07-16 01:03:10
Compiled at: 2026-07-16 01:05:00
 634 lines: No errors
   [Ada]          quaddobl_sampling_machine.adb

GNAT 10.3.0
Copyright 1992-2020, Free Software Foundation, Inc.

Compiling: /home/runner/work/alire-crates-ci/alire-crates-ci/test/5f655e40-67d4-410c-84fb-5572da83bba4/phcpack_2.4.88_e448e94a/src/Ada/Components/Samplers/dobldobl_sampling_laurent_machine.adb
Source file time stamp: 2026-07-16 01:03:09
Compiled at: 2026-07-16 01:05:03
 1050 lines: No errors
   [Ada]          quaddobl_solution_strings.adb

GNAT 10.3.0
Copyright 1992-2020, Free Software Foundation, Inc.

Compiling: /home/runner/work/alire-crates-ci/alire-crates-ci/test/5f655e40-67d4-410c-84fb-5572da83bba4/phcpack_2.4.88_e448e94a/src/Ada/Components/Samplers/dobldobl_sampling_machine.adb
Source file time stamp: 2026-07-16 01:03:09
Compiled at: 2026-07-16 01:05:03
 1050 lines: No errors
   [Ada]          sampling_laurent_machine.adb

GNAT 10.3.0
Copyright 1992-2020, Free Software Foundation, Inc.

Compiling: /home/runner/work/alire-crates-ci/alire-crates-ci/test/5f655e40-67d4-410c-84fb-5572da83bba4/phcpack_2.4.88_e448e94a/src/Ada/Deformations/Solutions/quaddobl_solution_strings.adb
Source file time stamp: 2026-07-16 01:03:09
Compiled at: 2026-07-16 01:05:07
 380 lines: No errors
   [Ada]          dobldobl_monodromy_permutations.adb

GNAT 10.3.0
Copyright 1992-2020, Free Software Foundation, Inc.

Compiling: /home/runner/work/alire-crates-ci/alire-crates-ci/test/5f655e40-67d4-410c-84fb-5572da83bba4/phcpack_2.4.88_e448e94a/src/Ada/Components/Samplers/quaddobl_sampling_laurent_machine.adb
Source file time stamp: 2026-07-16 01:03:09
Compiled at: 2026-07-16 01:05:03
 1050 lines: No errors
   [Ada]          dobldobl_sampling_operations.adb

GNAT 10.3.0
Copyright 1992-2020, Free Software Foundation, Inc.

Compiling: /home/runner/work/alire-crates-ci/alire-crates-ci/test/5f655e40-67d4-410c-84fb-5572da83bba4/phcpack_2.4.88_e448e94a/src/Ada/CtoPHC/State/dobldobl_monodromy_permutations.adb
Source file time stamp: 2026-07-16 01:03:09
Compiled at: 2026-07-16 01:05:08
 499 lines: No errors
   [Ada]          monodromy_partitions.adb

GNAT 10.3.0
Copyright 1992-2020, Free Software Foundation, Inc.

Compiling: /home/runner/work/alire-crates-ci/alire-crates-ci/test/5f655e40-67d4-410c-84fb-5572da83bba4/phcpack_2.4.88_e448e94a/src/Ada/CtoPHC/State/dobldobl_sampling_operations.adb
Source file time stamp: 2026-07-16 01:03:09
Compiled at: 2026-07-16 01:05:08
 268 lines: No errors
   [Ada]          quaddobl_monodromy_permutations.adb

GNAT 10.3.0
Copyright 1992-2020, Free Software Foundation, Inc.

Compiling: /home/runner/work/alire-crates-ci/alire-crates-ci/test/5f655e40-67d4-410c-84fb-5572da83bba4/phcpack_2.4.88_e448e94a/src/Ada/Components/Factorization/monodromy_partitions.adb
Source file time stamp: 2026-07-16 01:03:09
Compiled at: 2026-07-16 01:05:08
 313 lines: No errors
   [Ada]          quaddobl_sampling_operations.adb

GNAT 10.3.0
Copyright 1992-2020, Free Software Foundation, Inc.

Compiling: /home/runner/work/alire-crates-ci/alire-crates-ci/test/5f655e40-67d4-410c-84fb-5572da83bba4/phcpack_2.4.88_e448e94a/src/Ada/CtoPHC/State/quaddobl_monodromy_permutations.adb
Source file time stamp: 2026-07-16 01:03:09
Compiled at: 2026-07-16 01:05:08
 499 lines: No errors
   [Ada]          standard_monodromy_permutations.adb

GNAT 10.3.0
Copyright 1992-2020, Free Software Foundation, Inc.

Compiling: /home/runner/work/alire-crates-ci/alire-crates-ci/test/5f655e40-67d4-410c-84fb-5572da83bba4/phcpack_2.4.88_e448e94a/src/Ada/CtoPHC/State/quaddobl_sampling_operations.adb
Source file time stamp: 2026-07-16 01:03:09
Compiled at: 2026-07-16 01:05:08
 268 lines: No errors
   [Ada]          standard_sampling_operations.adb

GNAT 10.3.0
Copyright 1992-2020, Free Software Foundation, Inc.

Compiling: /home/runner/work/alire-crates-ci/alire-crates-ci/test/5f655e40-67d4-410c-84fb-5572da83bba4/phcpack_2.4.88_e448e94a/src/Ada/CtoPHC/State/standard_monodromy_permutations.adb
Source file time stamp: 2026-07-16 01:03:10
Compiled at: 2026-07-16 01:05:08
 480 lines: No errors
   [Ada]          monomial_maps_container.adb

GNAT 10.3.0
Copyright 1992-2020, Free Software Foundation, Inc.

Compiling: /home/runner/work/alire-crates-ci/alire-crates-ci/test/5f655e40-67d4-410c-84fb-5572da83bba4/phcpack_2.4.88_e448e94a/src/Ada/CtoPHC/State/monomial_maps_container.adb
Source file time stamp: 2026-07-16 01:03:09
Compiled at: 2026-07-16 01:05:09
 126 lines: No errors
   [Ada]          localization_poset_strings.adb

GNAT 10.3.0
Copyright 1992-2020, Free Software Foundation, Inc.

Compiling: /home/runner/work/alire-crates-ci/alire-crates-ci/test/5f655e40-67d4-410c-84fb-5572da83bba4/phcpack_2.4.88_e448e94a/src/Ada/CtoPHC/State/standard_sampling_operations.adb
Source file time stamp: 2026-07-16 01:03:09
Compiled at: 2026-07-16 01:05:09
 271 lines: No errors
   [Ada]          pieri_homotopy.adb

GNAT 10.3.0
Copyright 1992-2020, Free Software Foundation, Inc.

Compiling: /home/runner/work/alire-crates-ci/alire-crates-ci/test/5f655e40-67d4-410c-84fb-5572da83bba4/phcpack_2.4.88_e448e94a/src/Ada/Schubert/Pieri/localization_poset_strings.adb
Source file time stamp: 2026-07-16 01:03:10
Compiled at: 2026-07-16 01:05:09
 90 lines: No errors
   [Ada]          pieri_root_count.adb

GNAT 10.3.0
Copyright 1992-2020, Free Software Foundation, Inc.

Compiling: /home/runner/work/alire-crates-ci/alire-crates-ci/test/5f655e40-67d4-410c-84fb-5572da83bba4/phcpack_2.4.88_e448e94a/src/Ada/Schubert/Pieri/pieri_root_count.adb
Source file time stamp: 2026-07-16 01:03:10
Compiled at: 2026-07-16 01:05:09
 19 lines: No errors
   [Ada]          dobldobl_path_tracker.adb

GNAT 10.3.0
Copyright 1992-2020, Free Software Foundation, Inc.

Compiling: /home/runner/work/alire-crates-ci/alire-crates-ci/test/5f655e40-67d4-410c-84fb-5572da83bba4/phcpack_2.4.88_e448e94a/src/Ada/Deformations/Trackers/dobldobl_path_tracker.adb
Source file time stamp: 2026-07-16 01:03:09
Compiled at: 2026-07-16 01:05:09
 313 lines: No errors
   [Ada]          multprec_path_tracker.adb

GNAT 10.3.0
Copyright 1992-2020, Free Software Foundation, Inc.

Compiling: /home/runner/work/alire-crates-ci/alire-crates-ci/test/5f655e40-67d4-410c-84fb-5572da83bba4/phcpack_2.4.88_e448e94a/src/Ada/Deformations/Trackers/multprec_path_tracker.adb
Source file time stamp: 2026-07-16 01:03:09
Compiled at: 2026-07-16 01:05:10
 360 lines: No errors
   [Ada]          quaddobl_path_tracker.adb

GNAT 10.3.0
Copyright 1992-2020, Free Software Foundation, Inc.

Compiling: /home/runner/work/alire-crates-ci/alire-crates-ci/test/5f655e40-67d4-410c-84fb-5572da83bba4/phcpack_2.4.88_e448e94a/src/Ada/Deformations/Trackers/quaddobl_path_tracker.adb
Source file time stamp: 2026-07-16 01:03:09
Compiled at: 2026-07-16 01:05:10
 321 lines: No errors
   [Ada]          standard_path_tracker.adb

GNAT 10.3.0
Copyright 1992-2020, Free Software Foundation, Inc.

Compiling: /home/runner/work/alire-crates-ci/alire-crates-ci/test/5f655e40-67d4-410c-84fb-5572da83bba4/phcpack_2.4.88_e448e94a/src/Ada/Deformations/Trackers/standard_path_tracker.adb
Source file time stamp: 2026-07-16 01:03:09
Compiled at: 2026-07-16 01:05:11
 310 lines: No errors
   [Ada]          varbprec_path_tracker.adb

GNAT 10.3.0
Copyright 1992-2020, Free Software Foundation, Inc.

Compiling: /home/runner/work/alire-crates-ci/alire-crates-ci/test/5f655e40-67d4-410c-84fb-5572da83bba4/phcpack_2.4.88_e448e94a/src/Ada/Deformations/Trackers/varbprec_path_tracker.adb
Source file time stamp: 2026-07-16 01:03:09
Compiled at: 2026-07-16 01:05:11
 278 lines: No errors
   [Ada]          multprec_scaling.adb

GNAT 10.3.0
Copyright 1992-2020, Free Software Foundation, Inc.

Compiling: /home/runner/work/alire-crates-ci/alire-crates-ci/test/5f655e40-67d4-410c-84fb-5572da83bba4/phcpack_2.4.88_e448e94a/src/Ada/Deformations/Homotopy/multprec_scaling.adb
Source file time stamp: 2026-07-16 01:03:09
Compiled at: 2026-07-16 01:05:11
 347 lines: No errors
   [Ada]          degree_sets_tables.adb

GNAT 10.3.0
Copyright 1992-2020, Free Software Foundation, Inc.

Compiling: /home/runner/work/alire-crates-ci/alire-crates-ci/test/5f655e40-67d4-410c-84fb-5572da83bba4/phcpack_2.4.88_e448e94a/src/Ada/Components/Samplers/quaddobl_sampling_machine.adb
Source file time stamp: 2026-07-16 01:03:09
Compiled at: 2026-07-16 01:05:07
 1050 lines: No errors
   [Ada]          partitions_of_sets_strings.adb

GNAT 10.3.0
Copyright 1992-2020, Free Software Foundation, Inc.

Compiling: /home/runner/work/alire-crates-ci/alire-crates-ci/test/5f655e40-67d4-410c-84fb-5572da83bba4/phcpack_2.4.88_e448e94a/src/Ada/CtoPHC/State/pieri_homotopy.adb
Source file time stamp: 2026-07-16 01:03:09
Compiled at: 2026-07-16 01:05:09
 966 lines: No errors
   [Ada]          set_structure_io.adb

GNAT 10.3.0
Copyright 1992-2020, Free Software Foundation, Inc.

Compiling: /home/runner/work/alire-crates-ci/alire-crates-ci/test/5f655e40-67d4-410c-84fb-5572da83bba4/phcpack_2.4.88_e448e94a/src/Ada/Root_Counts/Product/degree_sets_tables.adb
Source file time stamp: 2026-07-16 01:03:10
Compiled at: 2026-07-16 01:05:12
 394 lines: No errors
   [Ada]          set_structure_strings.adb

GNAT 10.3.0
Copyright 1992-2020, Free Software Foundation, Inc.

Compiling: /home/runner/work/alire-crates-ci/alire-crates-ci/test/5f655e40-67d4-410c-84fb-5572da83bba4/phcpack_2.4.88_e448e94a/src/Ada/Root_Counts/Product/partitions_of_sets_strings.adb
Source file time stamp: 2026-07-16 01:03:10
Compiled at: 2026-07-16 01:05:12
 62 lines: No errors
   [Ada]          supporting_set_structure.adb

GNAT 10.3.0
Copyright 1992-2020, Free Software Foundation, Inc.

Compiling: /home/runner/work/alire-crates-ci/alire-crates-ci/test/5f655e40-67d4-410c-84fb-5572da83bba4/phcpack_2.4.88_e448e94a/src/Ada/Root_Counts/Product/set_structure_io.adb
Source file time stamp: 2026-07-16 01:03:10
Compiled at: 2026-07-16 01:05:12
 88 lines: No errors
   [Ada]          integer_cells_container.adb

GNAT 10.3.0
Copyright 1992-2020, Free Software Foundation, Inc.

Compiling: /home/runner/work/alire-crates-ci/alire-crates-ci/test/5f655e40-67d4-410c-84fb-5572da83bba4/phcpack_2.4.88_e448e94a/src/Ada/Root_Counts/Product/supporting_set_structure.adb
Source file time stamp: 2026-07-16 01:03:10
Compiled at: 2026-07-16 01:05:12
 64 lines: No errors
   [Ada]          dobldobl_complex_series_vectors.ads

GNAT 10.3.0
Copyright 1992-2020, Free Software Foundation, Inc.

Compiling: /home/runner/work/alire-crates-ci/alire-crates-ci/test/5f655e40-67d4-410c-84fb-5572da83bba4/phcpack_2.4.88_e448e94a/src/Ada/Root_Counts/Product/set_structure_strings.adb
Source file time stamp: 2026-07-16 01:03:10
Compiled at: 2026-07-16 01:05:12
 183 lines: No errors
   [Ada]          dobldobl_pade_approximants.adb

GNAT 10.3.0
Copyright 1992-2020, Free Software Foundation, Inc.

Compiling: /home/runner/work/alire-crates-ci/alire-crates-ci/test/5f655e40-67d4-410c-84fb-5572da83bba4/phcpack_2.4.88_e448e94a/src/Ada/Deformations/Curves/dobldobl_pade_approximants.adb
Source file time stamp: 2026-07-16 01:03:09
Compiled at: 2026-07-16 01:05:12
 223 lines: No errors
   [Ada]          dobldobl_seriespade_tracker.adb

GNAT 10.3.0
Copyright 1992-2020, Free Software Foundation, Inc.

Compiling: /home/runner/work/alire-crates-ci/alire-crates-ci/test/5f655e40-67d4-410c-84fb-5572da83bba4/phcpack_2.4.88_e448e94a/src/Ada/Math_Lib/Series/dobldobl_complex_series_vectors.ads
Source file time stamp: 2026-07-16 01:03:09
Compiled at: 2026-07-16 01:05:12
 8 lines: No errors
   [Ada]          drivers_to_series_trackers.adb

GNAT 10.3.0
Copyright 1992-2020, Free Software Foundation, Inc.

Compiling: /home/runner/work/alire-crates-ci/alire-crates-ci/test/5f655e40-67d4-410c-84fb-5572da83bba4/phcpack_2.4.88_e448e94a/src/Ada/Deformations/Curves/dobldobl_seriespade_tracker.adb
Source file time stamp: 2026-07-16 01:03:10
Compiled at: 2026-07-16 01:05:12
 462 lines: No errors
   [Ada]          homotopy_continuation_parameters.adb

GNAT 10.3.0
Copyright 1992-2020, Free Software Foundation, Inc.

Compiling: /home/runner/work/alire-crates-ci/alire-crates-ci/test/5f655e40-67d4-410c-84fb-5572da83bba4/phcpack_2.4.88_e448e94a/src/Ada/Deformations/Curves/homotopy_continuation_parameters.adb
Source file time stamp: 2026-07-16 01:03:09
Compiled at: 2026-07-16 01:05:13
 58 lines: No errors
   [Ada]          homotopy_continuation_parameters_io.adb

GNAT 10.3.0
Copyright 1992-2020, Free Software Foundation, Inc.

Compiling: /home/runner/work/alire-crates-ci/alire-crates-ci/test/5f655e40-67d4-410c-84fb-5572da83bba4/phcpack_2.4.88_e448e94a/src/Ada/CtoPHC/State/integer_cells_container.adb
Source file time stamp: 2026-07-16 01:03:09
Compiled at: 2026-07-16 01:05:12
 1054 lines: No errors
   [Ada]          quaddobl_complex_series_vectors.ads

GNAT 10.3.0
Copyright 1992-2020, Free Software Foundation, Inc.

Compiling: /home/runner/work/alire-crates-ci/alire-crates-ci/test/5f655e40-67d4-410c-84fb-5572da83bba4/phcpack_2.4.88_e448e94a/src/Ada/Deformations/Curves/homotopy_continuation_parameters_io.adb
Source file time stamp: 2026-07-16 01:03:09
Compiled at: 2026-07-16 01:05:13
 122 lines: No errors
   [Ada]          quaddobl_pade_approximants.adb

GNAT 10.3.0
Copyright 1992-2020, Free Software Foundation, Inc.

Compiling: /home/runner/work/alire-crates-ci/alire-crates-ci/test/5f655e40-67d4-410c-84fb-5572da83bba4/phcpack_2.4.88_e448e94a/src/Ada/Deformations/Curves/drivers_to_series_trackers.adb
Source file time stamp: 2026-07-16 01:03:09
Compiled at: 2026-07-16 01:05:12
 724 lines: No errors
   [Ada]          quaddobl_seriespade_tracker.adb

GNAT 10.3.0
Copyright 1992-2020, Free Software Foundation, Inc.

Compiling: /home/runner/work/alire-crates-ci/alire-crates-ci/test/5f655e40-67d4-410c-84fb-5572da83bba4/phcpack_2.4.88_e448e94a/src/Ada/Deformations/Curves/quaddobl_pade_approximants.adb
Source file time stamp: 2026-07-16 01:03:09
Compiled at: 2026-07-16 01:05:13
 223 lines: No errors
   [Ada]          standard_complex_series_vectors.ads

GNAT 10.3.0
Copyright 1992-2020, Free Software Foundation, Inc.

Compiling: /home/runner/work/alire-crates-ci/alire-crates-ci/test/5f655e40-67d4-410c-84fb-5572da83bba4/phcpack_2.4.88_e448e94a/src/Ada/Math_Lib/Series/quaddobl_complex_series_vectors.ads
Source file time stamp: 2026-07-16 01:03:09
Compiled at: 2026-07-16 01:05:13
 8 lines: No errors
   [Ada]          standard_pade_approximants.adb

GNAT 10.3.0
Copyright 1992-2020, Free Software Foundation, Inc.

Compiling: /home/runner/work/alire-crates-ci/alire-crates-ci/test/5f655e40-67d4-410c-84fb-5572da83bba4/phcpack_2.4.88_e448e94a/src/Ada/Deformations/Curves/standard_pade_approximants.adb
Source file time stamp: 2026-07-16 01:03:09
Compiled at: 2026-07-16 01:05:13
 224 lines: No errors
   [Ada]          standard_seriespade_tracker.adb

GNAT 10.3.0
Copyright 1992-2020, Free Software Foundation, Inc.

Compiling: /home/runner/work/alire-crates-ci/alire-crates-ci/test/5f655e40-67d4-410c-84fb-5572da83bba4/phcpack_2.4.88_e448e94a/src/Ada/Math_Lib/Series/standard_complex_series_vectors.ads
Source file time stamp: 2026-07-16 01:03:09
Compiled at: 2026-07-16 01:05:13
 8 lines: No errors
   [Ada]          multi_projective_transformations.adb

GNAT 10.3.0
Copyright 1992-2020, Free Software Foundation, Inc.

Compiling: /home/runner/work/alire-crates-ci/alire-crates-ci/test/5f655e40-67d4-410c-84fb-5572da83bba4/phcpack_2.4.88_e448e94a/src/Ada/Deformations/Curves/quaddobl_seriespade_tracker.adb
Source file time stamp: 2026-07-16 01:03:10
Compiled at: 2026-07-16 01:05:13
 463 lines: No errors
   [Ada]          solution_drops.adb

GNAT 10.3.0
Copyright 1992-2020, Free Software Foundation, Inc.

Compiling: /home/runner/work/alire-crates-ci/alire-crates-ci/test/5f655e40-67d4-410c-84fb-5572da83bba4/phcpack_2.4.88_e448e94a/src/Ada/Deformations/Curves/standard_seriespade_tracker.adb
Source file time stamp: 2026-07-16 01:03:10
Compiled at: 2026-07-16 01:05:13
 437 lines: No errors
   [Ada]          complex_series_and_polynomials.adb

GNAT 10.3.0
Copyright 1992-2020, Free Software Foundation, Inc.

Compiling: /home/runner/work/alire-crates-ci/alire-crates-ci/test/5f655e40-67d4-410c-84fb-5572da83bba4/phcpack_2.4.88_e448e94a/src/Ada/Deformations/Solutions/solution_drops.adb
Source file time stamp: 2026-07-16 01:03:09
Compiled at: 2026-07-16 01:05:14
 365 lines: No errors
   [Ada]          complex_series_and_polynomials_io.adb

GNAT 10.3.0
Copyright 1992-2020, Free Software Foundation, Inc.

Compiling: /home/runner/work/alire-crates-ci/alire-crates-ci/test/5f655e40-67d4-410c-84fb-5572da83bba4/phcpack_2.4.88_e448e94a/src/Ada/Components/Samplers/sampling_laurent_machine.adb
Source file time stamp: 2026-07-16 01:03:09
Compiled at: 2026-07-16 01:05:07
 1732 lines: No errors
   [Ada]          dobldobl_complex_series_vectors_io.ads

GNAT 10.3.0
Copyright 1992-2020, Free Software Foundation, Inc.

Compiling: /home/runner/work/alire-crates-ci/alire-crates-ci/test/5f655e40-67d4-410c-84fb-5572da83bba4/phcpack_2.4.88_e448e94a/src/Ada/Math_Lib/Series/dobldobl_complex_series_vectors_io.ads
Source file time stamp: 2026-07-16 01:03:09
Compiled at: 2026-07-16 01:05:15
 11 lines: No errors
   [Ada]          dobldobl_complex_series_vecvecs.ads

GNAT 10.3.0
Copyright 1992-2020, Free Software Foundation, Inc.

Compiling: /home/runner/work/alire-crates-ci/alire-crates-ci/test/5f655e40-67d4-410c-84fb-5572da83bba4/phcpack_2.4.88_e448e94a/src/Ada/Math_Lib/Series/dobldobl_complex_series_vecvecs.ads
Source file time stamp: 2026-07-16 01:03:09
Compiled at: 2026-07-16 01:05:15
 11 lines: No errors
   [Ada]          dobldobl_cseries_poly_systems.ads

GNAT 10.3.0
Copyright 1992-2020, Free Software Foundation, Inc.

Compiling: /home/runner/work/alire-crates-ci/alire-crates-ci/test/5f655e40-67d4-410c-84fb-5572da83bba4/phcpack_2.4.88_e448e94a/src/Ada/Math_Lib/Series/complex_series_and_polynomials_io.adb
Source file time stamp: 2026-07-16 01:03:09
Compiled at: 2026-07-16 01:05:14
 1287 lines: No errors
   [Ada]          dobldobl_pade_approximants_io.adb

GNAT 10.3.0
Copyright 1992-2020, Free Software Foundation, Inc.

Compiling: /home/runner/work/alire-crates-ci/alire-crates-ci/test/5f655e40-67d4-410c-84fb-5572da83bba4/phcpack_2.4.88_e448e94a/src/Ada/Math_Lib/Series/dobldobl_cseries_poly_systems.ads
Source file time stamp: 2026-07-16 01:03:09
Compiled at: 2026-07-16 01:05:15
 11 lines: No errors
   [Ada]          dobldobl_systems_pool.adb

GNAT 10.3.0
Copyright 1992-2020, Free Software Foundation, Inc.

Compiling: /home/runner/work/alire-crates-ci/alire-crates-ci/test/5f655e40-67d4-410c-84fb-5572da83bba4/phcpack_2.4.88_e448e94a/src/Ada/Deformations/Curves/dobldobl_pade_approximants_io.adb
Source file time stamp: 2026-07-16 01:03:09
Compiled at: 2026-07-16 01:05:15
 101 lines: No errors
   [Ada]          homotopy_pade_approximants.adb

GNAT 10.3.0
Copyright 1992-2020, Free Software Foundation, Inc.

Compiling: /home/runner/work/alire-crates-ci/alire-crates-ci/test/5f655e40-67d4-410c-84fb-5572da83bba4/phcpack_2.4.88_e448e94a/src/Ada/Deformations/Homotopy/multi_projective_transformations.adb
Source file time stamp: 2026-07-16 01:03:09
Compiled at: 2026-07-16 01:05:13
 2399 lines: No errors
   [Ada]          power_series_methods.adb

GNAT 10.3.0
Copyright 1992-2020, Free Software Foundation, Inc.

Compiling: /home/runner/work/alire-crates-ci/alire-crates-ci/test/5f655e40-67d4-410c-84fb-5572da83bba4/phcpack_2.4.88_e448e94a/src/Ada/CtoPHC/Structures/dobldobl_systems_pool.adb
Source file time stamp: 2026-07-16 01:03:09
Compiled at: 2026-07-16 01:05:15
 204 lines: No errors
   [Ada]          quaddobl_complex_series_vectors_io.ads

GNAT 10.3.0
Copyright 1992-2020, Free Software Foundation, Inc.

Compiling: /home/runner/work/alire-crates-ci/alire-crates-ci/test/5f655e40-67d4-410c-84fb-5572da83bba4/phcpack_2.4.88_e448e94a/src/Ada/Math_Lib/Series/quaddobl_complex_series_vectors_io.ads
Source file time stamp: 2026-07-16 01:03:09
Compiled at: 2026-07-16 01:05:15
 11 lines: No errors
   [Ada]          quaddobl_complex_series_vecvecs.ads

GNAT 10.3.0
Copyright 1992-2020, Free Software Foundation, Inc.

Compiling: /home/runner/work/alire-crates-ci/alire-crates-ci/test/5f655e40-67d4-410c-84fb-5572da83bba4/phcpack_2.4.88_e448e94a/src/Ada/Math_Lib/Series/quaddobl_complex_series_vecvecs.ads
Source file time stamp: 2026-07-16 01:03:09
Compiled at: 2026-07-16 01:05:16
 11 lines: No errors
   [Ada]          quaddobl_cseries_poly_systems.ads

GNAT 10.3.0
Copyright 1992-2020, Free Software Foundation, Inc.

Compiling: /home/runner/work/alire-crates-ci/alire-crates-ci/test/5f655e40-67d4-410c-84fb-5572da83bba4/phcpack_2.4.88_e448e94a/src/Ada/Math_Lib/Series/quaddobl_cseries_poly_systems.ads
Source file time stamp: 2026-07-16 01:03:09
Compiled at: 2026-07-16 01:05:16
 11 lines: No errors
   [Ada]          quaddobl_pade_approximants_io.adb

GNAT 10.3.0
Copyright 1992-2020, Free Software Foundation, Inc.

Compiling: /home/runner/work/alire-crates-ci/alire-crates-ci/test/5f655e40-67d4-410c-84fb-5572da83bba4/phcpack_2.4.88_e448e94a/src/Ada/Deformations/Curves/homotopy_pade_approximants.adb
Source file time stamp: 2026-07-16 01:03:09
Compiled at: 2026-07-16 01:05:15
 915 lines: No errors
   [Ada]          quaddobl_systems_pool.adb

GNAT 10.3.0
Copyright 1992-2020, Free Software Foundation, Inc.

Compiling: /home/runner/work/alire-crates-ci/alire-crates-ci/test/5f655e40-67d4-410c-84fb-5572da83bba4/phcpack_2.4.88_e448e94a/src/Ada/Deformations/Curves/quaddobl_pade_approximants_io.adb
Source file time stamp: 2026-07-16 01:03:09
Compiled at: 2026-07-16 01:05:16
 101 lines: No errors
   [Ada]          series_and_solutions.adb

GNAT 10.3.0
Copyright 1992-2020, Free Software Foundation, Inc.

Compiling: /home/runner/work/alire-crates-ci/alire-crates-ci/test/5f655e40-67d4-410c-84fb-5572da83bba4/phcpack_2.4.88_e448e94a/src/Ada/CtoPHC/Structures/quaddobl_systems_pool.adb
Source file time stamp: 2026-07-16 01:03:09
Compiled at: 2026-07-16 01:05:16
 204 lines: No errors
   [Ada]          standard_complex_series_vectors_io.ads

GNAT 10.3.0
Copyright 1992-2020, Free Software Foundation, Inc.

Compiling: /home/runner/work/alire-crates-ci/alire-crates-ci/test/5f655e40-67d4-410c-84fb-5572da83bba4/phcpack_2.4.88_e448e94a/src/Ada/Math_Lib/Series/standard_complex_series_vectors_io.ads
Source file time stamp: 2026-07-16 01:03:09
Compiled at: 2026-07-16 01:05:16
 11 lines: No errors
   [Ada]          standard_complex_series_vecvecs.ads

GNAT 10.3.0
Copyright 1992-2020, Free Software Foundation, Inc.

Compiling: /home/runner/work/alire-crates-ci/alire-crates-ci/test/5f655e40-67d4-410c-84fb-5572da83bba4/phcpack_2.4.88_e448e94a/src/Ada/Deformations/Curves/series_and_solutions.adb
Source file time stamp: 2026-07-16 01:03:09
Compiled at: 2026-07-16 01:05:16
 452 lines: No errors
   [Ada]          standard_cseries_poly_systems.ads

GNAT 10.3.0
Copyright 1992-2020, Free Software Foundation, Inc.

Compiling: /home/runner/work/alire-crates-ci/alire-crates-ci/test/5f655e40-67d4-410c-84fb-5572da83bba4/phcpack_2.4.88_e448e94a/src/Ada/Math_Lib/Series/standard_complex_series_vecvecs.ads
Source file time stamp: 2026-07-16 01:03:09
Compiled at: 2026-07-16 01:05:16
 11 lines: No errors
   [Ada]          standard_pade_approximants_io.adb

GNAT 10.3.0
Copyright 1992-2020, Free Software Foundation, Inc.

Compiling: /home/runner/work/alire-crates-ci/alire-crates-ci/test/5f655e40-67d4-410c-84fb-5572da83bba4/phcpack_2.4.88_e448e94a/src/Ada/Deformations/Curves/standard_pade_approximants_io.adb
Source file time stamp: 2026-07-16 01:03:09
Compiled at: 2026-07-16 01:05:17
 108 lines: No errors
   [Ada]          lexicographic_root_enumeration.adb

GNAT 10.3.0
Copyright 1992-2020, Free Software Foundation, Inc.

Compiling: /home/runner/work/alire-crates-ci/alire-crates-ci/test/5f655e40-67d4-410c-84fb-5572da83bba4/phcpack_2.4.88_e448e94a/src/Ada/Math_Lib/Series/complex_series_and_polynomials.adb
Source file time stamp: 2026-07-16 01:03:09
Compiled at: 2026-07-16 01:05:14
 3128 lines: No errors
   [Ada]          polynomial_drops.adb

GNAT 10.3.0
Copyright 1992-2020, Free Software Foundation, Inc.

Compiling: /home/runner/work/alire-crates-ci/alire-crates-ci/test/5f655e40-67d4-410c-84fb-5572da83bba4/phcpack_2.4.88_e448e94a/src/Ada/Root_Counts/Product/lexicographic_root_enumeration.adb
Source file time stamp: 2026-07-16 01:03:10
Compiled at: 2026-07-16 01:05:17
 85 lines: No errors
   [Ada]          multprec_complex_laur_strings.adb

GNAT 10.3.0
Copyright 1992-2020, Free Software Foundation, Inc.

Compiling: /home/runner/work/alire-crates-ci/alire-crates-ci/test/5f655e40-67d4-410c-84fb-5572da83bba4/phcpack_2.4.88_e448e94a/src/Ada/Math_Lib/Series/standard_cseries_poly_systems.ads
Source file time stamp: 2026-07-16 01:03:09
Compiled at: 2026-07-16 01:05:16
 11 lines: No errors
   [Ada]          affine_transformations.adb

GNAT 10.3.0
Copyright 1992-2020, Free Software Foundation, Inc.

Compiling: /home/runner/work/alire-crates-ci/alire-crates-ci/test/5f655e40-67d4-410c-84fb-5572da83bba4/phcpack_2.4.88_e448e94a/src/Ada/Deformations/Homotopy/affine_transformations.adb
Source file time stamp: 2026-07-16 01:03:09
Compiled at: 2026-07-16 01:05:17
 149 lines: No errors
   [Ada]          dobldobl_random_polynomials.adb

GNAT 10.3.0
Copyright 1992-2020, Free Software Foundation, Inc.

Compiling: /home/runner/work/alire-crates-ci/alire-crates-ci/test/5f655e40-67d4-410c-84fb-5572da83bba4/phcpack_2.4.88_e448e94a/src/Ada/Deformations/Homotopy/polynomial_drops.adb
Source file time stamp: 2026-07-16 01:03:09
Compiled at: 2026-07-16 01:05:17
 398 lines: No errors
   [Ada]          homogenization.adb

GNAT 10.3.0
Copyright 1992-2020, Free Software Foundation, Inc.

Compiling: /home/runner/work/alire-crates-ci/alire-crates-ci/test/5f655e40-67d4-410c-84fb-5572da83bba4/phcpack_2.4.88_e448e94a/src/Ada/Math_Lib/Polynomials/dobldobl_random_polynomials.adb
Source file time stamp: 2026-07-16 01:03:09
Compiled at: 2026-07-16 01:05:17
 105 lines: No errors
   [Ada]          partitions_of_sets_of_unknowns_io.adb

GNAT 10.3.0
Copyright 1992-2020, Free Software Foundation, Inc.

Compiling: /home/runner/work/alire-crates-ci/alire-crates-ci/test/5f655e40-67d4-410c-84fb-5572da83bba4/phcpack_2.4.88_e448e94a/src/Ada/Root_Counts/Product/partitions_of_sets_of_unknowns_io.adb
Source file time stamp: 2026-07-16 01:03:10
Compiled at: 2026-07-16 01:05:17
 91 lines: No errors
   [Ada]          quaddobl_random_polynomials.adb

GNAT 10.3.0
Copyright 1992-2020, Free Software Foundation, Inc.

Compiling: /home/runner/work/alire-crates-ci/alire-crates-ci/test/5f655e40-67d4-410c-84fb-5572da83bba4/phcpack_2.4.88_e448e94a/src/Ada/Math_Lib/Polynomials/multprec_complex_laur_strings.adb
Source file time stamp: 2026-07-16 01:03:10
Compiled at: 2026-07-16 01:05:17
 623 lines: No errors
   [Ada]          standard_random_polynomials.adb

GNAT 10.3.0
Copyright 1992-2020, Free Software Foundation, Inc.

Compiling: /home/runner/work/alire-crates-ci/alire-crates-ci/test/5f655e40-67d4-410c-84fb-5572da83bba4/phcpack_2.4.88_e448e94a/src/Ada/Deformations/Curves/power_series_methods.adb
Source file time stamp: 2026-07-16 01:03:10
Compiled at: 2026-07-16 01:05:15
 2925 lines: No errors
   [Ada]          multprec_complex_laurentials_io.adb

GNAT 10.3.0
Copyright 1992-2020, Free Software Foundation, Inc.

Compiling: /home/runner/work/alire-crates-ci/alire-crates-ci/test/5f655e40-67d4-410c-84fb-5572da83bba4/phcpack_2.4.88_e448e94a/src/Ada/Math_Lib/Polynomials/quaddobl_random_polynomials.adb
Source file time stamp: 2026-07-16 01:03:09
Compiled at: 2026-07-16 01:05:17
 105 lines: No errors
   [Ada]          dobldobl_witness_solutions.adb

GNAT 10.3.0
Copyright 1992-2020, Free Software Foundation, Inc.

Compiling: /home/runner/work/alire-crates-ci/alire-crates-ci/test/5f655e40-67d4-410c-84fb-5572da83bba4/phcpack_2.4.88_e448e94a/src/Ada/Math_Lib/Polynomials/standard_random_polynomials.adb
Source file time stamp: 2026-07-16 01:03:09
Compiled at: 2026-07-16 01:05:17
 237 lines: No errors
   [Ada]          quaddobl_witness_solutions.adb

GNAT 10.3.0
Copyright 1992-2020, Free Software Foundation, Inc.

Compiling: /home/runner/work/alire-crates-ci/alire-crates-ci/test/5f655e40-67d4-410c-84fb-5572da83bba4/phcpack_2.4.88_e448e94a/src/Ada/Components/Decomposition/dobldobl_witness_solutions.adb
Source file time stamp: 2026-07-16 01:03:09
Compiled at: 2026-07-16 01:05:17
 120 lines: No errors
   [Ada]          standard_witness_solutions.adb

GNAT 10.3.0
Copyright 1992-2020, Free Software Foundation, Inc.

Compiling: /home/runner/work/alire-crates-ci/alire-crates-ci/test/5f655e40-67d4-410c-84fb-5572da83bba4/phcpack_2.4.88_e448e94a/src/Ada/Components/Decomposition/standard_witness_solutions.adb
Source file time stamp: 2026-07-16 01:03:09
Compiled at: 2026-07-16 01:05:18
 120 lines: No errors
   [Ada]          store_witness_solutions.adb

GNAT 10.3.0
Copyright 1992-2020, Free Software Foundation, Inc.

Compiling: /home/runner/work/alire-crates-ci/alire-crates-ci/test/5f655e40-67d4-410c-84fb-5572da83bba4/phcpack_2.4.88_e448e94a/src/Ada/Components/Decomposition/quaddobl_witness_solutions.adb
Source file time stamp: 2026-07-16 01:03:09
Compiled at: 2026-07-16 01:05:18
 120 lines: No errors
   [Ada]          write_witness_solutions.adb

GNAT 10.3.0
Copyright 1992-2020, Free Software Foundation, Inc.

Compiling: /home/runner/work/alire-crates-ci/alire-crates-ci/test/5f655e40-67d4-410c-84fb-5572da83bba4/phcpack_2.4.88_e448e94a/src/Ada/Math_Lib/Polynomials/multprec_complex_laurentials_io.adb
Source file time stamp: 2026-07-16 01:03:09
Compiled at: 2026-07-16 01:05:17
 653 lines: No errors
   [Ada]          dobldobl_hypersurface_witdrivers.adb

GNAT 10.3.0
Copyright 1992-2020, Free Software Foundation, Inc.

Compiling: /home/runner/work/alire-crates-ci/alire-crates-ci/test/5f655e40-67d4-410c-84fb-5572da83bba4/phcpack_2.4.88_e448e94a/src/Ada/Components/Decomposition/store_witness_solutions.adb
Source file time stamp: 2026-07-16 01:03:09
Compiled at: 2026-07-16 01:05:18
 55 lines: No errors
   [Ada]          quaddobl_hypersurface_witdrivers.adb

GNAT 10.3.0
Copyright 1992-2020, Free Software Foundation, Inc.

Compiling: /home/runner/work/alire-crates-ci/alire-crates-ci/test/5f655e40-67d4-410c-84fb-5572da83bba4/phcpack_2.4.88_e448e94a/src/Ada/Components/Decomposition/write_witness_solutions.adb
Source file time stamp: 2026-07-16 01:03:09
Compiled at: 2026-07-16 01:05:18
 75 lines: No errors
   [Ada]          standard_hypersurface_witdrivers.adb

GNAT 10.3.0
Copyright 1992-2020, Free Software Foundation, Inc.

Compiling: /home/runner/work/alire-crates-ci/alire-crates-ci/test/5f655e40-67d4-410c-84fb-5572da83bba4/phcpack_2.4.88_e448e94a/src/Ada/Components/Solver/dobldobl_hypersurface_witdrivers.adb
Source file time stamp: 2026-07-16 01:03:09
Compiled at: 2026-07-16 01:05:18
 211 lines: No errors
   [Ada]          complex_convex_continuation.adb

GNAT 10.3.0
Copyright 1992-2020, Free Software Foundation, Inc.

Compiling: /home/runner/work/alire-crates-ci/alire-crates-ci/test/5f655e40-67d4-410c-84fb-5572da83bba4/phcpack_2.4.88_e448e94a/src/Ada/Components/Solver/quaddobl_hypersurface_witdrivers.adb
Source file time stamp: 2026-07-16 01:03:09
Compiled at: 2026-07-16 01:05:18
 211 lines: No errors
   [Ada]          dobldobl_parameter_solutions.adb

GNAT 10.3.0
Copyright 1992-2020, Free Software Foundation, Inc.

Compiling: /home/runner/work/alire-crates-ci/alire-crates-ci/test/5f655e40-67d4-410c-84fb-5572da83bba4/phcpack_2.4.88_e448e94a/src/Ada/Components/Solver/standard_hypersurface_witdrivers.adb
Source file time stamp: 2026-07-16 01:03:09
Compiled at: 2026-07-16 01:05:18
 211 lines: No errors
   [Ada]          dobldobl_quad_sweepers.adb

GNAT 10.3.0
Copyright 1992-2020, Free Software Foundation, Inc.

Compiling: /home/runner/work/alire-crates-ci/alire-crates-ci/test/5f655e40-67d4-410c-84fb-5572da83bba4/phcpack_2.4.88_e448e94a/src/Ada/Deformations/Sweep/dobldobl_parameter_solutions.adb
Source file time stamp: 2026-07-16 01:03:09
Compiled at: 2026-07-16 01:05:18
 84 lines: No errors
   [Ada]          double_double_jaco_matrices.ads

GNAT 10.3.0
Copyright 1992-2020, Free Software Foundation, Inc.

Compiling: /home/runner/work/alire-crates-ci/alire-crates-ci/test/5f655e40-67d4-410c-84fb-5572da83bba4/phcpack_2.4.88_e448e94a/src/Ada/Deformations/Sweep/complex_convex_continuation.adb
Source file time stamp: 2026-07-16 01:03:09
Compiled at: 2026-07-16 01:05:18
 742 lines: No errors
   [Ada]          double_double_poly_sysfun.ads

GNAT 10.3.0
Copyright 1992-2020, Free Software Foundation, Inc.

Compiling: /home/runner/work/alire-crates-ci/alire-crates-ci/test/5f655e40-67d4-410c-84fb-5572da83bba4/phcpack_2.4.88_e448e94a/src/Ada/Math_Lib/Functions/double_double_poly_sysfun.ads
Source file time stamp: 2026-07-16 01:03:09
Compiled at: 2026-07-16 01:05:19
 19 lines: No errors
   [Ada]          double_double_poly_systems.ads

GNAT 10.3.0
Copyright 1992-2020, Free Software Foundation, Inc.

Compiling: /home/runner/work/alire-crates-ci/alire-crates-ci/test/5f655e40-67d4-410c-84fb-5572da83bba4/phcpack_2.4.88_e448e94a/src/Ada/Deformations/Homotopy/homogenization.adb
Source file time stamp: 2026-07-16 01:03:09
Compiled at: 2026-07-16 01:05:17
 2175 lines: No errors
   [Ada]          parameter_homotopy_state.adb

GNAT 10.3.0
Copyright 1992-2020, Free Software Foundation, Inc.

Compiling: /home/runner/work/alire-crates-ci/alire-crates-ci/test/5f655e40-67d4-410c-84fb-5572da83bba4/phcpack_2.4.88_e448e94a/src/Ada/Math_Lib/Polynomials/double_double_jaco_matrices.ads
Source file time stamp: 2026-07-16 01:03:09
Compiled at: 2026-07-16 01:05:18
 23 lines: No errors
   [Ada]          quad_double_jaco_matrices.ads

GNAT 10.3.0
Copyright 1992-2020, Free Software Foundation, Inc.

Compiling: /home/runner/work/alire-crates-ci/alire-crates-ci/test/5f655e40-67d4-410c-84fb-5572da83bba4/phcpack_2.4.88_e448e94a/src/Ada/Math_Lib/Polynomials/double_double_poly_systems.ads
Source file time stamp: 2026-07-16 01:03:09
Compiled at: 2026-07-16 01:05:19
 10 lines: No errors
   [Ada]          quad_double_poly_sysfun.ads

GNAT 10.3.0
Copyright 1992-2020, Free Software Foundation, Inc.

Compiling: /home/runner/work/alire-crates-ci/alire-crates-ci/test/5f655e40-67d4-410c-84fb-5572da83bba4/phcpack_2.4.88_e448e94a/src/Ada/CtoPHC/State/parameter_homotopy_state.adb
Source file time stamp: 2026-07-16 01:03:09
Compiled at: 2026-07-16 01:05:19
 162 lines: No errors
   [Ada]          quad_double_poly_systems.ads

GNAT 10.3.0
Copyright 1992-2020, Free Software Foundation, Inc.

Compiling: /home/runner/work/alire-crates-ci/alire-crates-ci/test/5f655e40-67d4-410c-84fb-5572da83bba4/phcpack_2.4.88_e448e94a/src/Ada/Math_Lib/Functions/quad_double_poly_sysfun.ads
Source file time stamp: 2026-07-16 01:03:09
Compiled at: 2026-07-16 01:05:19
 19 lines: No errors
   [Ada]          quaddobl_parameter_solutions.adb

GNAT 10.3.0
Copyright 1992-2020, Free Software Foundation, Inc.

Compiling: /home/runner/work/alire-crates-ci/alire-crates-ci/test/5f655e40-67d4-410c-84fb-5572da83bba4/phcpack_2.4.88_e448e94a/src/Ada/Math_Lib/Polynomials/quad_double_poly_systems.ads
Source file time stamp: 2026-07-16 01:03:09
Compiled at: 2026-07-16 01:05:19
 10 lines: No errors
   [Ada]          quaddobl_quad_sweepers.adb

GNAT 10.3.0
Copyright 1992-2020, Free Software Foundation, Inc.

Compiling: /home/runner/work/alire-crates-ci/alire-crates-ci/test/5f655e40-67d4-410c-84fb-5572da83bba4/phcpack_2.4.88_e448e94a/src/Ada/Math_Lib/Polynomials/quad_double_jaco_matrices.ads
Source file time stamp: 2026-07-16 01:03:09
Compiled at: 2026-07-16 01:05:19
 23 lines: No errors
   [Ada]          standard_floating_jaco_matrices.ads

GNAT 10.3.0
Copyright 1992-2020, Free Software Foundation, Inc.

Compiling: /home/runner/work/alire-crates-ci/alire-crates-ci/test/5f655e40-67d4-410c-84fb-5572da83bba4/phcpack_2.4.88_e448e94a/src/Ada/Deformations/Sweep/quaddobl_parameter_solutions.adb
Source file time stamp: 2026-07-16 01:03:09
Compiled at: 2026-07-16 01:05:19
 84 lines: No errors
   [Ada]          standard_floating_poly_sysfun.ads

GNAT 10.3.0
Copyright 1992-2020, Free Software Foundation, Inc.

Compiling: /home/runner/work/alire-crates-ci/alire-crates-ci/test/5f655e40-67d4-410c-84fb-5572da83bba4/phcpack_2.4.88_e448e94a/src/Ada/Deformations/Sweep/dobldobl_quad_sweepers.adb
Source file time stamp: 2026-07-16 01:03:09
Compiled at: 2026-07-16 01:05:18
 853 lines: No errors
   [Ada]          standard_floating_poly_systems.ads

GNAT 10.3.0
Copyright 1992-2020, Free Software Foundation, Inc.

Compiling: /home/runner/work/alire-crates-ci/alire-crates-ci/test/5f655e40-67d4-410c-84fb-5572da83bba4/phcpack_2.4.88_e448e94a/src/Ada/Math_Lib/Functions/standard_floating_poly_sysfun.ads
Source file time stamp: 2026-07-16 01:03:09
Compiled at: 2026-07-16 01:05:19
 19 lines: No errors
   [Ada]          standard_parameter_solutions.adb

GNAT 10.3.0
Copyright 1992-2020, Free Software Foundation, Inc.

Compiling: /home/runner/work/alire-crates-ci/alire-crates-ci/test/5f655e40-67d4-410c-84fb-5572da83bba4/phcpack_2.4.88_e448e94a/src/Ada/Math_Lib/Polynomials/standard_floating_jaco_matrices.ads
Source file time stamp: 2026-07-16 01:03:09
Compiled at: 2026-07-16 01:05:19
 23 lines: No errors
   [Ada]          standard_quad_sweepers.adb

GNAT 10.3.0
Copyright 1992-2020, Free Software Foundation, Inc.

Compiling: /home/runner/work/alire-crates-ci/alire-crates-ci/test/5f655e40-67d4-410c-84fb-5572da83bba4/phcpack_2.4.88_e448e94a/src/Ada/Deformations/Sweep/standard_parameter_solutions.adb
Source file time stamp: 2026-07-16 01:03:09
Compiled at: 2026-07-16 01:05:19
 84 lines: No errors
   [Ada]          dobldobl_binomial_solvers.adb

GNAT 10.3.0
Copyright 1992-2020, Free Software Foundation, Inc.

Compiling: /home/runner/work/alire-crates-ci/alire-crates-ci/test/5f655e40-67d4-410c-84fb-5572da83bba4/phcpack_2.4.88_e448e94a/src/Ada/Math_Lib/Polynomials/standard_floating_poly_systems.ads
Source file time stamp: 2026-07-16 01:03:09
Compiled at: 2026-07-16 01:05:19
 10 lines: No errors
   [Ada]          dobldobl_binomial_systems.adb

GNAT 10.3.0
Copyright 1992-2020, Free Software Foundation, Inc.

Compiling: /home/runner/work/alire-crates-ci/alire-crates-ci/test/5f655e40-67d4-410c-84fb-5572da83bba4/phcpack_2.4.88_e448e94a/src/Ada/Root_Counts/Binomials/dobldobl_binomial_systems.adb
Source file time stamp: 2026-07-16 01:03:10
Compiled at: 2026-07-16 01:05:20
 300 lines: No errors
   [Ada]          dobldobl_radial_solvers.adb

GNAT 10.3.0
Copyright 1992-2020, Free Software Foundation, Inc.

Compiling: /home/runner/work/alire-crates-ci/alire-crates-ci/test/5f655e40-67d4-410c-84fb-5572da83bba4/phcpack_2.4.88_e448e94a/src/Ada/Deformations/Sweep/quaddobl_quad_sweepers.adb
Source file time stamp: 2026-07-16 01:03:09
Compiled at: 2026-07-16 01:05:19
 853 lines: No errors
   [Ada]          mixed_cells_queue.adb

GNAT 10.3.0
Copyright 1992-2020, Free Software Foundation, Inc.

Compiling: /home/runner/work/alire-crates-ci/alire-crates-ci/test/5f655e40-67d4-410c-84fb-5572da83bba4/phcpack_2.4.88_e448e94a/src/Ada/Tasking/mixed_cells_queue.adb
Source file time stamp: 2026-07-16 01:03:10
Compiled at: 2026-07-16 01:05:20
 44 lines: No errors
   [Ada]          multitasking_volume_computation.adb

GNAT 10.3.0
Copyright 1992-2020, Free Software Foundation, Inc.

Compiling: /home/runner/work/alire-crates-ci/alire-crates-ci/test/5f655e40-67d4-410c-84fb-5572da83bba4/phcpack_2.4.88_e448e94a/src/Ada/Root_Counts/Binomials/dobldobl_radial_solvers.adb
Source file time stamp: 2026-07-16 01:03:10
Compiled at: 2026-07-16 01:05:20
 279 lines: No errors
   [Ada]          quaddobl_binomial_solvers.adb

GNAT 10.3.0
Copyright 1992-2020, Free Software Foundation, Inc.

Compiling: /home/runner/work/alire-crates-ci/alire-crates-ci/test/5f655e40-67d4-410c-84fb-5572da83bba4/phcpack_2.4.88_e448e94a/src/Ada/Deformations/Sweep/standard_quad_sweepers.adb
Source file time stamp: 2026-07-16 01:03:09
Compiled at: 2026-07-16 01:05:20
 834 lines: No errors
   [Ada]          quaddobl_binomial_systems.adb

GNAT 10.3.0
Copyright 1992-2020, Free Software Foundation, Inc.

Compiling: /home/runner/work/alire-crates-ci/alire-crates-ci/test/5f655e40-67d4-410c-84fb-5572da83bba4/phcpack_2.4.88_e448e94a/src/Ada/Tasking/multitasking_volume_computation.adb
Source file time stamp: 2026-07-16 01:03:10
Compiled at: 2026-07-16 01:05:20
 270 lines: No errors
   [Ada]          quaddobl_radial_solvers.adb

GNAT 10.3.0
Copyright 1992-2020, Free Software Foundation, Inc.

Compiling: /home/runner/work/alire-crates-ci/alire-crates-ci/test/5f655e40-67d4-410c-84fb-5572da83bba4/phcpack_2.4.88_e448e94a/src/Ada/Root_Counts/Binomials/quaddobl_radial_solvers.adb
Source file time stamp: 2026-07-16 01:03:10
Compiled at: 2026-07-16 01:05:21
 279 lines: No errors
   [Ada]          single_polyhedral_trackers.adb

GNAT 10.3.0
Copyright 1992-2020, Free Software Foundation, Inc.

Compiling: /home/runner/work/alire-crates-ci/alire-crates-ci/test/5f655e40-67d4-410c-84fb-5572da83bba4/phcpack_2.4.88_e448e94a/src/Ada/Root_Counts/Binomials/quaddobl_binomial_systems.adb
Source file time stamp: 2026-07-16 01:03:10
Compiled at: 2026-07-16 01:05:20
 300 lines: No errors
   [Ada]          standard_binomial_solvers.adb

GNAT 10.3.0
Copyright 1992-2020, Free Software Foundation, Inc.

Compiling: /home/runner/work/alire-crates-ci/alire-crates-ci/test/5f655e40-67d4-410c-84fb-5572da83bba4/phcpack_2.4.88_e448e94a/src/Ada/Root_Counts/Binomials/dobldobl_binomial_solvers.adb
Source file time stamp: 2026-07-16 01:03:10
Compiled at: 2026-07-16 01:05:20
 722 lines: No errors
   [Ada]          standard_binomial_systems.adb

GNAT 10.3.0
Copyright 1992-2020, Free Software Foundation, Inc.

Compiling: /home/runner/work/alire-crates-ci/alire-crates-ci/test/5f655e40-67d4-410c-84fb-5572da83bba4/phcpack_2.4.88_e448e94a/src/Ada/Root_Counts/Binomials/standard_binomial_systems.adb
Source file time stamp: 2026-07-16 01:03:10
Compiled at: 2026-07-16 01:05:21
 299 lines: No errors
   [Ada]          standard_radial_solvers.adb

GNAT 10.3.0
Copyright 1992-2020, Free Software Foundation, Inc.

Compiling: /home/runner/work/alire-crates-ci/alire-crates-ci/test/5f655e40-67d4-410c-84fb-5572da83bba4/phcpack_2.4.88_e448e94a/src/Ada/Root_Counts/Binomials/quaddobl_binomial_solvers.adb
Source file time stamp: 2026-07-16 01:03:10
Compiled at: 2026-07-16 01:05:20
 705 lines: No errors
   [Ada]          duration_io.ads

GNAT 10.3.0
Copyright 1992-2020, Free Software Foundation, Inc.

Compiling: /home/runner/work/alire-crates-ci/alire-crates-ci/test/5f655e40-67d4-410c-84fb-5572da83bba4/phcpack_2.4.88_e448e94a/src/Ada/Root_Counts/Binomials/standard_radial_solvers.adb
Source file time stamp: 2026-07-16 01:03:10
Compiled at: 2026-07-16 01:05:21
 290 lines: No errors
   [Ada]          integer_support_functions.adb

GNAT 10.3.0
Copyright 1992-2020, Free Software Foundation, Inc.

Compiling: /home/runner/work/alire-crates-ci/alire-crates-ci/test/5f655e40-67d4-410c-84fb-5572da83bba4/phcpack_2.4.88_e448e94a/src/Ada/Math_Lib/Supports/integer_support_functions.adb
Source file time stamp: 2026-07-16 01:03:10
Compiled at: 2026-07-16 01:05:22
 117 lines: No errors
   [Ada]          standard_integer_norms.adb

GNAT 10.3.0
Copyright 1992-2020, Free Software Foundation, Inc.

Compiling: /home/runner/work/alire-crates-ci/alire-crates-ci/test/5f655e40-67d4-410c-84fb-5572da83bba4/phcpack_2.4.88_e448e94a/src/Ada/Math_Lib/Divisors/standard_integer_norms.adb
Source file time stamp: 2026-07-16 01:03:09
Compiled at: 2026-07-16 01:05:22
 70 lines: No errors
   [Ada]          degrees_in_sets_of_unknowns.adb

GNAT 10.3.0
Copyright 1992-2020, Free Software Foundation, Inc.

Compiling: /home/runner/work/alire-crates-ci/alire-crates-ci/test/5f655e40-67d4-410c-84fb-5572da83bba4/phcpack_2.4.88_e448e94a/src/Ada/System/duration_io.ads
Source file time stamp: 2026-07-16 01:03:10
Compiled at: 2026-07-16 01:05:22
 3 lines: No errors
   [Ada]          m_homogeneous_permanent_factors.adb

GNAT 10.3.0
Copyright 1992-2020, Free Software Foundation, Inc.

Compiling: /home/runner/work/alire-crates-ci/alire-crates-ci/test/5f655e40-67d4-410c-84fb-5572da83bba4/phcpack_2.4.88_e448e94a/src/Ada/Root_Counts/Product/degrees_in_sets_of_unknowns.adb
Source file time stamp: 2026-07-16 01:03:10
Compiled at: 2026-07-16 01:05:22
 355 lines: No errors
   [Ada]          sets_of_unknowns.adb

GNAT 10.3.0
Copyright 1992-2020, Free Software Foundation, Inc.

Compiling: /home/runner/work/alire-crates-ci/alire-crates-ci/test/5f655e40-67d4-410c-84fb-5572da83bba4/phcpack_2.4.88_e448e94a/src/Ada/Root_Counts/Product/m_homogeneous_permanent_factors.adb
Source file time stamp: 2026-07-16 01:03:10
Compiled at: 2026-07-16 01:05:22
 159 lines: No errors
   [Ada]          double_double_polynomials.ads

GNAT 10.3.0
Copyright 1992-2020, Free Software Foundation, Inc.

Compiling: /home/runner/work/alire-crates-ci/alire-crates-ci/test/5f655e40-67d4-410c-84fb-5572da83bba4/phcpack_2.4.88_e448e94a/src/Ada/Root_Counts/Product/sets_of_unknowns.adb
Source file time stamp: 2026-07-16 01:03:10
Compiled at: 2026-07-16 01:05:22
 215 lines: No errors
   [Ada]          mixed_labels_queue.adb

GNAT 10.3.0
Copyright 1992-2020, Free Software Foundation, Inc.

Compiling: /home/runner/work/alire-crates-ci/alire-crates-ci/test/5f655e40-67d4-410c-84fb-5572da83bba4/phcpack_2.4.88_e448e94a/src/Ada/Tasking/mixed_labels_queue.adb
Source file time stamp: 2026-07-16 01:03:10
Compiled at: 2026-07-16 01:05:22
 99 lines: No errors
   [Ada]          mixed_volume.adb

GNAT 10.3.0
Copyright 1992-2020, Free Software Foundation, Inc.

Compiling: /home/runner/work/alire-crates-ci/alire-crates-ci/test/5f655e40-67d4-410c-84fb-5572da83bba4/phcpack_2.4.88_e448e94a/src/Ada/Root_Counts/Binomials/standard_binomial_solvers.adb
Source file time stamp: 2026-07-16 01:03:10
Compiled at: 2026-07-16 01:05:21
 853 lines: No errors
   [Ada]          quad_double_polynomials.ads

GNAT 10.3.0
Copyright 1992-2020, Free Software Foundation, Inc.

Compiling: /home/runner/work/alire-crates-ci/alire-crates-ci/test/5f655e40-67d4-410c-84fb-5572da83bba4/phcpack_2.4.88_e448e94a/src/Ada/Math_Lib/Polynomials/double_double_polynomials.ads
Source file time stamp: 2026-07-16 01:03:09
Compiled at: 2026-07-16 01:05:22
 8 lines: No errors
   [Ada]          pipelined_polyhedral_trackers.adb

GNAT 10.3.0
Copyright 1992-2020, Free Software Foundation, Inc.

Compiling: /home/runner/work/alire-crates-ci/alire-crates-ci/test/5f655e40-67d4-410c-84fb-5572da83bba4/phcpack_2.4.88_e448e94a/src/Ada/Math_Lib/Polynomials/quad_double_polynomials.ads
Source file time stamp: 2026-07-16 01:03:09
Compiled at: 2026-07-16 01:05:22
 8 lines: No errors
   [Ada]          standard_complex_poly_lists.adb

GNAT 10.3.0
Copyright 1992-2020, Free Software Foundation, Inc.

Compiling: /home/runner/work/alire-crates-ci/alire-crates-ci/test/5f655e40-67d4-410c-84fb-5572da83bba4/phcpack_2.4.88_e448e94a/src/Ada/Root_Counts/Product/standard_complex_poly_lists.adb
Source file time stamp: 2026-07-16 01:03:10
Compiled at: 2026-07-16 01:05:23
 72 lines: No errors
   [Ada]          standard_complex_poly_lists_io.adb

GNAT 10.3.0
Copyright 1992-2020, Free Software Foundation, Inc.

Compiling: /home/runner/work/alire-crates-ci/alire-crates-ci/test/5f655e40-67d4-410c-84fb-5572da83bba4/phcpack_2.4.88_e448e94a/src/Ada/Root_Counts/MixedVol/mixed_volume.adb
Source file time stamp: 2026-07-16 01:03:10
Compiled at: 2026-07-16 01:05:22
 782 lines: No errors
   [Ada]          generate_unions.adb

GNAT 10.3.0
Copyright 1992-2020, Free Software Foundation, Inc.

Compiling: /home/runner/work/alire-crates-ci/alire-crates-ci/test/5f655e40-67d4-410c-84fb-5572da83bba4/phcpack_2.4.88_e448e94a/src/Ada/Root_Counts/Product/generate_unions.adb
Source file time stamp: 2026-07-16 01:03:10
Compiled at: 2026-07-16 01:05:23
 25 lines: No errors
   [Ada]          dobldobl_complex_numbers_polar.adb

GNAT 10.3.0
Copyright 1992-2020, Free Software Foundation, Inc.

Compiling: /home/runner/work/alire-crates-ci/alire-crates-ci/test/5f655e40-67d4-410c-84fb-5572da83bba4/phcpack_2.4.88_e448e94a/src/Ada/Root_Counts/Product/standard_complex_poly_lists_io.adb
Source file time stamp: 2026-07-16 01:03:10
Compiled at: 2026-07-16 01:05:23
 423 lines: No errors
   [Ada]          quaddobl_complex_numbers_polar.adb

GNAT 10.3.0
Copyright 1992-2020, Free Software Foundation, Inc.

Compiling: /home/runner/work/alire-crates-ci/alire-crates-ci/test/5f655e40-67d4-410c-84fb-5572da83bba4/phcpack_2.4.88_e448e94a/src/Ada/Math_Lib/QD/dobldobl_complex_numbers_polar.adb
Source file time stamp: 2026-07-16 01:03:09
Compiled at: 2026-07-16 01:05:23
 68 lines: No errors
   [Ada]          black_box_factorization.adb

GNAT 10.3.0
Copyright 1992-2020, Free Software Foundation, Inc.

Compiling: /home/runner/work/alire-crates-ci/alire-crates-ci/test/5f655e40-67d4-410c-84fb-5572da83bba4/phcpack_2.4.88_e448e94a/src/Ada/Math_Lib/QD/quaddobl_complex_numbers_polar.adb
Source file time stamp: 2026-07-16 01:03:09
Compiled at: 2026-07-16 01:05:23
 67 lines: No errors
   [Ada]          dobldobl_linear_poly_solvers.adb

GNAT 10.3.0
Copyright 1992-2020, Free Software Foundation, Inc.

Compiling: /home/runner/work/alire-crates-ci/alire-crates-ci/test/5f655e40-67d4-410c-84fb-5572da83bba4/phcpack_2.4.88_e448e94a/src/Ada/Components/Factorization/black_box_factorization.adb
Source file time stamp: 2026-07-16 01:03:09
Compiled at: 2026-07-16 01:05:23
 85 lines: No errors
   [Ada]          quaddobl_linear_poly_solvers.adb

GNAT 10.3.0
Copyright 1992-2020, Free Software Foundation, Inc.

Compiling: /home/runner/work/alire-crates-ci/alire-crates-ci/test/5f655e40-67d4-410c-84fb-5572da83bba4/phcpack_2.4.88_e448e94a/src/Ada/Deformations/Homotopy/dobldobl_linear_poly_solvers.adb
Source file time stamp: 2026-07-16 01:03:09
Compiled at: 2026-07-16 01:05:23
 113 lines: No errors
   [Ada]          standard_linear_poly_solvers.adb

GNAT 10.3.0
Copyright 1992-2020, Free Software Foundation, Inc.

Compiling: /home/runner/work/alire-crates-ci/alire-crates-ci/test/5f655e40-67d4-410c-84fb-5572da83bba4/phcpack_2.4.88_e448e94a/src/Ada/Deformations/Homotopy/quaddobl_linear_poly_solvers.adb
Source file time stamp: 2026-07-16 01:03:09
Compiled at: 2026-07-16 01:05:23
 113 lines: No errors
   [Ada]          standard_complex_row_reduction.adb

GNAT 10.3.0
Copyright 1992-2020, Free Software Foundation, Inc.

Compiling: /home/runner/work/alire-crates-ci/alire-crates-ci/test/5f655e40-67d4-410c-84fb-5572da83bba4/phcpack_2.4.88_e448e94a/src/Ada/Tasking/single_polyhedral_trackers.adb
Source file time stamp: 2026-07-16 01:03:10
Compiled at: 2026-07-16 01:05:21
 338 lines: No errors
   [Ada]          dobldobl_monomial_maps.adb

GNAT 10.3.0
Copyright 1992-2020, Free Software Foundation, Inc.

Compiling: /home/runner/work/alire-crates-ci/alire-crates-ci/test/5f655e40-67d4-410c-84fb-5572da83bba4/phcpack_2.4.88_e448e94a/src/Ada/Math_Lib/Reduction/standard_complex_row_reduction.adb
Source file time stamp: 2026-07-16 01:03:09
Compiled at: 2026-07-16 01:05:24
 141 lines: No errors
   [Ada]          quaddobl_monomial_maps.adb

GNAT 10.3.0
Copyright 1992-2020, Free Software Foundation, Inc.

Compiling: /home/runner/work/alire-crates-ci/alire-crates-ci/test/5f655e40-67d4-410c-84fb-5572da83bba4/phcpack_2.4.88_e448e94a/src/Ada/Deformations/Homotopy/standard_linear_poly_solvers.adb
Source file time stamp: 2026-07-16 01:03:09
Compiled at: 2026-07-16 01:05:24
 109 lines: No errors
   [Ada]          dobldobl_solution_manipulators.adb

GNAT 10.3.0
Copyright 1992-2020, Free Software Foundation, Inc.

Compiling: /home/runner/work/alire-crates-ci/alire-crates-ci/test/5f655e40-67d4-410c-84fb-5572da83bba4/phcpack_2.4.88_e448e94a/src/Ada/Deformations/Solutions/dobldobl_solution_manipulators.adb
Source file time stamp: 2026-07-16 01:03:09
Compiled at: 2026-07-16 01:05:24
 34 lines: No errors
   [Ada]          quaddobl_solution_manipulators.adb

GNAT 10.3.0
Copyright 1992-2020, Free Software Foundation, Inc.

Compiling: /home/runner/work/alire-crates-ci/alire-crates-ci/test/5f655e40-67d4-410c-84fb-5572da83bba4/phcpack_2.4.88_e448e94a/src/Ada/Deformations/Solutions/quaddobl_solution_manipulators.adb
Source file time stamp: 2026-07-16 01:03:09
Compiled at: 2026-07-16 01:05:24
 34 lines: No errors
   [Ada]          running_cascades.adb

GNAT 10.3.0
Copyright 1992-2020, Free Software Foundation, Inc.

Compiling: /home/runner/work/alire-crates-ci/alire-crates-ci/test/5f655e40-67d4-410c-84fb-5572da83bba4/phcpack_2.4.88_e448e94a/src/Ada/Root_Counts/Binomials/dobldobl_monomial_maps.adb
Source file time stamp: 2026-07-16 01:03:10
Compiled at: 2026-07-16 01:05:24
 376 lines: No errors
   [Ada]          standard_solution_manipulators.adb

GNAT 10.3.0
Copyright 1992-2020, Free Software Foundation, Inc.

Compiling: /home/runner/work/alire-crates-ci/alire-crates-ci/test/5f655e40-67d4-410c-84fb-5572da83bba4/phcpack_2.4.88_e448e94a/src/Ada/Deformations/Solutions/standard_solution_manipulators.adb
Source file time stamp: 2026-07-16 01:03:09
Compiled at: 2026-07-16 01:05:24
 30 lines: No errors
   [Ada]          lists_of_symbols.adb

GNAT 10.3.0
Copyright 1992-2020, Free Software Foundation, Inc.

Compiling: /home/runner/work/alire-crates-ci/alire-crates-ci/test/5f655e40-67d4-410c-84fb-5572da83bba4/phcpack_2.4.88_e448e94a/src/Ada/Root_Counts/Binomials/quaddobl_monomial_maps.adb
Source file time stamp: 2026-07-16 01:03:10
Compiled at: 2026-07-16 01:05:24
 376 lines: No errors
   [Ada]          standard_permanent_factors.adb

GNAT 10.3.0
Copyright 1992-2020, Free Software Foundation, Inc.

Compiling: /home/runner/work/alire-crates-ci/alire-crates-ci/test/5f655e40-67d4-410c-84fb-5572da83bba4/phcpack_2.4.88_e448e94a/src/Ada/Tasking/pipelined_polyhedral_trackers.adb
Source file time stamp: 2026-07-16 01:03:10
Compiled at: 2026-07-16 01:05:23
 1015 lines: No errors
   [Ada]          span_of_supports.adb

GNAT 10.3.0
Copyright 1992-2020, Free Software Foundation, Inc.

Compiling: /home/runner/work/alire-crates-ci/alire-crates-ci/test/5f655e40-67d4-410c-84fb-5572da83bba4/phcpack_2.4.88_e448e94a/src/Ada/Deformations/Solutions/lists_of_symbols.adb
Source file time stamp: 2026-07-16 01:03:09
Compiled at: 2026-07-16 01:05:24
 75 lines: No errors
   [Ada]          standard_exponent_transformations.adb

GNAT 10.3.0
Copyright 1992-2020, Free Software Foundation, Inc.

Compiling: /home/runner/work/alire-crates-ci/alire-crates-ci/test/5f655e40-67d4-410c-84fb-5572da83bba4/phcpack_2.4.88_e448e94a/src/Ada/Root_Counts/Binomials/standard_permanent_factors.adb
Source file time stamp: 2026-07-16 01:03:10
Compiled at: 2026-07-16 01:05:24
 466 lines: No errors
   [Ada]          standard_integer_matrices_io.ads

GNAT 10.3.0
Copyright 1992-2020, Free Software Foundation, Inc.

Compiling: /home/runner/work/alire-crates-ci/alire-crates-ci/test/5f655e40-67d4-410c-84fb-5572da83bba4/phcpack_2.4.88_e448e94a/src/Ada/Math_Lib/Matrices/standard_integer_matrices_io.ads
Source file time stamp: 2026-07-16 01:03:09
Compiled at: 2026-07-16 01:05:24
 12 lines: No errors
   [Ada]          transformation_of_supports.adb

GNAT 10.3.0
Copyright 1992-2020, Free Software Foundation, Inc.

Compiling: /home/runner/work/alire-crates-ci/alire-crates-ci/test/5f655e40-67d4-410c-84fb-5572da83bba4/phcpack_2.4.88_e448e94a/src/Ada/Root_Counts/Binomials/standard_exponent_transformations.adb
Source file time stamp: 2026-07-16 01:03:10
Compiled at: 2026-07-16 01:05:24
 492 lines: No errors
   [Ada]          cascade_homotopies.adb

GNAT 10.3.0
Copyright 1992-2020, Free Software Foundation, Inc.

Compiling: /home/runner/work/alire-crates-ci/alire-crates-ci/test/5f655e40-67d4-410c-84fb-5572da83bba4/phcpack_2.4.88_e448e94a/src/Ada/Root_Counts/Implift/transformation_of_supports.adb
Source file time stamp: 2026-07-16 01:03:10
Compiled at: 2026-07-16 01:05:25
 65 lines: No errors
   [Ada]          drivers_to_breakup_components.adb

GNAT 10.3.0
Copyright 1992-2020, Free Software Foundation, Inc.

Compiling: /home/runner/work/alire-crates-ci/alire-crates-ci/test/5f655e40-67d4-410c-84fb-5572da83bba4/phcpack_2.4.88_e448e94a/src/Ada/Root_Counts/Implift/span_of_supports.adb
Source file time stamp: 2026-07-16 01:03:10
Compiled at: 2026-07-16 01:05:24
 642 lines: No errors
   [Ada]          homotopy_cascade_filter.adb

GNAT 10.3.0
Copyright 1992-2020, Free Software Foundation, Inc.

Compiling: /home/runner/work/alire-crates-ci/alire-crates-ci/test/5f655e40-67d4-410c-84fb-5572da83bba4/phcpack_2.4.88_e448e94a/src/Ada/Components/Decomposition/homotopy_cascade_filter.adb
Source file time stamp: 2026-07-16 01:03:09
Compiled at: 2026-07-16 01:05:25
 381 lines: No errors
   [Ada]          multprec_irreducible_decomp.adb

GNAT 10.3.0
Copyright 1992-2020, Free Software Foundation, Inc.

Compiling: /home/runner/work/alire-crates-ci/alire-crates-ci/test/5f655e40-67d4-410c-84fb-5572da83bba4/phcpack_2.4.88_e448e94a/src/Ada/Components/Decomposition/drivers_to_breakup_components.adb
Source file time stamp: 2026-07-16 01:03:09
Compiled at: 2026-07-16 01:05:25
 512 lines: No errors
   [Ada]          multprec_irreducible_decomp_io.adb

GNAT 10.3.0
Copyright 1992-2020, Free Software Foundation, Inc.

Compiling: /home/runner/work/alire-crates-ci/alire-crates-ci/test/5f655e40-67d4-410c-84fb-5572da83bba4/phcpack_2.4.88_e448e94a/src/Ada/Components/Decomposition/multprec_irreducible_decomp_io.adb
Source file time stamp: 2026-07-16 01:03:09
Compiled at: 2026-07-16 01:05:25
 93 lines: No errors
   [Ada]          standard_irreducible_decomp.adb

GNAT 10.3.0
Copyright 1992-2020, Free Software Foundation, Inc.

Compiling: /home/runner/work/alire-crates-ci/alire-crates-ci/test/5f655e40-67d4-410c-84fb-5572da83bba4/phcpack_2.4.88_e448e94a/src/Ada/Components/Decomposition/running_cascades.adb
Source file time stamp: 2026-07-16 01:03:09
Compiled at: 2026-07-16 01:05:24
 1250 lines: No errors
   [Ada]          standard_irreducible_decomp_io.adb

GNAT 10.3.0
Copyright 1992-2020, Free Software Foundation, Inc.

Compiling: /home/runner/work/alire-crates-ci/alire-crates-ci/test/5f655e40-67d4-410c-84fb-5572da83bba4/phcpack_2.4.88_e448e94a/src/Ada/Components/Decomposition/multprec_irreducible_decomp.adb
Source file time stamp: 2026-07-16 01:03:09
Compiled at: 2026-07-16 01:05:25
 262 lines: No errors
   [Ada]          standard_solution_splitters.adb

GNAT 10.3.0
Copyright 1992-2020, Free Software Foundation, Inc.

Compiling: /home/runner/work/alire-crates-ci/alire-crates-ci/test/5f655e40-67d4-410c-84fb-5572da83bba4/phcpack_2.4.88_e448e94a/src/Ada/Components/Decomposition/standard_irreducible_decomp_io.adb
Source file time stamp: 2026-07-16 01:03:09
Compiled at: 2026-07-16 01:05:25
 93 lines: No errors
   [Ada]          dobldobl_diagonal_polynomials.adb

GNAT 10.3.0
Copyright 1992-2020, Free Software Foundation, Inc.

Compiling: /home/runner/work/alire-crates-ci/alire-crates-ci/test/5f655e40-67d4-410c-84fb-5572da83bba4/phcpack_2.4.88_e448e94a/src/Ada/Deformations/Solutions/standard_solution_splitters.adb
Source file time stamp: 2026-07-16 01:03:09
Compiled at: 2026-07-16 01:05:25
 217 lines: No errors
   [Ada]          quaddobl_diagonal_polynomials.adb

GNAT 10.3.0
Copyright 1992-2020, Free Software Foundation, Inc.

Compiling: /home/runner/work/alire-crates-ci/alire-crates-ci/test/5f655e40-67d4-410c-84fb-5572da83bba4/phcpack_2.4.88_e448e94a/src/Ada/Components/Decomposition/standard_irreducible_decomp.adb
Source file time stamp: 2026-07-16 01:03:09
Compiled at: 2026-07-16 01:05:25
 231 lines: No errors
   [Ada]          standard_diagonal_polynomials.adb

GNAT 10.3.0
Copyright 1992-2020, Free Software Foundation, Inc.

Compiling: /home/runner/work/alire-crates-ci/alire-crates-ci/test/5f655e40-67d4-410c-84fb-5572da83bba4/phcpack_2.4.88_e448e94a/src/Ada/Components/Decomposition/dobldobl_diagonal_polynomials.adb
Source file time stamp: 2026-07-16 01:03:09
Compiled at: 2026-07-16 01:05:26
 760 lines: No errors
   [Ada]          dobldobl_intrinsic_solutions.adb

GNAT 10.3.0
Copyright 1992-2020, Free Software Foundation, Inc.

Compiling: /home/runner/work/alire-crates-ci/alire-crates-ci/test/5f655e40-67d4-410c-84fb-5572da83bba4/phcpack_2.4.88_e448e94a/src/Ada/Components/Decomposition/quaddobl_diagonal_polynomials.adb
Source file time stamp: 2026-07-16 01:03:09
Compiled at: 2026-07-16 01:05:26
 760 lines: No errors
   [Ada]          quaddobl_intrinsic_solutions.adb

GNAT 10.3.0
Copyright 1992-2020, Free Software Foundation, Inc.

Compiling: /home/runner/work/alire-crates-ci/alire-crates-ci/test/5f655e40-67d4-410c-84fb-5572da83bba4/phcpack_2.4.88_e448e94a/src/Ada/Components/Decomposition/standard_diagonal_polynomials.adb
Source file time stamp: 2026-07-16 01:03:09
Compiled at: 2026-07-16 01:05:26
 760 lines: No errors
   [Ada]          standard_intrinsic_solutions.adb

GNAT 10.3.0
Copyright 1992-2020, Free Software Foundation, Inc.

Compiling: /home/runner/work/alire-crates-ci/alire-crates-ci/test/5f655e40-67d4-410c-84fb-5572da83bba4/phcpack_2.4.88_e448e94a/src/Ada/Components/Samplers/quaddobl_intrinsic_solutions.adb
Source file time stamp: 2026-07-16 01:03:09
Compiled at: 2026-07-16 01:05:26
 155 lines: No errors
   [Ada]          standard_write_numbers.adb

GNAT 10.3.0
Copyright 1992-2020, Free Software Foundation, Inc.

Compiling: /home/runner/work/alire-crates-ci/alire-crates-ci/test/5f655e40-67d4-410c-84fb-5572da83bba4/phcpack_2.4.88_e448e94a/src/Ada/Components/Samplers/standard_intrinsic_solutions.adb
Source file time stamp: 2026-07-16 01:03:09
Compiled at: 2026-07-16 01:05:26
 155 lines: No errors
   [Ada]          standard_binomial_factors.adb

GNAT 10.3.0
Copyright 1992-2020, Free Software Foundation, Inc.

Compiling: /home/runner/work/alire-crates-ci/alire-crates-ci/test/5f655e40-67d4-410c-84fb-5572da83bba4/phcpack_2.4.88_e448e94a/src/Ada/Components/Samplers/dobldobl_intrinsic_solutions.adb
Source file time stamp: 2026-07-16 01:03:09
Compiled at: 2026-07-16 01:05:26
 155 lines: No errors
   [Ada]          standard_binomial_factors_io.adb

GNAT 10.3.0
Copyright 1992-2020, Free Software Foundation, Inc.

Compiling: /home/runner/work/alire-crates-ci/alire-crates-ci/test/5f655e40-67d4-410c-84fb-5572da83bba4/phcpack_2.4.88_e448e94a/src/Ada/Components/Tropical/standard_binomial_factors_io.adb
Source file time stamp: 2026-07-16 01:03:09
Compiled at: 2026-07-16 01:05:26
 88 lines: No errors
   [Ada]          standard_lattice_polygons.adb

GNAT 10.3.0
Copyright 1992-2020, Free Software Foundation, Inc.

Compiling: /home/runner/work/alire-crates-ci/alire-crates-ci/test/5f655e40-67d4-410c-84fb-5572da83bba4/phcpack_2.4.88_e448e94a/src/Ada/Math_Lib/Numbers/standard_write_numbers.adb
Source file time stamp: 2026-07-16 01:03:09
Compiled at: 2026-07-16 01:05:26
 137 lines: No errors
   [Ada]          standard_puiseux_certificates.adb

GNAT 10.3.0
Copyright 1992-2020, Free Software Foundation, Inc.

Compiling: /home/runner/work/alire-crates-ci/alire-crates-ci/test/5f655e40-67d4-410c-84fb-5572da83bba4/phcpack_2.4.88_e448e94a/src/Ada/Components/Decomposition/cascade_homotopies.adb
Source file time stamp: 2026-07-16 01:03:09
Compiled at: 2026-07-16 01:05:25
 2476 lines: No errors
   [Ada]          standard_puiseux_certificates_io.adb

GNAT 10.3.0
Copyright 1992-2020, Free Software Foundation, Inc.

Compiling: /home/runner/work/alire-crates-ci/alire-crates-ci/test/5f655e40-67d4-410c-84fb-5572da83bba4/phcpack_2.4.88_e448e94a/src/Ada/Components/Tropical/standard_puiseux_certificates_io.adb
Source file time stamp: 2026-07-16 01:03:09
Compiled at: 2026-07-16 01:05:27
 66 lines: No errors
   [Ada]          standard_cascading_planes.adb

GNAT 10.3.0
Copyright 1992-2020, Free Software Foundation, Inc.

Compiling: /home/runner/work/alire-crates-ci/alire-crates-ci/test/5f655e40-67d4-410c-84fb-5572da83bba4/phcpack_2.4.88_e448e94a/src/Ada/Components/Tropical/standard_binomial_factors.adb
Source file time stamp: 2026-07-16 01:03:09
Compiled at: 2026-07-16 01:05:26
 471 lines: No errors
   [Ada]          standard_plane_operations.adb

GNAT 10.3.0
Copyright 1992-2020, Free Software Foundation, Inc.

Compiling: /home/runner/work/alire-crates-ci/alire-crates-ci/test/5f655e40-67d4-410c-84fb-5572da83bba4/phcpack_2.4.88_e448e94a/src/Ada/Components/Tropical/standard_lattice_polygons.adb
Source file time stamp: 2026-07-16 01:03:09
Compiled at: 2026-07-16 01:05:26
 550 lines: No errors
   [Ada]          standard_point_coordinates.adb

GNAT 10.3.0
Copyright 1992-2020, Free Software Foundation, Inc.

Compiling: /home/runner/work/alire-crates-ci/alire-crates-ci/test/5f655e40-67d4-410c-84fb-5572da83bba4/phcpack_2.4.88_e448e94a/src/Ada/Components/Tropical/standard_puiseux_certificates.adb
Source file time stamp: 2026-07-16 01:03:09
Compiled at: 2026-07-16 01:05:26
 375 lines: No errors
   [Ada]          combinatorial_factorization.adb

GNAT 10.3.0
Copyright 1992-2020, Free Software Foundation, Inc.

Compiling: /home/runner/work/alire-crates-ci/alire-crates-ci/test/5f655e40-67d4-410c-84fb-5572da83bba4/phcpack_2.4.88_e448e94a/src/Ada/Components/Samplers/standard_point_coordinates.adb
Source file time stamp: 2026-07-16 01:03:09
Compiled at: 2026-07-16 01:05:27
 140 lines: No errors
   [Ada]          dobldobl_rectangular_sample_grids.adb

GNAT 10.3.0
Copyright 1992-2020, Free Software Foundation, Inc.

Compiling: /home/runner/work/alire-crates-ci/alire-crates-ci/test/5f655e40-67d4-410c-84fb-5572da83bba4/phcpack_2.4.88_e448e94a/src/Ada/Components/Decomposition/standard_cascading_planes.adb
Source file time stamp: 2026-07-16 01:03:09
Compiled at: 2026-07-16 01:05:27
 133 lines: No errors
   [Ada]          quaddobl_rectangular_sample_grids.adb

GNAT 10.3.0
Copyright 1992-2020, Free Software Foundation, Inc.

Compiling: /home/runner/work/alire-crates-ci/alire-crates-ci/test/5f655e40-67d4-410c-84fb-5572da83bba4/phcpack_2.4.88_e448e94a/src/Ada/Components/Samplers/standard_plane_operations.adb
Source file time stamp: 2026-07-16 01:03:09
Compiled at: 2026-07-16 01:05:27
 301 lines: No errors
   [Ada]          rectangular_sample_grids.adb

GNAT 10.3.0
Copyright 1992-2020, Free Software Foundation, Inc.

Compiling: /home/runner/work/alire-crates-ci/alire-crates-ci/test/5f655e40-67d4-410c-84fb-5572da83bba4/phcpack_2.4.88_e448e94a/src/Ada/Components/Samplers/dobldobl_rectangular_sample_grids.adb
Source file time stamp: 2026-07-16 01:03:09
Compiled at: 2026-07-16 01:05:27
 342 lines: No errors
   [Ada]          dobldobl_sample_lists.adb

GNAT 10.3.0
Copyright 1992-2020, Free Software Foundation, Inc.

Compiling: /home/runner/work/alire-crates-ci/alire-crates-ci/test/5f655e40-67d4-410c-84fb-5572da83bba4/phcpack_2.4.88_e448e94a/src/Ada/Components/Samplers/quaddobl_rectangular_sample_grids.adb
Source file time stamp: 2026-07-16 01:03:09
Compiled at: 2026-07-16 01:05:27
 342 lines: No errors
   [Ada]          quaddobl_sample_lists.adb

GNAT 10.3.0
Copyright 1992-2020, Free Software Foundation, Inc.

Compiling: /home/runner/work/alire-crates-ci/alire-crates-ci/test/5f655e40-67d4-410c-84fb-5572da83bba4/phcpack_2.4.88_e448e94a/src/Ada/Components/Factorization/combinatorial_factorization.adb
Source file time stamp: 2026-07-16 01:03:09
Compiled at: 2026-07-16 01:05:27
 691 lines: No errors
   [Ada]          intrinsic_diagonal_continuation.adb

GNAT 10.3.0
Copyright 1992-2020, Free Software Foundation, Inc.

Compiling: /home/runner/work/alire-crates-ci/alire-crates-ci/test/5f655e40-67d4-410c-84fb-5572da83bba4/phcpack_2.4.88_e448e94a/src/Ada/Components/Samplers/quaddobl_sample_lists.adb
Source file time stamp: 2026-07-16 01:03:09
Compiled at: 2026-07-16 01:05:27
 356 lines: No errors
   [Ada]          drivers_to_component_creators.adb

GNAT 10.3.0
Copyright 1992-2020, Free Software Foundation, Inc.

Compiling: /home/runner/work/alire-crates-ci/alire-crates-ci/test/5f655e40-67d4-410c-84fb-5572da83bba4/phcpack_2.4.88_e448e94a/src/Ada/Components/Samplers/dobldobl_sample_lists.adb
Source file time stamp: 2026-07-16 01:03:09
Compiled at: 2026-07-16 01:05:27
 356 lines: No errors
   [Ada]          irreducible_component_lists.adb

GNAT 10.3.0
Copyright 1992-2020, Free Software Foundation, Inc.

Compiling: /home/runner/work/alire-crates-ci/alire-crates-ci/test/5f655e40-67d4-410c-84fb-5572da83bba4/phcpack_2.4.88_e448e94a/src/Ada/Components/Factorization/drivers_to_component_creators.adb
Source file time stamp: 2026-07-16 01:03:09
Compiled at: 2026-07-16 01:05:28
 234 lines: No errors
   [Ada]          irreducible_component_lists_io.adb

GNAT 10.3.0
Copyright 1992-2020, Free Software Foundation, Inc.

Compiling: /home/runner/work/alire-crates-ci/alire-crates-ci/test/5f655e40-67d4-410c-84fb-5572da83bba4/phcpack_2.4.88_e448e94a/src/Ada/Components/Factorization/irreducible_component_lists_io.adb
Source file time stamp: 2026-07-16 01:03:09
Compiled at: 2026-07-16 01:05:28
 159 lines: No errors
   [Ada]          irreducible_components.adb

GNAT 10.3.0
Copyright 1992-2020, Free Software Foundation, Inc.

Compiling: /home/runner/work/alire-crates-ci/alire-crates-ci/test/5f655e40-67d4-410c-84fb-5572da83bba4/phcpack_2.4.88_e448e94a/src/Ada/Components/Samplers/rectangular_sample_grids.adb
Source file time stamp: 2026-07-16 01:03:09
Compiled at: 2026-07-16 01:05:27
 794 lines: No errors
   [Ada]          monodromy_component_breakup.adb

GNAT 10.3.0
Copyright 1992-2020, Free Software Foundation, Inc.

Compiling: /home/runner/work/alire-crates-ci/alire-crates-ci/test/5f655e40-67d4-410c-84fb-5572da83bba4/phcpack_2.4.88_e448e94a/src/Ada/Components/Factorization/irreducible_components.adb
Source file time stamp: 2026-07-16 01:03:09
Compiled at: 2026-07-16 01:05:28
 415 lines: No errors
   [Ada]          dobldobl_solution_filters.adb

GNAT 10.3.0
Copyright 1992-2020, Free Software Foundation, Inc.

Compiling: /home/runner/work/alire-crates-ci/alire-crates-ci/test/5f655e40-67d4-410c-84fb-5572da83bba4/phcpack_2.4.88_e448e94a/src/Ada/Components/Decomposition/intrinsic_diagonal_continuation.adb
Source file time stamp: 2026-07-16 01:03:09
Compiled at: 2026-07-16 01:05:28
 867 lines: No errors
   [Ada]          quaddobl_solution_filters.adb

GNAT 10.3.0
Copyright 1992-2020, Free Software Foundation, Inc.

Compiling: /home/runner/work/alire-crates-ci/alire-crates-ci/test/5f655e40-67d4-410c-84fb-5572da83bba4/phcpack_2.4.88_e448e94a/src/Ada/Components/Factorization/irreducible_component_lists.adb
Source file time stamp: 2026-07-16 01:03:09
Compiled at: 2026-07-16 01:05:28
 975 lines: No errors
   [Ada]          standard_select_solutions.adb

GNAT 10.3.0
Copyright 1992-2020, Free Software Foundation, Inc.

Compiling: /home/runner/work/alire-crates-ci/alire-crates-ci/test/5f655e40-67d4-410c-84fb-5572da83bba4/phcpack_2.4.88_e448e94a/src/Ada/Deformations/Solutions/dobldobl_solution_filters.adb
Source file time stamp: 2026-07-16 01:03:09
Compiled at: 2026-07-16 01:05:28
 466 lines: No errors
   [Ada]          standard_solution_filters.adb

GNAT 10.3.0
Copyright 1992-2020, Free Software Foundation, Inc.

Compiling: /home/runner/work/alire-crates-ci/alire-crates-ci/test/5f655e40-67d4-410c-84fb-5572da83bba4/phcpack_2.4.88_e448e94a/src/Ada/Deformations/Solutions/standard_select_solutions.adb
Source file time stamp: 2026-07-16 01:03:09
Compiled at: 2026-07-16 01:05:28
 300 lines: No errors
   [Ada]          interpolate_multivariate_factor.adb

GNAT 10.3.0
Copyright 1992-2020, Free Software Foundation, Inc.

Compiling: /home/runner/work/alire-crates-ci/alire-crates-ci/test/5f655e40-67d4-410c-84fb-5572da83bba4/phcpack_2.4.88_e448e94a/src/Ada/Deformations/Solutions/quaddobl_solution_filters.adb
Source file time stamp: 2026-07-16 01:03:09
Compiled at: 2026-07-16 01:05:28
 466 lines: No errors
   [Ada]          multivariate_factorization.adb

GNAT 10.3.0
Copyright 1992-2020, Free Software Foundation, Inc.

Compiling: /home/runner/work/alire-crates-ci/alire-crates-ci/test/5f655e40-67d4-410c-84fb-5572da83bba4/phcpack_2.4.88_e448e94a/src/Ada/Deformations/Solutions/standard_solution_filters.adb
Source file time stamp: 2026-07-16 01:03:09
Compiled at: 2026-07-16 01:05:29
 465 lines: No errors
   [Ada]          dobldobl_sample_points.adb

GNAT 10.3.0
Copyright 1992-2020, Free Software Foundation, Inc.

Compiling: /home/runner/work/alire-crates-ci/alire-crates-ci/test/5f655e40-67d4-410c-84fb-5572da83bba4/phcpack_2.4.88_e448e94a/src/Ada/Components/Factorization/monodromy_component_breakup.adb
Source file time stamp: 2026-07-16 01:03:09
Compiled at: 2026-07-16 01:05:28
 1505 lines: No errors
   [Ada]          quaddobl_sample_points.adb

GNAT 10.3.0
Copyright 1992-2020, Free Software Foundation, Inc.

Compiling: /home/runner/work/alire-crates-ci/alire-crates-ci/test/5f655e40-67d4-410c-84fb-5572da83bba4/phcpack_2.4.88_e448e94a/src/Ada/Components/Factorization/interpolate_multivariate_factor.adb
Source file time stamp: 2026-07-16 01:03:09
Compiled at: 2026-07-16 01:05:29
 503 lines: No errors
   [Ada]          sample_points.adb

GNAT 10.3.0
Copyright 1992-2020, Free Software Foundation, Inc.

Compiling: /home/runner/work/alire-crates-ci/alire-crates-ci/test/5f655e40-67d4-410c-84fb-5572da83bba4/phcpack_2.4.88_e448e94a/src/Ada/Components/Samplers/dobldobl_sample_points.adb
Source file time stamp: 2026-07-16 01:03:09
Compiled at: 2026-07-16 01:05:29
 289 lines: No errors
   [Ada]          dobldobl_stacked_sample_grids.adb

GNAT 10.3.0
Copyright 1992-2020, Free Software Foundation, Inc.

Compiling: /home/runner/work/alire-crates-ci/alire-crates-ci/test/5f655e40-67d4-410c-84fb-5572da83bba4/phcpack_2.4.88_e448e94a/src/Ada/Components/Samplers/quaddobl_sample_points.adb
Source file time stamp: 2026-07-16 01:03:09
Compiled at: 2026-07-16 01:05:29
 289 lines: No errors
   [Ada]          quaddobl_stacked_sample_grids.adb

GNAT 10.3.0
Copyright 1992-2020, Free Software Foundation, Inc.

Compiling: /home/runner/work/alire-crates-ci/alire-crates-ci/test/5f655e40-67d4-410c-84fb-5572da83bba4/phcpack_2.4.88_e448e94a/src/Ada/Components/Samplers/sample_points.adb
Source file time stamp: 2026-07-16 01:03:09
Compiled at: 2026-07-16 01:05:29
 569 lines: No errors
   [Ada]          dobldobl_embed_laurentials.adb

GNAT 10.3.0
Copyright 1992-2020, Free Software Foundation, Inc.

Compiling: /home/runner/work/alire-crates-ci/alire-crates-ci/test/5f655e40-67d4-410c-84fb-5572da83bba4/phcpack_2.4.88_e448e94a/src/Ada/Components/Samplers/dobldobl_stacked_sample_grids.adb
Source file time stamp: 2026-07-16 01:03:09
Compiled at: 2026-07-16 01:05:29
 443 lines: No errors
   [Ada]          dobldobl_embed_polynomials.adb

GNAT 10.3.0
Copyright 1992-2020, Free Software Foundation, Inc.

Compiling: /home/runner/work/alire-crates-ci/alire-crates-ci/test/5f655e40-67d4-410c-84fb-5572da83bba4/phcpack_2.4.88_e448e94a/src/Ada/Deformations/Homotopy/dobldobl_embed_laurentials.adb
Source file time stamp: 2026-07-16 01:03:09
Compiled at: 2026-07-16 01:05:30
 43 lines: No errors
   [Ada]          dobldobl_random_matrices.adb

GNAT 10.3.0
Copyright 1992-2020, Free Software Foundation, Inc.

Compiling: /home/runner/work/alire-crates-ci/alire-crates-ci/test/5f655e40-67d4-410c-84fb-5572da83bba4/phcpack_2.4.88_e448e94a/src/Ada/Deformations/Homotopy/dobldobl_embed_polynomials.adb
Source file time stamp: 2026-07-16 01:03:09
Compiled at: 2026-07-16 01:05:30
 69 lines: No errors
   [Ada]          quaddobl_embed_laurentials.adb

GNAT 10.3.0
Copyright 1992-2020, Free Software Foundation, Inc.

Compiling: /home/runner/work/alire-crates-ci/alire-crates-ci/test/5f655e40-67d4-410c-84fb-5572da83bba4/phcpack_2.4.88_e448e94a/src/Ada/Math_Lib/Matrices/dobldobl_random_matrices.adb
Source file time stamp: 2026-07-16 01:03:09
Compiled at: 2026-07-16 01:05:30
 127 lines: No errors
   [Ada]          quaddobl_embed_polynomials.adb

GNAT 10.3.0
Copyright 1992-2020, Free Software Foundation, Inc.

Compiling: /home/runner/work/alire-crates-ci/alire-crates-ci/test/5f655e40-67d4-410c-84fb-5572da83bba4/phcpack_2.4.88_e448e94a/src/Ada/Components/Samplers/quaddobl_stacked_sample_grids.adb
Source file time stamp: 2026-07-16 01:03:09
Compiled at: 2026-07-16 01:05:30
 443 lines: No errors
   [Ada]          quaddobl_random_matrices.adb

GNAT 10.3.0
Copyright 1992-2020, Free Software Foundation, Inc.

Compiling: /home/runner/work/alire-crates-ci/alire-crates-ci/test/5f655e40-67d4-410c-84fb-5572da83bba4/phcpack_2.4.88_e448e94a/src/Ada/Deformations/Homotopy/quaddobl_embed_laurentials.adb
Source file time stamp: 2026-07-16 01:03:09
Compiled at: 2026-07-16 01:05:30
 43 lines: No errors
   [Ada]          standard_complex_substitutors.adb

GNAT 10.3.0
Copyright 1992-2020, Free Software Foundation, Inc.

Compiling: /home/runner/work/alire-crates-ci/alire-crates-ci/test/5f655e40-67d4-410c-84fb-5572da83bba4/phcpack_2.4.88_e448e94a/src/Ada/Deformations/Homotopy/quaddobl_embed_polynomials.adb
Source file time stamp: 2026-07-16 01:03:09
Compiled at: 2026-07-16 01:05:30
 69 lines: No errors
   [Ada]          standard_embed_laurentials.adb

GNAT 10.3.0
Copyright 1992-2020, Free Software Foundation, Inc.

Compiling: /home/runner/work/alire-crates-ci/alire-crates-ci/test/5f655e40-67d4-410c-84fb-5572da83bba4/phcpack_2.4.88_e448e94a/src/Ada/Math_Lib/Matrices/quaddobl_random_matrices.adb
Source file time stamp: 2026-07-16 01:03:09
Compiled at: 2026-07-16 01:05:30
 127 lines: No errors
   [Ada]          standard_embed_polynomials.adb

GNAT 10.3.0
Copyright 1992-2020, Free Software Foundation, Inc.

Compiling: /home/runner/work/alire-crates-ci/alire-crates-ci/test/5f655e40-67d4-410c-84fb-5572da83bba4/phcpack_2.4.88_e448e94a/src/Ada/Deformations/Homotopy/standard_embed_laurentials.adb
Source file time stamp: 2026-07-16 01:03:09
Compiled at: 2026-07-16 01:05:30
 43 lines: No errors
   [Ada]          homotopy_membership_target.adb

GNAT 10.3.0
Copyright 1992-2020, Free Software Foundation, Inc.

Compiling: /home/runner/work/alire-crates-ci/alire-crates-ci/test/5f655e40-67d4-410c-84fb-5572da83bba4/phcpack_2.4.88_e448e94a/src/Ada/Math_Lib/Polynomials/standard_complex_substitutors.adb
Source file time stamp: 2026-07-16 01:03:09
Compiled at: 2026-07-16 01:05:30
 266 lines: No errors
   [Ada]          multprec_floating_matrices_io.ads

GNAT 10.3.0
Copyright 1992-2020, Free Software Foundation, Inc.

Compiling: /home/runner/work/alire-crates-ci/alire-crates-ci/test/5f655e40-67d4-410c-84fb-5572da83bba4/phcpack_2.4.88_e448e94a/src/Ada/Deformations/Homotopy/standard_embed_polynomials.adb
Source file time stamp: 2026-07-16 01:03:09
Compiled at: 2026-07-16 01:05:30
 69 lines: No errors
   [Ada]          line_breaks.adb

GNAT 10.3.0
Copyright 1992-2020, Free Software Foundation, Inc.

Compiling: /home/runner/work/alire-crates-ci/alire-crates-ci/test/5f655e40-67d4-410c-84fb-5572da83bba4/phcpack_2.4.88_e448e94a/src/Ada/Math_Lib/Polynomials/line_breaks.adb
Source file time stamp: 2026-07-16 01:03:09
Compiled at: 2026-07-16 01:05:30
 49 lines: No errors
   [Ada]          hybrid_durand_kerner.adb

GNAT 10.3.0
Copyright 1992-2020, Free Software Foundation, Inc.

Compiling: /home/runner/work/alire-crates-ci/alire-crates-ci/test/5f655e40-67d4-410c-84fb-5572da83bba4/phcpack_2.4.88_e448e94a/src/Ada/Math_Lib/Matrices/multprec_floating_matrices_io.ads
Source file time stamp: 2026-07-16 01:03:09
Compiled at: 2026-07-16 01:05:30
 12 lines: No errors
   [Ada]          multprec_complex_nesvecs.ads

GNAT 10.3.0
Copyright 1992-2020, Free Software Foundation, Inc.

Compiling: /home/runner/work/alire-crates-ci/alire-crates-ci/test/5f655e40-67d4-410c-84fb-5572da83bba4/phcpack_2.4.88_e448e94a/src/Ada/Components/Factorization/multivariate_factorization.adb
Source file time stamp: 2026-07-16 01:03:09
Compiled at: 2026-07-16 01:05:29
 2047 lines: No errors
   [Ada]          multprec_complex_nesvecs_io.ads

GNAT 10.3.0
Copyright 1992-2020, Free Software Foundation, Inc.

Compiling: /home/runner/work/alire-crates-ci/alire-crates-ci/test/5f655e40-67d4-410c-84fb-5572da83bba4/phcpack_2.4.88_e448e94a/src/Ada/Deformations/Curves/hybrid_durand_kerner.adb
Source file time stamp: 2026-07-16 01:03:09
Compiled at: 2026-07-16 01:05:31
 185 lines: No errors
   [Ada]          multprec_complex_vectors_io.ads

GNAT 10.3.0
Copyright 1992-2020, Free Software Foundation, Inc.

Compiling: /home/runner/work/alire-crates-ci/alire-crates-ci/test/5f655e40-67d4-410c-84fb-5572da83bba4/phcpack_2.4.88_e448e94a/src/Ada/Math_Lib/Vectors/multprec_complex_nesvecs.ads
Source file time stamp: 2026-07-16 01:03:10
Compiled at: 2026-07-16 01:05:31
 9 lines: No errors
   [Ada]          multprec_complex_vecvecs_io.ads

GNAT 10.3.0
Copyright 1992-2020, Free Software Foundation, Inc.

Compiling: /home/runner/work/alire-crates-ci/alire-crates-ci/test/5f655e40-67d4-410c-84fb-5572da83bba4/phcpack_2.4.88_e448e94a/src/Ada/Components/Factorization/homotopy_membership_target.adb
Source file time stamp: 2026-07-16 01:03:09
Compiled at: 2026-07-16 01:05:30
 232 lines: No errors
   [Ada]          multprec_nvariate_interpolators.adb

GNAT 10.3.0
Copyright 1992-2020, Free Software Foundation, Inc.

Compiling: /home/runner/work/alire-crates-ci/alire-crates-ci/test/5f655e40-67d4-410c-84fb-5572da83bba4/phcpack_2.4.88_e448e94a/src/Ada/Math_Lib/Vectors/multprec_complex_vectors_io.ads
Source file time stamp: 2026-07-16 01:03:10
Compiled at: 2026-07-16 01:05:31
 9 lines: No errors
   [Ada]          multprec_power_traces.adb

GNAT 10.3.0
Copyright 1992-2020, Free Software Foundation, Inc.

Compiling: /home/runner/work/alire-crates-ci/alire-crates-ci/test/5f655e40-67d4-410c-84fb-5572da83bba4/phcpack_2.4.88_e448e94a/src/Ada/Math_Lib/Vectors/multprec_complex_nesvecs_io.ads
Source file time stamp: 2026-07-16 01:03:10
Compiled at: 2026-07-16 01:05:31
 14 lines: No errors
   [Ada]          multprec_univariate_interpolators.adb

GNAT 10.3.0
Copyright 1992-2020, Free Software Foundation, Inc.

Compiling: /home/runner/work/alire-crates-ci/alire-crates-ci/test/5f655e40-67d4-410c-84fb-5572da83bba4/phcpack_2.4.88_e448e94a/src/Ada/Math_Lib/Vectors/multprec_complex_vecvecs_io.ads
Source file time stamp: 2026-07-16 01:03:10
Compiled at: 2026-07-16 01:05:31
 14 lines: No errors
   [Ada]          multprec_floating_matrices.ads

GNAT 10.3.0
Copyright 1992-2020, Free Software Foundation, Inc.

Compiling: /home/runner/work/alire-crates-ci/alire-crates-ci/test/5f655e40-67d4-410c-84fb-5572da83bba4/phcpack_2.4.88_e448e94a/src/Ada/Components/Interpolators/multprec_power_traces.adb
Source file time stamp: 2026-07-16 01:03:09
Compiled at: 2026-07-16 01:05:31
 65 lines: No errors
   [Ada]          dobldobl_complex_term_lists.ads

GNAT 10.3.0
Copyright 1992-2020, Free Software Foundation, Inc.

Compiling: /home/runner/work/alire-crates-ci/alire-crates-ci/test/5f655e40-67d4-410c-84fb-5572da83bba4/phcpack_2.4.88_e448e94a/src/Ada/Components/Interpolators/multprec_univariate_interpolators.adb
Source file time stamp: 2026-07-16 01:03:09
Compiled at: 2026-07-16 01:05:31
 76 lines: No errors
   [Ada]          standard_complex_nesvecs.ads

GNAT 10.3.0
Copyright 1992-2020, Free Software Foundation, Inc.

Compiling: /home/runner/work/alire-crates-ci/alire-crates-ci/test/5f655e40-67d4-410c-84fb-5572da83bba4/phcpack_2.4.88_e448e94a/src/Ada/Math_Lib/Vectors/standard_complex_nesvecs.ads
Source file time stamp: 2026-07-16 01:03:10
Compiled at: 2026-07-16 01:05:31
 9 lines: No errors
   [Ada]          standard_complex_nesvecs_io.ads

GNAT 10.3.0
Copyright 1992-2020, Free Software Foundation, Inc.

Compiling: /home/runner/work/alire-crates-ci/alire-crates-ci/test/5f655e40-67d4-410c-84fb-5572da83bba4/phcpack_2.4.88_e448e94a/src/Ada/Math_Lib/Polynomials/dobldobl_complex_term_lists.ads
Source file time stamp: 2026-07-16 01:03:09
Compiled at: 2026-07-16 01:05:31
 11 lines: No errors
   [Ada]          standard_complex_vecvecs_io.ads

GNAT 10.3.0
Copyright 1992-2020, Free Software Foundation, Inc.

Compiling: /home/runner/work/alire-crates-ci/alire-crates-ci/test/5f655e40-67d4-410c-84fb-5572da83bba4/phcpack_2.4.88_e448e94a/src/Ada/Math_Lib/Vectors/standard_complex_vecvecs_io.ads
Source file time stamp: 2026-07-16 01:03:10
Compiled at: 2026-07-16 01:05:31
 14 lines: No errors
   [Ada]          standard_power_traces.adb

GNAT 10.3.0
Copyright 1992-2020, Free Software Foundation, Inc.

Compiling: /home/runner/work/alire-crates-ci/alire-crates-ci/test/5f655e40-67d4-410c-84fb-5572da83bba4/phcpack_2.4.88_e448e94a/src/Ada/Components/Interpolators/standard_power_traces.adb
Source file time stamp: 2026-07-16 01:03:09
Compiled at: 2026-07-16 01:05:31
 53 lines: No errors
   [Ada]          standard_univariate_interpolators.adb

GNAT 10.3.0
Copyright 1992-2020, Free Software Foundation, Inc.

Compiling: /home/runner/work/alire-crates-ci/alire-crates-ci/test/5f655e40-67d4-410c-84fb-5572da83bba4/phcpack_2.4.88_e448e94a/src/Ada/Components/Interpolators/standard_univariate_interpolators.adb
Source file time stamp: 2026-07-16 01:03:09
Compiled at: 2026-07-16 01:05:31
 62 lines: No errors
   [Ada]          standard_nvariate_interpolators.adb

GNAT 10.3.0
Copyright 1992-2020, Free Software Foundation, Inc.

Compiling: /home/runner/work/alire-crates-ci/alire-crates-ci/test/5f655e40-67d4-410c-84fb-5572da83bba4/phcpack_2.4.88_e448e94a/src/Ada/Components/Interpolators/multprec_nvariate_interpolators.adb
Source file time stamp: 2026-07-16 01:03:09
Compiled at: 2026-07-16 01:05:31
 570 lines: No errors
   [Ada]          dobldobl_solutions_queue.adb

GNAT 10.3.0
Copyright 1992-2020, Free Software Foundation, Inc.

Compiling: /home/runner/work/alire-crates-ci/alire-crates-ci/test/5f655e40-67d4-410c-84fb-5572da83bba4/phcpack_2.4.88_e448e94a/src/Ada/Math_Lib/Matrices/multprec_floating_matrices.ads
Source file time stamp: 2026-07-16 01:03:09
Compiled at: 2026-07-16 01:05:31
 10 lines: No errors
   [Ada]          quaddobl_solutions_queue.adb

GNAT 10.3.0
Copyright 1992-2020, Free Software Foundation, Inc.

Compiling: /home/runner/work/alire-crates-ci/alire-crates-ci/test/5f655e40-67d4-410c-84fb-5572da83bba4/phcpack_2.4.88_e448e94a/src/Ada/Math_Lib/Vectors/standard_complex_nesvecs_io.ads
Source file time stamp: 2026-07-16 01:03:10
Compiled at: 2026-07-16 01:05:31
 14 lines: No errors
   [Ada]          standard_solutions_queue.adb

GNAT 10.3.0
Copyright 1992-2020, Free Software Foundation, Inc.

Compiling: /home/runner/work/alire-crates-ci/alire-crates-ci/test/5f655e40-67d4-410c-84fb-5572da83bba4/phcpack_2.4.88_e448e94a/src/Ada/Tasking/dobldobl_solutions_queue.adb
Source file time stamp: 2026-07-16 01:03:10
Compiled at: 2026-07-16 01:05:31
 44 lines: No errors
   [Ada]          quaddobl_complex_term_lists.ads

GNAT 10.3.0
Copyright 1992-2020, Free Software Foundation, Inc.

Compiling: /home/runner/work/alire-crates-ci/alire-crates-ci/test/5f655e40-67d4-410c-84fb-5572da83bba4/phcpack_2.4.88_e448e94a/src/Ada/Tasking/standard_solutions_queue.adb
Source file time stamp: 2026-07-16 01:03:10
Compiled at: 2026-07-16 01:05:31
 44 lines: No errors
   [Ada]          deca_double_numbers.adb

GNAT 10.3.0
Copyright 1992-2020, Free Software Foundation, Inc.

Compiling: /home/runner/work/alire-crates-ci/alire-crates-ci/test/5f655e40-67d4-410c-84fb-5572da83bba4/phcpack_2.4.88_e448e94a/src/Ada/Tasking/quaddobl_solutions_queue.adb
Source file time stamp: 2026-07-16 01:03:10
Compiled at: 2026-07-16 01:05:31
 44 lines: No errors
   [Ada]          decadobl_complex_numbers.ads

GNAT 10.3.0
Copyright 1992-2020, Free Software Foundation, Inc.

Compiling: /home/runner/work/alire-crates-ci/alire-crates-ci/test/5f655e40-67d4-410c-84fb-5572da83bba4/phcpack_2.4.88_e448e94a/src/Ada/Math_Lib/Polynomials/quaddobl_complex_term_lists.ads
Source file time stamp: 2026-07-16 01:03:09
Compiled at: 2026-07-16 01:05:32
 11 lines: No errors
   [Ada]          hexa_double_numbers.adb

GNAT 10.3.0
Copyright 1992-2020, Free Software Foundation, Inc.

Compiling: /home/runner/work/alire-crates-ci/alire-crates-ci/test/5f655e40-67d4-410c-84fb-5572da83bba4/phcpack_2.4.88_e448e94a/src/Ada/Math_Lib/QD/decadobl_complex_numbers.ads
Source file time stamp: 2026-07-16 01:03:09
Compiled at: 2026-07-16 01:05:32
 10 lines: No errors
   [Ada]          hexadobl_complex_numbers.ads

GNAT 10.3.0
Copyright 1992-2020, Free Software Foundation, Inc.

Compiling: /home/runner/work/alire-crates-ci/alire-crates-ci/test/5f655e40-67d4-410c-84fb-5572da83bba4/phcpack_2.4.88_e448e94a/src/Ada/Math_Lib/QD/hexadobl_complex_numbers.ads
Source file time stamp: 2026-07-16 01:03:09
Compiled at: 2026-07-16 01:05:32
 10 lines: No errors
   [Ada]          octo_double_numbers.adb

GNAT 10.3.0
Copyright 1992-2020, Free Software Foundation, Inc.

Compiling: /home/runner/work/alire-crates-ci/alire-crates-ci/test/5f655e40-67d4-410c-84fb-5572da83bba4/phcpack_2.4.88_e448e94a/src/Ada/Components/Interpolators/standard_nvariate_interpolators.adb
Source file time stamp: 2026-07-16 01:03:09
Compiled at: 2026-07-16 01:05:31
 557 lines: No errors
   [Ada]          octodobl_complex_numbers.ads

GNAT 10.3.0
Copyright 1992-2020, Free Software Foundation, Inc.

Compiling: /home/runner/work/alire-crates-ci/alire-crates-ci/test/5f655e40-67d4-410c-84fb-5572da83bba4/phcpack_2.4.88_e448e94a/src/Ada/Math_Lib/QD/octodobl_complex_numbers.ads
Source file time stamp: 2026-07-16 01:03:09
Compiled at: 2026-07-16 01:05:32
 10 lines: No errors
   [Ada]          penta_double_numbers.adb

GNAT 10.3.0
Copyright 1992-2020, Free Software Foundation, Inc.

Compiling: /home/runner/work/alire-crates-ci/alire-crates-ci/test/5f655e40-67d4-410c-84fb-5572da83bba4/phcpack_2.4.88_e448e94a/src/Ada/Math_Lib/QD/deca_double_numbers.adb
Source file time stamp: 2026-07-16 01:03:09
Compiled at: 2026-07-16 01:05:32
 1790 lines: No errors
   [Ada]          pentdobl_complex_numbers.ads

GNAT 10.3.0
Copyright 1992-2020, Free Software Foundation, Inc.

Compiling: /home/runner/work/alire-crates-ci/alire-crates-ci/test/5f655e40-67d4-410c-84fb-5572da83bba4/phcpack_2.4.88_e448e94a/src/Ada/Math_Lib/QD/octo_double_numbers.adb
Source file time stamp: 2026-07-16 01:03:09
Compiled at: 2026-07-16 01:05:32
 1323 lines: No errors
   [Ada]          tripdobl_complex_numbers.ads

GNAT 10.3.0
Copyright 1992-2020, Free Software Foundation, Inc.

Compiling: /home/runner/work/alire-crates-ci/alire-crates-ci/test/5f655e40-67d4-410c-84fb-5572da83bba4/phcpack_2.4.88_e448e94a/src/Ada/Math_Lib/QD/pentdobl_complex_numbers.ads
Source file time stamp: 2026-07-16 01:03:09
Compiled at: 2026-07-16 01:05:32
 10 lines: No errors
   [Ada]          decadobl_complex_poly_systems.ads

GNAT 10.3.0
Copyright 1992-2020, Free Software Foundation, Inc.

Compiling: /home/runner/work/alire-crates-ci/alire-crates-ci/test/5f655e40-67d4-410c-84fb-5572da83bba4/phcpack_2.4.88_e448e94a/src/Ada/Math_Lib/QD/penta_double_numbers.adb
Source file time stamp: 2026-07-16 01:03:09
Compiled at: 2026-07-16 01:05:32
 925 lines: No errors
   [Ada]          decadobl_complex_polynomials.ads

GNAT 10.3.0
Copyright 1992-2020, Free Software Foundation, Inc.

Compiling: /home/runner/work/alire-crates-ci/alire-crates-ci/test/5f655e40-67d4-410c-84fb-5572da83bba4/phcpack_2.4.88_e448e94a/src/Ada/Math_Lib/Polynomials/decadobl_complex_poly_systems.ads
Source file time stamp: 2026-07-16 01:03:09
Compiled at: 2026-07-16 01:05:32
 10 lines: No errors
   [Ada]          decadobl_complex_solutions.adb

GNAT 10.3.0
Copyright 1992-2020, Free Software Foundation, Inc.

Compiling: /home/runner/work/alire-crates-ci/alire-crates-ci/test/5f655e40-67d4-410c-84fb-5572da83bba4/phcpack_2.4.88_e448e94a/src/Ada/Math_Lib/QD/tripdobl_complex_numbers.ads
Source file time stamp: 2026-07-16 01:03:09
Compiled at: 2026-07-16 01:05:32
 10 lines: No errors
   [Ada]          hexadobl_complex_poly_systems.ads

GNAT 10.3.0
Copyright 1992-2020, Free Software Foundation, Inc.

Compiling: /home/runner/work/alire-crates-ci/alire-crates-ci/test/5f655e40-67d4-410c-84fb-5572da83bba4/phcpack_2.4.88_e448e94a/src/Ada/Math_Lib/Polynomials/decadobl_complex_polynomials.ads
Source file time stamp: 2026-07-16 01:03:09
Compiled at: 2026-07-16 01:05:32
 8 lines: No errors
   [Ada]          hexadobl_complex_polynomials.ads

GNAT 10.3.0
Copyright 1992-2020, Free Software Foundation, Inc.

Compiling: /home/runner/work/alire-crates-ci/alire-crates-ci/test/5f655e40-67d4-410c-84fb-5572da83bba4/phcpack_2.4.88_e448e94a/src/Ada/Math_Lib/Polynomials/hexadobl_complex_poly_systems.ads
Source file time stamp: 2026-07-16 01:03:09
Compiled at: 2026-07-16 01:05:33
 10 lines: No errors
   [Ada]          hexadobl_complex_solutions.adb

GNAT 10.3.0
Copyright 1992-2020, Free Software Foundation, Inc.

Compiling: /home/runner/work/alire-crates-ci/alire-crates-ci/test/5f655e40-67d4-410c-84fb-5572da83bba4/phcpack_2.4.88_e448e94a/src/Ada/Deformations/Solutions/decadobl_complex_solutions.adb
Source file time stamp: 2026-07-16 01:03:09
Compiled at: 2026-07-16 01:05:33
 702 lines: No errors
   [Ada]          octodobl_complex_poly_systems.ads

GNAT 10.3.0
Copyright 1992-2020, Free Software Foundation, Inc.

Compiling: /home/runner/work/alire-crates-ci/alire-crates-ci/test/5f655e40-67d4-410c-84fb-5572da83bba4/phcpack_2.4.88_e448e94a/src/Ada/Math_Lib/Polynomials/octodobl_complex_poly_systems.ads
Source file time stamp: 2026-07-16 01:03:09
Compiled at: 2026-07-16 01:05:33
 10 lines: No errors
   [Ada]          octodobl_complex_polynomials.ads

GNAT 10.3.0
Copyright 1992-2020, Free Software Foundation, Inc.

Compiling: /home/runner/work/alire-crates-ci/alire-crates-ci/test/5f655e40-67d4-410c-84fb-5572da83bba4/phcpack_2.4.88_e448e94a/src/Ada/Deformations/Solutions/hexadobl_complex_solutions.adb
Source file time stamp: 2026-07-16 01:03:09
Compiled at: 2026-07-16 01:05:33
 702 lines: No errors
   [Ada]          octodobl_complex_solutions.adb

GNAT 10.3.0
Copyright 1992-2020, Free Software Foundation, Inc.

Compiling: /home/runner/work/alire-crates-ci/alire-crates-ci/test/5f655e40-67d4-410c-84fb-5572da83bba4/phcpack_2.4.88_e448e94a/src/Ada/Math_Lib/Polynomials/hexadobl_complex_polynomials.ads
Source file time stamp: 2026-07-16 01:03:09
Compiled at: 2026-07-16 01:05:33
 8 lines: No errors
   [Ada]          pentdobl_complex_poly_systems.ads

GNAT 10.3.0
Copyright 1992-2020, Free Software Foundation, Inc.

Compiling: /home/runner/work/alire-crates-ci/alire-crates-ci/test/5f655e40-67d4-410c-84fb-5572da83bba4/phcpack_2.4.88_e448e94a/src/Ada/Deformations/Solutions/octodobl_complex_solutions.adb
Source file time stamp: 2026-07-16 01:03:09
Compiled at: 2026-07-16 01:05:33
 702 lines: No errors
   [Ada]          pentdobl_complex_polynomials.ads

GNAT 10.3.0
Copyright 1992-2020, Free Software Foundation, Inc.

Compiling: /home/runner/work/alire-crates-ci/alire-crates-ci/test/5f655e40-67d4-410c-84fb-5572da83bba4/phcpack_2.4.88_e448e94a/src/Ada/Math_Lib/Polynomials/pentdobl_complex_poly_systems.ads
Source file time stamp: 2026-07-16 01:03:09
Compiled at: 2026-07-16 01:05:34
 10 lines: No errors
   [Ada]          pentdobl_complex_solutions.adb

GNAT 10.3.0
Copyright 1992-2020, Free Software Foundation, Inc.

Compiling: /home/runner/work/alire-crates-ci/alire-crates-ci/test/5f655e40-67d4-410c-84fb-5572da83bba4/phcpack_2.4.88_e448e94a/src/Ada/Math_Lib/Polynomials/octodobl_complex_polynomials.ads
Source file time stamp: 2026-07-16 01:03:09
Compiled at: 2026-07-16 01:05:33
 8 lines: No errors
   [Ada]          tripdobl_complex_poly_systems.ads

GNAT 10.3.0
Copyright 1992-2020, Free Software Foundation, Inc.

Compiling: /home/runner/work/alire-crates-ci/alire-crates-ci/test/5f655e40-67d4-410c-84fb-5572da83bba4/phcpack_2.4.88_e448e94a/src/Ada/Math_Lib/QD/hexa_double_numbers.adb
Source file time stamp: 2026-07-16 01:03:09
Compiled at: 2026-07-16 01:05:32
 3659 lines: No errors
   [Ada]          tripdobl_complex_polynomials.ads

GNAT 10.3.0
Copyright 1992-2020, Free Software Foundation, Inc.

Compiling: /home/runner/work/alire-crates-ci/alire-crates-ci/test/5f655e40-67d4-410c-84fb-5572da83bba4/phcpack_2.4.88_e448e94a/src/Ada/Math_Lib/Polynomials/tripdobl_complex_poly_systems.ads
Source file time stamp: 2026-07-16 01:03:09
Compiled at: 2026-07-16 01:05:34
 10 lines: No errors
   [Ada]          tripdobl_complex_solutions.adb

GNAT 10.3.0
Copyright 1992-2020, Free Software Foundation, Inc.

Compiling: /home/runner/work/alire-crates-ci/alire-crates-ci/test/5f655e40-67d4-410c-84fb-5572da83bba4/phcpack_2.4.88_e448e94a/src/Ada/Deformations/Solutions/pentdobl_complex_solutions.adb
Source file time stamp: 2026-07-16 01:03:09
Compiled at: 2026-07-16 01:05:34
 702 lines: No errors
   [Ada]          standard_floating_polynomials.ads

GNAT 10.3.0
Copyright 1992-2020, Free Software Foundation, Inc.

Compiling: /home/runner/work/alire-crates-ci/alire-crates-ci/test/5f655e40-67d4-410c-84fb-5572da83bba4/phcpack_2.4.88_e448e94a/src/Ada/Math_Lib/Polynomials/pentdobl_complex_polynomials.ads
Source file time stamp: 2026-07-16 01:03:09
Compiled at: 2026-07-16 01:05:34
 8 lines: No errors
   [Ada]          flow_tables.adb

GNAT 10.3.0
Copyright 1992-2020, Free Software Foundation, Inc.

Compiling: /home/runner/work/alire-crates-ci/alire-crates-ci/test/5f655e40-67d4-410c-84fb-5572da83bba4/phcpack_2.4.88_e448e94a/src/Ada/Components/Solver/flow_tables.adb
Source file time stamp: 2026-07-16 01:03:09
Compiled at: 2026-07-16 01:05:34
 102 lines: No errors
   [Ada]          standard_integer_ring_io.ads

GNAT 10.3.0
Copyright 1992-2020, Free Software Foundation, Inc.

Compiling: /home/runner/work/alire-crates-ci/alire-crates-ci/test/5f655e40-67d4-410c-84fb-5572da83bba4/phcpack_2.4.88_e448e94a/src/Ada/Math_Lib/Polynomials/tripdobl_complex_polynomials.ads
Source file time stamp: 2026-07-16 01:03:09
Compiled at: 2026-07-16 01:05:34
 8 lines: No errors
   [Ada]          dobldobl_hypersurface_witsets.adb

GNAT 10.3.0
Copyright 1992-2020, Free Software Foundation, Inc.

Compiling: /home/runner/work/alire-crates-ci/alire-crates-ci/test/5f655e40-67d4-410c-84fb-5572da83bba4/phcpack_2.4.88_e448e94a/src/Ada/Deformations/Solutions/tripdobl_complex_solutions.adb
Source file time stamp: 2026-07-16 01:03:09
Compiled at: 2026-07-16 01:05:34
 702 lines: No errors
   [Ada]          quaddobl_hypersurface_witsets.adb

GNAT 10.3.0
Copyright 1992-2020, Free Software Foundation, Inc.

Compiling: /home/runner/work/alire-crates-ci/alire-crates-ci/test/5f655e40-67d4-410c-84fb-5572da83bba4/phcpack_2.4.88_e448e94a/src/Ada/Math_Lib/Numbers/standard_integer_ring_io.ads
Source file time stamp: 2026-07-16 01:03:09
Compiled at: 2026-07-16 01:05:34
 12 lines: No errors
   [Ada]          standard_hypersurface_witsets.adb

GNAT 10.3.0
Copyright 1992-2020, Free Software Foundation, Inc.

Compiling: /home/runner/work/alire-crates-ci/alire-crates-ci/test/5f655e40-67d4-410c-84fb-5572da83bba4/phcpack_2.4.88_e448e94a/src/Ada/Components/Solver/dobldobl_hypersurface_witsets.adb
Source file time stamp: 2026-07-16 01:03:09
Compiled at: 2026-07-16 01:05:34
 248 lines: No errors
   [Ada]          double_linear_laurent_solvers.adb

GNAT 10.3.0
Copyright 1992-2020, Free Software Foundation, Inc.

Compiling: /home/runner/work/alire-crates-ci/alire-crates-ci/test/5f655e40-67d4-410c-84fb-5572da83bba4/phcpack_2.4.88_e448e94a/src/Ada/Components/Solver/standard_hypersurface_witsets.adb
Source file time stamp: 2026-07-16 01:03:09
Compiled at: 2026-07-16 01:05:34
 248 lines: No errors
   [Ada]          double_lseries_newton_steps.adb

GNAT 10.3.0
Copyright 1992-2020, Free Software Foundation, Inc.

Compiling: /home/runner/work/alire-crates-ci/alire-crates-ci/test/5f655e40-67d4-410c-84fb-5572da83bba4/phcpack_2.4.88_e448e94a/src/Ada/Components/Solver/quaddobl_hypersurface_witsets.adb
Source file time stamp: 2026-07-16 01:03:09
Compiled at: 2026-07-16 01:05:34
 248 lines: No errors
   [Ada]          double_lseries_polynomials.adb

GNAT 10.3.0
Copyright 1992-2020, Free Software Foundation, Inc.

Compiling: /home/runner/work/alire-crates-ci/alire-crates-ci/test/5f655e40-67d4-410c-84fb-5572da83bba4/phcpack_2.4.88_e448e94a/src/Ada/Math_Lib/Polynomials/standard_floating_polynomials.ads
Source file time stamp: 2026-07-16 01:03:09
Compiled at: 2026-07-16 01:05:34
 8 lines: No errors
   [Ada]          decadobl_fabry_on_homotopy.adb

GNAT 10.3.0
Copyright 1992-2020, Free Software Foundation, Inc.

Compiling: /home/runner/work/alire-crates-ci/alire-crates-ci/test/5f655e40-67d4-410c-84fb-5572da83bba4/phcpack_2.4.88_e448e94a/src/Ada/Math_Lib/Laurent/double_lseries_newton_steps.adb
Source file time stamp: 2026-07-16 01:03:09
Compiled at: 2026-07-16 01:05:35
 230 lines: No errors
   [Ada]          dobldobl_fabry_on_homotopy.adb

GNAT 10.3.0
Copyright 1992-2020, Free Software Foundation, Inc.

Compiling: /home/runner/work/alire-crates-ci/alire-crates-ci/test/5f655e40-67d4-410c-84fb-5572da83bba4/phcpack_2.4.88_e448e94a/src/Ada/Math_Lib/Laurent/double_linear_laurent_solvers.adb
Source file time stamp: 2026-07-16 01:03:09
Compiled at: 2026-07-16 01:05:35

    75.         cyi : constant Standard_Complex_Vectors.Link_to_Vector := cy(i);
                                                                          |
        >>> warning: "cy" may be null

   111.         cxi : constant Standard_Complex_Vectors.Link_to_Vector := cx(i);
                                                                          |
        >>> warning: "cx" may be null

   149.     cbi := cb(cb'last); cxi := cx(cx'last); cUi := cU(cU'last);
                                       |
        >>> warning: "cx" may be null
 295 lines: No errors, 3 warnings
   [Ada]          hexadobl_fabry_on_homotopy.adb

GNAT 10.3.0
Copyright 1992-2020, Free Software Foundation, Inc.

Compiling: /home/runner/work/alire-crates-ci/alire-crates-ci/test/5f655e40-67d4-410c-84fb-5572da83bba4/phcpack_2.4.88_e448e94a/src/Ada/Deformations/Curves/decadobl_fabry_on_homotopy.adb
Source file time stamp: 2026-07-16 01:03:09
Compiled at: 2026-07-16 01:05:35
 365 lines: No errors
   [Ada]          octodobl_fabry_on_homotopy.adb

GNAT 10.3.0
Copyright 1992-2020, Free Software Foundation, Inc.

Compiling: /home/runner/work/alire-crates-ci/alire-crates-ci/test/5f655e40-67d4-410c-84fb-5572da83bba4/phcpack_2.4.88_e448e94a/src/Ada/Math_Lib/Laurent/double_lseries_polynomials.adb
Source file time stamp: 2026-07-16 01:03:09
Compiled at: 2026-07-16 01:05:35
 490 lines: No errors
   [Ada]          pentdobl_fabry_on_homotopy.adb

GNAT 10.3.0
Copyright 1992-2020, Free Software Foundation, Inc.

Compiling: /home/runner/work/alire-crates-ci/alire-crates-ci/test/5f655e40-67d4-410c-84fb-5572da83bba4/phcpack_2.4.88_e448e94a/src/Ada/Deformations/Curves/dobldobl_fabry_on_homotopy.adb
Source file time stamp: 2026-07-16 01:03:09
Compiled at: 2026-07-16 01:05:35
 365 lines: No errors
   [Ada]          quaddobl_fabry_on_homotopy.adb

GNAT 10.3.0
Copyright 1992-2020, Free Software Foundation, Inc.

Compiling: /home/runner/work/alire-crates-ci/alire-crates-ci/test/5f655e40-67d4-410c-84fb-5572da83bba4/phcpack_2.4.88_e448e94a/src/Ada/Deformations/Curves/hexadobl_fabry_on_homotopy.adb
Source file time stamp: 2026-07-16 01:03:09
Compiled at: 2026-07-16 01:05:35
 365 lines: No errors
   [Ada]          standard_fabry_on_homotopy.adb

GNAT 10.3.0
Copyright 1992-2020, Free Software Foundation, Inc.

Compiling: /home/runner/work/alire-crates-ci/alire-crates-ci/test/5f655e40-67d4-410c-84fb-5572da83bba4/phcpack_2.4.88_e448e94a/src/Ada/Deformations/Curves/octodobl_fabry_on_homotopy.adb
Source file time stamp: 2026-07-16 01:03:09
Compiled at: 2026-07-16 01:05:35
 367 lines: No errors
   [Ada]          tripdobl_fabry_on_homotopy.adb

GNAT 10.3.0
Copyright 1992-2020, Free Software Foundation, Inc.

Compiling: /home/runner/work/alire-crates-ci/alire-crates-ci/test/5f655e40-67d4-410c-84fb-5572da83bba4/phcpack_2.4.88_e448e94a/src/Ada/Deformations/Curves/pentdobl_fabry_on_homotopy.adb
Source file time stamp: 2026-07-16 01:03:09
Compiled at: 2026-07-16 01:05:35
 364 lines: No errors
   [Ada]          dobldobl_cseries_vector_functions.adb

GNAT 10.3.0
Copyright 1992-2020, Free Software Foundation, Inc.

Compiling: /home/runner/work/alire-crates-ci/alire-crates-ci/test/5f655e40-67d4-410c-84fb-5572da83bba4/phcpack_2.4.88_e448e94a/src/Ada/Deformations/Curves/quaddobl_fabry_on_homotopy.adb
Source file time stamp: 2026-07-16 01:03:09
Compiled at: 2026-07-16 01:05:35
 365 lines: No errors
   [Ada]          quaddobl_cseries_vector_functions.adb

GNAT 10.3.0
Copyright 1992-2020, Free Software Foundation, Inc.

Compiling: /home/runner/work/alire-crates-ci/alire-crates-ci/test/5f655e40-67d4-410c-84fb-5572da83bba4/phcpack_2.4.88_e448e94a/src/Ada/Deformations/Curves/standard_fabry_on_homotopy.adb
Source file time stamp: 2026-07-16 01:03:09
Compiled at: 2026-07-16 01:05:35
 415 lines: No errors
   [Ada]          regular_solution_curves_series.adb

GNAT 10.3.0
Copyright 1992-2020, Free Software Foundation, Inc.

Compiling: /home/runner/work/alire-crates-ci/alire-crates-ci/test/5f655e40-67d4-410c-84fb-5572da83bba4/phcpack_2.4.88_e448e94a/src/Ada/Deformations/Curves/tripdobl_fabry_on_homotopy.adb
Source file time stamp: 2026-07-16 01:03:09
Compiled at: 2026-07-16 01:05:35
 365 lines: No errors
   [Ada]          standard_complex_vector_norms.adb

GNAT 10.3.0
Copyright 1992-2020, Free Software Foundation, Inc.

Compiling: /home/runner/work/alire-crates-ci/alire-crates-ci/test/5f655e40-67d4-410c-84fb-5572da83bba4/phcpack_2.4.88_e448e94a/src/Ada/Math_Lib/Series/dobldobl_cseries_vector_functions.adb
Source file time stamp: 2026-07-16 01:03:09
Compiled at: 2026-07-16 01:05:36
 234 lines: No errors
   [Ada]          standard_cseries_vector_functions.adb

GNAT 10.3.0
Copyright 1992-2020, Free Software Foundation, Inc.

Compiling: /home/runner/work/alire-crates-ci/alire-crates-ci/test/5f655e40-67d4-410c-84fb-5572da83bba4/phcpack_2.4.88_e448e94a/src/Ada/Math_Lib/Series/quaddobl_cseries_vector_functions.adb
Source file time stamp: 2026-07-16 01:03:09
Compiled at: 2026-07-16 01:05:36
 234 lines: No errors
   [Ada]          decadobl_system_and_solutions_io.adb

GNAT 10.3.0
Copyright 1992-2020, Free Software Foundation, Inc.

Compiling: /home/runner/work/alire-crates-ci/alire-crates-ci/test/5f655e40-67d4-410c-84fb-5572da83bba4/phcpack_2.4.88_e448e94a/src/Ada/Math_Lib/Reduction/standard_complex_vector_norms.adb
Source file time stamp: 2026-07-16 01:03:09
Compiled at: 2026-07-16 01:05:36
 46 lines: No errors
   [Ada]          octodobl_system_and_solutions_io.adb

GNAT 10.3.0
Copyright 1992-2020, Free Software Foundation, Inc.

Compiling: /home/runner/work/alire-crates-ci/alire-crates-ci/test/5f655e40-67d4-410c-84fb-5572da83bba4/phcpack_2.4.88_e448e94a/src/Ada/Deformations/Solutions/decadobl_system_and_solutions_io.adb
Source file time stamp: 2026-07-16 01:03:09
Compiled at: 2026-07-16 01:05:36
 139 lines: No errors
   [Ada]          pentdobl_system_and_solutions_io.adb

GNAT 10.3.0
Copyright 1992-2020, Free Software Foundation, Inc.

Compiling: /home/runner/work/alire-crates-ci/alire-crates-ci/test/5f655e40-67d4-410c-84fb-5572da83bba4/phcpack_2.4.88_e448e94a/src/Ada/Deformations/Solutions/octodobl_system_and_solutions_io.adb
Source file time stamp: 2026-07-16 01:03:09
Compiled at: 2026-07-16 01:05:36
 139 lines: No errors
   [Ada]          tripdobl_system_and_solutions_io.adb

GNAT 10.3.0
Copyright 1992-2020, Free Software Foundation, Inc.

Compiling: /home/runner/work/alire-crates-ci/alire-crates-ci/test/5f655e40-67d4-410c-84fb-5572da83bba4/phcpack_2.4.88_e448e94a/src/Ada/Math_Lib/Series/standard_cseries_vector_functions.adb
Source file time stamp: 2026-07-16 01:03:09
Compiled at: 2026-07-16 01:05:36
 234 lines: No errors
   [Ada]          decadobl_complex_series_vecvecs.ads

GNAT 10.3.0
Copyright 1992-2020, Free Software Foundation, Inc.

Compiling: /home/runner/work/alire-crates-ci/alire-crates-ci/test/5f655e40-67d4-410c-84fb-5572da83bba4/phcpack_2.4.88_e448e94a/src/Ada/Deformations/Solutions/pentdobl_system_and_solutions_io.adb
Source file time stamp: 2026-07-16 01:03:09
Compiled at: 2026-07-16 01:05:36
 139 lines: No errors
   [Ada]          decadobl_cseries_poly_systems.ads

GNAT 10.3.0
Copyright 1992-2020, Free Software Foundation, Inc.

Compiling: /home/runner/work/alire-crates-ci/alire-crates-ci/test/5f655e40-67d4-410c-84fb-5572da83bba4/phcpack_2.4.88_e448e94a/src/Ada/Deformations/Solutions/tripdobl_system_and_solutions_io.adb
Source file time stamp: 2026-07-16 01:03:09
Compiled at: 2026-07-16 01:05:36
 139 lines: No errors
   [Ada]          octodobl_complex_series_vecvecs.ads

GNAT 10.3.0
Copyright 1992-2020, Free Software Foundation, Inc.

Compiling: /home/runner/work/alire-crates-ci/alire-crates-ci/test/5f655e40-67d4-410c-84fb-5572da83bba4/phcpack_2.4.88_e448e94a/src/Ada/Math_Lib/Series/decadobl_complex_series_vecvecs.ads
Source file time stamp: 2026-07-16 01:03:09
Compiled at: 2026-07-16 01:05:36
 11 lines: No errors
   [Ada]          octodobl_cseries_poly_systems.ads

GNAT 10.3.0
Copyright 1992-2020, Free Software Foundation, Inc.

Compiling: /home/runner/work/alire-crates-ci/alire-crates-ci/test/5f655e40-67d4-410c-84fb-5572da83bba4/phcpack_2.4.88_e448e94a/src/Ada/Math_Lib/Series/octodobl_complex_series_vecvecs.ads
Source file time stamp: 2026-07-16 01:03:09
Compiled at: 2026-07-16 01:05:36
 11 lines: No errors
   [Ada]          pentdobl_complex_series_vecvecs.ads

GNAT 10.3.0
Copyright 1992-2020, Free Software Foundation, Inc.

Compiling: /home/runner/work/alire-crates-ci/alire-crates-ci/test/5f655e40-67d4-410c-84fb-5572da83bba4/phcpack_2.4.88_e448e94a/src/Ada/Math_Lib/Series/decadobl_cseries_poly_systems.ads
Source file time stamp: 2026-07-16 01:03:09
Compiled at: 2026-07-16 01:05:36
 11 lines: No errors
   [Ada]          pentdobl_cseries_poly_systems.ads

GNAT 10.3.0
Copyright 1992-2020, Free Software Foundation, Inc.

Compiling: /home/runner/work/alire-crates-ci/alire-crates-ci/test/5f655e40-67d4-410c-84fb-5572da83bba4/phcpack_2.4.88_e448e94a/src/Ada/Math_Lib/Series/pentdobl_complex_series_vecvecs.ads
Source file time stamp: 2026-07-16 01:03:09
Compiled at: 2026-07-16 01:05:36
 11 lines: No errors
   [Ada]          tripdobl_complex_series_vecvecs.ads

GNAT 10.3.0
Copyright 1992-2020, Free Software Foundation, Inc.

Compiling: /home/runner/work/alire-crates-ci/alire-crates-ci/test/5f655e40-67d4-410c-84fb-5572da83bba4/phcpack_2.4.88_e448e94a/src/Ada/Math_Lib/Series/octodobl_cseries_poly_systems.ads
Source file time stamp: 2026-07-16 01:03:09
Compiled at: 2026-07-16 01:05:36
 11 lines: No errors
   [Ada]          tripdobl_cseries_poly_systems.ads

GNAT 10.3.0
Copyright 1992-2020, Free Software Foundation, Inc.

Compiling: /home/runner/work/alire-crates-ci/alire-crates-ci/test/5f655e40-67d4-410c-84fb-5572da83bba4/phcpack_2.4.88_e448e94a/src/Ada/Math_Lib/Series/pentdobl_cseries_poly_systems.ads
Source file time stamp: 2026-07-16 01:03:09
Compiled at: 2026-07-16 01:05:36
 11 lines: No errors
   [Ada]          corrector_convolutions.adb

GNAT 10.3.0
Copyright 1992-2020, Free Software Foundation, Inc.

Compiling: /home/runner/work/alire-crates-ci/alire-crates-ci/test/5f655e40-67d4-410c-84fb-5572da83bba4/phcpack_2.4.88_e448e94a/src/Ada/Math_Lib/Series/tripdobl_complex_series_vecvecs.ads
Source file time stamp: 2026-07-16 01:03:10
Compiled at: 2026-07-16 01:05:36
 11 lines: No errors
   [Ada]          dobldobl_predictor_convolutions.adb

GNAT 10.3.0
Copyright 1992-2020, Free Software Foundation, Inc.

Compiling: /home/runner/work/alire-crates-ci/alire-crates-ci/test/5f655e40-67d4-410c-84fb-5572da83bba4/phcpack_2.4.88_e448e94a/src/Ada/Math_Lib/Series/tripdobl_cseries_poly_systems.ads
Source file time stamp: 2026-07-16 01:03:10
Compiled at: 2026-07-16 01:05:36
 11 lines: No errors
   [Ada]          predictor_corrector_trackers.adb

GNAT 10.3.0
Copyright 1992-2020, Free Software Foundation, Inc.

Compiling: /home/runner/work/alire-crates-ci/alire-crates-ci/test/5f655e40-67d4-410c-84fb-5572da83bba4/phcpack_2.4.88_e448e94a/src/Ada/Deformations/Curves/predictor_corrector_trackers.adb
Source file time stamp: 2026-07-16 01:03:09
Compiled at: 2026-07-16 01:05:37
 989 lines: No errors
   [Ada]          quaddobl_predictor_convolutions.adb

GNAT 10.3.0
Copyright 1992-2020, Free Software Foundation, Inc.

Compiling: /home/runner/work/alire-crates-ci/alire-crates-ci/test/5f655e40-67d4-410c-84fb-5572da83bba4/phcpack_2.4.88_e448e94a/src/Ada/Root_Counts/Puiseux/regular_solution_curves_series.adb
Source file time stamp: 2026-07-16 01:03:10
Compiled at: 2026-07-16 01:05:36
 1599 lines: No errors
   [Ada]          residual_convolution_circuits.adb

GNAT 10.3.0
Copyright 1992-2020, Free Software Foundation, Inc.

Compiling: /home/runner/work/alire-crates-ci/alire-crates-ci/test/5f655e40-67d4-410c-84fb-5572da83bba4/phcpack_2.4.88_e448e94a/src/Ada/Deformations/Curves/dobldobl_predictor_convolutions.adb
Source file time stamp: 2026-07-16 01:03:09
Compiled at: 2026-07-16 01:05:36
 827 lines: No errors
   [Ada]          standard_coefficient_storage.adb

GNAT 10.3.0
Copyright 1992-2020, Free Software Foundation, Inc.

Compiling: /home/runner/work/alire-crates-ci/alire-crates-ci/test/5f655e40-67d4-410c-84fb-5572da83bba4/phcpack_2.4.88_e448e94a/src/Ada/Math_Lib/Circuits/standard_coefficient_storage.adb
Source file time stamp: 2026-07-16 01:03:09
Compiled at: 2026-07-16 01:05:38
 121 lines: No errors
   [Ada]          standard_convolution_splitters.adb

GNAT 10.3.0
Copyright 1992-2020, Free Software Foundation, Inc.

Compiling: /home/runner/work/alire-crates-ci/alire-crates-ci/test/5f655e40-67d4-410c-84fb-5572da83bba4/phcpack_2.4.88_e448e94a/src/Ada/Math_Lib/Circuits/residual_convolution_circuits.adb
Source file time stamp: 2026-07-16 01:03:09
Compiled at: 2026-07-16 01:05:37
 520 lines: No errors
   [Ada]          standard_floating_vecvecvecs.adb

GNAT 10.3.0
Copyright 1992-2020, Free Software Foundation, Inc.

Compiling: /home/runner/work/alire-crates-ci/alire-crates-ci/test/5f655e40-67d4-410c-84fb-5572da83bba4/phcpack_2.4.88_e448e94a/src/Ada/Math_Lib/Vectors/standard_floating_vecvecvecs.adb
Source file time stamp: 2026-07-16 01:03:10
Compiled at: 2026-07-16 01:05:38
 83 lines: No errors
   [Ada]          standard_predictor_convolutions.adb

GNAT 10.3.0
Copyright 1992-2020, Free Software Foundation, Inc.

Compiling: /home/runner/work/alire-crates-ci/alire-crates-ci/test/5f655e40-67d4-410c-84fb-5572da83bba4/phcpack_2.4.88_e448e94a/src/Ada/Math_Lib/Circuits/standard_convolution_splitters.adb
Source file time stamp: 2026-07-16 01:03:09
Compiled at: 2026-07-16 01:05:38
 114 lines: No errors
   [Ada]          dobldobl_speelpenning_convolutions.ads

GNAT 10.3.0
Copyright 1992-2020, Free Software Foundation, Inc.

Compiling: /home/runner/work/alire-crates-ci/alire-crates-ci/test/5f655e40-67d4-410c-84fb-5572da83bba4/phcpack_2.4.88_e448e94a/src/Ada/Deformations/Curves/corrector_convolutions.adb
Source file time stamp: 2026-07-16 01:03:09
Compiled at: 2026-07-16 01:05:36
 1640 lines: No errors
   [Ada]          quaddobl_speelpenning_convolutions.ads

GNAT 10.3.0
Copyright 1992-2020, Free Software Foundation, Inc.

Compiling: /home/runner/work/alire-crates-ci/alire-crates-ci/test/5f655e40-67d4-410c-84fb-5572da83bba4/phcpack_2.4.88_e448e94a/src/Ada/Deformations/Curves/quaddobl_predictor_convolutions.adb
Source file time stamp: 2026-07-16 01:03:09
Compiled at: 2026-07-16 01:05:37
 827 lines: No errors
   [Ada]          reduction_of_polynomials.adb

GNAT 10.3.0
Copyright 1992-2020, Free Software Foundation, Inc.

Compiling: /home/runner/work/alire-crates-ci/alire-crates-ci/test/5f655e40-67d4-410c-84fb-5572da83bba4/phcpack_2.4.88_e448e94a/src/Ada/Deformations/Homotopy/reduction_of_polynomials.adb
Source file time stamp: 2026-07-16 01:03:09
Compiled at: 2026-07-16 01:05:39
 190 lines: No errors
   [Ada]          dobldobl_homotopy_convolutions_io.adb

GNAT 10.3.0
Copyright 1992-2020, Free Software Foundation, Inc.

Compiling: /home/runner/work/alire-crates-ci/alire-crates-ci/test/5f655e40-67d4-410c-84fb-5572da83bba4/phcpack_2.4.88_e448e94a/src/Ada/Deformations/Curves/dobldobl_homotopy_convolutions_io.adb
Source file time stamp: 2026-07-16 01:03:09
Compiled at: 2026-07-16 01:05:39
 80 lines: No errors
   [Ada]          quaddobl_homotopy_convolutions_io.adb

GNAT 10.3.0
Copyright 1992-2020, Free Software Foundation, Inc.

Compiling: /home/runner/work/alire-crates-ci/alire-crates-ci/test/5f655e40-67d4-410c-84fb-5572da83bba4/phcpack_2.4.88_e448e94a/src/Ada/Deformations/Curves/quaddobl_homotopy_convolutions_io.adb
Source file time stamp: 2026-07-16 01:03:09
Compiled at: 2026-07-16 01:05:39
 80 lines: No errors
   [Ada]          standard_homotopy_convolutions_io.adb

GNAT 10.3.0
Copyright 1992-2020, Free Software Foundation, Inc.

Compiling: /home/runner/work/alire-crates-ci/alire-crates-ci/test/5f655e40-67d4-410c-84fb-5572da83bba4/phcpack_2.4.88_e448e94a/src/Ada/Math_Lib/Circuits/dobldobl_speelpenning_convolutions.ads
Source file time stamp: 2026-07-16 01:03:09
Compiled at: 2026-07-16 01:05:38
 18 lines: No errors
   [Ada]          dobldobl_linear_reduction.adb

GNAT 10.3.0
Copyright 1992-2020, Free Software Foundation, Inc.

Compiling: /home/runner/work/alire-crates-ci/alire-crates-ci/test/5f655e40-67d4-410c-84fb-5572da83bba4/phcpack_2.4.88_e448e94a/src/Ada/Deformations/Curves/standard_predictor_convolutions.adb
Source file time stamp: 2026-07-16 01:03:09
Compiled at: 2026-07-16 01:05:38
 1636 lines: No errors
   [Ada]          quaddobl_linear_reduction.adb

GNAT 10.3.0
Copyright 1992-2020, Free Software Foundation, Inc.

Compiling: /home/runner/work/alire-crates-ci/alire-crates-ci/test/5f655e40-67d4-410c-84fb-5572da83bba4/phcpack_2.4.88_e448e94a/src/Ada/Math_Lib/Circuits/quaddobl_speelpenning_convolutions.ads
Source file time stamp: 2026-07-16 01:03:09
Compiled at: 2026-07-16 01:05:38
 18 lines: No errors
   [Ada]          standard_linear_reduction.adb

GNAT 10.3.0
Copyright 1992-2020, Free Software Foundation, Inc.

Compiling: /home/runner/work/alire-crates-ci/alire-crates-ci/test/5f655e40-67d4-410c-84fb-5572da83bba4/phcpack_2.4.88_e448e94a/src/Ada/Deformations/Curves/standard_homotopy_convolutions_io.adb
Source file time stamp: 2026-07-16 01:03:09
Compiled at: 2026-07-16 01:05:40
 80 lines: No errors
   [Ada]          equivariant_polynomial_systems.adb

GNAT 10.3.0
Copyright 1992-2020, Free Software Foundation, Inc.

Compiling: /home/runner/work/alire-crates-ci/alire-crates-ci/test/5f655e40-67d4-410c-84fb-5572da83bba4/phcpack_2.4.88_e448e94a/src/Ada/Deformations/Homotopy/dobldobl_linear_reduction.adb
Source file time stamp: 2026-07-16 01:03:09
Compiled at: 2026-07-16 01:05:40
 180 lines: No errors
   [Ada]          linear_symmetric_reduction.adb

GNAT 10.3.0
Copyright 1992-2020, Free Software Foundation, Inc.

Compiling: /home/runner/work/alire-crates-ci/alire-crates-ci/test/5f655e40-67d4-410c-84fb-5572da83bba4/phcpack_2.4.88_e448e94a/src/Ada/Root_Counts/Symmetry/equivariant_polynomial_systems.adb
Source file time stamp: 2026-07-16 01:03:10
Compiled at: 2026-07-16 01:05:40
 81 lines: No errors
   [Ada]          orbits_of_solutions.adb

GNAT 10.3.0
Copyright 1992-2020, Free Software Foundation, Inc.

Compiling: /home/runner/work/alire-crates-ci/alire-crates-ci/test/5f655e40-67d4-410c-84fb-5572da83bba4/phcpack_2.4.88_e448e94a/src/Ada/Deformations/Homotopy/quaddobl_linear_reduction.adb
Source file time stamp: 2026-07-16 01:03:09
Compiled at: 2026-07-16 01:05:40
 180 lines: No errors
   [Ada]          symmetric_set_structure.adb

GNAT 10.3.0
Copyright 1992-2020, Free Software Foundation, Inc.

Compiling: /home/runner/work/alire-crates-ci/alire-crates-ci/test/5f655e40-67d4-410c-84fb-5572da83bba4/phcpack_2.4.88_e448e94a/src/Ada/Deformations/Homotopy/standard_linear_reduction.adb
Source file time stamp: 2026-07-16 01:03:09
Compiled at: 2026-07-16 01:05:40
 175 lines: No errors
   [Ada]          symmetry_group_io.adb

GNAT 10.3.0
Copyright 1992-2020, Free Software Foundation, Inc.

Compiling: /home/runner/work/alire-crates-ci/alire-crates-ci/test/5f655e40-67d4-410c-84fb-5572da83bba4/phcpack_2.4.88_e448e94a/src/Ada/Root_Counts/Symmetry/symmetry_group_io.adb
Source file time stamp: 2026-07-16 01:03:10
Compiled at: 2026-07-16 01:05:40
 66 lines: No errors
   [Ada]          generic_position.adb

GNAT 10.3.0
Copyright 1992-2020, Free Software Foundation, Inc.

Compiling: /home/runner/work/alire-crates-ci/alire-crates-ci/test/5f655e40-67d4-410c-84fb-5572da83bba4/phcpack_2.4.88_e448e94a/src/Ada/Root_Counts/Implift/generic_position.adb
Source file time stamp: 2026-07-16 01:03:10
Compiled at: 2026-07-16 01:05:40
 33 lines: No errors
   [Ada]          main_vertex_points.adb

GNAT 10.3.0
Copyright 1992-2020, Free Software Foundation, Inc.

Compiling: /home/runner/work/alire-crates-ci/alire-crates-ci/test/5f655e40-67d4-410c-84fb-5572da83bba4/phcpack_2.4.88_e448e94a/src/Ada/Root_Counts/Symmetry/orbits_of_solutions.adb
Source file time stamp: 2026-07-16 01:03:10
Compiled at: 2026-07-16 01:05:40
 323 lines: No errors
   [Ada]          set_structures_and_volumes.adb

GNAT 10.3.0
Copyright 1992-2020, Free Software Foundation, Inc.

Compiling: /home/runner/work/alire-crates-ci/alire-crates-ci/test/5f655e40-67d4-410c-84fb-5572da83bba4/phcpack_2.4.88_e448e94a/src/Ada/Root_Counts/Symmetry/linear_symmetric_reduction.adb
Source file time stamp: 2026-07-16 01:03:10
Compiled at: 2026-07-16 01:05:40
 312 lines: No errors
   [Ada]          trees_of_vectors.adb

GNAT 10.3.0
Copyright 1992-2020, Free Software Foundation, Inc.

Compiling: /home/runner/work/alire-crates-ci/alire-crates-ci/test/5f655e40-67d4-410c-84fb-5572da83bba4/phcpack_2.4.88_e448e94a/src/Ada/Root_Counts/Symmetry/symmetric_set_structure.adb
Source file time stamp: 2026-07-16 01:03:10
Compiled at: 2026-07-16 01:05:40
 607 lines: No errors
   [Ada]          trees_of_vectors_io.adb

GNAT 10.3.0
Copyright 1992-2020, Free Software Foundation, Inc.

Compiling: /home/runner/work/alire-crates-ci/alire-crates-ci/test/5f655e40-67d4-410c-84fb-5572da83bba4/phcpack_2.4.88_e448e94a/src/Ada/Root_Counts/Implift/trees_of_vectors.adb
Source file time stamp: 2026-07-16 01:03:10
Compiled at: 2026-07-16 01:05:41
 82 lines: No errors
   [Ada]          decadobl_coefficient_homotopy.adb

GNAT 10.3.0
Copyright 1992-2020, Free Software Foundation, Inc.

Compiling: /home/runner/work/alire-crates-ci/alire-crates-ci/test/5f655e40-67d4-410c-84fb-5572da83bba4/phcpack_2.4.88_e448e94a/src/Ada/Root_Counts/Implift/main_vertex_points.adb
Source file time stamp: 2026-07-16 01:03:10
Compiled at: 2026-07-16 01:05:40
 165 lines: No errors
   [Ada]          decadobl_complex_numbers_cv.adb

GNAT 10.3.0
Copyright 1992-2020, Free Software Foundation, Inc.

Compiling: /home/runner/work/alire-crates-ci/alire-crates-ci/test/5f655e40-67d4-410c-84fb-5572da83bba4/phcpack_2.4.88_e448e94a/src/Ada/Root_Counts/Implift/trees_of_vectors_io.adb
Source file time stamp: 2026-07-16 01:03:10
Compiled at: 2026-07-16 01:05:41
 111 lines: No errors
   [Ada]          decadobl_complex_poly_systems_io.adb

GNAT 10.3.0
Copyright 1992-2020, Free Software Foundation, Inc.

Compiling: /home/runner/work/alire-crates-ci/alire-crates-ci/test/5f655e40-67d4-410c-84fb-5572da83bba4/phcpack_2.4.88_e448e94a/src/Ada/Math_Lib/QD/decadobl_complex_numbers_cv.adb
Source file time stamp: 2026-07-16 01:03:09
Compiled at: 2026-07-16 01:05:41
 152 lines: No errors
   [Ada]          decadobl_homotopy.adb

GNAT 10.3.0
Copyright 1992-2020, Free Software Foundation, Inc.

Compiling: /home/runner/work/alire-crates-ci/alire-crates-ci/test/5f655e40-67d4-410c-84fb-5572da83bba4/phcpack_2.4.88_e448e94a/src/Ada/Math_Lib/Polynomials/decadobl_complex_poly_systems_io.adb
Source file time stamp: 2026-07-16 01:03:09
Compiled at: 2026-07-16 01:05:41
 126 lines: No errors
   [Ada]          dobldobl_complex_hessians.ads

GNAT 10.3.0
Copyright 1992-2020, Free Software Foundation, Inc.

Compiling: /home/runner/work/alire-crates-ci/alire-crates-ci/test/5f655e40-67d4-410c-84fb-5572da83bba4/phcpack_2.4.88_e448e94a/src/Ada/Root_Counts/Implift/set_structures_and_volumes.adb
Source file time stamp: 2026-07-16 01:03:10
Compiled at: 2026-07-16 01:05:41
 704 lines: No errors
   [Ada]          dobldobl_cseries_jaco_matrices.ads

GNAT 10.3.0
Copyright 1992-2020, Free Software Foundation, Inc.

Compiling: /home/runner/work/alire-crates-ci/alire-crates-ci/test/5f655e40-67d4-410c-84fb-5572da83bba4/phcpack_2.4.88_e448e94a/src/Ada/Math_Lib/Polynomials/dobldobl_complex_hessians.ads
Source file time stamp: 2026-07-16 01:03:09
Compiled at: 2026-07-16 01:05:41
 19 lines: No errors
   [Ada]          dobldobl_cseries_poly_sysfun.ads

GNAT 10.3.0
Copyright 1992-2020, Free Software Foundation, Inc.

Compiling: /home/runner/work/alire-crates-ci/alire-crates-ci/test/5f655e40-67d4-410c-84fb-5572da83bba4/phcpack_2.4.88_e448e94a/src/Ada/Deformations/Homotopy/decadobl_coefficient_homotopy.adb
Source file time stamp: 2026-07-16 01:03:09
Compiled at: 2026-07-16 01:05:41
 402 lines: No errors
   [Ada]          dobldobl_pade_trackers.adb

GNAT 10.3.0
Copyright 1992-2020, Free Software Foundation, Inc.

Compiling: /home/runner/work/alire-crates-ci/alire-crates-ci/test/5f655e40-67d4-410c-84fb-5572da83bba4/phcpack_2.4.88_e448e94a/src/Ada/Math_Lib/Series/dobldobl_cseries_poly_sysfun.ads
Source file time stamp: 2026-07-16 01:03:09
Compiled at: 2026-07-16 01:05:41
 20 lines: No errors
   [Ada]          hexadobl_coefficient_homotopy.adb

GNAT 10.3.0
Copyright 1992-2020, Free Software Foundation, Inc.

Compiling: /home/runner/work/alire-crates-ci/alire-crates-ci/test/5f655e40-67d4-410c-84fb-5572da83bba4/phcpack_2.4.88_e448e94a/src/Ada/Math_Lib/Series/dobldobl_cseries_jaco_matrices.ads
Source file time stamp: 2026-07-16 01:03:09
Compiled at: 2026-07-16 01:05:41
 24 lines: No errors
   [Ada]          hexadobl_complex_numbers_cv.adb

GNAT 10.3.0
Copyright 1992-2020, Free Software Foundation, Inc.

Compiling: /home/runner/work/alire-crates-ci/alire-crates-ci/test/5f655e40-67d4-410c-84fb-5572da83bba4/phcpack_2.4.88_e448e94a/src/Ada/Math_Lib/QD/hexadobl_complex_numbers_cv.adb
Source file time stamp: 2026-07-16 01:03:09
Compiled at: 2026-07-16 01:05:42
 168 lines: No errors
   [Ada]          hexadobl_complex_poly_systems_io.adb

GNAT 10.3.0
Copyright 1992-2020, Free Software Foundation, Inc.

Compiling: /home/runner/work/alire-crates-ci/alire-crates-ci/test/5f655e40-67d4-410c-84fb-5572da83bba4/phcpack_2.4.88_e448e94a/src/Ada/Math_Lib/Polynomials/hexadobl_complex_poly_systems_io.adb
Source file time stamp: 2026-07-16 01:03:09
Compiled at: 2026-07-16 01:05:42
 126 lines: No errors
   [Ada]          hexadobl_homotopy.adb

GNAT 10.3.0
Copyright 1992-2020, Free Software Foundation, Inc.

Compiling: /home/runner/work/alire-crates-ci/alire-crates-ci/test/5f655e40-67d4-410c-84fb-5572da83bba4/phcpack_2.4.88_e448e94a/src/Ada/Deformations/Homotopy/decadobl_homotopy.adb
Source file time stamp: 2026-07-16 01:03:09
Compiled at: 2026-07-16 01:05:41
 810 lines: No errors
   [Ada]          hexadobl_system_and_solutions_io.adb

GNAT 10.3.0
Copyright 1992-2020, Free Software Foundation, Inc.

Compiling: /home/runner/work/alire-crates-ci/alire-crates-ci/test/5f655e40-67d4-410c-84fb-5572da83bba4/phcpack_2.4.88_e448e94a/src/Ada/Deformations/Homotopy/hexadobl_coefficient_homotopy.adb
Source file time stamp: 2026-07-16 01:03:09
Compiled at: 2026-07-16 01:05:41
 402 lines: No errors
   [Ada]          homotopy_mixed_residuals.adb

GNAT 10.3.0
Copyright 1992-2020, Free Software Foundation, Inc.

Compiling: /home/runner/work/alire-crates-ci/alire-crates-ci/test/5f655e40-67d4-410c-84fb-5572da83bba4/phcpack_2.4.88_e448e94a/src/Ada/Deformations/Solutions/hexadobl_system_and_solutions_io.adb
Source file time stamp: 2026-07-16 01:03:09
Compiled at: 2026-07-16 01:05:42
 139 lines: No errors
   [Ada]          homotopy_series_readers.adb

GNAT 10.3.0
Copyright 1992-2020, Free Software Foundation, Inc.

Compiling: /home/runner/work/alire-crates-ci/alire-crates-ci/test/5f655e40-67d4-410c-84fb-5572da83bba4/phcpack_2.4.88_e448e94a/src/Ada/Deformations/Curves/dobldobl_pade_trackers.adb
Source file time stamp: 2026-07-16 01:03:09
Compiled at: 2026-07-16 01:05:41
 799 lines: No errors
   [Ada]          octodobl_coefficient_homotopy.adb

GNAT 10.3.0
Copyright 1992-2020, Free Software Foundation, Inc.

Compiling: /home/runner/work/alire-crates-ci/alire-crates-ci/test/5f655e40-67d4-410c-84fb-5572da83bba4/phcpack_2.4.88_e448e94a/src/Ada/Deformations/Curves/homotopy_mixed_residuals.adb
Source file time stamp: 2026-07-16 01:03:09
Compiled at: 2026-07-16 01:05:42
 269 lines: No errors
   [Ada]          octodobl_complex_numbers_cv.adb

GNAT 10.3.0
Copyright 1992-2020, Free Software Foundation, Inc.

Compiling: /home/runner/work/alire-crates-ci/alire-crates-ci/test/5f655e40-67d4-410c-84fb-5572da83bba4/phcpack_2.4.88_e448e94a/src/Ada/Math_Lib/QD/octodobl_complex_numbers_cv.adb
Source file time stamp: 2026-07-16 01:03:09
Compiled at: 2026-07-16 01:05:42
 72 lines: No errors
   [Ada]          octodobl_complex_poly_systems_io.adb

GNAT 10.3.0
Copyright 1992-2020, Free Software Foundation, Inc.

Compiling: /home/runner/work/alire-crates-ci/alire-crates-ci/test/5f655e40-67d4-410c-84fb-5572da83bba4/phcpack_2.4.88_e448e94a/src/Ada/Math_Lib/Polynomials/octodobl_complex_poly_systems_io.adb
Source file time stamp: 2026-07-16 01:03:09
Compiled at: 2026-07-16 01:05:43
 126 lines: No errors
   [Ada]          octodobl_homotopy.adb

GNAT 10.3.0
Copyright 1992-2020, Free Software Foundation, Inc.

Compiling: /home/runner/work/alire-crates-ci/alire-crates-ci/test/5f655e40-67d4-410c-84fb-5572da83bba4/phcpack_2.4.88_e448e94a/src/Ada/Deformations/Homotopy/hexadobl_homotopy.adb
Source file time stamp: 2026-07-16 01:03:09
Compiled at: 2026-07-16 01:05:42
 810 lines: No errors
   [Ada]          pentdobl_coefficient_homotopy.adb

GNAT 10.3.0
Copyright 1992-2020, Free Software Foundation, Inc.

Compiling: /home/runner/work/alire-crates-ci/alire-crates-ci/test/5f655e40-67d4-410c-84fb-5572da83bba4/phcpack_2.4.88_e448e94a/src/Ada/Deformations/Homotopy/octodobl_coefficient_homotopy.adb
Source file time stamp: 2026-07-16 01:03:09
Compiled at: 2026-07-16 01:05:42
 402 lines: No errors
   [Ada]          pentdobl_complex_numbers_cv.adb

GNAT 10.3.0
Copyright 1992-2020, Free Software Foundation, Inc.

Compiling: /home/runner/work/alire-crates-ci/alire-crates-ci/test/5f655e40-67d4-410c-84fb-5572da83bba4/phcpack_2.4.88_e448e94a/src/Ada/Math_Lib/QD/pentdobl_complex_numbers_cv.adb
Source file time stamp: 2026-07-16 01:03:09
Compiled at: 2026-07-16 01:05:43
 72 lines: No errors
   [Ada]          pentdobl_complex_poly_systems_io.adb

GNAT 10.3.0
Copyright 1992-2020, Free Software Foundation, Inc.

Compiling: /home/runner/work/alire-crates-ci/alire-crates-ci/test/5f655e40-67d4-410c-84fb-5572da83bba4/phcpack_2.4.88_e448e94a/src/Ada/Deformations/Curves/homotopy_series_readers.adb
Source file time stamp: 2026-07-16 01:03:09
Compiled at: 2026-07-16 01:05:42
 1119 lines: No errors
   [Ada]          pentdobl_homotopy.adb

GNAT 10.3.0
Copyright 1992-2020, Free Software Foundation, Inc.

Compiling: /home/runner/work/alire-crates-ci/alire-crates-ci/test/5f655e40-67d4-410c-84fb-5572da83bba4/phcpack_2.4.88_e448e94a/src/Ada/Math_Lib/Polynomials/pentdobl_complex_poly_systems_io.adb
Source file time stamp: 2026-07-16 01:03:09
Compiled at: 2026-07-16 01:05:43
 126 lines: No errors
   [Ada]          quaddobl_complex_hessians.ads

GNAT 10.3.0
Copyright 1992-2020, Free Software Foundation, Inc.

Compiling: /home/runner/work/alire-crates-ci/alire-crates-ci/test/5f655e40-67d4-410c-84fb-5572da83bba4/phcpack_2.4.88_e448e94a/src/Ada/Deformations/Homotopy/pentdobl_coefficient_homotopy.adb
Source file time stamp: 2026-07-16 01:03:09
Compiled at: 2026-07-16 01:05:43
 402 lines: No errors
   [Ada]          quaddobl_cseries_jaco_matrices.ads

GNAT 10.3.0
Copyright 1992-2020, Free Software Foundation, Inc.

Compiling: /home/runner/work/alire-crates-ci/alire-crates-ci/test/5f655e40-67d4-410c-84fb-5572da83bba4/phcpack_2.4.88_e448e94a/src/Ada/Math_Lib/Polynomials/quaddobl_complex_hessians.ads
Source file time stamp: 2026-07-16 01:03:09
Compiled at: 2026-07-16 01:05:43
 19 lines: No errors
   [Ada]          quaddobl_cseries_poly_sysfun.ads

GNAT 10.3.0
Copyright 1992-2020, Free Software Foundation, Inc.

Compiling: /home/runner/work/alire-crates-ci/alire-crates-ci/test/5f655e40-67d4-410c-84fb-5572da83bba4/phcpack_2.4.88_e448e94a/src/Ada/Math_Lib/Series/quaddobl_cseries_poly_sysfun.ads
Source file time stamp: 2026-07-16 01:03:09
Compiled at: 2026-07-16 01:05:43
 20 lines: No errors
   [Ada]          quaddobl_pade_trackers.adb

GNAT 10.3.0
Copyright 1992-2020, Free Software Foundation, Inc.

Compiling: /home/runner/work/alire-crates-ci/alire-crates-ci/test/5f655e40-67d4-410c-84fb-5572da83bba4/phcpack_2.4.88_e448e94a/src/Ada/Deformations/Homotopy/octodobl_homotopy.adb
Source file time stamp: 2026-07-16 01:03:09
Compiled at: 2026-07-16 01:05:43
 810 lines: No errors
   [Ada]          series_and_homotopies.adb

GNAT 10.3.0
Copyright 1992-2020, Free Software Foundation, Inc.

Compiling: /home/runner/work/alire-crates-ci/alire-crates-ci/test/5f655e40-67d4-410c-84fb-5572da83bba4/phcpack_2.4.88_e448e94a/src/Ada/Math_Lib/Series/quaddobl_cseries_jaco_matrices.ads
Source file time stamp: 2026-07-16 01:03:09
Compiled at: 2026-07-16 01:05:43
 24 lines: No errors
   [Ada]          series_and_trackers.adb

GNAT 10.3.0
Copyright 1992-2020, Free Software Foundation, Inc.

Compiling: /home/runner/work/alire-crates-ci/alire-crates-ci/test/5f655e40-67d4-410c-84fb-5572da83bba4/phcpack_2.4.88_e448e94a/src/Ada/Deformations/Homotopy/pentdobl_homotopy.adb
Source file time stamp: 2026-07-16 01:03:09
Compiled at: 2026-07-16 01:05:43
 810 lines: No errors
   [Ada]          singular_values_of_hessians.adb

GNAT 10.3.0
Copyright 1992-2020, Free Software Foundation, Inc.

Compiling: /home/runner/work/alire-crates-ci/alire-crates-ci/test/5f655e40-67d4-410c-84fb-5572da83bba4/phcpack_2.4.88_e448e94a/src/Ada/Deformations/Curves/series_and_trackers.adb
Source file time stamp: 2026-07-16 01:03:09
Compiled at: 2026-07-16 01:05:44
 486 lines: No errors
   [Ada]          standard_complex_hessians.ads

GNAT 10.3.0
Copyright 1992-2020, Free Software Foundation, Inc.

Compiling: /home/runner/work/alire-crates-ci/alire-crates-ci/test/5f655e40-67d4-410c-84fb-5572da83bba4/phcpack_2.4.88_e448e94a/src/Ada/Deformations/Curves/quaddobl_pade_trackers.adb
Source file time stamp: 2026-07-16 01:03:09
Compiled at: 2026-07-16 01:05:44
 799 lines: No errors
   [Ada]          standard_cseries_jaco_matrices.ads

GNAT 10.3.0
Copyright 1992-2020, Free Software Foundation, Inc.

Compiling: /home/runner/work/alire-crates-ci/alire-crates-ci/test/5f655e40-67d4-410c-84fb-5572da83bba4/phcpack_2.4.88_e448e94a/src/Ada/Deformations/Curves/series_and_homotopies.adb
Source file time stamp: 2026-07-16 01:03:09
Compiled at: 2026-07-16 01:05:44
 882 lines: No errors
   [Ada]          standard_cseries_poly_sysfun.ads

GNAT 10.3.0
Copyright 1992-2020, Free Software Foundation, Inc.

Compiling: /home/runner/work/alire-crates-ci/alire-crates-ci/test/5f655e40-67d4-410c-84fb-5572da83bba4/phcpack_2.4.88_e448e94a/src/Ada/Deformations/Curves/singular_values_of_hessians.adb
Source file time stamp: 2026-07-16 01:03:09
Compiled at: 2026-07-16 01:05:44
 460 lines: No errors
   [Ada]          standard_pade_trackers.adb

GNAT 10.3.0
Copyright 1992-2020, Free Software Foundation, Inc.

Compiling: /home/runner/work/alire-crates-ci/alire-crates-ci/test/5f655e40-67d4-410c-84fb-5572da83bba4/phcpack_2.4.88_e448e94a/src/Ada/Math_Lib/Polynomials/standard_complex_hessians.ads
Source file time stamp: 2026-07-16 01:03:09
Compiled at: 2026-07-16 01:05:45
 19 lines: No errors
   [Ada]          tripdobl_coefficient_homotopy.adb

GNAT 10.3.0
Copyright 1992-2020, Free Software Foundation, Inc.

Compiling: /home/runner/work/alire-crates-ci/alire-crates-ci/test/5f655e40-67d4-410c-84fb-5572da83bba4/phcpack_2.4.88_e448e94a/src/Ada/Math_Lib/Series/standard_cseries_poly_sysfun.ads
Source file time stamp: 2026-07-16 01:03:09
Compiled at: 2026-07-16 01:05:45
 20 lines: No errors
   [Ada]          tripdobl_complex_numbers_cv.adb

GNAT 10.3.0
Copyright 1992-2020, Free Software Foundation, Inc.

Compiling: /home/runner/work/alire-crates-ci/alire-crates-ci/test/5f655e40-67d4-410c-84fb-5572da83bba4/phcpack_2.4.88_e448e94a/src/Ada/Math_Lib/Series/standard_cseries_jaco_matrices.ads
Source file time stamp: 2026-07-16 01:03:09
Compiled at: 2026-07-16 01:05:45
 24 lines: No errors
   [Ada]          tripdobl_complex_poly_systems_io.adb

GNAT 10.3.0
Copyright 1992-2020, Free Software Foundation, Inc.

Compiling: /home/runner/work/alire-crates-ci/alire-crates-ci/test/5f655e40-67d4-410c-84fb-5572da83bba4/phcpack_2.4.88_e448e94a/src/Ada/Math_Lib/QD/tripdobl_complex_numbers_cv.adb
Source file time stamp: 2026-07-16 01:03:09
Compiled at: 2026-07-16 01:05:45
 72 lines: No errors
   [Ada]          tripdobl_homotopy.adb

GNAT 10.3.0
Copyright 1992-2020, Free Software Foundation, Inc.

Compiling: /home/runner/work/alire-crates-ci/alire-crates-ci/test/5f655e40-67d4-410c-84fb-5572da83bba4/phcpack_2.4.88_e448e94a/src/Ada/Math_Lib/Polynomials/tripdobl_complex_poly_systems_io.adb
Source file time stamp: 2026-07-16 01:03:09
Compiled at: 2026-07-16 01:05:45
 126 lines: No errors
   [Ada]          interpolating_homotopies_driver.adb

GNAT 10.3.0
Copyright 1992-2020, Free Software Foundation, Inc.

Compiling: /home/runner/work/alire-crates-ci/alire-crates-ci/test/5f655e40-67d4-410c-84fb-5572da83bba4/phcpack_2.4.88_e448e94a/src/Ada/Root_Counts/Product/interpolating_homotopies_driver.adb
Source file time stamp: 2026-07-16 01:03:10
Compiled at: 2026-07-16 01:05:45
 231 lines: No errors
   [Ada]          faces_of_symmetric_polytopes.adb

GNAT 10.3.0
Copyright 1992-2020, Free Software Foundation, Inc.

Compiling: /home/runner/work/alire-crates-ci/alire-crates-ci/test/5f655e40-67d4-410c-84fb-5572da83bba4/phcpack_2.4.88_e448e94a/src/Ada/Deformations/Homotopy/tripdobl_coefficient_homotopy.adb
Source file time stamp: 2026-07-16 01:03:09
Compiled at: 2026-07-16 01:05:45
 402 lines: No errors
   [Ada]          generating_mixed_cells.adb

GNAT 10.3.0
Copyright 1992-2020, Free Software Foundation, Inc.

Compiling: /home/runner/work/alire-crates-ci/alire-crates-ci/test/5f655e40-67d4-410c-84fb-5572da83bba4/phcpack_2.4.88_e448e94a/src/Ada/Deformations/Curves/standard_pade_trackers.adb
Source file time stamp: 2026-07-16 01:03:09
Compiled at: 2026-07-16 01:05:45
 834 lines: No errors
   [Ada]          symmetric_lifting_functions.adb

GNAT 10.3.0
Copyright 1992-2020, Free Software Foundation, Inc.

Compiling: /home/runner/work/alire-crates-ci/alire-crates-ci/test/5f655e40-67d4-410c-84fb-5572da83bba4/phcpack_2.4.88_e448e94a/src/Ada/Root_Counts/Symmetry/faces_of_symmetric_polytopes.adb
Source file time stamp: 2026-07-16 01:03:10
Compiled at: 2026-07-16 01:05:45
 407 lines: No errors
   [Ada]          symmetric_polyhedral_continuation.adb

GNAT 10.3.0
Copyright 1992-2020, Free Software Foundation, Inc.

Compiling: /home/runner/work/alire-crates-ci/alire-crates-ci/test/5f655e40-67d4-410c-84fb-5572da83bba4/phcpack_2.4.88_e448e94a/src/Ada/Root_Counts/Symmetry/generating_mixed_cells.adb
Source file time stamp: 2026-07-16 01:03:10
Compiled at: 2026-07-16 01:05:45
 415 lines: No errors
   [Ada]          symmetric_randomize.adb

GNAT 10.3.0
Copyright 1992-2020, Free Software Foundation, Inc.

Compiling: /home/runner/work/alire-crates-ci/alire-crates-ci/test/5f655e40-67d4-410c-84fb-5572da83bba4/phcpack_2.4.88_e448e94a/src/Ada/Root_Counts/Symmetry/symmetric_lifting_functions.adb
Source file time stamp: 2026-07-16 01:03:10
Compiled at: 2026-07-16 01:05:46
 177 lines: No errors
   [Ada]          degree_structure.adb

GNAT 10.3.0
Copyright 1992-2020, Free Software Foundation, Inc.

Compiling: /home/runner/work/alire-crates-ci/alire-crates-ci/test/5f655e40-67d4-410c-84fb-5572da83bba4/phcpack_2.4.88_e448e94a/src/Ada/Root_Counts/Symmetry/symmetric_randomize.adb
Source file time stamp: 2026-07-16 01:03:10
Compiled at: 2026-07-16 01:05:46
 68 lines: No errors
   [Ada]          multi_homogeneous_start_systems.adb

GNAT 10.3.0
Copyright 1992-2020, Free Software Foundation, Inc.

Compiling: /home/runner/work/alire-crates-ci/alire-crates-ci/test/5f655e40-67d4-410c-84fb-5572da83bba4/phcpack_2.4.88_e448e94a/src/Ada/Root_Counts/Symmetry/symmetric_polyhedral_continuation.adb
Source file time stamp: 2026-07-16 01:03:10
Compiled at: 2026-07-16 01:05:46
 202 lines: No errors
   [Ada]          driver_for_minkowski_polynomials.adb

GNAT 10.3.0
Copyright 1992-2020, Free Software Foundation, Inc.

Compiling: /home/runner/work/alire-crates-ci/alire-crates-ci/test/5f655e40-67d4-410c-84fb-5572da83bba4/phcpack_2.4.88_e448e94a/src/Ada/Root_Counts/Product/degree_structure.adb
Source file time stamp: 2026-07-16 01:03:10
Compiled at: 2026-07-16 01:05:46
 277 lines: No errors
   [Ada]          dynamic_mixed_subdivisions.adb

GNAT 10.3.0
Copyright 1992-2020, Free Software Foundation, Inc.

Compiling: /home/runner/work/alire-crates-ci/alire-crates-ci/test/5f655e40-67d4-410c-84fb-5572da83bba4/phcpack_2.4.88_e448e94a/src/Ada/Deformations/Homotopy/tripdobl_homotopy.adb
Source file time stamp: 2026-07-16 01:03:09
Compiled at: 2026-07-16 01:05:45
 810 lines: No errors
   [Ada]          dynamic_polyhedral_continuation.adb

GNAT 10.3.0
Copyright 1992-2020, Free Software Foundation, Inc.

Compiling: /home/runner/work/alire-crates-ci/alire-crates-ci/test/5f655e40-67d4-410c-84fb-5572da83bba4/phcpack_2.4.88_e448e94a/src/Ada/Root_Counts/Dynlift/driver_for_minkowski_polynomials.adb
Source file time stamp: 2026-07-16 01:03:10
Compiled at: 2026-07-16 01:05:46
 87 lines: No errors
   [Ada]          standard_integer32_triangulations_io.adb

GNAT 10.3.0
Copyright 1992-2020, Free Software Foundation, Inc.

Compiling: /home/runner/work/alire-crates-ci/alire-crates-ci/test/5f655e40-67d4-410c-84fb-5572da83bba4/phcpack_2.4.88_e448e94a/src/Ada/Root_Counts/Product/multi_homogeneous_start_systems.adb
Source file time stamp: 2026-07-16 01:03:10
Compiled at: 2026-07-16 01:05:46
 206 lines: No errors
   [Ada]          dobldobl_mathematical_functions.adb

GNAT 10.3.0
Copyright 1992-2020, Free Software Foundation, Inc.

Compiling: /home/runner/work/alire-crates-ci/alire-crates-ci/test/5f655e40-67d4-410c-84fb-5572da83bba4/phcpack_2.4.88_e448e94a/src/Ada/Root_Counts/Dynlift/standard_integer32_triangulations_io.adb
Source file time stamp: 2026-07-16 01:03:10
Compiled at: 2026-07-16 01:05:46
 186 lines: No errors
   [Ada]          double_double_constants.ads

GNAT 10.3.0
Copyright 1992-2020, Free Software Foundation, Inc.

Compiling: /home/runner/work/alire-crates-ci/alire-crates-ci/test/5f655e40-67d4-410c-84fb-5572da83bba4/phcpack_2.4.88_e448e94a/src/Ada/Math_Lib/QD/double_double_constants.ads
Source file time stamp: 2026-07-16 01:03:09
Compiled at: 2026-07-16 01:05:46
 88 lines: No errors
   [Ada]          dobldobl_intrinsic_newton.adb

GNAT 10.3.0
Copyright 1992-2020, Free Software Foundation, Inc.

Compiling: /home/runner/work/alire-crates-ci/alire-crates-ci/test/5f655e40-67d4-410c-84fb-5572da83bba4/phcpack_2.4.88_e448e94a/src/Ada/Math_Lib/QD/dobldobl_mathematical_functions.adb
Source file time stamp: 2026-07-16 01:03:09
Compiled at: 2026-07-16 01:05:46
 468 lines: No errors
   [Ada]          dobldobl_intrinsic_trackers.adb

GNAT 10.3.0
Copyright 1992-2020, Free Software Foundation, Inc.

Compiling: /home/runner/work/alire-crates-ci/alire-crates-ci/test/5f655e40-67d4-410c-84fb-5572da83bba4/phcpack_2.4.88_e448e94a/src/Ada/Root_Counts/Dynlift/dynamic_mixed_subdivisions.adb
Source file time stamp: 2026-07-16 01:03:10
Compiled at: 2026-07-16 01:05:46
 944 lines: No errors
   [Ada]          dobldobl_quad_parameters.adb

GNAT 10.3.0
Copyright 1992-2020, Free Software Foundation, Inc.

Compiling: /home/runner/work/alire-crates-ci/alire-crates-ci/test/5f655e40-67d4-410c-84fb-5572da83bba4/phcpack_2.4.88_e448e94a/src/Ada/Deformations/Sweep/dobldobl_quad_parameters.adb
Source file time stamp: 2026-07-16 01:03:09
Compiled at: 2026-07-16 01:05:47
 96 lines: No errors
   [Ada]          dobldobl_quad_turn_points.adb

GNAT 10.3.0
Copyright 1992-2020, Free Software Foundation, Inc.

Compiling: /home/runner/work/alire-crates-ci/alire-crates-ci/test/5f655e40-67d4-410c-84fb-5572da83bba4/phcpack_2.4.88_e448e94a/src/Ada/Root_Counts/Dynlift/dynamic_polyhedral_continuation.adb
Source file time stamp: 2026-07-16 01:03:10
Compiled at: 2026-07-16 01:05:46
 724 lines: No errors
   [Ada]          dobldobl_quad_turn_points_io.adb

GNAT 10.3.0
Copyright 1992-2020, Free Software Foundation, Inc.

Compiling: /home/runner/work/alire-crates-ci/alire-crates-ci/test/5f655e40-67d4-410c-84fb-5572da83bba4/phcpack_2.4.88_e448e94a/src/Ada/Deformations/Sweep/dobldobl_quad_turn_points_io.adb
Source file time stamp: 2026-07-16 01:03:09
Compiled at: 2026-07-16 01:05:47
 331 lines: No errors
   [Ada]          quaddobl_quad_parameters.adb

GNAT 10.3.0
Copyright 1992-2020, Free Software Foundation, Inc.

Compiling: /home/runner/work/alire-crates-ci/alire-crates-ci/test/5f655e40-67d4-410c-84fb-5572da83bba4/phcpack_2.4.88_e448e94a/src/Ada/Deformations/Sweep/quaddobl_quad_parameters.adb
Source file time stamp: 2026-07-16 01:03:09
Compiled at: 2026-07-16 01:05:47
 96 lines: No errors
   [Ada]          quaddobl_quad_turn_points.adb

GNAT 10.3.0
Copyright 1992-2020, Free Software Foundation, Inc.

Compiling: /home/runner/work/alire-crates-ci/alire-crates-ci/test/5f655e40-67d4-410c-84fb-5572da83bba4/phcpack_2.4.88_e448e94a/src/Ada/Components/Samplers/dobldobl_intrinsic_trackers.adb
Source file time stamp: 2026-07-16 01:03:09
Compiled at: 2026-07-16 01:05:46
 1564 lines: No errors
   [Ada]          quaddobl_quad_turn_points_io.adb

GNAT 10.3.0
Copyright 1992-2020, Free Software Foundation, Inc.

Compiling: /home/runner/work/alire-crates-ci/alire-crates-ci/test/5f655e40-67d4-410c-84fb-5572da83bba4/phcpack_2.4.88_e448e94a/src/Ada/Deformations/Sweep/quaddobl_quad_turn_points_io.adb
Source file time stamp: 2026-07-16 01:03:09
Compiled at: 2026-07-16 01:05:47
 331 lines: No errors
   [Ada]          standard_quad_parameters.adb

GNAT 10.3.0
Copyright 1992-2020, Free Software Foundation, Inc.

Compiling: /home/runner/work/alire-crates-ci/alire-crates-ci/test/5f655e40-67d4-410c-84fb-5572da83bba4/phcpack_2.4.88_e448e94a/src/Ada/Deformations/Sweep/standard_quad_parameters.adb
Source file time stamp: 2026-07-16 01:03:09
Compiled at: 2026-07-16 01:05:47
 87 lines: No errors
   [Ada]          standard_quad_turn_points_io.adb

GNAT 10.3.0
Copyright 1992-2020, Free Software Foundation, Inc.

Compiling: /home/runner/work/alire-crates-ci/alire-crates-ci/test/5f655e40-67d4-410c-84fb-5572da83bba4/phcpack_2.4.88_e448e94a/src/Ada/Deformations/Sweep/standard_quad_turn_points_io.adb
Source file time stamp: 2026-07-16 01:03:09
Compiled at: 2026-07-16 01:05:47
 331 lines: No errors
   [Ada]          quaddobl_intrinsic_newton.adb

GNAT 10.3.0
Copyright 1992-2020, Free Software Foundation, Inc.

Compiling: /home/runner/work/alire-crates-ci/alire-crates-ci/test/5f655e40-67d4-410c-84fb-5572da83bba4/phcpack_2.4.88_e448e94a/src/Ada/Deformations/Sweep/dobldobl_quad_turn_points.adb
Source file time stamp: 2026-07-16 01:03:09
Compiled at: 2026-07-16 01:05:47
 1690 lines: No errors
   [Ada]          quaddobl_intrinsic_trackers.adb

GNAT 10.3.0
Copyright 1992-2020, Free Software Foundation, Inc.

Compiling: /home/runner/work/alire-crates-ci/alire-crates-ci/test/5f655e40-67d4-410c-84fb-5572da83bba4/phcpack_2.4.88_e448e94a/src/Ada/Components/Samplers/dobldobl_intrinsic_newton.adb
Source file time stamp: 2026-07-16 01:03:09
Compiled at: 2026-07-16 01:05:46
 1767 lines: No errors
   [Ada]          quad_double_constants.ads

GNAT 10.3.0
Copyright 1992-2020, Free Software Foundation, Inc.

Compiling: /home/runner/work/alire-crates-ci/alire-crates-ci/test/5f655e40-67d4-410c-84fb-5572da83bba4/phcpack_2.4.88_e448e94a/src/Ada/Deformations/Sweep/quaddobl_quad_turn_points.adb
Source file time stamp: 2026-07-16 01:03:09
Compiled at: 2026-07-16 01:05:47
 1690 lines: No errors
   [Ada]          quaddobl_mathematical_functions.adb

GNAT 10.3.0
Copyright 1992-2020, Free Software Foundation, Inc.

Compiling: /home/runner/work/alire-crates-ci/alire-crates-ci/test/5f655e40-67d4-410c-84fb-5572da83bba4/phcpack_2.4.88_e448e94a/src/Ada/Math_Lib/QD/quaddobl_mathematical_functions.adb
Source file time stamp: 2026-07-16 01:03:09
Compiled at: 2026-07-16 01:05:49
 547 lines: No errors
   [Ada]          dobldobl_complex_ring_io.ads

GNAT 10.3.0
Copyright 1992-2020, Free Software Foundation, Inc.

Compiling: /home/runner/work/alire-crates-ci/alire-crates-ci/test/5f655e40-67d4-410c-84fb-5572da83bba4/phcpack_2.4.88_e448e94a/src/Ada/Math_Lib/QD/dobldobl_complex_ring_io.ads
Source file time stamp: 2026-07-16 01:03:09
Compiled at: 2026-07-16 01:05:49
 12 lines: No errors
   [Ada]          standard_intrinsic_newton.adb

GNAT 10.3.0
Copyright 1992-2020, Free Software Foundation, Inc.

Compiling: /home/runner/work/alire-crates-ci/alire-crates-ci/test/5f655e40-67d4-410c-84fb-5572da83bba4/phcpack_2.4.88_e448e94a/src/Ada/Components/Samplers/quaddobl_intrinsic_trackers.adb
Source file time stamp: 2026-07-16 01:03:09
Compiled at: 2026-07-16 01:05:48
 1564 lines: No errors
   [Ada]          standard_intrinsic_trackers.adb

GNAT 10.3.0
Copyright 1992-2020, Free Software Foundation, Inc.

Compiling: /home/runner/work/alire-crates-ci/alire-crates-ci/test/5f655e40-67d4-410c-84fb-5572da83bba4/phcpack_2.4.88_e448e94a/src/Ada/Components/Samplers/quaddobl_intrinsic_newton.adb
Source file time stamp: 2026-07-16 01:03:09
Compiled at: 2026-07-16 01:05:48
 1767 lines: No errors
   [Ada]          quaddobl_complex_ring_io.ads

GNAT 10.3.0
Copyright 1992-2020, Free Software Foundation, Inc.

Compiling: /home/runner/work/alire-crates-ci/alire-crates-ci/test/5f655e40-67d4-410c-84fb-5572da83bba4/phcpack_2.4.88_e448e94a/src/Ada/Math_Lib/QD/quaddobl_complex_ring_io.ads
Source file time stamp: 2026-07-16 01:03:09
Compiled at: 2026-07-16 01:05:50
 12 lines: No errors
   [Ada]          standard_complex_ring_io.ads

GNAT 10.3.0
Copyright 1992-2020, Free Software Foundation, Inc.

Compiling: /home/runner/work/alire-crates-ci/alire-crates-ci/test/5f655e40-67d4-410c-84fb-5572da83bba4/phcpack_2.4.88_e448e94a/src/Ada/Math_Lib/Numbers/standard_complex_ring_io.ads
Source file time stamp: 2026-07-16 01:03:09
Compiled at: 2026-07-16 01:05:50
 12 lines: No errors
   [Ada]          dobldobl_linear_product_system.adb

GNAT 10.3.0
Copyright 1992-2020, Free Software Foundation, Inc.

Compiling: /home/runner/work/alire-crates-ci/alire-crates-ci/test/5f655e40-67d4-410c-84fb-5572da83bba4/phcpack_2.4.88_e448e94a/src/Ada/Components/Samplers/standard_intrinsic_trackers.adb
Source file time stamp: 2026-07-16 01:03:09
Compiled at: 2026-07-16 01:05:49
 1377 lines: No errors
   [Ada]          quaddobl_linear_product_system.adb

GNAT 10.3.0
Copyright 1992-2020, Free Software Foundation, Inc.

Compiling: /home/runner/work/alire-crates-ci/alire-crates-ci/test/5f655e40-67d4-410c-84fb-5572da83bba4/phcpack_2.4.88_e448e94a/src/Ada/Math_Lib/QD/quad_double_constants.ads
Source file time stamp: 2026-07-16 01:03:09
Compiled at: 2026-07-16 01:05:48
 1717 lines: No errors
   [Ada]          polyhedral_coefficient_parameters.adb

GNAT 10.3.0
Copyright 1992-2020, Free Software Foundation, Inc.

Compiling: /home/runner/work/alire-crates-ci/alire-crates-ci/test/5f655e40-67d4-410c-84fb-5572da83bba4/phcpack_2.4.88_e448e94a/src/Ada/Root_Counts/Stalift/polyhedral_coefficient_parameters.adb
Source file time stamp: 2026-07-16 01:03:10
Compiled at: 2026-07-16 01:05:50
 67 lines: No errors
   [Ada]          polyhedral_coefficient_trackers.adb

GNAT 10.3.0
Copyright 1992-2020, Free Software Foundation, Inc.

Compiling: /home/runner/work/alire-crates-ci/alire-crates-ci/test/5f655e40-67d4-410c-84fb-5572da83bba4/phcpack_2.4.88_e448e94a/src/Ada/Components/Samplers/standard_intrinsic_newton.adb
Source file time stamp: 2026-07-16 01:03:09
Compiled at: 2026-07-16 01:05:49
 1757 lines: No errors
   [Ada]          drivers_for_failed_paths.adb

GNAT 10.3.0
Copyright 1992-2020, Free Software Foundation, Inc.

Compiling: /home/runner/work/alire-crates-ci/alire-crates-ci/test/5f655e40-67d4-410c-84fb-5572da83bba4/phcpack_2.4.88_e448e94a/src/Ada/Root_Counts/Product/dobldobl_linear_product_system.adb
Source file time stamp: 2026-07-16 01:03:10
Compiled at: 2026-07-16 01:05:50
 833 lines: No errors
   [Ada]          multitasked_dd_qd_refiners.adb

GNAT 10.3.0
Copyright 1992-2020, Free Software Foundation, Inc.

Compiling: /home/runner/work/alire-crates-ci/alire-crates-ci/test/5f655e40-67d4-410c-84fb-5572da83bba4/phcpack_2.4.88_e448e94a/src/Ada/Root_Counts/Stalift/polyhedral_coefficient_trackers.adb
Source file time stamp: 2026-07-16 01:03:10
Compiled at: 2026-07-16 01:05:50
 420 lines: No errors
   [Ada]          multprec_deflate_singularities.adb

GNAT 10.3.0
Copyright 1992-2020, Free Software Foundation, Inc.

Compiling: /home/runner/work/alire-crates-ci/alire-crates-ci/test/5f655e40-67d4-410c-84fb-5572da83bba4/phcpack_2.4.88_e448e94a/src/Ada/Deformations/Solutions/drivers_for_failed_paths.adb
Source file time stamp: 2026-07-16 01:03:09
Compiled at: 2026-07-16 01:05:51
 429 lines: No errors
   [Ada]          multprec_deflation_methods.adb

GNAT 10.3.0
Copyright 1992-2020, Free Software Foundation, Inc.

Compiling: /home/runner/work/alire-crates-ci/alire-crates-ci/test/5f655e40-67d4-410c-84fb-5572da83bba4/phcpack_2.4.88_e448e94a/src/Ada/Root_Counts/Product/quaddobl_linear_product_system.adb
Source file time stamp: 2026-07-16 01:03:10
Compiled at: 2026-07-16 01:05:50
 835 lines: No errors
   [Ada]          multprec_deflation_trees_io.adb

GNAT 10.3.0
Copyright 1992-2020, Free Software Foundation, Inc.

Compiling: /home/runner/work/alire-crates-ci/alire-crates-ci/test/5f655e40-67d4-410c-84fb-5572da83bba4/phcpack_2.4.88_e448e94a/src/Ada/Deformations/Newton/multprec_deflation_trees_io.adb
Source file time stamp: 2026-07-16 01:03:09
Compiled at: 2026-07-16 01:05:51
 105 lines: No errors
   [Ada]          multprec_random_matrices.adb

GNAT 10.3.0
Copyright 1992-2020, Free Software Foundation, Inc.

Compiling: /home/runner/work/alire-crates-ci/alire-crates-ci/test/5f655e40-67d4-410c-84fb-5572da83bba4/phcpack_2.4.88_e448e94a/src/Ada/Tasking/multitasked_dd_qd_refiners.adb
Source file time stamp: 2026-07-16 01:03:10
Compiled at: 2026-07-16 01:05:51
 188 lines: No errors
   [Ada]          multprec_floating_poly_systems.ads

GNAT 10.3.0
Copyright 1992-2020, Free Software Foundation, Inc.

Compiling: /home/runner/work/alire-crates-ci/alire-crates-ci/test/5f655e40-67d4-410c-84fb-5572da83bba4/phcpack_2.4.88_e448e94a/src/Ada/Deformations/Newton/multprec_deflate_singularities.adb
Source file time stamp: 2026-07-16 01:03:09
Compiled at: 2026-07-16 01:05:51
 417 lines: No errors
   [Ada]          multprec_floating_polynomials.ads

GNAT 10.3.0
Copyright 1992-2020, Free Software Foundation, Inc.

Compiling: /home/runner/work/alire-crates-ci/alire-crates-ci/test/5f655e40-67d4-410c-84fb-5572da83bba4/phcpack_2.4.88_e448e94a/src/Ada/Math_Lib/Polynomials/multprec_floating_poly_systems.ads
Source file time stamp: 2026-07-16 01:03:09
Compiled at: 2026-07-16 01:05:51
 11 lines: No errors
   [Ada]          dobldobl_solution_splitters.adb

GNAT 10.3.0
Copyright 1992-2020, Free Software Foundation, Inc.

Compiling: /home/runner/work/alire-crates-ci/alire-crates-ci/test/5f655e40-67d4-410c-84fb-5572da83bba4/phcpack_2.4.88_e448e94a/src/Ada/Math_Lib/Matrices/multprec_random_matrices.adb
Source file time stamp: 2026-07-16 01:03:09
Compiled at: 2026-07-16 01:05:51
 190 lines: No errors
   [Ada]          multitasking_root_refiners.adb

GNAT 10.3.0
Copyright 1992-2020, Free Software Foundation, Inc.

Compiling: /home/runner/work/alire-crates-ci/alire-crates-ci/test/5f655e40-67d4-410c-84fb-5572da83bba4/phcpack_2.4.88_e448e94a/src/Ada/Deformations/Solutions/dobldobl_solution_splitters.adb
Source file time stamp: 2026-07-16 01:03:09
Compiled at: 2026-07-16 01:05:52
 218 lines: No errors
   [Ada]          checker_boards.adb

GNAT 10.3.0
Copyright 1992-2020, Free Software Foundation, Inc.

Compiling: /home/runner/work/alire-crates-ci/alire-crates-ci/test/5f655e40-67d4-410c-84fb-5572da83bba4/phcpack_2.4.88_e448e94a/src/Ada/Schubert/Induction/checker_boards.adb
Source file time stamp: 2026-07-16 01:03:10
Compiled at: 2026-07-16 01:05:52
 72 lines: No errors
   [Ada]          standard_natural_matrices_io.ads

GNAT 10.3.0
Copyright 1992-2020, Free Software Foundation, Inc.

Compiling: /home/runner/work/alire-crates-ci/alire-crates-ci/test/5f655e40-67d4-410c-84fb-5572da83bba4/phcpack_2.4.88_e448e94a/src/Ada/Math_Lib/Matrices/standard_natural_matrices_io.ads
Source file time stamp: 2026-07-16 01:03:09
Compiled at: 2026-07-16 01:05:52
 12 lines: No errors
   [Ada]          checker_homotopies.adb

GNAT 10.3.0
Copyright 1992-2020, Free Software Foundation, Inc.

Compiling: /home/runner/work/alire-crates-ci/alire-crates-ci/test/5f655e40-67d4-410c-84fb-5572da83bba4/phcpack_2.4.88_e448e94a/src/Ada/Math_Lib/Polynomials/multprec_floating_polynomials.ads
Source file time stamp: 2026-07-16 01:03:09
Compiled at: 2026-07-16 01:05:52
 8 lines: No errors
   [Ada]          moving_flag_continuation.adb

GNAT 10.3.0
Copyright 1992-2020, Free Software Foundation, Inc.

Compiling: /home/runner/work/alire-crates-ci/alire-crates-ci/test/5f655e40-67d4-410c-84fb-5572da83bba4/phcpack_2.4.88_e448e94a/src/Ada/Deformations/Newton/multprec_deflation_methods.adb
Source file time stamp: 2026-07-16 01:03:09
Compiled at: 2026-07-16 01:05:51
 1002 lines: No errors
   [Ada]          localization_posets_io.adb

GNAT 10.3.0
Copyright 1992-2020, Free Software Foundation, Inc.

Compiling: /home/runner/work/alire-crates-ci/alire-crates-ci/test/5f655e40-67d4-410c-84fb-5572da83bba4/phcpack_2.4.88_e448e94a/src/Ada/Schubert/Pieri/localization_posets_io.adb
Source file time stamp: 2026-07-16 01:03:10
Compiled at: 2026-07-16 01:05:52
 172 lines: No errors
   [Ada]          dobldobl_complex_poly_matrices_io.ads

GNAT 10.3.0
Copyright 1992-2020, Free Software Foundation, Inc.

Compiling: /home/runner/work/alire-crates-ci/alire-crates-ci/test/5f655e40-67d4-410c-84fb-5572da83bba4/phcpack_2.4.88_e448e94a/src/Ada/Math_Lib/Polynomials/dobldobl_complex_poly_matrices_io.ads
Source file time stamp: 2026-07-16 01:03:09
Compiled at: 2026-07-16 01:05:53
 13 lines: No errors
   [Ada]          numeric_schubert_conditions.adb

GNAT 10.3.0
Copyright 1992-2020, Free Software Foundation, Inc.

Compiling: /home/runner/work/alire-crates-ci/alire-crates-ci/test/5f655e40-67d4-410c-84fb-5572da83bba4/phcpack_2.4.88_e448e94a/src/Ada/Schubert/Induction/numeric_schubert_conditions.adb
Source file time stamp: 2026-07-16 01:03:10
Compiled at: 2026-07-16 01:05:53
 2100 lines: No errors
   [Ada]          quaddobl_complex_poly_matrices_io.ads

GNAT 10.3.0
Copyright 1992-2020, Free Software Foundation, Inc.

Compiling: /home/runner/work/alire-crates-ci/alire-crates-ci/test/5f655e40-67d4-410c-84fb-5572da83bba4/phcpack_2.4.88_e448e94a/src/Ada/Math_Lib/Polynomials/quaddobl_complex_poly_matrices_io.ads
Source file time stamp: 2026-07-16 01:03:09
Compiled at: 2026-07-16 01:05:54
 13 lines: No errors
   [Ada]          symbolic_schubert_conditions.adb

GNAT 10.3.0
Copyright 1992-2020, Free Software Foundation, Inc.

Compiling: /home/runner/work/alire-crates-ci/alire-crates-ci/test/5f655e40-67d4-410c-84fb-5572da83bba4/phcpack_2.4.88_e448e94a/src/Ada/Tasking/multitasking_root_refiners.adb
Source file time stamp: 2026-07-16 01:03:10
Compiled at: 2026-07-16 01:05:52
 2235 lines: No errors
   [Ada]          dobldobl_complex_poly_matrices.ads

GNAT 10.3.0
Copyright 1992-2020, Free Software Foundation, Inc.

Compiling: /home/runner/work/alire-crates-ci/alire-crates-ci/test/5f655e40-67d4-410c-84fb-5572da83bba4/phcpack_2.4.88_e448e94a/src/Ada/Schubert/Induction/symbolic_schubert_conditions.adb
Source file time stamp: 2026-07-16 01:03:10
Compiled at: 2026-07-16 01:05:54
 353 lines: No errors
   [Ada]          quaddobl_complex_poly_matrices.ads

GNAT 10.3.0
Copyright 1992-2020, Free Software Foundation, Inc.

Compiling: /home/runner/work/alire-crates-ci/alire-crates-ci/test/5f655e40-67d4-410c-84fb-5572da83bba4/phcpack_2.4.88_e448e94a/src/Ada/Math_Lib/Polynomials/dobldobl_complex_poly_matrices.ads
Source file time stamp: 2026-07-16 01:03:09
Compiled at: 2026-07-16 01:05:54
 10 lines: No errors
   [Ada]          standard_natural_ring_io.ads

GNAT 10.3.0
Copyright 1992-2020, Free Software Foundation, Inc.

Compiling: /home/runner/work/alire-crates-ci/alire-crates-ci/test/5f655e40-67d4-410c-84fb-5572da83bba4/phcpack_2.4.88_e448e94a/src/Ada/Math_Lib/Numbers/standard_natural_ring_io.ads
Source file time stamp: 2026-07-16 01:03:09
Compiled at: 2026-07-16 01:05:55
 12 lines: No errors
   [Ada]          wrapped_solution_vectors.adb

GNAT 10.3.0
Copyright 1992-2020, Free Software Foundation, Inc.

Compiling: /home/runner/work/alire-crates-ci/alire-crates-ci/test/5f655e40-67d4-410c-84fb-5572da83bba4/phcpack_2.4.88_e448e94a/src/Ada/Schubert/Induction/moving_flag_continuation.adb
Source file time stamp: 2026-07-16 01:03:10
Compiled at: 2026-07-16 01:05:52
 3382 lines: No errors
   [Ada]          flag_transformations.adb

GNAT 10.3.0
Copyright 1992-2020, Free Software Foundation, Inc.

Compiling: /home/runner/work/alire-crates-ci/alire-crates-ci/test/5f655e40-67d4-410c-84fb-5572da83bba4/phcpack_2.4.88_e448e94a/src/Ada/Deformations/Homotopy/wrapped_solution_vectors.adb
Source file time stamp: 2026-07-16 01:03:09
Compiled at: 2026-07-16 01:05:55
 258 lines: No errors
   [Ada]          start_flag_homotopies.adb

GNAT 10.3.0
Copyright 1992-2020, Free Software Foundation, Inc.

Compiling: /home/runner/work/alire-crates-ci/alire-crates-ci/test/5f655e40-67d4-410c-84fb-5572da83bba4/phcpack_2.4.88_e448e94a/src/Ada/Math_Lib/Polynomials/quaddobl_complex_poly_matrices.ads
Source file time stamp: 2026-07-16 01:03:09
Compiled at: 2026-07-16 01:05:55
 10 lines: No errors
   [Ada]          bracket_expansions.adb

GNAT 10.3.0
Copyright 1992-2020, Free Software Foundation, Inc.

Compiling: /home/runner/work/alire-crates-ci/alire-crates-ci/test/5f655e40-67d4-410c-84fb-5572da83bba4/phcpack_2.4.88_e448e94a/src/Ada/Schubert/SAGBI/bracket_expansions.adb
Source file time stamp: 2026-07-16 01:03:10
Compiled at: 2026-07-16 01:05:55
 472 lines: No errors
   [Ada]          matrix_homotopies.adb

GNAT 10.3.0
Copyright 1992-2020, Free Software Foundation, Inc.

Compiling: /home/runner/work/alire-crates-ci/alire-crates-ci/test/5f655e40-67d4-410c-84fb-5572da83bba4/phcpack_2.4.88_e448e94a/src/Ada/Schubert/Induction/start_flag_homotopies.adb
Source file time stamp: 2026-07-16 01:03:10
Compiled at: 2026-07-16 01:05:55
 447 lines: No errors
   [Ada]          matrix_homotopies_io.adb

GNAT 10.3.0
Copyright 1992-2020, Free Software Foundation, Inc.

Compiling: /home/runner/work/alire-crates-ci/alire-crates-ci/test/5f655e40-67d4-410c-84fb-5572da83bba4/phcpack_2.4.88_e448e94a/src/Ada/Schubert/SAGBI/matrix_homotopies_io.adb
Source file time stamp: 2026-07-16 01:03:10
Compiled at: 2026-07-16 01:05:56
 29 lines: No errors
   [Ada]          sagbi_homotopies.adb

GNAT 10.3.0
Copyright 1992-2020, Free Software Foundation, Inc.

Compiling: /home/runner/work/alire-crates-ci/alire-crates-ci/test/5f655e40-67d4-410c-84fb-5572da83bba4/phcpack_2.4.88_e448e94a/src/Ada/Schubert/SAGBI/matrix_homotopies.adb
Source file time stamp: 2026-07-16 01:03:10
Compiled at: 2026-07-16 01:05:56
 117 lines: No errors
   [Ada]          system_call.adb

GNAT 10.3.0
Copyright 1992-2020, Free Software Foundation, Inc.

Compiling: /home/runner/work/alire-crates-ci/alire-crates-ci/test/5f655e40-67d4-410c-84fb-5572da83bba4/phcpack_2.4.88_e448e94a/src/Ada/System/system_call.adb
Source file time stamp: 2026-07-16 01:03:10
Compiled at: 2026-07-16 01:05:56
 20 lines: No errors
   [Ada]          standard_integer64_kernel.adb

GNAT 10.3.0
Copyright 1992-2020, Free Software Foundation, Inc.

Compiling: /home/runner/work/alire-crates-ci/alire-crates-ci/test/5f655e40-67d4-410c-84fb-5572da83bba4/phcpack_2.4.88_e448e94a/src/Ada/Schubert/Induction/checker_homotopies.adb
Source file time stamp: 2026-07-16 01:03:10
Compiled at: 2026-07-16 01:05:52
 3867 lines: No errors
   [Ada]          standard_integer64_matrices_io.ads

GNAT 10.3.0
Copyright 1992-2020, Free Software Foundation, Inc.

Compiling: /home/runner/work/alire-crates-ci/alire-crates-ci/test/5f655e40-67d4-410c-84fb-5572da83bba4/phcpack_2.4.88_e448e94a/src/Ada/Root_Counts/Binomials/standard_integer64_kernel.adb
Source file time stamp: 2026-07-16 01:03:10
Compiled at: 2026-07-16 01:05:56
 104 lines: No errors
   [Ada]          standard_integer_kernel.adb

GNAT 10.3.0
Copyright 1992-2020, Free Software Foundation, Inc.

Compiling: /home/runner/work/alire-crates-ci/alire-crates-ci/test/5f655e40-67d4-410c-84fb-5572da83bba4/phcpack_2.4.88_e448e94a/src/Ada/Math_Lib/Matrices/standard_integer64_matrices_io.ads
Source file time stamp: 2026-07-16 01:03:09
Compiled at: 2026-07-16 01:05:56
 13 lines: No errors
   [Ada]          fast_double_renormalizations.adb

GNAT 10.3.0
Copyright 1992-2020, Free Software Foundation, Inc.

Compiling: /home/runner/work/alire-crates-ci/alire-crates-ci/test/5f655e40-67d4-410c-84fb-5572da83bba4/phcpack_2.4.88_e448e94a/src/Ada/Schubert/SAGBI/sagbi_homotopies.adb
Source file time stamp: 2026-07-16 01:03:10
Compiled at: 2026-07-16 01:05:56
 452 lines: No errors
   [Ada]          quaddobl_solution_splitters.adb

GNAT 10.3.0
Copyright 1992-2020, Free Software Foundation, Inc.

Compiling: /home/runner/work/alire-crates-ci/alire-crates-ci/test/5f655e40-67d4-410c-84fb-5572da83bba4/phcpack_2.4.88_e448e94a/src/Ada/Root_Counts/Binomials/standard_integer_kernel.adb
Source file time stamp: 2026-07-16 01:03:10
Compiled at: 2026-07-16 01:05:56
 126 lines: No errors
   [Ada]          generic_vecvecs_io.adb

GNAT 10.3.0
Copyright 1992-2020, Free Software Foundation, Inc.

Compiling: /home/runner/work/alire-crates-ci/alire-crates-ci/test/5f655e40-67d4-410c-84fb-5572da83bba4/phcpack_2.4.88_e448e94a/src/Ada/Math_Lib/Vectors/generic_vecvecs_io.adb
Source file time stamp: 2026-07-16 01:03:10
Compiled at: 2026-07-16 01:05:56
 130 lines: No errors
   [Ada]          standard_integer_vecvecs_io.ads

GNAT 10.3.0
Copyright 1992-2020, Free Software Foundation, Inc.

Compiling: /home/runner/work/alire-crates-ci/alire-crates-ci/test/5f655e40-67d4-410c-84fb-5572da83bba4/phcpack_2.4.88_e448e94a/src/Ada/Schubert/Induction/flag_transformations.adb
Source file time stamp: 2026-07-16 01:03:10
Compiled at: 2026-07-16 01:05:55
 777 lines: No errors
   [Ada]          drivers_for_mixed_contributions.adb

GNAT 10.3.0
Copyright 1992-2020, Free Software Foundation, Inc.

Compiling: /home/runner/work/alire-crates-ci/alire-crates-ci/test/5f655e40-67d4-410c-84fb-5572da83bba4/phcpack_2.4.88_e448e94a/src/Ada/Deformations/Solutions/quaddobl_solution_splitters.adb
Source file time stamp: 2026-07-16 01:03:09
Compiled at: 2026-07-16 01:05:56
 217 lines: No errors
   [Ada]          floating_linear_inequalities.adb

GNAT 10.3.0
Copyright 1992-2020, Free Software Foundation, Inc.

Compiling: /home/runner/work/alire-crates-ci/alire-crates-ci/test/5f655e40-67d4-410c-84fb-5572da83bba4/phcpack_2.4.88_e448e94a/src/Ada/Math_Lib/Vectors/standard_integer_vecvecs_io.ads
Source file time stamp: 2026-07-16 01:03:10
Compiled at: 2026-07-16 01:05:56
 14 lines: No errors
   [Ada]          facet_vertex_enumeration.adb

GNAT 10.3.0
Copyright 1992-2020, Free Software Foundation, Inc.

Compiling: /home/runner/work/alire-crates-ci/alire-crates-ci/test/5f655e40-67d4-410c-84fb-5572da83bba4/phcpack_2.4.88_e448e94a/src/Ada/Root_Counts/Stalift/drivers_for_mixed_contributions.adb
Source file time stamp: 2026-07-16 01:03:10
Compiled at: 2026-07-16 01:05:56
 112 lines: No errors
   [Ada]          floating_face_enumerators.adb

GNAT 10.3.0
Copyright 1992-2020, Free Software Foundation, Inc.

Compiling: /home/runner/work/alire-crates-ci/alire-crates-ci/test/5f655e40-67d4-410c-84fb-5572da83bba4/phcpack_2.4.88_e448e94a/src/Ada/Math_Lib/Supports/floating_linear_inequalities.adb
Source file time stamp: 2026-07-16 01:03:10
Compiled at: 2026-07-16 01:05:56
 986 lines: No errors
   [Ada]          integer_face_enumerators.adb

GNAT 10.3.0
Copyright 1992-2020, Free Software Foundation, Inc.

Compiling: /home/runner/work/alire-crates-ci/alire-crates-ci/test/5f655e40-67d4-410c-84fb-5572da83bba4/phcpack_2.4.88_e448e94a/src/Ada/Math_Lib/QD/fast_double_renormalizations.adb
Source file time stamp: 2026-07-16 01:03:09
Compiled at: 2026-07-16 01:05:56
 1360 lines: No errors
   [Ada]          floating_linear_inequality_solvers.adb

GNAT 10.3.0
Copyright 1992-2020, Free Software Foundation, Inc.

Compiling: /home/runner/work/alire-crates-ci/alire-crates-ci/test/5f655e40-67d4-410c-84fb-5572da83bba4/phcpack_2.4.88_e448e94a/src/Ada/Math_Lib/Supports/floating_face_enumerators.adb
Source file time stamp: 2026-07-16 01:03:10
Compiled at: 2026-07-16 01:05:56
 1141 lines: No errors
   [Ada]          integer_linear_inequalities.adb

GNAT 10.3.0
Copyright 1992-2020, Free Software Foundation, Inc.

Compiling: /home/runner/work/alire-crates-ci/alire-crates-ci/test/5f655e40-67d4-410c-84fb-5572da83bba4/phcpack_2.4.88_e448e94a/src/Ada/Math_Lib/Supports/integer_linear_inequalities.adb
Source file time stamp: 2026-07-16 01:03:10
Compiled at: 2026-07-16 01:05:57
 36 lines: No errors
   [Ada]          standard_integer_linear_equalities.adb

GNAT 10.3.0
Copyright 1992-2020, Free Software Foundation, Inc.

Compiling: /home/runner/work/alire-crates-ci/alire-crates-ci/test/5f655e40-67d4-410c-84fb-5572da83bba4/phcpack_2.4.88_e448e94a/src/Ada/Math_Lib/Divisors/standard_integer_linear_equalities.adb
Source file time stamp: 2026-07-16 01:03:09
Compiled at: 2026-07-16 01:05:57
 118 lines: No errors
   [Ada]          prepare_for_mv.adb

GNAT 10.3.0
Copyright 1992-2020, Free Software Foundation, Inc.

Compiling: /home/runner/work/alire-crates-ci/alire-crates-ci/test/5f655e40-67d4-410c-84fb-5572da83bba4/phcpack_2.4.88_e448e94a/src/Ada/Math_Lib/Supports/integer_face_enumerators.adb
Source file time stamp: 2026-07-16 01:03:10
Compiled at: 2026-07-16 01:05:57
 931 lines: No errors
   [Ada]          cayley_embedding.adb

GNAT 10.3.0
Copyright 1992-2020, Free Software Foundation, Inc.

Compiling: /home/runner/work/alire-crates-ci/alire-crates-ci/test/5f655e40-67d4-410c-84fb-5572da83bba4/phcpack_2.4.88_e448e94a/src/Ada/Root_Counts/Dynlift/cayley_embedding.adb
Source file time stamp: 2026-07-16 01:03:10
Compiled at: 2026-07-16 01:05:57
 226 lines: No errors
   [Ada]          dynamic32_lifting_functions.adb

GNAT 10.3.0
Copyright 1992-2020, Free Software Foundation, Inc.

Compiling: /home/runner/work/alire-crates-ci/alire-crates-ci/test/5f655e40-67d4-410c-84fb-5572da83bba4/phcpack_2.4.88_e448e94a/src/Ada/Math_Lib/Supports/floating_linear_inequality_solvers.adb
Source file time stamp: 2026-07-16 01:03:10
Compiled at: 2026-07-16 01:05:57
 669 lines: No errors
   [Ada]          global_dynamic32_triangulation.adb

GNAT 10.3.0
Copyright 1992-2020, Free Software Foundation, Inc.

Compiling: /home/runner/work/alire-crates-ci/alire-crates-ci/test/5f655e40-67d4-410c-84fb-5572da83bba4/phcpack_2.4.88_e448e94a/src/Ada/Root_Counts/Dynlift/dynamic32_lifting_functions.adb
Source file time stamp: 2026-07-16 01:03:10
Compiled at: 2026-07-16 01:05:57
 94 lines: No errors
   [Ada]          standard_integer32_simplices.adb

GNAT 10.3.0
Copyright 1992-2020, Free Software Foundation, Inc.

Compiling: /home/runner/work/alire-crates-ci/alire-crates-ci/test/5f655e40-67d4-410c-84fb-5572da83bba4/phcpack_2.4.88_e448e94a/src/Ada/Root_Counts/Dynlift/global_dynamic32_triangulation.adb
Source file time stamp: 2026-07-16 01:03:10
Compiled at: 2026-07-16 01:05:57
 158 lines: No errors
   [Ada]          dictionaries.adb

GNAT 10.3.0
Copyright 1992-2020, Free Software Foundation, Inc.

Compiling: /home/runner/work/alire-crates-ci/alire-crates-ci/test/5f655e40-67d4-410c-84fb-5572da83bba4/phcpack_2.4.88_e448e94a/src/Ada/Math_Lib/Supports/facet_vertex_enumeration.adb
Source file time stamp: 2026-07-16 01:03:10
Compiled at: 2026-07-16 01:05:56
 580 lines: No errors
   [Ada]          linear_programming.adb

GNAT 10.3.0
Copyright 1992-2020, Free Software Foundation, Inc.

Compiling: /home/runner/work/alire-crates-ci/alire-crates-ci/test/5f655e40-67d4-410c-84fb-5572da83bba4/phcpack_2.4.88_e448e94a/src/Ada/Math_Lib/Supports/dictionaries.adb
Source file time stamp: 2026-07-16 01:03:10
Compiled at: 2026-07-16 01:05:57
 272 lines: No errors
   [Ada]          lists_of_vectors32_utilities.adb

GNAT 10.3.0
Copyright 1992-2020, Free Software Foundation, Inc.

Compiling: /home/runner/work/alire-crates-ci/alire-crates-ci/test/5f655e40-67d4-410c-84fb-5572da83bba4/phcpack_2.4.88_e448e94a/src/Ada/Math_Lib/Supports/linear_programming.adb
Source file time stamp: 2026-07-16 01:03:10
Compiled at: 2026-07-16 01:05:58
 73 lines: No errors
   [Ada]          unfolding_subdivisions.adb

GNAT 10.3.0
Copyright 1992-2020, Free Software Foundation, Inc.

Compiling: /home/runner/work/alire-crates-ci/alire-crates-ci/test/5f655e40-67d4-410c-84fb-5572da83bba4/phcpack_2.4.88_e448e94a/src/Ada/Root_Counts/Implift/lists_of_vectors32_utilities.adb
Source file time stamp: 2026-07-16 01:03:10
Compiled at: 2026-07-16 01:05:58
 130 lines: No errors
   [Ada]          dobldobl_tableau_formats.adb

GNAT 10.3.0
Copyright 1992-2020, Free Software Foundation, Inc.

Compiling: /home/runner/work/alire-crates-ci/alire-crates-ci/test/5f655e40-67d4-410c-84fb-5572da83bba4/phcpack_2.4.88_e448e94a/src/Ada/Root_Counts/Dynlift/standard_integer32_simplices.adb
Source file time stamp: 2026-07-16 01:03:10
Compiled at: 2026-07-16 01:05:57
 540 lines: No errors
   [Ada]          quaddobl_tableau_formats.adb

GNAT 10.3.0
Copyright 1992-2020, Free Software Foundation, Inc.

Compiling: /home/runner/work/alire-crates-ci/alire-crates-ci/test/5f655e40-67d4-410c-84fb-5572da83bba4/phcpack_2.4.88_e448e94a/src/Ada/Root_Counts/MixedVol/prepare_for_mv.adb
Source file time stamp: 2026-07-16 01:03:10
Compiled at: 2026-07-16 01:05:57
 648 lines: No errors
   [Ada]          standard_tableau_formats.adb

GNAT 10.3.0
Copyright 1992-2020, Free Software Foundation, Inc.

Compiling: /home/runner/work/alire-crates-ci/alire-crates-ci/test/5f655e40-67d4-410c-84fb-5572da83bba4/phcpack_2.4.88_e448e94a/src/Ada/Root_Counts/Dynlift/unfolding_subdivisions.adb
Source file time stamp: 2026-07-16 01:03:10
Compiled at: 2026-07-16 01:05:58
 451 lines: No errors
   [Ada]          multprec_integer_matrices_io.ads

GNAT 10.3.0
Copyright 1992-2020, Free Software Foundation, Inc.

Compiling: /home/runner/work/alire-crates-ci/alire-crates-ci/test/5f655e40-67d4-410c-84fb-5572da83bba4/phcpack_2.4.88_e448e94a/src/Ada/Math_Lib/Matrices/multprec_integer_matrices_io.ads
Source file time stamp: 2026-07-16 01:03:09
Compiled at: 2026-07-16 01:05:58
 12 lines: No errors
   [Ada]          multprec_integer_ring.ads

GNAT 10.3.0
Copyright 1992-2020, Free Software Foundation, Inc.

Compiling: /home/runner/work/alire-crates-ci/alire-crates-ci/test/5f655e40-67d4-410c-84fb-5572da83bba4/phcpack_2.4.88_e448e94a/src/Ada/Math_Lib/Numbers/multprec_integer_ring.ads
Source file time stamp: 2026-07-16 01:03:09
Compiled at: 2026-07-16 01:05:58
 12 lines: No errors
   [Ada]          multprec_integer_vectors.ads

GNAT 10.3.0
Copyright 1992-2020, Free Software Foundation, Inc.

Compiling: /home/runner/work/alire-crates-ci/alire-crates-ci/test/5f655e40-67d4-410c-84fb-5572da83bba4/phcpack_2.4.88_e448e94a/src/Ada/Math_Lib/Polynomials/dobldobl_tableau_formats.adb
Source file time stamp: 2026-07-16 01:03:09
Compiled at: 2026-07-16 01:05:58
 519 lines: No errors
   [Ada]          standard_integer64_ring.ads

GNAT 10.3.0
Copyright 1992-2020, Free Software Foundation, Inc.

Compiling: /home/runner/work/alire-crates-ci/alire-crates-ci/test/5f655e40-67d4-410c-84fb-5572da83bba4/phcpack_2.4.88_e448e94a/src/Ada/Math_Lib/Numbers/standard_integer64_ring.ads
Source file time stamp: 2026-07-16 01:03:09
Compiled at: 2026-07-16 01:05:58
 10 lines: No errors
   [Ada]          multprec_common_divisors.adb

GNAT 10.3.0
Copyright 1992-2020, Free Software Foundation, Inc.

Compiling: /home/runner/work/alire-crates-ci/alire-crates-ci/test/5f655e40-67d4-410c-84fb-5572da83bba4/phcpack_2.4.88_e448e94a/src/Ada/Math_Lib/Polynomials/standard_tableau_formats.adb
Source file time stamp: 2026-07-16 01:03:09
Compiled at: 2026-07-16 01:05:58
 515 lines: No errors
   [Ada]          abstract_ring-domain.ads

GNAT 10.3.0
Copyright 1992-2020, Free Software Foundation, Inc.

Compiling: /home/runner/work/alire-crates-ci/alire-crates-ci/test/5f655e40-67d4-410c-84fb-5572da83bba4/phcpack_2.4.88_e448e94a/src/Ada/Math_Lib/Polynomials/quaddobl_tableau_formats.adb
Source file time stamp: 2026-07-16 01:03:09
Compiled at: 2026-07-16 01:05:58
 519 lines: No errors
   [Ada]          generic_integer_linear_solvers.adb

GNAT 10.3.0
Copyright 1992-2020, Free Software Foundation, Inc.

Compiling: /home/runner/work/alire-crates-ci/alire-crates-ci/test/5f655e40-67d4-410c-84fb-5572da83bba4/phcpack_2.4.88_e448e94a/src/Ada/Math_Lib/Numbers/abstract_ring-domain.ads
Source file time stamp: 2026-07-16 01:03:09
Compiled at: 2026-07-16 01:05:58
 24 lines: No errors
   [Ada]          greatest_common_divisors.adb

GNAT 10.3.0
Copyright 1992-2020, Free Software Foundation, Inc.

Compiling: /home/runner/work/alire-crates-ci/alire-crates-ci/test/5f655e40-67d4-410c-84fb-5572da83bba4/phcpack_2.4.88_e448e94a/src/Ada/Math_Lib/Divisors/greatest_common_divisors.adb
Source file time stamp: 2026-07-16 01:03:09
Compiled at: 2026-07-16 01:05:58
 155 lines: No errors
   [Ada]          standard64_common_divisors.ads

GNAT 10.3.0
Copyright 1992-2020, Free Software Foundation, Inc.

Compiling: /home/runner/work/alire-crates-ci/alire-crates-ci/test/5f655e40-67d4-410c-84fb-5572da83bba4/phcpack_2.4.88_e448e94a/src/Ada/Math_Lib/Divisors/multprec_common_divisors.adb
Source file time stamp: 2026-07-16 01:03:09
Compiled at: 2026-07-16 01:05:58
 163 lines: No errors
   [Ada]          standard_integer64_ring-ddomain.ads

GNAT 10.3.0
Copyright 1992-2020, Free Software Foundation, Inc.

Compiling: /home/runner/work/alire-crates-ci/alire-crates-ci/test/5f655e40-67d4-410c-84fb-5572da83bba4/phcpack_2.4.88_e448e94a/src/Ada/Math_Lib/Divisors/generic_integer_linear_solvers.adb
Source file time stamp: 2026-07-16 01:03:09
Compiled at: 2026-07-16 01:05:58
 998 lines: No errors
   [Ada]          standard_common_divisors.ads

GNAT 10.3.0
Copyright 1992-2020, Free Software Foundation, Inc.

Compiling: /home/runner/work/alire-crates-ci/alire-crates-ci/test/5f655e40-67d4-410c-84fb-5572da83bba4/phcpack_2.4.88_e448e94a/src/Ada/Math_Lib/Numbers/standard_integer64_ring-ddomain.ads
Source file time stamp: 2026-07-16 01:03:09
Compiled at: 2026-07-16 01:05:58
 10 lines: No errors
   [Ada]          standard_integer_ring-ddomain.ads

GNAT 10.3.0
Copyright 1992-2020, Free Software Foundation, Inc.

Compiling: /home/runner/work/alire-crates-ci/alire-crates-ci/test/5f655e40-67d4-410c-84fb-5572da83bba4/phcpack_2.4.88_e448e94a/src/Ada/Math_Lib/Numbers/standard_integer_ring-ddomain.ads
Source file time stamp: 2026-07-16 01:03:09
Compiled at: 2026-07-16 01:05:58
 10 lines: No errors
   [Ada]          mixed_homotopy_continuation.adb

GNAT 10.3.0
Copyright 1992-2020, Free Software Foundation, Inc.

Compiling: /home/runner/work/alire-crates-ci/alire-crates-ci/test/5f655e40-67d4-410c-84fb-5572da83bba4/phcpack_2.4.88_e448e94a/src/Ada/Math_Lib/Vectors/multprec_integer_vectors.ads
Source file time stamp: 2026-07-16 01:03:10
Compiled at: 2026-07-16 01:05:58
 7 lines: No errors
   [Ada]          volumes.adb

GNAT 10.3.0
Copyright 1992-2020, Free Software Foundation, Inc.

Compiling: /home/runner/work/alire-crates-ci/alire-crates-ci/test/5f655e40-67d4-410c-84fb-5572da83bba4/phcpack_2.4.88_e448e94a/src/Ada/Math_Lib/Divisors/standard64_common_divisors.ads
Source file time stamp: 2026-07-16 01:03:09
Compiled at: 2026-07-16 01:05:58
 11 lines: No errors
   [Ada]          directions_of_dobldobl_paths.adb

GNAT 10.3.0
Copyright 1992-2020, Free Software Foundation, Inc.

Compiling: /home/runner/work/alire-crates-ci/alire-crates-ci/test/5f655e40-67d4-410c-84fb-5572da83bba4/phcpack_2.4.88_e448e94a/src/Ada/Math_Lib/Divisors/standard_common_divisors.ads
Source file time stamp: 2026-07-16 01:03:09
Compiled at: 2026-07-16 01:05:58
 11 lines: No errors
   [Ada]          dobldobl_complex_equality_tests.adb

GNAT 10.3.0
Copyright 1992-2020, Free Software Foundation, Inc.

Compiling: /home/runner/work/alire-crates-ci/alire-crates-ci/test/5f655e40-67d4-410c-84fb-5572da83bba4/phcpack_2.4.88_e448e94a/src/Ada/Math_Lib/Vectors/dobldobl_complex_equality_tests.adb
Source file time stamp: 2026-07-16 01:03:10
Compiled at: 2026-07-16 01:05:58
 25 lines: No errors
   [Ada]          dobldobl_correctors.adb

GNAT 10.3.0
Copyright 1992-2020, Free Software Foundation, Inc.

Compiling: /home/runner/work/alire-crates-ci/alire-crates-ci/test/5f655e40-67d4-410c-84fb-5572da83bba4/phcpack_2.4.88_e448e94a/src/Ada/Deformations/Trackers/dobldobl_correctors.adb
Source file time stamp: 2026-07-16 01:03:09
Compiled at: 2026-07-16 01:05:58
 410 lines: No errors
   [Ada]          dobldobl_data_on_path.adb

GNAT 10.3.0
Copyright 1992-2020, Free Software Foundation, Inc.

Compiling: /home/runner/work/alire-crates-ci/alire-crates-ci/test/5f655e40-67d4-410c-84fb-5572da83bba4/phcpack_2.4.88_e448e94a/src/Ada/Deformations/Trackers/dobldobl_data_on_path.adb
Source file time stamp: 2026-07-16 01:03:09
Compiled at: 2026-07-16 01:05:58
 369 lines: No errors
   [Ada]          dobldobl_dispatch_predictors.adb

GNAT 10.3.0
Copyright 1992-2020, Free Software Foundation, Inc.

Compiling: /home/runner/work/alire-crates-ci/alire-crates-ci/test/5f655e40-67d4-410c-84fb-5572da83bba4/phcpack_2.4.88_e448e94a/src/Ada/Deformations/Trackers/dobldobl_dispatch_predictors.adb
Source file time stamp: 2026-07-16 01:03:09
Compiled at: 2026-07-16 01:05:59
 222 lines: No errors
   [Ada]          dobldobl_orthogonal_correctors.adb

GNAT 10.3.0
Copyright 1992-2020, Free Software Foundation, Inc.

Compiling: /home/runner/work/alire-crates-ci/alire-crates-ci/test/5f655e40-67d4-410c-84fb-5572da83bba4/phcpack_2.4.88_e448e94a/src/Ada/Deformations/Trackers/dobldobl_orthogonal_correctors.adb
Source file time stamp: 2026-07-16 01:03:09
Compiled at: 2026-07-16 01:05:59
 171 lines: No errors
   [Ada]          dobldobl_predictors.adb

GNAT 10.3.0
Copyright 1992-2020, Free Software Foundation, Inc.

Compiling: /home/runner/work/alire-crates-ci/alire-crates-ci/test/5f655e40-67d4-410c-84fb-5572da83bba4/phcpack_2.4.88_e448e94a/src/Ada/Deformations/End_Games/directions_of_dobldobl_paths.adb
Source file time stamp: 2026-07-16 01:03:09
Compiled at: 2026-07-16 01:05:58
 679 lines: No errors
   [Ada]          double_double_vectors_io.ads

GNAT 10.3.0
Copyright 1992-2020, Free Software Foundation, Inc.

Compiling: /home/runner/work/alire-crates-ci/alire-crates-ci/test/5f655e40-67d4-410c-84fb-5572da83bba4/phcpack_2.4.88_e448e94a/src/Ada/Math_Lib/Vectors/double_double_vectors_io.ads
Source file time stamp: 2026-07-16 01:03:10
Compiled at: 2026-07-16 01:05:59
 9 lines: No errors
   [Ada]          standard_data_on_path.adb

GNAT 10.3.0
Copyright 1992-2020, Free Software Foundation, Inc.

Compiling: /home/runner/work/alire-crates-ci/alire-crates-ci/test/5f655e40-67d4-410c-84fb-5572da83bba4/phcpack_2.4.88_e448e94a/src/Ada/Root_Counts/Implift/volumes.adb
Source file time stamp: 2026-07-16 01:03:10
Compiled at: 2026-07-16 01:05:58
 1105 lines: No errors
   [Ada]          multprec_mathematical_functions.adb

GNAT 10.3.0
Copyright 1992-2020, Free Software Foundation, Inc.

Compiling: /home/runner/work/alire-crates-ci/alire-crates-ci/test/5f655e40-67d4-410c-84fb-5572da83bba4/phcpack_2.4.88_e448e94a/src/Ada/Deformations/Trackers/dobldobl_predictors.adb
Source file time stamp: 2026-07-16 01:03:09
Compiled at: 2026-07-16 01:05:59
 663 lines: No errors
   [Ada]          multprec_continuation_data.adb

GNAT 10.3.0
Copyright 1992-2020, Free Software Foundation, Inc.

Compiling: /home/runner/work/alire-crates-ci/alire-crates-ci/test/5f655e40-67d4-410c-84fb-5572da83bba4/phcpack_2.4.88_e448e94a/src/Ada/Math_Lib/Numbers/multprec_mathematical_functions.adb
Source file time stamp: 2026-07-16 01:03:09
Compiled at: 2026-07-16 01:05:59
 403 lines: No errors
   [Ada]          multprec_path_trackers.adb

GNAT 10.3.0
Copyright 1992-2020, Free Software Foundation, Inc.

Compiling: /home/runner/work/alire-crates-ci/alire-crates-ci/test/5f655e40-67d4-410c-84fb-5572da83bba4/phcpack_2.4.88_e448e94a/src/Ada/Deformations/Trackers/standard_data_on_path.adb
Source file time stamp: 2026-07-16 01:03:09
Compiled at: 2026-07-16 01:05:59
 459 lines: No errors
   [Ada]          directions_of_quaddobl_paths.adb

GNAT 10.3.0
Copyright 1992-2020, Free Software Foundation, Inc.

Compiling: /home/runner/work/alire-crates-ci/alire-crates-ci/test/5f655e40-67d4-410c-84fb-5572da83bba4/phcpack_2.4.88_e448e94a/src/Ada/Deformations/Continuation/multprec_continuation_data.adb
Source file time stamp: 2026-07-16 01:03:09
Compiled at: 2026-07-16 01:05:59
 261 lines: No errors
   [Ada]          quad_double_vectors_io.ads

GNAT 10.3.0
Copyright 1992-2020, Free Software Foundation, Inc.

Compiling: /home/runner/work/alire-crates-ci/alire-crates-ci/test/5f655e40-67d4-410c-84fb-5572da83bba4/phcpack_2.4.88_e448e94a/src/Ada/Deformations/Trackers/multprec_path_trackers.adb
Source file time stamp: 2026-07-16 01:03:09
Compiled at: 2026-07-16 01:06:00
 836 lines: No errors
   [Ada]          quaddobl_complex_equality_tests.adb

GNAT 10.3.0
Copyright 1992-2020, Free Software Foundation, Inc.

Compiling: /home/runner/work/alire-crates-ci/alire-crates-ci/test/5f655e40-67d4-410c-84fb-5572da83bba4/phcpack_2.4.88_e448e94a/src/Ada/Math_Lib/Vectors/quaddobl_complex_equality_tests.adb
Source file time stamp: 2026-07-16 01:03:10
Compiled at: 2026-07-16 01:06:00
 25 lines: No errors
   [Ada]          quaddobl_correctors.adb

GNAT 10.3.0
Copyright 1992-2020, Free Software Foundation, Inc.

Compiling: /home/runner/work/alire-crates-ci/alire-crates-ci/test/5f655e40-67d4-410c-84fb-5572da83bba4/phcpack_2.4.88_e448e94a/src/Ada/Math_Lib/Vectors/quad_double_vectors_io.ads
Source file time stamp: 2026-07-16 01:03:10
Compiled at: 2026-07-16 01:06:00
 9 lines: No errors
   [Ada]          quaddobl_data_on_path.adb

GNAT 10.3.0
Copyright 1992-2020, Free Software Foundation, Inc.

Compiling: /home/runner/work/alire-crates-ci/alire-crates-ci/test/5f655e40-67d4-410c-84fb-5572da83bba4/phcpack_2.4.88_e448e94a/src/Ada/Deformations/Trackers/quaddobl_correctors.adb
Source file time stamp: 2026-07-16 01:03:09
Compiled at: 2026-07-16 01:06:00
 411 lines: No errors
   [Ada]          quaddobl_dispatch_predictors.adb

GNAT 10.3.0
Copyright 1992-2020, Free Software Foundation, Inc.

Compiling: /home/runner/work/alire-crates-ci/alire-crates-ci/test/5f655e40-67d4-410c-84fb-5572da83bba4/phcpack_2.4.88_e448e94a/src/Ada/Deformations/Trackers/quaddobl_dispatch_predictors.adb
Source file time stamp: 2026-07-16 01:03:09
Compiled at: 2026-07-16 01:06:00
 222 lines: No errors
   [Ada]          quaddobl_orthogonal_correctors.adb

GNAT 10.3.0
Copyright 1992-2020, Free Software Foundation, Inc.

Compiling: /home/runner/work/alire-crates-ci/alire-crates-ci/test/5f655e40-67d4-410c-84fb-5572da83bba4/phcpack_2.4.88_e448e94a/src/Ada/Deformations/Trackers/quaddobl_orthogonal_correctors.adb
Source file time stamp: 2026-07-16 01:03:09
Compiled at: 2026-07-16 01:06:00
 171 lines: No errors
   [Ada]          quaddobl_predictors.adb

GNAT 10.3.0
Copyright 1992-2020, Free Software Foundation, Inc.

Compiling: /home/runner/work/alire-crates-ci/alire-crates-ci/test/5f655e40-67d4-410c-84fb-5572da83bba4/phcpack_2.4.88_e448e94a/src/Ada/Deformations/Trackers/quaddobl_data_on_path.adb
Source file time stamp: 2026-07-16 01:03:09
Compiled at: 2026-07-16 01:06:00
 369 lines: No errors
   [Ada]          standard_correctors.adb

GNAT 10.3.0
Copyright 1992-2020, Free Software Foundation, Inc.

Compiling: /home/runner/work/alire-crates-ci/alire-crates-ci/test/5f655e40-67d4-410c-84fb-5572da83bba4/phcpack_2.4.88_e448e94a/src/Ada/Deformations/End_Games/directions_of_quaddobl_paths.adb
Source file time stamp: 2026-07-16 01:03:09
Compiled at: 2026-07-16 01:06:00
 679 lines: No errors
   [Ada]          standard_dispatch_predictors.adb

GNAT 10.3.0
Copyright 1992-2020, Free Software Foundation, Inc.

Compiling: /home/runner/work/alire-crates-ci/alire-crates-ci/test/5f655e40-67d4-410c-84fb-5572da83bba4/phcpack_2.4.88_e448e94a/src/Ada/Deformations/Trackers/standard_correctors.adb
Source file time stamp: 2026-07-16 01:03:09
Compiled at: 2026-07-16 01:06:00
 1074 lines: No errors
   [Ada]          standard_orthogonal_correctors.adb

GNAT 10.3.0
Copyright 1992-2020, Free Software Foundation, Inc.

Compiling: /home/runner/work/alire-crates-ci/alire-crates-ci/test/5f655e40-67d4-410c-84fb-5572da83bba4/phcpack_2.4.88_e448e94a/src/Ada/Deformations/Trackers/quaddobl_predictors.adb
Source file time stamp: 2026-07-16 01:03:09
Compiled at: 2026-07-16 01:06:00
 664 lines: No errors
   [Ada]          standard_predictors.adb

GNAT 10.3.0
Copyright 1992-2020, Free Software Foundation, Inc.

Compiling: /home/runner/work/alire-crates-ci/alire-crates-ci/test/5f655e40-67d4-410c-84fb-5572da83bba4/phcpack_2.4.88_e448e94a/src/Ada/Deformations/Trackers/standard_orthogonal_correctors.adb
Source file time stamp: 2026-07-16 01:03:09
Compiled at: 2026-07-16 01:06:00
 170 lines: No errors
   [Ada]          tripdobl_complex_vectors.ads

GNAT 10.3.0
Copyright 1992-2020, Free Software Foundation, Inc.

Compiling: /home/runner/work/alire-crates-ci/alire-crates-ci/test/5f655e40-67d4-410c-84fb-5572da83bba4/phcpack_2.4.88_e448e94a/src/Ada/Deformations/Trackers/standard_dispatch_predictors.adb
Source file time stamp: 2026-07-16 01:03:09
Compiled at: 2026-07-16 01:06:00
 267 lines: No errors
   [Ada]          tripdobl_complex_vecvecs.ads

GNAT 10.3.0
Copyright 1992-2020, Free Software Foundation, Inc.

Compiling: /home/runner/work/alire-crates-ci/alire-crates-ci/test/5f655e40-67d4-410c-84fb-5572da83bba4/phcpack_2.4.88_e448e94a/src/Ada/Math_Lib/Vectors/tripdobl_complex_vecvecs.ads
Source file time stamp: 2026-07-16 01:03:10
Compiled at: 2026-07-16 01:06:00
 9 lines: No errors
   [Ada]          dobldobl_nullity_polynomials.adb

GNAT 10.3.0
Copyright 1992-2020, Free Software Foundation, Inc.

Compiling: /home/runner/work/alire-crates-ci/alire-crates-ci/test/5f655e40-67d4-410c-84fb-5572da83bba4/phcpack_2.4.88_e448e94a/src/Ada/Root_Counts/Implift/mixed_homotopy_continuation.adb
Source file time stamp: 2026-07-16 01:03:10
Compiled at: 2026-07-16 01:05:58
 1010 lines: No errors
   [Ada]          quaddobl_nullity_polynomials.adb

GNAT 10.3.0
Copyright 1992-2020, Free Software Foundation, Inc.

Compiling: /home/runner/work/alire-crates-ci/alire-crates-ci/test/5f655e40-67d4-410c-84fb-5572da83bba4/phcpack_2.4.88_e448e94a/src/Ada/Math_Lib/Vectors/tripdobl_complex_vectors.ads
Source file time stamp: 2026-07-16 01:03:10
Compiled at: 2026-07-16 01:06:00
 7 lines: No errors
   [Ada]          standard_nullity_polynomials.adb

GNAT 10.3.0
Copyright 1992-2020, Free Software Foundation, Inc.

Compiling: /home/runner/work/alire-crates-ci/alire-crates-ci/test/5f655e40-67d4-410c-84fb-5572da83bba4/phcpack_2.4.88_e448e94a/src/Ada/Deformations/Trackers/standard_predictors.adb
Source file time stamp: 2026-07-16 01:03:09
Compiled at: 2026-07-16 01:06:00
 627 lines: No errors
   [Ada]          standard_natural64_vectors.ads

GNAT 10.3.0
Copyright 1992-2020, Free Software Foundation, Inc.

Compiling: /home/runner/work/alire-crates-ci/alire-crates-ci/test/5f655e40-67d4-410c-84fb-5572da83bba4/phcpack_2.4.88_e448e94a/src/Ada/Math_Lib/Vectors/standard_natural64_vectors.ads
Source file time stamp: 2026-07-16 01:03:10
Compiled at: 2026-07-16 01:06:01
 9 lines: No errors
   [Ada]          standard_natural64_ring.ads

GNAT 10.3.0
Copyright 1992-2020, Free Software Foundation, Inc.

Compiling: /home/runner/work/alire-crates-ci/alire-crates-ci/test/5f655e40-67d4-410c-84fb-5572da83bba4/phcpack_2.4.88_e448e94a/src/Ada/Math_Lib/Numbers/standard_natural64_ring.ads
Source file time stamp: 2026-07-16 01:03:09
Compiled at: 2026-07-16 01:06:01
 9 lines: No errors
   [Ada]          dobldobl_deflation_matrices.adb

GNAT 10.3.0
Copyright 1992-2020, Free Software Foundation, Inc.

Compiling: /home/runner/work/alire-crates-ci/alire-crates-ci/test/5f655e40-67d4-410c-84fb-5572da83bba4/phcpack_2.4.88_e448e94a/src/Ada/Deformations/Newton/dobldobl_nullity_polynomials.adb
Source file time stamp: 2026-07-16 01:03:09
Compiled at: 2026-07-16 01:06:01
 468 lines: No errors
   [Ada]          dobldobl_evaluate_deflation_io.adb

GNAT 10.3.0
Copyright 1992-2020, Free Software Foundation, Inc.

Compiling: /home/runner/work/alire-crates-ci/alire-crates-ci/test/5f655e40-67d4-410c-84fb-5572da83bba4/phcpack_2.4.88_e448e94a/src/Ada/Deformations/Newton/quaddobl_nullity_polynomials.adb
Source file time stamp: 2026-07-16 01:03:09
Compiled at: 2026-07-16 01:06:01
 468 lines: No errors
   [Ada]          quaddobl_deflation_matrices.adb

GNAT 10.3.0
Copyright 1992-2020, Free Software Foundation, Inc.

Compiling: /home/runner/work/alire-crates-ci/alire-crates-ci/test/5f655e40-67d4-410c-84fb-5572da83bba4/phcpack_2.4.88_e448e94a/src/Ada/Deformations/Newton/standard_nullity_polynomials.adb
Source file time stamp: 2026-07-16 01:03:09
Compiled at: 2026-07-16 01:06:01
 464 lines: No errors
   [Ada]          quaddobl_evaluate_deflation_io.adb

GNAT 10.3.0
Copyright 1992-2020, Free Software Foundation, Inc.

Compiling: /home/runner/work/alire-crates-ci/alire-crates-ci/test/5f655e40-67d4-410c-84fb-5572da83bba4/phcpack_2.4.88_e448e94a/src/Ada/Deformations/Newton/dobldobl_evaluate_deflation_io.adb
Source file time stamp: 2026-07-16 01:03:09
Compiled at: 2026-07-16 01:06:02
 231 lines: No errors
   [Ada]          generic_lists_of_terms.adb

GNAT 10.3.0
Copyright 1992-2020, Free Software Foundation, Inc.

Compiling: /home/runner/work/alire-crates-ci/alire-crates-ci/test/5f655e40-67d4-410c-84fb-5572da83bba4/phcpack_2.4.88_e448e94a/src/Ada/Deformations/Newton/quaddobl_evaluate_deflation_io.adb
Source file time stamp: 2026-07-16 01:03:09
Compiled at: 2026-07-16 01:06:02
 231 lines: No errors
   [Ada]          standard_complex_term_lists_io.adb

GNAT 10.3.0
Copyright 1992-2020, Free Software Foundation, Inc.

Compiling: /home/runner/work/alire-crates-ci/alire-crates-ci/test/5f655e40-67d4-410c-84fb-5572da83bba4/phcpack_2.4.88_e448e94a/src/Ada/Math_Lib/Polynomials/generic_lists_of_terms.adb
Source file time stamp: 2026-07-16 01:03:09
Compiled at: 2026-07-16 01:06:02
 208 lines: No errors
   [Ada]          standard_complex_term_lists.ads

GNAT 10.3.0
Copyright 1992-2020, Free Software Foundation, Inc.

Compiling: /home/runner/work/alire-crates-ci/alire-crates-ci/test/5f655e40-67d4-410c-84fb-5572da83bba4/phcpack_2.4.88_e448e94a/src/Ada/Math_Lib/Polynomials/standard_complex_term_lists_io.adb
Source file time stamp: 2026-07-16 01:03:09
Compiled at: 2026-07-16 01:06:02
 42 lines: No errors
   [Ada]          standard_complex_blas_helpers.adb

GNAT 10.3.0
Copyright 1992-2020, Free Software Foundation, Inc.

Compiling: /home/runner/work/alire-crates-ci/alire-crates-ci/test/5f655e40-67d4-410c-84fb-5572da83bba4/phcpack_2.4.88_e448e94a/src/Ada/Deformations/Newton/dobldobl_deflation_matrices.adb
Source file time stamp: 2026-07-16 01:03:09
Compiled at: 2026-07-16 01:06:01
 1355 lines: No errors
   [Ada]          standard_deflation_matrices.adb

GNAT 10.3.0
Copyright 1992-2020, Free Software Foundation, Inc.

Compiling: /home/runner/work/alire-crates-ci/alire-crates-ci/test/5f655e40-67d4-410c-84fb-5572da83bba4/phcpack_2.4.88_e448e94a/src/Ada/Math_Lib/Polynomials/standard_complex_term_lists.ads
Source file time stamp: 2026-07-16 01:03:09
Compiled at: 2026-07-16 01:06:02
 10 lines: No errors
   [Ada]          standard_evaluate_deflation_io.adb

GNAT 10.3.0
Copyright 1992-2020, Free Software Foundation, Inc.

Compiling: /home/runner/work/alire-crates-ci/alire-crates-ci/test/5f655e40-67d4-410c-84fb-5572da83bba4/phcpack_2.4.88_e448e94a/src/Ada/Math_Lib/Reduction/standard_complex_blas_helpers.adb
Source file time stamp: 2026-07-16 01:03:09
Compiled at: 2026-07-16 01:06:02
 434 lines: No errors
   [Ada]          quaddobl_hessian_updaters.adb

GNAT 10.3.0
Copyright 1992-2020, Free Software Foundation, Inc.

Compiling: /home/runner/work/alire-crates-ci/alire-crates-ci/test/5f655e40-67d4-410c-84fb-5572da83bba4/phcpack_2.4.88_e448e94a/src/Ada/Deformations/Newton/standard_evaluate_deflation_io.adb
Source file time stamp: 2026-07-16 01:03:09
Compiled at: 2026-07-16 01:06:03
 231 lines: No errors
   [Ada]          standard_inlined_linear_solvers.adb

GNAT 10.3.0
Copyright 1992-2020, Free Software Foundation, Inc.

Compiling: /home/runner/work/alire-crates-ci/alire-crates-ci/test/5f655e40-67d4-410c-84fb-5572da83bba4/phcpack_2.4.88_e448e94a/src/Ada/Math_Lib/Reduction/standard_inlined_linear_solvers.adb
Source file time stamp: 2026-07-16 01:03:09
Compiled at: 2026-07-16 01:06:03
 387 lines: No errors
   [Ada]          multprec_integer_numbers_io.adb

GNAT 10.3.0
Copyright 1992-2020, Free Software Foundation, Inc.

Compiling: /home/runner/work/alire-crates-ci/alire-crates-ci/test/5f655e40-67d4-410c-84fb-5572da83bba4/phcpack_2.4.88_e448e94a/src/Ada/Math_Lib/Circuits/quaddobl_hessian_updaters.adb
Source file time stamp: 2026-07-16 01:03:09
Compiled at: 2026-07-16 01:06:03
 368 lines: No errors
   [Ada]          generic_speelpenning_convolutions.adb

GNAT 10.3.0
Copyright 1992-2020, Free Software Foundation, Inc.

Compiling: /home/runner/work/alire-crates-ci/alire-crates-ci/test/5f655e40-67d4-410c-84fb-5572da83bba4/phcpack_2.4.88_e448e94a/src/Ada/Math_Lib/Circuits/generic_speelpenning_convolutions.adb
Source file time stamp: 2026-07-16 01:03:09
Compiled at: 2026-07-16 01:06:03
 1495 lines: No errors
   [Ada]          standard_complex_vector_strings.adb

GNAT 10.3.0
Copyright 1992-2020, Free Software Foundation, Inc.

Compiling: /home/runner/work/alire-crates-ci/alire-crates-ci/test/5f655e40-67d4-410c-84fb-5572da83bba4/phcpack_2.4.88_e448e94a/src/Ada/Math_Lib/Numbers/multprec_integer_numbers_io.adb
Source file time stamp: 2026-07-16 01:03:09
Compiled at: 2026-07-16 01:06:03
 202 lines: No errors
   [Ada]          dobldobl_select_solutions.adb

GNAT 10.3.0
Copyright 1992-2020, Free Software Foundation, Inc.

Compiling: /home/runner/work/alire-crates-ci/alire-crates-ci/test/5f655e40-67d4-410c-84fb-5572da83bba4/phcpack_2.4.88_e448e94a/src/Ada/Math_Lib/Vectors/standard_complex_vector_strings.adb
Source file time stamp: 2026-07-16 01:03:10
Compiled at: 2026-07-16 01:06:03
 74 lines: No errors
   [Ada]          dobldobl_quad_trees.adb

GNAT 10.3.0
Copyright 1992-2020, Free Software Foundation, Inc.

Compiling: /home/runner/work/alire-crates-ci/alire-crates-ci/test/5f655e40-67d4-410c-84fb-5572da83bba4/phcpack_2.4.88_e448e94a/src/Ada/Deformations/Newton/quaddobl_deflation_matrices.adb
Source file time stamp: 2026-07-16 01:03:09
Compiled at: 2026-07-16 01:06:02
 1355 lines: No errors
   [Ada]          coefficient_supported_polynomials.adb

GNAT 10.3.0
Copyright 1992-2020, Free Software Foundation, Inc.

Compiling: /home/runner/work/alire-crates-ci/alire-crates-ci/test/5f655e40-67d4-410c-84fb-5572da83bba4/phcpack_2.4.88_e448e94a/src/Ada/Deformations/Solutions/dobldobl_select_solutions.adb
Source file time stamp: 2026-07-16 01:03:09
Compiled at: 2026-07-16 01:06:03
 249 lines: No errors
   [Ada]          dobldobl_jacobian_evaluations.adb

GNAT 10.3.0
Copyright 1992-2020, Free Software Foundation, Inc.

Compiling: /home/runner/work/alire-crates-ci/alire-crates-ci/test/5f655e40-67d4-410c-84fb-5572da83bba4/phcpack_2.4.88_e448e94a/src/Ada/Deformations/Solutions/dobldobl_quad_trees.adb
Source file time stamp: 2026-07-16 01:03:09
Compiled at: 2026-07-16 01:06:03
 212 lines: No errors
   [Ada]          dobldobl_polynomial_flatteners.adb

GNAT 10.3.0
Copyright 1992-2020, Free Software Foundation, Inc.

Compiling: /home/runner/work/alire-crates-ci/alire-crates-ci/test/5f655e40-67d4-410c-84fb-5572da83bba4/phcpack_2.4.88_e448e94a/src/Ada/Math_Lib/Circuits/dobldobl_jacobian_evaluations.adb
Source file time stamp: 2026-07-16 01:03:09
Compiled at: 2026-07-16 01:06:03
 196 lines: No errors
   [Ada]          lexicographical_supports.adb

GNAT 10.3.0
Copyright 1992-2020, Free Software Foundation, Inc.

Compiling: /home/runner/work/alire-crates-ci/alire-crates-ci/test/5f655e40-67d4-410c-84fb-5572da83bba4/phcpack_2.4.88_e448e94a/src/Ada/Deformations/Newton/standard_deflation_matrices.adb
Source file time stamp: 2026-07-16 01:03:09
Compiled at: 2026-07-16 01:06:02
 1345 lines: No errors
   [Ada]          standard_jacobian_evaluations.adb

GNAT 10.3.0
Copyright 1992-2020, Free Software Foundation, Inc.

Compiling: /home/runner/work/alire-crates-ci/alire-crates-ci/test/5f655e40-67d4-410c-84fb-5572da83bba4/phcpack_2.4.88_e448e94a/src/Ada/Math_Lib/Circuits/coefficient_supported_polynomials.adb
Source file time stamp: 2026-07-16 01:03:09
Compiled at: 2026-07-16 01:06:03
 333 lines: No errors
   [Ada]          multprec_complex_singular_values.adb

GNAT 10.3.0
Copyright 1992-2020, Free Software Foundation, Inc.

Compiling: /home/runner/work/alire-crates-ci/alire-crates-ci/test/5f655e40-67d4-410c-84fb-5572da83bba4/phcpack_2.4.88_e448e94a/src/Ada/Math_Lib/Functions/lexicographical_supports.adb
Source file time stamp: 2026-07-16 01:03:09
Compiled at: 2026-07-16 01:06:04
 257 lines: No errors
   [Ada]          multprec_numerical_rank.adb

GNAT 10.3.0
Copyright 1992-2020, Free Software Foundation, Inc.

Compiling: /home/runner/work/alire-crates-ci/alire-crates-ci/test/5f655e40-67d4-410c-84fb-5572da83bba4/phcpack_2.4.88_e448e94a/src/Ada/Math_Lib/Circuits/standard_jacobian_evaluations.adb
Source file time stamp: 2026-07-16 01:03:09
Compiled at: 2026-07-16 01:06:04
 224 lines: No errors
   [Ada]          quaddobl_select_solutions.adb

GNAT 10.3.0
Copyright 1992-2020, Free Software Foundation, Inc.

Compiling: /home/runner/work/alire-crates-ci/alire-crates-ci/test/5f655e40-67d4-410c-84fb-5572da83bba4/phcpack_2.4.88_e448e94a/src/Ada/Deformations/Newton/multprec_numerical_rank.adb
Source file time stamp: 2026-07-16 01:03:10
Compiled at: 2026-07-16 01:06:04
 69 lines: No errors
   [Ada]          quaddobl_quad_trees.adb

GNAT 10.3.0
Copyright 1992-2020, Free Software Foundation, Inc.

Compiling: /home/runner/work/alire-crates-ci/alire-crates-ci/test/5f655e40-67d4-410c-84fb-5572da83bba4/phcpack_2.4.88_e448e94a/src/Ada/Math_Lib/Functions/dobldobl_polynomial_flatteners.adb
Source file time stamp: 2026-07-16 01:03:09
Compiled at: 2026-07-16 01:06:04
 627 lines: No errors
   [Ada]          quaddobl_jacobian_evaluations.adb

GNAT 10.3.0
Copyright 1992-2020, Free Software Foundation, Inc.

Compiling: /home/runner/work/alire-crates-ci/alire-crates-ci/test/5f655e40-67d4-410c-84fb-5572da83bba4/phcpack_2.4.88_e448e94a/src/Ada/Deformations/Solutions/quaddobl_select_solutions.adb
Source file time stamp: 2026-07-16 01:03:09
Compiled at: 2026-07-16 01:06:04
 249 lines: No errors
   [Ada]          quaddobl_polynomial_flatteners.adb

GNAT 10.3.0
Copyright 1992-2020, Free Software Foundation, Inc.

Compiling: /home/runner/work/alire-crates-ci/alire-crates-ci/test/5f655e40-67d4-410c-84fb-5572da83bba4/phcpack_2.4.88_e448e94a/src/Ada/Deformations/Solutions/quaddobl_quad_trees.adb
Source file time stamp: 2026-07-16 01:03:09
Compiled at: 2026-07-16 01:06:04
 212 lines: No errors
   [Ada]          dobldobl_complex_vector_strings.adb

GNAT 10.3.0
Copyright 1992-2020, Free Software Foundation, Inc.

Compiling: /home/runner/work/alire-crates-ci/alire-crates-ci/test/5f655e40-67d4-410c-84fb-5572da83bba4/phcpack_2.4.88_e448e94a/src/Ada/Math_Lib/Vectors/dobldobl_complex_vector_strings.adb
Source file time stamp: 2026-07-16 01:03:10
Compiled at: 2026-07-16 01:06:05
 52 lines: No errors
   [Ada]          quaddobl_complex_vector_strings.adb

GNAT 10.3.0
Copyright 1992-2020, Free Software Foundation, Inc.

Compiling: /home/runner/work/alire-crates-ci/alire-crates-ci/test/5f655e40-67d4-410c-84fb-5572da83bba4/phcpack_2.4.88_e448e94a/src/Ada/Math_Lib/Circuits/quaddobl_jacobian_evaluations.adb
Source file time stamp: 2026-07-16 01:03:09
Compiled at: 2026-07-16 01:06:04
 196 lines: No errors
   [Ada]          varbprec_complex_linear_solvers.adb

GNAT 10.3.0
Copyright 1992-2020, Free Software Foundation, Inc.

Compiling: /home/runner/work/alire-crates-ci/alire-crates-ci/test/5f655e40-67d4-410c-84fb-5572da83bba4/phcpack_2.4.88_e448e94a/src/Ada/Math_Lib/Vectors/quaddobl_complex_vector_strings.adb
Source file time stamp: 2026-07-16 01:03:10
Compiled at: 2026-07-16 01:06:05
 52 lines: No errors
   [Ada]          varbprec_polynomial_evaluations.adb

GNAT 10.3.0
Copyright 1992-2020, Free Software Foundation, Inc.

Compiling: /home/runner/work/alire-crates-ci/alire-crates-ci/test/5f655e40-67d4-410c-84fb-5572da83bba4/phcpack_2.4.88_e448e94a/src/Ada/Math_Lib/Reduction/multprec_complex_singular_values.adb
Source file time stamp: 2026-07-16 01:03:09
Compiled at: 2026-07-16 01:06:04
 1454 lines: No errors
   [Ada]          straightening_syzygies.adb

GNAT 10.3.0
Copyright 1992-2020, Free Software Foundation, Inc.

Compiling: /home/runner/work/alire-crates-ci/alire-crates-ci/test/5f655e40-67d4-410c-84fb-5572da83bba4/phcpack_2.4.88_e448e94a/src/Ada/Math_Lib/Reduction/varbprec_complex_linear_solvers.adb
Source file time stamp: 2026-07-16 01:03:09
Compiled at: 2026-07-16 01:06:05
 431 lines: No errors
   [Ada]          double_double_linear_solvers.ads

GNAT 10.3.0
Copyright 1992-2020, Free Software Foundation, Inc.

Compiling: /home/runner/work/alire-crates-ci/alire-crates-ci/test/5f655e40-67d4-410c-84fb-5572da83bba4/phcpack_2.4.88_e448e94a/src/Ada/Math_Lib/Functions/quaddobl_polynomial_flatteners.adb
Source file time stamp: 2026-07-16 01:03:09
Compiled at: 2026-07-16 01:06:04
 627 lines: No errors
   [Ada]          quad_double_linear_solvers.ads

GNAT 10.3.0
Copyright 1992-2020, Free Software Foundation, Inc.

Compiling: /home/runner/work/alire-crates-ci/alire-crates-ci/test/5f655e40-67d4-410c-84fb-5572da83bba4/phcpack_2.4.88_e448e94a/src/Ada/Schubert/SAGBI/straightening_syzygies.adb
Source file time stamp: 2026-07-16 01:03:10
Compiled at: 2026-07-16 01:06:05
 395 lines: No errors
   [Ada]          double_double_matrices.ads

GNAT 10.3.0
Copyright 1992-2020, Free Software Foundation, Inc.

Compiling: /home/runner/work/alire-crates-ci/alire-crates-ci/test/5f655e40-67d4-410c-84fb-5572da83bba4/phcpack_2.4.88_e448e94a/src/Ada/Math_Lib/Circuits/varbprec_polynomial_evaluations.adb
Source file time stamp: 2026-07-16 01:03:09
Compiled at: 2026-07-16 01:06:05
 834 lines: No errors
   [Ada]          quad_double_matrices.ads

GNAT 10.3.0
Copyright 1992-2020, Free Software Foundation, Inc.

Compiling: /home/runner/work/alire-crates-ci/alire-crates-ci/test/5f655e40-67d4-410c-84fb-5572da83bba4/phcpack_2.4.88_e448e94a/src/Ada/Math_Lib/Matrices/double_double_matrices.ads
Source file time stamp: 2026-07-16 01:03:09
Compiled at: 2026-07-16 01:06:05
 10 lines: No errors
   [Ada]          standard_quad_trees.adb

GNAT 10.3.0
Copyright 1992-2020, Free Software Foundation, Inc.

Compiling: /home/runner/work/alire-crates-ci/alire-crates-ci/test/5f655e40-67d4-410c-84fb-5572da83bba4/phcpack_2.4.88_e448e94a/src/Ada/Math_Lib/Reduction/double_double_linear_solvers.ads
Source file time stamp: 2026-07-16 01:03:09
Compiled at: 2026-07-16 01:06:05
 14 lines: No errors
   [Ada]          generic_vecmats_io.adb

GNAT 10.3.0
Copyright 1992-2020, Free Software Foundation, Inc.

Compiling: /home/runner/work/alire-crates-ci/alire-crates-ci/test/5f655e40-67d4-410c-84fb-5572da83bba4/phcpack_2.4.88_e448e94a/src/Ada/Math_Lib/Matrices/generic_vecmats_io.adb
Source file time stamp: 2026-07-16 01:03:09
Compiled at: 2026-07-16 01:06:06
 90 lines: No errors
   [Ada]          chebychev_polynomials.adb

GNAT 10.3.0
Copyright 1992-2020, Free Software Foundation, Inc.

Compiling: /home/runner/work/alire-crates-ci/alire-crates-ci/test/5f655e40-67d4-410c-84fb-5572da83bba4/phcpack_2.4.88_e448e94a/src/Ada/Math_Lib/Reduction/quad_double_linear_solvers.ads
Source file time stamp: 2026-07-16 01:03:09
Compiled at: 2026-07-16 01:06:05
 14 lines: No errors
   [Ada]          generic_bracket_polynomials.adb

GNAT 10.3.0
Copyright 1992-2020, Free Software Foundation, Inc.

Compiling: /home/runner/work/alire-crates-ci/alire-crates-ci/test/5f655e40-67d4-410c-84fb-5572da83bba4/phcpack_2.4.88_e448e94a/src/Ada/Math_Lib/Matrices/quad_double_matrices.ads
Source file time stamp: 2026-07-16 01:03:09
Compiled at: 2026-07-16 01:06:05
 10 lines: No errors
   [Ada]          boolean_ring.ads

GNAT 10.3.0
Copyright 1992-2020, Free Software Foundation, Inc.

Compiling: /home/runner/work/alire-crates-ci/alire-crates-ci/test/5f655e40-67d4-410c-84fb-5572da83bba4/phcpack_2.4.88_e448e94a/src/Ada/Schubert/SAGBI/chebychev_polynomials.adb
Source file time stamp: 2026-07-16 01:03:10
Compiled at: 2026-07-16 01:06:06
 107 lines: No errors
   [Ada]          boolean_vectors.ads

GNAT 10.3.0
Copyright 1992-2020, Free Software Foundation, Inc.

Compiling: /home/runner/work/alire-crates-ci/alire-crates-ci/test/5f655e40-67d4-410c-84fb-5572da83bba4/phcpack_2.4.88_e448e94a/src/Ada/Math_Lib/Numbers/boolean_ring.ads
Source file time stamp: 2026-07-16 01:03:09
Compiled at: 2026-07-16 01:06:06
 10 lines: No errors
   [Ada]          multprec_random_numbers.adb

GNAT 10.3.0
Copyright 1992-2020, Free Software Foundation, Inc.

Compiling: /home/runner/work/alire-crates-ci/alire-crates-ci/test/5f655e40-67d4-410c-84fb-5572da83bba4/phcpack_2.4.88_e448e94a/src/Ada/Schubert/SAGBI/generic_bracket_polynomials.adb
Source file time stamp: 2026-07-16 01:03:10
Compiled at: 2026-07-16 01:06:06
 359 lines: No errors
   [Ada]          multprec_lattice_polytopes.adb

GNAT 10.3.0
Copyright 1992-2020, Free Software Foundation, Inc.

Compiling: /home/runner/work/alire-crates-ci/alire-crates-ci/test/5f655e40-67d4-410c-84fb-5572da83bba4/phcpack_2.4.88_e448e94a/src/Ada/Math_Lib/Numbers/multprec_random_numbers.adb
Source file time stamp: 2026-07-16 01:03:09
Compiled at: 2026-07-16 01:06:06
 192 lines: No errors
   [Ada]          multprec_lattice_supports.adb

GNAT 10.3.0
Copyright 1992-2020, Free Software Foundation, Inc.

Compiling: /home/runner/work/alire-crates-ci/alire-crates-ci/test/5f655e40-67d4-410c-84fb-5572da83bba4/phcpack_2.4.88_e448e94a/src/Ada/Deformations/Solutions/standard_quad_trees.adb
Source file time stamp: 2026-07-16 01:03:09
Compiled at: 2026-07-16 01:06:06
 213 lines: No errors
   [Ada]          multprec_integer_vectors_io.ads

GNAT 10.3.0
Copyright 1992-2020, Free Software Foundation, Inc.

Compiling: /home/runner/work/alire-crates-ci/alire-crates-ci/test/5f655e40-67d4-410c-84fb-5572da83bba4/phcpack_2.4.88_e448e94a/src/Ada/Math_Lib/Vectors/boolean_vectors.ads
Source file time stamp: 2026-07-16 01:03:10
Compiled at: 2026-07-16 01:06:06
 7 lines: No errors
   [Ada]          multprec_integer_orthogonals.adb

GNAT 10.3.0
Copyright 1992-2020, Free Software Foundation, Inc.

Compiling: /home/runner/work/alire-crates-ci/alire-crates-ci/test/5f655e40-67d4-410c-84fb-5572da83bba4/phcpack_2.4.88_e448e94a/src/Ada/Math_Lib/Vectors/multprec_integer_vectors_io.ads
Source file time stamp: 2026-07-16 01:03:10
Compiled at: 2026-07-16 01:06:06
 10 lines: No errors
   [Ada]          multprec_power_transformations.adb

GNAT 10.3.0
Copyright 1992-2020, Free Software Foundation, Inc.

Compiling: /home/runner/work/alire-crates-ci/alire-crates-ci/test/5f655e40-67d4-410c-84fb-5572da83bba4/phcpack_2.4.88_e448e94a/src/Ada/Components/Tropical/multprec_lattice_supports.adb
Source file time stamp: 2026-07-16 01:03:09
Compiled at: 2026-07-16 01:06:06
 246 lines: No errors
   [Ada]          standard_lattice_supports.adb

GNAT 10.3.0
Copyright 1992-2020, Free Software Foundation, Inc.

Compiling: /home/runner/work/alire-crates-ci/alire-crates-ci/test/5f655e40-67d4-410c-84fb-5572da83bba4/phcpack_2.4.88_e448e94a/src/Ada/Components/Tropical/multprec_lattice_polytopes.adb
Source file time stamp: 2026-07-16 01:03:09
Compiled at: 2026-07-16 01:06:06
 318 lines: No errors
   [Ada]          lists_of_integer64_vectors.ads

GNAT 10.3.0
Copyright 1992-2020, Free Software Foundation, Inc.

Compiling: /home/runner/work/alire-crates-ci/alire-crates-ci/test/5f655e40-67d4-410c-84fb-5572da83bba4/phcpack_2.4.88_e448e94a/src/Ada/Components/Tropical/multprec_integer_orthogonals.adb
Source file time stamp: 2026-07-16 01:03:09
Compiled at: 2026-07-16 01:06:06
 84 lines: No errors
   [Ada]          multprec_correctors.adb

GNAT 10.3.0
Copyright 1992-2020, Free Software Foundation, Inc.

Compiling: /home/runner/work/alire-crates-ci/alire-crates-ci/test/5f655e40-67d4-410c-84fb-5572da83bba4/phcpack_2.4.88_e448e94a/src/Ada/Root_Counts/Binomials/multprec_power_transformations.adb
Source file time stamp: 2026-07-16 01:03:10
Compiled at: 2026-07-16 01:06:06
 205 lines: No errors
   [Ada]          multprec_data_on_path.adb

GNAT 10.3.0
Copyright 1992-2020, Free Software Foundation, Inc.

Compiling: /home/runner/work/alire-crates-ci/alire-crates-ci/test/5f655e40-67d4-410c-84fb-5572da83bba4/phcpack_2.4.88_e448e94a/src/Ada/Deformations/Trackers/multprec_correctors.adb
Source file time stamp: 2026-07-16 01:03:09
Compiled at: 2026-07-16 01:06:06
 1247 lines: No errors
   [Ada]          multprec_dispatch_predictors.adb

GNAT 10.3.0
Copyright 1992-2020, Free Software Foundation, Inc.

Compiling: /home/runner/work/alire-crates-ci/alire-crates-ci/test/5f655e40-67d4-410c-84fb-5572da83bba4/phcpack_2.4.88_e448e94a/src/Ada/Components/Tropical/standard_lattice_supports.adb
Source file time stamp: 2026-07-16 01:03:09
Compiled at: 2026-07-16 01:06:06
 225 lines: No errors
   [Ada]          solution_string_splitters.adb

GNAT 10.3.0
Copyright 1992-2020, Free Software Foundation, Inc.

Compiling: /home/runner/work/alire-crates-ci/alire-crates-ci/test/5f655e40-67d4-410c-84fb-5572da83bba4/phcpack_2.4.88_e448e94a/src/Ada/Math_Lib/Supports/lists_of_integer64_vectors.ads
Source file time stamp: 2026-07-16 01:03:10
Compiled at: 2026-07-16 01:06:06
 13 lines: No errors
   [Ada]          varbprec_corrector_steps.adb

GNAT 10.3.0
Copyright 1992-2020, Free Software Foundation, Inc.

Compiling: /home/runner/work/alire-crates-ci/alire-crates-ci/test/5f655e40-67d4-410c-84fb-5572da83bba4/phcpack_2.4.88_e448e94a/src/Ada/Deformations/Trackers/multprec_dispatch_predictors.adb
Source file time stamp: 2026-07-16 01:03:09
Compiled at: 2026-07-16 01:06:06
 227 lines: No errors
   [Ada]          varbprec_homotopy.adb

GNAT 10.3.0
Copyright 1992-2020, Free Software Foundation, Inc.

Compiling: /home/runner/work/alire-crates-ci/alire-crates-ci/test/5f655e40-67d4-410c-84fb-5572da83bba4/phcpack_2.4.88_e448e94a/src/Ada/Deformations/Trackers/multprec_data_on_path.adb
Source file time stamp: 2026-07-16 01:03:09
Compiled at: 2026-07-16 01:06:06
 519 lines: No errors
   [Ada]          standard_bracket_polynomials_io.adb

GNAT 10.3.0
Copyright 1992-2020, Free Software Foundation, Inc.

Compiling: /home/runner/work/alire-crates-ci/alire-crates-ci/test/5f655e40-67d4-410c-84fb-5572da83bba4/phcpack_2.4.88_e448e94a/src/Ada/Deformations/Solutions/solution_string_splitters.adb
Source file time stamp: 2026-07-16 01:03:09
Compiled at: 2026-07-16 01:06:07
 71 lines: No errors
   [Ada]          pivot_selection.adb

GNAT 10.3.0
Copyright 1992-2020, Free Software Foundation, Inc.

Compiling: /home/runner/work/alire-crates-ci/alire-crates-ci/test/5f655e40-67d4-410c-84fb-5572da83bba4/phcpack_2.4.88_e448e94a/src/Ada/Schubert/SAGBI/standard_bracket_polynomials_io.adb
Source file time stamp: 2026-07-16 01:03:10
Compiled at: 2026-07-16 01:06:07
 113 lines: No errors
   [Ada]          sets_of_unknowns_strings.adb

GNAT 10.3.0
Copyright 1992-2020, Free Software Foundation, Inc.

Compiling: /home/runner/work/alire-crates-ci/alire-crates-ci/test/5f655e40-67d4-410c-84fb-5572da83bba4/phcpack_2.4.88_e448e94a/src/Ada/Root_Counts/Product/pivot_selection.adb
Source file time stamp: 2026-07-16 01:03:10
Compiled at: 2026-07-16 01:06:07
 85 lines: No errors
   [Ada]          dobldobl_rational_approximations.adb

GNAT 10.3.0
Copyright 1992-2020, Free Software Foundation, Inc.

Compiling: /home/runner/work/alire-crates-ci/alire-crates-ci/test/5f655e40-67d4-410c-84fb-5572da83bba4/phcpack_2.4.88_e448e94a/src/Ada/Root_Counts/Product/sets_of_unknowns_strings.adb
Source file time stamp: 2026-07-16 01:03:10
Compiled at: 2026-07-16 01:06:07
 124 lines: No errors
   [Ada]          dobldobl_complex_series_ring.ads

GNAT 10.3.0
Copyright 1992-2020, Free Software Foundation, Inc.

Compiling: /home/runner/work/alire-crates-ci/alire-crates-ci/test/5f655e40-67d4-410c-84fb-5572da83bba4/phcpack_2.4.88_e448e94a/src/Ada/Math_Lib/Series/dobldobl_complex_series_ring.ads
Source file time stamp: 2026-07-16 01:03:09
Compiled at: 2026-07-16 01:06:07
 24 lines: No errors
   [Ada]          dobldobl_complex_vecvecs_io.ads

GNAT 10.3.0
Copyright 1992-2020, Free Software Foundation, Inc.

Compiling: /home/runner/work/alire-crates-ci/alire-crates-ci/test/5f655e40-67d4-410c-84fb-5572da83bba4/phcpack_2.4.88_e448e94a/src/Ada/Deformations/Curves/dobldobl_rational_approximations.adb
Source file time stamp: 2026-07-16 01:03:09
Compiled at: 2026-07-16 01:06:07
 210 lines: No errors
   [Ada]          homotopy_coefficient_scaling.adb

GNAT 10.3.0
Copyright 1992-2020, Free Software Foundation, Inc.

Compiling: /home/runner/work/alire-crates-ci/alire-crates-ci/test/5f655e40-67d4-410c-84fb-5572da83bba4/phcpack_2.4.88_e448e94a/src/Ada/Math_Lib/Vectors/dobldobl_complex_vecvecs_io.ads
Source file time stamp: 2026-07-16 01:03:10
Compiled at: 2026-07-16 01:06:07
 15 lines: No errors
   [Ada]          homotopy_newton_steps.adb

GNAT 10.3.0
Copyright 1992-2020, Free Software Foundation, Inc.

Compiling: /home/runner/work/alire-crates-ci/alire-crates-ci/test/5f655e40-67d4-410c-84fb-5572da83bba4/phcpack_2.4.88_e448e94a/src/Ada/Deformations/Trackers/varbprec_corrector_steps.adb
Source file time stamp: 2026-07-16 01:03:09
Compiled at: 2026-07-16 01:06:07
 672 lines: No errors
   [Ada]          series_and_predictors.adb

GNAT 10.3.0
Copyright 1992-2020, Free Software Foundation, Inc.

Compiling: /home/runner/work/alire-crates-ci/alire-crates-ci/test/5f655e40-67d4-410c-84fb-5572da83bba4/phcpack_2.4.88_e448e94a/src/Ada/Deformations/Homotopy/varbprec_homotopy.adb
Source file time stamp: 2026-07-16 01:03:09
Compiled at: 2026-07-16 01:06:07
 679 lines: No errors
   [Ada]          quaddobl_rational_approximations.adb

GNAT 10.3.0
Copyright 1992-2020, Free Software Foundation, Inc.

Compiling: /home/runner/work/alire-crates-ci/alire-crates-ci/test/5f655e40-67d4-410c-84fb-5572da83bba4/phcpack_2.4.88_e448e94a/src/Ada/Deformations/Curves/quaddobl_rational_approximations.adb
Source file time stamp: 2026-07-16 01:03:09
Compiled at: 2026-07-16 01:06:07
 210 lines: No errors
   [Ada]          quaddobl_complex_series_ring.ads

GNAT 10.3.0
Copyright 1992-2020, Free Software Foundation, Inc.

Compiling: /home/runner/work/alire-crates-ci/alire-crates-ci/test/5f655e40-67d4-410c-84fb-5572da83bba4/phcpack_2.4.88_e448e94a/src/Ada/Math_Lib/Series/quaddobl_complex_series_ring.ads
Source file time stamp: 2026-07-16 01:03:09
Compiled at: 2026-07-16 01:06:08
 24 lines: No errors
   [Ada]          standard_rational_approximations.adb

GNAT 10.3.0
Copyright 1992-2020, Free Software Foundation, Inc.

Compiling: /home/runner/work/alire-crates-ci/alire-crates-ci/test/5f655e40-67d4-410c-84fb-5572da83bba4/phcpack_2.4.88_e448e94a/src/Ada/Deformations/Curves/homotopy_newton_steps.adb
Source file time stamp: 2026-07-16 01:03:09
Compiled at: 2026-07-16 01:06:07
 763 lines: No errors
   [Ada]          standard_complex_series_ring.ads

GNAT 10.3.0
Copyright 1992-2020, Free Software Foundation, Inc.

Compiling: /home/runner/work/alire-crates-ci/alire-crates-ci/test/5f655e40-67d4-410c-84fb-5572da83bba4/phcpack_2.4.88_e448e94a/src/Ada/Math_Lib/Series/standard_complex_series_ring.ads
Source file time stamp: 2026-07-16 01:03:09
Compiled at: 2026-07-16 01:06:08
 24 lines: No errors
   [Ada]          quaddobl_complex_vecvecs_io.ads

GNAT 10.3.0
Copyright 1992-2020, Free Software Foundation, Inc.

Compiling: /home/runner/work/alire-crates-ci/alire-crates-ci/test/5f655e40-67d4-410c-84fb-5572da83bba4/phcpack_2.4.88_e448e94a/src/Ada/Math_Lib/Vectors/quaddobl_complex_vecvecs_io.ads
Source file time stamp: 2026-07-16 01:03:10
Compiled at: 2026-07-16 01:06:08
 15 lines: No errors
   [Ada]          dobldobl_complex_series_ring_io.ads

GNAT 10.3.0
Copyright 1992-2020, Free Software Foundation, Inc.

Compiling: /home/runner/work/alire-crates-ci/alire-crates-ci/test/5f655e40-67d4-410c-84fb-5572da83bba4/phcpack_2.4.88_e448e94a/src/Ada/Deformations/Curves/standard_rational_approximations.adb
Source file time stamp: 2026-07-16 01:03:09
Compiled at: 2026-07-16 01:06:08
 207 lines: No errors
   [Ada]          decadobl_complex_polynomials_io.adb

GNAT 10.3.0
Copyright 1992-2020, Free Software Foundation, Inc.

Compiling: /home/runner/work/alire-crates-ci/alire-crates-ci/test/5f655e40-67d4-410c-84fb-5572da83bba4/phcpack_2.4.88_e448e94a/src/Ada/Math_Lib/Series/dobldobl_complex_series_ring_io.ads
Source file time stamp: 2026-07-16 01:03:09
Compiled at: 2026-07-16 01:06:08
 13 lines: No errors
   [Ada]          hexadobl_complex_polynomials_io.adb

GNAT 10.3.0
Copyright 1992-2020, Free Software Foundation, Inc.

Compiling: /home/runner/work/alire-crates-ci/alire-crates-ci/test/5f655e40-67d4-410c-84fb-5572da83bba4/phcpack_2.4.88_e448e94a/src/Ada/Math_Lib/Polynomials/decadobl_complex_polynomials_io.adb
Source file time stamp: 2026-07-16 01:03:09
Compiled at: 2026-07-16 01:06:08
 153 lines: No errors
   [Ada]          octodobl_complex_polynomials_io.adb

GNAT 10.3.0
Copyright 1992-2020, Free Software Foundation, Inc.

Compiling: /home/runner/work/alire-crates-ci/alire-crates-ci/test/5f655e40-67d4-410c-84fb-5572da83bba4/phcpack_2.4.88_e448e94a/src/Ada/Math_Lib/Polynomials/hexadobl_complex_polynomials_io.adb
Source file time stamp: 2026-07-16 01:03:09
Compiled at: 2026-07-16 01:06:08
 153 lines: No errors
   [Ada]          pentdobl_complex_polynomials_io.adb

GNAT 10.3.0
Copyright 1992-2020, Free Software Foundation, Inc.

Compiling: /home/runner/work/alire-crates-ci/alire-crates-ci/test/5f655e40-67d4-410c-84fb-5572da83bba4/phcpack_2.4.88_e448e94a/src/Ada/Math_Lib/Polynomials/octodobl_complex_polynomials_io.adb
Source file time stamp: 2026-07-16 01:03:09
Compiled at: 2026-07-16 01:06:08
 153 lines: No errors
   [Ada]          tripdobl_complex_polynomials_io.adb

GNAT 10.3.0
Copyright 1992-2020, Free Software Foundation, Inc.

Compiling: /home/runner/work/alire-crates-ci/alire-crates-ci/test/5f655e40-67d4-410c-84fb-5572da83bba4/phcpack_2.4.88_e448e94a/src/Ada/Math_Lib/Polynomials/pentdobl_complex_polynomials_io.adb
Source file time stamp: 2026-07-16 01:03:09
Compiled at: 2026-07-16 01:06:08
 153 lines: No errors
   [Ada]          decadobl_complex_series.ads

GNAT 10.3.0
Copyright 1992-2020, Free Software Foundation, Inc.

Compiling: /home/runner/work/alire-crates-ci/alire-crates-ci/test/5f655e40-67d4-410c-84fb-5572da83bba4/phcpack_2.4.88_e448e94a/src/Ada/Deformations/Curves/series_and_predictors.adb
Source file time stamp: 2026-07-16 01:03:09
Compiled at: 2026-07-16 01:06:07
 1281 lines: No errors
   [Ada]          decadobl_complex_series_vectors.ads

GNAT 10.3.0
Copyright 1992-2020, Free Software Foundation, Inc.

Compiling: /home/runner/work/alire-crates-ci/alire-crates-ci/test/5f655e40-67d4-410c-84fb-5572da83bba4/phcpack_2.4.88_e448e94a/src/Ada/Deformations/Curves/homotopy_coefficient_scaling.adb
Source file time stamp: 2026-07-16 01:03:09
Compiled at: 2026-07-16 01:06:07
 1183 lines: No errors
   [Ada]          decadobl_cseries_polynomials.ads

GNAT 10.3.0
Copyright 1992-2020, Free Software Foundation, Inc.

Compiling: /home/runner/work/alire-crates-ci/alire-crates-ci/test/5f655e40-67d4-410c-84fb-5572da83bba4/phcpack_2.4.88_e448e94a/src/Ada/Math_Lib/Polynomials/tripdobl_complex_polynomials_io.adb
Source file time stamp: 2026-07-16 01:03:09
Compiled at: 2026-07-16 01:06:08
 153 lines: No errors
   [Ada]          dobldobl_complex_series.ads

GNAT 10.3.0
Copyright 1992-2020, Free Software Foundation, Inc.

Compiling: /home/runner/work/alire-crates-ci/alire-crates-ci/test/5f655e40-67d4-410c-84fb-5572da83bba4/phcpack_2.4.88_e448e94a/src/Ada/Math_Lib/Series/decadobl_complex_series_vectors.ads
Source file time stamp: 2026-07-16 01:03:09
Compiled at: 2026-07-16 01:06:08
 9 lines: No errors
   [Ada]          dobldobl_cseries_polynomials.ads

GNAT 10.3.0
Copyright 1992-2020, Free Software Foundation, Inc.

Compiling: /home/runner/work/alire-crates-ci/alire-crates-ci/test/5f655e40-67d4-410c-84fb-5572da83bba4/phcpack_2.4.88_e448e94a/src/Ada/Math_Lib/Series/decadobl_cseries_polynomials.ads
Source file time stamp: 2026-07-16 01:03:09
Compiled at: 2026-07-16 01:06:08
 9 lines: No errors
   [Ada]          hexadobl_complex_series.ads

GNAT 10.3.0
Copyright 1992-2020, Free Software Foundation, Inc.

Compiling: /home/runner/work/alire-crates-ci/alire-crates-ci/test/5f655e40-67d4-410c-84fb-5572da83bba4/phcpack_2.4.88_e448e94a/src/Ada/Math_Lib/Series/decadobl_complex_series.ads
Source file time stamp: 2026-07-16 01:03:09
Compiled at: 2026-07-16 01:06:08
 12 lines: No errors
   [Ada]          hexadobl_complex_series_vectors.ads

GNAT 10.3.0
Copyright 1992-2020, Free Software Foundation, Inc.

Compiling: /home/runner/work/alire-crates-ci/alire-crates-ci/test/5f655e40-67d4-410c-84fb-5572da83bba4/phcpack_2.4.88_e448e94a/src/Ada/Math_Lib/Series/dobldobl_complex_series.ads
Source file time stamp: 2026-07-16 01:03:09
Compiled at: 2026-07-16 01:06:08
 12 lines: No errors
   [Ada]          hexadobl_cseries_poly_systems.ads

GNAT 10.3.0
Copyright 1992-2020, Free Software Foundation, Inc.

Compiling: /home/runner/work/alire-crates-ci/alire-crates-ci/test/5f655e40-67d4-410c-84fb-5572da83bba4/phcpack_2.4.88_e448e94a/src/Ada/Math_Lib/Series/dobldobl_cseries_polynomials.ads
Source file time stamp: 2026-07-16 01:03:09
Compiled at: 2026-07-16 01:06:09
 9 lines: No errors
   [Ada]          hexadobl_cseries_polynomials.ads

GNAT 10.3.0
Copyright 1992-2020, Free Software Foundation, Inc.

Compiling: /home/runner/work/alire-crates-ci/alire-crates-ci/test/5f655e40-67d4-410c-84fb-5572da83bba4/phcpack_2.4.88_e448e94a/src/Ada/Math_Lib/Series/hexadobl_cseries_poly_systems.ads
Source file time stamp: 2026-07-16 01:03:09
Compiled at: 2026-07-16 01:06:09
 11 lines: No errors
   [Ada]          octodobl_complex_series.ads

GNAT 10.3.0
Copyright 1992-2020, Free Software Foundation, Inc.

Compiling: /home/runner/work/alire-crates-ci/alire-crates-ci/test/5f655e40-67d4-410c-84fb-5572da83bba4/phcpack_2.4.88_e448e94a/src/Ada/Math_Lib/Series/hexadobl_complex_series_vectors.ads
Source file time stamp: 2026-07-16 01:03:09
Compiled at: 2026-07-16 01:06:09
 9 lines: No errors
   [Ada]          octodobl_complex_series_vectors.ads

GNAT 10.3.0
Copyright 1992-2020, Free Software Foundation, Inc.

Compiling: /home/runner/work/alire-crates-ci/alire-crates-ci/test/5f655e40-67d4-410c-84fb-5572da83bba4/phcpack_2.4.88_e448e94a/src/Ada/Math_Lib/Series/octodobl_complex_series_vectors.ads
Source file time stamp: 2026-07-16 01:03:09
Compiled at: 2026-07-16 01:06:09
 9 lines: No errors
   [Ada]          octodobl_cseries_polynomials.ads

GNAT 10.3.0
Copyright 1992-2020, Free Software Foundation, Inc.

Compiling: /home/runner/work/alire-crates-ci/alire-crates-ci/test/5f655e40-67d4-410c-84fb-5572da83bba4/phcpack_2.4.88_e448e94a/src/Ada/Math_Lib/Series/hexadobl_complex_series.ads
Source file time stamp: 2026-07-16 01:03:09
Compiled at: 2026-07-16 01:06:09
 12 lines: No errors
   [Ada]          pentdobl_complex_series.ads

GNAT 10.3.0
Copyright 1992-2020, Free Software Foundation, Inc.

Compiling: /home/runner/work/alire-crates-ci/alire-crates-ci/test/5f655e40-67d4-410c-84fb-5572da83bba4/phcpack_2.4.88_e448e94a/src/Ada/Math_Lib/Series/hexadobl_cseries_polynomials.ads
Source file time stamp: 2026-07-16 01:03:09
Compiled at: 2026-07-16 01:06:09
 9 lines: No errors
   [Ada]          pentdobl_complex_series_vectors.ads

GNAT 10.3.0
Copyright 1992-2020, Free Software Foundation, Inc.

Compiling: /home/runner/work/alire-crates-ci/alire-crates-ci/test/5f655e40-67d4-410c-84fb-5572da83bba4/phcpack_2.4.88_e448e94a/src/Ada/Math_Lib/Series/octodobl_complex_series.ads
Source file time stamp: 2026-07-16 01:03:09
Compiled at: 2026-07-16 01:06:09
 12 lines: No errors
   [Ada]          pentdobl_cseries_polynomials.ads

GNAT 10.3.0
Copyright 1992-2020, Free Software Foundation, Inc.

Compiling: /home/runner/work/alire-crates-ci/alire-crates-ci/test/5f655e40-67d4-410c-84fb-5572da83bba4/phcpack_2.4.88_e448e94a/src/Ada/Math_Lib/Series/pentdobl_complex_series_vectors.ads
Source file time stamp: 2026-07-16 01:03:09
Compiled at: 2026-07-16 01:06:10
 9 lines: No errors
   [Ada]          quaddobl_complex_series.ads

GNAT 10.3.0
Copyright 1992-2020, Free Software Foundation, Inc.

Compiling: /home/runner/work/alire-crates-ci/alire-crates-ci/test/5f655e40-67d4-410c-84fb-5572da83bba4/phcpack_2.4.88_e448e94a/src/Ada/Math_Lib/Series/octodobl_cseries_polynomials.ads
Source file time stamp: 2026-07-16 01:03:09
Compiled at: 2026-07-16 01:06:09
 9 lines: No errors
   [Ada]          quaddobl_cseries_polynomials.ads

GNAT 10.3.0
Copyright 1992-2020, Free Software Foundation, Inc.

Compiling: /home/runner/work/alire-crates-ci/alire-crates-ci/test/5f655e40-67d4-410c-84fb-5572da83bba4/phcpack_2.4.88_e448e94a/src/Ada/Math_Lib/Series/pentdobl_complex_series.ads
Source file time stamp: 2026-07-16 01:03:09
Compiled at: 2026-07-16 01:06:09
 12 lines: No errors
   [Ada]          standard_complex_series.ads

GNAT 10.3.0
Copyright 1992-2020, Free Software Foundation, Inc.

Compiling: /home/runner/work/alire-crates-ci/alire-crates-ci/test/5f655e40-67d4-410c-84fb-5572da83bba4/phcpack_2.4.88_e448e94a/src/Ada/Math_Lib/Series/pentdobl_cseries_polynomials.ads
Source file time stamp: 2026-07-16 01:03:09
Compiled at: 2026-07-16 01:06:10
 9 lines: No errors
   [Ada]          standard_cseries_polynomials.ads

GNAT 10.3.0
Copyright 1992-2020, Free Software Foundation, Inc.

Compiling: /home/runner/work/alire-crates-ci/alire-crates-ci/test/5f655e40-67d4-410c-84fb-5572da83bba4/phcpack_2.4.88_e448e94a/src/Ada/Math_Lib/Series/quaddobl_cseries_polynomials.ads
Source file time stamp: 2026-07-16 01:03:09
Compiled at: 2026-07-16 01:06:10
 9 lines: No errors
   [Ada]          tripdobl_complex_series.ads

GNAT 10.3.0
Copyright 1992-2020, Free Software Foundation, Inc.

Compiling: /home/runner/work/alire-crates-ci/alire-crates-ci/test/5f655e40-67d4-410c-84fb-5572da83bba4/phcpack_2.4.88_e448e94a/src/Ada/Math_Lib/Series/quaddobl_complex_series.ads
Source file time stamp: 2026-07-16 01:03:09
Compiled at: 2026-07-16 01:06:10
 12 lines: No errors
   [Ada]          tripdobl_complex_series_vectors.ads

GNAT 10.3.0
Copyright 1992-2020, Free Software Foundation, Inc.

Compiling: /home/runner/work/alire-crates-ci/alire-crates-ci/test/5f655e40-67d4-410c-84fb-5572da83bba4/phcpack_2.4.88_e448e94a/src/Ada/Math_Lib/Series/standard_complex_series.ads
Source file time stamp: 2026-07-16 01:03:09
Compiled at: 2026-07-16 01:06:10
 12 lines: No errors
   [Ada]          tripdobl_cseries_polynomials.ads

GNAT 10.3.0
Copyright 1992-2020, Free Software Foundation, Inc.

Compiling: /home/runner/work/alire-crates-ci/alire-crates-ci/test/5f655e40-67d4-410c-84fb-5572da83bba4/phcpack_2.4.88_e448e94a/src/Ada/Math_Lib/Series/tripdobl_complex_series_vectors.ads
Source file time stamp: 2026-07-16 01:03:10
Compiled at: 2026-07-16 01:06:10
 9 lines: No errors
   [Ada]          decadobl_random_numbers.adb

GNAT 10.3.0
Copyright 1992-2020, Free Software Foundation, Inc.

Compiling: /home/runner/work/alire-crates-ci/alire-crates-ci/test/5f655e40-67d4-410c-84fb-5572da83bba4/phcpack_2.4.88_e448e94a/src/Ada/Math_Lib/Series/standard_cseries_polynomials.ads
Source file time stamp: 2026-07-16 01:03:09
Compiled at: 2026-07-16 01:06:10
 9 lines: No errors
   [Ada]          hexadobl_random_numbers.adb

GNAT 10.3.0
Copyright 1992-2020, Free Software Foundation, Inc.

Compiling: /home/runner/work/alire-crates-ci/alire-crates-ci/test/5f655e40-67d4-410c-84fb-5572da83bba4/phcpack_2.4.88_e448e94a/src/Ada/Math_Lib/Series/tripdobl_complex_series.ads
Source file time stamp: 2026-07-16 01:03:10
Compiled at: 2026-07-16 01:06:10
 12 lines: No errors
   [Ada]          octodobl_random_numbers.adb

GNAT 10.3.0
Copyright 1992-2020, Free Software Foundation, Inc.

Compiling: /home/runner/work/alire-crates-ci/alire-crates-ci/test/5f655e40-67d4-410c-84fb-5572da83bba4/phcpack_2.4.88_e448e94a/src/Ada/Math_Lib/QD/decadobl_random_numbers.adb
Source file time stamp: 2026-07-16 01:03:09
Compiled at: 2026-07-16 01:06:11
 97 lines: No errors
   [Ada]          pentdobl_random_numbers.adb

GNAT 10.3.0
Copyright 1992-2020, Free Software Foundation, Inc.

Compiling: /home/runner/work/alire-crates-ci/alire-crates-ci/test/5f655e40-67d4-410c-84fb-5572da83bba4/phcpack_2.4.88_e448e94a/src/Ada/Math_Lib/Series/tripdobl_cseries_polynomials.ads
Source file time stamp: 2026-07-16 01:03:10
Compiled at: 2026-07-16 01:06:11
 9 lines: No errors
   [Ada]          tripdobl_random_numbers.adb

GNAT 10.3.0
Copyright 1992-2020, Free Software Foundation, Inc.

Compiling: /home/runner/work/alire-crates-ci/alire-crates-ci/test/5f655e40-67d4-410c-84fb-5572da83bba4/phcpack_2.4.88_e448e94a/src/Ada/Math_Lib/QD/tripdobl_random_numbers.adb
Source file time stamp: 2026-07-16 01:03:09
Compiled at: 2026-07-16 01:06:11
 91 lines: No errors
   [Ada]          quaddobl_complex_series_ring_io.ads

GNAT 10.3.0
Copyright 1992-2020, Free Software Foundation, Inc.

Compiling: /home/runner/work/alire-crates-ci/alire-crates-ci/test/5f655e40-67d4-410c-84fb-5572da83bba4/phcpack_2.4.88_e448e94a/src/Ada/Math_Lib/QD/octodobl_random_numbers.adb
Source file time stamp: 2026-07-16 01:03:09
Compiled at: 2026-07-16 01:06:11
 97 lines: No errors
   [Ada]          standard_complex_series_ring_io.ads

GNAT 10.3.0
Copyright 1992-2020, Free Software Foundation, Inc.

Compiling: /home/runner/work/alire-crates-ci/alire-crates-ci/test/5f655e40-67d4-410c-84fb-5572da83bba4/phcpack_2.4.88_e448e94a/src/Ada/Math_Lib/QD/pentdobl_random_numbers.adb
Source file time stamp: 2026-07-16 01:03:09
Compiled at: 2026-07-16 01:06:11
 97 lines: No errors
   [Ada]          decadobl_complex_vectors.ads

GNAT 10.3.0
Copyright 1992-2020, Free Software Foundation, Inc.

Compiling: /home/runner/work/alire-crates-ci/alire-crates-ci/test/5f655e40-67d4-410c-84fb-5572da83bba4/phcpack_2.4.88_e448e94a/src/Ada/Math_Lib/Series/standard_complex_series_ring_io.ads
Source file time stamp: 2026-07-16 01:03:09
Compiled at: 2026-07-16 01:06:11
 13 lines: No errors
   [Ada]          hexadobl_complex_series_vecvecs.ads

GNAT 10.3.0
Copyright 1992-2020, Free Software Foundation, Inc.

Compiling: /home/runner/work/alire-crates-ci/alire-crates-ci/test/5f655e40-67d4-410c-84fb-5572da83bba4/phcpack_2.4.88_e448e94a/src/Ada/Math_Lib/Series/quaddobl_complex_series_ring_io.ads
Source file time stamp: 2026-07-16 01:03:09
Compiled at: 2026-07-16 01:06:11
 13 lines: No errors
   [Ada]          hexadobl_complex_vectors.ads

GNAT 10.3.0
Copyright 1992-2020, Free Software Foundation, Inc.

Compiling: /home/runner/work/alire-crates-ci/alire-crates-ci/test/5f655e40-67d4-410c-84fb-5572da83bba4/phcpack_2.4.88_e448e94a/src/Ada/Math_Lib/Series/hexadobl_complex_series_vecvecs.ads
Source file time stamp: 2026-07-16 01:03:09
Compiled at: 2026-07-16 01:06:11
 11 lines: No errors
   [Ada]          octodobl_complex_vectors.ads

GNAT 10.3.0
Copyright 1992-2020, Free Software Foundation, Inc.

Compiling: /home/runner/work/alire-crates-ci/alire-crates-ci/test/5f655e40-67d4-410c-84fb-5572da83bba4/phcpack_2.4.88_e448e94a/src/Ada/Math_Lib/Vectors/decadobl_complex_vectors.ads
Source file time stamp: 2026-07-16 01:03:10
Compiled at: 2026-07-16 01:06:11
 7 lines: No errors
   [Ada]          pentdobl_complex_vectors.ads

GNAT 10.3.0
Copyright 1992-2020, Free Software Foundation, Inc.

Compiling: /home/runner/work/alire-crates-ci/alire-crates-ci/test/5f655e40-67d4-410c-84fb-5572da83bba4/phcpack_2.4.88_e448e94a/src/Ada/Math_Lib/Vectors/hexadobl_complex_vectors.ads
Source file time stamp: 2026-07-16 01:03:10
Compiled at: 2026-07-16 01:06:11
 7 lines: No errors
   [Ada]          decadobl_complex_numbers_io.adb

GNAT 10.3.0
Copyright 1992-2020, Free Software Foundation, Inc.

Compiling: /home/runner/work/alire-crates-ci/alire-crates-ci/test/5f655e40-67d4-410c-84fb-5572da83bba4/phcpack_2.4.88_e448e94a/src/Ada/Math_Lib/QD/decadobl_complex_numbers_io.adb
Source file time stamp: 2026-07-16 01:03:09
Compiled at: 2026-07-16 01:06:12
 95 lines: No errors
   [Ada]          decadobl_complex_series_functions.adb

GNAT 10.3.0
Copyright 1992-2020, Free Software Foundation, Inc.

Compiling: /home/runner/work/alire-crates-ci/alire-crates-ci/test/5f655e40-67d4-410c-84fb-5572da83bba4/phcpack_2.4.88_e448e94a/src/Ada/Math_Lib/Vectors/octodobl_complex_vectors.ads
Source file time stamp: 2026-07-16 01:03:10
Compiled at: 2026-07-16 01:06:12
 7 lines: No errors
   [Ada]          decadobl_complex_series_io.adb

GNAT 10.3.0
Copyright 1992-2020, Free Software Foundation, Inc.

Compiling: /home/runner/work/alire-crates-ci/alire-crates-ci/test/5f655e40-67d4-410c-84fb-5572da83bba4/phcpack_2.4.88_e448e94a/src/Ada/Math_Lib/QD/hexadobl_random_numbers.adb
Source file time stamp: 2026-07-16 01:03:09
Compiled at: 2026-07-16 01:06:11
 98 lines: No errors
   [Ada]          dobldobl_complex_series_functions.adb

GNAT 10.3.0
Copyright 1992-2020, Free Software Foundation, Inc.

Compiling: /home/runner/work/alire-crates-ci/alire-crates-ci/test/5f655e40-67d4-410c-84fb-5572da83bba4/phcpack_2.4.88_e448e94a/src/Ada/Math_Lib/Series/decadobl_complex_series_io.adb
Source file time stamp: 2026-07-16 01:03:09
Compiled at: 2026-07-16 01:06:12
 89 lines: No errors
   [Ada]          dobldobl_complex_series_io.adb

GNAT 10.3.0
Copyright 1992-2020, Free Software Foundation, Inc.

Compiling: /home/runner/work/alire-crates-ci/alire-crates-ci/test/5f655e40-67d4-410c-84fb-5572da83bba4/phcpack_2.4.88_e448e94a/src/Ada/Math_Lib/Vectors/pentdobl_complex_vectors.ads
Source file time stamp: 2026-07-16 01:03:10
Compiled at: 2026-07-16 01:06:12
 7 lines: No errors
   [Ada]          hexadobl_complex_numbers_io.adb

GNAT 10.3.0
Copyright 1992-2020, Free Software Foundation, Inc.

Compiling: /home/runner/work/alire-crates-ci/alire-crates-ci/test/5f655e40-67d4-410c-84fb-5572da83bba4/phcpack_2.4.88_e448e94a/src/Ada/Math_Lib/Series/dobldobl_complex_series_functions.adb
Source file time stamp: 2026-07-16 01:03:09
Compiled at: 2026-07-16 01:06:12
 275 lines: No errors
   [Ada]          hexadobl_complex_series_functions.adb

GNAT 10.3.0
Copyright 1992-2020, Free Software Foundation, Inc.

Compiling: /home/runner/work/alire-crates-ci/alire-crates-ci/test/5f655e40-67d4-410c-84fb-5572da83bba4/phcpack_2.4.88_e448e94a/src/Ada/Math_Lib/Series/dobldobl_complex_series_io.adb
Source file time stamp: 2026-07-16 01:03:09
Compiled at: 2026-07-16 01:06:12
 89 lines: No errors
   [Ada]          hexadobl_complex_series_io.adb

GNAT 10.3.0
Copyright 1992-2020, Free Software Foundation, Inc.

Compiling: /home/runner/work/alire-crates-ci/alire-crates-ci/test/5f655e40-67d4-410c-84fb-5572da83bba4/phcpack_2.4.88_e448e94a/src/Ada/Math_Lib/Series/decadobl_complex_series_functions.adb
Source file time stamp: 2026-07-16 01:03:09
Compiled at: 2026-07-16 01:06:12
 275 lines: No errors
   [Ada]          octodobl_complex_numbers_io.adb

GNAT 10.3.0
Copyright 1992-2020, Free Software Foundation, Inc.

Compiling: /home/runner/work/alire-crates-ci/alire-crates-ci/test/5f655e40-67d4-410c-84fb-5572da83bba4/phcpack_2.4.88_e448e94a/src/Ada/Math_Lib/QD/hexadobl_complex_numbers_io.adb
Source file time stamp: 2026-07-16 01:03:09
Compiled at: 2026-07-16 01:06:12
 95 lines: No errors
   [Ada]          octodobl_complex_series_functions.adb

GNAT 10.3.0
Copyright 1992-2020, Free Software Foundation, Inc.

Compiling: /home/runner/work/alire-crates-ci/alire-crates-ci/test/5f655e40-67d4-410c-84fb-5572da83bba4/phcpack_2.4.88_e448e94a/src/Ada/Math_Lib/Series/hexadobl_complex_series_io.adb
Source file time stamp: 2026-07-16 01:03:09
Compiled at: 2026-07-16 01:06:12
 89 lines: No errors
   [Ada]          octodobl_complex_series_io.adb

GNAT 10.3.0
Copyright 1992-2020, Free Software Foundation, Inc.

Compiling: /home/runner/work/alire-crates-ci/alire-crates-ci/test/5f655e40-67d4-410c-84fb-5572da83bba4/phcpack_2.4.88_e448e94a/src/Ada/Math_Lib/QD/octodobl_complex_numbers_io.adb
Source file time stamp: 2026-07-16 01:03:09
Compiled at: 2026-07-16 01:06:12
 95 lines: No errors
   [Ada]          pentdobl_complex_numbers_io.adb

GNAT 10.3.0
Copyright 1992-2020, Free Software Foundation, Inc.

Compiling: /home/runner/work/alire-crates-ci/alire-crates-ci/test/5f655e40-67d4-410c-84fb-5572da83bba4/phcpack_2.4.88_e448e94a/src/Ada/Math_Lib/Series/octodobl_complex_series_io.adb
Source file time stamp: 2026-07-16 01:03:09
Compiled at: 2026-07-16 01:06:12
 89 lines: No errors
   [Ada]          pentdobl_complex_series_functions.adb

GNAT 10.3.0
Copyright 1992-2020, Free Software Foundation, Inc.

Compiling: /home/runner/work/alire-crates-ci/alire-crates-ci/test/5f655e40-67d4-410c-84fb-5572da83bba4/phcpack_2.4.88_e448e94a/src/Ada/Math_Lib/Series/octodobl_complex_series_functions.adb
Source file time stamp: 2026-07-16 01:03:09
Compiled at: 2026-07-16 01:06:12
 275 lines: No errors
   [Ada]          pentdobl_complex_series_io.adb

GNAT 10.3.0
Copyright 1992-2020, Free Software Foundation, Inc.

Compiling: /home/runner/work/alire-crates-ci/alire-crates-ci/test/5f655e40-67d4-410c-84fb-5572da83bba4/phcpack_2.4.88_e448e94a/src/Ada/Math_Lib/QD/pentdobl_complex_numbers_io.adb
Source file time stamp: 2026-07-16 01:03:09
Compiled at: 2026-07-16 01:06:12
 95 lines: No errors
   [Ada]          quaddobl_complex_series_functions.adb

GNAT 10.3.0
Copyright 1992-2020, Free Software Foundation, Inc.

Compiling: /home/runner/work/alire-crates-ci/alire-crates-ci/test/5f655e40-67d4-410c-84fb-5572da83bba4/phcpack_2.4.88_e448e94a/src/Ada/Math_Lib/Series/hexadobl_complex_series_functions.adb
Source file time stamp: 2026-07-16 01:03:09
Compiled at: 2026-07-16 01:06:12
 275 lines: No errors
   [Ada]          quaddobl_complex_series_io.adb

GNAT 10.3.0
Copyright 1992-2020, Free Software Foundation, Inc.

Compiling: /home/runner/work/alire-crates-ci/alire-crates-ci/test/5f655e40-67d4-410c-84fb-5572da83bba4/phcpack_2.4.88_e448e94a/src/Ada/Math_Lib/Series/pentdobl_complex_series_io.adb
Source file time stamp: 2026-07-16 01:03:09
Compiled at: 2026-07-16 01:06:12
 89 lines: No errors
   [Ada]          standard_complex_series_functions.adb

GNAT 10.3.0
Copyright 1992-2020, Free Software Foundation, Inc.

Compiling: /home/runner/work/alire-crates-ci/alire-crates-ci/test/5f655e40-67d4-410c-84fb-5572da83bba4/phcpack_2.4.88_e448e94a/src/Ada/Math_Lib/Series/quaddobl_complex_series_io.adb
Source file time stamp: 2026-07-16 01:03:09
Compiled at: 2026-07-16 01:06:12
 89 lines: No errors
   [Ada]          standard_complex_series_io.adb

GNAT 10.3.0
Copyright 1992-2020, Free Software Foundation, Inc.

Compiling: /home/runner/work/alire-crates-ci/alire-crates-ci/test/5f655e40-67d4-410c-84fb-5572da83bba4/phcpack_2.4.88_e448e94a/src/Ada/Math_Lib/Series/pentdobl_complex_series_functions.adb
Source file time stamp: 2026-07-16 01:03:09
Compiled at: 2026-07-16 01:06:12
 275 lines: No errors
   [Ada]          tripdobl_complex_numbers_io.adb

GNAT 10.3.0
Copyright 1992-2020, Free Software Foundation, Inc.

Compiling: /home/runner/work/alire-crates-ci/alire-crates-ci/test/5f655e40-67d4-410c-84fb-5572da83bba4/phcpack_2.4.88_e448e94a/src/Ada/Math_Lib/Series/quaddobl_complex_series_functions.adb
Source file time stamp: 2026-07-16 01:03:09
Compiled at: 2026-07-16 01:06:12
 275 lines: No errors
   [Ada]          tripdobl_complex_series_functions.adb

GNAT 10.3.0
Copyright 1992-2020, Free Software Foundation, Inc.

Compiling: /home/runner/work/alire-crates-ci/alire-crates-ci/test/5f655e40-67d4-410c-84fb-5572da83bba4/phcpack_2.4.88_e448e94a/src/Ada/Math_Lib/Series/standard_complex_series_io.adb
Source file time stamp: 2026-07-16 01:03:09
Compiled at: 2026-07-16 01:06:12
 89 lines: No errors
   [Ada]          tripdobl_complex_series_io.adb

GNAT 10.3.0
Copyright 1992-2020, Free Software Foundation, Inc.

Compiling: /home/runner/work/alire-crates-ci/alire-crates-ci/test/5f655e40-67d4-410c-84fb-5572da83bba4/phcpack_2.4.88_e448e94a/src/Ada/Math_Lib/QD/tripdobl_complex_numbers_io.adb
Source file time stamp: 2026-07-16 01:03:09
Compiled at: 2026-07-16 01:06:12
 95 lines: No errors
   [Ada]          decadobl_complex_series_matrices.ads

GNAT 10.3.0
Copyright 1992-2020, Free Software Foundation, Inc.

Compiling: /home/runner/work/alire-crates-ci/alire-crates-ci/test/5f655e40-67d4-410c-84fb-5572da83bba4/phcpack_2.4.88_e448e94a/src/Ada/Math_Lib/Series/standard_complex_series_functions.adb
Source file time stamp: 2026-07-16 01:03:09
Compiled at: 2026-07-16 01:06:12
 255 lines: No errors
   [Ada]          decadobl_cseries_jaco_matrices.ads

GNAT 10.3.0
Copyright 1992-2020, Free Software Foundation, Inc.

Compiling: /home/runner/work/alire-crates-ci/alire-crates-ci/test/5f655e40-67d4-410c-84fb-5572da83bba4/phcpack_2.4.88_e448e94a/src/Ada/Math_Lib/Series/tripdobl_complex_series_io.adb
Source file time stamp: 2026-07-16 01:03:10
Compiled at: 2026-07-16 01:06:12
 89 lines: No errors
   [Ada]          dobldobl_complex_series_matrices.ads

GNAT 10.3.0
Copyright 1992-2020, Free Software Foundation, Inc.

Compiling: /home/runner/work/alire-crates-ci/alire-crates-ci/test/5f655e40-67d4-410c-84fb-5572da83bba4/phcpack_2.4.88_e448e94a/src/Ada/Math_Lib/Series/tripdobl_complex_series_functions.adb
Source file time stamp: 2026-07-16 01:03:10
Compiled at: 2026-07-16 01:06:12
 275 lines: No errors
   [Ada]          hexadobl_complex_series_matrices.ads

GNAT 10.3.0
Copyright 1992-2020, Free Software Foundation, Inc.

Compiling: /home/runner/work/alire-crates-ci/alire-crates-ci/test/5f655e40-67d4-410c-84fb-5572da83bba4/phcpack_2.4.88_e448e94a/src/Ada/Math_Lib/Series/decadobl_cseries_jaco_matrices.ads
Source file time stamp: 2026-07-16 01:03:09
Compiled at: 2026-07-16 01:06:13
 24 lines: No errors
   [Ada]          hexadobl_cseries_jaco_matrices.ads

GNAT 10.3.0
Copyright 1992-2020, Free Software Foundation, Inc.

Compiling: /home/runner/work/alire-crates-ci/alire-crates-ci/test/5f655e40-67d4-410c-84fb-5572da83bba4/phcpack_2.4.88_e448e94a/src/Ada/Math_Lib/Series/decadobl_complex_series_matrices.ads
Source file time stamp: 2026-07-16 01:03:09
Compiled at: 2026-07-16 01:06:13
 10 lines: No errors
   [Ada]          octodobl_complex_series_matrices.ads

GNAT 10.3.0
Copyright 1992-2020, Free Software Foundation, Inc.

Compiling: /home/runner/work/alire-crates-ci/alire-crates-ci/test/5f655e40-67d4-410c-84fb-5572da83bba4/phcpack_2.4.88_e448e94a/src/Ada/Math_Lib/Series/dobldobl_complex_series_matrices.ads
Source file time stamp: 2026-07-16 01:03:09
Compiled at: 2026-07-16 01:06:13
 10 lines: No errors
   [Ada]          octodobl_cseries_jaco_matrices.ads

GNAT 10.3.0
Copyright 1992-2020, Free Software Foundation, Inc.

Compiling: /home/runner/work/alire-crates-ci/alire-crates-ci/test/5f655e40-67d4-410c-84fb-5572da83bba4/phcpack_2.4.88_e448e94a/src/Ada/Math_Lib/Series/hexadobl_complex_series_matrices.ads
Source file time stamp: 2026-07-16 01:03:09
Compiled at: 2026-07-16 01:06:13
 10 lines: No errors
   [Ada]          pentdobl_complex_series_matrices.ads

GNAT 10.3.0
Copyright 1992-2020, Free Software Foundation, Inc.

Compiling: /home/runner/work/alire-crates-ci/alire-crates-ci/test/5f655e40-67d4-410c-84fb-5572da83bba4/phcpack_2.4.88_e448e94a/src/Ada/Math_Lib/Series/hexadobl_cseries_jaco_matrices.ads
Source file time stamp: 2026-07-16 01:03:09
Compiled at: 2026-07-16 01:06:13
 24 lines: No errors
   [Ada]          pentdobl_cseries_jaco_matrices.ads

GNAT 10.3.0
Copyright 1992-2020, Free Software Foundation, Inc.

Compiling: /home/runner/work/alire-crates-ci/alire-crates-ci/test/5f655e40-67d4-410c-84fb-5572da83bba4/phcpack_2.4.88_e448e94a/src/Ada/Math_Lib/Series/octodobl_cseries_jaco_matrices.ads
Source file time stamp: 2026-07-16 01:03:09
Compiled at: 2026-07-16 01:06:13
 24 lines: No errors
   [Ada]          quaddobl_complex_series_matrices.ads

GNAT 10.3.0
Copyright 1992-2020, Free Software Foundation, Inc.

Compiling: /home/runner/work/alire-crates-ci/alire-crates-ci/test/5f655e40-67d4-410c-84fb-5572da83bba4/phcpack_2.4.88_e448e94a/src/Ada/Math_Lib/Series/octodobl_complex_series_matrices.ads
Source file time stamp: 2026-07-16 01:03:09
Compiled at: 2026-07-16 01:06:13
 10 lines: No errors
   [Ada]          standard_complex_series_matrices.ads

GNAT 10.3.0
Copyright 1992-2020, Free Software Foundation, Inc.

Compiling: /home/runner/work/alire-crates-ci/alire-crates-ci/test/5f655e40-67d4-410c-84fb-5572da83bba4/phcpack_2.4.88_e448e94a/src/Ada/Math_Lib/Series/pentdobl_complex_series_matrices.ads
Source file time stamp: 2026-07-16 01:03:09
Compiled at: 2026-07-16 01:06:13
 10 lines: No errors
   [Ada]          tripdobl_complex_series_matrices.ads

GNAT 10.3.0
Copyright 1992-2020, Free Software Foundation, Inc.

Compiling: /home/runner/work/alire-crates-ci/alire-crates-ci/test/5f655e40-67d4-410c-84fb-5572da83bba4/phcpack_2.4.88_e448e94a/src/Ada/Math_Lib/Series/pentdobl_cseries_jaco_matrices.ads
Source file time stamp: 2026-07-16 01:03:09
Compiled at: 2026-07-16 01:06:13
 24 lines: No errors
   [Ada]          tripdobl_cseries_jaco_matrices.ads

GNAT 10.3.0
Copyright 1992-2020, Free Software Foundation, Inc.

Compiling: /home/runner/work/alire-crates-ci/alire-crates-ci/test/5f655e40-67d4-410c-84fb-5572da83bba4/phcpack_2.4.88_e448e94a/src/Ada/Math_Lib/Series/quaddobl_complex_series_matrices.ads
Source file time stamp: 2026-07-16 01:03:09
Compiled at: 2026-07-16 01:06:13
 10 lines: No errors
   [Ada]          sets_of_unknowns_io.adb

GNAT 10.3.0
Copyright 1992-2020, Free Software Foundation, Inc.

Compiling: /home/runner/work/alire-crates-ci/alire-crates-ci/test/5f655e40-67d4-410c-84fb-5572da83bba4/phcpack_2.4.88_e448e94a/src/Ada/Math_Lib/Series/standard_complex_series_matrices.ads
Source file time stamp: 2026-07-16 01:03:09
Compiled at: 2026-07-16 01:06:13
 10 lines: No errors
   [Ada]          deca_double_numbers_io.adb

GNAT 10.3.0
Copyright 1992-2020, Free Software Foundation, Inc.

Compiling: /home/runner/work/alire-crates-ci/alire-crates-ci/test/5f655e40-67d4-410c-84fb-5572da83bba4/phcpack_2.4.88_e448e94a/src/Ada/Root_Counts/Product/sets_of_unknowns_io.adb
Source file time stamp: 2026-07-16 01:03:10
Compiled at: 2026-07-16 01:06:14
 85 lines: No errors
   [Ada]          decadobl_complex_solutions_io.adb

GNAT 10.3.0
Copyright 1992-2020, Free Software Foundation, Inc.

Compiling: /home/runner/work/alire-crates-ci/alire-crates-ci/test/5f655e40-67d4-410c-84fb-5572da83bba4/phcpack_2.4.88_e448e94a/src/Ada/Math_Lib/Series/tripdobl_complex_series_matrices.ads
Source file time stamp: 2026-07-16 01:03:10
Compiled at: 2026-07-16 01:06:14
 10 lines: No errors
   [Ada]          decadobl_newton_matrix_series.adb

GNAT 10.3.0
Copyright 1992-2020, Free Software Foundation, Inc.

Compiling: /home/runner/work/alire-crates-ci/alire-crates-ci/test/5f655e40-67d4-410c-84fb-5572da83bba4/phcpack_2.4.88_e448e94a/src/Ada/Math_Lib/QD/deca_double_numbers_io.adb
Source file time stamp: 2026-07-16 01:03:09
Compiled at: 2026-07-16 01:06:14
 372 lines: No errors
   [Ada]          dobldobl_newton_matrix_series.adb

GNAT 10.3.0
Copyright 1992-2020, Free Software Foundation, Inc.

Compiling: /home/runner/work/alire-crates-ci/alire-crates-ci/test/5f655e40-67d4-410c-84fb-5572da83bba4/phcpack_2.4.88_e448e94a/src/Ada/Math_Lib/Series/tripdobl_cseries_jaco_matrices.ads
Source file time stamp: 2026-07-16 01:03:10
Compiled at: 2026-07-16 01:06:14
 24 lines: No errors
   [Ada]          octo_double_numbers_io.adb

GNAT 10.3.0
Copyright 1992-2020, Free Software Foundation, Inc.

Compiling: /home/runner/work/alire-crates-ci/alire-crates-ci/test/5f655e40-67d4-410c-84fb-5572da83bba4/phcpack_2.4.88_e448e94a/src/Ada/Deformations/Solutions/decadobl_complex_solutions_io.adb
Source file time stamp: 2026-07-16 01:03:09
Compiled at: 2026-07-16 01:06:14
 608 lines: No errors
   [Ada]          octodobl_complex_solutions_io.adb

GNAT 10.3.0
Copyright 1992-2020, Free Software Foundation, Inc.

Compiling: /home/runner/work/alire-crates-ci/alire-crates-ci/test/5f655e40-67d4-410c-84fb-5572da83bba4/phcpack_2.4.88_e448e94a/src/Ada/Math_Lib/QD/octo_double_numbers_io.adb
Source file time stamp: 2026-07-16 01:03:09
Compiled at: 2026-07-16 01:06:14
 372 lines: No errors
   [Ada]          octodobl_newton_matrix_series.adb

GNAT 10.3.0
Copyright 1992-2020, Free Software Foundation, Inc.

Compiling: /home/runner/work/alire-crates-ci/alire-crates-ci/test/5f655e40-67d4-410c-84fb-5572da83bba4/phcpack_2.4.88_e448e94a/src/Ada/Deformations/Solutions/octodobl_complex_solutions_io.adb
Source file time stamp: 2026-07-16 01:03:09
Compiled at: 2026-07-16 01:06:14
 608 lines: No errors
   [Ada]          penta_double_numbers_io.adb

GNAT 10.3.0
Copyright 1992-2020, Free Software Foundation, Inc.

Compiling: /home/runner/work/alire-crates-ci/alire-crates-ci/test/5f655e40-67d4-410c-84fb-5572da83bba4/phcpack_2.4.88_e448e94a/src/Ada/Math_Lib/QD/penta_double_numbers_io.adb
Source file time stamp: 2026-07-16 01:03:09
Compiled at: 2026-07-16 01:06:15
 372 lines: No errors
   [Ada]          pentdobl_complex_solutions_io.adb

GNAT 10.3.0
Copyright 1992-2020, Free Software Foundation, Inc.

Compiling: /home/runner/work/alire-crates-ci/alire-crates-ci/test/5f655e40-67d4-410c-84fb-5572da83bba4/phcpack_2.4.88_e448e94a/src/Ada/Deformations/Solutions/pentdobl_complex_solutions_io.adb
Source file time stamp: 2026-07-16 01:03:09
Compiled at: 2026-07-16 01:06:15
 608 lines: No errors
   [Ada]          pentdobl_newton_matrix_series.adb

GNAT 10.3.0
Copyright 1992-2020, Free Software Foundation, Inc.

Compiling: /home/runner/work/alire-crates-ci/alire-crates-ci/test/5f655e40-67d4-410c-84fb-5572da83bba4/phcpack_2.4.88_e448e94a/src/Ada/Deformations/Curves/dobldobl_newton_matrix_series.adb
Source file time stamp: 2026-07-16 01:03:09
Compiled at: 2026-07-16 01:06:14
 1415 lines: No errors
   [Ada]          quaddobl_newton_matrix_series.adb

GNAT 10.3.0
Copyright 1992-2020, Free Software Foundation, Inc.

Compiling: /home/runner/work/alire-crates-ci/alire-crates-ci/test/5f655e40-67d4-410c-84fb-5572da83bba4/phcpack_2.4.88_e448e94a/src/Ada/Deformations/Curves/decadobl_newton_matrix_series.adb
Source file time stamp: 2026-07-16 01:03:09
Compiled at: 2026-07-16 01:06:14
 1415 lines: No errors
   [Ada]          standard_newton_matrix_series.adb

GNAT 10.3.0
Copyright 1992-2020, Free Software Foundation, Inc.

Compiling: /home/runner/work/alire-crates-ci/alire-crates-ci/test/5f655e40-67d4-410c-84fb-5572da83bba4/phcpack_2.4.88_e448e94a/src/Ada/Deformations/Curves/octodobl_newton_matrix_series.adb
Source file time stamp: 2026-07-16 01:03:09
Compiled at: 2026-07-16 01:06:14
 1415 lines: No errors
   [Ada]          tripdobl_complex_solutions_io.adb

GNAT 10.3.0
Copyright 1992-2020, Free Software Foundation, Inc.

Compiling: /home/runner/work/alire-crates-ci/alire-crates-ci/test/5f655e40-67d4-410c-84fb-5572da83bba4/phcpack_2.4.88_e448e94a/src/Ada/Deformations/Solutions/tripdobl_complex_solutions_io.adb
Source file time stamp: 2026-07-16 01:03:09
Compiled at: 2026-07-16 01:06:17
 608 lines: No errors
   [Ada]          tripdobl_newton_matrix_series.adb

GNAT 10.3.0
Copyright 1992-2020, Free Software Foundation, Inc.

Compiling: /home/runner/work/alire-crates-ci/alire-crates-ci/test/5f655e40-67d4-410c-84fb-5572da83bba4/phcpack_2.4.88_e448e94a/src/Ada/Deformations/Curves/pentdobl_newton_matrix_series.adb
Source file time stamp: 2026-07-16 01:03:09
Compiled at: 2026-07-16 01:06:16
 1415 lines: No errors
   [Ada]          triple_double_numbers_io.adb

GNAT 10.3.0
Copyright 1992-2020, Free Software Foundation, Inc.

Compiling: /home/runner/work/alire-crates-ci/alire-crates-ci/test/5f655e40-67d4-410c-84fb-5572da83bba4/phcpack_2.4.88_e448e94a/src/Ada/Deformations/Curves/quaddobl_newton_matrix_series.adb
Source file time stamp: 2026-07-16 01:03:09
Compiled at: 2026-07-16 01:06:16
 1407 lines: No errors
   [Ada]          decadobl_cseries_poly_sysfun.ads

GNAT 10.3.0
Copyright 1992-2020, Free Software Foundation, Inc.

Compiling: /home/runner/work/alire-crates-ci/alire-crates-ci/test/5f655e40-67d4-410c-84fb-5572da83bba4/phcpack_2.4.88_e448e94a/src/Ada/Math_Lib/Series/decadobl_cseries_poly_sysfun.ads
Source file time stamp: 2026-07-16 01:03:09
Compiled at: 2026-07-16 01:06:18
 20 lines: No errors
   [Ada]          octodobl_cseries_poly_sysfun.ads

GNAT 10.3.0
Copyright 1992-2020, Free Software Foundation, Inc.

Compiling: /home/runner/work/alire-crates-ci/alire-crates-ci/test/5f655e40-67d4-410c-84fb-5572da83bba4/phcpack_2.4.88_e448e94a/src/Ada/Math_Lib/QD/triple_double_numbers_io.adb
Source file time stamp: 2026-07-16 01:03:09
Compiled at: 2026-07-16 01:06:18
 373 lines: No errors
   [Ada]          pentdobl_cseries_poly_sysfun.ads

GNAT 10.3.0
Copyright 1992-2020, Free Software Foundation, Inc.

Compiling: /home/runner/work/alire-crates-ci/alire-crates-ci/test/5f655e40-67d4-410c-84fb-5572da83bba4/phcpack_2.4.88_e448e94a/src/Ada/Deformations/Curves/standard_newton_matrix_series.adb
Source file time stamp: 2026-07-16 01:03:09
Compiled at: 2026-07-16 01:06:16
 1425 lines: No errors
   [Ada]          tripdobl_cseries_poly_sysfun.ads

GNAT 10.3.0
Copyright 1992-2020, Free Software Foundation, Inc.

Compiling: /home/runner/work/alire-crates-ci/alire-crates-ci/test/5f655e40-67d4-410c-84fb-5572da83bba4/phcpack_2.4.88_e448e94a/src/Ada/Math_Lib/Series/octodobl_cseries_poly_sysfun.ads
Source file time stamp: 2026-07-16 01:03:09
Compiled at: 2026-07-16 01:06:18
 20 lines: No errors
   [Ada]          path_counts_table.adb

GNAT 10.3.0
Copyright 1992-2020, Free Software Foundation, Inc.

Compiling: /home/runner/work/alire-crates-ci/alire-crates-ci/test/5f655e40-67d4-410c-84fb-5572da83bba4/phcpack_2.4.88_e448e94a/src/Ada/Math_Lib/Series/tripdobl_cseries_poly_sysfun.ads
Source file time stamp: 2026-07-16 01:03:10
Compiled at: 2026-07-16 01:06:18
 20 lines: No errors
   [Ada]          dobldobl_hypersurface_witsets_io.adb

GNAT 10.3.0
Copyright 1992-2020, Free Software Foundation, Inc.

Compiling: /home/runner/work/alire-crates-ci/alire-crates-ci/test/5f655e40-67d4-410c-84fb-5572da83bba4/phcpack_2.4.88_e448e94a/src/Ada/Components/Decomposition/path_counts_table.adb
Source file time stamp: 2026-07-16 01:03:10
Compiled at: 2026-07-16 01:06:19
 209 lines: No errors
   [Ada]          witness_sets_formats.adb

GNAT 10.3.0
Copyright 1992-2020, Free Software Foundation, Inc.

Compiling: /home/runner/work/alire-crates-ci/alire-crates-ci/test/5f655e40-67d4-410c-84fb-5572da83bba4/phcpack_2.4.88_e448e94a/src/Ada/Math_Lib/Series/pentdobl_cseries_poly_sysfun.ads
Source file time stamp: 2026-07-16 01:03:09
Compiled at: 2026-07-16 01:06:18
 20 lines: No errors
   [Ada]          quaddobl_hypersurface_witsets_io.adb

GNAT 10.3.0
Copyright 1992-2020, Free Software Foundation, Inc.

Compiling: /home/runner/work/alire-crates-ci/alire-crates-ci/test/5f655e40-67d4-410c-84fb-5572da83bba4/phcpack_2.4.88_e448e94a/src/Ada/Components/Solver/dobldobl_hypersurface_witsets_io.adb
Source file time stamp: 2026-07-16 01:03:09
Compiled at: 2026-07-16 01:06:19
 64 lines: No errors
   [Ada]          standard_hypersurface_witsets_io.adb

GNAT 10.3.0
Copyright 1992-2020, Free Software Foundation, Inc.

Compiling: /home/runner/work/alire-crates-ci/alire-crates-ci/test/5f655e40-67d4-410c-84fb-5572da83bba4/phcpack_2.4.88_e448e94a/src/Ada/Deformations/Curves/tripdobl_newton_matrix_series.adb
Source file time stamp: 2026-07-16 01:03:09
Compiled at: 2026-07-16 01:06:17
 1415 lines: No errors
   [Ada]          double_double_poly_functions.ads

GNAT 10.3.0
Copyright 1992-2020, Free Software Foundation, Inc.

Compiling: /home/runner/work/alire-crates-ci/alire-crates-ci/test/5f655e40-67d4-410c-84fb-5572da83bba4/phcpack_2.4.88_e448e94a/src/Ada/Components/Solver/quaddobl_hypersurface_witsets_io.adb
Source file time stamp: 2026-07-16 01:03:09
Compiled at: 2026-07-16 01:06:19
 64 lines: No errors
   [Ada]          quad_double_poly_functions.ads

GNAT 10.3.0
Copyright 1992-2020, Free Software Foundation, Inc.

Compiling: /home/runner/work/alire-crates-ci/alire-crates-ci/test/5f655e40-67d4-410c-84fb-5572da83bba4/phcpack_2.4.88_e448e94a/src/Ada/Components/Solver/standard_hypersurface_witsets_io.adb
Source file time stamp: 2026-07-16 01:03:09
Compiled at: 2026-07-16 01:06:19
 63 lines: No errors
   [Ada]          double_double_poly_systems_io.adb

GNAT 10.3.0
Copyright 1992-2020, Free Software Foundation, Inc.

Compiling: /home/runner/work/alire-crates-ci/alire-crates-ci/test/5f655e40-67d4-410c-84fb-5572da83bba4/phcpack_2.4.88_e448e94a/src/Ada/Components/Samplers/witness_sets_formats.adb
Source file time stamp: 2026-07-16 01:03:09
Compiled at: 2026-07-16 01:06:19
 309 lines: No errors
   [Ada]          standard_floating_poly_functions.ads

GNAT 10.3.0
Copyright 1992-2020, Free Software Foundation, Inc.

Compiling: /home/runner/work/alire-crates-ci/alire-crates-ci/test/5f655e40-67d4-410c-84fb-5572da83bba4/phcpack_2.4.88_e448e94a/src/Ada/Math_Lib/Polynomials/double_double_poly_systems_io.adb
Source file time stamp: 2026-07-16 01:03:09
Compiled at: 2026-07-16 01:06:19
 48 lines: No errors
   [Ada]          dobldobl_complex_exponentiation.adb

GNAT 10.3.0
Copyright 1992-2020, Free Software Foundation, Inc.

Compiling: /home/runner/work/alire-crates-ci/alire-crates-ci/test/5f655e40-67d4-410c-84fb-5572da83bba4/phcpack_2.4.88_e448e94a/src/Ada/Math_Lib/QD/dobldobl_complex_exponentiation.adb
Source file time stamp: 2026-07-16 01:03:09
Compiled at: 2026-07-16 01:06:19
 164 lines: No errors
   [Ada]          quad_double_poly_systems_io.adb

GNAT 10.3.0
Copyright 1992-2020, Free Software Foundation, Inc.

Compiling: /home/runner/work/alire-crates-ci/alire-crates-ci/test/5f655e40-67d4-410c-84fb-5572da83bba4/phcpack_2.4.88_e448e94a/src/Ada/Math_Lib/Polynomials/quad_double_poly_systems_io.adb
Source file time stamp: 2026-07-16 01:03:09
Compiled at: 2026-07-16 01:06:19
 48 lines: No errors
   [Ada]          standard_floating_poly_systems_io.adb

GNAT 10.3.0
Copyright 1992-2020, Free Software Foundation, Inc.

Compiling: /home/runner/work/alire-crates-ci/alire-crates-ci/test/5f655e40-67d4-410c-84fb-5572da83bba4/phcpack_2.4.88_e448e94a/src/Ada/Math_Lib/Functions/quad_double_poly_functions.ads
Source file time stamp: 2026-07-16 01:03:09
Compiled at: 2026-07-16 01:06:19
 12 lines: No errors
   [Ada]          standard_quad_turn_points.adb

GNAT 10.3.0
Copyright 1992-2020, Free Software Foundation, Inc.

Compiling: /home/runner/work/alire-crates-ci/alire-crates-ci/test/5f655e40-67d4-410c-84fb-5572da83bba4/phcpack_2.4.88_e448e94a/src/Ada/Math_Lib/Polynomials/standard_floating_poly_systems_io.adb
Source file time stamp: 2026-07-16 01:03:09
Compiled at: 2026-07-16 01:06:19
 48 lines: No errors
   [Ada]          quaddobl_complex_exponentiation.adb

GNAT 10.3.0
Copyright 1992-2020, Free Software Foundation, Inc.

Compiling: /home/runner/work/alire-crates-ci/alire-crates-ci/test/5f655e40-67d4-410c-84fb-5572da83bba4/phcpack_2.4.88_e448e94a/src/Ada/Math_Lib/Functions/double_double_poly_functions.ads
Source file time stamp: 2026-07-16 01:03:09
Compiled at: 2026-07-16 01:06:19
 12 lines: No errors
   [Ada]          standard_complex_exponentiation.adb

GNAT 10.3.0
Copyright 1992-2020, Free Software Foundation, Inc.

Compiling: /home/runner/work/alire-crates-ci/alire-crates-ci/test/5f655e40-67d4-410c-84fb-5572da83bba4/phcpack_2.4.88_e448e94a/src/Ada/Math_Lib/Functions/standard_floating_poly_functions.ads
Source file time stamp: 2026-07-16 01:03:09
Compiled at: 2026-07-16 01:06:19
 12 lines: No errors
   [Ada]          standard_floating_norms_equals.ads

GNAT 10.3.0
Copyright 1992-2020, Free Software Foundation, Inc.

Compiling: /home/runner/work/alire-crates-ci/alire-crates-ci/test/5f655e40-67d4-410c-84fb-5572da83bba4/phcpack_2.4.88_e448e94a/src/Ada/Math_Lib/Reduction/standard_floating_norms_equals.ads
Source file time stamp: 2026-07-16 01:03:09
Compiled at: 2026-07-16 01:06:20
 14 lines: No errors
   [Ada]          form_lp.adb

GNAT 10.3.0
Copyright 1992-2020, Free Software Foundation, Inc.

Compiling: /home/runner/work/alire-crates-ci/alire-crates-ci/test/5f655e40-67d4-410c-84fb-5572da83bba4/phcpack_2.4.88_e448e94a/src/Ada/Math_Lib/QD/quaddobl_complex_exponentiation.adb
Source file time stamp: 2026-07-16 01:03:09
Compiled at: 2026-07-16 01:06:19
 164 lines: No errors
   [Ada]          index_tree_lp.adb

GNAT 10.3.0
Copyright 1992-2020, Free Software Foundation, Inc.

Compiling: /home/runner/work/alire-crates-ci/alire-crates-ci/test/5f655e40-67d4-410c-84fb-5572da83bba4/phcpack_2.4.88_e448e94a/src/Ada/Math_Lib/QD/standard_complex_exponentiation.adb
Source file time stamp: 2026-07-16 01:03:09
Compiled at: 2026-07-16 01:06:20
 336 lines: No errors
   [Ada]          one_level_lp.adb

GNAT 10.3.0
Copyright 1992-2020, Free Software Foundation, Inc.

Compiling: /home/runner/work/alire-crates-ci/alire-crates-ci/test/5f655e40-67d4-410c-84fb-5572da83bba4/phcpack_2.4.88_e448e94a/src/Ada/Root_Counts/MixedVol/index_tree_lp.adb
Source file time stamp: 2026-07-16 01:03:10
Compiled at: 2026-07-16 01:06:20
 534 lines: No errors
   [Ada]          relation_table.adb

GNAT 10.3.0
Copyright 1992-2020, Free Software Foundation, Inc.

Compiling: /home/runner/work/alire-crates-ci/alire-crates-ci/test/5f655e40-67d4-410c-84fb-5572da83bba4/phcpack_2.4.88_e448e94a/src/Ada/Root_Counts/MixedVol/one_level_lp.adb
Source file time stamp: 2026-07-16 01:03:10
Compiled at: 2026-07-16 01:06:20
 332 lines: No errors
   [Ada]          standard_floating_vecmats.ads

GNAT 10.3.0
Copyright 1992-2020, Free Software Foundation, Inc.

Compiling: /home/runner/work/alire-crates-ci/alire-crates-ci/test/5f655e40-67d4-410c-84fb-5572da83bba4/phcpack_2.4.88_e448e94a/src/Ada/Math_Lib/Matrices/standard_floating_vecmats.ads
Source file time stamp: 2026-07-16 01:03:09
Compiled at: 2026-07-16 01:06:20
 12 lines: No errors
   [Ada]          zero_index_tree.adb

GNAT 10.3.0
Copyright 1992-2020, Free Software Foundation, Inc.

Compiling: /home/runner/work/alire-crates-ci/alire-crates-ci/test/5f655e40-67d4-410c-84fb-5572da83bba4/phcpack_2.4.88_e448e94a/src/Ada/Root_Counts/MixedVol/form_lp.adb
Source file time stamp: 2026-07-16 01:03:10
Compiled at: 2026-07-16 01:06:20
 398 lines: No errors
   [Ada]          affine_binomial_iterator.adb

GNAT 10.3.0
Copyright 1992-2020, Free Software Foundation, Inc.

Compiling: /home/runner/work/alire-crates-ci/alire-crates-ci/test/5f655e40-67d4-410c-84fb-5572da83bba4/phcpack_2.4.88_e448e94a/src/Ada/Root_Counts/MixedVol/zero_index_tree.adb
Source file time stamp: 2026-07-16 01:03:10
Compiled at: 2026-07-16 01:06:20
 291 lines: No errors
   [Ada]          standard_affine_binomials.adb

GNAT 10.3.0
Copyright 1992-2020, Free Software Foundation, Inc.

Compiling: /home/runner/work/alire-crates-ci/alire-crates-ci/test/5f655e40-67d4-410c-84fb-5572da83bba4/phcpack_2.4.88_e448e94a/src/Ada/Root_Counts/Binomials/affine_binomial_iterator.adb
Source file time stamp: 2026-07-16 01:03:10
Compiled at: 2026-07-16 01:06:20
 415 lines: No errors
   [Ada]          standard_monomial_map_solvers.adb

GNAT 10.3.0
Copyright 1992-2020, Free Software Foundation, Inc.

Compiling: /home/runner/work/alire-crates-ci/alire-crates-ci/test/5f655e40-67d4-410c-84fb-5572da83bba4/phcpack_2.4.88_e448e94a/src/Ada/Root_Counts/Binomials/standard_affine_binomials.adb
Source file time stamp: 2026-07-16 01:03:10
Compiled at: 2026-07-16 01:06:20
 294 lines: No errors
   [Ada]          standard_integer_matrix_inverse.adb

GNAT 10.3.0
Copyright 1992-2020, Free Software Foundation, Inc.

Compiling: /home/runner/work/alire-crates-ci/alire-crates-ci/test/5f655e40-67d4-410c-84fb-5572da83bba4/phcpack_2.4.88_e448e94a/src/Ada/Deformations/Sweep/standard_quad_turn_points.adb
Source file time stamp: 2026-07-16 01:03:09
Compiled at: 2026-07-16 01:06:19
 1687 lines: No errors
   [Ada]          standard_smith_normal_form.adb

GNAT 10.3.0
Copyright 1992-2020, Free Software Foundation, Inc.

Compiling: /home/runner/work/alire-crates-ci/alire-crates-ci/test/5f655e40-67d4-410c-84fb-5572da83bba4/phcpack_2.4.88_e448e94a/src/Ada/Root_Counts/MixedVol/relation_table.adb
Source file time stamp: 2026-07-16 01:03:10
Compiled at: 2026-07-16 01:06:20
 754 lines: No errors
   [Ada]          filtered_points.adb

GNAT 10.3.0
Copyright 1992-2020, Free Software Foundation, Inc.

Compiling: /home/runner/work/alire-crates-ci/alire-crates-ci/test/5f655e40-67d4-410c-84fb-5572da83bba4/phcpack_2.4.88_e448e94a/src/Ada/Root_Counts/Binomials/standard_monomial_map_solvers.adb
Source file time stamp: 2026-07-16 01:03:10
Compiled at: 2026-07-16 01:06:21
 272 lines: No errors
   [Ada]          monodromy_group_actions.adb

GNAT 10.3.0
Copyright 1992-2020, Free Software Foundation, Inc.

Compiling: /home/runner/work/alire-crates-ci/alire-crates-ci/test/5f655e40-67d4-410c-84fb-5572da83bba4/phcpack_2.4.88_e448e94a/src/Ada/Math_Lib/Divisors/standard_integer_matrix_inverse.adb
Source file time stamp: 2026-07-16 01:03:09
Compiled at: 2026-07-16 01:06:21
 194 lines: No errors
   [Ada]          monodromy_group_actions_io.adb

GNAT 10.3.0
Copyright 1992-2020, Free Software Foundation, Inc.

Compiling: /home/runner/work/alire-crates-ci/alire-crates-ci/test/5f655e40-67d4-410c-84fb-5572da83bba4/phcpack_2.4.88_e448e94a/src/Ada/Components/Decomposition/filtered_points.adb
Source file time stamp: 2026-07-16 01:03:09
Compiled at: 2026-07-16 01:06:21
 74 lines: No errors
   [Ada]          multprec_breakup_components.adb

GNAT 10.3.0
Copyright 1992-2020, Free Software Foundation, Inc.

Compiling: /home/runner/work/alire-crates-ci/alire-crates-ci/test/5f655e40-67d4-410c-84fb-5572da83bba4/phcpack_2.4.88_e448e94a/src/Ada/Components/Factorization/monodromy_group_actions_io.adb
Source file time stamp: 2026-07-16 01:03:09
Compiled at: 2026-07-16 01:06:21
 68 lines: No errors
   [Ada]          standard_breakup_components.adb

GNAT 10.3.0
Copyright 1992-2020, Free Software Foundation, Inc.

Compiling: /home/runner/work/alire-crates-ci/alire-crates-ci/test/5f655e40-67d4-410c-84fb-5572da83bba4/phcpack_2.4.88_e448e94a/src/Ada/Math_Lib/Divisors/standard_smith_normal_form.adb
Source file time stamp: 2026-07-16 01:03:09
Compiled at: 2026-07-16 01:06:21
 514 lines: No errors
   [Ada]          cascade_homotopy_filters.adb

GNAT 10.3.0
Copyright 1992-2020, Free Software Foundation, Inc.

Compiling: /home/runner/work/alire-crates-ci/alire-crates-ci/test/5f655e40-67d4-410c-84fb-5572da83bba4/phcpack_2.4.88_e448e94a/src/Ada/Components/Factorization/monodromy_group_actions.adb
Source file time stamp: 2026-07-16 01:03:09
Compiled at: 2026-07-16 01:06:21
 340 lines: No errors
   [Ada]          monodromy_homotopies.adb

GNAT 10.3.0
Copyright 1992-2020, Free Software Foundation, Inc.

Compiling: /home/runner/work/alire-crates-ci/alire-crates-ci/test/5f655e40-67d4-410c-84fb-5572da83bba4/phcpack_2.4.88_e448e94a/src/Ada/Components/Factorization/monodromy_homotopies.adb
Source file time stamp: 2026-07-16 01:03:09
Compiled at: 2026-07-16 01:06:21
 321 lines: No errors
   [Ada]          monodromy_homotopies_io.adb

GNAT 10.3.0
Copyright 1992-2020, Free Software Foundation, Inc.

Compiling: /home/runner/work/alire-crates-ci/alire-crates-ci/test/5f655e40-67d4-410c-84fb-5572da83bba4/phcpack_2.4.88_e448e94a/src/Ada/Components/Decomposition/cascade_homotopy_filters.adb
Source file time stamp: 2026-07-16 01:03:09
Compiled at: 2026-07-16 01:06:21
 782 lines: No errors
   [Ada]          multprec_linear_projections.adb

GNAT 10.3.0
Copyright 1992-2020, Free Software Foundation, Inc.

Compiling: /home/runner/work/alire-crates-ci/alire-crates-ci/test/5f655e40-67d4-410c-84fb-5572da83bba4/phcpack_2.4.88_e448e94a/src/Ada/Components/Decomposition/multprec_breakup_components.adb
Source file time stamp: 2026-07-16 01:03:09
Compiled at: 2026-07-16 01:06:21
 739 lines: No errors
   [Ada]          multprec_polynomial_interpolators.adb

GNAT 10.3.0
Copyright 1992-2020, Free Software Foundation, Inc.

Compiling: /home/runner/work/alire-crates-ci/alire-crates-ci/test/5f655e40-67d4-410c-84fb-5572da83bba4/phcpack_2.4.88_e448e94a/src/Ada/Components/Decomposition/standard_breakup_components.adb
Source file time stamp: 2026-07-16 01:03:09
Compiled at: 2026-07-16 01:06:21
 638 lines: No errors
   [Ada]          standard_linear_projections.adb

GNAT 10.3.0
Copyright 1992-2020, Free Software Foundation, Inc.

Compiling: /home/runner/work/alire-crates-ci/alire-crates-ci/test/5f655e40-67d4-410c-84fb-5572da83bba4/phcpack_2.4.88_e448e94a/src/Ada/Components/Interpolators/standard_linear_projections.adb
Source file time stamp: 2026-07-16 01:03:09
Compiled at: 2026-07-16 01:06:22
 71 lines: No errors
   [Ada]          standard_polynomial_interpolators.adb

GNAT 10.3.0
Copyright 1992-2020, Free Software Foundation, Inc.

Compiling: /home/runner/work/alire-crates-ci/alire-crates-ci/test/5f655e40-67d4-410c-84fb-5572da83bba4/phcpack_2.4.88_e448e94a/src/Ada/Components/Interpolators/multprec_linear_projections.adb
Source file time stamp: 2026-07-16 01:03:09
Compiled at: 2026-07-16 01:06:22
 157 lines: No errors
   [Ada]          quaddobl_point_coordinates.adb

GNAT 10.3.0
Copyright 1992-2020, Free Software Foundation, Inc.

Compiling: /home/runner/work/alire-crates-ci/alire-crates-ci/test/5f655e40-67d4-410c-84fb-5572da83bba4/phcpack_2.4.88_e448e94a/src/Ada/Components/Factorization/monodromy_homotopies_io.adb
Source file time stamp: 2026-07-16 01:03:09
Compiled at: 2026-07-16 01:06:22
 660 lines: No errors
   [Ada]          dobldobl_point_coordinates.adb

GNAT 10.3.0
Copyright 1992-2020, Free Software Foundation, Inc.

Compiling: /home/runner/work/alire-crates-ci/alire-crates-ci/test/5f655e40-67d4-410c-84fb-5572da83bba4/phcpack_2.4.88_e448e94a/src/Ada/Components/Samplers/quaddobl_point_coordinates.adb
Source file time stamp: 2026-07-16 01:03:09
Compiled at: 2026-07-16 01:06:22
 146 lines: No errors
   [Ada]          standard_power_transformations.adb

GNAT 10.3.0
Copyright 1992-2020, Free Software Foundation, Inc.

Compiling: /home/runner/work/alire-crates-ci/alire-crates-ci/test/5f655e40-67d4-410c-84fb-5572da83bba4/phcpack_2.4.88_e448e94a/src/Ada/Components/Samplers/dobldobl_point_coordinates.adb
Source file time stamp: 2026-07-16 01:03:09
Compiled at: 2026-07-16 01:06:22
 146 lines: No errors
   [Ada]          cascade_homotopies_io.adb

GNAT 10.3.0
Copyright 1992-2020, Free Software Foundation, Inc.

Compiling: /home/runner/work/alire-crates-ci/alire-crates-ci/test/5f655e40-67d4-410c-84fb-5572da83bba4/phcpack_2.4.88_e448e94a/src/Ada/Components/Interpolators/multprec_polynomial_interpolators.adb
Source file time stamp: 2026-07-16 01:03:09
Compiled at: 2026-07-16 01:06:22
 466 lines: No errors
   [Ada]          cascade_homotopy_steps.adb

GNAT 10.3.0
Copyright 1992-2020, Free Software Foundation, Inc.

Compiling: /home/runner/work/alire-crates-ci/alire-crates-ci/test/5f655e40-67d4-410c-84fb-5572da83bba4/phcpack_2.4.88_e448e94a/src/Ada/Components/Interpolators/standard_polynomial_interpolators.adb
Source file time stamp: 2026-07-16 01:03:09
Compiled at: 2026-07-16 01:06:22
 430 lines: No errors
   [Ada]          standard_integer64_vectors_io.ads

GNAT 10.3.0
Copyright 1992-2020, Free Software Foundation, Inc.

Compiling: /home/runner/work/alire-crates-ci/alire-crates-ci/test/5f655e40-67d4-410c-84fb-5572da83bba4/phcpack_2.4.88_e448e94a/src/Ada/Components/Decomposition/cascade_homotopies_io.adb
Source file time stamp: 2026-07-16 01:03:09
Compiled at: 2026-07-16 01:06:22
 161 lines: No errors
   [Ada]          dobldobl_trace_interpolators.adb

GNAT 10.3.0
Copyright 1992-2020, Free Software Foundation, Inc.

Compiling: /home/runner/work/alire-crates-ci/alire-crates-ci/test/5f655e40-67d4-410c-84fb-5572da83bba4/phcpack_2.4.88_e448e94a/src/Ada/Math_Lib/Vectors/standard_integer64_vectors_io.ads
Source file time stamp: 2026-07-16 01:03:10
Compiled at: 2026-07-16 01:06:22
 11 lines: No errors
   [Ada]          quaddobl_trace_interpolators.adb

GNAT 10.3.0
Copyright 1992-2020, Free Software Foundation, Inc.

Compiling: /home/runner/work/alire-crates-ci/alire-crates-ci/test/5f655e40-67d4-410c-84fb-5572da83bba4/phcpack_2.4.88_e448e94a/src/Ada/Root_Counts/Binomials/standard_power_transformations.adb
Source file time stamp: 2026-07-16 01:03:10
Compiled at: 2026-07-16 01:06:22
 353 lines: No errors
   [Ada]          interpolation_filters.adb

GNAT 10.3.0
Copyright 1992-2020, Free Software Foundation, Inc.

Compiling: /home/runner/work/alire-crates-ci/alire-crates-ci/test/5f655e40-67d4-410c-84fb-5572da83bba4/phcpack_2.4.88_e448e94a/src/Ada/Components/Decomposition/cascade_homotopy_steps.adb
Source file time stamp: 2026-07-16 01:03:09
Compiled at: 2026-07-16 01:06:22
 521 lines: No errors
   [Ada]          span_of_component.adb

GNAT 10.3.0
Copyright 1992-2020, Free Software Foundation, Inc.

Compiling: /home/runner/work/alire-crates-ci/alire-crates-ci/test/5f655e40-67d4-410c-84fb-5572da83bba4/phcpack_2.4.88_e448e94a/src/Ada/Components/Interpolators/interpolation_filters.adb
Source file time stamp: 2026-07-16 01:03:09
Compiled at: 2026-07-16 01:06:23
 555 lines: No errors
   [Ada]          irreducible_components_io.adb

GNAT 10.3.0
Copyright 1992-2020, Free Software Foundation, Inc.

Compiling: /home/runner/work/alire-crates-ci/alire-crates-ci/test/5f655e40-67d4-410c-84fb-5572da83bba4/phcpack_2.4.88_e448e94a/src/Ada/Components/Factorization/irreducible_components_io.adb
Source file time stamp: 2026-07-16 01:03:09
Compiled at: 2026-07-16 01:06:23
 139 lines: No errors
   [Ada]          extended_random_numbers.adb

GNAT 10.3.0
Copyright 1992-2020, Free Software Foundation, Inc.

Compiling: /home/runner/work/alire-crates-ci/alire-crates-ci/test/5f655e40-67d4-410c-84fb-5572da83bba4/phcpack_2.4.88_e448e94a/src/Ada/Math_Lib/Numbers/extended_random_numbers.adb
Source file time stamp: 2026-07-16 01:03:09
Compiled at: 2026-07-16 01:06:23
 95 lines: No errors
   [Ada]          multprec_complex_numbers_polar.adb

GNAT 10.3.0
Copyright 1992-2020, Free Software Foundation, Inc.

Compiling: /home/runner/work/alire-crates-ci/alire-crates-ci/test/5f655e40-67d4-410c-84fb-5572da83bba4/phcpack_2.4.88_e448e94a/src/Ada/Math_Lib/Numbers/multprec_complex_numbers_polar.adb
Source file time stamp: 2026-07-16 01:03:09
Compiled at: 2026-07-16 01:06:23
 83 lines: No errors
   [Ada]          irreducible_component_creators.adb

GNAT 10.3.0
Copyright 1992-2020, Free Software Foundation, Inc.

Compiling: /home/runner/work/alire-crates-ci/alire-crates-ci/test/5f655e40-67d4-410c-84fb-5572da83bba4/phcpack_2.4.88_e448e94a/src/Ada/Components/Interpolators/span_of_component.adb
Source file time stamp: 2026-07-16 01:03:09
Compiled at: 2026-07-16 01:06:23
 669 lines: No errors
   [Ada]          monodromy_actions_breakup.adb

GNAT 10.3.0
Copyright 1992-2020, Free Software Foundation, Inc.

Compiling: /home/runner/work/alire-crates-ci/alire-crates-ci/test/5f655e40-67d4-410c-84fb-5572da83bba4/phcpack_2.4.88_e448e94a/src/Ada/Components/Factorization/monodromy_actions_breakup.adb
Source file time stamp: 2026-07-16 01:03:09
Compiled at: 2026-07-16 01:06:23
 279 lines: No errors
   [Ada]          multprec_divided_differences.adb

GNAT 10.3.0
Copyright 1992-2020, Free Software Foundation, Inc.

Compiling: /home/runner/work/alire-crates-ci/alire-crates-ci/test/5f655e40-67d4-410c-84fb-5572da83bba4/phcpack_2.4.88_e448e94a/src/Ada/Components/Interpolators/dobldobl_trace_interpolators.adb
Source file time stamp: 2026-07-16 01:03:09
Compiled at: 2026-07-16 01:06:22
 1556 lines: No errors
   [Ada]          projection_operators.adb

GNAT 10.3.0
Copyright 1992-2020, Free Software Foundation, Inc.

Compiling: /home/runner/work/alire-crates-ci/alire-crates-ci/test/5f655e40-67d4-410c-84fb-5572da83bba4/phcpack_2.4.88_e448e94a/src/Ada/Components/Factorization/irreducible_component_creators.adb
Source file time stamp: 2026-07-16 01:03:09
Compiled at: 2026-07-16 01:06:23
 1958 lines: No errors
   [Ada]          standard_divided_differences.adb

GNAT 10.3.0
Copyright 1992-2020, Free Software Foundation, Inc.

Compiling: /home/runner/work/alire-crates-ci/alire-crates-ci/test/5f655e40-67d4-410c-84fb-5572da83bba4/phcpack_2.4.88_e448e94a/src/Ada/Components/Interpolators/quaddobl_trace_interpolators.adb
Source file time stamp: 2026-07-16 01:03:09
Compiled at: 2026-07-16 01:06:22
 1556 lines: No errors
   [Ada]          sample_point_grids.adb

GNAT 10.3.0
Copyright 1992-2020, Free Software Foundation, Inc.

Compiling: /home/runner/work/alire-crates-ci/alire-crates-ci/test/5f655e40-67d4-410c-84fb-5572da83bba4/phcpack_2.4.88_e448e94a/src/Ada/Components/Samplers/sample_point_grids.adb
Source file time stamp: 2026-07-16 01:03:09
Compiled at: 2026-07-16 01:06:24
 190 lines: No errors
   [Ada]          dobldobl_sample_grids.adb

GNAT 10.3.0
Copyright 1992-2020, Free Software Foundation, Inc.

Compiling: /home/runner/work/alire-crates-ci/alire-crates-ci/test/5f655e40-67d4-410c-84fb-5572da83bba4/phcpack_2.4.88_e448e94a/src/Ada/Components/Interpolators/projection_operators.adb
Source file time stamp: 2026-07-16 01:03:09
Compiled at: 2026-07-16 01:06:24
 439 lines: No errors
   [Ada]          quaddobl_sample_grids.adb

GNAT 10.3.0
Copyright 1992-2020, Free Software Foundation, Inc.

Compiling: /home/runner/work/alire-crates-ci/alire-crates-ci/test/5f655e40-67d4-410c-84fb-5572da83bba4/phcpack_2.4.88_e448e94a/src/Ada/Components/Samplers/dobldobl_sample_grids.adb
Source file time stamp: 2026-07-16 01:03:09
Compiled at: 2026-07-16 01:06:24
 105 lines: No errors
   [Ada]          dobldobl_divided_differences.adb

GNAT 10.3.0
Copyright 1992-2020, Free Software Foundation, Inc.

Compiling: /home/runner/work/alire-crates-ci/alire-crates-ci/test/5f655e40-67d4-410c-84fb-5572da83bba4/phcpack_2.4.88_e448e94a/src/Ada/Components/Samplers/quaddobl_sample_grids.adb
Source file time stamp: 2026-07-16 01:03:09
Compiled at: 2026-07-16 01:06:25
 105 lines: No errors
   [Ada]          dobldobl_gridded_hypersurfaces.adb

GNAT 10.3.0
Copyright 1992-2020, Free Software Foundation, Inc.

Compiling: /home/runner/work/alire-crates-ci/alire-crates-ci/test/5f655e40-67d4-410c-84fb-5572da83bba4/phcpack_2.4.88_e448e94a/src/Ada/Components/Interpolators/multprec_divided_differences.adb
Source file time stamp: 2026-07-16 01:03:09
Compiled at: 2026-07-16 01:06:24
 1548 lines: No errors
   [Ada]          hypersurface_sample_grids.adb

GNAT 10.3.0
Copyright 1992-2020, Free Software Foundation, Inc.

Compiling: /home/runner/work/alire-crates-ci/alire-crates-ci/test/5f655e40-67d4-410c-84fb-5572da83bba4/phcpack_2.4.88_e448e94a/src/Ada/Components/Samplers/dobldobl_gridded_hypersurfaces.adb
Source file time stamp: 2026-07-16 01:03:09
Compiled at: 2026-07-16 01:06:25
 484 lines: No errors
   [Ada]          quaddobl_divided_differences.adb

GNAT 10.3.0
Copyright 1992-2020, Free Software Foundation, Inc.

Compiling: /home/runner/work/alire-crates-ci/alire-crates-ci/test/5f655e40-67d4-410c-84fb-5572da83bba4/phcpack_2.4.88_e448e94a/src/Ada/Components/Interpolators/standard_divided_differences.adb
Source file time stamp: 2026-07-16 01:03:09
Compiled at: 2026-07-16 01:06:24
 1457 lines: No errors
   [Ada]          quaddobl_gridded_hypersurfaces.adb

GNAT 10.3.0
Copyright 1992-2020, Free Software Foundation, Inc.

Compiling: /home/runner/work/alire-crates-ci/alire-crates-ci/test/5f655e40-67d4-410c-84fb-5572da83bba4/phcpack_2.4.88_e448e94a/src/Ada/Components/Samplers/hypersurface_sample_grids.adb
Source file time stamp: 2026-07-16 01:03:09
Compiled at: 2026-07-16 01:06:26
 481 lines: No errors
   [Ada]          sample_point_lists_io.adb

GNAT 10.3.0
Copyright 1992-2020, Free Software Foundation, Inc.

Compiling: /home/runner/work/alire-crates-ci/alire-crates-ci/test/5f655e40-67d4-410c-84fb-5572da83bba4/phcpack_2.4.88_e448e94a/src/Ada/Components/Interpolators/dobldobl_divided_differences.adb
Source file time stamp: 2026-07-16 01:03:09
Compiled at: 2026-07-16 01:06:25
 1472 lines: No errors
   [Ada]          double_double_matrices_io.ads

GNAT 10.3.0
Copyright 1992-2020, Free Software Foundation, Inc.

Compiling: /home/runner/work/alire-crates-ci/alire-crates-ci/test/5f655e40-67d4-410c-84fb-5572da83bba4/phcpack_2.4.88_e448e94a/src/Ada/Components/Samplers/quaddobl_gridded_hypersurfaces.adb
Source file time stamp: 2026-07-16 01:03:09
Compiled at: 2026-07-16 01:06:26
 484 lines: No errors
   [Ada]          double_double_qr_least_squares.adb

GNAT 10.3.0
Copyright 1992-2020, Free Software Foundation, Inc.

Compiling: /home/runner/work/alire-crates-ci/alire-crates-ci/test/5f655e40-67d4-410c-84fb-5572da83bba4/phcpack_2.4.88_e448e94a/src/Ada/Math_Lib/Matrices/double_double_matrices_io.ads
Source file time stamp: 2026-07-16 01:03:09
Compiled at: 2026-07-16 01:06:26
 12 lines: No errors
   [Ada]          quad_double_matrices_io.ads

GNAT 10.3.0
Copyright 1992-2020, Free Software Foundation, Inc.

Compiling: /home/runner/work/alire-crates-ci/alire-crates-ci/test/5f655e40-67d4-410c-84fb-5572da83bba4/phcpack_2.4.88_e448e94a/src/Ada/Components/Samplers/sample_point_lists_io.adb
Source file time stamp: 2026-07-16 01:03:09
Compiled at: 2026-07-16 01:06:26
 172 lines: No errors
   [Ada]          quad_double_qr_least_squares.adb

GNAT 10.3.0
Copyright 1992-2020, Free Software Foundation, Inc.

Compiling: /home/runner/work/alire-crates-ci/alire-crates-ci/test/5f655e40-67d4-410c-84fb-5572da83bba4/phcpack_2.4.88_e448e94a/src/Ada/Math_Lib/Matrices/quad_double_matrices_io.ads
Source file time stamp: 2026-07-16 01:03:09
Compiled at: 2026-07-16 01:06:27
 12 lines: No errors
   [Ada]          multprec_floating_ring_io.ads

GNAT 10.3.0
Copyright 1992-2020, Free Software Foundation, Inc.

Compiling: /home/runner/work/alire-crates-ci/alire-crates-ci/test/5f655e40-67d4-410c-84fb-5572da83bba4/phcpack_2.4.88_e448e94a/src/Ada/Math_Lib/Numbers/multprec_floating_ring_io.ads
Source file time stamp: 2026-07-16 01:03:09
Compiled at: 2026-07-16 01:06:27
 12 lines: No errors
   [Ada]          certify_factor_with_trace.adb

GNAT 10.3.0
Copyright 1992-2020, Free Software Foundation, Inc.

Compiling: /home/runner/work/alire-crates-ci/alire-crates-ci/test/5f655e40-67d4-410c-84fb-5572da83bba4/phcpack_2.4.88_e448e94a/src/Ada/Math_Lib/Reduction/double_double_qr_least_squares.adb
Source file time stamp: 2026-07-16 01:03:09
Compiled at: 2026-07-16 01:06:27
 412 lines: No errors
   [Ada]          dobldobl_lined_hypersurfaces.adb

GNAT 10.3.0
Copyright 1992-2020, Free Software Foundation, Inc.

Compiling: /home/runner/work/alire-crates-ci/alire-crates-ci/test/5f655e40-67d4-410c-84fb-5572da83bba4/phcpack_2.4.88_e448e94a/src/Ada/Components/Factorization/certify_factor_with_trace.adb
Source file time stamp: 2026-07-16 01:03:09
Compiled at: 2026-07-16 01:06:27
 177 lines: No errors
   [Ada]          factored_witness_vectors.adb

GNAT 10.3.0
Copyright 1992-2020, Free Software Foundation, Inc.

Compiling: /home/runner/work/alire-crates-ci/alire-crates-ci/test/5f655e40-67d4-410c-84fb-5572da83bba4/phcpack_2.4.88_e448e94a/src/Ada/Math_Lib/Reduction/quad_double_qr_least_squares.adb
Source file time stamp: 2026-07-16 01:03:09
Compiled at: 2026-07-16 01:06:27
 412 lines: No errors
   [Ada]          monodromy_polynomial_breakup.adb

GNAT 10.3.0
Copyright 1992-2020, Free Software Foundation, Inc.

Compiling: /home/runner/work/alire-crates-ci/alire-crates-ci/test/5f655e40-67d4-410c-84fb-5572da83bba4/phcpack_2.4.88_e448e94a/src/Ada/Components/Interpolators/quaddobl_divided_differences.adb
Source file time stamp: 2026-07-16 01:03:09
Compiled at: 2026-07-16 01:06:26
 1472 lines: No errors
   [Ada]          quaddobl_lined_hypersurfaces.adb

GNAT 10.3.0
Copyright 1992-2020, Free Software Foundation, Inc.

Compiling: /home/runner/work/alire-crates-ci/alire-crates-ci/test/5f655e40-67d4-410c-84fb-5572da83bba4/phcpack_2.4.88_e448e94a/src/Ada/Components/Factorization/factored_witness_vectors.adb
Source file time stamp: 2026-07-16 01:03:09
Compiled at: 2026-07-16 01:06:27
 460 lines: No errors
   [Ada]          standard_lined_hypersurfaces.adb

GNAT 10.3.0
Copyright 1992-2020, Free Software Foundation, Inc.

Compiling: /home/runner/work/alire-crates-ci/alire-crates-ci/test/5f655e40-67d4-410c-84fb-5572da83bba4/phcpack_2.4.88_e448e94a/src/Ada/Components/Samplers/dobldobl_lined_hypersurfaces.adb
Source file time stamp: 2026-07-16 01:03:09
Compiled at: 2026-07-16 01:06:27
 1202 lines: No errors
   [Ada]          generic_nesvecs.adb

GNAT 10.3.0
Copyright 1992-2020, Free Software Foundation, Inc.

Compiling: /home/runner/work/alire-crates-ci/alire-crates-ci/test/5f655e40-67d4-410c-84fb-5572da83bba4/phcpack_2.4.88_e448e94a/src/Ada/Math_Lib/Vectors/generic_nesvecs.adb
Source file time stamp: 2026-07-16 01:03:10
Compiled at: 2026-07-16 01:06:28
 60 lines: No errors
   [Ada]          multprec_complex_ring_io.ads

GNAT 10.3.0
Copyright 1992-2020, Free Software Foundation, Inc.

Compiling: /home/runner/work/alire-crates-ci/alire-crates-ci/test/5f655e40-67d4-410c-84fb-5572da83bba4/phcpack_2.4.88_e448e94a/src/Ada/Math_Lib/Numbers/multprec_complex_ring_io.ads
Source file time stamp: 2026-07-16 01:03:09
Compiled at: 2026-07-16 01:06:28
 12 lines: No errors
   [Ada]          generic_nesvecs_io.adb

GNAT 10.3.0
Copyright 1992-2020, Free Software Foundation, Inc.

Compiling: /home/runner/work/alire-crates-ci/alire-crates-ci/test/5f655e40-67d4-410c-84fb-5572da83bba4/phcpack_2.4.88_e448e94a/src/Ada/Math_Lib/Vectors/generic_nesvecs_io.adb
Source file time stamp: 2026-07-16 01:03:10
Compiled at: 2026-07-16 01:06:28
 96 lines: No errors
   [Ada]          deca_double_ring.ads

GNAT 10.3.0
Copyright 1992-2020, Free Software Foundation, Inc.

Compiling: /home/runner/work/alire-crates-ci/alire-crates-ci/test/5f655e40-67d4-410c-84fb-5572da83bba4/phcpack_2.4.88_e448e94a/src/Ada/Math_Lib/QD/deca_double_ring.ads
Source file time stamp: 2026-07-16 01:03:09
Compiled at: 2026-07-16 01:06:28
 10 lines: No errors
   [Ada]          deca_double_ring-ffield.ads

GNAT 10.3.0
Copyright 1992-2020, Free Software Foundation, Inc.

Compiling: /home/runner/work/alire-crates-ci/alire-crates-ci/test/5f655e40-67d4-410c-84fb-5572da83bba4/phcpack_2.4.88_e448e94a/src/Ada/Math_Lib/QD/deca_double_ring-ffield.ads
Source file time stamp: 2026-07-16 01:03:09
Compiled at: 2026-07-16 01:06:28
 9 lines: No errors
   [Ada]          hexa_double_ring.ads

GNAT 10.3.0
Copyright 1992-2020, Free Software Foundation, Inc.

Compiling: /home/runner/work/alire-crates-ci/alire-crates-ci/test/5f655e40-67d4-410c-84fb-5572da83bba4/phcpack_2.4.88_e448e94a/src/Ada/Math_Lib/QD/hexa_double_ring.ads
Source file time stamp: 2026-07-16 01:03:09
Compiled at: 2026-07-16 01:06:28
 10 lines: No errors
   [Ada]          hexa_double_ring-ffield.ads

GNAT 10.3.0
Copyright 1992-2020, Free Software Foundation, Inc.

Compiling: /home/runner/work/alire-crates-ci/alire-crates-ci/test/5f655e40-67d4-410c-84fb-5572da83bba4/phcpack_2.4.88_e448e94a/src/Ada/Math_Lib/QD/hexa_double_ring-ffield.ads
Source file time stamp: 2026-07-16 01:03:09
Compiled at: 2026-07-16 01:06:28
 9 lines: No errors
   [Ada]          octo_double_ring.ads

GNAT 10.3.0
Copyright 1992-2020, Free Software Foundation, Inc.

Compiling: /home/runner/work/alire-crates-ci/alire-crates-ci/test/5f655e40-67d4-410c-84fb-5572da83bba4/phcpack_2.4.88_e448e94a/src/Ada/Components/Samplers/quaddobl_lined_hypersurfaces.adb
Source file time stamp: 2026-07-16 01:03:09
Compiled at: 2026-07-16 01:06:27
 1202 lines: No errors
   [Ada]          octo_double_ring-ffield.ads

GNAT 10.3.0
Copyright 1992-2020, Free Software Foundation, Inc.

Compiling: /home/runner/work/alire-crates-ci/alire-crates-ci/test/5f655e40-67d4-410c-84fb-5572da83bba4/phcpack_2.4.88_e448e94a/src/Ada/Math_Lib/QD/octo_double_ring.ads
Source file time stamp: 2026-07-16 01:03:09
Compiled at: 2026-07-16 01:06:28
 10 lines: No errors
   [Ada]          penta_double_ring.ads

GNAT 10.3.0
Copyright 1992-2020, Free Software Foundation, Inc.

Compiling: /home/runner/work/alire-crates-ci/alire-crates-ci/test/5f655e40-67d4-410c-84fb-5572da83bba4/phcpack_2.4.88_e448e94a/src/Ada/Components/Samplers/standard_lined_hypersurfaces.adb
Source file time stamp: 2026-07-16 01:03:09
Compiled at: 2026-07-16 01:06:27
 1195 lines: No errors
   [Ada]          penta_double_ring-ffield.ads

GNAT 10.3.0
Copyright 1992-2020, Free Software Foundation, Inc.

Compiling: /home/runner/work/alire-crates-ci/alire-crates-ci/test/5f655e40-67d4-410c-84fb-5572da83bba4/phcpack_2.4.88_e448e94a/src/Ada/Math_Lib/QD/octo_double_ring-ffield.ads
Source file time stamp: 2026-07-16 01:03:09
Compiled at: 2026-07-16 01:06:28
 9 lines: No errors
   [Ada]          decadobl_complex_ring.ads

GNAT 10.3.0
Copyright 1992-2020, Free Software Foundation, Inc.

Compiling: /home/runner/work/alire-crates-ci/alire-crates-ci/test/5f655e40-67d4-410c-84fb-5572da83bba4/phcpack_2.4.88_e448e94a/src/Ada/Math_Lib/QD/penta_double_ring-ffield.ads
Source file time stamp: 2026-07-16 01:03:09
Compiled at: 2026-07-16 01:06:28
 9 lines: No errors
   [Ada]          triple_double_ring.ads

GNAT 10.3.0
Copyright 1992-2020, Free Software Foundation, Inc.

Compiling: /home/runner/work/alire-crates-ci/alire-crates-ci/test/5f655e40-67d4-410c-84fb-5572da83bba4/phcpack_2.4.88_e448e94a/src/Ada/Math_Lib/QD/penta_double_ring.ads
Source file time stamp: 2026-07-16 01:03:09
Compiled at: 2026-07-16 01:06:28
 10 lines: No errors
   [Ada]          triple_double_ring-ffield.ads

GNAT 10.3.0
Copyright 1992-2020, Free Software Foundation, Inc.

Compiling: /home/runner/work/alire-crates-ci/alire-crates-ci/test/5f655e40-67d4-410c-84fb-5572da83bba4/phcpack_2.4.88_e448e94a/src/Ada/Math_Lib/QD/triple_double_ring-ffield.ads
Source file time stamp: 2026-07-16 01:03:09
Compiled at: 2026-07-16 01:06:28
 9 lines: No errors
   [Ada]          hexadobl_complex_ring.ads

GNAT 10.3.0
Copyright 1992-2020, Free Software Foundation, Inc.

Compiling: /home/runner/work/alire-crates-ci/alire-crates-ci/test/5f655e40-67d4-410c-84fb-5572da83bba4/phcpack_2.4.88_e448e94a/src/Ada/Math_Lib/QD/decadobl_complex_ring.ads
Source file time stamp: 2026-07-16 01:03:09
Compiled at: 2026-07-16 01:06:28
 10 lines: No errors
   [Ada]          decadobl_complex_vectors_cv.adb

GNAT 10.3.0
Copyright 1992-2020, Free Software Foundation, Inc.

Compiling: /home/runner/work/alire-crates-ci/alire-crates-ci/test/5f655e40-67d4-410c-84fb-5572da83bba4/phcpack_2.4.88_e448e94a/src/Ada/Math_Lib/QD/triple_double_ring.ads
Source file time stamp: 2026-07-16 01:03:09
Compiled at: 2026-07-16 01:06:28
 10 lines: No errors
   [Ada]          multprec_decadobl_convertors.adb

GNAT 10.3.0
Copyright 1992-2020, Free Software Foundation, Inc.

Compiling: /home/runner/work/alire-crates-ci/alire-crates-ci/test/5f655e40-67d4-410c-84fb-5572da83bba4/phcpack_2.4.88_e448e94a/src/Ada/Math_Lib/QD/hexadobl_complex_ring.ads
Source file time stamp: 2026-07-16 01:03:09
Compiled at: 2026-07-16 01:06:28
 10 lines: No errors
   [Ada]          octodobl_complex_ring.ads

GNAT 10.3.0
Copyright 1992-2020, Free Software Foundation, Inc.

Compiling: /home/runner/work/alire-crates-ci/alire-crates-ci/test/5f655e40-67d4-410c-84fb-5572da83bba4/phcpack_2.4.88_e448e94a/src/Ada/Components/Factorization/monodromy_polynomial_breakup.adb
Source file time stamp: 2026-07-16 01:03:09
Compiled at: 2026-07-16 01:06:27
 1207 lines: No errors
   [Ada]          hexadobl_complex_vectors_cv.adb

GNAT 10.3.0
Copyright 1992-2020, Free Software Foundation, Inc.

Compiling: /home/runner/work/alire-crates-ci/alire-crates-ci/test/5f655e40-67d4-410c-84fb-5572da83bba4/phcpack_2.4.88_e448e94a/src/Ada/Math_Lib/QD/octodobl_complex_ring.ads
Source file time stamp: 2026-07-16 01:03:09
Compiled at: 2026-07-16 01:06:28
 10 lines: No errors
   [Ada]          multprec_hexadobl_convertors.adb

GNAT 10.3.0
Copyright 1992-2020, Free Software Foundation, Inc.

Compiling: /home/runner/work/alire-crates-ci/alire-crates-ci/test/5f655e40-67d4-410c-84fb-5572da83bba4/phcpack_2.4.88_e448e94a/src/Ada/Math_Lib/QD/multprec_decadobl_convertors.adb
Source file time stamp: 2026-07-16 01:03:09
Compiled at: 2026-07-16 01:06:28
 53 lines: No errors
   [Ada]          multprec_octodobl_convertors.adb

GNAT 10.3.0
Copyright 1992-2020, Free Software Foundation, Inc.

Compiling: /home/runner/work/alire-crates-ci/alire-crates-ci/test/5f655e40-67d4-410c-84fb-5572da83bba4/phcpack_2.4.88_e448e94a/src/Ada/Math_Lib/QD/multprec_octodobl_convertors.adb
Source file time stamp: 2026-07-16 01:03:09
Compiled at: 2026-07-16 01:06:28
 53 lines: No errors
   [Ada]          octodobl_complex_vectors_cv.adb

GNAT 10.3.0
Copyright 1992-2020, Free Software Foundation, Inc.

Compiling: /home/runner/work/alire-crates-ci/alire-crates-ci/test/5f655e40-67d4-410c-84fb-5572da83bba4/phcpack_2.4.88_e448e94a/src/Ada/Math_Lib/QD/multprec_hexadobl_convertors.adb
Source file time stamp: 2026-07-16 01:03:09
Compiled at: 2026-07-16 01:06:28
 53 lines: No errors
   [Ada]          pentdobl_complex_ring.ads

GNAT 10.3.0
Copyright 1992-2020, Free Software Foundation, Inc.

Compiling: /home/runner/work/alire-crates-ci/alire-crates-ci/test/5f655e40-67d4-410c-84fb-5572da83bba4/phcpack_2.4.88_e448e94a/src/Ada/Math_Lib/QD/pentdobl_complex_ring.ads
Source file time stamp: 2026-07-16 01:03:09
Compiled at: 2026-07-16 01:06:28
 10 lines: No errors
   [Ada]          tripdobl_complex_ring.ads

GNAT 10.3.0
Copyright 1992-2020, Free Software Foundation, Inc.

Compiling: /home/runner/work/alire-crates-ci/alire-crates-ci/test/5f655e40-67d4-410c-84fb-5572da83bba4/phcpack_2.4.88_e448e94a/src/Ada/Math_Lib/Vectors/octodobl_complex_vectors_cv.adb
Source file time stamp: 2026-07-16 01:03:10
Compiled at: 2026-07-16 01:06:28
 57 lines: No errors
   [Ada]          multprec_pentdobl_convertors.adb

GNAT 10.3.0
Copyright 1992-2020, Free Software Foundation, Inc.

Compiling: /home/runner/work/alire-crates-ci/alire-crates-ci/test/5f655e40-67d4-410c-84fb-5572da83bba4/phcpack_2.4.88_e448e94a/src/Ada/Math_Lib/QD/tripdobl_complex_ring.ads
Source file time stamp: 2026-07-16 01:03:09
Compiled at: 2026-07-16 01:06:28
 10 lines: No errors
   [Ada]          pentdobl_complex_vectors_cv.adb

GNAT 10.3.0
Copyright 1992-2020, Free Software Foundation, Inc.

Compiling: /home/runner/work/alire-crates-ci/alire-crates-ci/test/5f655e40-67d4-410c-84fb-5572da83bba4/phcpack_2.4.88_e448e94a/src/Ada/Math_Lib/QD/multprec_pentdobl_convertors.adb
Source file time stamp: 2026-07-16 01:03:09
Compiled at: 2026-07-16 01:06:28
 53 lines: No errors
   [Ada]          multprec_tripdobl_convertors.adb

GNAT 10.3.0
Copyright 1992-2020, Free Software Foundation, Inc.

Compiling: /home/runner/work/alire-crates-ci/alire-crates-ci/test/5f655e40-67d4-410c-84fb-5572da83bba4/phcpack_2.4.88_e448e94a/src/Ada/Math_Lib/Vectors/pentdobl_complex_vectors_cv.adb
Source file time stamp: 2026-07-16 01:03:10
Compiled at: 2026-07-16 01:06:28
 57 lines: No errors
   [Ada]          tripdobl_complex_vectors_cv.adb

GNAT 10.3.0
Copyright 1992-2020, Free Software Foundation, Inc.

Compiling: /home/runner/work/alire-crates-ci/alire-crates-ci/test/5f655e40-67d4-410c-84fb-5572da83bba4/phcpack_2.4.88_e448e94a/src/Ada/Math_Lib/QD/multprec_tripdobl_convertors.adb
Source file time stamp: 2026-07-16 01:03:09
Compiled at: 2026-07-16 01:06:29
 53 lines: No errors
   [Ada]          double_laurent_series.adb

GNAT 10.3.0
Copyright 1992-2020, Free Software Foundation, Inc.

Compiling: /home/runner/work/alire-crates-ci/alire-crates-ci/test/5f655e40-67d4-410c-84fb-5572da83bba4/phcpack_2.4.88_e448e94a/src/Ada/Math_Lib/Vectors/decadobl_complex_vectors_cv.adb
Source file time stamp: 2026-07-16 01:03:10
Compiled at: 2026-07-16 01:06:28
 350 lines: No errors
   [Ada]          test_double_lseries_matrices.adb

GNAT 10.3.0
Copyright 1992-2020, Free Software Foundation, Inc.

Compiling: /home/runner/work/alire-crates-ci/alire-crates-ci/test/5f655e40-67d4-410c-84fb-5572da83bba4/phcpack_2.4.88_e448e94a/src/Ada/Math_Lib/Vectors/tripdobl_complex_vectors_cv.adb
Source file time stamp: 2026-07-16 01:03:10
Compiled at: 2026-07-16 01:06:29
 57 lines: No errors
   [Ada]          standard_complex_vecvecvecs.adb

GNAT 10.3.0
Copyright 1992-2020, Free Software Foundation, Inc.

Compiling: /home/runner/work/alire-crates-ci/alire-crates-ci/test/5f655e40-67d4-410c-84fb-5572da83bba4/phcpack_2.4.88_e448e94a/src/Ada/Math_Lib/Vectors/hexadobl_complex_vectors_cv.adb
Source file time stamp: 2026-07-16 01:03:10
Compiled at: 2026-07-16 01:06:28
 401 lines: No errors
   [Ada]          convergence_radius_estimates.adb

GNAT 10.3.0
Copyright 1992-2020, Free Software Foundation, Inc.

Compiling: /home/runner/work/alire-crates-ci/alire-crates-ci/test/5f655e40-67d4-410c-84fb-5572da83bba4/phcpack_2.4.88_e448e94a/src/Ada/Math_Lib/Laurent/double_laurent_series.adb
Source file time stamp: 2026-07-16 01:03:09
Compiled at: 2026-07-16 01:06:29
 229 lines: No errors
   [Ada]          decadobl_complex_vecvecs.ads

GNAT 10.3.0
Copyright 1992-2020, Free Software Foundation, Inc.

Compiling: /home/runner/work/alire-crates-ci/alire-crates-ci/test/5f655e40-67d4-410c-84fb-5572da83bba4/phcpack_2.4.88_e448e94a/src/Ada/Math_Lib/Vectors/standard_complex_vecvecvecs.adb
Source file time stamp: 2026-07-16 01:03:10
Compiled at: 2026-07-16 01:06:29
 86 lines: No errors
   [Ada]          decadobl_complex_vecvecs_io.ads

GNAT 10.3.0
Copyright 1992-2020, Free Software Foundation, Inc.

Compiling: /home/runner/work/alire-crates-ci/alire-crates-ci/test/5f655e40-67d4-410c-84fb-5572da83bba4/phcpack_2.4.88_e448e94a/src/Ada/Math_Lib/Vectors/decadobl_complex_vecvecs_io.ads
Source file time stamp: 2026-07-16 01:03:10
Compiled at: 2026-07-16 01:06:29
 15 lines: No errors
   [Ada]          decadobl_homotopy_convolutions_io.adb

GNAT 10.3.0
Copyright 1992-2020, Free Software Foundation, Inc.

Compiling: /home/runner/work/alire-crates-ci/alire-crates-ci/test/5f655e40-67d4-410c-84fb-5572da83bba4/phcpack_2.4.88_e448e94a/src/Ada/Math_Lib/Vectors/decadobl_complex_vecvecs.ads
Source file time stamp: 2026-07-16 01:03:10
Compiled at: 2026-07-16 01:06:29
 9 lines: No errors
   [Ada]          decadobl_newton_convolution_steps.adb

GNAT 10.3.0
Copyright 1992-2020, Free Software Foundation, Inc.

Compiling: /home/runner/work/alire-crates-ci/alire-crates-ci/test/5f655e40-67d4-410c-84fb-5572da83bba4/phcpack_2.4.88_e448e94a/src/Ada/Math_Lib/Laurent/test_double_lseries_matrices.adb
Source file time stamp: 2026-07-16 01:03:09
Compiled at: 2026-07-16 01:06:29

    36.       Crow := Ccffs(i); 
                      |
        >>> warning: "Ccffs" may be null

   244.       Lrow := Lcffs(i);
                      |
        >>> warning: "Lcffs" may be null

   282.       Urow := Ucffs(i);
                      |
        >>> warning: "Ucffs" may be null

   316.       Brow := Bcffs(i);
                      |
        >>> warning: "Bcffs" may be null
 625 lines: No errors, 4 warnings
   [Ada]          decadobl_newton_convolutions.adb

GNAT 10.3.0
Copyright 1992-2020, Free Software Foundation, Inc.

Compiling: /home/runner/work/alire-crates-ci/alire-crates-ci/test/5f655e40-67d4-410c-84fb-5572da83bba4/phcpack_2.4.88_e448e94a/src/Ada/Math_Lib/Circuits/convergence_radius_estimates.adb
Source file time stamp: 2026-07-16 01:03:09
Compiled at: 2026-07-16 01:06:29
 1188 lines: No errors
   [Ada]          fabry_on_homotopy_helpers.adb

GNAT 10.3.0
Copyright 1992-2020, Free Software Foundation, Inc.

Compiling: /home/runner/work/alire-crates-ci/alire-crates-ci/test/5f655e40-67d4-410c-84fb-5572da83bba4/phcpack_2.4.88_e448e94a/src/Ada/Deformations/Curves/decadobl_homotopy_convolutions_io.adb
Source file time stamp: 2026-07-16 01:03:09
Compiled at: 2026-07-16 01:06:29
 80 lines: No errors
   [Ada]          multitasked_power_newton.adb

GNAT 10.3.0
Copyright 1992-2020, Free Software Foundation, Inc.

Compiling: /home/runner/work/alire-crates-ci/alire-crates-ci/test/5f655e40-67d4-410c-84fb-5572da83bba4/phcpack_2.4.88_e448e94a/src/Ada/Deformations/Curves/decadobl_newton_convolution_steps.adb
Source file time stamp: 2026-07-16 01:03:09
Compiled at: 2026-07-16 01:06:29
 333 lines: No errors
   [Ada]          decadobl_speelpenning_convolutions.ads

GNAT 10.3.0
Copyright 1992-2020, Free Software Foundation, Inc.

Compiling: /home/runner/work/alire-crates-ci/alire-crates-ci/test/5f655e40-67d4-410c-84fb-5572da83bba4/phcpack_2.4.88_e448e94a/src/Ada/Deformations/Curves/fabry_on_homotopy_helpers.adb
Source file time stamp: 2026-07-16 01:03:09
Compiled at: 2026-07-16 01:06:29
 188 lines: No errors
   [Ada]          random_laurent_series.adb

GNAT 10.3.0
Copyright 1992-2020, Free Software Foundation, Inc.

Compiling: /home/runner/work/alire-crates-ci/alire-crates-ci/test/5f655e40-67d4-410c-84fb-5572da83bba4/phcpack_2.4.88_e448e94a/src/Ada/Math_Lib/Laurent/random_laurent_series.adb
Source file time stamp: 2026-07-16 01:03:09
Compiled at: 2026-07-16 01:06:29
 135 lines: No errors
   [Ada]          dobldobl_newton_convolution_steps.adb

GNAT 10.3.0
Copyright 1992-2020, Free Software Foundation, Inc.

Compiling: /home/runner/work/alire-crates-ci/alire-crates-ci/test/5f655e40-67d4-410c-84fb-5572da83bba4/phcpack_2.4.88_e448e94a/src/Ada/Math_Lib/Circuits/decadobl_newton_convolutions.adb
Source file time stamp: 2026-07-16 01:03:09
Compiled at: 2026-07-16 01:06:29
 477 lines: No errors
   [Ada]          dobldobl_newton_convolutions.adb

GNAT 10.3.0
Copyright 1992-2020, Free Software Foundation, Inc.

Compiling: /home/runner/work/alire-crates-ci/alire-crates-ci/test/5f655e40-67d4-410c-84fb-5572da83bba4/phcpack_2.4.88_e448e94a/src/Ada/Tasking/multitasked_power_newton.adb
Source file time stamp: 2026-07-16 01:03:10
Compiled at: 2026-07-16 01:06:29
 597 lines: No errors
   [Ada]          hexa_double_numbers_io.adb

GNAT 10.3.0
Copyright 1992-2020, Free Software Foundation, Inc.

Compiling: /home/runner/work/alire-crates-ci/alire-crates-ci/test/5f655e40-67d4-410c-84fb-5572da83bba4/phcpack_2.4.88_e448e94a/src/Ada/Deformations/Curves/dobldobl_newton_convolution_steps.adb
Source file time stamp: 2026-07-16 01:03:09
Compiled at: 2026-07-16 01:06:30
 333 lines: No errors
   [Ada]          hexadobl_complex_vecvecs.ads

GNAT 10.3.0
Copyright 1992-2020, Free Software Foundation, Inc.

Compiling: /home/runner/work/alire-crates-ci/alire-crates-ci/test/5f655e40-67d4-410c-84fb-5572da83bba4/phcpack_2.4.88_e448e94a/src/Ada/Math_Lib/Circuits/dobldobl_newton_convolutions.adb
Source file time stamp: 2026-07-16 01:03:09
Compiled at: 2026-07-16 01:06:30
 481 lines: No errors
   [Ada]          hexadobl_complex_vecvecs_io.ads

GNAT 10.3.0
Copyright 1992-2020, Free Software Foundation, Inc.

Compiling: /home/runner/work/alire-crates-ci/alire-crates-ci/test/5f655e40-67d4-410c-84fb-5572da83bba4/phcpack_2.4.88_e448e94a/src/Ada/Math_Lib/Vectors/hexadobl_complex_vecvecs.ads
Source file time stamp: 2026-07-16 01:03:10
Compiled at: 2026-07-16 01:06:30
 9 lines: No errors
   [Ada]          hexadobl_homotopy_convolutions_io.adb

GNAT 10.3.0
Copyright 1992-2020, Free Software Foundation, Inc.

Compiling: /home/runner/work/alire-crates-ci/alire-crates-ci/test/5f655e40-67d4-410c-84fb-5572da83bba4/phcpack_2.4.88_e448e94a/src/Ada/Math_Lib/QD/hexa_double_numbers_io.adb
Source file time stamp: 2026-07-16 01:03:09
Compiled at: 2026-07-16 01:06:30
 382 lines: No errors
   [Ada]          hexadobl_newton_convolution_steps.adb

GNAT 10.3.0
Copyright 1992-2020, Free Software Foundation, Inc.

Compiling: /home/runner/work/alire-crates-ci/alire-crates-ci/test/5f655e40-67d4-410c-84fb-5572da83bba4/phcpack_2.4.88_e448e94a/src/Ada/Math_Lib/Vectors/hexadobl_complex_vecvecs_io.ads
Source file time stamp: 2026-07-16 01:03:10
Compiled at: 2026-07-16 01:06:30
 15 lines: No errors
   [Ada]          hexadobl_newton_convolutions.adb

GNAT 10.3.0
Copyright 1992-2020, Free Software Foundation, Inc.

Compiling: /home/runner/work/alire-crates-ci/alire-crates-ci/test/5f655e40-67d4-410c-84fb-5572da83bba4/phcpack_2.4.88_e448e94a/src/Ada/Deformations/Curves/hexadobl_newton_convolution_steps.adb
Source file time stamp: 2026-07-16 01:03:09
Compiled at: 2026-07-16 01:06:30
 333 lines: No errors
   [Ada]          hexadobl_speelpenning_convolutions.ads

GNAT 10.3.0
Copyright 1992-2020, Free Software Foundation, Inc.

Compiling: /home/runner/work/alire-crates-ci/alire-crates-ci/test/5f655e40-67d4-410c-84fb-5572da83bba4/phcpack_2.4.88_e448e94a/src/Ada/Deformations/Curves/hexadobl_homotopy_convolutions_io.adb
Source file time stamp: 2026-07-16 01:03:09
Compiled at: 2026-07-16 01:06:30
 80 lines: No errors
   [Ada]          octodobl_complex_vecvecs.ads

GNAT 10.3.0
Copyright 1992-2020, Free Software Foundation, Inc.

Compiling: /home/runner/work/alire-crates-ci/alire-crates-ci/test/5f655e40-67d4-410c-84fb-5572da83bba4/phcpack_2.4.88_e448e94a/src/Ada/Math_Lib/Vectors/octodobl_complex_vecvecs.ads
Source file time stamp: 2026-07-16 01:03:10
Compiled at: 2026-07-16 01:06:31
 9 lines: No errors
   [Ada]          octodobl_complex_vecvecs_io.ads

GNAT 10.3.0
Copyright 1992-2020, Free Software Foundation, Inc.

Compiling: /home/runner/work/alire-crates-ci/alire-crates-ci/test/5f655e40-67d4-410c-84fb-5572da83bba4/phcpack_2.4.88_e448e94a/src/Ada/Math_Lib/Circuits/hexadobl_newton_convolutions.adb
Source file time stamp: 2026-07-16 01:03:09
Compiled at: 2026-07-16 01:06:30
 477 lines: No errors
   [Ada]          octodobl_homotopy_convolutions_io.adb

GNAT 10.3.0
Copyright 1992-2020, Free Software Foundation, Inc.

Compiling: /home/runner/work/alire-crates-ci/alire-crates-ci/test/5f655e40-67d4-410c-84fb-5572da83bba4/phcpack_2.4.88_e448e94a/src/Ada/Math_Lib/Vectors/octodobl_complex_vecvecs_io.ads
Source file time stamp: 2026-07-16 01:03:10
Compiled at: 2026-07-16 01:06:31
 15 lines: No errors
   [Ada]          octodobl_newton_convolution_steps.adb

GNAT 10.3.0
Copyright 1992-2020, Free Software Foundation, Inc.

Compiling: /home/runner/work/alire-crates-ci/alire-crates-ci/test/5f655e40-67d4-410c-84fb-5572da83bba4/phcpack_2.4.88_e448e94a/src/Ada/Deformations/Curves/octodobl_newton_convolution_steps.adb
Source file time stamp: 2026-07-16 01:03:09
Compiled at: 2026-07-16 01:06:31
 333 lines: No errors
   [Ada]          octodobl_newton_convolutions.adb

GNAT 10.3.0
Copyright 1992-2020, Free Software Foundation, Inc.

Compiling: /home/runner/work/alire-crates-ci/alire-crates-ci/test/5f655e40-67d4-410c-84fb-5572da83bba4/phcpack_2.4.88_e448e94a/src/Ada/Deformations/Curves/octodobl_homotopy_convolutions_io.adb
Source file time stamp: 2026-07-16 01:03:09
Compiled at: 2026-07-16 01:06:31
 80 lines: No errors
   [Ada]          octodobl_speelpenning_convolutions.ads

GNAT 10.3.0
Copyright 1992-2020, Free Software Foundation, Inc.

Compiling: /home/runner/work/alire-crates-ci/alire-crates-ci/test/5f655e40-67d4-410c-84fb-5572da83bba4/phcpack_2.4.88_e448e94a/src/Ada/Math_Lib/Circuits/decadobl_speelpenning_convolutions.ads
Source file time stamp: 2026-07-16 01:03:09
Compiled at: 2026-07-16 01:06:29
 18 lines: No errors
   [Ada]          pentdobl_complex_vecvecs.ads

GNAT 10.3.0
Copyright 1992-2020, Free Software Foundation, Inc.

Compiling: /home/runner/work/alire-crates-ci/alire-crates-ci/test/5f655e40-67d4-410c-84fb-5572da83bba4/phcpack_2.4.88_e448e94a/src/Ada/Math_Lib/Vectors/pentdobl_complex_vecvecs.ads
Source file time stamp: 2026-07-16 01:03:10
Compiled at: 2026-07-16 01:06:31
 9 lines: No errors
   [Ada]          pentdobl_complex_vecvecs_io.ads

GNAT 10.3.0
Copyright 1992-2020, Free Software Foundation, Inc.

Compiling: /home/runner/work/alire-crates-ci/alire-crates-ci/test/5f655e40-67d4-410c-84fb-5572da83bba4/phcpack_2.4.88_e448e94a/src/Ada/Math_Lib/Circuits/octodobl_newton_convolutions.adb
Source file time stamp: 2026-07-16 01:03:09
Compiled at: 2026-07-16 01:06:31
 477 lines: No errors
   [Ada]          pentdobl_homotopy_convolutions_io.adb

GNAT 10.3.0
Copyright 1992-2020, Free Software Foundation, Inc.

Compiling: /home/runner/work/alire-crates-ci/alire-crates-ci/test/5f655e40-67d4-410c-84fb-5572da83bba4/phcpack_2.4.88_e448e94a/src/Ada/Math_Lib/Vectors/pentdobl_complex_vecvecs_io.ads
Source file time stamp: 2026-07-16 01:03:10
Compiled at: 2026-07-16 01:06:32
 15 lines: No errors
   [Ada]          pentdobl_newton_convolution_steps.adb

GNAT 10.3.0
Copyright 1992-2020, Free Software Foundation, Inc.

Compiling: /home/runner/work/alire-crates-ci/alire-crates-ci/test/5f655e40-67d4-410c-84fb-5572da83bba4/phcpack_2.4.88_e448e94a/src/Ada/Deformations/Curves/pentdobl_newton_convolution_steps.adb
Source file time stamp: 2026-07-16 01:03:09
Compiled at: 2026-07-16 01:06:32
 333 lines: No errors
   [Ada]          pentdobl_newton_convolutions.adb

GNAT 10.3.0
Copyright 1992-2020, Free Software Foundation, Inc.

Compiling: /home/runner/work/alire-crates-ci/alire-crates-ci/test/5f655e40-67d4-410c-84fb-5572da83bba4/phcpack_2.4.88_e448e94a/src/Ada/Deformations/Curves/pentdobl_homotopy_convolutions_io.adb
Source file time stamp: 2026-07-16 01:03:09
Compiled at: 2026-07-16 01:06:32
 80 lines: No errors
   [Ada]          pentdobl_speelpenning_convolutions.ads

GNAT 10.3.0
Copyright 1992-2020, Free Software Foundation, Inc.

Compiling: /home/runner/work/alire-crates-ci/alire-crates-ci/test/5f655e40-67d4-410c-84fb-5572da83bba4/phcpack_2.4.88_e448e94a/src/Ada/Math_Lib/Circuits/pentdobl_newton_convolutions.adb
Source file time stamp: 2026-07-16 01:03:09
Compiled at: 2026-07-16 01:06:32
 477 lines: No errors
   [Ada]          quaddobl_newton_convolution_steps.adb

GNAT 10.3.0
Copyright 1992-2020, Free Software Foundation, Inc.

Compiling: /home/runner/work/alire-crates-ci/alire-crates-ci/test/5f655e40-67d4-410c-84fb-5572da83bba4/phcpack_2.4.88_e448e94a/src/Ada/Math_Lib/Circuits/hexadobl_speelpenning_convolutions.ads
Source file time stamp: 2026-07-16 01:03:09
Compiled at: 2026-07-16 01:06:30
 18 lines: No errors
   [Ada]          quaddobl_newton_convolutions.adb

GNAT 10.3.0
Copyright 1992-2020, Free Software Foundation, Inc.

Compiling: /home/runner/work/alire-crates-ci/alire-crates-ci/test/5f655e40-67d4-410c-84fb-5572da83bba4/phcpack_2.4.88_e448e94a/src/Ada/Deformations/Curves/quaddobl_newton_convolution_steps.adb
Source file time stamp: 2026-07-16 01:03:09
Compiled at: 2026-07-16 01:06:32
 333 lines: No errors
   [Ada]          staggered_newton_convolutions.adb

GNAT 10.3.0
Copyright 1992-2020, Free Software Foundation, Inc.

Compiling: /home/runner/work/alire-crates-ci/alire-crates-ci/test/5f655e40-67d4-410c-84fb-5572da83bba4/phcpack_2.4.88_e448e94a/src/Ada/Math_Lib/Circuits/quaddobl_newton_convolutions.adb
Source file time stamp: 2026-07-16 01:03:09
Compiled at: 2026-07-16 01:06:33
 477 lines: No errors
   [Ada]          standard_newton_convolutions.adb

GNAT 10.3.0
Copyright 1992-2020, Free Software Foundation, Inc.

Compiling: /home/runner/work/alire-crates-ci/alire-crates-ci/test/5f655e40-67d4-410c-84fb-5572da83bba4/phcpack_2.4.88_e448e94a/src/Ada/Math_Lib/Circuits/octodobl_speelpenning_convolutions.ads
Source file time stamp: 2026-07-16 01:03:09
Compiled at: 2026-07-16 01:06:31
 18 lines: No errors
   [Ada]          tripdobl_complex_vecvecs_io.ads

GNAT 10.3.0
Copyright 1992-2020, Free Software Foundation, Inc.

Compiling: /home/runner/work/alire-crates-ci/alire-crates-ci/test/5f655e40-67d4-410c-84fb-5572da83bba4/phcpack_2.4.88_e448e94a/src/Ada/Deformations/Curves/staggered_newton_convolutions.adb
Source file time stamp: 2026-07-16 01:03:09
Compiled at: 2026-07-16 01:06:33
 836 lines: No errors
   [Ada]          tripdobl_homotopy_convolutions_io.adb

GNAT 10.3.0
Copyright 1992-2020, Free Software Foundation, Inc.

Compiling: /home/runner/work/alire-crates-ci/alire-crates-ci/test/5f655e40-67d4-410c-84fb-5572da83bba4/phcpack_2.4.88_e448e94a/src/Ada/Math_Lib/Vectors/tripdobl_complex_vecvecs_io.ads
Source file time stamp: 2026-07-16 01:03:10
Compiled at: 2026-07-16 01:06:33
 15 lines: No errors
   [Ada]          tripdobl_newton_convolution_steps.adb

GNAT 10.3.0
Copyright 1992-2020, Free Software Foundation, Inc.

Compiling: /home/runner/work/alire-crates-ci/alire-crates-ci/test/5f655e40-67d4-410c-84fb-5572da83bba4/phcpack_2.4.88_e448e94a/src/Ada/Deformations/Curves/tripdobl_newton_convolution_steps.adb
Source file time stamp: 2026-07-16 01:03:09
Compiled at: 2026-07-16 01:06:33
 333 lines: No errors
   [Ada]          tripdobl_newton_convolutions.adb

GNAT 10.3.0
Copyright 1992-2020, Free Software Foundation, Inc.

Compiling: /home/runner/work/alire-crates-ci/alire-crates-ci/test/5f655e40-67d4-410c-84fb-5572da83bba4/phcpack_2.4.88_e448e94a/src/Ada/Math_Lib/Circuits/standard_newton_convolutions.adb
Source file time stamp: 2026-07-16 01:03:09
Compiled at: 2026-07-16 01:06:33
 467 lines: No errors
   [Ada]          tripdobl_speelpenning_convolutions.ads

GNAT 10.3.0
Copyright 1992-2020, Free Software Foundation, Inc.

Compiling: /home/runner/work/alire-crates-ci/alire-crates-ci/test/5f655e40-67d4-410c-84fb-5572da83bba4/phcpack_2.4.88_e448e94a/src/Ada/Deformations/Curves/tripdobl_homotopy_convolutions_io.adb
Source file time stamp: 2026-07-16 01:03:09
Compiled at: 2026-07-16 01:06:33
 80 lines: No errors
   [Ada]          decadobl_complex_laur_systems_io.adb

GNAT 10.3.0
Copyright 1992-2020, Free Software Foundation, Inc.

Compiling: /home/runner/work/alire-crates-ci/alire-crates-ci/test/5f655e40-67d4-410c-84fb-5572da83bba4/phcpack_2.4.88_e448e94a/src/Ada/Math_Lib/Polynomials/decadobl_complex_laur_systems_io.adb
Source file time stamp: 2026-07-16 01:03:09
Compiled at: 2026-07-16 01:06:34
 109 lines: No errors
   [Ada]          decadobl_complex_laurentials.ads

GNAT 10.3.0
Copyright 1992-2020, Free Software Foundation, Inc.

Compiling: /home/runner/work/alire-crates-ci/alire-crates-ci/test/5f655e40-67d4-410c-84fb-5572da83bba4/phcpack_2.4.88_e448e94a/src/Ada/Math_Lib/Circuits/pentdobl_speelpenning_convolutions.ads
Source file time stamp: 2026-07-16 01:03:09
Compiled at: 2026-07-16 01:06:32
 18 lines: No errors
   [Ada]          decadobl_complex_laur_systems.ads

GNAT 10.3.0
Copyright 1992-2020, Free Software Foundation, Inc.

Compiling: /home/runner/work/alire-crates-ci/alire-crates-ci/test/5f655e40-67d4-410c-84fb-5572da83bba4/phcpack_2.4.88_e448e94a/src/Ada/Math_Lib/Circuits/tripdobl_newton_convolutions.adb
Source file time stamp: 2026-07-16 01:03:09
Compiled at: 2026-07-16 01:06:33
 477 lines: No errors
   [Ada]          octodobl_complex_laur_systems_io.adb

GNAT 10.3.0
Copyright 1992-2020, Free Software Foundation, Inc.

Compiling: /home/runner/work/alire-crates-ci/alire-crates-ci/test/5f655e40-67d4-410c-84fb-5572da83bba4/phcpack_2.4.88_e448e94a/src/Ada/Math_Lib/Polynomials/decadobl_complex_laur_systems.ads
Source file time stamp: 2026-07-16 01:03:09
Compiled at: 2026-07-16 01:06:34
 10 lines: No errors
   [Ada]          octodobl_complex_laurentials.ads

GNAT 10.3.0
Copyright 1992-2020, Free Software Foundation, Inc.

Compiling: /home/runner/work/alire-crates-ci/alire-crates-ci/test/5f655e40-67d4-410c-84fb-5572da83bba4/phcpack_2.4.88_e448e94a/src/Ada/Math_Lib/Polynomials/octodobl_complex_laur_systems_io.adb
Source file time stamp: 2026-07-16 01:03:09
Compiled at: 2026-07-16 01:06:34
 109 lines: No errors
   [Ada]          octodobl_complex_laur_systems.ads

GNAT 10.3.0
Copyright 1992-2020, Free Software Foundation, Inc.

Compiling: /home/runner/work/alire-crates-ci/alire-crates-ci/test/5f655e40-67d4-410c-84fb-5572da83bba4/phcpack_2.4.88_e448e94a/src/Ada/Math_Lib/Polynomials/octodobl_complex_laur_systems.ads
Source file time stamp: 2026-07-16 01:03:09
Compiled at: 2026-07-16 01:06:34
 10 lines: No errors
   [Ada]          pentdobl_complex_laur_systems_io.adb

GNAT 10.3.0
Copyright 1992-2020, Free Software Foundation, Inc.

Compiling: /home/runner/work/alire-crates-ci/alire-crates-ci/test/5f655e40-67d4-410c-84fb-5572da83bba4/phcpack_2.4.88_e448e94a/src/Ada/Math_Lib/Polynomials/decadobl_complex_laurentials.ads
Source file time stamp: 2026-07-16 01:03:09
Compiled at: 2026-07-16 01:06:34
 9 lines: No errors
   [Ada]          pentdobl_complex_laurentials.ads

GNAT 10.3.0
Copyright 1992-2020, Free Software Foundation, Inc.

Compiling: /home/runner/work/alire-crates-ci/alire-crates-ci/test/5f655e40-67d4-410c-84fb-5572da83bba4/phcpack_2.4.88_e448e94a/src/Ada/Math_Lib/Polynomials/pentdobl_complex_laur_systems_io.adb
Source file time stamp: 2026-07-16 01:03:09
Compiled at: 2026-07-16 01:06:34
 108 lines: No errors
   [Ada]          pentdobl_complex_laur_systems.ads

GNAT 10.3.0
Copyright 1992-2020, Free Software Foundation, Inc.

Compiling: /home/runner/work/alire-crates-ci/alire-crates-ci/test/5f655e40-67d4-410c-84fb-5572da83bba4/phcpack_2.4.88_e448e94a/src/Ada/Math_Lib/Polynomials/octodobl_complex_laurentials.ads
Source file time stamp: 2026-07-16 01:03:09
Compiled at: 2026-07-16 01:06:34
 9 lines: No errors
   [Ada]          tripdobl_complex_laur_systems_io.adb

GNAT 10.3.0
Copyright 1992-2020, Free Software Foundation, Inc.

Compiling: /home/runner/work/alire-crates-ci/alire-crates-ci/test/5f655e40-67d4-410c-84fb-5572da83bba4/phcpack_2.4.88_e448e94a/src/Ada/Math_Lib/Polynomials/pentdobl_complex_laur_systems.ads
Source file time stamp: 2026-07-16 01:03:09
Compiled at: 2026-07-16 01:06:34
 10 lines: No errors
   [Ada]          tripdobl_complex_laurentials.ads

GNAT 10.3.0
Copyright 1992-2020, Free Software Foundation, Inc.

Compiling: /home/runner/work/alire-crates-ci/alire-crates-ci/test/5f655e40-67d4-410c-84fb-5572da83bba4/phcpack_2.4.88_e448e94a/src/Ada/Math_Lib/Polynomials/tripdobl_complex_laur_systems_io.adb
Source file time stamp: 2026-07-16 01:03:09
Compiled at: 2026-07-16 01:06:35
 109 lines: No errors
   [Ada]          tripdobl_complex_laur_systems.ads

GNAT 10.3.0
Copyright 1992-2020, Free Software Foundation, Inc.

Compiling: /home/runner/work/alire-crates-ci/alire-crates-ci/test/5f655e40-67d4-410c-84fb-5572da83bba4/phcpack_2.4.88_e448e94a/src/Ada/Math_Lib/Polynomials/pentdobl_complex_laurentials.ads
Source file time stamp: 2026-07-16 01:03:09
Compiled at: 2026-07-16 01:06:34
 9 lines: No errors
   [Ada]          decadobl_complex_series_ring.ads

GNAT 10.3.0
Copyright 1992-2020, Free Software Foundation, Inc.

Compiling: /home/runner/work/alire-crates-ci/alire-crates-ci/test/5f655e40-67d4-410c-84fb-5572da83bba4/phcpack_2.4.88_e448e94a/src/Ada/Math_Lib/Series/decadobl_complex_series_ring.ads
Source file time stamp: 2026-07-16 01:03:09
Compiled at: 2026-07-16 01:06:35
 24 lines: No errors
   [Ada]          octodobl_complex_series_ring.ads

GNAT 10.3.0
Copyright 1992-2020, Free Software Foundation, Inc.

Compiling: /home/runner/work/alire-crates-ci/alire-crates-ci/test/5f655e40-67d4-410c-84fb-5572da83bba4/phcpack_2.4.88_e448e94a/src/Ada/Math_Lib/Series/octodobl_complex_series_ring.ads
Source file time stamp: 2026-07-16 01:03:09
Compiled at: 2026-07-16 01:06:35
 24 lines: No errors
   [Ada]          pentdobl_complex_series_ring.ads

GNAT 10.3.0
Copyright 1992-2020, Free Software Foundation, Inc.

Compiling: /home/runner/work/alire-crates-ci/alire-crates-ci/test/5f655e40-67d4-410c-84fb-5572da83bba4/phcpack_2.4.88_e448e94a/src/Ada/Math_Lib/Series/pentdobl_complex_series_ring.ads
Source file time stamp: 2026-07-16 01:03:09
Compiled at: 2026-07-16 01:06:35
 24 lines: No errors
   [Ada]          tripdobl_complex_series_ring.ads

GNAT 10.3.0
Copyright 1992-2020, Free Software Foundation, Inc.

Compiling: /home/runner/work/alire-crates-ci/alire-crates-ci/test/5f655e40-67d4-410c-84fb-5572da83bba4/phcpack_2.4.88_e448e94a/src/Ada/Math_Lib/Polynomials/tripdobl_complex_laur_systems.ads
Source file time stamp: 2026-07-16 01:03:09
Compiled at: 2026-07-16 01:06:35
 10 lines: No errors
   [Ada]          predictor_corrector_loops.adb

GNAT 10.3.0
Copyright 1992-2020, Free Software Foundation, Inc.

Compiling: /home/runner/work/alire-crates-ci/alire-crates-ci/test/5f655e40-67d4-410c-84fb-5572da83bba4/phcpack_2.4.88_e448e94a/src/Ada/Math_Lib/Series/tripdobl_complex_series_ring.ads
Source file time stamp: 2026-07-16 01:03:10
Compiled at: 2026-07-16 01:06:35
 24 lines: No errors
   [Ada]          shift_coefficient_convolutions.adb

GNAT 10.3.0
Copyright 1992-2020, Free Software Foundation, Inc.

Compiling: /home/runner/work/alire-crates-ci/alire-crates-ci/test/5f655e40-67d4-410c-84fb-5572da83bba4/phcpack_2.4.88_e448e94a/src/Ada/Math_Lib/Polynomials/tripdobl_complex_laurentials.ads
Source file time stamp: 2026-07-16 01:03:09
Compiled at: 2026-07-16 01:06:35
 9 lines: No errors
   [Ada]          shift_convolution_circuits.adb

GNAT 10.3.0
Copyright 1992-2020, Free Software Foundation, Inc.

Compiling: /home/runner/work/alire-crates-ci/alire-crates-ci/test/5f655e40-67d4-410c-84fb-5572da83bba4/phcpack_2.4.88_e448e94a/src/Ada/Math_Lib/Circuits/shift_coefficient_convolutions.adb
Source file time stamp: 2026-07-16 01:03:09
Compiled at: 2026-07-16 01:06:35
 489 lines: No errors
   [Ada]          hessian_convolution_circuits.adb

GNAT 10.3.0
Copyright 1992-2020, Free Software Foundation, Inc.

Compiling: /home/runner/work/alire-crates-ci/alire-crates-ci/test/5f655e40-67d4-410c-84fb-5572da83bba4/phcpack_2.4.88_e448e94a/src/Ada/Math_Lib/Circuits/tripdobl_speelpenning_convolutions.ads
Source file time stamp: 2026-07-16 01:03:09
Compiled at: 2026-07-16 01:06:33
 18 lines: No errors
   [Ada]          jacobian_convolution_circuits.adb

GNAT 10.3.0
Copyright 1992-2020, Free Software Foundation, Inc.

Compiling: /home/runner/work/alire-crates-ci/alire-crates-ci/test/5f655e40-67d4-410c-84fb-5572da83bba4/phcpack_2.4.88_e448e94a/src/Ada/Deformations/Curves/predictor_corrector_loops.adb
Source file time stamp: 2026-07-16 01:03:09
Compiled at: 2026-07-16 01:06:35
 577 lines: No errors
   [Ada]          three_way_minima.adb

GNAT 10.3.0
Copyright 1992-2020, Free Software Foundation, Inc.

Compiling: /home/runner/work/alire-crates-ci/alire-crates-ci/test/5f655e40-67d4-410c-84fb-5572da83bba4/phcpack_2.4.88_e448e94a/src/Ada/Math_Lib/Circuits/jacobian_convolution_circuits.adb
Source file time stamp: 2026-07-16 01:03:09
Compiled at: 2026-07-16 01:06:35
 110 lines: No errors
   [Ada]          system_convolution_circuits.adb

GNAT 10.3.0
Copyright 1992-2020, Free Software Foundation, Inc.

Compiling: /home/runner/work/alire-crates-ci/alire-crates-ci/test/5f655e40-67d4-410c-84fb-5572da83bba4/phcpack_2.4.88_e448e94a/src/Ada/Math_Lib/Circuits/shift_convolution_circuits.adb
Source file time stamp: 2026-07-16 01:03:09
Compiled at: 2026-07-16 01:06:35
 662 lines: No errors
   [Ada]          test_series_predictors.adb

GNAT 10.3.0
Copyright 1992-2020, Free Software Foundation, Inc.

Compiling: /home/runner/work/alire-crates-ci/alire-crates-ci/test/5f655e40-67d4-410c-84fb-5572da83bba4/phcpack_2.4.88_e448e94a/src/Ada/Deformations/Curves/three_way_minima.adb
Source file time stamp: 2026-07-16 01:03:09
Compiled at: 2026-07-16 01:06:35
 143 lines: No errors
   [Ada]          standard_inlined_singular_values.adb

GNAT 10.3.0
Copyright 1992-2020, Free Software Foundation, Inc.

Compiling: /home/runner/work/alire-crates-ci/alire-crates-ci/test/5f655e40-67d4-410c-84fb-5572da83bba4/phcpack_2.4.88_e448e94a/src/Ada/Math_Lib/Circuits/hessian_convolution_circuits.adb
Source file time stamp: 2026-07-16 01:03:09
Compiled at: 2026-07-16 01:06:35
 318 lines: No errors
   [Ada]          standard_matrix_splitters.adb

GNAT 10.3.0
Copyright 1992-2020, Free Software Foundation, Inc.

Compiling: /home/runner/work/alire-crates-ci/alire-crates-ci/test/5f655e40-67d4-410c-84fb-5572da83bba4/phcpack_2.4.88_e448e94a/src/Ada/Math_Lib/Matrices/standard_matrix_splitters.adb
Source file time stamp: 2026-07-16 01:03:09
Compiled at: 2026-07-16 01:06:36
 67 lines: No errors
   [Ada]          standard_newton_convolution_steps.adb

GNAT 10.3.0
Copyright 1992-2020, Free Software Foundation, Inc.

Compiling: /home/runner/work/alire-crates-ci/alire-crates-ci/test/5f655e40-67d4-410c-84fb-5572da83bba4/phcpack_2.4.88_e448e94a/src/Ada/Deformations/Curves/test_series_predictors.adb
Source file time stamp: 2026-07-16 01:03:09
Compiled at: 2026-07-16 01:06:36
 376 lines: No errors
   [Ada]          templates.adb

GNAT 10.3.0
Copyright 1992-2020, Free Software Foundation, Inc.

Compiling: /home/runner/work/alire-crates-ci/alire-crates-ci/test/5f655e40-67d4-410c-84fb-5572da83bba4/phcpack_2.4.88_e448e94a/src/Ada/Math_Lib/Reduction/standard_inlined_singular_values.adb
Source file time stamp: 2026-07-16 01:03:09
Compiled at: 2026-07-16 01:06:36
 475 lines: No errors
   [Ada]          decadobl_polynomial_convertors.adb

GNAT 10.3.0
Copyright 1992-2020, Free Software Foundation, Inc.

Compiling: /home/runner/work/alire-crates-ci/alire-crates-ci/test/5f655e40-67d4-410c-84fb-5572da83bba4/phcpack_2.4.88_e448e94a/src/Ada/Root_Counts/Symmetry/templates.adb
Source file time stamp: 2026-07-16 01:03:10
Compiled at: 2026-07-16 01:06:36
 268 lines: No errors
   [Ada]          generic_hessian_matrices.adb

GNAT 10.3.0
Copyright 1992-2020, Free Software Foundation, Inc.

Compiling: /home/runner/work/alire-crates-ci/alire-crates-ci/test/5f655e40-67d4-410c-84fb-5572da83bba4/phcpack_2.4.88_e448e94a/src/Ada/Deformations/Curves/standard_newton_convolution_steps.adb
Source file time stamp: 2026-07-16 01:03:09
Compiled at: 2026-07-16 01:06:36
 672 lines: No errors
   [Ada]          decadobl_complex_jaco_matrices.ads

GNAT 10.3.0
Copyright 1992-2020, Free Software Foundation, Inc.

Compiling: /home/runner/work/alire-crates-ci/alire-crates-ci/test/5f655e40-67d4-410c-84fb-5572da83bba4/phcpack_2.4.88_e448e94a/src/Ada/Math_Lib/Polynomials/generic_hessian_matrices.adb
Source file time stamp: 2026-07-16 01:03:09
Compiled at: 2026-07-16 01:06:36
 199 lines: No errors
   [Ada]          decadobl_complex_poly_sysfun.ads

GNAT 10.3.0
Copyright 1992-2020, Free Software Foundation, Inc.

Compiling: /home/runner/work/alire-crates-ci/alire-crates-ci/test/5f655e40-67d4-410c-84fb-5572da83bba4/phcpack_2.4.88_e448e94a/src/Ada/Math_Lib/Functions/decadobl_complex_poly_sysfun.ads
Source file time stamp: 2026-07-16 01:03:09
Compiled at: 2026-07-16 01:06:36
 19 lines: No errors
   [Ada]          decadobl_complex_matrices.ads

GNAT 10.3.0
Copyright 1992-2020, Free Software Foundation, Inc.

Compiling: /home/runner/work/alire-crates-ci/alire-crates-ci/test/5f655e40-67d4-410c-84fb-5572da83bba4/phcpack_2.4.88_e448e94a/src/Ada/Math_Lib/Polynomials/decadobl_polynomial_convertors.adb
Source file time stamp: 2026-07-16 01:03:09
Compiled at: 2026-07-16 01:06:36
 501 lines: No errors
   [Ada]          dobldobl_cseries_poly_functions.ads

GNAT 10.3.0
Copyright 1992-2020, Free Software Foundation, Inc.

Compiling: /home/runner/work/alire-crates-ci/alire-crates-ci/test/5f655e40-67d4-410c-84fb-5572da83bba4/phcpack_2.4.88_e448e94a/src/Ada/Math_Lib/Polynomials/decadobl_complex_jaco_matrices.ads
Source file time stamp: 2026-07-16 01:03:09
Compiled at: 2026-07-16 01:06:36
 23 lines: No errors
   [Ada]          hexadobl_polynomial_convertors.adb

GNAT 10.3.0
Copyright 1992-2020, Free Software Foundation, Inc.

Compiling: /home/runner/work/alire-crates-ci/alire-crates-ci/test/5f655e40-67d4-410c-84fb-5572da83bba4/phcpack_2.4.88_e448e94a/src/Ada/Math_Lib/Matrices/decadobl_complex_matrices.ads
Source file time stamp: 2026-07-16 01:03:09
Compiled at: 2026-07-16 01:06:37
 9 lines: No errors
   [Ada]          decadobl_complex_poly_functions.ads

GNAT 10.3.0
Copyright 1992-2020, Free Software Foundation, Inc.

Compiling: /home/runner/work/alire-crates-ci/alire-crates-ci/test/5f655e40-67d4-410c-84fb-5572da83bba4/phcpack_2.4.88_e448e94a/src/Ada/Math_Lib/Series/dobldobl_cseries_poly_functions.ads
Source file time stamp: 2026-07-16 01:03:09
Compiled at: 2026-07-16 01:06:37
 13 lines: No errors
   [Ada]          hexadobl_complex_jaco_matrices.ads

GNAT 10.3.0
Copyright 1992-2020, Free Software Foundation, Inc.

Compiling: /home/runner/work/alire-crates-ci/alire-crates-ci/test/5f655e40-67d4-410c-84fb-5572da83bba4/phcpack_2.4.88_e448e94a/src/Ada/Math_Lib/Polynomials/hexadobl_polynomial_convertors.adb
Source file time stamp: 2026-07-16 01:03:09
Compiled at: 2026-07-16 01:06:37
 501 lines: No errors
   [Ada]          hexadobl_complex_poly_sysfun.ads

GNAT 10.3.0
Copyright 1992-2020, Free Software Foundation, Inc.

Compiling: /home/runner/work/alire-crates-ci/alire-crates-ci/test/5f655e40-67d4-410c-84fb-5572da83bba4/phcpack_2.4.88_e448e94a/src/Ada/Math_Lib/Functions/hexadobl_complex_poly_sysfun.ads
Source file time stamp: 2026-07-16 01:03:09
Compiled at: 2026-07-16 01:06:37
 19 lines: No errors
   [Ada]          hexadobl_complex_matrices.ads

GNAT 10.3.0
Copyright 1992-2020, Free Software Foundation, Inc.

Compiling: /home/runner/work/alire-crates-ci/alire-crates-ci/test/5f655e40-67d4-410c-84fb-5572da83bba4/phcpack_2.4.88_e448e94a/src/Ada/Math_Lib/Functions/decadobl_complex_poly_functions.ads
Source file time stamp: 2026-07-16 01:03:09
Compiled at: 2026-07-16 01:06:37
 12 lines: No errors
   [Ada]          hexadobl_complex_laur_systems_io.adb

GNAT 10.3.0
Copyright 1992-2020, Free Software Foundation, Inc.

Compiling: /home/runner/work/alire-crates-ci/alire-crates-ci/test/5f655e40-67d4-410c-84fb-5572da83bba4/phcpack_2.4.88_e448e94a/src/Ada/Math_Lib/Polynomials/hexadobl_complex_jaco_matrices.ads
Source file time stamp: 2026-07-16 01:03:09
Compiled at: 2026-07-16 01:06:37
 23 lines: No errors
   [Ada]          hexadobl_complex_laurentials.ads

GNAT 10.3.0
Copyright 1992-2020, Free Software Foundation, Inc.

Compiling: /home/runner/work/alire-crates-ci/alire-crates-ci/test/5f655e40-67d4-410c-84fb-5572da83bba4/phcpack_2.4.88_e448e94a/src/Ada/Math_Lib/Polynomials/hexadobl_complex_laur_systems_io.adb
Source file time stamp: 2026-07-16 01:03:09
Compiled at: 2026-07-16 01:06:38
 109 lines: No errors
   [Ada]          hexadobl_complex_solutions_io.adb

GNAT 10.3.0
Copyright 1992-2020, Free Software Foundation, Inc.

Compiling: /home/runner/work/alire-crates-ci/alire-crates-ci/test/5f655e40-67d4-410c-84fb-5572da83bba4/phcpack_2.4.88_e448e94a/src/Ada/Math_Lib/Matrices/hexadobl_complex_matrices.ads
Source file time stamp: 2026-07-16 01:03:09
Compiled at: 2026-07-16 01:06:37
 9 lines: No errors
   [Ada]          hexadobl_complex_laur_systems.ads

GNAT 10.3.0
Copyright 1992-2020, Free Software Foundation, Inc.

Compiling: /home/runner/work/alire-crates-ci/alire-crates-ci/test/5f655e40-67d4-410c-84fb-5572da83bba4/phcpack_2.4.88_e448e94a/src/Ada/Deformations/Solutions/hexadobl_complex_solutions_io.adb
Source file time stamp: 2026-07-16 01:03:09
Compiled at: 2026-07-16 01:06:38
 608 lines: No errors
   [Ada]          octodobl_polynomial_convertors.adb

GNAT 10.3.0
Copyright 1992-2020, Free Software Foundation, Inc.

Compiling: /home/runner/work/alire-crates-ci/alire-crates-ci/test/5f655e40-67d4-410c-84fb-5572da83bba4/phcpack_2.4.88_e448e94a/src/Ada/Math_Lib/Polynomials/hexadobl_complex_laur_systems.ads
Source file time stamp: 2026-07-16 01:03:09
Compiled at: 2026-07-16 01:06:38
 10 lines: No errors
   [Ada]          hexadobl_complex_poly_functions.ads

GNAT 10.3.0
Copyright 1992-2020, Free Software Foundation, Inc.

Compiling: /home/runner/work/alire-crates-ci/alire-crates-ci/test/5f655e40-67d4-410c-84fb-5572da83bba4/phcpack_2.4.88_e448e94a/src/Ada/Math_Lib/Polynomials/hexadobl_complex_laurentials.ads
Source file time stamp: 2026-07-16 01:03:09
Compiled at: 2026-07-16 01:06:38
 9 lines: No errors
   [Ada]          octodobl_complex_jaco_matrices.ads

GNAT 10.3.0
Copyright 1992-2020, Free Software Foundation, Inc.

Compiling: /home/runner/work/alire-crates-ci/alire-crates-ci/test/5f655e40-67d4-410c-84fb-5572da83bba4/phcpack_2.4.88_e448e94a/src/Ada/Math_Lib/Polynomials/octodobl_complex_jaco_matrices.ads
Source file time stamp: 2026-07-16 01:03:09
Compiled at: 2026-07-16 01:06:38
 23 lines: No errors
   [Ada]          octodobl_complex_poly_sysfun.ads

GNAT 10.3.0
Copyright 1992-2020, Free Software Foundation, Inc.

Compiling: /home/runner/work/alire-crates-ci/alire-crates-ci/test/5f655e40-67d4-410c-84fb-5572da83bba4/phcpack_2.4.88_e448e94a/src/Ada/Math_Lib/Polynomials/octodobl_polynomial_convertors.adb
Source file time stamp: 2026-07-16 01:03:09
Compiled at: 2026-07-16 01:06:38
 501 lines: No errors
   [Ada]          octodobl_complex_matrices.ads

GNAT 10.3.0
Copyright 1992-2020, Free Software Foundation, Inc.

Compiling: /home/runner/work/alire-crates-ci/alire-crates-ci/test/5f655e40-67d4-410c-84fb-5572da83bba4/phcpack_2.4.88_e448e94a/src/Ada/Math_Lib/Functions/hexadobl_complex_poly_functions.ads
Source file time stamp: 2026-07-16 01:03:09
Compiled at: 2026-07-16 01:06:38
 12 lines: No errors
   [Ada]          artificial_parameter_homotopy_io.adb

GNAT 10.3.0
Copyright 1992-2020, Free Software Foundation, Inc.

Compiling: /home/runner/work/alire-crates-ci/alire-crates-ci/test/5f655e40-67d4-410c-84fb-5572da83bba4/phcpack_2.4.88_e448e94a/src/Ada/Math_Lib/Functions/octodobl_complex_poly_sysfun.ads
Source file time stamp: 2026-07-16 01:03:09
Compiled at: 2026-07-16 01:06:39
 19 lines: No errors
   [Ada]          decadobl_parameter_systems.adb

GNAT 10.3.0
Copyright 1992-2020, Free Software Foundation, Inc.

Compiling: /home/runner/work/alire-crates-ci/alire-crates-ci/test/5f655e40-67d4-410c-84fb-5572da83bba4/phcpack_2.4.88_e448e94a/src/Ada/Deformations/Homotopy/artificial_parameter_homotopy_io.adb
Source file time stamp: 2026-07-16 01:03:09
Compiled at: 2026-07-16 01:06:39
 109 lines: No errors
   [Ada]          hexadobl_parameter_systems.adb

GNAT 10.3.0
Copyright 1992-2020, Free Software Foundation, Inc.

Compiling: /home/runner/work/alire-crates-ci/alire-crates-ci/test/5f655e40-67d4-410c-84fb-5572da83bba4/phcpack_2.4.88_e448e94a/src/Ada/Math_Lib/Matrices/octodobl_complex_matrices.ads
Source file time stamp: 2026-07-16 01:03:09
Compiled at: 2026-07-16 01:06:39
 9 lines: No errors
   [Ada]          jacobian_rabinowitsch_trick.adb

GNAT 10.3.0
Copyright 1992-2020, Free Software Foundation, Inc.

Compiling: /home/runner/work/alire-crates-ci/alire-crates-ci/test/5f655e40-67d4-410c-84fb-5572da83bba4/phcpack_2.4.88_e448e94a/src/Ada/Deformations/Sweep/decadobl_parameter_systems.adb
Source file time stamp: 2026-07-16 01:03:09
Compiled at: 2026-07-16 01:06:39
 169 lines: No errors
   [Ada]          octodobl_parameter_systems.adb

GNAT 10.3.0
Copyright 1992-2020, Free Software Foundation, Inc.

Compiling: /home/runner/work/alire-crates-ci/alire-crates-ci/test/5f655e40-67d4-410c-84fb-5572da83bba4/phcpack_2.4.88_e448e94a/src/Ada/Deformations/Sweep/hexadobl_parameter_systems.adb
Source file time stamp: 2026-07-16 01:03:09
Compiled at: 2026-07-16 01:06:39
 169 lines: No errors
   [Ada]          pentdobl_parameter_systems.adb

GNAT 10.3.0
Copyright 1992-2020, Free Software Foundation, Inc.

Compiling: /home/runner/work/alire-crates-ci/alire-crates-ci/test/5f655e40-67d4-410c-84fb-5572da83bba4/phcpack_2.4.88_e448e94a/src/Ada/Deformations/Sweep/pentdobl_parameter_systems.adb
Source file time stamp: 2026-07-16 01:03:09
Compiled at: 2026-07-16 01:06:39
 169 lines: No errors
   [Ada]          tripdobl_parameter_systems.adb

GNAT 10.3.0
Copyright 1992-2020, Free Software Foundation, Inc.

Compiling: /home/runner/work/alire-crates-ci/alire-crates-ci/test/5f655e40-67d4-410c-84fb-5572da83bba4/phcpack_2.4.88_e448e94a/src/Ada/Deformations/Sweep/octodobl_parameter_systems.adb
Source file time stamp: 2026-07-16 01:03:09
Compiled at: 2026-07-16 01:06:39
 169 lines: No errors
   [Ada]          pentdobl_polynomial_convertors.adb

GNAT 10.3.0
Copyright 1992-2020, Free Software Foundation, Inc.

Compiling: /home/runner/work/alire-crates-ci/alire-crates-ci/test/5f655e40-67d4-410c-84fb-5572da83bba4/phcpack_2.4.88_e448e94a/src/Ada/Deformations/Curves/jacobian_rabinowitsch_trick.adb
Source file time stamp: 2026-07-16 01:03:09
Compiled at: 2026-07-16 01:06:39
 331 lines: No errors
   [Ada]          pentdobl_complex_jaco_matrices.ads

GNAT 10.3.0
Copyright 1992-2020, Free Software Foundation, Inc.

Compiling: /home/runner/work/alire-crates-ci/alire-crates-ci/test/5f655e40-67d4-410c-84fb-5572da83bba4/phcpack_2.4.88_e448e94a/src/Ada/Deformations/Sweep/tripdobl_parameter_systems.adb
Source file time stamp: 2026-07-16 01:03:09
Compiled at: 2026-07-16 01:06:39
 170 lines: No errors
   [Ada]          pentdobl_complex_poly_sysfun.ads

GNAT 10.3.0
Copyright 1992-2020, Free Software Foundation, Inc.

Compiling: /home/runner/work/alire-crates-ci/alire-crates-ci/test/5f655e40-67d4-410c-84fb-5572da83bba4/phcpack_2.4.88_e448e94a/src/Ada/Math_Lib/Functions/pentdobl_complex_poly_sysfun.ads
Source file time stamp: 2026-07-16 01:03:09
Compiled at: 2026-07-16 01:06:39
 19 lines: No errors
   [Ada]          pentdobl_complex_matrices.ads

GNAT 10.3.0
Copyright 1992-2020, Free Software Foundation, Inc.

Compiling: /home/runner/work/alire-crates-ci/alire-crates-ci/test/5f655e40-67d4-410c-84fb-5572da83bba4/phcpack_2.4.88_e448e94a/src/Ada/Math_Lib/Polynomials/pentdobl_polynomial_convertors.adb
Source file time stamp: 2026-07-16 01:03:09
Compiled at: 2026-07-16 01:06:39
 501 lines: No errors
   [Ada]          quaddobl_cseries_poly_functions.ads

GNAT 10.3.0
Copyright 1992-2020, Free Software Foundation, Inc.

Compiling: /home/runner/work/alire-crates-ci/alire-crates-ci/test/5f655e40-67d4-410c-84fb-5572da83bba4/phcpack_2.4.88_e448e94a/src/Ada/Math_Lib/Polynomials/pentdobl_complex_jaco_matrices.ads
Source file time stamp: 2026-07-16 01:03:09
Compiled at: 2026-07-16 01:06:39
 23 lines: No errors
   [Ada]          octodobl_complex_poly_functions.ads

GNAT 10.3.0
Copyright 1992-2020, Free Software Foundation, Inc.

Compiling: /home/runner/work/alire-crates-ci/alire-crates-ci/test/5f655e40-67d4-410c-84fb-5572da83bba4/phcpack_2.4.88_e448e94a/src/Ada/Math_Lib/Matrices/pentdobl_complex_matrices.ads
Source file time stamp: 2026-07-16 01:03:09
Compiled at: 2026-07-16 01:06:40
 9 lines: No errors
   [Ada]          pentdobl_complex_poly_functions.ads

GNAT 10.3.0
Copyright 1992-2020, Free Software Foundation, Inc.

Compiling: /home/runner/work/alire-crates-ci/alire-crates-ci/test/5f655e40-67d4-410c-84fb-5572da83bba4/phcpack_2.4.88_e448e94a/src/Ada/Math_Lib/Series/quaddobl_cseries_poly_functions.ads
Source file time stamp: 2026-07-16 01:03:09
Compiled at: 2026-07-16 01:06:40
 13 lines: No errors
   [Ada]          double_double_two_norms.adb

GNAT 10.3.0
Copyright 1992-2020, Free Software Foundation, Inc.

Compiling: /home/runner/work/alire-crates-ci/alire-crates-ci/test/5f655e40-67d4-410c-84fb-5572da83bba4/phcpack_2.4.88_e448e94a/src/Ada/Math_Lib/Reduction/double_double_two_norms.adb
Source file time stamp: 2026-07-16 01:03:09
Compiled at: 2026-07-16 01:06:40
 34 lines: No errors
   [Ada]          quad_double_two_norms.adb

GNAT 10.3.0
Copyright 1992-2020, Free Software Foundation, Inc.

Compiling: /home/runner/work/alire-crates-ci/alire-crates-ci/test/5f655e40-67d4-410c-84fb-5572da83bba4/phcpack_2.4.88_e448e94a/src/Ada/Math_Lib/Functions/octodobl_complex_poly_functions.ads
Source file time stamp: 2026-07-16 01:03:09
Compiled at: 2026-07-16 01:06:40
 12 lines: No errors
   [Ada]          standard_floating_two_norms.adb

GNAT 10.3.0
Copyright 1992-2020, Free Software Foundation, Inc.

Compiling: /home/runner/work/alire-crates-ci/alire-crates-ci/test/5f655e40-67d4-410c-84fb-5572da83bba4/phcpack_2.4.88_e448e94a/src/Ada/Math_Lib/Reduction/quad_double_two_norms.adb
Source file time stamp: 2026-07-16 01:03:09
Compiled at: 2026-07-16 01:06:40
 34 lines: No errors
   [Ada]          standard_cseries_poly_functions.ads

GNAT 10.3.0
Copyright 1992-2020, Free Software Foundation, Inc.

Compiling: /home/runner/work/alire-crates-ci/alire-crates-ci/test/5f655e40-67d4-410c-84fb-5572da83bba4/phcpack_2.4.88_e448e94a/src/Ada/Math_Lib/Reduction/standard_floating_two_norms.adb
Source file time stamp: 2026-07-16 01:03:09
Compiled at: 2026-07-16 01:06:40
 34 lines: No errors
   [Ada]          tripdobl_polynomial_convertors.adb

GNAT 10.3.0
Copyright 1992-2020, Free Software Foundation, Inc.

Compiling: /home/runner/work/alire-crates-ci/alire-crates-ci/test/5f655e40-67d4-410c-84fb-5572da83bba4/phcpack_2.4.88_e448e94a/src/Ada/Math_Lib/Circuits/system_convolution_circuits.adb
Source file time stamp: 2026-07-16 01:03:10
Compiled at: 2026-07-16 01:06:36
 3148 lines: No errors
   [Ada]          interpolating_homotopies.adb

GNAT 10.3.0
Copyright 1992-2020, Free Software Foundation, Inc.

Compiling: /home/runner/work/alire-crates-ci/alire-crates-ci/test/5f655e40-67d4-410c-84fb-5572da83bba4/phcpack_2.4.88_e448e94a/src/Ada/Math_Lib/Functions/pentdobl_complex_poly_functions.ads
Source file time stamp: 2026-07-16 01:03:09
Compiled at: 2026-07-16 01:06:40
 12 lines: No errors
   [Ada]          tripdobl_complex_jaco_matrices.ads

GNAT 10.3.0
Copyright 1992-2020, Free Software Foundation, Inc.

Compiling: /home/runner/work/alire-crates-ci/alire-crates-ci/test/5f655e40-67d4-410c-84fb-5572da83bba4/phcpack_2.4.88_e448e94a/src/Ada/Root_Counts/Product/interpolating_homotopies.adb
Source file time stamp: 2026-07-16 01:03:10
Compiled at: 2026-07-16 01:06:40
 467 lines: No errors
   [Ada]          tripdobl_complex_poly_sysfun.ads

GNAT 10.3.0
Copyright 1992-2020, Free Software Foundation, Inc.

Compiling: /home/runner/work/alire-crates-ci/alire-crates-ci/test/5f655e40-67d4-410c-84fb-5572da83bba4/phcpack_2.4.88_e448e94a/src/Ada/Math_Lib/Series/standard_cseries_poly_functions.ads
Source file time stamp: 2026-07-16 01:03:09
Compiled at: 2026-07-16 01:06:40
 13 lines: No errors
   [Ada]          tripdobl_complex_matrices.ads

GNAT 10.3.0
Copyright 1992-2020, Free Software Foundation, Inc.

Compiling: /home/runner/work/alire-crates-ci/alire-crates-ci/test/5f655e40-67d4-410c-84fb-5572da83bba4/phcpack_2.4.88_e448e94a/src/Ada/Math_Lib/Polynomials/tripdobl_polynomial_convertors.adb
Source file time stamp: 2026-07-16 01:03:09
Compiled at: 2026-07-16 01:06:40
 501 lines: No errors
   [Ada]          permutations_of_faces.adb

GNAT 10.3.0
Copyright 1992-2020, Free Software Foundation, Inc.

Compiling: /home/runner/work/alire-crates-ci/alire-crates-ci/test/5f655e40-67d4-410c-84fb-5572da83bba4/phcpack_2.4.88_e448e94a/src/Ada/Math_Lib/Polynomials/tripdobl_complex_jaco_matrices.ads
Source file time stamp: 2026-07-16 01:03:09
Compiled at: 2026-07-16 01:06:41
 23 lines: No errors
   [Ada]          symmetric_bkk_bound_solvers.adb

GNAT 10.3.0
Copyright 1992-2020, Free Software Foundation, Inc.

Compiling: /home/runner/work/alire-crates-ci/alire-crates-ci/test/5f655e40-67d4-410c-84fb-5572da83bba4/phcpack_2.4.88_e448e94a/src/Ada/Math_Lib/Functions/tripdobl_complex_poly_sysfun.ads
Source file time stamp: 2026-07-16 01:03:09
Compiled at: 2026-07-16 01:06:41
 19 lines: No errors
   [Ada]          tripdobl_complex_poly_functions.ads

GNAT 10.3.0
Copyright 1992-2020, Free Software Foundation, Inc.

Compiling: /home/runner/work/alire-crates-ci/alire-crates-ci/test/5f655e40-67d4-410c-84fb-5572da83bba4/phcpack_2.4.88_e448e94a/src/Ada/Root_Counts/Symmetry/permutations_of_faces.adb
Source file time stamp: 2026-07-16 01:03:10
Compiled at: 2026-07-16 01:06:41
 119 lines: No errors
   [Ada]          minkowski_polynomials.adb

GNAT 10.3.0
Copyright 1992-2020, Free Software Foundation, Inc.

Compiling: /home/runner/work/alire-crates-ci/alire-crates-ci/test/5f655e40-67d4-410c-84fb-5572da83bba4/phcpack_2.4.88_e448e94a/src/Ada/Math_Lib/Matrices/tripdobl_complex_matrices.ads
Source file time stamp: 2026-07-16 01:03:09
Compiled at: 2026-07-16 01:06:41
 9 lines: No errors
   [Ada]          standard_integer32_simplices_io.adb

GNAT 10.3.0
Copyright 1992-2020, Free Software Foundation, Inc.

Compiling: /home/runner/work/alire-crates-ci/alire-crates-ci/test/5f655e40-67d4-410c-84fb-5572da83bba4/phcpack_2.4.88_e448e94a/src/Ada/Root_Counts/Symmetry/symmetric_bkk_bound_solvers.adb
Source file time stamp: 2026-07-16 01:03:10
Compiled at: 2026-07-16 01:06:41
 157 lines: No errors
   [Ada]          common_faces_of_polytope.adb

GNAT 10.3.0
Copyright 1992-2020, Free Software Foundation, Inc.

Compiling: /home/runner/work/alire-crates-ci/alire-crates-ci/test/5f655e40-67d4-410c-84fb-5572da83bba4/phcpack_2.4.88_e448e94a/src/Ada/Root_Counts/Dynlift/minkowski_polynomials.adb
Source file time stamp: 2026-07-16 01:03:10
Compiled at: 2026-07-16 01:06:41
 102 lines: No errors
   [Ada]          contributions_to_mixed_volume.adb

GNAT 10.3.0
Copyright 1992-2020, Free Software Foundation, Inc.

Compiling: /home/runner/work/alire-crates-ci/alire-crates-ci/test/5f655e40-67d4-410c-84fb-5572da83bba4/phcpack_2.4.88_e448e94a/src/Ada/Root_Counts/Dynlift/common_faces_of_polytope.adb
Source file time stamp: 2026-07-16 01:03:10
Compiled at: 2026-07-16 01:06:41
 74 lines: No errors
   [Ada]          enumerate_faces_of_polytope.adb

GNAT 10.3.0
Copyright 1992-2020, Free Software Foundation, Inc.

Compiling: /home/runner/work/alire-crates-ci/alire-crates-ci/test/5f655e40-67d4-410c-84fb-5572da83bba4/phcpack_2.4.88_e448e94a/src/Ada/Root_Counts/Dynlift/standard_integer32_simplices_io.adb
Source file time stamp: 2026-07-16 01:03:10
Compiled at: 2026-07-16 01:06:41
 70 lines: No errors
   [Ada]          initial_mixed_cell.adb

GNAT 10.3.0
Copyright 1992-2020, Free Software Foundation, Inc.

Compiling: /home/runner/work/alire-crates-ci/alire-crates-ci/test/5f655e40-67d4-410c-84fb-5572da83bba4/phcpack_2.4.88_e448e94a/src/Ada/Root_Counts/Dynlift/enumerate_faces_of_polytope.adb
Source file time stamp: 2026-07-16 01:03:10
Compiled at: 2026-07-16 01:06:41
 218 lines: No errors
   [Ada]          dobldobl_rescaling_coordinates.adb

GNAT 10.3.0
Copyright 1992-2020, Free Software Foundation, Inc.

Compiling: /home/runner/work/alire-crates-ci/alire-crates-ci/test/5f655e40-67d4-410c-84fb-5572da83bba4/phcpack_2.4.88_e448e94a/src/Ada/Math_Lib/Functions/tripdobl_complex_poly_functions.ads
Source file time stamp: 2026-07-16 01:03:09
Compiled at: 2026-07-16 01:06:41
 12 lines: No errors
   [Ada]          double_double_eigenvalues.adb

GNAT 10.3.0
Copyright 1992-2020, Free Software Foundation, Inc.

Compiling: /home/runner/work/alire-crates-ci/alire-crates-ci/test/5f655e40-67d4-410c-84fb-5572da83bba4/phcpack_2.4.88_e448e94a/src/Ada/Root_Counts/Stalift/contributions_to_mixed_volume.adb
Source file time stamp: 2026-07-16 01:03:10
Compiled at: 2026-07-16 01:06:41
 308 lines: No errors
   [Ada]          quad_double_eigenvalues.adb

GNAT 10.3.0
Copyright 1992-2020, Free Software Foundation, Inc.

Compiling: /home/runner/work/alire-crates-ci/alire-crates-ci/test/5f655e40-67d4-410c-84fb-5572da83bba4/phcpack_2.4.88_e448e94a/src/Ada/Components/Samplers/dobldobl_rescaling_coordinates.adb
Source file time stamp: 2026-07-16 01:03:09
Compiled at: 2026-07-16 01:06:42
 90 lines: No errors
   [Ada]          quaddobl_rescaling_coordinates.adb

GNAT 10.3.0
Copyright 1992-2020, Free Software Foundation, Inc.

Compiling: /home/runner/work/alire-crates-ci/alire-crates-ci/test/5f655e40-67d4-410c-84fb-5572da83bba4/phcpack_2.4.88_e448e94a/src/Ada/Components/Samplers/quaddobl_rescaling_coordinates.adb
Source file time stamp: 2026-07-16 01:03:09
Compiled at: 2026-07-16 01:06:42
 89 lines: No errors
   [Ada]          standard_rescaling_coordinates.adb

GNAT 10.3.0
Copyright 1992-2020, Free Software Foundation, Inc.

Compiling: /home/runner/work/alire-crates-ci/alire-crates-ci/test/5f655e40-67d4-410c-84fb-5572da83bba4/phcpack_2.4.88_e448e94a/src/Ada/Root_Counts/Dynlift/initial_mixed_cell.adb
Source file time stamp: 2026-07-16 01:03:10
Compiled at: 2026-07-16 01:06:42
 610 lines: No errors
   [Ada]          dobldobl_complex_row_reduction.adb

GNAT 10.3.0
Copyright 1992-2020, Free Software Foundation, Inc.

Compiling: /home/runner/work/alire-crates-ci/alire-crates-ci/test/5f655e40-67d4-410c-84fb-5572da83bba4/phcpack_2.4.88_e448e94a/src/Ada/Components/Samplers/standard_rescaling_coordinates.adb
Source file time stamp: 2026-07-16 01:03:09
Compiled at: 2026-07-16 01:06:42
 89 lines: No errors
   [Ada]          polyhedral_coefficient_correctors.adb

GNAT 10.3.0
Copyright 1992-2020, Free Software Foundation, Inc.

Compiling: /home/runner/work/alire-crates-ci/alire-crates-ci/test/5f655e40-67d4-410c-84fb-5572da83bba4/phcpack_2.4.88_e448e94a/src/Ada/Math_Lib/Reduction/dobldobl_complex_row_reduction.adb
Source file time stamp: 2026-07-16 01:03:09
Compiled at: 2026-07-16 01:06:42
 151 lines: No errors
   [Ada]          polyhedral_coefficient_predictors.adb

GNAT 10.3.0
Copyright 1992-2020, Free Software Foundation, Inc.

Compiling: /home/runner/work/alire-crates-ci/alire-crates-ci/test/5f655e40-67d4-410c-84fb-5572da83bba4/phcpack_2.4.88_e448e94a/src/Ada/Root_Counts/Stalift/polyhedral_coefficient_predictors.adb
Source file time stamp: 2026-07-16 01:03:10
Compiled at: 2026-07-16 01:06:42
 76 lines: No errors
   [Ada]          dobldobl_tracked_solutions_io.adb

GNAT 10.3.0
Copyright 1992-2020, Free Software Foundation, Inc.

Compiling: /home/runner/work/alire-crates-ci/alire-crates-ci/test/5f655e40-67d4-410c-84fb-5572da83bba4/phcpack_2.4.88_e448e94a/src/Ada/Deformations/Solutions/dobldobl_tracked_solutions_io.adb
Source file time stamp: 2026-07-16 01:03:09
Compiled at: 2026-07-16 01:06:42
 99 lines: No errors
   [Ada]          quaddobl_tracked_solutions_io.adb

GNAT 10.3.0
Copyright 1992-2020, Free Software Foundation, Inc.

Compiling: /home/runner/work/alire-crates-ci/alire-crates-ci/test/5f655e40-67d4-410c-84fb-5572da83bba4/phcpack_2.4.88_e448e94a/src/Ada/Root_Counts/Stalift/polyhedral_coefficient_correctors.adb
Source file time stamp: 2026-07-16 01:03:10
Compiled at: 2026-07-16 01:06:42
 179 lines: No errors
   [Ada]          standard_tracked_solutions_io.adb

GNAT 10.3.0
Copyright 1992-2020, Free Software Foundation, Inc.

Compiling: /home/runner/work/alire-crates-ci/alire-crates-ci/test/5f655e40-67d4-410c-84fb-5572da83bba4/phcpack_2.4.88_e448e94a/src/Ada/Deformations/Solutions/standard_tracked_solutions_io.adb
Source file time stamp: 2026-07-16 01:03:09
Compiled at: 2026-07-16 01:06:42
 99 lines: No errors
   [Ada]          quaddobl_complex_row_reduction.adb

GNAT 10.3.0
Copyright 1992-2020, Free Software Foundation, Inc.

Compiling: /home/runner/work/alire-crates-ci/alire-crates-ci/test/5f655e40-67d4-410c-84fb-5572da83bba4/phcpack_2.4.88_e448e94a/src/Ada/Deformations/Solutions/quaddobl_tracked_solutions_io.adb
Source file time stamp: 2026-07-16 01:03:09
Compiled at: 2026-07-16 01:06:42
 99 lines: No errors
   [Ada]          multprec_deflation_trees.adb

GNAT 10.3.0
Copyright 1992-2020, Free Software Foundation, Inc.

Compiling: /home/runner/work/alire-crates-ci/alire-crates-ci/test/5f655e40-67d4-410c-84fb-5572da83bba4/phcpack_2.4.88_e448e94a/src/Ada/Math_Lib/Reduction/quaddobl_complex_row_reduction.adb
Source file time stamp: 2026-07-16 01:03:09
Compiled at: 2026-07-16 01:06:42
 151 lines: No errors
   [Ada]          multprec_complex_qr_least_squares.adb

GNAT 10.3.0
Copyright 1992-2020, Free Software Foundation, Inc.

Compiling: /home/runner/work/alire-crates-ci/alire-crates-ci/test/5f655e40-67d4-410c-84fb-5572da83bba4/phcpack_2.4.88_e448e94a/src/Ada/Deformations/Newton/multprec_deflation_trees.adb
Source file time stamp: 2026-07-16 01:03:09
Compiled at: 2026-07-16 01:06:42
 71 lines: No errors
   [Ada]          multprec_embed_polynomials.adb

GNAT 10.3.0
Copyright 1992-2020, Free Software Foundation, Inc.

Compiling: /home/runner/work/alire-crates-ci/alire-crates-ci/test/5f655e40-67d4-410c-84fb-5572da83bba4/phcpack_2.4.88_e448e94a/src/Ada/Math_Lib/Reduction/quad_double_eigenvalues.adb
Source file time stamp: 2026-07-16 01:03:09
Compiled at: 2026-07-16 01:06:42
 959 lines: No errors
   [Ada]          multprec_floating_qr_least_squares.adb

GNAT 10.3.0
Copyright 1992-2020, Free Software Foundation, Inc.

Compiling: /home/runner/work/alire-crates-ci/alire-crates-ci/test/5f655e40-67d4-410c-84fb-5572da83bba4/phcpack_2.4.88_e448e94a/src/Ada/Deformations/Homotopy/multprec_embed_polynomials.adb
Source file time stamp: 2026-07-16 01:03:09
Compiled at: 2026-07-16 01:06:43
 57 lines: No errors
   [Ada]          multprec_integer64_matrices.ads

GNAT 10.3.0
Copyright 1992-2020, Free Software Foundation, Inc.

Compiling: /home/runner/work/alire-crates-ci/alire-crates-ci/test/5f655e40-67d4-410c-84fb-5572da83bba4/phcpack_2.4.88_e448e94a/src/Ada/Math_Lib/Reduction/double_double_eigenvalues.adb
Source file time stamp: 2026-07-16 01:03:09
Compiled at: 2026-07-16 01:06:42
 959 lines: No errors
   [Ada]          multprec_complex_vecmats.ads

GNAT 10.3.0
Copyright 1992-2020, Free Software Foundation, Inc.

Compiling: /home/runner/work/alire-crates-ci/alire-crates-ci/test/5f655e40-67d4-410c-84fb-5572da83bba4/phcpack_2.4.88_e448e94a/src/Ada/Math_Lib/Matrices/multprec_complex_vecmats.ads
Source file time stamp: 2026-07-16 01:03:09
Compiled at: 2026-07-16 01:06:43
 12 lines: No errors
   [Ada]          multprec_evaluate_deflation.adb

GNAT 10.3.0
Copyright 1992-2020, Free Software Foundation, Inc.

Compiling: /home/runner/work/alire-crates-ci/alire-crates-ci/test/5f655e40-67d4-410c-84fb-5572da83bba4/phcpack_2.4.88_e448e94a/src/Ada/Math_Lib/Reduction/multprec_complex_qr_least_squares.adb
Source file time stamp: 2026-07-16 01:03:09
Compiled at: 2026-07-16 01:06:43
 522 lines: No errors
   [Ada]          multprec_jacobian_trees.adb

GNAT 10.3.0
Copyright 1992-2020, Free Software Foundation, Inc.

Compiling: /home/runner/work/alire-crates-ci/alire-crates-ci/test/5f655e40-67d4-410c-84fb-5572da83bba4/phcpack_2.4.88_e448e94a/src/Ada/Math_Lib/Reduction/multprec_floating_qr_least_squares.adb
Source file time stamp: 2026-07-16 01:03:09
Compiled at: 2026-07-16 01:06:43
 472 lines: No errors
   [Ada]          dobldobl_complex_poly_ring_io.ads

GNAT 10.3.0
Copyright 1992-2020, Free Software Foundation, Inc.

Compiling: /home/runner/work/alire-crates-ci/alire-crates-ci/test/5f655e40-67d4-410c-84fb-5572da83bba4/phcpack_2.4.88_e448e94a/src/Ada/Math_Lib/Polynomials/dobldobl_complex_poly_ring_io.ads
Source file time stamp: 2026-07-16 01:03:09
Compiled at: 2026-07-16 01:06:43
 13 lines: No errors
   [Ada]          dobldobl_complex_poly_vectors.ads

GNAT 10.3.0
Copyright 1992-2020, Free Software Foundation, Inc.

Compiling: /home/runner/work/alire-crates-ci/alire-crates-ci/test/5f655e40-67d4-410c-84fb-5572da83bba4/phcpack_2.4.88_e448e94a/src/Ada/Math_Lib/Matrices/multprec_integer64_matrices.ads
Source file time stamp: 2026-07-16 01:03:09
Compiled at: 2026-07-16 01:06:43
 11 lines: No errors
   [Ada]          bracket_polynomial_convertors.adb

GNAT 10.3.0
Copyright 1992-2020, Free Software Foundation, Inc.

Compiling: /home/runner/work/alire-crates-ci/alire-crates-ci/test/5f655e40-67d4-410c-84fb-5572da83bba4/phcpack_2.4.88_e448e94a/src/Ada/Schubert/SAGBI/bracket_polynomial_convertors.adb
Source file time stamp: 2026-07-16 01:03:10
Compiled at: 2026-07-16 01:06:43
 61 lines: No errors
   [Ada]          dobldobl_bracket_systems.adb

GNAT 10.3.0
Copyright 1992-2020, Free Software Foundation, Inc.

Compiling: /home/runner/work/alire-crates-ci/alire-crates-ci/test/5f655e40-67d4-410c-84fb-5572da83bba4/phcpack_2.4.88_e448e94a/src/Ada/Schubert/SAGBI/dobldobl_bracket_systems.adb
Source file time stamp: 2026-07-16 01:03:10
Compiled at: 2026-07-16 01:06:43
 10 lines: No errors
   [Ada]          dobldobl_matrix_inversion.adb

GNAT 10.3.0
Copyright 1992-2020, Free Software Foundation, Inc.

Compiling: /home/runner/work/alire-crates-ci/alire-crates-ci/test/5f655e40-67d4-410c-84fb-5572da83bba4/phcpack_2.4.88_e448e94a/src/Ada/Math_Lib/Polynomials/dobldobl_complex_poly_vectors.ads
Source file time stamp: 2026-07-16 01:03:09
Compiled at: 2026-07-16 01:06:43
 8 lines: No errors
   [Ada]          quaddobl_bracket_systems.adb

GNAT 10.3.0
Copyright 1992-2020, Free Software Foundation, Inc.

Compiling: /home/runner/work/alire-crates-ci/alire-crates-ci/test/5f655e40-67d4-410c-84fb-5572da83bba4/phcpack_2.4.88_e448e94a/src/Ada/Schubert/SAGBI/quaddobl_bracket_systems.adb
Source file time stamp: 2026-07-16 01:03:10
Compiled at: 2026-07-16 01:06:44
 10 lines: No errors
   [Ada]          quaddobl_matrix_inversion.adb

GNAT 10.3.0
Copyright 1992-2020, Free Software Foundation, Inc.

Compiling: /home/runner/work/alire-crates-ci/alire-crates-ci/test/5f655e40-67d4-410c-84fb-5572da83bba4/phcpack_2.4.88_e448e94a/src/Ada/Schubert/Pieri/dobldobl_matrix_inversion.adb
Source file time stamp: 2026-07-16 01:03:10
Compiled at: 2026-07-16 01:06:44
 75 lines: No errors
   [Ada]          standard_matrix_inversion.adb

GNAT 10.3.0
Copyright 1992-2020, Free Software Foundation, Inc.

Compiling: /home/runner/work/alire-crates-ci/alire-crates-ci/test/5f655e40-67d4-410c-84fb-5572da83bba4/phcpack_2.4.88_e448e94a/src/Ada/Deformations/Newton/multprec_jacobian_trees.adb
Source file time stamp: 2026-07-16 01:03:09
Compiled at: 2026-07-16 01:06:43
 443 lines: No errors
   [Ada]          dobldobl_bracket_polynomials.ads

GNAT 10.3.0
Copyright 1992-2020, Free Software Foundation, Inc.

Compiling: /home/runner/work/alire-crates-ci/alire-crates-ci/test/5f655e40-67d4-410c-84fb-5572da83bba4/phcpack_2.4.88_e448e94a/src/Ada/Schubert/Pieri/quaddobl_matrix_inversion.adb
Source file time stamp: 2026-07-16 01:03:10
Compiled at: 2026-07-16 01:06:44
 75 lines: No errors
   [Ada]          quaddobl_bracket_polynomials.ads

GNAT 10.3.0
Copyright 1992-2020, Free Software Foundation, Inc.

Compiling: /home/runner/work/alire-crates-ci/alire-crates-ci/test/5f655e40-67d4-410c-84fb-5572da83bba4/phcpack_2.4.88_e448e94a/src/Ada/Schubert/Pieri/standard_matrix_inversion.adb
Source file time stamp: 2026-07-16 01:03:10
Compiled at: 2026-07-16 01:06:44
 70 lines: No errors
   [Ada]          remember_numeric_minors.adb

GNAT 10.3.0
Copyright 1992-2020, Free Software Foundation, Inc.

Compiling: /home/runner/work/alire-crates-ci/alire-crates-ci/test/5f655e40-67d4-410c-84fb-5572da83bba4/phcpack_2.4.88_e448e94a/src/Ada/Schubert/SAGBI/dobldobl_bracket_polynomials.ads
Source file time stamp: 2026-07-16 01:03:10
Compiled at: 2026-07-16 01:06:44
 8 lines: No errors
   [Ada]          remember_symbolic_minors.adb

GNAT 10.3.0
Copyright 1992-2020, Free Software Foundation, Inc.

Compiling: /home/runner/work/alire-crates-ci/alire-crates-ci/test/5f655e40-67d4-410c-84fb-5572da83bba4/phcpack_2.4.88_e448e94a/src/Ada/Deformations/Newton/multprec_evaluate_deflation.adb
Source file time stamp: 2026-07-16 01:03:09
Compiled at: 2026-07-16 01:06:43
 805 lines: No errors
   [Ada]          quaddobl_complex_poly_ring_io.ads

GNAT 10.3.0
Copyright 1992-2020, Free Software Foundation, Inc.

Compiling: /home/runner/work/alire-crates-ci/alire-crates-ci/test/5f655e40-67d4-410c-84fb-5572da83bba4/phcpack_2.4.88_e448e94a/src/Ada/Schubert/SAGBI/quaddobl_bracket_polynomials.ads
Source file time stamp: 2026-07-16 01:03:10
Compiled at: 2026-07-16 01:06:44
 8 lines: No errors
   [Ada]          quaddobl_complex_poly_vectors.ads

GNAT 10.3.0
Copyright 1992-2020, Free Software Foundation, Inc.

Compiling: /home/runner/work/alire-crates-ci/alire-crates-ci/test/5f655e40-67d4-410c-84fb-5572da83bba4/phcpack_2.4.88_e448e94a/src/Ada/Math_Lib/Polynomials/quaddobl_complex_poly_ring_io.ads
Source file time stamp: 2026-07-16 01:03:09
Compiled at: 2026-07-16 01:06:44
 13 lines: No errors
   [Ada]          dobldobl_complex_poly_ring.ads

GNAT 10.3.0
Copyright 1992-2020, Free Software Foundation, Inc.

Compiling: /home/runner/work/alire-crates-ci/alire-crates-ci/test/5f655e40-67d4-410c-84fb-5572da83bba4/phcpack_2.4.88_e448e94a/src/Ada/Schubert/Induction/remember_numeric_minors.adb
Source file time stamp: 2026-07-16 01:03:10
Compiled at: 2026-07-16 01:06:44
 210 lines: No errors
   [Ada]          recondition_swap_homotopies.adb

GNAT 10.3.0
Copyright 1992-2020, Free Software Foundation, Inc.

Compiling: /home/runner/work/alire-crates-ci/alire-crates-ci/test/5f655e40-67d4-410c-84fb-5572da83bba4/phcpack_2.4.88_e448e94a/src/Ada/Math_Lib/Polynomials/dobldobl_complex_poly_ring.ads
Source file time stamp: 2026-07-16 01:03:09
Compiled at: 2026-07-16 01:06:44
 11 lines: No errors
   [Ada]          quaddobl_complex_poly_ring.ads

GNAT 10.3.0
Copyright 1992-2020, Free Software Foundation, Inc.

Compiling: /home/runner/work/alire-crates-ci/alire-crates-ci/test/5f655e40-67d4-410c-84fb-5572da83bba4/phcpack_2.4.88_e448e94a/src/Ada/Schubert/Induction/remember_symbolic_minors.adb
Source file time stamp: 2026-07-16 01:03:10
Compiled at: 2026-07-16 01:06:44
 236 lines: No errors
   [Ada]          standard_integer64_ring_io.ads

GNAT 10.3.0
Copyright 1992-2020, Free Software Foundation, Inc.

Compiling: /home/runner/work/alire-crates-ci/alire-crates-ci/test/5f655e40-67d4-410c-84fb-5572da83bba4/phcpack_2.4.88_e448e94a/src/Ada/Math_Lib/Polynomials/quaddobl_complex_poly_ring.ads
Source file time stamp: 2026-07-16 01:03:09
Compiled at: 2026-07-16 01:06:44
 11 lines: No errors
   [Ada]          givens_rotations.adb

GNAT 10.3.0
Copyright 1992-2020, Free Software Foundation, Inc.

Compiling: /home/runner/work/alire-crates-ci/alire-crates-ci/test/5f655e40-67d4-410c-84fb-5572da83bba4/phcpack_2.4.88_e448e94a/src/Ada/Math_Lib/Numbers/standard_integer64_ring_io.ads
Source file time stamp: 2026-07-16 01:03:09
Compiled at: 2026-07-16 01:06:44
 13 lines: No errors
   [Ada]          linear_minimization.adb

GNAT 10.3.0
Copyright 1992-2020, Free Software Foundation, Inc.

Compiling: /home/runner/work/alire-crates-ci/alire-crates-ci/test/5f655e40-67d4-410c-84fb-5572da83bba4/phcpack_2.4.88_e448e94a/src/Ada/Math_Lib/Polynomials/quaddobl_complex_poly_vectors.ads
Source file time stamp: 2026-07-16 01:03:09
Compiled at: 2026-07-16 01:06:44
 8 lines: No errors
   [Ada]          face_enumerators_utilities.adb

GNAT 10.3.0
Copyright 1992-2020, Free Software Foundation, Inc.

Compiling: /home/runner/work/alire-crates-ci/alire-crates-ci/test/5f655e40-67d4-410c-84fb-5572da83bba4/phcpack_2.4.88_e448e94a/src/Ada/Math_Lib/Supports/face_enumerators_utilities.adb
Source file time stamp: 2026-07-16 01:03:10
Compiled at: 2026-07-16 01:06:44
 183 lines: No errors
   [Ada]          multprec_integer_ring_io.ads

GNAT 10.3.0
Copyright 1992-2020, Free Software Foundation, Inc.

Compiling: /home/runner/work/alire-crates-ci/alire-crates-ci/test/5f655e40-67d4-410c-84fb-5572da83bba4/phcpack_2.4.88_e448e94a/src/Ada/Math_Lib/Supports/givens_rotations.adb
Source file time stamp: 2026-07-16 01:03:10
Compiled at: 2026-07-16 01:06:44
 306 lines: No errors
   [Ada]          dobldobl_vlprs_algorithm.adb

GNAT 10.3.0
Copyright 1992-2020, Free Software Foundation, Inc.

Compiling: /home/runner/work/alire-crates-ci/alire-crates-ci/test/5f655e40-67d4-410c-84fb-5572da83bba4/phcpack_2.4.88_e448e94a/src/Ada/Math_Lib/Numbers/multprec_integer_ring_io.ads
Source file time stamp: 2026-07-16 01:03:09
Compiled at: 2026-07-16 01:06:44
 12 lines: No errors
   [Ada]          double_double_vector_norms.adb

GNAT 10.3.0
Copyright 1992-2020, Free Software Foundation, Inc.

Compiling: /home/runner/work/alire-crates-ci/alire-crates-ci/test/5f655e40-67d4-410c-84fb-5572da83bba4/phcpack_2.4.88_e448e94a/src/Ada/Math_Lib/Reduction/double_double_vector_norms.adb
Source file time stamp: 2026-07-16 01:03:09
Compiled at: 2026-07-16 01:06:44
 44 lines: No errors
   [Ada]          double_double_ring_io.ads

GNAT 10.3.0
Copyright 1992-2020, Free Software Foundation, Inc.

Compiling: /home/runner/work/alire-crates-ci/alire-crates-ci/test/5f655e40-67d4-410c-84fb-5572da83bba4/phcpack_2.4.88_e448e94a/src/Ada/Math_Lib/QD/double_double_ring_io.ads
Source file time stamp: 2026-07-16 01:03:09
Compiled at: 2026-07-16 01:06:45
 12 lines: No errors
   [Ada]          arrays_of_lists_utilities.adb

GNAT 10.3.0
Copyright 1992-2020, Free Software Foundation, Inc.

Compiling: /home/runner/work/alire-crates-ci/alire-crates-ci/test/5f655e40-67d4-410c-84fb-5572da83bba4/phcpack_2.4.88_e448e94a/src/Ada/Math_Lib/Supports/linear_minimization.adb
Source file time stamp: 2026-07-16 01:03:10
Compiled at: 2026-07-16 01:06:44
 659 lines: No errors
   [Ada]          dobldobl_extrapolators.adb

GNAT 10.3.0
Copyright 1992-2020, Free Software Foundation, Inc.

Compiling: /home/runner/work/alire-crates-ci/alire-crates-ci/test/5f655e40-67d4-410c-84fb-5572da83bba4/phcpack_2.4.88_e448e94a/src/Ada/Deformations/End_Games/dobldobl_vlprs_algorithm.adb
Source file time stamp: 2026-07-16 01:03:09
Compiled at: 2026-07-16 01:06:44
 130 lines: No errors
   [Ada]          directions_of_standard_paths.adb

GNAT 10.3.0
Copyright 1992-2020, Free Software Foundation, Inc.

Compiling: /home/runner/work/alire-crates-ci/alire-crates-ci/test/5f655e40-67d4-410c-84fb-5572da83bba4/phcpack_2.4.88_e448e94a/src/Ada/Deformations/Curves/dobldobl_extrapolators.adb
Source file time stamp: 2026-07-16 01:03:09
Compiled at: 2026-07-16 01:06:45
 355 lines: No errors
   [Ada]          multprec_floating_vectors_io.ads

GNAT 10.3.0
Copyright 1992-2020, Free Software Foundation, Inc.

Compiling: /home/runner/work/alire-crates-ci/alire-crates-ci/test/5f655e40-67d4-410c-84fb-5572da83bba4/phcpack_2.4.88_e448e94a/src/Ada/Root_Counts/Implift/arrays_of_lists_utilities.adb
Source file time stamp: 2026-07-16 01:03:10
Compiled at: 2026-07-16 01:06:45
 270 lines: No errors
   [Ada]          multprec_floating_vecvecs.ads

GNAT 10.3.0
Copyright 1992-2020, Free Software Foundation, Inc.

Compiling: /home/runner/work/alire-crates-ci/alire-crates-ci/test/5f655e40-67d4-410c-84fb-5572da83bba4/phcpack_2.4.88_e448e94a/src/Ada/Schubert/Induction/recondition_swap_homotopies.adb
Source file time stamp: 2026-07-16 01:03:10
Compiled at: 2026-07-16 01:06:44
 1174 lines: No errors
   [Ada]          multprec_predictors.adb

GNAT 10.3.0
Copyright 1992-2020, Free Software Foundation, Inc.

Compiling: /home/runner/work/alire-crates-ci/alire-crates-ci/test/5f655e40-67d4-410c-84fb-5572da83bba4/phcpack_2.4.88_e448e94a/src/Ada/Math_Lib/Vectors/multprec_floating_vectors_io.ads
Source file time stamp: 2026-07-16 01:03:10
Compiled at: 2026-07-16 01:06:45
 9 lines: No errors
   [Ada]          quad_double_ring_io.ads

GNAT 10.3.0
Copyright 1992-2020, Free Software Foundation, Inc.

Compiling: /home/runner/work/alire-crates-ci/alire-crates-ci/test/5f655e40-67d4-410c-84fb-5572da83bba4/phcpack_2.4.88_e448e94a/src/Ada/Math_Lib/Vectors/multprec_floating_vecvecs.ads
Source file time stamp: 2026-07-16 01:03:10
Compiled at: 2026-07-16 01:06:45
 9 lines: No errors
   [Ada]          quad_double_vector_norms.adb

GNAT 10.3.0
Copyright 1992-2020, Free Software Foundation, Inc.

Compiling: /home/runner/work/alire-crates-ci/alire-crates-ci/test/5f655e40-67d4-410c-84fb-5572da83bba4/phcpack_2.4.88_e448e94a/src/Ada/Math_Lib/QD/quad_double_ring_io.ads
Source file time stamp: 2026-07-16 01:03:09
Compiled at: 2026-07-16 01:06:45
 12 lines: No errors
   [Ada]          quaddobl_vlprs_algorithm.adb

GNAT 10.3.0
Copyright 1992-2020, Free Software Foundation, Inc.

Compiling: /home/runner/work/alire-crates-ci/alire-crates-ci/test/5f655e40-67d4-410c-84fb-5572da83bba4/phcpack_2.4.88_e448e94a/src/Ada/Math_Lib/Reduction/quad_double_vector_norms.adb
Source file time stamp: 2026-07-16 01:03:09
Compiled at: 2026-07-16 01:06:45
 44 lines: No errors
   [Ada]          quaddobl_extrapolators.adb

GNAT 10.3.0
Copyright 1992-2020, Free Software Foundation, Inc.

Compiling: /home/runner/work/alire-crates-ci/alire-crates-ci/test/5f655e40-67d4-410c-84fb-5572da83bba4/phcpack_2.4.88_e448e94a/src/Ada/Deformations/End_Games/quaddobl_vlprs_algorithm.adb
Source file time stamp: 2026-07-16 01:03:09
Compiled at: 2026-07-16 01:06:45
 130 lines: No errors
   [Ada]          transforming_solutions.adb

GNAT 10.3.0
Copyright 1992-2020, Free Software Foundation, Inc.

Compiling: /home/runner/work/alire-crates-ci/alire-crates-ci/test/5f655e40-67d4-410c-84fb-5572da83bba4/phcpack_2.4.88_e448e94a/src/Ada/Deformations/Curves/quaddobl_extrapolators.adb
Source file time stamp: 2026-07-16 01:03:09
Compiled at: 2026-07-16 01:06:45
 355 lines: No errors
   [Ada]          standard_extrapolators.adb

GNAT 10.3.0
Copyright 1992-2020, Free Software Foundation, Inc.

Compiling: /home/runner/work/alire-crates-ci/alire-crates-ci/test/5f655e40-67d4-410c-84fb-5572da83bba4/phcpack_2.4.88_e448e94a/src/Ada/Root_Counts/Implift/transforming_solutions.adb
Source file time stamp: 2026-07-16 01:03:10
Compiled at: 2026-07-16 01:06:45
 128 lines: No errors
   [Ada]          dobldobl_gradient_evaluations.adb

GNAT 10.3.0
Copyright 1992-2020, Free Software Foundation, Inc.

Compiling: /home/runner/work/alire-crates-ci/alire-crates-ci/test/5f655e40-67d4-410c-84fb-5572da83bba4/phcpack_2.4.88_e448e94a/src/Ada/Deformations/Trackers/multprec_predictors.adb
Source file time stamp: 2026-07-16 01:03:09
Compiled at: 2026-07-16 01:06:45
 756 lines: No errors
   [Ada]          standard_gradient_evaluations.adb

GNAT 10.3.0
Copyright 1992-2020, Free Software Foundation, Inc.

Compiling: /home/runner/work/alire-crates-ci/alire-crates-ci/test/5f655e40-67d4-410c-84fb-5572da83bba4/phcpack_2.4.88_e448e94a/src/Ada/Deformations/End_Games/directions_of_standard_paths.adb
Source file time stamp: 2026-07-16 01:03:09
Compiled at: 2026-07-16 01:06:45
 687 lines: No errors
   [Ada]          quaddobl_gradient_evaluations.adb

GNAT 10.3.0
Copyright 1992-2020, Free Software Foundation, Inc.

Compiling: /home/runner/work/alire-crates-ci/alire-crates-ci/test/5f655e40-67d4-410c-84fb-5572da83bba4/phcpack_2.4.88_e448e94a/src/Ada/Deformations/Curves/standard_extrapolators.adb
Source file time stamp: 2026-07-16 01:03:09
Compiled at: 2026-07-16 01:06:45
 356 lines: No errors
   [Ada]          varbprec_matrix_conversions.adb

GNAT 10.3.0
Copyright 1992-2020, Free Software Foundation, Inc.

Compiling: /home/runner/work/alire-crates-ci/alire-crates-ci/test/5f655e40-67d4-410c-84fb-5572da83bba4/phcpack_2.4.88_e448e94a/src/Ada/Math_Lib/Circuits/dobldobl_gradient_evaluations.adb
Source file time stamp: 2026-07-16 01:03:09
Compiled at: 2026-07-16 01:06:45
 376 lines: No errors
   [Ada]          varbprec_vecvec_conversions.adb

GNAT 10.3.0
Copyright 1992-2020, Free Software Foundation, Inc.

Compiling: /home/runner/work/alire-crates-ci/alire-crates-ci/test/5f655e40-67d4-410c-84fb-5572da83bba4/phcpack_2.4.88_e448e94a/src/Ada/Math_Lib/Circuits/standard_gradient_evaluations.adb
Source file time stamp: 2026-07-16 01:03:09
Compiled at: 2026-07-16 01:06:45
 374 lines: No errors
   [Ada]          double_double_ring-ffield.ads

GNAT 10.3.0
Copyright 1992-2020, Free Software Foundation, Inc.

Compiling: /home/runner/work/alire-crates-ci/alire-crates-ci/test/5f655e40-67d4-410c-84fb-5572da83bba4/phcpack_2.4.88_e448e94a/src/Ada/Math_Lib/QD/double_double_ring-ffield.ads
Source file time stamp: 2026-07-16 01:03:09
Compiled at: 2026-07-16 01:06:46
 10 lines: No errors
   [Ada]          boolean_numbers.adb

GNAT 10.3.0
Copyright 1992-2020, Free Software Foundation, Inc.

Compiling: /home/runner/work/alire-crates-ci/alire-crates-ci/test/5f655e40-67d4-410c-84fb-5572da83bba4/phcpack_2.4.88_e448e94a/src/Ada/Math_Lib/Numbers/boolean_numbers.adb
Source file time stamp: 2026-07-16 01:03:09
Compiled at: 2026-07-16 01:06:46
 127 lines: No errors
   [Ada]          multprec_natural64_coefficients.adb

GNAT 10.3.0
Copyright 1992-2020, Free Software Foundation, Inc.

Compiling: /home/runner/work/alire-crates-ci/alire-crates-ci/test/5f655e40-67d4-410c-84fb-5572da83bba4/phcpack_2.4.88_e448e94a/src/Ada/Math_Lib/Circuits/quaddobl_gradient_evaluations.adb
Source file time stamp: 2026-07-16 01:03:09
Compiled at: 2026-07-16 01:06:45
 376 lines: No errors
   [Ada]          multprec_floating64_numbers.adb

GNAT 10.3.0
Copyright 1992-2020, Free Software Foundation, Inc.

Compiling: /home/runner/work/alire-crates-ci/alire-crates-ci/test/5f655e40-67d4-410c-84fb-5572da83bba4/phcpack_2.4.88_e448e94a/src/Ada/Math_Lib/Matrices/varbprec_matrix_conversions.adb
Source file time stamp: 2026-07-16 01:03:09
Compiled at: 2026-07-16 01:06:46
 356 lines: No errors
   [Ada]          multprec_integer64_numbers.adb

GNAT 10.3.0
Copyright 1992-2020, Free Software Foundation, Inc.

Compiling: /home/runner/work/alire-crates-ci/alire-crates-ci/test/5f655e40-67d4-410c-84fb-5572da83bba4/phcpack_2.4.88_e448e94a/src/Ada/Math_Lib/Numbers/multprec_natural64_coefficients.adb
Source file time stamp: 2026-07-16 01:03:09
Compiled at: 2026-07-16 01:06:46
 1166 lines: No errors
   [Ada]          multprec_natural64_numbers.adb

GNAT 10.3.0
Copyright 1992-2020, Free Software Foundation, Inc.

Compiling: /home/runner/work/alire-crates-ci/alire-crates-ci/test/5f655e40-67d4-410c-84fb-5572da83bba4/phcpack_2.4.88_e448e94a/src/Ada/Math_Lib/Numbers/multprec_integer64_numbers.adb
Source file time stamp: 2026-07-16 01:03:09
Compiled at: 2026-07-16 01:06:46
 1178 lines: No errors
   [Ada]          standard_integer64_vecvecs.ads

GNAT 10.3.0
Copyright 1992-2020, Free Software Foundation, Inc.

Compiling: /home/runner/work/alire-crates-ci/alire-crates-ci/test/5f655e40-67d4-410c-84fb-5572da83bba4/phcpack_2.4.88_e448e94a/src/Ada/Math_Lib/Numbers/multprec_floating64_numbers.adb
Source file time stamp: 2026-07-16 01:03:09
Compiled at: 2026-07-16 01:06:46
 1789 lines: No errors
   [Ada]          hyperplane_solution_scaling.adb

GNAT 10.3.0
Copyright 1992-2020, Free Software Foundation, Inc.

Compiling: /home/runner/work/alire-crates-ci/alire-crates-ci/test/5f655e40-67d4-410c-84fb-5572da83bba4/phcpack_2.4.88_e448e94a/src/Ada/Math_Lib/Vectors/standard_integer64_vecvecs.ads
Source file time stamp: 2026-07-16 01:03:10
Compiled at: 2026-07-16 01:06:47
 10 lines: No errors
   [Ada]          generic_dense_series.adb

GNAT 10.3.0
Copyright 1992-2020, Free Software Foundation, Inc.

Compiling: /home/runner/work/alire-crates-ci/alire-crates-ci/test/5f655e40-67d4-410c-84fb-5572da83bba4/phcpack_2.4.88_e448e94a/src/Ada/Math_Lib/Series/generic_dense_series.adb
Source file time stamp: 2026-07-16 01:03:09
Compiled at: 2026-07-16 01:06:47
 911 lines: No errors
   [Ada]          hexadobl_complex_series_ring.ads

GNAT 10.3.0
Copyright 1992-2020, Free Software Foundation, Inc.

Compiling: /home/runner/work/alire-crates-ci/alire-crates-ci/test/5f655e40-67d4-410c-84fb-5572da83bba4/phcpack_2.4.88_e448e94a/src/Ada/Math_Lib/Series/hexadobl_complex_series_ring.ads
Source file time stamp: 2026-07-16 01:03:09
Compiled at: 2026-07-16 01:06:47
 24 lines: No errors
   [Ada]          deca_double_constants.ads

GNAT 10.3.0
Copyright 1992-2020, Free Software Foundation, Inc.

Compiling: /home/runner/work/alire-crates-ci/alire-crates-ci/test/5f655e40-67d4-410c-84fb-5572da83bba4/phcpack_2.4.88_e448e94a/src/Ada/Math_Lib/Vectors/varbprec_vecvec_conversions.adb
Source file time stamp: 2026-07-16 01:03:10
Compiled at: 2026-07-16 01:06:46
 955 lines: No errors
   [Ada]          decadobl_mathematical_functions.adb

GNAT 10.3.0
Copyright 1992-2020, Free Software Foundation, Inc.

Compiling: /home/runner/work/alire-crates-ci/alire-crates-ci/test/5f655e40-67d4-410c-84fb-5572da83bba4/phcpack_2.4.88_e448e94a/src/Ada/Deformations/Homotopy/hyperplane_solution_scaling.adb
Source file time stamp: 2026-07-16 01:03:09
Compiled at: 2026-07-16 01:06:47
 419 lines: No errors
   [Ada]          tripdobl_mathematical_functions.adb

GNAT 10.3.0
Copyright 1992-2020, Free Software Foundation, Inc.

Compiling: /home/runner/work/alire-crates-ci/alire-crates-ci/test/5f655e40-67d4-410c-84fb-5572da83bba4/phcpack_2.4.88_e448e94a/src/Ada/Math_Lib/Numbers/multprec_natural64_numbers.adb
Source file time stamp: 2026-07-16 01:03:09
Compiled at: 2026-07-16 01:06:46
 1488 lines: No errors
   [Ada]          triple_double_constants.ads

GNAT 10.3.0
Copyright 1992-2020, Free Software Foundation, Inc.

Compiling: /home/runner/work/alire-crates-ci/alire-crates-ci/test/5f655e40-67d4-410c-84fb-5572da83bba4/phcpack_2.4.88_e448e94a/src/Ada/Math_Lib/QD/tripdobl_mathematical_functions.adb
Source file time stamp: 2026-07-16 01:03:09
Compiled at: 2026-07-16 01:06:47
 535 lines: No errors
   [Ada]          octo_double_constants.ads

GNAT 10.3.0
Copyright 1992-2020, Free Software Foundation, Inc.

Compiling: /home/runner/work/alire-crates-ci/alire-crates-ci/test/5f655e40-67d4-410c-84fb-5572da83bba4/phcpack_2.4.88_e448e94a/src/Ada/Math_Lib/QD/decadobl_mathematical_functions.adb
Source file time stamp: 2026-07-16 01:03:09
Compiled at: 2026-07-16 01:06:47
 549 lines: No errors
   [Ada]          octodobl_mathematical_functions.adb

GNAT 10.3.0
Copyright 1992-2020, Free Software Foundation, Inc.

Compiling: /home/runner/work/alire-crates-ci/alire-crates-ci/test/5f655e40-67d4-410c-84fb-5572da83bba4/phcpack_2.4.88_e448e94a/src/Ada/Math_Lib/QD/octodobl_mathematical_functions.adb
Source file time stamp: 2026-07-16 01:03:09
Compiled at: 2026-07-16 01:06:48
 544 lines: No errors
   [Ada]          penta_double_constants.ads

GNAT 10.3.0
Copyright 1992-2020, Free Software Foundation, Inc.

Compiling: /home/runner/work/alire-crates-ci/alire-crates-ci/test/5f655e40-67d4-410c-84fb-5572da83bba4/phcpack_2.4.88_e448e94a/src/Ada/Math_Lib/QD/triple_double_constants.ads
Source file time stamp: 2026-07-16 01:03:09
Compiled at: 2026-07-16 01:06:47
 1716 lines: No errors
   [Ada]          pentdobl_mathematical_functions.adb

GNAT 10.3.0
Copyright 1992-2020, Free Software Foundation, Inc.

Compiling: /home/runner/work/alire-crates-ci/alire-crates-ci/test/5f655e40-67d4-410c-84fb-5572da83bba4/phcpack_2.4.88_e448e94a/src/Ada/Math_Lib/QD/pentdobl_mathematical_functions.adb
Source file time stamp: 2026-07-16 01:03:09
Compiled at: 2026-07-16 01:06:49
 544 lines: No errors
   [Ada]          hexa_double_constants.ads

GNAT 10.3.0
Copyright 1992-2020, Free Software Foundation, Inc.

Compiling: /home/runner/work/alire-crates-ci/alire-crates-ci/test/5f655e40-67d4-410c-84fb-5572da83bba4/phcpack_2.4.88_e448e94a/src/Ada/Math_Lib/QD/penta_double_constants.ads
Source file time stamp: 2026-07-16 01:03:09
Compiled at: 2026-07-16 01:06:48
 2266 lines: No errors
   [Ada]          hexadobl_mathematical_functions.adb

GNAT 10.3.0
Copyright 1992-2020, Free Software Foundation, Inc.

Compiling: /home/runner/work/alire-crates-ci/alire-crates-ci/test/5f655e40-67d4-410c-84fb-5572da83bba4/phcpack_2.4.88_e448e94a/src/Ada/Math_Lib/QD/hexadobl_mathematical_functions.adb
Source file time stamp: 2026-07-16 01:03:09
Compiled at: 2026-07-16 01:06:52
 554 lines: No errors
   [Ada]          decadobl_complex_vectors_io.ads

GNAT 10.3.0
Copyright 1992-2020, Free Software Foundation, Inc.

Compiling: /home/runner/work/alire-crates-ci/alire-crates-ci/test/5f655e40-67d4-410c-84fb-5572da83bba4/phcpack_2.4.88_e448e94a/src/Ada/Math_Lib/Vectors/decadobl_complex_vectors_io.ads
Source file time stamp: 2026-07-16 01:03:10
Compiled at: 2026-07-16 01:06:53
 9 lines: No errors
   [Ada]          binomial_coefficients.adb

GNAT 10.3.0
Copyright 1992-2020, Free Software Foundation, Inc.

Compiling: /home/runner/work/alire-crates-ci/alire-crates-ci/test/5f655e40-67d4-410c-84fb-5572da83bba4/phcpack_2.4.88_e448e94a/src/Ada/Math_Lib/Series/binomial_coefficients.adb
Source file time stamp: 2026-07-16 01:03:09
Compiled at: 2026-07-16 01:06:53
 150 lines: No errors
   [Ada]          decadobl_complex_numbers_polar.adb

GNAT 10.3.0
Copyright 1992-2020, Free Software Foundation, Inc.

Compiling: /home/runner/work/alire-crates-ci/alire-crates-ci/test/5f655e40-67d4-410c-84fb-5572da83bba4/phcpack_2.4.88_e448e94a/src/Ada/Math_Lib/QD/octo_double_constants.ads
Source file time stamp: 2026-07-16 01:03:09
Compiled at: 2026-07-16 01:06:47
 2858 lines: No errors
   [Ada]          hexadobl_complex_vectors_io.ads

GNAT 10.3.0
Copyright 1992-2020, Free Software Foundation, Inc.

Compiling: /home/runner/work/alire-crates-ci/alire-crates-ci/test/5f655e40-67d4-410c-84fb-5572da83bba4/phcpack_2.4.88_e448e94a/src/Ada/Math_Lib/Vectors/hexadobl_complex_vectors_io.ads
Source file time stamp: 2026-07-16 01:03:10
Compiled at: 2026-07-16 01:06:53
 9 lines: No errors
   [Ada]          octodobl_complex_vectors_io.ads

GNAT 10.3.0
Copyright 1992-2020, Free Software Foundation, Inc.

Compiling: /home/runner/work/alire-crates-ci/alire-crates-ci/test/5f655e40-67d4-410c-84fb-5572da83bba4/phcpack_2.4.88_e448e94a/src/Ada/Math_Lib/Vectors/octodobl_complex_vectors_io.ads
Source file time stamp: 2026-07-16 01:03:10
Compiled at: 2026-07-16 01:06:53
 9 lines: No errors
   [Ada]          octodobl_complex_numbers_polar.adb

GNAT 10.3.0
Copyright 1992-2020, Free Software Foundation, Inc.

Compiling: /home/runner/work/alire-crates-ci/alire-crates-ci/test/5f655e40-67d4-410c-84fb-5572da83bba4/phcpack_2.4.88_e448e94a/src/Ada/Math_Lib/QD/decadobl_complex_numbers_polar.adb
Source file time stamp: 2026-07-16 01:03:09
Compiled at: 2026-07-16 01:06:53
 68 lines: No errors
   [Ada]          hexadobl_complex_numbers_polar.adb

GNAT 10.3.0
Copyright 1992-2020, Free Software Foundation, Inc.

Compiling: /home/runner/work/alire-crates-ci/alire-crates-ci/test/5f655e40-67d4-410c-84fb-5572da83bba4/phcpack_2.4.88_e448e94a/src/Ada/Math_Lib/QD/octodobl_complex_numbers_polar.adb
Source file time stamp: 2026-07-16 01:03:09
Compiled at: 2026-07-16 01:06:53
 68 lines: No errors
   [Ada]          pentdobl_complex_vectors_io.ads

GNAT 10.3.0
Copyright 1992-2020, Free Software Foundation, Inc.

Compiling: /home/runner/work/alire-crates-ci/alire-crates-ci/test/5f655e40-67d4-410c-84fb-5572da83bba4/phcpack_2.4.88_e448e94a/src/Ada/Math_Lib/Vectors/pentdobl_complex_vectors_io.ads
Source file time stamp: 2026-07-16 01:03:10
Compiled at: 2026-07-16 01:06:53
 9 lines: No errors
   [Ada]          pentdobl_complex_numbers_polar.adb

GNAT 10.3.0
Copyright 1992-2020, Free Software Foundation, Inc.

Compiling: /home/runner/work/alire-crates-ci/alire-crates-ci/test/5f655e40-67d4-410c-84fb-5572da83bba4/phcpack_2.4.88_e448e94a/src/Ada/Math_Lib/QD/pentdobl_complex_numbers_polar.adb
Source file time stamp: 2026-07-16 01:03:09
Compiled at: 2026-07-16 01:06:54
 68 lines: No errors
   [Ada]          tripdobl_complex_vectors_io.ads

GNAT 10.3.0
Copyright 1992-2020, Free Software Foundation, Inc.

Compiling: /home/runner/work/alire-crates-ci/alire-crates-ci/test/5f655e40-67d4-410c-84fb-5572da83bba4/phcpack_2.4.88_e448e94a/src/Ada/Math_Lib/Vectors/tripdobl_complex_vectors_io.ads
Source file time stamp: 2026-07-16 01:03:10
Compiled at: 2026-07-16 01:06:54
 9 lines: No errors
   [Ada]          tripdobl_complex_numbers_polar.adb

GNAT 10.3.0
Copyright 1992-2020, Free Software Foundation, Inc.

Compiling: /home/runner/work/alire-crates-ci/alire-crates-ci/test/5f655e40-67d4-410c-84fb-5572da83bba4/phcpack_2.4.88_e448e94a/src/Ada/Math_Lib/QD/tripdobl_complex_numbers_polar.adb
Source file time stamp: 2026-07-16 01:03:09
Compiled at: 2026-07-16 01:06:54
 68 lines: No errors
   [Ada]          decadobl_cseries_poly_functions.ads

GNAT 10.3.0
Copyright 1992-2020, Free Software Foundation, Inc.

Compiling: /home/runner/work/alire-crates-ci/alire-crates-ci/test/5f655e40-67d4-410c-84fb-5572da83bba4/phcpack_2.4.88_e448e94a/src/Ada/Math_Lib/QD/hexadobl_complex_numbers_polar.adb
Source file time stamp: 2026-07-16 01:03:09
Compiled at: 2026-07-16 01:06:53
 68 lines: No errors
   [Ada]          hexadobl_cseries_poly_functions.ads

GNAT 10.3.0
Copyright 1992-2020, Free Software Foundation, Inc.

Compiling: /home/runner/work/alire-crates-ci/alire-crates-ci/test/5f655e40-67d4-410c-84fb-5572da83bba4/phcpack_2.4.88_e448e94a/src/Ada/Math_Lib/Series/decadobl_cseries_poly_functions.ads
Source file time stamp: 2026-07-16 01:03:09
Compiled at: 2026-07-16 01:06:54
 13 lines: No errors
   [Ada]          hexadobl_cseries_poly_sysfun.ads

GNAT 10.3.0
Copyright 1992-2020, Free Software Foundation, Inc.

Compiling: /home/runner/work/alire-crates-ci/alire-crates-ci/test/5f655e40-67d4-410c-84fb-5572da83bba4/phcpack_2.4.88_e448e94a/src/Ada/Math_Lib/Series/hexadobl_cseries_poly_sysfun.ads
Source file time stamp: 2026-07-16 01:03:09
Compiled at: 2026-07-16 01:06:54
 20 lines: No errors
   [Ada]          octodobl_cseries_poly_functions.ads

GNAT 10.3.0
Copyright 1992-2020, Free Software Foundation, Inc.

Compiling: /home/runner/work/alire-crates-ci/alire-crates-ci/test/5f655e40-67d4-410c-84fb-5572da83bba4/phcpack_2.4.88_e448e94a/src/Ada/Math_Lib/Series/hexadobl_cseries_poly_functions.ads
Source file time stamp: 2026-07-16 01:03:09
Compiled at: 2026-07-16 01:06:54
 13 lines: No errors
   [Ada]          pentdobl_cseries_poly_functions.ads

GNAT 10.3.0
Copyright 1992-2020, Free Software Foundation, Inc.

Compiling: /home/runner/work/alire-crates-ci/alire-crates-ci/test/5f655e40-67d4-410c-84fb-5572da83bba4/phcpack_2.4.88_e448e94a/src/Ada/Math_Lib/Series/octodobl_cseries_poly_functions.ads
Source file time stamp: 2026-07-16 01:03:09
Compiled at: 2026-07-16 01:06:55
 13 lines: No errors
   [Ada]          tripdobl_cseries_poly_functions.ads

GNAT 10.3.0
Copyright 1992-2020, Free Software Foundation, Inc.

Compiling: /home/runner/work/alire-crates-ci/alire-crates-ci/test/5f655e40-67d4-410c-84fb-5572da83bba4/phcpack_2.4.88_e448e94a/src/Ada/Math_Lib/QD/deca_double_constants.ads
Source file time stamp: 2026-07-16 01:03:09
Compiled at: 2026-07-16 01:06:47
 3461 lines: No errors
   [Ada]          dobldobl_complex_matrix_series.adb

GNAT 10.3.0
Copyright 1992-2020, Free Software Foundation, Inc.

Compiling: /home/runner/work/alire-crates-ci/alire-crates-ci/test/5f655e40-67d4-410c-84fb-5572da83bba4/phcpack_2.4.88_e448e94a/src/Ada/Math_Lib/Series/pentdobl_cseries_poly_functions.ads
Source file time stamp: 2026-07-16 01:03:09
Compiled at: 2026-07-16 01:06:55
 13 lines: No errors
   [Ada]          dobldobl_complex_vector_series.adb

GNAT 10.3.0
Copyright 1992-2020, Free Software Foundation, Inc.

Compiling: /home/runner/work/alire-crates-ci/alire-crates-ci/test/5f655e40-67d4-410c-84fb-5572da83bba4/phcpack_2.4.88_e448e94a/src/Ada/Math_Lib/Series/dobldobl_complex_vector_series.adb
Source file time stamp: 2026-07-16 01:03:09
Compiled at: 2026-07-16 01:06:55
 107 lines: No errors
   [Ada]          dobldobl_cseries_vector_norms.adb

GNAT 10.3.0
Copyright 1992-2020, Free Software Foundation, Inc.

Compiling: /home/runner/work/alire-crates-ci/alire-crates-ci/test/5f655e40-67d4-410c-84fb-5572da83bba4/phcpack_2.4.88_e448e94a/src/Ada/Math_Lib/Series/dobldobl_complex_matrix_series.adb
Source file time stamp: 2026-07-16 01:03:09
Compiled at: 2026-07-16 01:06:55
 107 lines: No errors
   [Ada]          dobldobl_series_matrix_solvers.adb

GNAT 10.3.0
Copyright 1992-2020, Free Software Foundation, Inc.

Compiling: /home/runner/work/alire-crates-ci/alire-crates-ci/test/5f655e40-67d4-410c-84fb-5572da83bba4/phcpack_2.4.88_e448e94a/src/Ada/Math_Lib/Series/dobldobl_cseries_vector_norms.adb
Source file time stamp: 2026-07-16 01:03:09
Compiled at: 2026-07-16 01:06:56
 93 lines: No errors
   [Ada]          decadobl_complex_matrix_series.adb

GNAT 10.3.0
Copyright 1992-2020, Free Software Foundation, Inc.

Compiling: /home/runner/work/alire-crates-ci/alire-crates-ci/test/5f655e40-67d4-410c-84fb-5572da83bba4/phcpack_2.4.88_e448e94a/src/Ada/Math_Lib/Series/tripdobl_cseries_poly_functions.ads
Source file time stamp: 2026-07-16 01:03:10
Compiled at: 2026-07-16 01:06:55
 13 lines: No errors
   [Ada]          decadobl_complex_vector_series.adb

GNAT 10.3.0
Copyright 1992-2020, Free Software Foundation, Inc.

Compiling: /home/runner/work/alire-crates-ci/alire-crates-ci/test/5f655e40-67d4-410c-84fb-5572da83bba4/phcpack_2.4.88_e448e94a/src/Ada/Math_Lib/Series/decadobl_complex_vector_series.adb
Source file time stamp: 2026-07-16 01:03:09
Compiled at: 2026-07-16 01:06:56
 107 lines: No errors
   [Ada]          decadobl_cseries_vector_norms.adb

GNAT 10.3.0
Copyright 1992-2020, Free Software Foundation, Inc.

Compiling: /home/runner/work/alire-crates-ci/alire-crates-ci/test/5f655e40-67d4-410c-84fb-5572da83bba4/phcpack_2.4.88_e448e94a/src/Ada/Math_Lib/Series/decadobl_complex_matrix_series.adb
Source file time stamp: 2026-07-16 01:03:09
Compiled at: 2026-07-16 01:06:56
 107 lines: No errors
   [Ada]          decadobl_series_matrix_solvers.adb

GNAT 10.3.0
Copyright 1992-2020, Free Software Foundation, Inc.

Compiling: /home/runner/work/alire-crates-ci/alire-crates-ci/test/5f655e40-67d4-410c-84fb-5572da83bba4/phcpack_2.4.88_e448e94a/src/Ada/Math_Lib/Series/decadobl_cseries_vector_norms.adb
Source file time stamp: 2026-07-16 01:03:09
Compiled at: 2026-07-16 01:06:56
 93 lines: No errors
   [Ada]          octodobl_complex_matrix_series.adb

GNAT 10.3.0
Copyright 1992-2020, Free Software Foundation, Inc.

Compiling: /home/runner/work/alire-crates-ci/alire-crates-ci/test/5f655e40-67d4-410c-84fb-5572da83bba4/phcpack_2.4.88_e448e94a/src/Ada/Math_Lib/Series/dobldobl_series_matrix_solvers.adb
Source file time stamp: 2026-07-16 01:03:09
Compiled at: 2026-07-16 01:06:56
 563 lines: No errors
   [Ada]          octodobl_complex_vector_series.adb

GNAT 10.3.0
Copyright 1992-2020, Free Software Foundation, Inc.

Compiling: /home/runner/work/alire-crates-ci/alire-crates-ci/test/5f655e40-67d4-410c-84fb-5572da83bba4/phcpack_2.4.88_e448e94a/src/Ada/Math_Lib/Series/octodobl_complex_matrix_series.adb
Source file time stamp: 2026-07-16 01:03:09
Compiled at: 2026-07-16 01:06:56
 107 lines: No errors
   [Ada]          octodobl_cseries_vector_norms.adb

GNAT 10.3.0
Copyright 1992-2020, Free Software Foundation, Inc.

Compiling: /home/runner/work/alire-crates-ci/alire-crates-ci/test/5f655e40-67d4-410c-84fb-5572da83bba4/phcpack_2.4.88_e448e94a/src/Ada/Math_Lib/Series/octodobl_complex_vector_series.adb
Source file time stamp: 2026-07-16 01:03:09
Compiled at: 2026-07-16 01:06:56
 107 lines: No errors
   [Ada]          octodobl_series_matrix_solvers.adb

GNAT 10.3.0
Copyright 1992-2020, Free Software Foundation, Inc.

Compiling: /home/runner/work/alire-crates-ci/alire-crates-ci/test/5f655e40-67d4-410c-84fb-5572da83bba4/phcpack_2.4.88_e448e94a/src/Ada/Math_Lib/Series/octodobl_cseries_vector_norms.adb
Source file time stamp: 2026-07-16 01:03:09
Compiled at: 2026-07-16 01:06:56
 93 lines: No errors
   [Ada]          pentdobl_complex_matrix_series.adb

GNAT 10.3.0
Copyright 1992-2020, Free Software Foundation, Inc.

Compiling: /home/runner/work/alire-crates-ci/alire-crates-ci/test/5f655e40-67d4-410c-84fb-5572da83bba4/phcpack_2.4.88_e448e94a/src/Ada/Math_Lib/Series/decadobl_series_matrix_solvers.adb
Source file time stamp: 2026-07-16 01:03:09
Compiled at: 2026-07-16 01:06:56
 563 lines: No errors
   [Ada]          pentdobl_complex_vector_series.adb

GNAT 10.3.0
Copyright 1992-2020, Free Software Foundation, Inc.

Compiling: /home/runner/work/alire-crates-ci/alire-crates-ci/test/5f655e40-67d4-410c-84fb-5572da83bba4/phcpack_2.4.88_e448e94a/src/Ada/Math_Lib/Series/pentdobl_complex_matrix_series.adb
Source file time stamp: 2026-07-16 01:03:09
Compiled at: 2026-07-16 01:06:56
 107 lines: No errors
   [Ada]          pentdobl_cseries_vector_norms.adb

GNAT 10.3.0
Copyright 1992-2020, Free Software Foundation, Inc.

Compiling: /home/runner/work/alire-crates-ci/alire-crates-ci/test/5f655e40-67d4-410c-84fb-5572da83bba4/phcpack_2.4.88_e448e94a/src/Ada/Math_Lib/Series/pentdobl_cseries_vector_norms.adb
Source file time stamp: 2026-07-16 01:03:09
Compiled at: 2026-07-16 01:06:56
 93 lines: No errors
   [Ada]          pentdobl_series_matrix_solvers.adb

GNAT 10.3.0
Copyright 1992-2020, Free Software Foundation, Inc.

Compiling: /home/runner/work/alire-crates-ci/alire-crates-ci/test/5f655e40-67d4-410c-84fb-5572da83bba4/phcpack_2.4.88_e448e94a/src/Ada/Math_Lib/Series/pentdobl_complex_vector_series.adb
Source file time stamp: 2026-07-16 01:03:09
Compiled at: 2026-07-16 01:06:56
 107 lines: No errors
   [Ada]          quaddobl_complex_matrix_series.adb

GNAT 10.3.0
Copyright 1992-2020, Free Software Foundation, Inc.

Compiling: /home/runner/work/alire-crates-ci/alire-crates-ci/test/5f655e40-67d4-410c-84fb-5572da83bba4/phcpack_2.4.88_e448e94a/src/Ada/Math_Lib/Series/quaddobl_complex_matrix_series.adb
Source file time stamp: 2026-07-16 01:03:09
Compiled at: 2026-07-16 01:06:57
 107 lines: No errors
   [Ada]          quaddobl_complex_vector_series.adb

GNAT 10.3.0
Copyright 1992-2020, Free Software Foundation, Inc.

Compiling: /home/runner/work/alire-crates-ci/alire-crates-ci/test/5f655e40-67d4-410c-84fb-5572da83bba4/phcpack_2.4.88_e448e94a/src/Ada/Math_Lib/Series/octodobl_series_matrix_solvers.adb
Source file time stamp: 2026-07-16 01:03:09
Compiled at: 2026-07-16 01:06:56
 563 lines: No errors
   [Ada]          quaddobl_cseries_vector_norms.adb

GNAT 10.3.0
Copyright 1992-2020, Free Software Foundation, Inc.

Compiling: /home/runner/work/alire-crates-ci/alire-crates-ci/test/5f655e40-67d4-410c-84fb-5572da83bba4/phcpack_2.4.88_e448e94a/src/Ada/Math_Lib/Series/quaddobl_complex_vector_series.adb
Source file time stamp: 2026-07-16 01:03:09
Compiled at: 2026-07-16 01:06:57
 107 lines: No errors
   [Ada]          quaddobl_series_matrix_solvers.adb

GNAT 10.3.0
Copyright 1992-2020, Free Software Foundation, Inc.

Compiling: /home/runner/work/alire-crates-ci/alire-crates-ci/test/5f655e40-67d4-410c-84fb-5572da83bba4/phcpack_2.4.88_e448e94a/src/Ada/Math_Lib/Series/quaddobl_cseries_vector_norms.adb
Source file time stamp: 2026-07-16 01:03:09
Compiled at: 2026-07-16 01:06:57
 93 lines: No errors
   [Ada]          standard_complex_matrix_series.adb

GNAT 10.3.0
Copyright 1992-2020, Free Software Foundation, Inc.

Compiling: /home/runner/work/alire-crates-ci/alire-crates-ci/test/5f655e40-67d4-410c-84fb-5572da83bba4/phcpack_2.4.88_e448e94a/src/Ada/Math_Lib/Series/standard_complex_matrix_series.adb
Source file time stamp: 2026-07-16 01:03:09
Compiled at: 2026-07-16 01:06:57
 107 lines: No errors
   [Ada]          standard_complex_vector_series.adb

GNAT 10.3.0
Copyright 1992-2020, Free Software Foundation, Inc.

Compiling: /home/runner/work/alire-crates-ci/alire-crates-ci/test/5f655e40-67d4-410c-84fb-5572da83bba4/phcpack_2.4.88_e448e94a/src/Ada/Math_Lib/Series/pentdobl_series_matrix_solvers.adb
Source file time stamp: 2026-07-16 01:03:09
Compiled at: 2026-07-16 01:06:57
 563 lines: No errors
   [Ada]          standard_cseries_vector_norms.adb

GNAT 10.3.0
Copyright 1992-2020, Free Software Foundation, Inc.

Compiling: /home/runner/work/alire-crates-ci/alire-crates-ci/test/5f655e40-67d4-410c-84fb-5572da83bba4/phcpack_2.4.88_e448e94a/src/Ada/Math_Lib/Series/standard_complex_vector_series.adb
Source file time stamp: 2026-07-16 01:03:09
Compiled at: 2026-07-16 01:06:57
 107 lines: No errors
   [Ada]          standard_series_matrix_solvers.adb

GNAT 10.3.0
Copyright 1992-2020, Free Software Foundation, Inc.

Compiling: /home/runner/work/alire-crates-ci/alire-crates-ci/test/5f655e40-67d4-410c-84fb-5572da83bba4/phcpack_2.4.88_e448e94a/src/Ada/Math_Lib/Series/standard_cseries_vector_norms.adb
Source file time stamp: 2026-07-16 01:03:09
Compiled at: 2026-07-16 01:06:57
 93 lines: No errors
   [Ada]          tripdobl_complex_matrix_series.adb

GNAT 10.3.0
Copyright 1992-2020, Free Software Foundation, Inc.

Compiling: /home/runner/work/alire-crates-ci/alire-crates-ci/test/5f655e40-67d4-410c-84fb-5572da83bba4/phcpack_2.4.88_e448e94a/src/Ada/Math_Lib/Series/quaddobl_series_matrix_solvers.adb
Source file time stamp: 2026-07-16 01:03:09
Compiled at: 2026-07-16 01:06:57
 564 lines: No errors
   [Ada]          tripdobl_complex_vector_series.adb

GNAT 10.3.0
Copyright 1992-2020, Free Software Foundation, Inc.

Compiling: /home/runner/work/alire-crates-ci/alire-crates-ci/test/5f655e40-67d4-410c-84fb-5572da83bba4/phcpack_2.4.88_e448e94a/src/Ada/Math_Lib/Series/tripdobl_complex_matrix_series.adb
Source file time stamp: 2026-07-16 01:03:10
Compiled at: 2026-07-16 01:06:57
 107 lines: No errors
   [Ada]          tripdobl_cseries_vector_norms.adb

GNAT 10.3.0
Copyright 1992-2020, Free Software Foundation, Inc.

Compiling: /home/runner/work/alire-crates-ci/alire-crates-ci/test/5f655e40-67d4-410c-84fb-5572da83bba4/phcpack_2.4.88_e448e94a/src/Ada/Math_Lib/Series/tripdobl_complex_vector_series.adb
Source file time stamp: 2026-07-16 01:03:10
Compiled at: 2026-07-16 01:06:57
 107 lines: No errors
   [Ada]          tripdobl_series_matrix_solvers.adb

GNAT 10.3.0
Copyright 1992-2020, Free Software Foundation, Inc.

Compiling: /home/runner/work/alire-crates-ci/alire-crates-ci/test/5f655e40-67d4-410c-84fb-5572da83bba4/phcpack_2.4.88_e448e94a/src/Ada/Math_Lib/Series/tripdobl_cseries_vector_norms.adb
Source file time stamp: 2026-07-16 01:03:10
Compiled at: 2026-07-16 01:06:57
 93 lines: No errors
   [Ada]          multprec_floating_constants.adb

GNAT 10.3.0
Copyright 1992-2020, Free Software Foundation, Inc.

Compiling: /home/runner/work/alire-crates-ci/alire-crates-ci/test/5f655e40-67d4-410c-84fb-5572da83bba4/phcpack_2.4.88_e448e94a/src/Ada/Math_Lib/Numbers/multprec_floating_constants.adb
Source file time stamp: 2026-07-16 01:03:09
Compiled at: 2026-07-16 01:06:58
 27 lines: No errors
   [Ada]          generic_norms_equals.adb

GNAT 10.3.0
Copyright 1992-2020, Free Software Foundation, Inc.

Compiling: /home/runner/work/alire-crates-ci/alire-crates-ci/test/5f655e40-67d4-410c-84fb-5572da83bba4/phcpack_2.4.88_e448e94a/src/Ada/Math_Lib/Series/standard_series_matrix_solvers.adb
Source file time stamp: 2026-07-16 01:03:09
Compiled at: 2026-07-16 01:06:57
 706 lines: No errors
   [Ada]          simplex_pivoting.adb

GNAT 10.3.0
Copyright 1992-2020, Free Software Foundation, Inc.

Compiling: /home/runner/work/alire-crates-ci/alire-crates-ci/test/5f655e40-67d4-410c-84fb-5572da83bba4/phcpack_2.4.88_e448e94a/src/Ada/Math_Lib/Reduction/generic_norms_equals.adb
Source file time stamp: 2026-07-16 01:03:09
Compiled at: 2026-07-16 01:06:58
 81 lines: No errors
   [Ada]          standard_floating_eigenvalues.adb

GNAT 10.3.0
Copyright 1992-2020, Free Software Foundation, Inc.

Compiling: /home/runner/work/alire-crates-ci/alire-crates-ci/test/5f655e40-67d4-410c-84fb-5572da83bba4/phcpack_2.4.88_e448e94a/src/Ada/Root_Counts/MixedVol/simplex_pivoting.adb
Source file time stamp: 2026-07-16 01:03:10
Compiled at: 2026-07-16 01:06:58
 215 lines: No errors
   [Ada]          cascade_membership_filters.adb

GNAT 10.3.0
Copyright 1992-2020, Free Software Foundation, Inc.

Compiling: /home/runner/work/alire-crates-ci/alire-crates-ci/test/5f655e40-67d4-410c-84fb-5572da83bba4/phcpack_2.4.88_e448e94a/src/Ada/Math_Lib/Series/tripdobl_series_matrix_solvers.adb
Source file time stamp: 2026-07-16 01:03:10
Compiled at: 2026-07-16 01:06:58
 563 lines: No errors
   [Ada]          multprec_central_projections.adb

GNAT 10.3.0
Copyright 1992-2020, Free Software Foundation, Inc.

Compiling: /home/runner/work/alire-crates-ci/alire-crates-ci/test/5f655e40-67d4-410c-84fb-5572da83bba4/phcpack_2.4.88_e448e94a/src/Ada/Components/Interpolators/multprec_central_projections.adb
Source file time stamp: 2026-07-16 01:03:09
Compiled at: 2026-07-16 01:06:58
 105 lines: No errors
   [Ada]          multprec_membership_tests.adb

GNAT 10.3.0
Copyright 1992-2020, Free Software Foundation, Inc.

Compiling: /home/runner/work/alire-crates-ci/alire-crates-ci/test/5f655e40-67d4-410c-84fb-5572da83bba4/phcpack_2.4.88_e448e94a/src/Ada/Components/Decomposition/multprec_membership_tests.adb
Source file time stamp: 2026-07-16 01:03:09
Compiled at: 2026-07-16 01:06:58
 358 lines: No errors
   [Ada]          multprec_subspace_restrictions.adb

GNAT 10.3.0
Copyright 1992-2020, Free Software Foundation, Inc.

Compiling: /home/runner/work/alire-crates-ci/alire-crates-ci/test/5f655e40-67d4-410c-84fb-5572da83bba4/phcpack_2.4.88_e448e94a/src/Ada/Math_Lib/Reduction/standard_floating_eigenvalues.adb
Source file time stamp: 2026-07-16 01:03:09
Compiled at: 2026-07-16 01:06:58
 951 lines: No errors
   [Ada]          standard_central_projections.adb

GNAT 10.3.0
Copyright 1992-2020, Free Software Foundation, Inc.

Compiling: /home/runner/work/alire-crates-ci/alire-crates-ci/test/5f655e40-67d4-410c-84fb-5572da83bba4/phcpack_2.4.88_e448e94a/src/Ada/Components/Interpolators/standard_central_projections.adb
Source file time stamp: 2026-07-16 01:03:09
Compiled at: 2026-07-16 01:06:59
 86 lines: No errors
   [Ada]          standard_membership_tests.adb

GNAT 10.3.0
Copyright 1992-2020, Free Software Foundation, Inc.

Compiling: /home/runner/work/alire-crates-ci/alire-crates-ci/test/5f655e40-67d4-410c-84fb-5572da83bba4/phcpack_2.4.88_e448e94a/src/Ada/Components/Interpolators/multprec_subspace_restrictions.adb
Source file time stamp: 2026-07-16 01:03:09
Compiled at: 2026-07-16 01:06:59
 285 lines: No errors
   [Ada]          standard_subspace_restrictions.adb

GNAT 10.3.0
Copyright 1992-2020, Free Software Foundation, Inc.

Compiling: /home/runner/work/alire-crates-ci/alire-crates-ci/test/5f655e40-67d4-410c-84fb-5572da83bba4/phcpack_2.4.88_e448e94a/src/Ada/Components/Decomposition/standard_membership_tests.adb
Source file time stamp: 2026-07-16 01:03:09
Compiled at: 2026-07-16 01:06:59
 237 lines: No errors
   [Ada]          interpolation_points.adb

GNAT 10.3.0
Copyright 1992-2020, Free Software Foundation, Inc.

Compiling: /home/runner/work/alire-crates-ci/alire-crates-ci/test/5f655e40-67d4-410c-84fb-5572da83bba4/phcpack_2.4.88_e448e94a/src/Ada/Components/Interpolators/standard_subspace_restrictions.adb
Source file time stamp: 2026-07-16 01:03:09
Compiled at: 2026-07-16 01:06:59
 147 lines: No errors
   [Ada]          interpolation_point_lists.adb

GNAT 10.3.0
Copyright 1992-2020, Free Software Foundation, Inc.

Compiling: /home/runner/work/alire-crates-ci/alire-crates-ci/test/5f655e40-67d4-410c-84fb-5572da83bba4/phcpack_2.4.88_e448e94a/src/Ada/Components/Interpolators/interpolation_points.adb
Source file time stamp: 2026-07-16 01:03:09
Compiled at: 2026-07-16 01:06:59
 149 lines: No errors
   [Ada]          interpolation_filters_io.adb

GNAT 10.3.0
Copyright 1992-2020, Free Software Foundation, Inc.

Compiling: /home/runner/work/alire-crates-ci/alire-crates-ci/test/5f655e40-67d4-410c-84fb-5572da83bba4/phcpack_2.4.88_e448e94a/src/Ada/Components/Interpolators/interpolation_point_lists.adb
Source file time stamp: 2026-07-16 01:03:09
Compiled at: 2026-07-16 01:06:59
 103 lines: No errors
   [Ada]          span_of_component_io.adb

GNAT 10.3.0
Copyright 1992-2020, Free Software Foundation, Inc.

Compiling: /home/runner/work/alire-crates-ci/alire-crates-ci/test/5f655e40-67d4-410c-84fb-5572da83bba4/phcpack_2.4.88_e448e94a/src/Ada/Components/Interpolators/interpolation_filters_io.adb
Source file time stamp: 2026-07-16 01:03:09
Compiled at: 2026-07-16 01:06:59
 53 lines: No errors
   [Ada]          multprec_linear_spaces.adb

GNAT 10.3.0
Copyright 1992-2020, Free Software Foundation, Inc.

Compiling: /home/runner/work/alire-crates-ci/alire-crates-ci/test/5f655e40-67d4-410c-84fb-5572da83bba4/phcpack_2.4.88_e448e94a/src/Ada/Components/Interpolators/span_of_component_io.adb
Source file time stamp: 2026-07-16 01:03:09
Compiled at: 2026-07-16 01:06:59
 86 lines: No errors
   [Ada]          standard_linear_spaces.adb

GNAT 10.3.0
Copyright 1992-2020, Free Software Foundation, Inc.

Compiling: /home/runner/work/alire-crates-ci/alire-crates-ci/test/5f655e40-67d4-410c-84fb-5572da83bba4/phcpack_2.4.88_e448e94a/src/Ada/Components/Interpolators/multprec_linear_spaces.adb
Source file time stamp: 2026-07-16 01:03:09
Compiled at: 2026-07-16 01:06:59
 206 lines: No errors
   [Ada]          dobldobl_complex_nesvecs.ads

GNAT 10.3.0
Copyright 1992-2020, Free Software Foundation, Inc.

Compiling: /home/runner/work/alire-crates-ci/alire-crates-ci/test/5f655e40-67d4-410c-84fb-5572da83bba4/phcpack_2.4.88_e448e94a/src/Ada/Components/Decomposition/cascade_membership_filters.adb
Source file time stamp: 2026-07-16 01:03:09
Compiled at: 2026-07-16 01:06:58
 2367 lines: No errors
   [Ada]          dobldobl_complex_nesvecs_io.ads

GNAT 10.3.0
Copyright 1992-2020, Free Software Foundation, Inc.

Compiling: /home/runner/work/alire-crates-ci/alire-crates-ci/test/5f655e40-67d4-410c-84fb-5572da83bba4/phcpack_2.4.88_e448e94a/src/Ada/Components/Interpolators/standard_linear_spaces.adb
Source file time stamp: 2026-07-16 01:03:09
Compiled at: 2026-07-16 01:07:00
 112 lines: No errors
   [Ada]          dobldobl_power_traces.adb

GNAT 10.3.0
Copyright 1992-2020, Free Software Foundation, Inc.

Compiling: /home/runner/work/alire-crates-ci/alire-crates-ci/test/5f655e40-67d4-410c-84fb-5572da83bba4/phcpack_2.4.88_e448e94a/src/Ada/Math_Lib/Vectors/dobldobl_complex_nesvecs.ads
Source file time stamp: 2026-07-16 01:03:10
Compiled at: 2026-07-16 01:07:00
 9 lines: No errors
   [Ada]          dobldobl_univariate_interpolators.adb

GNAT 10.3.0
Copyright 1992-2020, Free Software Foundation, Inc.

Compiling: /home/runner/work/alire-crates-ci/alire-crates-ci/test/5f655e40-67d4-410c-84fb-5572da83bba4/phcpack_2.4.88_e448e94a/src/Ada/Components/Interpolators/dobldobl_power_traces.adb
Source file time stamp: 2026-07-16 01:03:09
Compiled at: 2026-07-16 01:07:00
 59 lines: No errors
   [Ada]          dobldobl_nvariate_interpolators.adb

GNAT 10.3.0
Copyright 1992-2020, Free Software Foundation, Inc.

Compiling: /home/runner/work/alire-crates-ci/alire-crates-ci/test/5f655e40-67d4-410c-84fb-5572da83bba4/phcpack_2.4.88_e448e94a/src/Ada/Math_Lib/Vectors/dobldobl_complex_nesvecs_io.ads
Source file time stamp: 2026-07-16 01:03:10
Compiled at: 2026-07-16 01:07:00
 14 lines: No errors
   [Ada]          multprec_to_standard_convertors.adb

GNAT 10.3.0
Copyright 1992-2020, Free Software Foundation, Inc.

Compiling: /home/runner/work/alire-crates-ci/alire-crates-ci/test/5f655e40-67d4-410c-84fb-5572da83bba4/phcpack_2.4.88_e448e94a/src/Ada/Components/Interpolators/dobldobl_univariate_interpolators.adb
Source file time stamp: 2026-07-16 01:03:09
Compiled at: 2026-07-16 01:07:00
 62 lines: No errors
   [Ada]          span_of_component_creators.adb

GNAT 10.3.0
Copyright 1992-2020, Free Software Foundation, Inc.

Compiling: /home/runner/work/alire-crates-ci/alire-crates-ci/test/5f655e40-67d4-410c-84fb-5572da83bba4/phcpack_2.4.88_e448e94a/src/Ada/Math_Lib/Polynomials/multprec_to_standard_convertors.adb
Source file time stamp: 2026-07-16 01:03:09
Compiled at: 2026-07-16 01:07:00
 70 lines: No errors
   [Ada]          quaddobl_complex_nesvecs.ads

GNAT 10.3.0
Copyright 1992-2020, Free Software Foundation, Inc.

Compiling: /home/runner/work/alire-crates-ci/alire-crates-ci/test/5f655e40-67d4-410c-84fb-5572da83bba4/phcpack_2.4.88_e448e94a/src/Ada/Components/Interpolators/span_of_component_creators.adb
Source file time stamp: 2026-07-16 01:03:09
Compiled at: 2026-07-16 01:07:00
 36 lines: No errors
   [Ada]          quaddobl_complex_nesvecs_io.ads

GNAT 10.3.0
Copyright 1992-2020, Free Software Foundation, Inc.

Compiling: /home/runner/work/alire-crates-ci/alire-crates-ci/test/5f655e40-67d4-410c-84fb-5572da83bba4/phcpack_2.4.88_e448e94a/src/Ada/Math_Lib/Vectors/quaddobl_complex_nesvecs.ads
Source file time stamp: 2026-07-16 01:03:10
Compiled at: 2026-07-16 01:07:00
 9 lines: No errors
   [Ada]          quaddobl_power_traces.adb

GNAT 10.3.0
Copyright 1992-2020, Free Software Foundation, Inc.

Compiling: /home/runner/work/alire-crates-ci/alire-crates-ci/test/5f655e40-67d4-410c-84fb-5572da83bba4/phcpack_2.4.88_e448e94a/src/Ada/Math_Lib/Vectors/quaddobl_complex_nesvecs_io.ads
Source file time stamp: 2026-07-16 01:03:10
Compiled at: 2026-07-16 01:07:00
 14 lines: No errors
   [Ada]          quaddobl_univariate_interpolators.adb

GNAT 10.3.0
Copyright 1992-2020, Free Software Foundation, Inc.

Compiling: /home/runner/work/alire-crates-ci/alire-crates-ci/test/5f655e40-67d4-410c-84fb-5572da83bba4/phcpack_2.4.88_e448e94a/src/Ada/Components/Interpolators/quaddobl_power_traces.adb
Source file time stamp: 2026-07-16 01:03:09
Compiled at: 2026-07-16 01:07:00
 59 lines: No errors
   [Ada]          quaddobl_nvariate_interpolators.adb

GNAT 10.3.0
Copyright 1992-2020, Free Software Foundation, Inc.

Compiling: /home/runner/work/alire-crates-ci/alire-crates-ci/test/5f655e40-67d4-410c-84fb-5572da83bba4/phcpack_2.4.88_e448e94a/src/Ada/Components/Interpolators/quaddobl_univariate_interpolators.adb
Source file time stamp: 2026-07-16 01:03:09
Compiled at: 2026-07-16 01:07:00
 62 lines: No errors
   [Ada]          sample_points_io.adb

GNAT 10.3.0
Copyright 1992-2020, Free Software Foundation, Inc.

Compiling: /home/runner/work/alire-crates-ci/alire-crates-ci/test/5f655e40-67d4-410c-84fb-5572da83bba4/phcpack_2.4.88_e448e94a/src/Ada/Components/Samplers/sample_points_io.adb
Source file time stamp: 2026-07-16 01:03:09
Compiled at: 2026-07-16 01:07:00
 75 lines: No errors
   [Ada]          dobldobl_complex_veclists.ads

GNAT 10.3.0
Copyright 1992-2020, Free Software Foundation, Inc.

Compiling: /home/runner/work/alire-crates-ci/alire-crates-ci/test/5f655e40-67d4-410c-84fb-5572da83bba4/phcpack_2.4.88_e448e94a/src/Ada/Components/Interpolators/dobldobl_nvariate_interpolators.adb
Source file time stamp: 2026-07-16 01:03:09
Compiled at: 2026-07-16 01:07:00
 562 lines: No errors
   [Ada]          quaddobl_complex_veclists.ads

GNAT 10.3.0
Copyright 1992-2020, Free Software Foundation, Inc.

Compiling: /home/runner/work/alire-crates-ci/alire-crates-ci/test/5f655e40-67d4-410c-84fb-5572da83bba4/phcpack_2.4.88_e448e94a/src/Ada/Math_Lib/Supports/dobldobl_complex_veclists.ads
Source file time stamp: 2026-07-16 01:03:10
Compiled at: 2026-07-16 01:07:00
 12 lines: No errors
   [Ada]          standard_complex_veclists.ads

GNAT 10.3.0
Copyright 1992-2020, Free Software Foundation, Inc.

Compiling: /home/runner/work/alire-crates-ci/alire-crates-ci/test/5f655e40-67d4-410c-84fb-5572da83bba4/phcpack_2.4.88_e448e94a/src/Ada/Math_Lib/Supports/standard_complex_veclists.ads
Source file time stamp: 2026-07-16 01:03:10
Compiled at: 2026-07-16 01:07:01
 12 lines: No errors
   [Ada]          decadobl_complex_ring_io.ads

GNAT 10.3.0
Copyright 1992-2020, Free Software Foundation, Inc.

Compiling: /home/runner/work/alire-crates-ci/alire-crates-ci/test/5f655e40-67d4-410c-84fb-5572da83bba4/phcpack_2.4.88_e448e94a/src/Ada/Math_Lib/Supports/quaddobl_complex_veclists.ads
Source file time stamp: 2026-07-16 01:03:10
Compiled at: 2026-07-16 01:07:01
 12 lines: No errors
   [Ada]          multitasked_newton_convolutions.adb

GNAT 10.3.0
Copyright 1992-2020, Free Software Foundation, Inc.

Compiling: /home/runner/work/alire-crates-ci/alire-crates-ci/test/5f655e40-67d4-410c-84fb-5572da83bba4/phcpack_2.4.88_e448e94a/src/Ada/Math_Lib/QD/decadobl_complex_ring_io.ads
Source file time stamp: 2026-07-16 01:03:09
Compiled at: 2026-07-16 01:07:01
 12 lines: No errors
   [Ada]          multitasked_series_linearization.adb

GNAT 10.3.0
Copyright 1992-2020, Free Software Foundation, Inc.

Compiling: /home/runner/work/alire-crates-ci/alire-crates-ci/test/5f655e40-67d4-410c-84fb-5572da83bba4/phcpack_2.4.88_e448e94a/src/Ada/Components/Interpolators/quaddobl_nvariate_interpolators.adb
Source file time stamp: 2026-07-16 01:03:09
Compiled at: 2026-07-16 01:07:00
 562 lines: No errors
   [Ada]          hexadobl_complex_ring_io.ads

GNAT 10.3.0
Copyright 1992-2020, Free Software Foundation, Inc.

Compiling: /home/runner/work/alire-crates-ci/alire-crates-ci/test/5f655e40-67d4-410c-84fb-5572da83bba4/phcpack_2.4.88_e448e94a/src/Ada/Math_Lib/QD/hexadobl_complex_ring_io.ads
Source file time stamp: 2026-07-16 01:03:09
Compiled at: 2026-07-16 01:07:01
 12 lines: No errors
   [Ada]          hexadobl_series_matrix_solvers.adb

GNAT 10.3.0
Copyright 1992-2020, Free Software Foundation, Inc.

Compiling: /home/runner/work/alire-crates-ci/alire-crates-ci/test/5f655e40-67d4-410c-84fb-5572da83bba4/phcpack_2.4.88_e448e94a/src/Ada/Math_Lib/Series/hexadobl_series_matrix_solvers.adb
Source file time stamp: 2026-07-16 01:03:09
Compiled at: 2026-07-16 01:07:01
 563 lines: No errors
   [Ada]          octodobl_complex_ring_io.ads

GNAT 10.3.0
Copyright 1992-2020, Free Software Foundation, Inc.

Compiling: /home/runner/work/alire-crates-ci/alire-crates-ci/test/5f655e40-67d4-410c-84fb-5572da83bba4/phcpack_2.4.88_e448e94a/src/Ada/Math_Lib/QD/octodobl_complex_ring_io.ads
Source file time stamp: 2026-07-16 01:03:09
Compiled at: 2026-07-16 01:07:02
 12 lines: No errors
   [Ada]          decadobl_complex_vecmats.ads

GNAT 10.3.0
Copyright 1992-2020, Free Software Foundation, Inc.

Compiling: /home/runner/work/alire-crates-ci/alire-crates-ci/test/5f655e40-67d4-410c-84fb-5572da83bba4/phcpack_2.4.88_e448e94a/src/Ada/Math_Lib/Matrices/decadobl_complex_vecmats.ads
Source file time stamp: 2026-07-16 01:03:09
Compiled at: 2026-07-16 01:07:02
 13 lines: No errors
   [Ada]          pentdobl_complex_ring_io.ads

GNAT 10.3.0
Copyright 1992-2020, Free Software Foundation, Inc.

Compiling: /home/runner/work/alire-crates-ci/alire-crates-ci/test/5f655e40-67d4-410c-84fb-5572da83bba4/phcpack_2.4.88_e448e94a/src/Ada/Math_Lib/QD/pentdobl_complex_ring_io.ads
Source file time stamp: 2026-07-16 01:03:09
Compiled at: 2026-07-16 01:07:02
 12 lines: No errors
   [Ada]          hexadobl_complex_vecmats.ads

GNAT 10.3.0
Copyright 1992-2020, Free Software Foundation, Inc.

Compiling: /home/runner/work/alire-crates-ci/alire-crates-ci/test/5f655e40-67d4-410c-84fb-5572da83bba4/phcpack_2.4.88_e448e94a/src/Ada/Math_Lib/Matrices/hexadobl_complex_vecmats.ads
Source file time stamp: 2026-07-16 01:03:09
Compiled at: 2026-07-16 01:07:02
 13 lines: No errors
   [Ada]          octodobl_complex_vecmats.ads

GNAT 10.3.0
Copyright 1992-2020, Free Software Foundation, Inc.

Compiling: /home/runner/work/alire-crates-ci/alire-crates-ci/test/5f655e40-67d4-410c-84fb-5572da83bba4/phcpack_2.4.88_e448e94a/src/Ada/Tasking/multitasked_newton_convolutions.adb
Source file time stamp: 2026-07-16 01:03:10
Compiled at: 2026-07-16 01:07:01
 991 lines: No errors
   [Ada]          newton_coefficient_convolutions.adb

GNAT 10.3.0
Copyright 1992-2020, Free Software Foundation, Inc.

Compiling: /home/runner/work/alire-crates-ci/alire-crates-ci/test/5f655e40-67d4-410c-84fb-5572da83bba4/phcpack_2.4.88_e448e94a/src/Ada/Math_Lib/Matrices/octodobl_complex_vecmats.ads
Source file time stamp: 2026-07-16 01:03:09
Compiled at: 2026-07-16 01:07:02
 13 lines: No errors
   [Ada]          tripdobl_complex_ring_io.ads

GNAT 10.3.0
Copyright 1992-2020, Free Software Foundation, Inc.

Compiling: /home/runner/work/alire-crates-ci/alire-crates-ci/test/5f655e40-67d4-410c-84fb-5572da83bba4/phcpack_2.4.88_e448e94a/src/Ada/Math_Lib/QD/tripdobl_complex_ring_io.ads
Source file time stamp: 2026-07-16 01:03:09
Compiled at: 2026-07-16 01:07:02
 12 lines: No errors
   [Ada]          decadobl_complex_laurentials_io.adb

GNAT 10.3.0
Copyright 1992-2020, Free Software Foundation, Inc.

Compiling: /home/runner/work/alire-crates-ci/alire-crates-ci/test/5f655e40-67d4-410c-84fb-5572da83bba4/phcpack_2.4.88_e448e94a/src/Ada/Math_Lib/Polynomials/decadobl_complex_laurentials_io.adb
Source file time stamp: 2026-07-16 01:03:09
Compiled at: 2026-07-16 01:07:02
 143 lines: No errors
   [Ada]          pentdobl_complex_vecmats.ads

GNAT 10.3.0
Copyright 1992-2020, Free Software Foundation, Inc.

Compiling: /home/runner/work/alire-crates-ci/alire-crates-ci/test/5f655e40-67d4-410c-84fb-5572da83bba4/phcpack_2.4.88_e448e94a/src/Ada/Math_Lib/Matrices/pentdobl_complex_vecmats.ads
Source file time stamp: 2026-07-16 01:03:09
Compiled at: 2026-07-16 01:07:02
 13 lines: No errors
   [Ada]          octodobl_complex_laurentials_io.adb

GNAT 10.3.0
Copyright 1992-2020, Free Software Foundation, Inc.

Compiling: /home/runner/work/alire-crates-ci/alire-crates-ci/test/5f655e40-67d4-410c-84fb-5572da83bba4/phcpack_2.4.88_e448e94a/src/Ada/Math_Lib/Polynomials/octodobl_complex_laurentials_io.adb
Source file time stamp: 2026-07-16 01:03:09
Compiled at: 2026-07-16 01:07:02
 143 lines: No errors
   [Ada]          pentdobl_complex_laurentials_io.adb

GNAT 10.3.0
Copyright 1992-2020, Free Software Foundation, Inc.

Compiling: /home/runner/work/alire-crates-ci/alire-crates-ci/test/5f655e40-67d4-410c-84fb-5572da83bba4/phcpack_2.4.88_e448e94a/src/Ada/Math_Lib/Polynomials/pentdobl_complex_laurentials_io.adb
Source file time stamp: 2026-07-16 01:03:09
Compiled at: 2026-07-16 01:07:02
 143 lines: No errors
   [Ada]          tripdobl_complex_laurentials_io.adb

GNAT 10.3.0
Copyright 1992-2020, Free Software Foundation, Inc.

Compiling: /home/runner/work/alire-crates-ci/alire-crates-ci/test/5f655e40-67d4-410c-84fb-5572da83bba4/phcpack_2.4.88_e448e94a/src/Ada/Math_Lib/Polynomials/tripdobl_complex_laurentials_io.adb
Source file time stamp: 2026-07-16 01:03:09
Compiled at: 2026-07-16 01:07:03
 143 lines: No errors
   [Ada]          tripdobl_complex_vecmats.ads

GNAT 10.3.0
Copyright 1992-2020, Free Software Foundation, Inc.

Compiling: /home/runner/work/alire-crates-ci/alire-crates-ci/test/5f655e40-67d4-410c-84fb-5572da83bba4/phcpack_2.4.88_e448e94a/src/Ada/Math_Lib/Matrices/tripdobl_complex_vecmats.ads
Source file time stamp: 2026-07-16 01:03:09
Compiled at: 2026-07-16 01:07:03
 13 lines: No errors
   [Ada]          hyperplane_convolution_scaling.adb

GNAT 10.3.0
Copyright 1992-2020, Free Software Foundation, Inc.

Compiling: /home/runner/work/alire-crates-ci/alire-crates-ci/test/5f655e40-67d4-410c-84fb-5572da83bba4/phcpack_2.4.88_e448e94a/src/Ada/Deformations/Curves/hyperplane_convolution_scaling.adb
Source file time stamp: 2026-07-16 01:03:09
Compiled at: 2026-07-16 01:07:03
 369 lines: No errors
   [Ada]          standard_inlined_blas_helpers.adb

GNAT 10.3.0
Copyright 1992-2020, Free Software Foundation, Inc.

Compiling: /home/runner/work/alire-crates-ci/alire-crates-ci/test/5f655e40-67d4-410c-84fb-5572da83bba4/phcpack_2.4.88_e448e94a/src/Ada/Math_Lib/Reduction/standard_inlined_blas_helpers.adb
Source file time stamp: 2026-07-16 01:03:09
Compiled at: 2026-07-16 01:07:03
 448 lines: No errors
   [Ada]          deca_double_poly_systems.ads

GNAT 10.3.0
Copyright 1992-2020, Free Software Foundation, Inc.

Compiling: /home/runner/work/alire-crates-ci/alire-crates-ci/test/5f655e40-67d4-410c-84fb-5572da83bba4/phcpack_2.4.88_e448e94a/src/Ada/Math_Lib/Circuits/newton_coefficient_convolutions.adb
Source file time stamp: 2026-07-16 01:03:09
Compiled at: 2026-07-16 01:07:02
 1498 lines: No errors
   [Ada]          deca_double_polynomials.ads

GNAT 10.3.0
Copyright 1992-2020, Free Software Foundation, Inc.

Compiling: /home/runner/work/alire-crates-ci/alire-crates-ci/test/5f655e40-67d4-410c-84fb-5572da83bba4/phcpack_2.4.88_e448e94a/src/Ada/Math_Lib/Polynomials/deca_double_poly_systems.ads
Source file time stamp: 2026-07-16 01:03:09
Compiled at: 2026-07-16 01:07:04
 10 lines: No errors
   [Ada]          hexa_double_poly_systems.ads

GNAT 10.3.0
Copyright 1992-2020, Free Software Foundation, Inc.

Compiling: /home/runner/work/alire-crates-ci/alire-crates-ci/test/5f655e40-67d4-410c-84fb-5572da83bba4/phcpack_2.4.88_e448e94a/src/Ada/Math_Lib/Polynomials/hexa_double_poly_systems.ads
Source file time stamp: 2026-07-16 01:03:09
Compiled at: 2026-07-16 01:07:04
 10 lines: No errors
   [Ada]          hexa_double_polynomials.ads

GNAT 10.3.0
Copyright 1992-2020, Free Software Foundation, Inc.

Compiling: /home/runner/work/alire-crates-ci/alire-crates-ci/test/5f655e40-67d4-410c-84fb-5572da83bba4/phcpack_2.4.88_e448e94a/src/Ada/Math_Lib/Polynomials/deca_double_polynomials.ads
Source file time stamp: 2026-07-16 01:03:09
Compiled at: 2026-07-16 01:07:04
 8 lines: No errors
   [Ada]          hexadobl_complex_laurentials_io.adb

GNAT 10.3.0
Copyright 1992-2020, Free Software Foundation, Inc.

Compiling: /home/runner/work/alire-crates-ci/alire-crates-ci/test/5f655e40-67d4-410c-84fb-5572da83bba4/phcpack_2.4.88_e448e94a/src/Ada/Math_Lib/Polynomials/hexadobl_complex_laurentials_io.adb
Source file time stamp: 2026-07-16 01:03:09
Compiled at: 2026-07-16 01:07:04
 143 lines: No errors
   [Ada]          octo_double_poly_systems.ads

GNAT 10.3.0
Copyright 1992-2020, Free Software Foundation, Inc.

Compiling: /home/runner/work/alire-crates-ci/alire-crates-ci/test/5f655e40-67d4-410c-84fb-5572da83bba4/phcpack_2.4.88_e448e94a/src/Ada/Math_Lib/Polynomials/octo_double_poly_systems.ads
Source file time stamp: 2026-07-16 01:03:09
Compiled at: 2026-07-16 01:07:04
 10 lines: No errors
   [Ada]          octo_double_polynomials.ads

GNAT 10.3.0
Copyright 1992-2020, Free Software Foundation, Inc.

Compiling: /home/runner/work/alire-crates-ci/alire-crates-ci/test/5f655e40-67d4-410c-84fb-5572da83bba4/phcpack_2.4.88_e448e94a/src/Ada/Math_Lib/Polynomials/hexa_double_polynomials.ads
Source file time stamp: 2026-07-16 01:03:09
Compiled at: 2026-07-16 01:07:04
 8 lines: No errors
   [Ada]          penta_double_poly_systems.ads

GNAT 10.3.0
Copyright 1992-2020, Free Software Foundation, Inc.

Compiling: /home/runner/work/alire-crates-ci/alire-crates-ci/test/5f655e40-67d4-410c-84fb-5572da83bba4/phcpack_2.4.88_e448e94a/src/Ada/Math_Lib/Polynomials/penta_double_poly_systems.ads
Source file time stamp: 2026-07-16 01:03:09
Compiled at: 2026-07-16 01:07:04
 10 lines: No errors
   [Ada]          penta_double_polynomials.ads

GNAT 10.3.0
Copyright 1992-2020, Free Software Foundation, Inc.

Compiling: /home/runner/work/alire-crates-ci/alire-crates-ci/test/5f655e40-67d4-410c-84fb-5572da83bba4/phcpack_2.4.88_e448e94a/src/Ada/Math_Lib/Polynomials/octo_double_polynomials.ads
Source file time stamp: 2026-07-16 01:03:09
Compiled at: 2026-07-16 01:07:04
 8 lines: No errors
   [Ada]          triple_double_poly_systems.ads

GNAT 10.3.0
Copyright 1992-2020, Free Software Foundation, Inc.

Compiling: /home/runner/work/alire-crates-ci/alire-crates-ci/test/5f655e40-67d4-410c-84fb-5572da83bba4/phcpack_2.4.88_e448e94a/src/Ada/Math_Lib/Polynomials/triple_double_poly_systems.ads
Source file time stamp: 2026-07-16 01:03:09
Compiled at: 2026-07-16 01:07:05
 10 lines: No errors
   [Ada]          triple_double_polynomials.ads

GNAT 10.3.0
Copyright 1992-2020, Free Software Foundation, Inc.

Compiling: /home/runner/work/alire-crates-ci/alire-crates-ci/test/5f655e40-67d4-410c-84fb-5572da83bba4/phcpack_2.4.88_e448e94a/src/Ada/Math_Lib/Polynomials/penta_double_polynomials.ads
Source file time stamp: 2026-07-16 01:03:09
Compiled at: 2026-07-16 01:07:05
 8 lines: No errors
   [Ada]          inner_normal_cones.adb

GNAT 10.3.0
Copyright 1992-2020, Free Software Foundation, Inc.

Compiling: /home/runner/work/alire-crates-ci/alire-crates-ci/test/5f655e40-67d4-410c-84fb-5572da83bba4/phcpack_2.4.88_e448e94a/src/Ada/Root_Counts/Stalift/inner_normal_cones.adb
Source file time stamp: 2026-07-16 01:03:10
Compiled at: 2026-07-16 01:07:05
 615 lines: No errors
   [Ada]          normal_cone_intersections.adb

GNAT 10.3.0
Copyright 1992-2020, Free Software Foundation, Inc.

Compiling: /home/runner/work/alire-crates-ci/alire-crates-ci/test/5f655e40-67d4-410c-84fb-5572da83bba4/phcpack_2.4.88_e448e94a/src/Ada/Math_Lib/Polynomials/triple_double_polynomials.ads
Source file time stamp: 2026-07-16 01:03:09
Compiled at: 2026-07-16 01:07:05
 8 lines: No errors
   [Ada]          frequency_graph.adb

GNAT 10.3.0
Copyright 1992-2020, Free Software Foundation, Inc.

Compiling: /home/runner/work/alire-crates-ci/alire-crates-ci/test/5f655e40-67d4-410c-84fb-5572da83bba4/phcpack_2.4.88_e448e94a/src/Ada/Tasking/multitasked_series_linearization.adb
Source file time stamp: 2026-07-16 01:03:10
Compiled at: 2026-07-16 01:07:01
 4072 lines: No errors
   [Ada]          multprec_integer64_ring.ads

GNAT 10.3.0
Copyright 1992-2020, Free Software Foundation, Inc.

Compiling: /home/runner/work/alire-crates-ci/alire-crates-ci/test/5f655e40-67d4-410c-84fb-5572da83bba4/phcpack_2.4.88_e448e94a/src/Ada/Math_Lib/Numbers/multprec_integer64_ring.ads
Source file time stamp: 2026-07-16 01:03:09
Compiled at: 2026-07-16 01:07:06
 14 lines: No errors
   [Ada]          multprec_integer64_vectors.ads

GNAT 10.3.0
Copyright 1992-2020, Free Software Foundation, Inc.

Compiling: /home/runner/work/alire-crates-ci/alire-crates-ci/test/5f655e40-67d4-410c-84fb-5572da83bba4/phcpack_2.4.88_e448e94a/src/Ada/Root_Counts/Dynlift/frequency_graph.adb
Source file time stamp: 2026-07-16 01:03:10
Compiled at: 2026-07-16 01:07:06
 222 lines: No errors
   [Ada]          multprec_deflation_matrices.adb

GNAT 10.3.0
Copyright 1992-2020, Free Software Foundation, Inc.

Compiling: /home/runner/work/alire-crates-ci/alire-crates-ci/test/5f655e40-67d4-410c-84fb-5572da83bba4/phcpack_2.4.88_e448e94a/src/Ada/Root_Counts/Stalift/normal_cone_intersections.adb
Source file time stamp: 2026-07-16 01:03:10
Compiled at: 2026-07-16 01:07:06
 343 lines: No errors
   [Ada]          multprec_evaluate_deflation_io.adb

GNAT 10.3.0
Copyright 1992-2020, Free Software Foundation, Inc.

Compiling: /home/runner/work/alire-crates-ci/alire-crates-ci/test/5f655e40-67d4-410c-84fb-5572da83bba4/phcpack_2.4.88_e448e94a/src/Ada/Deformations/Newton/multprec_evaluate_deflation_io.adb
Source file time stamp: 2026-07-16 01:03:09
Compiled at: 2026-07-16 01:07:06
 231 lines: No errors
   [Ada]          basis_exchanges.adb

GNAT 10.3.0
Copyright 1992-2020, Free Software Foundation, Inc.

Compiling: /home/runner/work/alire-crates-ci/alire-crates-ci/test/5f655e40-67d4-410c-84fb-5572da83bba4/phcpack_2.4.88_e448e94a/src/Ada/Math_Lib/Vectors/multprec_integer64_vectors.ads
Source file time stamp: 2026-07-16 01:03:10
Compiled at: 2026-07-16 01:07:06
 9 lines: No errors
   [Ada]          dobldobl_vlprs_tables.adb

GNAT 10.3.0
Copyright 1992-2020, Free Software Foundation, Inc.

Compiling: /home/runner/work/alire-crates-ci/alire-crates-ci/test/5f655e40-67d4-410c-84fb-5572da83bba4/phcpack_2.4.88_e448e94a/src/Ada/Math_Lib/Supports/basis_exchanges.adb
Source file time stamp: 2026-07-16 01:03:10
Compiled at: 2026-07-16 01:07:06
 282 lines: No errors
   [Ada]          quaddobl_vlprs_tables.adb

GNAT 10.3.0
Copyright 1992-2020, Free Software Foundation, Inc.

Compiling: /home/runner/work/alire-crates-ci/alire-crates-ci/test/5f655e40-67d4-410c-84fb-5572da83bba4/phcpack_2.4.88_e448e94a/src/Ada/Deformations/End_Games/dobldobl_vlprs_tables.adb
Source file time stamp: 2026-07-16 01:03:09
Compiled at: 2026-07-16 01:07:06
 291 lines: No errors
   [Ada]          multprec_extrapolators.adb

GNAT 10.3.0
Copyright 1992-2020, Free Software Foundation, Inc.

Compiling: /home/runner/work/alire-crates-ci/alire-crates-ci/test/5f655e40-67d4-410c-84fb-5572da83bba4/phcpack_2.4.88_e448e94a/src/Ada/Deformations/End_Games/quaddobl_vlprs_tables.adb
Source file time stamp: 2026-07-16 01:03:09
Compiled at: 2026-07-16 01:07:06
 291 lines: No errors
   [Ada]          standard_floating_vector_norms.adb

GNAT 10.3.0
Copyright 1992-2020, Free Software Foundation, Inc.

Compiling: /home/runner/work/alire-crates-ci/alire-crates-ci/test/5f655e40-67d4-410c-84fb-5572da83bba4/phcpack_2.4.88_e448e94a/src/Ada/Math_Lib/Reduction/standard_floating_vector_norms.adb
Source file time stamp: 2026-07-16 01:03:09
Compiled at: 2026-07-16 01:07:07
 44 lines: No errors
   [Ada]          standard_vlprs_algorithm.adb

GNAT 10.3.0
Copyright 1992-2020, Free Software Foundation, Inc.

Compiling: /home/runner/work/alire-crates-ci/alire-crates-ci/test/5f655e40-67d4-410c-84fb-5572da83bba4/phcpack_2.4.88_e448e94a/src/Ada/Deformations/Curves/multprec_extrapolators.adb
Source file time stamp: 2026-07-16 01:03:09
Compiled at: 2026-07-16 01:07:06
 463 lines: No errors
   [Ada]          dobldobl_monomial_evaluations.adb

GNAT 10.3.0
Copyright 1992-2020, Free Software Foundation, Inc.

Compiling: /home/runner/work/alire-crates-ci/alire-crates-ci/test/5f655e40-67d4-410c-84fb-5572da83bba4/phcpack_2.4.88_e448e94a/src/Ada/Deformations/End_Games/standard_vlprs_algorithm.adb
Source file time stamp: 2026-07-16 01:03:09
Compiled at: 2026-07-16 01:07:07
 126 lines: No errors
   [Ada]          dobldobl_speelpenning_products.adb

GNAT 10.3.0
Copyright 1992-2020, Free Software Foundation, Inc.

Compiling: /home/runner/work/alire-crates-ci/alire-crates-ci/test/5f655e40-67d4-410c-84fb-5572da83bba4/phcpack_2.4.88_e448e94a/src/Ada/Math_Lib/Circuits/dobldobl_monomial_evaluations.adb
Source file time stamp: 2026-07-16 01:03:09
Compiled at: 2026-07-16 01:07:07
 118 lines: No errors
   [Ada]          standard_monomial_evaluations.adb

GNAT 10.3.0
Copyright 1992-2020, Free Software Foundation, Inc.

Compiling: /home/runner/work/alire-crates-ci/alire-crates-ci/test/5f655e40-67d4-410c-84fb-5572da83bba4/phcpack_2.4.88_e448e94a/src/Ada/Math_Lib/Circuits/standard_monomial_evaluations.adb
Source file time stamp: 2026-07-16 01:03:09
Compiled at: 2026-07-16 01:07:07
 144 lines: No errors
   [Ada]          standard_speelpenning_products.adb

GNAT 10.3.0
Copyright 1992-2020, Free Software Foundation, Inc.

Compiling: /home/runner/work/alire-crates-ci/alire-crates-ci/test/5f655e40-67d4-410c-84fb-5572da83bba4/phcpack_2.4.88_e448e94a/src/Ada/Math_Lib/Circuits/dobldobl_speelpenning_products.adb
Source file time stamp: 2026-07-16 01:03:09
Compiled at: 2026-07-16 01:07:07
 234 lines: No errors
   [Ada]          quaddobl_monomial_evaluations.adb

GNAT 10.3.0
Copyright 1992-2020, Free Software Foundation, Inc.

Compiling: /home/runner/work/alire-crates-ci/alire-crates-ci/test/5f655e40-67d4-410c-84fb-5572da83bba4/phcpack_2.4.88_e448e94a/src/Ada/Deformations/Newton/multprec_deflation_matrices.adb
Source file time stamp: 2026-07-16 01:03:09
Compiled at: 2026-07-16 01:07:06
 1349 lines: No errors
   [Ada]          quaddobl_speelpenning_products.adb

GNAT 10.3.0
Copyright 1992-2020, Free Software Foundation, Inc.

Compiling: /home/runner/work/alire-crates-ci/alire-crates-ci/test/5f655e40-67d4-410c-84fb-5572da83bba4/phcpack_2.4.88_e448e94a/src/Ada/Math_Lib/Circuits/quaddobl_monomial_evaluations.adb
Source file time stamp: 2026-07-16 01:03:09
Compiled at: 2026-07-16 01:07:07
 118 lines: No errors
   [Ada]          triple_double_vectors.ads

GNAT 10.3.0
Copyright 1992-2020, Free Software Foundation, Inc.

Compiling: /home/runner/work/alire-crates-ci/alire-crates-ci/test/5f655e40-67d4-410c-84fb-5572da83bba4/phcpack_2.4.88_e448e94a/src/Ada/Math_Lib/Circuits/standard_speelpenning_products.adb
Source file time stamp: 2026-07-16 01:03:09
Compiled at: 2026-07-16 01:07:07
 274 lines: No errors
   [Ada]          triple_double_vecvecs.ads

GNAT 10.3.0
Copyright 1992-2020, Free Software Foundation, Inc.

Compiling: /home/runner/work/alire-crates-ci/alire-crates-ci/test/5f655e40-67d4-410c-84fb-5572da83bba4/phcpack_2.4.88_e448e94a/src/Ada/Math_Lib/Circuits/quaddobl_speelpenning_products.adb
Source file time stamp: 2026-07-16 01:03:09
Compiled at: 2026-07-16 01:07:07
 236 lines: No errors
   [Ada]          dobldobl_complex_algebraic_series.adb

GNAT 10.3.0
Copyright 1992-2020, Free Software Foundation, Inc.

Compiling: /home/runner/work/alire-crates-ci/alire-crates-ci/test/5f655e40-67d4-410c-84fb-5572da83bba4/phcpack_2.4.88_e448e94a/src/Ada/Math_Lib/Vectors/triple_double_vectors.ads
Source file time stamp: 2026-07-16 01:03:10
Compiled at: 2026-07-16 01:07:07
 8 lines: No errors
   [Ada]          dobldobl_complex_series_norms.adb

GNAT 10.3.0
Copyright 1992-2020, Free Software Foundation, Inc.

Compiling: /home/runner/work/alire-crates-ci/alire-crates-ci/test/5f655e40-67d4-410c-84fb-5572da83bba4/phcpack_2.4.88_e448e94a/src/Ada/Math_Lib/Series/dobldobl_complex_series_norms.adb
Source file time stamp: 2026-07-16 01:03:09
Compiled at: 2026-07-16 01:07:08
 92 lines: No errors
   [Ada]          decadobl_complex_algebraic_series.adb

GNAT 10.3.0
Copyright 1992-2020, Free Software Foundation, Inc.

Compiling: /home/runner/work/alire-crates-ci/alire-crates-ci/test/5f655e40-67d4-410c-84fb-5572da83bba4/phcpack_2.4.88_e448e94a/src/Ada/Math_Lib/Vectors/triple_double_vecvecs.ads
Source file time stamp: 2026-07-16 01:03:10
Compiled at: 2026-07-16 01:07:07
 9 lines: No errors
   [Ada]          decadobl_complex_series_norms.adb

GNAT 10.3.0
Copyright 1992-2020, Free Software Foundation, Inc.

Compiling: /home/runner/work/alire-crates-ci/alire-crates-ci/test/5f655e40-67d4-410c-84fb-5572da83bba4/phcpack_2.4.88_e448e94a/src/Ada/Math_Lib/Series/dobldobl_complex_algebraic_series.adb
Source file time stamp: 2026-07-16 01:03:09
Compiled at: 2026-07-16 01:07:08
 115 lines: No errors
   [Ada]          dobldobl_echelon_forms.adb

GNAT 10.3.0
Copyright 1992-2020, Free Software Foundation, Inc.

Compiling: /home/runner/work/alire-crates-ci/alire-crates-ci/test/5f655e40-67d4-410c-84fb-5572da83bba4/phcpack_2.4.88_e448e94a/src/Ada/Math_Lib/Series/decadobl_complex_series_norms.adb
Source file time stamp: 2026-07-16 01:03:09
Compiled at: 2026-07-16 01:07:08
 92 lines: No errors
   [Ada]          dobldobl_interpolating_cseries.adb

GNAT 10.3.0
Copyright 1992-2020, Free Software Foundation, Inc.

Compiling: /home/runner/work/alire-crates-ci/alire-crates-ci/test/5f655e40-67d4-410c-84fb-5572da83bba4/phcpack_2.4.88_e448e94a/src/Ada/Math_Lib/Series/decadobl_complex_algebraic_series.adb
Source file time stamp: 2026-07-16 01:03:09
Compiled at: 2026-07-16 01:07:08
 115 lines: No errors
   [Ada]          octodobl_complex_algebraic_series.adb

GNAT 10.3.0
Copyright 1992-2020, Free Software Foundation, Inc.

Compiling: /home/runner/work/alire-crates-ci/alire-crates-ci/test/5f655e40-67d4-410c-84fb-5572da83bba4/phcpack_2.4.88_e448e94a/src/Ada/Math_Lib/Series/dobldobl_echelon_forms.adb
Source file time stamp: 2026-07-16 01:03:09
Compiled at: 2026-07-16 01:07:08
 306 lines: No errors
   [Ada]          octodobl_complex_series_norms.adb

GNAT 10.3.0
Copyright 1992-2020, Free Software Foundation, Inc.

Compiling: /home/runner/work/alire-crates-ci/alire-crates-ci/test/5f655e40-67d4-410c-84fb-5572da83bba4/phcpack_2.4.88_e448e94a/src/Ada/Math_Lib/Series/octodobl_complex_algebraic_series.adb
Source file time stamp: 2026-07-16 01:03:09
Compiled at: 2026-07-16 01:07:08
 115 lines: No errors
   [Ada]          decadobl_complex_linear_solvers.adb

GNAT 10.3.0
Copyright 1992-2020, Free Software Foundation, Inc.

Compiling: /home/runner/work/alire-crates-ci/alire-crates-ci/test/5f655e40-67d4-410c-84fb-5572da83bba4/phcpack_2.4.88_e448e94a/src/Ada/Math_Lib/Series/octodobl_complex_series_norms.adb
Source file time stamp: 2026-07-16 01:03:09
Compiled at: 2026-07-16 01:07:08
 92 lines: No errors
   [Ada]          decadobl_complex_qr_least_squares.adb

GNAT 10.3.0
Copyright 1992-2020, Free Software Foundation, Inc.

Compiling: /home/runner/work/alire-crates-ci/alire-crates-ci/test/5f655e40-67d4-410c-84fb-5572da83bba4/phcpack_2.4.88_e448e94a/src/Ada/Math_Lib/QD/hexa_double_constants.ads
Source file time stamp: 2026-07-16 01:03:09
Compiled at: 2026-07-16 01:06:49
 5166 lines: No errors
   [Ada]          decadobl_complex_singular_values.adb

GNAT 10.3.0
Copyright 1992-2020, Free Software Foundation, Inc.

Compiling: /home/runner/work/alire-crates-ci/alire-crates-ci/test/5f655e40-67d4-410c-84fb-5572da83bba4/phcpack_2.4.88_e448e94a/src/Ada/Math_Lib/Series/dobldobl_interpolating_cseries.adb
Source file time stamp: 2026-07-16 01:03:09
Compiled at: 2026-07-16 01:07:08
 657 lines: No errors
   [Ada]          decadobl_echelon_forms.adb

GNAT 10.3.0
Copyright 1992-2020, Free Software Foundation, Inc.

Compiling: /home/runner/work/alire-crates-ci/alire-crates-ci/test/5f655e40-67d4-410c-84fb-5572da83bba4/phcpack_2.4.88_e448e94a/src/Ada/Math_Lib/Reduction/decadobl_complex_qr_least_squares.adb
Source file time stamp: 2026-07-16 01:03:09
Compiled at: 2026-07-16 01:07:08
 403 lines: No errors
   [Ada]          decadobl_interpolating_cseries.adb

GNAT 10.3.0
Copyright 1992-2020, Free Software Foundation, Inc.

Compiling: /home/runner/work/alire-crates-ci/alire-crates-ci/test/5f655e40-67d4-410c-84fb-5572da83bba4/phcpack_2.4.88_e448e94a/src/Ada/Math_Lib/Series/decadobl_echelon_forms.adb
Source file time stamp: 2026-07-16 01:03:09
Compiled at: 2026-07-16 01:07:09
 306 lines: No errors
   [Ada]          pentdobl_complex_algebraic_series.adb

GNAT 10.3.0
Copyright 1992-2020, Free Software Foundation, Inc.

Compiling: /home/runner/work/alire-crates-ci/alire-crates-ci/test/5f655e40-67d4-410c-84fb-5572da83bba4/phcpack_2.4.88_e448e94a/src/Ada/Math_Lib/Reduction/decadobl_complex_linear_solvers.adb
Source file time stamp: 2026-07-16 01:03:09
Compiled at: 2026-07-16 01:07:08
 809 lines: No errors
   [Ada]          pentdobl_complex_series_norms.adb

GNAT 10.3.0
Copyright 1992-2020, Free Software Foundation, Inc.

Compiling: /home/runner/work/alire-crates-ci/alire-crates-ci/test/5f655e40-67d4-410c-84fb-5572da83bba4/phcpack_2.4.88_e448e94a/src/Ada/Math_Lib/Series/pentdobl_complex_algebraic_series.adb
Source file time stamp: 2026-07-16 01:03:09
Compiled at: 2026-07-16 01:07:09
 115 lines: No errors
   [Ada]          octodobl_complex_linear_solvers.adb

GNAT 10.3.0
Copyright 1992-2020, Free Software Foundation, Inc.

Compiling: /home/runner/work/alire-crates-ci/alire-crates-ci/test/5f655e40-67d4-410c-84fb-5572da83bba4/phcpack_2.4.88_e448e94a/src/Ada/Math_Lib/Series/pentdobl_complex_series_norms.adb
Source file time stamp: 2026-07-16 01:03:09
Compiled at: 2026-07-16 01:07:09
 92 lines: No errors
   [Ada]          octodobl_complex_qr_least_squares.adb

GNAT 10.3.0
Copyright 1992-2020, Free Software Foundation, Inc.

Compiling: /home/runner/work/alire-crates-ci/alire-crates-ci/test/5f655e40-67d4-410c-84fb-5572da83bba4/phcpack_2.4.88_e448e94a/src/Ada/Math_Lib/Series/decadobl_interpolating_cseries.adb
Source file time stamp: 2026-07-16 01:03:09
Compiled at: 2026-07-16 01:07:09
 657 lines: No errors
   [Ada]          octodobl_complex_singular_values.adb

GNAT 10.3.0
Copyright 1992-2020, Free Software Foundation, Inc.

Compiling: /home/runner/work/alire-crates-ci/alire-crates-ci/test/5f655e40-67d4-410c-84fb-5572da83bba4/phcpack_2.4.88_e448e94a/src/Ada/Math_Lib/Reduction/decadobl_complex_singular_values.adb
Source file time stamp: 2026-07-16 01:03:09
Compiled at: 2026-07-16 01:07:08
 1099 lines: No errors
   [Ada]          octodobl_echelon_forms.adb

GNAT 10.3.0
Copyright 1992-2020, Free Software Foundation, Inc.

Compiling: /home/runner/work/alire-crates-ci/alire-crates-ci/test/5f655e40-67d4-410c-84fb-5572da83bba4/phcpack_2.4.88_e448e94a/src/Ada/Math_Lib/Reduction/octodobl_complex_qr_least_squares.adb
Source file time stamp: 2026-07-16 01:03:09
Compiled at: 2026-07-16 01:07:09
 403 lines: No errors
   [Ada]          octodobl_interpolating_cseries.adb

GNAT 10.3.0
Copyright 1992-2020, Free Software Foundation, Inc.

Compiling: /home/runner/work/alire-crates-ci/alire-crates-ci/test/5f655e40-67d4-410c-84fb-5572da83bba4/phcpack_2.4.88_e448e94a/src/Ada/Math_Lib/Series/octodobl_echelon_forms.adb
Source file time stamp: 2026-07-16 01:03:09
Compiled at: 2026-07-16 01:07:09
 321 lines: No errors
   [Ada]          quaddobl_complex_algebraic_series.adb

GNAT 10.3.0
Copyright 1992-2020, Free Software Foundation, Inc.

Compiling: /home/runner/work/alire-crates-ci/alire-crates-ci/test/5f655e40-67d4-410c-84fb-5572da83bba4/phcpack_2.4.88_e448e94a/src/Ada/Math_Lib/Series/quaddobl_complex_algebraic_series.adb
Source file time stamp: 2026-07-16 01:03:09
Compiled at: 2026-07-16 01:07:10
 115 lines: No errors
   [Ada]          quaddobl_complex_series_norms.adb

GNAT 10.3.0
Copyright 1992-2020, Free Software Foundation, Inc.

Compiling: /home/runner/work/alire-crates-ci/alire-crates-ci/test/5f655e40-67d4-410c-84fb-5572da83bba4/phcpack_2.4.88_e448e94a/src/Ada/Math_Lib/Series/quaddobl_complex_series_norms.adb
Source file time stamp: 2026-07-16 01:03:09
Compiled at: 2026-07-16 01:07:10
 92 lines: No errors
   [Ada]          pentdobl_complex_linear_solvers.adb

GNAT 10.3.0
Copyright 1992-2020, Free Software Foundation, Inc.

Compiling: /home/runner/work/alire-crates-ci/alire-crates-ci/test/5f655e40-67d4-410c-84fb-5572da83bba4/phcpack_2.4.88_e448e94a/src/Ada/Math_Lib/Reduction/octodobl_complex_linear_solvers.adb
Source file time stamp: 2026-07-16 01:03:09
Compiled at: 2026-07-16 01:07:09
 809 lines: No errors
   [Ada]          pentdobl_complex_qr_least_squares.adb

GNAT 10.3.0
Copyright 1992-2020, Free Software Foundation, Inc.

Compiling: /home/runner/work/alire-crates-ci/alire-crates-ci/test/5f655e40-67d4-410c-84fb-5572da83bba4/phcpack_2.4.88_e448e94a/src/Ada/Math_Lib/Reduction/octodobl_complex_singular_values.adb
Source file time stamp: 2026-07-16 01:03:09
Compiled at: 2026-07-16 01:07:09
 1099 lines: No errors
   [Ada]          pentdobl_complex_singular_values.adb

GNAT 10.3.0
Copyright 1992-2020, Free Software Foundation, Inc.

Compiling: /home/runner/work/alire-crates-ci/alire-crates-ci/test/5f655e40-67d4-410c-84fb-5572da83bba4/phcpack_2.4.88_e448e94a/src/Ada/Math_Lib/Series/octodobl_interpolating_cseries.adb
Source file time stamp: 2026-07-16 01:03:09
Compiled at: 2026-07-16 01:07:10
 657 lines: No errors
   [Ada]          pentdobl_echelon_forms.adb

GNAT 10.3.0
Copyright 1992-2020, Free Software Foundation, Inc.

Compiling: /home/runner/work/alire-crates-ci/alire-crates-ci/test/5f655e40-67d4-410c-84fb-5572da83bba4/phcpack_2.4.88_e448e94a/src/Ada/Math_Lib/Reduction/pentdobl_complex_qr_least_squares.adb
Source file time stamp: 2026-07-16 01:03:09
Compiled at: 2026-07-16 01:07:10
 403 lines: No errors
   [Ada]          pentdobl_interpolating_cseries.adb

GNAT 10.3.0
Copyright 1992-2020, Free Software Foundation, Inc.

Compiling: /home/runner/work/alire-crates-ci/alire-crates-ci/test/5f655e40-67d4-410c-84fb-5572da83bba4/phcpack_2.4.88_e448e94a/src/Ada/Math_Lib/Series/pentdobl_echelon_forms.adb
Source file time stamp: 2026-07-16 01:03:09
Compiled at: 2026-07-16 01:07:11
 306 lines: No errors
   [Ada]          standard_complex_algebraic_series.adb

GNAT 10.3.0
Copyright 1992-2020, Free Software Foundation, Inc.

Compiling: /home/runner/work/alire-crates-ci/alire-crates-ci/test/5f655e40-67d4-410c-84fb-5572da83bba4/phcpack_2.4.88_e448e94a/src/Ada/Math_Lib/Series/standard_complex_algebraic_series.adb
Source file time stamp: 2026-07-16 01:03:09
Compiled at: 2026-07-16 01:07:11
 107 lines: No errors
   [Ada]          standard_complex_series_norms.adb

GNAT 10.3.0
Copyright 1992-2020, Free Software Foundation, Inc.

Compiling: /home/runner/work/alire-crates-ci/alire-crates-ci/test/5f655e40-67d4-410c-84fb-5572da83bba4/phcpack_2.4.88_e448e94a/src/Ada/Math_Lib/Reduction/pentdobl_complex_linear_solvers.adb
Source file time stamp: 2026-07-16 01:03:09
Compiled at: 2026-07-16 01:07:10
 809 lines: No errors
   [Ada]          quaddobl_echelon_forms.adb

GNAT 10.3.0
Copyright 1992-2020, Free Software Foundation, Inc.

Compiling: /home/runner/work/alire-crates-ci/alire-crates-ci/test/5f655e40-67d4-410c-84fb-5572da83bba4/phcpack_2.4.88_e448e94a/src/Ada/Math_Lib/Series/standard_complex_series_norms.adb
Source file time stamp: 2026-07-16 01:03:09
Compiled at: 2026-07-16 01:07:11
 92 lines: No errors
   [Ada]          quaddobl_interpolating_cseries.adb

GNAT 10.3.0
Copyright 1992-2020, Free Software Foundation, Inc.

Compiling: /home/runner/work/alire-crates-ci/alire-crates-ci/test/5f655e40-67d4-410c-84fb-5572da83bba4/phcpack_2.4.88_e448e94a/src/Ada/Math_Lib/Series/quaddobl_echelon_forms.adb
Source file time stamp: 2026-07-16 01:03:09
Compiled at: 2026-07-16 01:07:11
 321 lines: No errors
   [Ada]          tripdobl_complex_algebraic_series.adb

GNAT 10.3.0
Copyright 1992-2020, Free Software Foundation, Inc.

Compiling: /home/runner/work/alire-crates-ci/alire-crates-ci/test/5f655e40-67d4-410c-84fb-5572da83bba4/phcpack_2.4.88_e448e94a/src/Ada/Math_Lib/Series/pentdobl_interpolating_cseries.adb
Source file time stamp: 2026-07-16 01:03:09
Compiled at: 2026-07-16 01:07:11
 657 lines: No errors
   [Ada]          tripdobl_complex_series_norms.adb

GNAT 10.3.0
Copyright 1992-2020, Free Software Foundation, Inc.

Compiling: /home/runner/work/alire-crates-ci/alire-crates-ci/test/5f655e40-67d4-410c-84fb-5572da83bba4/phcpack_2.4.88_e448e94a/src/Ada/Math_Lib/Reduction/pentdobl_complex_singular_values.adb
Source file time stamp: 2026-07-16 01:03:09
Compiled at: 2026-07-16 01:07:11
 1107 lines: No errors
   [Ada]          standard_echelon_forms.adb

GNAT 10.3.0
Copyright 1992-2020, Free Software Foundation, Inc.

Compiling: /home/runner/work/alire-crates-ci/alire-crates-ci/test/5f655e40-67d4-410c-84fb-5572da83bba4/phcpack_2.4.88_e448e94a/src/Ada/Math_Lib/Series/tripdobl_complex_algebraic_series.adb
Source file time stamp: 2026-07-16 01:03:10
Compiled at: 2026-07-16 01:07:11
 115 lines: No errors
   [Ada]          standard_interpolating_cseries.adb

GNAT 10.3.0
Copyright 1992-2020, Free Software Foundation, Inc.

Compiling: /home/runner/work/alire-crates-ci/alire-crates-ci/test/5f655e40-67d4-410c-84fb-5572da83bba4/phcpack_2.4.88_e448e94a/src/Ada/Math_Lib/Series/tripdobl_complex_series_norms.adb
Source file time stamp: 2026-07-16 01:03:10
Compiled at: 2026-07-16 01:07:11
 92 lines: No errors
   [Ada]          tripdobl_complex_linear_solvers.adb

GNAT 10.3.0
Copyright 1992-2020, Free Software Foundation, Inc.

Compiling: /home/runner/work/alire-crates-ci/alire-crates-ci/test/5f655e40-67d4-410c-84fb-5572da83bba4/phcpack_2.4.88_e448e94a/src/Ada/Math_Lib/Series/standard_echelon_forms.adb
Source file time stamp: 2026-07-16 01:03:09
Compiled at: 2026-07-16 01:07:11
 349 lines: No errors
   [Ada]          tripdobl_complex_qr_least_squares.adb

GNAT 10.3.0
Copyright 1992-2020, Free Software Foundation, Inc.

Compiling: /home/runner/work/alire-crates-ci/alire-crates-ci/test/5f655e40-67d4-410c-84fb-5572da83bba4/phcpack_2.4.88_e448e94a/src/Ada/Math_Lib/Series/quaddobl_interpolating_cseries.adb
Source file time stamp: 2026-07-16 01:03:09
Compiled at: 2026-07-16 01:07:11
 657 lines: No errors
   [Ada]          tripdobl_complex_singular_values.adb

GNAT 10.3.0
Copyright 1992-2020, Free Software Foundation, Inc.

Compiling: /home/runner/work/alire-crates-ci/alire-crates-ci/test/5f655e40-67d4-410c-84fb-5572da83bba4/phcpack_2.4.88_e448e94a/src/Ada/Math_Lib/Reduction/tripdobl_complex_qr_least_squares.adb
Source file time stamp: 2026-07-16 01:03:09
Compiled at: 2026-07-16 01:07:12
 403 lines: No errors
   [Ada]          tripdobl_echelon_forms.adb

GNAT 10.3.0
Copyright 1992-2020, Free Software Foundation, Inc.

Compiling: /home/runner/work/alire-crates-ci/alire-crates-ci/test/5f655e40-67d4-410c-84fb-5572da83bba4/phcpack_2.4.88_e448e94a/src/Ada/Math_Lib/Series/standard_interpolating_cseries.adb
Source file time stamp: 2026-07-16 01:03:09
Compiled at: 2026-07-16 01:07:12
 645 lines: No errors
   [Ada]          tripdobl_interpolating_cseries.adb

GNAT 10.3.0
Copyright 1992-2020, Free Software Foundation, Inc.

Compiling: /home/runner/work/alire-crates-ci/alire-crates-ci/test/5f655e40-67d4-410c-84fb-5572da83bba4/phcpack_2.4.88_e448e94a/src/Ada/Math_Lib/Reduction/tripdobl_complex_linear_solvers.adb
Source file time stamp: 2026-07-16 01:03:09
Compiled at: 2026-07-16 01:07:12
 809 lines: No errors
   [Ada]          multprec_complex_matrices_io.ads

GNAT 10.3.0
Copyright 1992-2020, Free Software Foundation, Inc.

Compiling: /home/runner/work/alire-crates-ci/alire-crates-ci/test/5f655e40-67d4-410c-84fb-5572da83bba4/phcpack_2.4.88_e448e94a/src/Ada/Math_Lib/Series/tripdobl_echelon_forms.adb
Source file time stamp: 2026-07-16 01:03:10
Compiled at: 2026-07-16 01:07:12
 306 lines: No errors
   [Ada]          homotopy_membership_filters.adb

GNAT 10.3.0
Copyright 1992-2020, Free Software Foundation, Inc.

Compiling: /home/runner/work/alire-crates-ci/alire-crates-ci/test/5f655e40-67d4-410c-84fb-5572da83bba4/phcpack_2.4.88_e448e94a/src/Ada/Math_Lib/Matrices/multprec_complex_matrices_io.ads
Source file time stamp: 2026-07-16 01:03:09
Compiled at: 2026-07-16 01:07:13
 12 lines: No errors
   [Ada]          hexadobl_complex_linear_solvers.adb

GNAT 10.3.0
Copyright 1992-2020, Free Software Foundation, Inc.

Compiling: /home/runner/work/alire-crates-ci/alire-crates-ci/test/5f655e40-67d4-410c-84fb-5572da83bba4/phcpack_2.4.88_e448e94a/src/Ada/Math_Lib/Reduction/tripdobl_complex_singular_values.adb
Source file time stamp: 2026-07-16 01:03:09
Compiled at: 2026-07-16 01:07:12
 1099 lines: No errors
   [Ada]          hexadobl_complex_qr_least_squares.adb

GNAT 10.3.0
Copyright 1992-2020, Free Software Foundation, Inc.

Compiling: /home/runner/work/alire-crates-ci/alire-crates-ci/test/5f655e40-67d4-410c-84fb-5572da83bba4/phcpack_2.4.88_e448e94a/src/Ada/Math_Lib/Series/tripdobl_interpolating_cseries.adb
Source file time stamp: 2026-07-16 01:03:10
Compiled at: 2026-07-16 01:07:12
 657 lines: No errors
   [Ada]          hexadobl_complex_singular_values.adb

GNAT 10.3.0
Copyright 1992-2020, Free Software Foundation, Inc.

Compiling: /home/runner/work/alire-crates-ci/alire-crates-ci/test/5f655e40-67d4-410c-84fb-5572da83bba4/phcpack_2.4.88_e448e94a/src/Ada/Components/Factorization/homotopy_membership_filters.adb
Source file time stamp: 2026-07-16 01:03:09
Compiled at: 2026-07-16 01:07:13
 1416 lines: No errors
   [Ada]          hexadobl_echelon_forms.adb

GNAT 10.3.0
Copyright 1992-2020, Free Software Foundation, Inc.

Compiling: /home/runner/work/alire-crates-ci/alire-crates-ci/test/5f655e40-67d4-410c-84fb-5572da83bba4/phcpack_2.4.88_e448e94a/src/Ada/Math_Lib/Reduction/hexadobl_complex_qr_least_squares.adb
Source file time stamp: 2026-07-16 01:03:09
Compiled at: 2026-07-16 01:07:13
 403 lines: No errors
   [Ada]          hexadobl_interpolating_cseries.adb

GNAT 10.3.0
Copyright 1992-2020, Free Software Foundation, Inc.

Compiling: /home/runner/work/alire-crates-ci/alire-crates-ci/test/5f655e40-67d4-410c-84fb-5572da83bba4/phcpack_2.4.88_e448e94a/src/Ada/Math_Lib/Series/hexadobl_echelon_forms.adb
Source file time stamp: 2026-07-16 01:03:09
Compiled at: 2026-07-16 01:07:13
 306 lines: No errors
   [Ada]          hexadobl_complex_matrix_series.adb

GNAT 10.3.0
Copyright 1992-2020, Free Software Foundation, Inc.

Compiling: /home/runner/work/alire-crates-ci/alire-crates-ci/test/5f655e40-67d4-410c-84fb-5572da83bba4/phcpack_2.4.88_e448e94a/src/Ada/Math_Lib/Series/hexadobl_complex_matrix_series.adb
Source file time stamp: 2026-07-16 01:03:09
Compiled at: 2026-07-16 01:07:14
 107 lines: No errors
   [Ada]          hexadobl_complex_vector_series.adb

GNAT 10.3.0
Copyright 1992-2020, Free Software Foundation, Inc.

Compiling: /home/runner/work/alire-crates-ci/alire-crates-ci/test/5f655e40-67d4-410c-84fb-5572da83bba4/phcpack_2.4.88_e448e94a/src/Ada/Math_Lib/Reduction/hexadobl_complex_linear_solvers.adb
Source file time stamp: 2026-07-16 01:03:09
Compiled at: 2026-07-16 01:07:13
 809 lines: No errors
   [Ada]          multitasked_algodiff_convolutions.adb

GNAT 10.3.0
Copyright 1992-2020, Free Software Foundation, Inc.

Compiling: /home/runner/work/alire-crates-ci/alire-crates-ci/test/5f655e40-67d4-410c-84fb-5572da83bba4/phcpack_2.4.88_e448e94a/src/Ada/Math_Lib/Series/hexadobl_complex_vector_series.adb
Source file time stamp: 2026-07-16 01:03:09
Compiled at: 2026-07-16 01:07:14
 107 lines: No errors
   [Ada]          dobldobl_vector_splitters.adb

GNAT 10.3.0
Copyright 1992-2020, Free Software Foundation, Inc.

Compiling: /home/runner/work/alire-crates-ci/alire-crates-ci/test/5f655e40-67d4-410c-84fb-5572da83bba4/phcpack_2.4.88_e448e94a/src/Ada/Math_Lib/Series/hexadobl_interpolating_cseries.adb
Source file time stamp: 2026-07-16 01:03:09
Compiled at: 2026-07-16 01:07:14
 657 lines: No errors
   [Ada]          standard_inlined_linearization.adb

GNAT 10.3.0
Copyright 1992-2020, Free Software Foundation, Inc.

Compiling: /home/runner/work/alire-crates-ci/alire-crates-ci/test/5f655e40-67d4-410c-84fb-5572da83bba4/phcpack_2.4.88_e448e94a/src/Ada/Math_Lib/Vectors/dobldobl_vector_splitters.adb
Source file time stamp: 2026-07-16 01:03:10
Compiled at: 2026-07-16 01:07:14
 642 lines: No errors
   [Ada]          dobldobl_coefficient_convolutions.adb

GNAT 10.3.0
Copyright 1992-2020, Free Software Foundation, Inc.

Compiling: /home/runner/work/alire-crates-ci/alire-crates-ci/test/5f655e40-67d4-410c-84fb-5572da83bba4/phcpack_2.4.88_e448e94a/src/Ada/Math_Lib/Reduction/hexadobl_complex_singular_values.adb
Source file time stamp: 2026-07-16 01:03:09
Compiled at: 2026-07-16 01:07:13
 1099 lines: No errors
   [Ada]          decadobl_complex_vector_norms.adb

GNAT 10.3.0
Copyright 1992-2020, Free Software Foundation, Inc.

Compiling: /home/runner/work/alire-crates-ci/alire-crates-ci/test/5f655e40-67d4-410c-84fb-5572da83bba4/phcpack_2.4.88_e448e94a/src/Ada/Math_Lib/Series/standard_inlined_linearization.adb
Source file time stamp: 2026-07-16 01:03:09
Compiled at: 2026-07-16 01:07:14
 251 lines: No errors
   [Ada]          hexadobl_complex_vector_norms.adb

GNAT 10.3.0
Copyright 1992-2020, Free Software Foundation, Inc.

Compiling: /home/runner/work/alire-crates-ci/alire-crates-ci/test/5f655e40-67d4-410c-84fb-5572da83bba4/phcpack_2.4.88_e448e94a/src/Ada/Math_Lib/Reduction/decadobl_complex_vector_norms.adb
Source file time stamp: 2026-07-16 01:03:09
Compiled at: 2026-07-16 01:07:15
 72 lines: No errors
   [Ada]          octodobl_complex_vector_norms.adb

GNAT 10.3.0
Copyright 1992-2020, Free Software Foundation, Inc.

Compiling: /home/runner/work/alire-crates-ci/alire-crates-ci/test/5f655e40-67d4-410c-84fb-5572da83bba4/phcpack_2.4.88_e448e94a/src/Ada/Math_Lib/Reduction/hexadobl_complex_vector_norms.adb
Source file time stamp: 2026-07-16 01:03:09
Compiled at: 2026-07-16 01:07:15
 72 lines: No errors
   [Ada]          pentdobl_complex_vector_norms.adb

GNAT 10.3.0
Copyright 1992-2020, Free Software Foundation, Inc.

Compiling: /home/runner/work/alire-crates-ci/alire-crates-ci/test/5f655e40-67d4-410c-84fb-5572da83bba4/phcpack_2.4.88_e448e94a/src/Ada/Math_Lib/Reduction/octodobl_complex_vector_norms.adb
Source file time stamp: 2026-07-16 01:03:09
Compiled at: 2026-07-16 01:07:15
 72 lines: No errors
   [Ada]          tripdobl_complex_vector_norms.adb

GNAT 10.3.0
Copyright 1992-2020, Free Software Foundation, Inc.

Compiling: /home/runner/work/alire-crates-ci/alire-crates-ci/test/5f655e40-67d4-410c-84fb-5572da83bba4/phcpack_2.4.88_e448e94a/src/Ada/Math_Lib/Reduction/pentdobl_complex_vector_norms.adb
Source file time stamp: 2026-07-16 01:03:09
Compiled at: 2026-07-16 01:07:15
 72 lines: No errors
   [Ada]          standard_vlprs_tables.adb

GNAT 10.3.0
Copyright 1992-2020, Free Software Foundation, Inc.

Compiling: /home/runner/work/alire-crates-ci/alire-crates-ci/test/5f655e40-67d4-410c-84fb-5572da83bba4/phcpack_2.4.88_e448e94a/src/Ada/Math_Lib/Reduction/tripdobl_complex_vector_norms.adb
Source file time stamp: 2026-07-16 01:03:09
Compiled at: 2026-07-16 01:07:15
 72 lines: No errors
   [Ada]          deca_double_vectors_io.ads

GNAT 10.3.0
Copyright 1992-2020, Free Software Foundation, Inc.

Compiling: /home/runner/work/alire-crates-ci/alire-crates-ci/test/5f655e40-67d4-410c-84fb-5572da83bba4/phcpack_2.4.88_e448e94a/src/Ada/Math_Lib/Vectors/deca_double_vectors_io.ads
Source file time stamp: 2026-07-16 01:03:10
Compiled at: 2026-07-16 01:07:15
 9 lines: No errors
   [Ada]          decadobl_complex_matrices_io.ads

GNAT 10.3.0
Copyright 1992-2020, Free Software Foundation, Inc.

Compiling: /home/runner/work/alire-crates-ci/alire-crates-ci/test/5f655e40-67d4-410c-84fb-5572da83bba4/phcpack_2.4.88_e448e94a/src/Ada/Math_Lib/Matrices/decadobl_complex_matrices_io.ads
Source file time stamp: 2026-07-16 01:03:09
Compiled at: 2026-07-16 01:07:15
 12 lines: No errors
   [Ada]          decadobl_random_vectors.adb

GNAT 10.3.0
Copyright 1992-2020, Free Software Foundation, Inc.

Compiling: /home/runner/work/alire-crates-ci/alire-crates-ci/test/5f655e40-67d4-410c-84fb-5572da83bba4/phcpack_2.4.88_e448e94a/src/Ada/Deformations/End_Games/standard_vlprs_tables.adb
Source file time stamp: 2026-07-16 01:03:09
Compiled at: 2026-07-16 01:07:15
 291 lines: No errors
   [Ada]          deca_double_vectors.ads

GNAT 10.3.0
Copyright 1992-2020, Free Software Foundation, Inc.

Compiling: /home/runner/work/alire-crates-ci/alire-crates-ci/test/5f655e40-67d4-410c-84fb-5572da83bba4/phcpack_2.4.88_e448e94a/src/Ada/Math_Lib/Vectors/decadobl_random_vectors.adb
Source file time stamp: 2026-07-16 01:03:10
Compiled at: 2026-07-16 01:07:15
 47 lines: No errors
   [Ada]          octo_double_vectors_io.ads

GNAT 10.3.0
Copyright 1992-2020, Free Software Foundation, Inc.

Compiling: /home/runner/work/alire-crates-ci/alire-crates-ci/test/5f655e40-67d4-410c-84fb-5572da83bba4/phcpack_2.4.88_e448e94a/src/Ada/Math_Lib/Vectors/octo_double_vectors_io.ads
Source file time stamp: 2026-07-16 01:03:10
Compiled at: 2026-07-16 01:07:15
 9 lines: No errors
   [Ada]          octodobl_complex_matrices_io.ads

GNAT 10.3.0
Copyright 1992-2020, Free Software Foundation, Inc.

Compiling: /home/runner/work/alire-crates-ci/alire-crates-ci/test/5f655e40-67d4-410c-84fb-5572da83bba4/phcpack_2.4.88_e448e94a/src/Ada/Math_Lib/Vectors/deca_double_vectors.ads
Source file time stamp: 2026-07-16 01:03:10
Compiled at: 2026-07-16 01:07:15
 8 lines: No errors
   [Ada]          octodobl_random_vectors.adb

GNAT 10.3.0
Copyright 1992-2020, Free Software Foundation, Inc.

Compiling: /home/runner/work/alire-crates-ci/alire-crates-ci/test/5f655e40-67d4-410c-84fb-5572da83bba4/phcpack_2.4.88_e448e94a/src/Ada/Math_Lib/Matrices/octodobl_complex_matrices_io.ads
Source file time stamp: 2026-07-16 01:03:09
Compiled at: 2026-07-16 01:07:15
 12 lines: No errors
   [Ada]          octo_double_vectors.ads

GNAT 10.3.0
Copyright 1992-2020, Free Software Foundation, Inc.

Compiling: /home/runner/work/alire-crates-ci/alire-crates-ci/test/5f655e40-67d4-410c-84fb-5572da83bba4/phcpack_2.4.88_e448e94a/src/Ada/Math_Lib/Vectors/octodobl_random_vectors.adb
Source file time stamp: 2026-07-16 01:03:10
Compiled at: 2026-07-16 01:07:16
 47 lines: No errors
   [Ada]          penta_double_vectors_io.ads

GNAT 10.3.0
Copyright 1992-2020, Free Software Foundation, Inc.

Compiling: /home/runner/work/alire-crates-ci/alire-crates-ci/test/5f655e40-67d4-410c-84fb-5572da83bba4/phcpack_2.4.88_e448e94a/src/Ada/Math_Lib/Vectors/penta_double_vectors_io.ads
Source file time stamp: 2026-07-16 01:03:10
Compiled at: 2026-07-16 01:07:16
 9 lines: No errors
   [Ada]          pentdobl_complex_matrices_io.ads

GNAT 10.3.0
Copyright 1992-2020, Free Software Foundation, Inc.

Compiling: /home/runner/work/alire-crates-ci/alire-crates-ci/test/5f655e40-67d4-410c-84fb-5572da83bba4/phcpack_2.4.88_e448e94a/src/Ada/Math_Lib/Circuits/dobldobl_coefficient_convolutions.adb
Source file time stamp: 2026-07-16 01:03:09
Compiled at: 2026-07-16 01:07:14
 842 lines: No errors
   [Ada]          pentdobl_random_vectors.adb

GNAT 10.3.0
Copyright 1992-2020, Free Software Foundation, Inc.

Compiling: /home/runner/work/alire-crates-ci/alire-crates-ci/test/5f655e40-67d4-410c-84fb-5572da83bba4/phcpack_2.4.88_e448e94a/src/Ada/Math_Lib/Vectors/pentdobl_random_vectors.adb
Source file time stamp: 2026-07-16 01:03:10
Compiled at: 2026-07-16 01:07:16
 47 lines: No errors
   [Ada]          penta_double_vectors.ads

GNAT 10.3.0
Copyright 1992-2020, Free Software Foundation, Inc.

Compiling: /home/runner/work/alire-crates-ci/alire-crates-ci/test/5f655e40-67d4-410c-84fb-5572da83bba4/phcpack_2.4.88_e448e94a/src/Ada/Math_Lib/Vectors/octo_double_vectors.ads
Source file time stamp: 2026-07-16 01:03:10
Compiled at: 2026-07-16 01:07:16
 8 lines: No errors
   [Ada]          tripdobl_complex_matrices_io.ads

GNAT 10.3.0
Copyright 1992-2020, Free Software Foundation, Inc.

Compiling: /home/runner/work/alire-crates-ci/alire-crates-ci/test/5f655e40-67d4-410c-84fb-5572da83bba4/phcpack_2.4.88_e448e94a/src/Ada/Math_Lib/Matrices/pentdobl_complex_matrices_io.ads
Source file time stamp: 2026-07-16 01:03:09
Compiled at: 2026-07-16 01:07:16
 12 lines: No errors
   [Ada]          tripdobl_random_vectors.adb

GNAT 10.3.0
Copyright 1992-2020, Free Software Foundation, Inc.

Compiling: /home/runner/work/alire-crates-ci/alire-crates-ci/test/5f655e40-67d4-410c-84fb-5572da83bba4/phcpack_2.4.88_e448e94a/src/Ada/Math_Lib/Vectors/tripdobl_random_vectors.adb
Source file time stamp: 2026-07-16 01:03:10
Compiled at: 2026-07-16 01:07:16
 47 lines: No errors
   [Ada]          triple_double_vectors_io.ads

GNAT 10.3.0
Copyright 1992-2020, Free Software Foundation, Inc.

Compiling: /home/runner/work/alire-crates-ci/alire-crates-ci/test/5f655e40-67d4-410c-84fb-5572da83bba4/phcpack_2.4.88_e448e94a/src/Ada/Math_Lib/Matrices/tripdobl_complex_matrices_io.ads
Source file time stamp: 2026-07-16 01:03:09
Compiled at: 2026-07-16 01:07:16
 12 lines: No errors
   [Ada]          hexa_double_vectors_io.ads

GNAT 10.3.0
Copyright 1992-2020, Free Software Foundation, Inc.

Compiling: /home/runner/work/alire-crates-ci/alire-crates-ci/test/5f655e40-67d4-410c-84fb-5572da83bba4/phcpack_2.4.88_e448e94a/src/Ada/Math_Lib/Vectors/triple_double_vectors_io.ads
Source file time stamp: 2026-07-16 01:03:10
Compiled at: 2026-07-16 01:07:16
 9 lines: No errors
   [Ada]          hexadobl_complex_matrices_io.ads

GNAT 10.3.0
Copyright 1992-2020, Free Software Foundation, Inc.

Compiling: /home/runner/work/alire-crates-ci/alire-crates-ci/test/5f655e40-67d4-410c-84fb-5572da83bba4/phcpack_2.4.88_e448e94a/src/Ada/Math_Lib/Vectors/penta_double_vectors.ads
Source file time stamp: 2026-07-16 01:03:10
Compiled at: 2026-07-16 01:07:16
 8 lines: No errors
   [Ada]          hexadobl_random_vectors.adb

GNAT 10.3.0
Copyright 1992-2020, Free Software Foundation, Inc.

Compiling: /home/runner/work/alire-crates-ci/alire-crates-ci/test/5f655e40-67d4-410c-84fb-5572da83bba4/phcpack_2.4.88_e448e94a/src/Ada/Math_Lib/Vectors/hexa_double_vectors_io.ads
Source file time stamp: 2026-07-16 01:03:10
Compiled at: 2026-07-16 01:07:16
 9 lines: No errors
   [Ada]          hexa_double_vectors.ads

GNAT 10.3.0
Copyright 1992-2020, Free Software Foundation, Inc.

Compiling: /home/runner/work/alire-crates-ci/alire-crates-ci/test/5f655e40-67d4-410c-84fb-5572da83bba4/phcpack_2.4.88_e448e94a/src/Ada/Math_Lib/Vectors/hexadobl_random_vectors.adb
Source file time stamp: 2026-07-16 01:03:10
Compiled at: 2026-07-16 01:07:16
 47 lines: No errors
   [Ada]          deca_double_ring_io.ads

GNAT 10.3.0
Copyright 1992-2020, Free Software Foundation, Inc.

Compiling: /home/runner/work/alire-crates-ci/alire-crates-ci/test/5f655e40-67d4-410c-84fb-5572da83bba4/phcpack_2.4.88_e448e94a/src/Ada/Math_Lib/Matrices/hexadobl_complex_matrices_io.ads
Source file time stamp: 2026-07-16 01:03:09
Compiled at: 2026-07-16 01:07:16
 12 lines: No errors
   [Ada]          octo_double_ring_io.ads

GNAT 10.3.0
Copyright 1992-2020, Free Software Foundation, Inc.

Compiling: /home/runner/work/alire-crates-ci/alire-crates-ci/test/5f655e40-67d4-410c-84fb-5572da83bba4/phcpack_2.4.88_e448e94a/src/Ada/Math_Lib/QD/deca_double_ring_io.ads
Source file time stamp: 2026-07-16 01:03:09
Compiled at: 2026-07-16 01:07:16
 12 lines: No errors
   [Ada]          penta_double_ring_io.ads

GNAT 10.3.0
Copyright 1992-2020, Free Software Foundation, Inc.

Compiling: /home/runner/work/alire-crates-ci/alire-crates-ci/test/5f655e40-67d4-410c-84fb-5572da83bba4/phcpack_2.4.88_e448e94a/src/Ada/Math_Lib/QD/octo_double_ring_io.ads
Source file time stamp: 2026-07-16 01:03:09
Compiled at: 2026-07-16 01:07:16
 12 lines: No errors
   [Ada]          triple_double_ring_io.ads

GNAT 10.3.0
Copyright 1992-2020, Free Software Foundation, Inc.

Compiling: /home/runner/work/alire-crates-ci/alire-crates-ci/test/5f655e40-67d4-410c-84fb-5572da83bba4/phcpack_2.4.88_e448e94a/src/Ada/Math_Lib/QD/penta_double_ring_io.ads
Source file time stamp: 2026-07-16 01:03:09
Compiled at: 2026-07-16 01:07:16
 12 lines: No errors
   [Ada]          hexa_double_ring_io.ads

GNAT 10.3.0
Copyright 1992-2020, Free Software Foundation, Inc.

Compiling: /home/runner/work/alire-crates-ci/alire-crates-ci/test/5f655e40-67d4-410c-84fb-5572da83bba4/phcpack_2.4.88_e448e94a/src/Ada/Math_Lib/QD/triple_double_ring_io.ads
Source file time stamp: 2026-07-16 01:03:09
Compiled at: 2026-07-16 01:07:16
 12 lines: No errors

GNAT 10.3.0
Copyright 1992-2020, Free Software Foundation, Inc.

Compiling: /home/runner/work/alire-crates-ci/alire-crates-ci/test/5f655e40-67d4-410c-84fb-5572da83bba4/phcpack_2.4.88_e448e94a/src/Ada/Math_Lib/QD/hexa_double_ring_io.ads
Source file time stamp: 2026-07-16 01:03:09
Compiled at: 2026-07-16 01:07:16
 12 lines: No errors

GNAT 10.3.0
Copyright 1992-2020, Free Software Foundation, Inc.

Compiling: /home/runner/work/alire-crates-ci/alire-crates-ci/test/5f655e40-67d4-410c-84fb-5572da83bba4/phcpack_2.4.88_e448e94a/src/Ada/Math_Lib/Vectors/hexa_double_vectors.ads
Source file time stamp: 2026-07-16 01:03:10
Compiled at: 2026-07-16 01:07:16
 8 lines: No errors

GNAT 10.3.0
Copyright 1992-2020, Free Software Foundation, Inc.

Compiling: /home/runner/work/alire-crates-ci/alire-crates-ci/test/5f655e40-67d4-410c-84fb-5572da83bba4/phcpack_2.4.88_e448e94a/src/Ada/Tasking/multitasked_algodiff_convolutions.adb
Source file time stamp: 2026-07-16 01:03:10
Compiled at: 2026-07-16 01:07:14
 2689 lines: No errors
   [Ada]          quaddobl_vector_splitters.adb
   [Ada]          quaddobl_coefficient_convolutions.adb

GNAT 10.3.0
Copyright 1992-2020, Free Software Foundation, Inc.

Compiling: /home/runner/work/alire-crates-ci/alire-crates-ci/test/5f655e40-67d4-410c-84fb-5572da83bba4/phcpack_2.4.88_e448e94a/src/Ada/Math_Lib/Circuits/quaddobl_coefficient_convolutions.adb
Source file time stamp: 2026-07-16 01:03:09
Compiled at: 2026-07-16 01:07:17
 703 lines: No errors

GNAT 10.3.0
Copyright 1992-2020, Free Software Foundation, Inc.

Compiling: /home/runner/work/alire-crates-ci/alire-crates-ci/test/5f655e40-67d4-410c-84fb-5572da83bba4/phcpack_2.4.88_e448e94a/src/Ada/Math_Lib/Vectors/quaddobl_vector_splitters.adb
Source file time stamp: 2026-07-16 01:03:10
Compiled at: 2026-07-16 01:07:17
 1832 lines: No errors
Build Libraries
   [gprlib]       PHCpack.lexch
   [bind SAL]     PHCpack
   [Ada]          b__PHCpack.adb
   [link library] libPHCpack.so
/home/runner/.local/share/alire/toolchains/gnat_native_10.3.2_d7078088/bin/../lib/gcc/x86_64-pc-linux-gnu/10.3.0/../../../../x86_64-pc-linux-gnu/bin/ld: /lib/x86_64-linux-gnu/libm.so.6: unknown type [0x13] section `.relr.dyn'
/home/runner/.local/share/alire/toolchains/gnat_native_10.3.2_d7078088/bin/../lib/gcc/x86_64-pc-linux-gnu/10.3.0/../../../../x86_64-pc-linux-gnu/bin/ld: skipping incompatible /lib/x86_64-linux-gnu/libm.so.6 when searching for /lib/x86_64-linux-gnu/libm.so.6
/home/runner/.local/share/alire/toolchains/gnat_native_10.3.2_d7078088/bin/../lib/gcc/x86_64-pc-linux-gnu/10.3.0/../../../../x86_64-pc-linux-gnu/bin/ld: cannot find /lib/x86_64-linux-gnu/libm.so.6
/home/runner/.local/share/alire/toolchains/gnat_native_10.3.2_d7078088/bin/../lib/gcc/x86_64-pc-linux-gnu/10.3.0/../../../../x86_64-pc-linux-gnu/bin/ld: /lib/x86_64-linux-gnu/libm.so.6: unknown type [0x13] section `.relr.dyn'
/home/runner/.local/share/alire/toolchains/gnat_native_10.3.2_d7078088/bin/../lib/gcc/x86_64-pc-linux-gnu/10.3.0/../../../../x86_64-pc-linux-gnu/bin/ld: skipping incompatible /lib/x86_64-linux-gnu/libm.so.6 when searching for /lib/x86_64-linux-gnu/libm.so.6
/home/runner/.local/share/alire/toolchains/gnat_native_10.3.2_d7078088/bin/../lib/gcc/x86_64-pc-linux-gnu/10.3.0/../../../../x86_64-pc-linux-gnu/bin/ld: /lib/x86_64-linux-gnu/libmvec.so.1: unknown type [0x13] section `.relr.dyn'
/home/runner/.local/share/alire/toolchains/gnat_native_10.3.2_d7078088/bin/../lib/gcc/x86_64-pc-linux-gnu/10.3.0/../../../../x86_64-pc-linux-gnu/bin/ld: skipping incompatible /lib/x86_64-linux-gnu/libmvec.so.1 when searching for /lib/x86_64-linux-gnu/libmvec.so.1
/home/runner/.local/share/alire/toolchains/gnat_native_10.3.2_d7078088/bin/../lib/gcc/x86_64-pc-linux-gnu/10.3.0/../../../../x86_64-pc-linux-gnu/bin/ld: cannot find /lib/x86_64-linux-gnu/libmvec.so.1
/home/runner/.local/share/alire/toolchains/gnat_native_10.3.2_d7078088/bin/../lib/gcc/x86_64-pc-linux-gnu/10.3.0/../../../../x86_64-pc-linux-gnu/bin/ld: /lib/x86_64-linux-gnu/libmvec.so.1: unknown type [0x13] section `.relr.dyn'
/home/runner/.local/share/alire/toolchains/gnat_native_10.3.2_d7078088/bin/../lib/gcc/x86_64-pc-linux-gnu/10.3.0/../../../../x86_64-pc-linux-gnu/bin/ld: skipping incompatible /lib/x86_64-linux-gnu/libmvec.so.1 when searching for /lib/x86_64-linux-gnu/libmvec.so.1
collect2: error: ld returned 1 exit status
gprlib: /home/runner/.local/share/alire/toolchains/gnat_native_10.3.2_d7078088/bin/g++ execution error
gprbuild: could not build library for project phclib
stderr: Command ["gprbuild", "-s", "-j0", "-p", "-P", "/home/runner/work/alire-crates-ci/alire-crates-ci/test/5f655e40-67d4-410c-84fb-5572da83bba4/phcpack_2.4.88_e448e94a/phclib.gpr", "-cargs:Ada", "-gnatwn"] exited with code 4
ERROR: Command ["gprbuild", "-s", "-j0", "-p", "-P", "/home/runner/work/alire-crates-ci/alire-crates-ci/test/5f655e40-67d4-410c-84fb-5572da83bba4/phcpack_2.4.88_e448e94a/phclib.gpr", "-cargs:Ada", "-gnatwn"] exited with code 4
stderr: ALIRE.CHECKED_ERROR
stderr: Command ["gprbuild", "-s", "-j0", "-p", "-P", "/home/runner/work/alire-crates-ci/alire-crates-ci/test/5f655e40-67d4-410c-84fb-5572da83bba4/phcpack_2.4.88_e448e94a/phclib.gpr", "-cargs:Ada", "-gnatwn"] exited with code 4
stderr: raised ALIRE.CHECKED_ERROR : alire-stored-error:1
[/home/runner/work/alire-crates-ci/alire-crates-ci/alire_install/bin/alr]
0xe75bc6 Alire.Raise_Checked_Error at alire.adb:284
0xac1a54 Alire.Os_Lib.Subprocess.Checked_Spawn at alire-os_lib-subprocess.adb:111
0xd40276 Alire.Spawn.Command at alire-spawn.adb:22
0xd412ee Alire.Spawn.Gprbuild at alire-spawn.adb:68
0xc748cb Alire.Roots.Build at alire-roots.adb:189
0xc7301a Alire.Roots.Build at alire-roots.adb:255
0xc9832b Alire.Roots.Traverse at alire-roots.adb:2143
0xcfee85 Alire.Solutions.Traverse.Visit at alire-solutions.adb:1472
0xcfdfcc Alire.Solutions.Traverse at alire-solutions.adb:1555
0xc9841e Alire.Roots.Traverse at alire-roots.adb:2147
0xc984dd Alire.Roots.Traverse at alire-roots.adb:2127
0xc7359b Alire.Roots.Build at alire-roots.adb:286
0xc736d7 Alire.Roots.Build at alire-roots.adb:114
0x49aa0d Alr.Commands.Build.Execute at alr-commands-build.adb:145
0x49a36d Alr.Commands.Build.Execute at alr-commands-build.adb:113
0x49a51f Alr.Commands.Build.Execute at alr-commands-build.adb:54
0x53bbcc Alr.Commands.Sub_Cmd.Execute at clic-subcommand-instance.adb:749
0x5472be Alr.Commands.Execute at alr-commands.adb:632
0x43d48a Alr.Main at alr-main.adb:13
0x4403a3 Main at b__alr-main.adb:2445
[/lib/x86_64-linux-gnu/libc.so.6]
0x7fcbdae2a1c8
0x7fcbdae2a289
[/home/runner/work/alire-crates-ci/alire-crates-ci/alire_install/bin/alr]
0x43d323 _start at ???
0xfffffffffffffffe

stderr: ALIRE.ROOTS.BUILD._WRAPPED_STATEMENTS.BUILD_FAILED
stderr: alire-roots.adb:202
stderr: raised ALIRE.ROOTS.BUILD._WRAPPED_STATEMENTS.BUILD_FAILED : alire-roots.adb:202
[/home/runner/work/alire-crates-ci/alire-crates-ci/alire_install/bin/alr]
0xc74cc7 Alire.Roots.Build at alire-roots.adb:202
0xc7301a Alire.Roots.Build at alire-roots.adb:255
0xc9832b Alire.Roots.Traverse at alire-roots.adb:2143
0xcfee85 Alire.Solutions.Traverse.Visit at alire-solutions.adb:1472
0xcfdfcc Alire.Solutions.Traverse at alire-solutions.adb:1555
0xc9841e Alire.Roots.Traverse at alire-roots.adb:2147
0xc984dd Alire.Roots.Traverse at alire-roots.adb:2127
0xc7359b Alire.Roots.Build at alire-roots.adb:286
0xc736d7 Alire.Roots.Build at alire-roots.adb:114
0x49aa0d Alr.Commands.Build.Execute at alr-commands-build.adb:145
0x49a36d Alr.Commands.Build.Execute at alr-commands-build.adb:113
0x49a51f Alr.Commands.Build.Execute at alr-commands-build.adb:54
0x53bbcc Alr.Commands.Sub_Cmd.Execute at clic-subcommand-instance.adb:749
0x5472be Alr.Commands.Execute at alr-commands.adb:632
0x43d48a Alr.Main at alr-main.adb:13
0x4403a3 Main at b__alr-main.adb:2445
[/lib/x86_64-linux-gnu/libc.so.6]
0x7fcbdae2a1c8
0x7fcbdae2a289
[/home/runner/work/alire-crates-ci/alire-crates-ci/alire_install/bin/alr]
0x43d323 _start at ???
0xfffffffffffffffe

ERROR: Compilation failed.
