Test ran at 2025-11-01 01:42:26.104915+00:00

SOLUTION:
mdshow=1.0.0: Markdown show on terminal
Origin: commit 47663f1cc9db8799cd1e553dbdf22e95bb2b7012 from https://gitlab.com/stcarrez/mdshow.git
Available when: (case OS is Freebsd => True, Linux => True, Macos => False, Openbsd => True, Windows => True, others => False)
Properties:
   Author: Stephane.Carrez@gmail.com
   Configuration: no modifiers
   Description: Markdown show on terminal
   Environment: MANPATH=${CRATE_ROOT}/man:${MANPATH}
   Environment: PATH=${CRATE_ROOT}/bin:${PATH}
   License: Apache-2.0
   Long_Description: `mdshow` is a small command line utility to format and display a markdown file on the terminal.
The viewer supports several format including Markdown, MediaWiki, Creole, Dotclear and Textile.
It can display images in terminals that implement the Kitty Graphics Protocol (`kitty`, `konsole`)
or fallbacks to using unicode character blocks for images when Kitty Graphics Protocol is not supported.


   Maintainer: Stephane.Carrez@gmail.com
   Maintainers_Logins: stcarrez
   Name: mdshow
   Project_File: mdshow.gpr
   Tag: markdown
   Tag: mediawiki
   Tag: dotclear
   Tag: viewer
   Version: 1.0.0
   Website: https://gitlab.com/stcarrez/mdshow
Dependencies (direct):
   ansiada^1.0.0
   gid^13.0.1
   intl^1.0.1
   printer_toolkit~0.3.0
   uri_ada^2.0
   utilada^2.8.0
   utilada_aws^2.8.0
   wikiada^1.5.0
Dependencies (solution):
   ansiada=1.1.0
   aws=24.0.0
   gid=13.0.1
   gnat=15.2.1 (gnat_native)
   gnatcoll=24.0.0
   intl=1.0.1
   libgpr=24.0.0
   make=4.4.1
   openssl=3.5.1
   printer_toolkit=0.3.0
   uri_ada=2.0.0
   utilada=2.8.2
   utilada_aws=2.8.2
   wikiada=1.5.0
   xmlada=24.0.0
Dependencies (graph):
   aws=24.0.0            --> gnat=15.2.1 (gnat_native) (>=12)
   aws=24.0.0            --> gnatcoll=24.0.0 (~24.0.0)
   aws=24.0.0            --> make=4.4.1 (*)
   aws=24.0.0            --> openssl=3.5.1 (*)
   aws=24.0.0            --> xmlada=24.0.0 (~24.0.0)
   gnatcoll=24.0.0       --> libgpr=24.0.0 (~24.0.0)
   libgpr=24.0.0         --> gnat=15.2.1 (gnat_native) (/=2020)
   libgpr=24.0.0         --> xmlada=24.0.0 (~24.0.0)
   mdshow=1.0.0          --> ansiada=1.1.0 (^1.0.0)
   mdshow=1.0.0          --> gid=13.0.1 (^13.0.1)
   mdshow=1.0.0          --> intl=1.0.1 (^1.0.1)
   mdshow=1.0.0          --> printer_toolkit=0.3.0 (~0.3.0)
   mdshow=1.0.0          --> uri_ada=2.0.0 (^2.0)
   mdshow=1.0.0          --> utilada=2.8.2 (^2.8.0)
   mdshow=1.0.0          --> utilada_aws=2.8.2 (^2.8.0)
   mdshow=1.0.0          --> wikiada=1.5.0 (^1.5.0)
   printer_toolkit=0.3.0 --> ansiada=1.1.0 (^1.0.0)
   utilada_aws=2.8.2     --> aws=24.0.0 (^24.0)
   utilada_aws=2.8.2     --> utilada=2.8.2 (^2.8.1)
   wikiada=1.5.0         --> utilada=2.8.2 (^2.8.0)
   xmlada=24.0.0         --> gnat=15.2.1 (gnat_native) (>=11)


LOG:
[alr test] Testing mdshow=1.0.0
[alr test] Spawning retrieval for remote crate: alr -d -n get mdshow=1.0.0
Note: Deploying mdshow=1.0.0...
Note: Deploying ansiada=1.1.0...
Note: Deploying intl=1.0.1...
Note: Deploying openssl=3.5.1...
The system package 'libssl-dev' is about to be installed.
This action might require admin privileges and impact your system installation.
Do you want Alire to install this system package?
Using default: Yes
debconf: unable to initialize frontend: Dialog
debconf: (Dialog frontend will not work on a dumb terminal, an emacs shell buffer, or without a controlling terminal.)
debconf: falling back to frontend: Readline
debconf: unable to initialize frontend: Readline
debconf: (This frontend requires a controlling tty.)
debconf: falling back to frontend: Teletype
debconf: unable to initialize frontend: Teletype
debconf: (This frontend requires a controlling tty.)
debconf: falling back to frontend: Noninteractive
(Reading database ... 
(Reading database ... 5%
(Reading database ... 10%
(Reading database ... 15%
(Reading database ... 20%
(Reading database ... 25%
(Reading database ... 30%
(Reading database ... 35%
(Reading database ... 40%
(Reading database ... 45%
(Reading database ... 50%
(Reading database ... 55%
(Reading database ... 60%
(Reading database ... 65%
(Reading database ... 70%
(Reading database ... 75%
(Reading database ... 80%
(Reading database ... 85%
(Reading database ... 90%
(Reading database ... 95%
(Reading database ... 100%
(Reading database ... 26041 files and directories currently installed.)
Preparing to unpack .../openssl-provider-legacy_3.5.1-1+deb13u1_amd64.deb ...
Unpacking openssl-provider-legacy (3.5.1-1+deb13u1) over (3.5.1-1) ...
Setting up openssl-provider-legacy (3.5.1-1+deb13u1) ...
(Reading database ... 
(Reading database ... 5%
(Reading database ... 10%
(Reading database ... 15%
(Reading database ... 20%
(Reading database ... 25%
(Reading database ... 30%
(Reading database ... 35%
(Reading database ... 40%
(Reading database ... 45%
(Reading database ... 50%
(Reading database ... 55%
(Reading database ... 60%
(Reading database ... 65%
(Reading database ... 70%
(Reading database ... 75%
(Reading database ... 80%
(Reading database ... 85%
(Reading database ... 90%
(Reading database ... 95%
(Reading database ... 100%
(Reading database ... 26041 files and directories currently installed.)
Preparing to unpack .../libssl3t64_3.5.1-1+deb13u1_amd64.deb ...
Unpacking libssl3t64:amd64 (3.5.1-1+deb13u1) over (3.5.1-1) ...
Setting up libssl3t64:amd64 (3.5.1-1+deb13u1) ...
Selecting previously unselected package libssl-dev:amd64.
(Reading database ... 
(Reading database ... 5%
(Reading database ... 10%
(Reading database ... 15%
(Reading database ... 20%
(Reading database ... 25%
(Reading database ... 30%
(Reading database ... 35%
(Reading database ... 40%
(Reading database ... 45%
(Reading database ... 50%
(Reading database ... 55%
(Reading database ... 60%
(Reading database ... 65%
(Reading database ... 70%
(Reading database ... 75%
(Reading database ... 80%
(Reading database ... 85%
(Reading database ... 90%
(Reading database ... 95%
(Reading database ... 100%
(Reading database ... 26041 files and directories currently installed.)
Preparing to unpack .../libssl-dev_3.5.1-1+deb13u1_amd64.deb ...
Unpacking libssl-dev:amd64 (3.5.1-1+deb13u1) ...
Preparing to unpack .../openssl_3.5.1-1+deb13u1_amd64.deb ...
Unpacking openssl (3.5.1-1+deb13u1) over (3.5.1-1) ...
Setting up libssl-dev:amd64 (3.5.1-1+deb13u1) ...
Setting up openssl (3.5.1-1+deb13u1) ...
Processing triggers for libc-bin (2.41-12) ...
Note: Deploying uri_ada=2.0.0...
Note: Deploying utilada=2.8.2...
Note: Deploying printer_toolkit=0.3.0...
Note: Deploying wikiada=1.5.0...
Note: Deploying xmlada=24.0.0...

#=#=#                                                                          
##O#-#                                                                         
##=O#- #                                                                       
Note: Deploying libgpr=24.0.0...

#=#=#                                                                          
##O#-#                                                                         
##=O#- #                                                                       
Note: Deploying gnatcoll=24.0.0...

#=#=#                                                                          
##O#-#                                                                         
##=O#- #                                                                       
Note: Deploying aws=24.0.0...

#=#=#                                                                          
######################################################################## 100.0%
Note: Deploying utilada_aws=2.8.2...

mdshow=1.0.0 successfully retrieved.
Dependencies were solved as follows:

   +  ansiada         1.1.0  (new)
   +  aws             24.0.0 (new,indirect)
   +  gid             13.0.1 (new)
   +b gnat            15.2.1 (new,gnat_native,indirect,binary)
   +  gnatcoll        24.0.0 (new,indirect)
   +  intl            1.0.1  (new)
   +  libgpr          24.0.0 (new,indirect)
   +b make            4.4.1  (new,indirect,system package)
   +b openssl         3.5.1  (new,indirect,system package)
   +  printer_toolkit 0.3.0  (new)
   +  uri_ada         2.0.0  (new)
   +  utilada         2.8.2  (new)
   +  utilada_aws     2.8.2  (new)
   +  wikiada         1.5.0  (new)
   +  xmlada          24.0.0 (new,indirect)
[alr test] Spawning default test for remote crate: alr -d -n build --release -- -cargs:Ada -gnatwn
Note: Building gid=13.0.1/gid.gpr...
gprbuild: "to_png" up to date
gprbuild: "to_bmp" up to date
gprbuild: "mini" up to date
gprbuild: "all_rgb" up to date
gprbuild: "benchmark" up to date
gprbuild: "color_avg" up to date
gprbuild: "comp_img" up to date
gprbuild: "is_opaque" up to date
gprbuild: "recurve" up to date
gprbuild: "steg" up to date
Note: Running post-fetch actions for xmlada=24.0.0...
checking build system type... x86_64-pc-linux-gnu
checking host system type... x86_64-pc-linux-gnu
checking target system type... x86_64-pc-linux-gnu
checking whether gnat can build shared libs... yes
checking for a BSD-compatible install... /usr/bin/install -c
checking whether ln -s works... yes
configure: creating ./config.status
config.status: creating xmlada_shared.gpr
config.status: creating Makefile
config.status: creating tests/dom/default.gpr
Note: Running post-fetch actions for aws=24.0.0...
make[1]: Entering directory '/root/.local/share/alire/builds/aws_24.0.0_2b75fe6d/a2fb2a4db19727974f173d38934ce569d23ddd914f2b7b8afdff57d173d7ff6e/config'
Bind
   [gprbind]      xoscons.bexch
   [Ada]          xoscons.ali
Link
   [link]         xoscons.adb
Setup OS specific definitions
make[1]: Leaving directory '/root/.local/share/alire/builds/aws_24.0.0_2b75fe6d/a2fb2a4db19727974f173d38934ce569d23ddd914f2b7b8afdff57d173d7ff6e/config'
make[1]: Entering directory '/root/.local/share/alire/builds/aws_24.0.0_2b75fe6d/a2fb2a4db19727974f173d38934ce569d23ddd914f2b7b8afdff57d173d7ff6e/regtests'
Can not generate system tags. The test are disabled
make[1]: Leaving directory '/root/.local/share/alire/builds/aws_24.0.0_2b75fe6d/a2fb2a4db19727974f173d38934ce569d23ddd914f2b7b8afdff57d173d7ff6e/regtests'
make[1]: Entering directory '/root/.local/share/alire/builds/aws_24.0.0_2b75fe6d/a2fb2a4db19727974f173d38934ce569d23ddd914f2b7b8afdff57d173d7ff6e/demos'
make[1]: Nothing to be done for 'setup'.
make[1]: Leaving directory '/root/.local/share/alire/builds/aws_24.0.0_2b75fe6d/a2fb2a4db19727974f173d38934ce569d23ddd914f2b7b8afdff57d173d7ff6e/demos'
make[1]: Entering directory '/root/.local/share/alire/builds/aws_24.0.0_2b75fe6d/a2fb2a4db19727974f173d38934ce569d23ddd914f2b7b8afdff57d173d7ff6e/templates_parser'
make[1]: Leaving directory '/root/.local/share/alire/builds/aws_24.0.0_2b75fe6d/a2fb2a4db19727974f173d38934ce569d23ddd914f2b7b8afdff57d173d7ff6e/templates_parser'
make[1]: Entering directory '/root/.local/share/alire/builds/aws_24.0.0_2b75fe6d/a2fb2a4db19727974f173d38934ce569d23ddd914f2b7b8afdff57d173d7ff6e/templates_parser'
make[1]: Leaving directory '/root/.local/share/alire/builds/aws_24.0.0_2b75fe6d/a2fb2a4db19727974f173d38934ce569d23ddd914f2b7b8afdff57d173d7ff6e/templates_parser'
Setup
   [mkdir]        object directory for project Zlib
   [mkdir]        library directory for project Zlib
   [mkdir]        object directory for project Include
   [mkdir]        library directory for project Include
   [mkdir]        object directory for project XmlAda_Sax
   [mkdir]        library directory for project XmlAda_Sax
   [mkdir]        object directory for project XmlAda_Schema
   [mkdir]        object directory for project GPR
   [mkdir]        library directory for project GPR
   [mkdir]        object directory for project GnatColl
   [mkdir]        library directory for project GnatColl
   [mkdir]        object directory for project SSL
   [mkdir]        library directory for project SSL
   [mkdir]        object directory for project Src
   [mkdir]        library directory for project Src
   [mkdir]        library directory for project AWS
   [mkdir]        object directory for project Tools
   [mkdir]        exec directory for project Tools
Compile
   [Ada]          awsres.adb
   [Ada]          memory_streams.adb
   [Ada]          zlib-streams.adb
   [Ada]          zlib-thin.adb
   [Ada]          zlib.adb
   [Ada]          aws-os_lib.ads
   [Ada]          templates_parser.adb
   [Ada]          templates_parser-query.adb
   [Ada]          templates_parser-utils.adb
   [Ada]          templates_parser-debug.adb
   [Ada]          aws-http2.adb
   [Ada]          aws-http2-stream-set.ads
   [Ada]          aws-http2-message-list.ads
   [Ada]          aws-http2-frame.adb
   [Ada]          aws-http2-frame-goaway.adb
   [Ada]          aws-http2-frame-list.ads
   [Ada]          aws-http2-frame-push_promise.adb
   [Ada]          aws-http2-connection.adb
   [Ada]          aws-http2-frame-window_update.adb
   [Ada]          aws-http2-message.adb
   [Ada]          aws-http2-stream.adb
   [Ada]          aws-http2-frame-continuation.adb
   [Ada]          aws-http2-frame-data.adb
   [Ada]          aws-http2-frame-headers.adb
   [Ada]          aws-http2-frame-ping.adb
   [Ada]          aws-http2-hpack-huffman.adb
   [Ada]          aws-http2-frame-rst_stream.adb
   [Ada]          aws-http2-hpack.adb
   [Ada]          aws-http2-frame-settings.adb
   [Ada]          aws-http2-frame-priority.adb
   [Ada]          aws-http2-hpack-table.adb
   [Ada]          aws-communication-client.adb
   [Ada]          aws-services-directory.adb
   [Ada]          aws-smtp-client.adb
   [Ada]          aws-services-download.adb
   [Ada]          aws-services-split_pages-shared.adb
   [Ada]          aws-pop.adb
   [Ada]          aws-services-web_block-context.adb
   [Ada]          aws-smtp.adb
   [Ada]          aws-communication-server.adb
   [Ada]          aws-status-translate_table.adb
   [Ada]          aws-services-web_block.ads
   [Ada]          aws-client-hotplug.adb
   [Ada]          aws-services-dispatchers-method.adb
   [Ada]          aws-services-dispatchers-transient_pages.adb
   [Ada]          aws-services-split_pages-uniform-overlapping.adb
   [Ada]          aws-services-split_pages-alpha.adb
   [Ada]          aws-services-split_pages-uniform.adb
   [Ada]          aws-net-stream_io.adb
   [Ada]          aws-smtp-messages-set.adb
   [Ada]          aws-services-dispatchers-virtual_host.adb
   [Ada]          aws-smtp-server.adb
   [Ada]          aws-smtp-messages.adb
   [Ada]          aws-services-page_server.adb
   [Ada]          aws-services-callbacks.adb
   [Ada]          aws-net-sets.ads
   [Ada]          aws-services-dispatchers-timer.adb
   [Ada]          aws-services-web_mail.adb
   [Ada]          aws-cookie.adb
   [Ada]          aws-services-split_pages-uniform-alpha.adb
   [Ada]          aws-services-split_pages.adb
   [Ada]          aws-services-dispatchers-linker.adb
   [Ada]          aws-services-split_pages-alpha-bounded.adb
   [Ada]          aws-communication.adb
   [Ada]          aws-server-hotplug.adb
   [Ada]          aws-resources-streams-pipe.adb
   [Ada]          aws-server-push.adb
   [Ada]          aws-smtp-authentication.ads
   [Ada]          aws-services-dispatchers-uri.adb
   [Ada]          aws-net-log-callbacks.adb
   [Ada]          aws-services-web_block-registry.adb
   [Ada]          aws-services-dispatchers.ads
   [Ada]          aws-smtp-authentication-plain.adb
   [Ada]          aws-server-log.adb
   [Ada]          aws-containers-key_value.ads
   [Ada]          aws-resources-streams-disk.adb
   [Ada]          aws-services-transient_pages.adb
   [Ada]          aws.ads
   [Ada]          aws-parameters.adb
   [Ada]          aws-resources-files.adb
   [Ada]          aws-containers-memory_streams.ads
   [Ada]          aws-dispatchers.adb
   [Ada]          aws-headers-set.adb
   [Ada]          aws-utils.adb
   [Ada]          aws-log.adb
   [Ada]          aws-server-context.ads
   [Ada]          aws-dispatchers-callback.adb
   [Ada]          aws-headers-values.adb
   [Ada]          aws-net-memory.adb
   [Ada]          aws-utils-streams.adb
   [Ada]          aws-server-status.adb
   [Ada]          aws-resources-streams-disk-once.adb
   [Ada]          aws-default.ads
   [Ada]          aws-hotplug.adb
   [Ada]          aws-containers-string_vectors.ads
   [Ada]          aws-server-get_status.adb
   [Ada]          aws-url-set.adb
   [Ada]          aws-net-websocket-protocol-draft76.adb
   [Ada]          aws-headers.adb
   [Ada]          aws-config-utils.adb
   [Ada]          aws-status-set.adb
   [Ada]          aws-mime.adb
   [Ada]          aws-containers.ads
   [Ada]          aws-server-http_utils.adb
   [Ada]          aws-config-ini.adb
   [Ada]          aws-net-buffered.adb
   [Ada]          aws-net-websocket-protocol-rfc6455.adb
   [Ada]          aws-status.adb
   [Ada]          aws-status-translate_set.adb
   [Ada]          aws-translator.adb
   [Ada]          aws-templates.ads
   [Ada]          aws-server.adb
   [Ada]          aws-net-websocket-protocol.ads
   [Ada]          aws-containers-tables.adb
   [Ada]          aws-net-log.adb
   [Ada]          aws-net-websocket-registry-utils.adb
   [Ada]          aws-url-raise_url_error.adb
   [Ada]          aws-hotplug-get_status.adb
   [Ada]          aws-net-ssl-certificate.adb
   [Ada]          aws-resources-streams-zlib.adb
   [Ada]          aws-net-websocket-registry-control.adb
   [Ada]          aws-resources-streams.adb
   [Ada]          aws-attachments.adb
   [Ada]          aws-services-transient_pages-control.adb
   [Ada]          aws-resources-streams-memory-zlib.adb
   [Ada]          aws-net-websocket-registry.adb
   [Ada]          aws-client-http_utils.adb
   [Ada]          aws-net-poll_events-g_poll.adb
   [Ada]          aws-net-websocket.adb
   [Ada]          aws-net-generic_sets.adb
   [Ada]          aws-parameters-set.adb
   [Ada]          aws-exceptions.ads
   [Ada]          aws-resources.adb
   [Ada]          aws-response.adb
   [Ada]          aws-session-control.adb
   [Ada]          aws-services.ads
   [Ada]          aws-client.adb
   [Ada]          aws-resources-streams-memory.adb
   [Ada]          aws-session.adb
   [Ada]          aws-net-websocket-handshake_error.adb
   [Ada]          aws-net-poll_events.adb
   [Ada]          aws-config-set.adb
   [Ada]          aws-containers-tables-set.ads
   [Ada]          aws-net.adb
   [Ada]          aws-url.adb
   [Ada]          aws-net-acceptors.adb
   [Ada]          aws-messages.adb
   [Ada]          aws-resources-embedded.adb
   [Ada]          aws-digest.adb
   [Ada]          aws-response-set.adb
   [Ada]          aws-config.adb
   [Ada]          aws-net-ssl-rsa_dh_generators.adb
   [Ada]          templates_parser-input__aws.adb
   [Ada]          templates_parser_tasking__standard_tasking.adb
   [Ada]          aws-net-std__gnat.adb
   [Ada]          aws-net-ssl__openssl.adb
   [Ada]          aws-net-ssl-certificate-impl__openssl.adb
   [Ada]          templates_parser-configuration__aws.ads
   [Ada]          schema-simple_types.adb
   [Ada]          schema-validators.adb
   [Ada]          schema-validators-xsd_grammar.adb
   [Ada]          schema-dom_readers.adb
   [Ada]          schema.adb
   [Ada]          schema-schema_readers.adb
   [Ada]          schema-decimal.adb
   [Ada]          schema-date_time.adb
   [Ada]          schema-readers.adb
   [Ada]          dom-core-elements.adb
   [Ada]          dom-core-texts.adb
   [Ada]          dom-core-documents.adb
   [Ada]          dom-core-comments.ads
   [Ada]          dom-core.adb
   [Ada]          dom-core-document_types.adb
   [Ada]          dom-core-notations.adb
   [Ada]          dom-core-document_fragments.ads
   [Ada]          dom-core-attrs.adb
   [Ada]          dom-core-character_datas.adb
   [Ada]          dom-core-cdata_sections.ads
   [Ada]          dom-core-entity_references.ads
   [Ada]          dom-readers.adb
   [Ada]          dom-core-processing_instructions.ads
   [Ada]          dom.ads
   [Ada]          dom-core-nodes.adb
   [Ada]          input_sources-file.adb
   [Ada]          input_sources-socket.adb
   [Ada]          input_sources-strings.adb
   [Ada]          input_sources-http.adb
   [Ada]          input_sources.adb
   [Ada]          sax-readers.adb
   [Ada]          sax.ads
   [Ada]          sax-state_machines.adb
   [Ada]          sax-encodings.ads
   [Ada]          sax-htable.adb
   [Ada]          sax-attributes.adb
   [Ada]          sax-symbols.adb
   [Ada]          sax-locators.adb
   [Ada]          sax-pointers.adb
   [Ada]          sax-exceptions.adb
   [Ada]          sax-models.adb
   [Ada]          sax-utils.adb
   [Ada]          unicode-names-latin_extended_a.ads
   [Ada]          unicode-names-tagalog.ads
   [Ada]          unicode-names-arabic_present_formsa.ads
   [Ada]          unicode-names-tai_tham.ads
   [Ada]          unicode-names-oriya.ads
   [Ada]          unicode-names-shorthand_format_controls.ads
   [Ada]          unicode-names-sundanese_supplement.ads
   [Ada]          unicode-names-spacing_modifier_letters.ads
   [Ada]          unicode-names-misc_math_symbols_b.ads
   [Ada]          unicode-names-cjk_letters_months.ads
   [Ada]          unicode-names-old_turkic.ads
   [Ada]          unicode-names-malayalam.ads
   [Ada]          unicode-names-yijing_hexagram_symbols.ads
   [Ada]          unicode-names-musical_symbols.ads
   [Ada]          unicode-names-gothic.ads
   [Ada]          unicode-names-runic.ads
   [Ada]          unicode-names-linear_a.ads
   [Ada]          unicode-names-tai_xuan_jing_symbols.ads
   [Ada]          unicode-names-mongolian.ads
   [Ada]          unicode-ccs-windows_1251.adb
   [Ada]          unicode-names-sup_math_operators.ads
   [Ada]          unicode-ccs.adb
   [Ada]          unicode-names-arabic_extended_a.ads
   [Ada]          unicode-names-phonetic_ext_sup.ads
   [Ada]          unicode-names-kana_supplement.ads
   [Ada]          unicode-names-arabic_supplement.ads
   [Ada]          unicode-names-duployan.ads
   [Ada]          unicode-names-cyrillic_extended_b.ads
   [Ada]          unicode-names-meetei_mayek.ads
   [Ada]          unicode-names-pau_cin_hau.ads
   [Ada]          unicode-names-balinese.ads
   [Ada]          unicode-names-mende_kikakui.ads
   [Ada]          unicode-names-miao.ads
   [Ada]          unicode-names-coptic_epact_numbers.ads
   [Ada]          unicode-ces-utf16.adb
   [Ada]          unicode-names-takri.ads
   [Ada]          unicode-ces-utf8.adb
   [Ada]          unicode-names-geometric_shapes_extended.ads
   [Ada]          unicode-names-mahjong_tiles.ads
   [Ada]          unicode-names-gujarati.ads
   [Ada]          unicode-names-common_indic_number_forms.ads
   [Ada]          unicode-names-mathematical_operators.ads
   [Ada]          unicode-names-meetei_mayek_extensions.ads
   [Ada]          unicode-names-geometric_shapes.ads
   [Ada]          unicode-names-braille_patterns.ads
   [Ada]          unicode-names-control_pictures.ads
   [Ada]          unicode-names-grantha.ads
   [Ada]          unicode-names-katakana.ads
   [Ada]          unicode-names-carian.ads
   [Ada]          unicode-names-cjk_strokes.ads
   [Ada]          unicode-names-letterlike_symbols.ads
   [Ada]          unicode-names-thaana.ads
   [Ada]          unicode-names-miscellaneous_technical.ads
   [Ada]          unicode-names-misc_symbols_pictographs.ads
   [Ada]          unicode-names-new_tai_lue.ads
   [Ada]          unicode-names-lycian.ads
   [Ada]          unicode-names-inscriptional_pahlavi.ads
   [Ada]          unicode-names-byzantine_musical_symbols.ads
   [Ada]          unicode-names-combining_diacritical_sup.ads
   [Ada]          unicode-names-cuneiform_num_punctuation.ads
   [Ada]          unicode-names-ornamental_dingbats.ads
   [Ada]          unicode-names-supplemental_punctuation.ads
   [Ada]          unicode-names-supplemental_arrows_c.ads
   [Ada]          unicode-names-meroitic_hieroglyphs.ads
   [Ada]          unicode-names-enclosed_alphanumerics.ads
   [Ada]          unicode-names-avestan.ads
   [Ada]          unicode-names-buginese.ads
   [Ada]          unicode-names-georgian_supplement.ads
   [Ada]          unicode-names-phaistos_disc.ads
   [Ada]          unicode-names-vedic_extensions.ads
   [Ada]          unicode-names-tagbanwa.ads
   [Ada]          unicode-names-kangxi_radicals.ads
   [Ada]          unicode-names-nko.ads
   [Ada]          unicode-names-sundanese.ads
   [Ada]          unicode-names-myanmar_extended_a.ads
   [Ada]          unicode-names-old_hungarian.ads
   [Ada]          unicode-names-cherokee_supplement.ads
   [Ada]          unicode-names.ads
   [Ada]          unicode-names-sutton_signwriting.ads
   [Ada]          unicode-names-misc_symbols_and_arrows.ads
   [Ada]          unicode-names-cyrillic_supplement.ads
   [Ada]          unicode-names-phonetic_extensions.ads
   [Ada]          unicode-names-early_dynastic_cuneiform.ads
   [Ada]          unicode-names-specials.ads
   [Ada]          unicode-names-tirhuta.ads
   [Ada]          unicode-ccs-iso_8859_4.adb
   [Ada]          unicode-names-shavian.ads
   [Ada]          unicode-names-miscellaneous_symbols.ads
   [Ada]          unicode-names-domino_tiles.ads
   [Ada]          unicode-names-latin_extended_b.ads
   [Ada]          unicode-names-ol_chiki.ads
   [Ada]          unicode-names-latin_extended_e.ads
   [Ada]          unicode-names-lepcha.ads
   [Ada]          unicode-names-bopomofo.ads
   [Ada]          unicode-names-yi_radicals.ads
   [Ada]          unicode-names-ideograph_descr_chars.ads
   [Ada]          unicode-names-coptic.ads
   [Ada]          unicode-names-block_elements.ads
   [Ada]          unicode-names-modifier_tone_letters.ads
   [Ada]          unicode-ccs-windows_1252.adb
   [Ada]          unicode-names-manichaean.ads
   [Ada]          unicode-names-combining_diacritical_sym.ads
   [Ada]          unicode-names-saurashtra.ads
   [Ada]          unicode-names-cuneiform.ads
   [Ada]          unicode-names-sharada.ads
   [Ada]          unicode-names-supplemental_arrows_b.ads
   [Ada]          unicode-names-arabic.ads
   [Ada]          unicode-names-general_punctuation.ads
   [Ada]          unicode-names-small_form_variants.ads
   [Ada]          unicode-names-linear_b_syllabary.ads
   [Ada]          unicode-names-old_permic.ads
   [Ada]          unicode-names-bengali.ads
   [Ada]          unicode-names-tifinagh.ads
   [Ada]          unicode-names-ethiopic_supplement.ads
   [Ada]          unicode-names-cherokee.ads
   [Ada]          unicode-encodings.adb
   [Ada]          unicode-names-hebrew.ads
   [Ada]          unicode-names-kharoshthi.ads
   [Ada]          unicode-names-armenian.ads
   [Ada]          unicode-names-ethiopic.ads
   [Ada]          unicode-names-enclosed_ideographic_sup.ads
   [Ada]          unicode-names-variation_selectors.ads
   [Ada]          unicode-names-palmyrene.ads
   [Ada]          unicode-names-cyrillic_extended_a.ads
   [Ada]          unicode-names-phags_pa.ads
   [Ada]          unicode-names-kaithi.ads
   [Ada]          unicode-names-siddham.ads
   [Ada]          unicode-names-old_persian.ads
   [Ada]          unicode-names-cjk_compatibility_forms.ads
   [Ada]          unicode-names-anatolian_hieroglyphs.ads
   [Ada]          unicode-names-khmer.ads
   [Ada]          unicode-names-cjk_compatibility.ads
   [Ada]          unicode-names-mandaic.ads
   [Ada]          unicode-names-linear_b_ideograms.ads
   [Ada]          unicode-names-syloti_nagri.ads
   [Ada]          unicode-names-number_forms.ads
   [Ada]          unicode-names-lydian.ads
   [Ada]          unicode-names-alchemical_symbols.ads
   [Ada]          unicode-names-canadian_aboriginal_ext.ads
   [Ada]          unicode-names-transport_and_map_symbols.ads
   [Ada]          unicode-names-batak.ads
   [Ada]          unicode-names-combining_diacritical_ext.ads
   [Ada]          unicode-names-sup_symbols_pictographs.ads
   [Ada]          unicode-names-latin_1_supplement.ads
   [Ada]          unicode-names-kannada.ads
   [Ada]          unicode-names-georgian.ads
   [Ada]          unicode-names-greek_and_coptic.ads
   [Ada]          unicode-names-tai_viet.ads
   [Ada]          unicode-names-bassa_vah.ads
   [Ada]          unicode-names-cjk_radicals_supplement.ads
   [Ada]          unicode-names-sora_sompeng.ads
   [Ada]          unicode-names-vai.ads
   [Ada]          unicode-names-supplemental_arrows_a.ads
   [Ada]          unicode-names-hangul_jamo_extended_b.ads
   [Ada]          unicode-names-khmer_symbols.ads
   [Ada]          unicode-names-myanmar.ads
   [Ada]          unicode-names-latin_extended_d.ads
   [Ada]          unicode-names-math_alphanumeric_symb.ads
   [Ada]          unicode-names-psalter_pahlavi.ads
   [Ada]          unicode-names-sinhala.ads
   [Ada]          unicode-names-half_full_width_forms.ads
   [Ada]          unicode-names-canadian_aboriginal.ads
   [Ada]          unicode-names-khudawadi.ads
   [Ada]          unicode-names-sinhala_archaic_numbers.ads
   [Ada]          unicode-names-cjk_compat_ideographs.ads
   [Ada]          unicode-names-ethiopic_extended.ads
   [Ada]          unicode-names-rejang.ads
   [Ada]          unicode-names-inscriptional_parthian.ads
   [Ada]          unicode-names-mahajani.ads
   [Ada]          unicode-names-limbu.ads
   [Ada]          unicode-ccs-iso_8859_3.adb
   [Ada]          unicode-names-variation_selectors_sup.ads
   [Ada]          unicode-names-old_italic.ads
   [Ada]          unicode-names-elbasan.ads
   [Ada]          unicode-names-arabic_present_formsb.ads
   [Ada]          unicode-names-brahmi.ads
   [Ada]          unicode-names-rumi_numeral_symbols.ads
   [Ada]          unicode-names-cjk_compat_ideo_sup.ads
   [Ada]          unicode-names-ogham.ads
   [Ada]          unicode-names-bamum.ads
   [Ada]          unicode-names-kanbun.ads
   [Ada]          unicode-names-emoticons.ads
   [Ada]          unicode-names-buhid.ads
   [Ada]          unicode-ces-utf32.adb
   [Ada]          unicode-names-currency_symbols.ads
   [Ada]          unicode-names-multani.ads
   [Ada]          unicode-names-hanunoo.ads
   [Ada]          unicode-ces-basic_8bit.adb
   [Ada]          unicode-names-vertical_forms.ads
   [Ada]          unicode-names-ancient_greek_music.ads
   [Ada]          unicode-names-chakma.ads
   [Ada]          unicode-names-box_drawing.ads
   [Ada]          unicode-names-javanese.ads
   [Ada]          unicode-names-aegean_numbers.ads
   [Ada]          unicode-names-latin_extended_c.ads
   [Ada]          unicode-names-combining_half_marks.ads
   [Ada]          unicode-names-lisu.ads
   [Ada]          unicode-names-hatran.ads
   [Ada]          unicode-names-kayah_li.ads
   [Ada]          unicode-names-hangul_jamo_extended_a.ads
   [Ada]          unicode-names-mro.ads
   [Ada]          unicode-names-ahom.ads
   [Ada]          unicode-names-devanagari_extended.ads
   [Ada]          unicode-names-latin_extended_additional.ads
   [Ada]          unicode-names-cham.ads
   [Ada]          unicode-names-katakana_phonetic_ext.ads
   [Ada]          unicode-names-old_north_arabian.ads
   [Ada]          unicode-names-old_south_arabian.ads
   [Ada]          unicode-names-lao.ads
   [Ada]          unicode-names-arabic_math_alpha_symb.ads
   [Ada]          unicode-names-playing_cards.ads
   [Ada]          unicode-names-ipa_extensions.ads
   [Ada]          unicode-names-tai_le.ads
   [Ada]          unicode-names-telugu.ads
   [Ada]          unicode-names-ethiopic_extended_a.ads
   [Ada]          unicode-ces.adb
   [Ada]          unicode-names-basic_latin.ads
   [Ada]          unicode-names-counting_rod_numerals.ads
   [Ada]          unicode-names-caucasian_albanian.ads
   [Ada]          unicode-names-khojki.ads
   [Ada]          unicode-names-syriac.ads
   [Ada]          unicode-names-ancient_greek_numbers.ads
   [Ada]          unicode-names-enclosed_alphanum_sup.ads
   [Ada]          unicode-names-nabataean.ads
   [Ada]          unicode-names-phoenician.ads
   [Ada]          unicode-names-hangul_compatibility_jamo.ads
   [Ada]          unicode-names-myanmar_extended_b.ads
   [Ada]          unicode-names-imperial_aramaic.ads
   [Ada]          unicode-names-yi_syllables.ads
   [Ada]          unicode-names-arrows.ads
   [Ada]          unicode-names-devanagari.ads
   [Ada]          unicode-names-hiragana.ads
   [Ada]          unicode-names-dingbats.ads
   [Ada]          unicode-names-optical_chars_recognition.ads
   [Ada]          unicode-names-glagolitic.ads
   [Ada]          unicode-names-samaritan.ads
   [Ada]          unicode-names-misc_math_symbols_a.ads
   [Ada]          unicode-names-warang_citi.ads
   [Ada]          unicode-names-cyrillic.ads
   [Ada]          unicode-names-cjk_symbols_and_punct.ads
   [Ada]          unicode-names-deseret.ads
   [Ada]          unicode-names-tags.ads
   [Ada]          unicode-names-pahawh_hmong.ads
   [Ada]          unicode-names-bopomofo_extended.ads
   [Ada]          unicode-names-meroitic_cursive.ads
   [Ada]          unicode-names-thai.ads
   [Ada]          unicode.adb
   [Ada]          unicode-names-greek_extended.ads
   [Ada]          unicode-ccs-iso_8859_1.adb
   [Ada]          unicode-names-tibetan.ads
   [Ada]          unicode-ccs-iso_8859_2.adb
   [Ada]          unicode-names-tamil.ads
   [Ada]          unicode-names-egyptian_hieroglyphs.ads
   [Ada]          unicode-names-ancient_symbols.ads
   [Ada]          unicode-names-ugaritic.ads
   [Ada]          unicode-names-gurmukhi.ads
   [Ada]          unicode-names-alpha_presentation_forms.ads
   [Ada]          unicode-names-hangul_jamo.ads
   [Ada]          unicode-names-combining_diacritical.ads
   [Ada]          unicode-names-bamum_supplement.ads
   [Ada]          unicode-names-super_and_sub_scripts.ads
   [Ada]          unicode-ccs-iso_8859_15.adb
   [Ada]          unicode-names-cypriot_syllabary.ads
   [Ada]          unicode-names-osmanya.ads
   [Ada]          unicode-names-modi.ads
   [C]            gpr_imports.c
   [Ada]          gpr-snames.adb
   [Ada]          gpr-script.adb
   [Ada]          gpr-strt.adb
   [Ada]          gpr-compilation.adb
   [Ada]          gpr-scans.adb
   [Ada]          gpr-env.adb
   [Ada]          gpr-compilation-process.adb
   [Ada]          gpr-part.adb
   [Ada]          gpr-compilation-sync.adb
   [Ada]          gpr-erroutc.adb
   [Ada]          gpr-attr-pm.adb
   [Ada]          gpr-ext.adb
   [Ada]          gpr-compilation-process-waiter.adb
   [Ada]          gpr-knowledge.adb
   [Ada]          gpr-nmsc.adb
   [Ada]          gpr-com.ads
   [Ada]          gpr-err.adb
   [Ada]          gpr-tempdir.adb
   [Ada]          gpr-jobserver.adb
   [Ada]          gpr.adb
   [Ada]          gpr-tree.adb
   [Ada]          gpr_build_util.adb
   [Ada]          gpr-opt.ads
   [Ada]          gpr-compilation-slave.adb
   [Ada]          gpr-util.adb
   [Ada]          gpr-proc.adb
   [Ada]          gpr-compilation-protocol.adb
   [Ada]          gpr-ali.adb
   [Ada]          gpr-conf.adb
   [Ada]          gpr-output.adb
   [Ada]          gpr-version.adb
   [Ada]          gpr-pp.adb
   [Ada]          gpr-osint.adb
   [Ada]          gpr-attr.adb
   [Ada]          gpr-debug.adb
   [Ada]          gpr-names.adb
   [Ada]          gpr-util-aux.adb
   [Ada]          gpr-dect.adb
   [Ada]          gpr-sinput.adb
   [Ada]          gpr-cset.adb
   [Ada]          gpr-sdefault.adb
   [C]            process-wrappers.c
   [C]            libc-wrappers.c
   [C]            getRSS.c
   [C]            set_std_prefix.c
   [C]            separate_run_path_option.c
   [C]            update_path.c
   [C]            gnatcoll_support.c
   [C]            terminals.c
   [C]            run_path_option.c
   [C]            executable_path.c
   [C]            objlist_file.c
   [C]            link_max.c
   [Ada]          gnatcoll-os-libc-spawn.ads
   [Ada]          gnatcoll-os-libc.ads
   [Ada]          gnatcoll-os-libc-dirent.ads
   [Ada]          gnatcoll-os-libc-stat.ads
   [Ada]          gnatcoll-paragraph_filling-badnesses.adb
   [Ada]          gnatcoll-paragraph_filling-words.adb
   [Ada]          gnatcoll-paragraph_filling.adb
   [Ada]          gnatcoll-os-process.adb
   [Ada]          gnatcoll-os.ads
   [Ada]          gnatcoll-os-fs.adb
   [Ada]          gnatcoll-os-dir.adb
   [Ada]          gnatcoll-os-fsutil.adb
   [Ada]          gnatcoll-os-stat.adb
   [Ada]          gnatcoll-io-remote-windows.adb
   [Ada]          gnatcoll-strings_impl.adb
   [Ada]          gnatcoll-projects-krunch.adb
   [Ada]          gnatcoll-string_builders.adb
   [Ada]          gnatcoll-format_columns_vertical.ads
   [Ada]          gnatcoll-file_paths.adb
   [Ada]          gnatcoll-email-utils.adb
   [Ada]          gnatcoll-symbols.adb
   [Ada]          gnatcoll.ads
   [Ada]          gnatcoll-pools.adb
   [Ada]          gnatcoll-storage_pools.ads
   [Ada]          gnatcoll-strings.ads
   [Ada]          gnatcoll-wstring_list_builders.adb
   [Ada]          gnatcoll-io-native.adb
   [Ada]          gnatcoll-remote.ads
   [Ada]          gnatcoll-promises.adb
   [Ada]          gnatcoll-refcount-weakref.adb
   [Ada]          gnatcoll-wstring_builders.adb
   [Ada]          gnatcoll-io.adb
   [Ada]          gnatcoll-storage_pools-alignment.adb
   [Ada]          gnatcoll-traces.adb
   [Ada]          gnatcoll-memory.adb
   [Ada]          gnatcoll-formatters.adb
   [Ada]          gnatcoll-vfs_types.ads
   [Ada]          gnatcoll-mmap.adb
   [Ada]          gnatcoll-refcount.adb
gnatcoll-refcount.ads:90:04: warning: in instantiation at gnatcoll-storage_pools-headers.adb:57 [enabled by default]
gnatcoll-refcount.ads:90:04: warning: possible aliasing problem for type "Header_Access" [enabled by default]
gnatcoll-refcount.ads:90:04: warning: use -fno-strict-aliasing switch for references [enabled by default]
gnatcoll-refcount.ads:90:04: warning: or use "pragma No_Strict_Aliasing (Header_Access);" [enabled by default]
   [Ada]          gnatcoll-damerau_levenshtein_generic.adb
   [Ada]          gnatcoll-coders-streams.adb
   [Ada]          gnatcoll-email-mailboxes.adb
   [Ada]          gnatcoll-vfs_utils.adb
   [Ada]          gnatcoll-email-parser.adb
   [Ada]          gnatcoll-coders.adb
   [Ada]          gnatcoll-io-remote-unix.adb
   [Ada]          gnatcoll-terminal.adb
   [Ada]          gnatcoll-projects-normalize.adb
   [Ada]          gnatcoll-io-remote.adb
   [Ada]          gnatcoll-scripts.adb
   [Ada]          gnatcoll-locks.adb
   [Ada]          gnatcoll-any_types.adb
   [Ada]          gnatcoll-coders-base64.adb
   [Ada]          gnatcoll-scripts-impl.adb
   [Ada]          gnatcoll-file_indexes.adb
   [Ada]          gnatcoll-email.adb
   [Ada]          gnatcoll-storage_pools-headers.adb
   [Ada]          gnatcoll-damerau_levenshtein_distance.ads
   [Ada]          gnatcoll-scripts-files.adb
   [Ada]          gnatcoll-boyer_moore.adb
   [Ada]          gnatcoll-atomic.adb
   [Ada]          gnatcoll-scripts-projects.adb
   [Ada]          gnatcoll-templates.adb
   [Ada]          gnatcoll-json-utility.adb
   [Ada]          gnatcoll-path.adb
   [Ada]          gnatcoll-remote-db.adb
   [Ada]          gnatcoll-asserts.adb
   [Ada]          gnatcoll-scripts-utils.adb
   [Ada]          gnatcoll-projects-aux.adb
   [Ada]          gnatcoll-arg_lists.adb
   [Ada]          gnatcoll-vfs.adb
   [Ada]          gnatcoll-projects.adb
   [Ada]          gnatcoll-json.adb
   [Ada]          gnatcoll-scripts-shell.adb
   [Ada]          gnatcoll-utils.adb
   [Ada]          gnatcoll-string_list_builders.adb
   [Ada]          gnatcoll-config.adb
   [Ada]          gnatcoll-opt_parse.adb
   [Ada]          gnatcoll-geometry.adb
   [Ada]          gnatcoll-tribooleans.adb
   [Ada]          gnatcoll-mmap-system__unix.adb
   [Ada]          gnatcoll-plugins__unix.adb
   [Ada]          gnatcoll-os-process_types__unix.adb
   [Ada]          gnatcoll-os-constants__unix.ads
   [Ada]          gnatcoll-os-dir_types__unix.ads
   [Ada]          gnatcoll-os-libc_constants__linux.ads
   [C]            wrappers.c
   [Ada]          ssl.ads
   [Ada]          ssl-thin__openssl.ads
   [C]            gzread.c
   [C]            adler32.c
/root/.local/share/alire/builds/aws_24.0.0_2b75fe6d/a2fb2a4db19727974f173d38934ce569d23ddd914f2b7b8afdff57d173d7ff6e/include/zlib/gzread.c: In function 'gz_load':
/root/.local/share/alire/builds/aws_24.0.0_2b75fe6d/a2fb2a4db19727974f173d38934ce569d23ddd914f2b7b8afdff57d173d7ff6e/include/zlib/gzread.c:21:11: warning: old-style function definition [-Wold-style-definition]
   21 | local int gz_load(state, buf, len, have)
      |           ^~~~~~~
/root/.local/share/alire/builds/aws_24.0.0_2b75fe6d/a2fb2a4db19727974f173d38934ce569d23ddd914f2b7b8afdff57d173d7ff6e/include/zlib/gzread.c: In function 'gz_avail':
/root/.local/share/alire/builds/aws_24.0.0_2b75fe6d/a2fb2a4db19727974f173d38934ce569d23ddd914f2b7b8afdff57d173d7ff6e/include/zlib/gzread.c:56:11: warning: old-style function definition [-Wold-style-definition]
   56 | local int gz_avail(state)
      |           ^~~~~~~~
/root/.local/share/alire/builds/aws_24.0.0_2b75fe6d/a2fb2a4db19727974f173d38934ce569d23ddd914f2b7b8afdff57d173d7ff6e/include/zlib/gzread.c: In function 'gz_look':
/root/.local/share/alire/builds/aws_24.0.0_2b75fe6d/a2fb2a4db19727974f173d38934ce569d23ddd914f2b7b8afdff57d173d7ff6e/include/zlib/gzread.c:91:11: warning: old-style function definition [-Wold-style-definition]
   91 | local int gz_look(state)
      |           ^~~~~~~
/root/.local/share/alire/builds/aws_24.0.0_2b75fe6d/a2fb2a4db19727974f173d38934ce569d23ddd914f2b7b8afdff57d173d7ff6e/include/zlib/gzread.c: In function 'gz_decomp':
/root/.local/share/alire/builds/aws_24.0.0_2b75fe6d/a2fb2a4db19727974f173d38934ce569d23ddd914f2b7b8afdff57d173d7ff6e/include/zlib/gzread.c:175:11: warning: old-style function definition [-Wold-style-definition]
  175 | local int gz_decomp(state)
      |           ^~~~~~~~~
/root/.local/share/alire/builds/aws_24.0.0_2b75fe6d/a2fb2a4db19727974f173d38934ce569d23ddd914f2b7b8afdff57d173d7ff6e/include/zlib/gzread.c: In function 'gz_fetch':
/root/.local/share/alire/builds/aws_24.0.0_2b75fe6d/a2fb2a4db19727974f173d38934ce569d23ddd914f2b7b8afdff57d173d7ff6e/include/zlib/gzread.c:229:11: warning: old-style function definition [-Wold-style-definition]
  229 | local int gz_fetch(state)
      |           ^~~~~~~~
/root/.local/share/alire/builds/aws_24.0.0_2b75fe6d/a2fb2a4db19727974f173d38934ce569d23ddd914f2b7b8afdff57d173d7ff6e/include/zlib/gzread.c: In function 'gz_skip':
/root/.local/share/alire/builds/aws_24.0.0_2b75fe6d/a2fb2a4db19727974f173d38934ce569d23ddd914f2b7b8afdff57d173d7ff6e/include/zlib/gzread.c:259:11: warning: old-style function definition [-Wold-style-definition]
  259 | local int gz_skip(state, len)
      |           ^~~~~~~
/root/.local/share/alire/builds/aws_24.0.0_2b75fe6d/a2fb2a4db19727974f173d38934ce569d23ddd914f2b7b8afdff57d173d7ff6e/include/zlib/gzread.c: In function 'gz_read':
/root/.local/share/alire/builds/aws_24.0.0_2b75fe6d/a2fb2a4db19727974f173d38934ce569d23ddd914f2b7b8afdff57d173d7ff6e/include/zlib/gzread.c:294:16: warning: old-style function definition [-Wold-style-definition]
  294 | local z_size_t gz_read(state, buf, len)
      |                ^~~~~~~
/root/.local/share/alire/builds/aws_24.0.0_2b75fe6d/a2fb2a4db19727974f173d38934ce569d23ddd914f2b7b8afdff57d173d7ff6e/include/zlib/gzread.c: In function 'gzread':
/root/.local/share/alire/builds/aws_24.0.0_2b75fe6d/a2fb2a4db19727974f173d38934ce569d23ddd914f2b7b8afdff57d173d7ff6e/include/zlib/gzread.c:375:13: warning: old-style function definition [-Wold-style-definition]
  375 | int ZEXPORT gzread(file, buf, len)
      |             ^~~~~~
/root/.local/share/alire/builds/aws_24.0.0_2b75fe6d/a2fb2a4db19727974f173d38934ce569d23ddd914f2b7b8afdff57d173d7ff6e/include/zlib/gzread.c: In function 'gzfread':
/root/.local/share/alire/builds/aws_24.0.0_2b75fe6d/a2fb2a4db19727974f173d38934ce569d23ddd914f2b7b8afdff57d173d7ff6e/include/zlib/gzread.c:411:18: warning: old-style function definition [-Wold-style-definition]
  411 | z_size_t ZEXPORT gzfread(buf, size, nitems, file)
      |                  ^~~~~~~
/root/.local/share/alire/builds/aws_24.0.0_2b75fe6d/a2fb2a4db19727974f173d38934ce569d23ddd914f2b7b8afdff57d173d7ff6e/include/zlib/gzread.c: In function 'gzgetc':
/root/.local/share/alire/builds/aws_24.0.0_2b75fe6d/a2fb2a4db19727974f173d38934ce569d23ddd914f2b7b8afdff57d173d7ff6e/include/zlib/gzread.c:447:13: warning: old-style function definition [-Wold-style-definition]
  447 | int ZEXPORT gzgetc(file)
      |             ^~~~~~
/root/.local/share/alire/builds/aws_24.0.0_2b75fe6d/a2fb2a4db19727974f173d38934ce569d23ddd914f2b7b8afdff57d173d7ff6e/include/zlib/gzread.c: In function 'gzgetc_':
/root/.local/share/alire/builds/aws_24.0.0_2b75fe6d/a2fb2a4db19727974f173d38934ce569d23ddd914f2b7b8afdff57d173d7ff6e/include/zlib/gzread.c:476:13: warning: old-style function definition [-Wold-style-definition]
  476 | int ZEXPORT gzgetc_(file)
      |             ^~~~~~~
/root/.local/share/alire/builds/aws_24.0.0_2b75fe6d/a2fb2a4db19727974f173d38934ce569d23ddd914f2b7b8afdff57d173d7ff6e/include/zlib/gzread.c: In function 'gzungetc':
/root/.local/share/alire/builds/aws_24.0.0_2b75fe6d/a2fb2a4db19727974f173d38934ce569d23ddd914f2b7b8afdff57d173d7ff6e/include/zlib/gzread.c:483:13: warning: old-style function definition [-Wold-style-definition]
  483 | int ZEXPORT gzungetc(c, file)
      |             ^~~~~~~~
/root/.local/share/alire/builds/aws_24.0.0_2b75fe6d/a2fb2a4db19727974f173d38934ce569d23ddd914f2b7b8afdff57d173d7ff6e/include/zlib/gzread.c: In function 'gzgets':
/root/.local/share/alire/builds/aws_24.0.0_2b75fe6d/a2fb2a4db19727974f173d38934ce569d23ddd914f2b7b8afdff57d173d7ff6e/include/zlib/gzread.c:543:16: warning: old-style function definition [-Wold-style-definition]
  543 | char * ZEXPORT gzgets(file, buf, len)
      |                ^~~~~~
/root/.local/share/alire/builds/aws_24.0.0_2b75fe6d/a2fb2a4db19727974f173d38934ce569d23ddd914f2b7b8afdff57d173d7ff6e/include/zlib/gzread.c: In function 'gzdirect':
/root/.local/share/alire/builds/aws_24.0.0_2b75fe6d/a2fb2a4db19727974f173d38934ce569d23ddd914f2b7b8afdff57d173d7ff6e/include/zlib/gzread.c:607:13: warning: old-style function definition [-Wold-style-definition]
  607 | int ZEXPORT gzdirect(file)
      |             ^~~~~~~~
/root/.local/share/alire/builds/aws_24.0.0_2b75fe6d/a2fb2a4db19727974f173d38934ce569d23ddd914f2b7b8afdff57d173d7ff6e/include/zlib/gzread.c: In function 'gzclose_r':
/root/.local/share/alire/builds/aws_24.0.0_2b75fe6d/a2fb2a4db19727974f173d38934ce569d23ddd914f2b7b8afdff57d173d7ff6e/include/zlib/gzread.c:627:13: warning: old-style function definition [-Wold-style-definition]
  627 | int ZEXPORT gzclose_r(file)
      |             ^~~~~~~~~
   [C]            compress.c
/root/.local/share/alire/builds/aws_24.0.0_2b75fe6d/a2fb2a4db19727974f173d38934ce569d23ddd914f2b7b8afdff57d173d7ff6e/include/zlib/adler32.c: In function 'adler32_z':
/root/.local/share/alire/builds/aws_24.0.0_2b75fe6d/a2fb2a4db19727974f173d38934ce569d23ddd914f2b7b8afdff57d173d7ff6e/include/zlib/adler32.c:63:15: warning: old-style function definition [-Wold-style-definition]
   63 | uLong ZEXPORT adler32_z(adler, buf, len)
      |               ^~~~~~~~~
/root/.local/share/alire/builds/aws_24.0.0_2b75fe6d/a2fb2a4db19727974f173d38934ce569d23ddd914f2b7b8afdff57d173d7ff6e/include/zlib/adler32.c: In function 'adler32':
/root/.local/share/alire/builds/aws_24.0.0_2b75fe6d/a2fb2a4db19727974f173d38934ce569d23ddd914f2b7b8afdff57d173d7ff6e/include/zlib/adler32.c:134:15: warning: old-style function definition [-Wold-style-definition]
  134 | uLong ZEXPORT adler32(adler, buf, len)
      |               ^~~~~~~
/root/.local/share/alire/builds/aws_24.0.0_2b75fe6d/a2fb2a4db19727974f173d38934ce569d23ddd914f2b7b8afdff57d173d7ff6e/include/zlib/adler32.c: In function 'adler32_combine_':
/root/.local/share/alire/builds/aws_24.0.0_2b75fe6d/a2fb2a4db19727974f173d38934ce569d23ddd914f2b7b8afdff57d173d7ff6e/include/zlib/adler32.c:143:13: warning: old-style function definition [-Wold-style-definition]
  143 | local uLong adler32_combine_(adler1, adler2, len2)
      |             ^~~~~~~~~~~~~~~~
/root/.local/share/alire/builds/aws_24.0.0_2b75fe6d/a2fb2a4db19727974f173d38934ce569d23ddd914f2b7b8afdff57d173d7ff6e/include/zlib/adler32.c: In function 'adler32_combine':
/root/.local/share/alire/builds/aws_24.0.0_2b75fe6d/a2fb2a4db19727974f173d38934ce569d23ddd914f2b7b8afdff57d173d7ff6e/include/zlib/adler32.c:172:15: warning: old-style function definition [-Wold-style-definition]
  172 | uLong ZEXPORT adler32_combine(adler1, adler2, len2)
      |               ^~~~~~~~~~~~~~~
/root/.local/share/alire/builds/aws_24.0.0_2b75fe6d/a2fb2a4db19727974f173d38934ce569d23ddd914f2b7b8afdff57d173d7ff6e/include/zlib/adler32.c: In function 'adler32_combine64':
/root/.local/share/alire/builds/aws_24.0.0_2b75fe6d/a2fb2a4db19727974f173d38934ce569d23ddd914f2b7b8afdff57d173d7ff6e/include/zlib/adler32.c:180:15: warning: old-style function definition [-Wold-style-definition]
  180 | uLong ZEXPORT adler32_combine64(adler1, adler2, len2)
      |               ^~~~~~~~~~~~~~~~~
   [C]            inffast.c
/root/.local/share/alire/builds/aws_24.0.0_2b75fe6d/a2fb2a4db19727974f173d38934ce569d23ddd914f2b7b8afdff57d173d7ff6e/include/zlib/compress.c: In function 'compress2':
/root/.local/share/alire/builds/aws_24.0.0_2b75fe6d/a2fb2a4db19727974f173d38934ce569d23ddd914f2b7b8afdff57d173d7ff6e/include/zlib/compress.c:22:13: warning: old-style function definition [-Wold-style-definition]
   22 | int ZEXPORT compress2 (dest, destLen, source, sourceLen, level)
      |             ^~~~~~~~~
/root/.local/share/alire/builds/aws_24.0.0_2b75fe6d/a2fb2a4db19727974f173d38934ce569d23ddd914f2b7b8afdff57d173d7ff6e/include/zlib/compress.c: In function 'compress':
/root/.local/share/alire/builds/aws_24.0.0_2b75fe6d/a2fb2a4db19727974f173d38934ce569d23ddd914f2b7b8afdff57d173d7ff6e/include/zlib/compress.c:68:13: warning: old-style function definition [-Wold-style-definition]
   68 | int ZEXPORT compress (dest, destLen, source, sourceLen)
      |             ^~~~~~~~
/root/.local/share/alire/builds/aws_24.0.0_2b75fe6d/a2fb2a4db19727974f173d38934ce569d23ddd914f2b7b8afdff57d173d7ff6e/include/zlib/compress.c: In function 'compressBound':
/root/.local/share/alire/builds/aws_24.0.0_2b75fe6d/a2fb2a4db19727974f173d38934ce569d23ddd914f2b7b8afdff57d173d7ff6e/include/zlib/compress.c:81:15: warning: old-style function definition [-Wold-style-definition]
   81 | uLong ZEXPORT compressBound (sourceLen)
      |               ^~~~~~~~~~~~~
   [C]            gzclose.c
/root/.local/share/alire/builds/aws_24.0.0_2b75fe6d/a2fb2a4db19727974f173d38934ce569d23ddd914f2b7b8afdff57d173d7ff6e/include/zlib/inffast.c: In function 'inflate_fast':
/root/.local/share/alire/builds/aws_24.0.0_2b75fe6d/a2fb2a4db19727974f173d38934ce569d23ddd914f2b7b8afdff57d173d7ff6e/include/zlib/inffast.c:50:20: warning: old-style function definition [-Wold-style-definition]
   50 | void ZLIB_INTERNAL inflate_fast(strm, start)
      |                    ^~~~~~~~~~~~
   [C]            inflate.c
/root/.local/share/alire/builds/aws_24.0.0_2b75fe6d/a2fb2a4db19727974f173d38934ce569d23ddd914f2b7b8afdff57d173d7ff6e/include/zlib/gzclose.c: In function 'gzclose':
/root/.local/share/alire/builds/aws_24.0.0_2b75fe6d/a2fb2a4db19727974f173d38934ce569d23ddd914f2b7b8afdff57d173d7ff6e/include/zlib/gzclose.c:11:13: warning: old-style function definition [-Wold-style-definition]
   11 | int ZEXPORT gzclose(file)
      |             ^~~~~~~
   [C]            inftrees.c
/root/.local/share/alire/builds/aws_24.0.0_2b75fe6d/a2fb2a4db19727974f173d38934ce569d23ddd914f2b7b8afdff57d173d7ff6e/include/zlib/inftrees.c: In function 'inflate_table':
/root/.local/share/alire/builds/aws_24.0.0_2b75fe6d/a2fb2a4db19727974f173d38934ce569d23ddd914f2b7b8afdff57d173d7ff6e/include/zlib/inftrees.c:32:19: warning: old-style function definition [-Wold-style-definition]
   32 | int ZLIB_INTERNAL inflate_table(type, lens, codes, table, bits, work)
      |                   ^~~~~~~~~~~~~
   [C]            gzwrite.c
/root/.local/share/alire/builds/aws_24.0.0_2b75fe6d/a2fb2a4db19727974f173d38934ce569d23ddd914f2b7b8afdff57d173d7ff6e/include/zlib/inflate.c: In function 'inflateStateCheck':
/root/.local/share/alire/builds/aws_24.0.0_2b75fe6d/a2fb2a4db19727974f173d38934ce569d23ddd914f2b7b8afdff57d173d7ff6e/include/zlib/inflate.c:105:11: warning: old-style function definition [-Wold-style-definition]
  105 | local int inflateStateCheck(strm)
      |           ^~~~~~~~~~~~~~~~~
/root/.local/share/alire/builds/aws_24.0.0_2b75fe6d/a2fb2a4db19727974f173d38934ce569d23ddd914f2b7b8afdff57d173d7ff6e/include/zlib/inflate.c: In function 'inflateResetKeep':
/root/.local/share/alire/builds/aws_24.0.0_2b75fe6d/a2fb2a4db19727974f173d38934ce569d23ddd914f2b7b8afdff57d173d7ff6e/include/zlib/inflate.c:119:13: warning: old-style function definition [-Wold-style-definition]
  119 | int ZEXPORT inflateResetKeep(strm)
      |             ^~~~~~~~~~~~~~~~
/root/.local/share/alire/builds/aws_24.0.0_2b75fe6d/a2fb2a4db19727974f173d38934ce569d23ddd914f2b7b8afdff57d173d7ff6e/include/zlib/inflate.c: In function 'inflateReset':
/root/.local/share/alire/builds/aws_24.0.0_2b75fe6d/a2fb2a4db19727974f173d38934ce569d23ddd914f2b7b8afdff57d173d7ff6e/include/zlib/inflate.c:144:13: warning: old-style function definition [-Wold-style-definition]
  144 | int ZEXPORT inflateReset(strm)
      |             ^~~~~~~~~~~~
/root/.local/share/alire/builds/aws_24.0.0_2b75fe6d/a2fb2a4db19727974f173d38934ce569d23ddd914f2b7b8afdff57d173d7ff6e/include/zlib/inflate.c: In function 'inflateReset2':
/root/.local/share/alire/builds/aws_24.0.0_2b75fe6d/a2fb2a4db19727974f173d38934ce569d23ddd914f2b7b8afdff57d173d7ff6e/include/zlib/inflate.c:157:13: warning: old-style function definition [-Wold-style-definition]
  157 | int ZEXPORT inflateReset2(strm, windowBits)
      |             ^~~~~~~~~~~~~
/root/.local/share/alire/builds/aws_24.0.0_2b75fe6d/a2fb2a4db19727974f173d38934ce569d23ddd914f2b7b8afdff57d173d7ff6e/include/zlib/inflate.c: In function 'inflateInit2_':
/root/.local/share/alire/builds/aws_24.0.0_2b75fe6d/a2fb2a4db19727974f173d38934ce569d23ddd914f2b7b8afdff57d173d7ff6e/include/zlib/inflate.c:195:13: warning: old-style function definition [-Wold-style-definition]
  195 | int ZEXPORT inflateInit2_(strm, windowBits, version, stream_size)
      |             ^~~~~~~~~~~~~
/root/.local/share/alire/builds/aws_24.0.0_2b75fe6d/a2fb2a4db19727974f173d38934ce569d23ddd914f2b7b8afdff57d173d7ff6e/include/zlib/inflate.c: In function 'inflateInit_':
/root/.local/share/alire/builds/aws_24.0.0_2b75fe6d/a2fb2a4db19727974f173d38934ce569d23ddd914f2b7b8afdff57d173d7ff6e/include/zlib/inflate.c:239:13: warning: old-style function definition [-Wold-style-definition]
  239 | int ZEXPORT inflateInit_(strm, version, stream_size)
      |             ^~~~~~~~~~~~
/root/.local/share/alire/builds/aws_24.0.0_2b75fe6d/a2fb2a4db19727974f173d38934ce569d23ddd914f2b7b8afdff57d173d7ff6e/include/zlib/inflate.c: In function 'inflatePrime':
/root/.local/share/alire/builds/aws_24.0.0_2b75fe6d/a2fb2a4db19727974f173d38934ce569d23ddd914f2b7b8afdff57d173d7ff6e/include/zlib/inflate.c:247:13: warning: old-style function definition [-Wold-style-definition]
  247 | int ZEXPORT inflatePrime(strm, bits, value)
      |             ^~~~~~~~~~~~
/root/.local/share/alire/builds/aws_24.0.0_2b75fe6d/a2fb2a4db19727974f173d38934ce569d23ddd914f2b7b8afdff57d173d7ff6e/include/zlib/inflate.c: In function 'fixedtables':
/root/.local/share/alire/builds/aws_24.0.0_2b75fe6d/a2fb2a4db19727974f173d38934ce569d23ddd914f2b7b8afdff57d173d7ff6e/include/zlib/inflate.c:278:12: warning: old-style function definition [-Wold-style-definition]
  278 | local void fixedtables(state)
      |            ^~~~~~~~~~~
/root/.local/share/alire/builds/aws_24.0.0_2b75fe6d/a2fb2a4db19727974f173d38934ce569d23ddd914f2b7b8afdff57d173d7ff6e/include/zlib/inflate.c: In function 'updatewindow':
/root/.local/share/alire/builds/aws_24.0.0_2b75fe6d/a2fb2a4db19727974f173d38934ce569d23ddd914f2b7b8afdff57d173d7ff6e/include/zlib/inflate.c:396:11: warning: old-style function definition [-Wold-style-definition]
  396 | local int updatewindow(strm, end, copy)
      |           ^~~~~~~~~~~~
/root/.local/share/alire/builds/aws_24.0.0_2b75fe6d/a2fb2a4db19727974f173d38934ce569d23ddd914f2b7b8afdff57d173d7ff6e/include/zlib/inflate.c: In function 'inflate':
/root/.local/share/alire/builds/aws_24.0.0_2b75fe6d/a2fb2a4db19727974f173d38934ce569d23ddd914f2b7b8afdff57d173d7ff6e/include/zlib/inflate.c:622:13: warning: old-style function definition [-Wold-style-definition]
  622 | int ZEXPORT inflate(strm, flush)
      |             ^~~~~~~
/root/.local/share/alire/builds/aws_24.0.0_2b75fe6d/a2fb2a4db19727974f173d38934ce569d23ddd914f2b7b8afdff57d173d7ff6e/include/zlib/inflate.c: In function 'inflateEnd':
/root/.local/share/alire/builds/aws_24.0.0_2b75fe6d/a2fb2a4db19727974f173d38934ce569d23ddd914f2b7b8afdff57d173d7ff6e/include/zlib/inflate.c:1277:13: warning: old-style function definition [-Wold-style-definition]
 1277 | int ZEXPORT inflateEnd(strm)
      |             ^~~~~~~~~~
/root/.local/share/alire/builds/aws_24.0.0_2b75fe6d/a2fb2a4db19727974f173d38934ce569d23ddd914f2b7b8afdff57d173d7ff6e/include/zlib/inflate.c: In function 'inflateGetDictionary':
/root/.local/share/alire/builds/aws_24.0.0_2b75fe6d/a2fb2a4db19727974f173d38934ce569d23ddd914f2b7b8afdff57d173d7ff6e/include/zlib/inflate.c:1291:13: warning: old-style function definition [-Wold-style-definition]
 1291 | int ZEXPORT inflateGetDictionary(strm, dictionary, dictLength)
      |             ^~~~~~~~~~~~~~~~~~~~
/root/.local/share/alire/builds/aws_24.0.0_2b75fe6d/a2fb2a4db19727974f173d38934ce569d23ddd914f2b7b8afdff57d173d7ff6e/include/zlib/inflate.c: In function 'inflateSetDictionary':
/root/.local/share/alire/builds/aws_24.0.0_2b75fe6d/a2fb2a4db19727974f173d38934ce569d23ddd914f2b7b8afdff57d173d7ff6e/include/zlib/inflate.c:1314:13: warning: old-style function definition [-Wold-style-definition]
 1314 | int ZEXPORT inflateSetDictionary(strm, dictionary, dictLength)
      |             ^~~~~~~~~~~~~~~~~~~~
/root/.local/share/alire/builds/aws_24.0.0_2b75fe6d/a2fb2a4db19727974f173d38934ce569d23ddd914f2b7b8afdff57d173d7ff6e/include/zlib/inflate.c: In function 'inflateGetHeader':
/root/.local/share/alire/builds/aws_24.0.0_2b75fe6d/a2fb2a4db19727974f173d38934ce569d23ddd914f2b7b8afdff57d173d7ff6e/include/zlib/inflate.c:1349:13: warning: old-style function definition [-Wold-style-definition]
 1349 | int ZEXPORT inflateGetHeader(strm, head)
      |             ^~~~~~~~~~~~~~~~
/root/.local/share/alire/builds/aws_24.0.0_2b75fe6d/a2fb2a4db19727974f173d38934ce569d23ddd914f2b7b8afdff57d173d7ff6e/include/zlib/inflate.c: In function 'syncsearch':
/root/.local/share/alire/builds/aws_24.0.0_2b75fe6d/a2fb2a4db19727974f173d38934ce569d23ddd914f2b7b8afdff57d173d7ff6e/include/zlib/inflate.c:1377:16: warning: old-style function definition [-Wold-style-definition]
 1377 | local unsigned syncsearch(have, buf, len)
      |                ^~~~~~~~~~
/root/.local/share/alire/builds/aws_24.0.0_2b75fe6d/a2fb2a4db19727974f173d38934ce569d23ddd914f2b7b8afdff57d173d7ff6e/include/zlib/inflate.c: In function 'inflateSync':
/root/.local/share/alire/builds/aws_24.0.0_2b75fe6d/a2fb2a4db19727974f173d38934ce569d23ddd914f2b7b8afdff57d173d7ff6e/include/zlib/inflate.c:1400:13: warning: old-style function definition [-Wold-style-definition]
 1400 | int ZEXPORT inflateSync(strm)
      |             ^~~~~~~~~~~
/root/.local/share/alire/builds/aws_24.0.0_2b75fe6d/a2fb2a4db19727974f173d38934ce569d23ddd914f2b7b8afdff57d173d7ff6e/include/zlib/inflate.c: In function 'inflateSyncPoint':
/root/.local/share/alire/builds/aws_24.0.0_2b75fe6d/a2fb2a4db19727974f173d38934ce569d23ddd914f2b7b8afdff57d173d7ff6e/include/zlib/inflate.c:1451:13: warning: old-style function definition [-Wold-style-definition]
 1451 | int ZEXPORT inflateSyncPoint(strm)
      |             ^~~~~~~~~~~~~~~~
/root/.local/share/alire/builds/aws_24.0.0_2b75fe6d/a2fb2a4db19727974f173d38934ce569d23ddd914f2b7b8afdff57d173d7ff6e/include/zlib/inflate.c: In function 'inflateCopy':
/root/.local/share/alire/builds/aws_24.0.0_2b75fe6d/a2fb2a4db19727974f173d38934ce569d23ddd914f2b7b8afdff57d173d7ff6e/include/zlib/inflate.c:1461:13: warning: old-style function definition [-Wold-style-definition]
 1461 | int ZEXPORT inflateCopy(dest, source)
      |             ^~~~~~~~~~~
/root/.local/share/alire/builds/aws_24.0.0_2b75fe6d/a2fb2a4db19727974f173d38934ce569d23ddd914f2b7b8afdff57d173d7ff6e/include/zlib/inflate.c: In function 'inflateUndermine':
/root/.local/share/alire/builds/aws_24.0.0_2b75fe6d/a2fb2a4db19727974f173d38934ce569d23ddd914f2b7b8afdff57d173d7ff6e/include/zlib/inflate.c:1508:13: warning: old-style function definition [-Wold-style-definition]
 1508 | int ZEXPORT inflateUndermine(strm, subvert)
      |             ^~~~~~~~~~~~~~~~
/root/.local/share/alire/builds/aws_24.0.0_2b75fe6d/a2fb2a4db19727974f173d38934ce569d23ddd914f2b7b8afdff57d173d7ff6e/include/zlib/inflate.c: In function 'inflateValidate':
/root/.local/share/alire/builds/aws_24.0.0_2b75fe6d/a2fb2a4db19727974f173d38934ce569d23ddd914f2b7b8afdff57d173d7ff6e/include/zlib/inflate.c:1526:13: warning: old-style function definition [-Wold-style-definition]
 1526 | int ZEXPORT inflateValidate(strm, check)
      |             ^~~~~~~~~~~~~~~
/root/.local/share/alire/builds/aws_24.0.0_2b75fe6d/a2fb2a4db19727974f173d38934ce569d23ddd914f2b7b8afdff57d173d7ff6e/include/zlib/inflate.c: In function 'inflateMark':
/root/.local/share/alire/builds/aws_24.0.0_2b75fe6d/a2fb2a4db19727974f173d38934ce569d23ddd914f2b7b8afdff57d173d7ff6e/include/zlib/inflate.c:1541:14: warning: old-style function definition [-Wold-style-definition]
 1541 | long ZEXPORT inflateMark(strm)
      |              ^~~~~~~~~~~
/root/.local/share/alire/builds/aws_24.0.0_2b75fe6d/a2fb2a4db19727974f173d38934ce569d23ddd914f2b7b8afdff57d173d7ff6e/include/zlib/inflate.c: In function 'inflateCodesUsed':
/root/.local/share/alire/builds/aws_24.0.0_2b75fe6d/a2fb2a4db19727974f173d38934ce569d23ddd914f2b7b8afdff57d173d7ff6e/include/zlib/inflate.c:1554:23: warning: old-style function definition [-Wold-style-definition]
 1554 | unsigned long ZEXPORT inflateCodesUsed(strm)
      |                       ^~~~~~~~~~~~~~~~
   [C]            uncompr.c
/root/.local/share/alire/builds/aws_24.0.0_2b75fe6d/a2fb2a4db19727974f173d38934ce569d23ddd914f2b7b8afdff57d173d7ff6e/include/zlib/gzwrite.c: In function 'gz_init':
/root/.local/share/alire/builds/aws_24.0.0_2b75fe6d/a2fb2a4db19727974f173d38934ce569d23ddd914f2b7b8afdff57d173d7ff6e/include/zlib/gzwrite.c:17:11: warning: old-style function definition [-Wold-style-definition]
   17 | local int gz_init(state)
      |           ^~~~~~~
/root/.local/share/alire/builds/aws_24.0.0_2b75fe6d/a2fb2a4db19727974f173d38934ce569d23ddd914f2b7b8afdff57d173d7ff6e/include/zlib/gzwrite.c: In function 'gz_comp':
/root/.local/share/alire/builds/aws_24.0.0_2b75fe6d/a2fb2a4db19727974f173d38934ce569d23ddd914f2b7b8afdff57d173d7ff6e/include/zlib/gzwrite.c:73:11: warning: old-style function definition [-Wold-style-definition]
   73 | local int gz_comp(state, flush)
      |           ^~~~~~~
/root/.local/share/alire/builds/aws_24.0.0_2b75fe6d/a2fb2a4db19727974f173d38934ce569d23ddd914f2b7b8afdff57d173d7ff6e/include/zlib/gzwrite.c: In function 'gz_zero':
/root/.local/share/alire/builds/aws_24.0.0_2b75fe6d/a2fb2a4db19727974f173d38934ce569d23ddd914f2b7b8afdff57d173d7ff6e/include/zlib/gzwrite.c:145:11: warning: old-style function definition [-Wold-style-definition]
  145 | local int gz_zero(state, len)
      |           ^~~~~~~
/root/.local/share/alire/builds/aws_24.0.0_2b75fe6d/a2fb2a4db19727974f173d38934ce569d23ddd914f2b7b8afdff57d173d7ff6e/include/zlib/gzwrite.c: In function 'gz_write':
/root/.local/share/alire/builds/aws_24.0.0_2b75fe6d/a2fb2a4db19727974f173d38934ce569d23ddd914f2b7b8afdff57d173d7ff6e/include/zlib/gzwrite.c:178:16: warning: old-style function definition [-Wold-style-definition]
  178 | local z_size_t gz_write(state, buf, len)
      |                ^~~~~~~~
/root/.local/share/alire/builds/aws_24.0.0_2b75fe6d/a2fb2a4db19727974f173d38934ce569d23ddd914f2b7b8afdff57d173d7ff6e/include/zlib/gzwrite.c: In function 'gzwrite':
/root/.local/share/alire/builds/aws_24.0.0_2b75fe6d/a2fb2a4db19727974f173d38934ce569d23ddd914f2b7b8afdff57d173d7ff6e/include/zlib/gzwrite.c:246:13: warning: old-style function definition [-Wold-style-definition]
  246 | int ZEXPORT gzwrite(file, buf, len)
      |             ^~~~~~~
/root/.local/share/alire/builds/aws_24.0.0_2b75fe6d/a2fb2a4db19727974f173d38934ce569d23ddd914f2b7b8afdff57d173d7ff6e/include/zlib/gzwrite.c: In function 'gzfwrite':
/root/.local/share/alire/builds/aws_24.0.0_2b75fe6d/a2fb2a4db19727974f173d38934ce569d23ddd914f2b7b8afdff57d173d7ff6e/include/zlib/gzwrite.c:274:18: warning: old-style function definition [-Wold-style-definition]
  274 | z_size_t ZEXPORT gzfwrite(buf, size, nitems, file)
      |                  ^~~~~~~~
/root/.local/share/alire/builds/aws_24.0.0_2b75fe6d/a2fb2a4db19727974f173d38934ce569d23ddd914f2b7b8afdff57d173d7ff6e/include/zlib/gzwrite.c: In function 'gzputc':
/root/.local/share/alire/builds/aws_24.0.0_2b75fe6d/a2fb2a4db19727974f173d38934ce569d23ddd914f2b7b8afdff57d173d7ff6e/include/zlib/gzwrite.c:304:13: warning: old-style function definition [-Wold-style-definition]
  304 | int ZEXPORT gzputc(file, c)
      |             ^~~~~~
/root/.local/share/alire/builds/aws_24.0.0_2b75fe6d/a2fb2a4db19727974f173d38934ce569d23ddd914f2b7b8afdff57d173d7ff6e/include/zlib/gzwrite.c: In function 'gzputs':
/root/.local/share/alire/builds/aws_24.0.0_2b75fe6d/a2fb2a4db19727974f173d38934ce569d23ddd914f2b7b8afdff57d173d7ff6e/include/zlib/gzwrite.c:352:13: warning: old-style function definition [-Wold-style-definition]
  352 | int ZEXPORT gzputs(file, str)
      |             ^~~~~~
/root/.local/share/alire/builds/aws_24.0.0_2b75fe6d/a2fb2a4db19727974f173d38934ce569d23ddd914f2b7b8afdff57d173d7ff6e/include/zlib/gzwrite.c: In function 'gzflush':
/root/.local/share/alire/builds/aws_24.0.0_2b75fe6d/a2fb2a4db19727974f173d38934ce569d23ddd914f2b7b8afdff57d173d7ff6e/include/zlib/gzwrite.c:553:13: warning: old-style function definition [-Wold-style-definition]
  553 | int ZEXPORT gzflush(file, flush)
      |             ^~~~~~~
/root/.local/share/alire/builds/aws_24.0.0_2b75fe6d/a2fb2a4db19727974f173d38934ce569d23ddd914f2b7b8afdff57d173d7ff6e/include/zlib/gzwrite.c: In function 'gzsetparams':
/root/.local/share/alire/builds/aws_24.0.0_2b75fe6d/a2fb2a4db19727974f173d38934ce569d23ddd914f2b7b8afdff57d173d7ff6e/include/zlib/gzwrite.c:585:13: warning: old-style function definition [-Wold-style-definition]
  585 | int ZEXPORT gzsetparams(file, level, strategy)
      |             ^~~~~~~~~~~
/root/.local/share/alire/builds/aws_24.0.0_2b75fe6d/a2fb2a4db19727974f173d38934ce569d23ddd914f2b7b8afdff57d173d7ff6e/include/zlib/gzwrite.c: In function 'gzclose_w':
/root/.local/share/alire/builds/aws_24.0.0_2b75fe6d/a2fb2a4db19727974f173d38934ce569d23ddd914f2b7b8afdff57d173d7ff6e/include/zlib/gzwrite.c:627:13: warning: old-style function definition [-Wold-style-definition]
  627 | int ZEXPORT gzclose_w(file)
      |             ^~~~~~~~~
   [C]            crc32.c
/root/.local/share/alire/builds/aws_24.0.0_2b75fe6d/a2fb2a4db19727974f173d38934ce569d23ddd914f2b7b8afdff57d173d7ff6e/include/zlib/uncompr.c: In function 'uncompress2':
/root/.local/share/alire/builds/aws_24.0.0_2b75fe6d/a2fb2a4db19727974f173d38934ce569d23ddd914f2b7b8afdff57d173d7ff6e/include/zlib/uncompr.c:27:13: warning: old-style function definition [-Wold-style-definition]
   27 | int ZEXPORT uncompress2 (dest, destLen, source, sourceLen)
      |             ^~~~~~~~~~~
/root/.local/share/alire/builds/aws_24.0.0_2b75fe6d/a2fb2a4db19727974f173d38934ce569d23ddd914f2b7b8afdff57d173d7ff6e/include/zlib/uncompr.c: In function 'uncompress':
/root/.local/share/alire/builds/aws_24.0.0_2b75fe6d/a2fb2a4db19727974f173d38934ce569d23ddd914f2b7b8afdff57d173d7ff6e/include/zlib/uncompr.c:86:13: warning: old-style function definition [-Wold-style-definition]
   86 | int ZEXPORT uncompress (dest, destLen, source, sourceLen)
      |             ^~~~~~~~~~
   [C]            trees.c
/root/.local/share/alire/builds/aws_24.0.0_2b75fe6d/a2fb2a4db19727974f173d38934ce569d23ddd914f2b7b8afdff57d173d7ff6e/include/zlib/crc32.c: In function 'crc32_z':
/root/.local/share/alire/builds/aws_24.0.0_2b75fe6d/a2fb2a4db19727974f173d38934ce569d23ddd914f2b7b8afdff57d173d7ff6e/include/zlib/crc32.c:202:23: warning: old-style function definition [-Wold-style-definition]
  202 | unsigned long ZEXPORT crc32_z(crc, buf, len)
      |                       ^~~~~~~
/root/.local/share/alire/builds/aws_24.0.0_2b75fe6d/a2fb2a4db19727974f173d38934ce569d23ddd914f2b7b8afdff57d173d7ff6e/include/zlib/crc32.c: In function 'crc32':
/root/.local/share/alire/builds/aws_24.0.0_2b75fe6d/a2fb2a4db19727974f173d38934ce569d23ddd914f2b7b8afdff57d173d7ff6e/include/zlib/crc32.c:237:23: warning: old-style function definition [-Wold-style-definition]
  237 | unsigned long ZEXPORT crc32(crc, buf, len)
      |                       ^~~~~
/root/.local/share/alire/builds/aws_24.0.0_2b75fe6d/a2fb2a4db19727974f173d38934ce569d23ddd914f2b7b8afdff57d173d7ff6e/include/zlib/crc32.c: In function 'crc32_little':
/root/.local/share/alire/builds/aws_24.0.0_2b75fe6d/a2fb2a4db19727974f173d38934ce569d23ddd914f2b7b8afdff57d173d7ff6e/include/zlib/crc32.c:266:21: warning: old-style function definition [-Wold-style-definition]
  266 | local unsigned long crc32_little(crc, buf, len)
      |                     ^~~~~~~~~~~~
/root/.local/share/alire/builds/aws_24.0.0_2b75fe6d/a2fb2a4db19727974f173d38934ce569d23ddd914f2b7b8afdff57d173d7ff6e/include/zlib/crc32.c: In function 'crc32_big':
/root/.local/share/alire/builds/aws_24.0.0_2b75fe6d/a2fb2a4db19727974f173d38934ce569d23ddd914f2b7b8afdff57d173d7ff6e/include/zlib/crc32.c:306:21: warning: old-style function definition [-Wold-style-definition]
  306 | local unsigned long crc32_big(crc, buf, len)
      |                     ^~~~~~~~~
/root/.local/share/alire/builds/aws_24.0.0_2b75fe6d/a2fb2a4db19727974f173d38934ce569d23ddd914f2b7b8afdff57d173d7ff6e/include/zlib/crc32.c: In function 'gf2_matrix_times':
/root/.local/share/alire/builds/aws_24.0.0_2b75fe6d/a2fb2a4db19727974f173d38934ce569d23ddd914f2b7b8afdff57d173d7ff6e/include/zlib/crc32.c:344:21: warning: old-style function definition [-Wold-style-definition]
  344 | local unsigned long gf2_matrix_times(mat, vec)
      |                     ^~~~~~~~~~~~~~~~
/root/.local/share/alire/builds/aws_24.0.0_2b75fe6d/a2fb2a4db19727974f173d38934ce569d23ddd914f2b7b8afdff57d173d7ff6e/include/zlib/crc32.c: In function 'gf2_matrix_square':
/root/.local/share/alire/builds/aws_24.0.0_2b75fe6d/a2fb2a4db19727974f173d38934ce569d23ddd914f2b7b8afdff57d173d7ff6e/include/zlib/crc32.c:361:12: warning: old-style function definition [-Wold-style-definition]
  361 | local void gf2_matrix_square(square, mat)
      |            ^~~~~~~~~~~~~~~~~
/root/.local/share/alire/builds/aws_24.0.0_2b75fe6d/a2fb2a4db19727974f173d38934ce569d23ddd914f2b7b8afdff57d173d7ff6e/include/zlib/crc32.c: In function 'crc32_combine_':
/root/.local/share/alire/builds/aws_24.0.0_2b75fe6d/a2fb2a4db19727974f173d38934ce569d23ddd914f2b7b8afdff57d173d7ff6e/include/zlib/crc32.c:372:13: warning: old-style function definition [-Wold-style-definition]
  372 | local uLong crc32_combine_(crc1, crc2, len2)
      |             ^~~~~~~~~~~~~~
/root/.local/share/alire/builds/aws_24.0.0_2b75fe6d/a2fb2a4db19727974f173d38934ce569d23ddd914f2b7b8afdff57d173d7ff6e/include/zlib/crc32.c: In function 'crc32_combine':
/root/.local/share/alire/builds/aws_24.0.0_2b75fe6d/a2fb2a4db19727974f173d38934ce569d23ddd914f2b7b8afdff57d173d7ff6e/include/zlib/crc32.c:428:15: warning: old-style function definition [-Wold-style-definition]
  428 | uLong ZEXPORT crc32_combine(crc1, crc2, len2)
      |               ^~~~~~~~~~~~~
/root/.local/share/alire/builds/aws_24.0.0_2b75fe6d/a2fb2a4db19727974f173d38934ce569d23ddd914f2b7b8afdff57d173d7ff6e/include/zlib/crc32.c: In function 'crc32_combine64':
/root/.local/share/alire/builds/aws_24.0.0_2b75fe6d/a2fb2a4db19727974f173d38934ce569d23ddd914f2b7b8afdff57d173d7ff6e/include/zlib/crc32.c:436:15: warning: old-style function definition [-Wold-style-definition]
  436 | uLong ZEXPORT crc32_combine64(crc1, crc2, len2)
      |               ^~~~~~~~~~~~~~~
   [C]            gzlib.c
/root/.local/share/alire/builds/aws_24.0.0_2b75fe6d/a2fb2a4db19727974f173d38934ce569d23ddd914f2b7b8afdff57d173d7ff6e/include/zlib/gzlib.c: In function 'gz_reset':
/root/.local/share/alire/builds/aws_24.0.0_2b75fe6d/a2fb2a4db19727974f173d38934ce569d23ddd914f2b7b8afdff57d173d7ff6e/include/zlib/gzlib.c:75:12: warning: old-style function definition [-Wold-style-definition]
   75 | local void gz_reset(state)
      |            ^~~~~~~~
/root/.local/share/alire/builds/aws_24.0.0_2b75fe6d/a2fb2a4db19727974f173d38934ce569d23ddd914f2b7b8afdff57d173d7ff6e/include/zlib/gzlib.c: In function 'gz_open':
/root/.local/share/alire/builds/aws_24.0.0_2b75fe6d/a2fb2a4db19727974f173d38934ce569d23ddd914f2b7b8afdff57d173d7ff6e/include/zlib/gzlib.c:91:14: warning: old-style function definition [-Wold-style-definition]
   91 | local gzFile gz_open(path, fd, mode)
      |              ^~~~~~~
/root/.local/share/alire/builds/aws_24.0.0_2b75fe6d/a2fb2a4db19727974f173d38934ce569d23ddd914f2b7b8afdff57d173d7ff6e/include/zlib/gzlib.c: In function 'gzopen':
/root/.local/share/alire/builds/aws_24.0.0_2b75fe6d/a2fb2a4db19727974f173d38934ce569d23ddd914f2b7b8afdff57d173d7ff6e/include/zlib/gzlib.c:270:16: warning: old-style function definition [-Wold-style-definition]
  270 | gzFile ZEXPORT gzopen(path, mode)
      |                ^~~~~~
/root/.local/share/alire/builds/aws_24.0.0_2b75fe6d/a2fb2a4db19727974f173d38934ce569d23ddd914f2b7b8afdff57d173d7ff6e/include/zlib/gzlib.c: In function 'gzopen64':
/root/.local/share/alire/builds/aws_24.0.0_2b75fe6d/a2fb2a4db19727974f173d38934ce569d23ddd914f2b7b8afdff57d173d7ff6e/include/zlib/gzlib.c:278:16: warning: old-style function definition [-Wold-style-definition]
  278 | gzFile ZEXPORT gzopen64(path, mode)
      |                ^~~~~~~~
/root/.local/share/alire/builds/aws_24.0.0_2b75fe6d/a2fb2a4db19727974f173d38934ce569d23ddd914f2b7b8afdff57d173d7ff6e/include/zlib/gzlib.c: In function 'gzdopen':
/root/.local/share/alire/builds/aws_24.0.0_2b75fe6d/a2fb2a4db19727974f173d38934ce569d23ddd914f2b7b8afdff57d173d7ff6e/include/zlib/gzlib.c:286:16: warning: old-style function definition [-Wold-style-definition]
  286 | gzFile ZEXPORT gzdopen(fd, mode)
      |                ^~~~~~~
/root/.local/share/alire/builds/aws_24.0.0_2b75fe6d/a2fb2a4db19727974f173d38934ce569d23ddd914f2b7b8afdff57d173d7ff6e/include/zlib/gzlib.c: In function 'gzbuffer':
/root/.local/share/alire/builds/aws_24.0.0_2b75fe6d/a2fb2a4db19727974f173d38934ce569d23ddd914f2b7b8afdff57d173d7ff6e/include/zlib/gzlib.c:316:13: warning: old-style function definition [-Wold-style-definition]
  316 | int ZEXPORT gzbuffer(file, size)
      |             ^~~~~~~~
/root/.local/share/alire/builds/aws_24.0.0_2b75fe6d/a2fb2a4db19727974f173d38934ce569d23ddd914f2b7b8afdff57d173d7ff6e/include/zlib/gzlib.c: In function 'gzrewind':
/root/.local/share/alire/builds/aws_24.0.0_2b75fe6d/a2fb2a4db19727974f173d38934ce569d23ddd914f2b7b8afdff57d173d7ff6e/include/zlib/gzlib.c:343:13: warning: old-style function definition [-Wold-style-definition]
  343 | int ZEXPORT gzrewind(file)
      |             ^~~~~~~~
/root/.local/share/alire/builds/aws_24.0.0_2b75fe6d/a2fb2a4db19727974f173d38934ce569d23ddd914f2b7b8afdff57d173d7ff6e/include/zlib/gzlib.c: In function 'gzseek64':
/root/.local/share/alire/builds/aws_24.0.0_2b75fe6d/a2fb2a4db19727974f173d38934ce569d23ddd914f2b7b8afdff57d173d7ff6e/include/zlib/gzlib.c:366:19: warning: old-style function definition [-Wold-style-definition]
  366 | z_off64_t ZEXPORT gzseek64(file, offset, whence)
      |                   ^~~~~~~~
/root/.local/share/alire/builds/aws_24.0.0_2b75fe6d/a2fb2a4db19727974f173d38934ce569d23ddd914f2b7b8afdff57d173d7ff6e/include/zlib/gzlib.c: In function 'gzseek':
/root/.local/share/alire/builds/aws_24.0.0_2b75fe6d/a2fb2a4db19727974f173d38934ce569d23ddd914f2b7b8afdff57d173d7ff6e/include/zlib/gzlib.c:443:17: warning: old-style function definition [-Wold-style-definition]
  443 | z_off_t ZEXPORT gzseek(file, offset, whence)
      |                 ^~~~~~
/root/.local/share/alire/builds/aws_24.0.0_2b75fe6d/a2fb2a4db19727974f173d38934ce569d23ddd914f2b7b8afdff57d173d7ff6e/include/zlib/gzlib.c: In function 'gztell64':
/root/.local/share/alire/builds/aws_24.0.0_2b75fe6d/a2fb2a4db19727974f173d38934ce569d23ddd914f2b7b8afdff57d173d7ff6e/include/zlib/gzlib.c:455:19: warning: old-style function definition [-Wold-style-definition]
  455 | z_off64_t ZEXPORT gztell64(file)
      |                   ^~~~~~~~
/root/.local/share/alire/builds/aws_24.0.0_2b75fe6d/a2fb2a4db19727974f173d38934ce569d23ddd914f2b7b8afdff57d173d7ff6e/include/zlib/gzlib.c: In function 'gztell':
/root/.local/share/alire/builds/aws_24.0.0_2b75fe6d/a2fb2a4db19727974f173d38934ce569d23ddd914f2b7b8afdff57d173d7ff6e/include/zlib/gzlib.c:472:17: warning: old-style function definition [-Wold-style-definition]
  472 | z_off_t ZEXPORT gztell(file)
      |                 ^~~~~~
/root/.local/share/alire/builds/aws_24.0.0_2b75fe6d/a2fb2a4db19727974f173d38934ce569d23ddd914f2b7b8afdff57d173d7ff6e/include/zlib/gzlib.c: In function 'gzoffset64':
/root/.local/share/alire/builds/aws_24.0.0_2b75fe6d/a2fb2a4db19727974f173d38934ce569d23ddd914f2b7b8afdff57d173d7ff6e/include/zlib/gzlib.c:482:19: warning: old-style function definition [-Wold-style-definition]
  482 | z_off64_t ZEXPORT gzoffset64(file)
      |                   ^~~~~~~~~~
/root/.local/share/alire/builds/aws_24.0.0_2b75fe6d/a2fb2a4db19727974f173d38934ce569d23ddd914f2b7b8afdff57d173d7ff6e/include/zlib/gzlib.c: In function 'gzoffset':
/root/.local/share/alire/builds/aws_24.0.0_2b75fe6d/a2fb2a4db19727974f173d38934ce569d23ddd914f2b7b8afdff57d173d7ff6e/include/zlib/gzlib.c:505:17: warning: old-style function definition [-Wold-style-definition]
  505 | z_off_t ZEXPORT gzoffset(file)
      |                 ^~~~~~~~
/root/.local/share/alire/builds/aws_24.0.0_2b75fe6d/a2fb2a4db19727974f173d38934ce569d23ddd914f2b7b8afdff57d173d7ff6e/include/zlib/gzlib.c: In function 'gzeof':
/root/.local/share/alire/builds/aws_24.0.0_2b75fe6d/a2fb2a4db19727974f173d38934ce569d23ddd914f2b7b8afdff57d173d7ff6e/include/zlib/gzlib.c:515:13: warning: old-style function definition [-Wold-style-definition]
  515 | int ZEXPORT gzeof(file)
      |             ^~~~~
/root/.local/share/alire/builds/aws_24.0.0_2b75fe6d/a2fb2a4db19727974f173d38934ce569d23ddd914f2b7b8afdff57d173d7ff6e/include/zlib/gzlib.c: In function 'gzerror':
/root/.local/share/alire/builds/aws_24.0.0_2b75fe6d/a2fb2a4db19727974f173d38934ce569d23ddd914f2b7b8afdff57d173d7ff6e/include/zlib/gzlib.c:532:22: warning: old-style function definition [-Wold-style-definition]
  532 | const char * ZEXPORT gzerror(file, errnum)
      |                      ^~~~~~~
/root/.local/share/alire/builds/aws_24.0.0_2b75fe6d/a2fb2a4db19727974f173d38934ce569d23ddd914f2b7b8afdff57d173d7ff6e/include/zlib/gzlib.c: In function 'gzclearerr':
/root/.local/share/alire/builds/aws_24.0.0_2b75fe6d/a2fb2a4db19727974f173d38934ce569d23ddd914f2b7b8afdff57d173d7ff6e/include/zlib/gzlib.c:553:14: warning: old-style function definition [-Wold-style-definition]
  553 | void ZEXPORT gzclearerr(file)
      |              ^~~~~~~~~~
/root/.local/share/alire/builds/aws_24.0.0_2b75fe6d/a2fb2a4db19727974f173d38934ce569d23ddd914f2b7b8afdff57d173d7ff6e/include/zlib/gzlib.c: In function 'gz_error':
/root/.local/share/alire/builds/aws_24.0.0_2b75fe6d/a2fb2a4db19727974f173d38934ce569d23ddd914f2b7b8afdff57d173d7ff6e/include/zlib/gzlib.c:579:20: warning: old-style function definition [-Wold-style-definition]
  579 | void ZLIB_INTERNAL gz_error(state, err, msg)
      |                    ^~~~~~~~
   [C]            zutil.c
/root/.local/share/alire/builds/aws_24.0.0_2b75fe6d/a2fb2a4db19727974f173d38934ce569d23ddd914f2b7b8afdff57d173d7ff6e/include/zlib/trees.c: In function '_tr_init':
/root/.local/share/alire/builds/aws_24.0.0_2b75fe6d/a2fb2a4db19727974f173d38934ce569d23ddd914f2b7b8afdff57d173d7ff6e/include/zlib/trees.c:379:20: warning: old-style function definition [-Wold-style-definition]
  379 | void ZLIB_INTERNAL _tr_init(s)
      |                    ^~~~~~~~
/root/.local/share/alire/builds/aws_24.0.0_2b75fe6d/a2fb2a4db19727974f173d38934ce569d23ddd914f2b7b8afdff57d173d7ff6e/include/zlib/trees.c: In function 'init_block':
/root/.local/share/alire/builds/aws_24.0.0_2b75fe6d/a2fb2a4db19727974f173d38934ce569d23ddd914f2b7b8afdff57d173d7ff6e/include/zlib/trees.c:407:12: warning: old-style function definition [-Wold-style-definition]
  407 | local void init_block(s)
      |            ^~~~~~~~~~
/root/.local/share/alire/builds/aws_24.0.0_2b75fe6d/a2fb2a4db19727974f173d38934ce569d23ddd914f2b7b8afdff57d173d7ff6e/include/zlib/trees.c: In function 'pqdownheap':
/root/.local/share/alire/builds/aws_24.0.0_2b75fe6d/a2fb2a4db19727974f173d38934ce569d23ddd914f2b7b8afdff57d173d7ff6e/include/zlib/trees.c:451:12: warning: old-style function definition [-Wold-style-definition]
  451 | local void pqdownheap(s, tree, k)
      |            ^~~~~~~~~~
/root/.local/share/alire/builds/aws_24.0.0_2b75fe6d/a2fb2a4db19727974f173d38934ce569d23ddd914f2b7b8afdff57d173d7ff6e/include/zlib/trees.c: In function 'gen_bitlen':
/root/.local/share/alire/builds/aws_24.0.0_2b75fe6d/a2fb2a4db19727974f173d38934ce569d23ddd914f2b7b8afdff57d173d7ff6e/include/zlib/trees.c:486:12: warning: old-style function definition [-Wold-style-definition]
  486 | local void gen_bitlen(s, desc)
      |            ^~~~~~~~~~
/root/.local/share/alire/builds/aws_24.0.0_2b75fe6d/a2fb2a4db19727974f173d38934ce569d23ddd914f2b7b8afdff57d173d7ff6e/include/zlib/trees.c: In function 'gen_codes':
/root/.local/share/alire/builds/aws_24.0.0_2b75fe6d/a2fb2a4db19727974f173d38934ce569d23ddd914f2b7b8afdff57d173d7ff6e/include/zlib/trees.c:572:12: warning: old-style function definition [-Wold-style-definition]
  572 | local void gen_codes (tree, max_code, bl_count)
      |            ^~~~~~~~~
/root/.local/share/alire/builds/aws_24.0.0_2b75fe6d/a2fb2a4db19727974f173d38934ce569d23ddd914f2b7b8afdff57d173d7ff6e/include/zlib/trees.c: In function 'build_tree':
/root/.local/share/alire/builds/aws_24.0.0_2b75fe6d/a2fb2a4db19727974f173d38934ce569d23ddd914f2b7b8afdff57d173d7ff6e/include/zlib/trees.c:615:12: warning: old-style function definition [-Wold-style-definition]
  615 | local void build_tree(s, desc)
      |            ^~~~~~~~~~
/root/.local/share/alire/builds/aws_24.0.0_2b75fe6d/a2fb2a4db19727974f173d38934ce569d23ddd914f2b7b8afdff57d173d7ff6e/include/zlib/trees.c: In function 'scan_tree':
/root/.local/share/alire/builds/aws_24.0.0_2b75fe6d/a2fb2a4db19727974f173d38934ce569d23ddd914f2b7b8afdff57d173d7ff6e/include/zlib/trees.c:703:12: warning: old-style function definition [-Wold-style-definition]
  703 | local void scan_tree (s, tree, max_code)
      |            ^~~~~~~~~
/root/.local/share/alire/builds/aws_24.0.0_2b75fe6d/a2fb2a4db19727974f173d38934ce569d23ddd914f2b7b8afdff57d173d7ff6e/include/zlib/trees.c: In function 'send_tree':
/root/.local/share/alire/builds/aws_24.0.0_2b75fe6d/a2fb2a4db19727974f173d38934ce569d23ddd914f2b7b8afdff57d173d7ff6e/include/zlib/trees.c:748:12: warning: old-style function definition [-Wold-style-definition]
  748 | local void send_tree (s, tree, max_code)
      |            ^~~~~~~~~
/root/.local/share/alire/builds/aws_24.0.0_2b75fe6d/a2fb2a4db19727974f173d38934ce569d23ddd914f2b7b8afdff57d173d7ff6e/include/zlib/trees.c: In function 'build_bl_tree':
/root/.local/share/alire/builds/aws_24.0.0_2b75fe6d/a2fb2a4db19727974f173d38934ce569d23ddd914f2b7b8afdff57d173d7ff6e/include/zlib/trees.c:799:11: warning: old-style function definition [-Wold-style-definition]
  799 | local int build_bl_tree(s)
      |           ^~~~~~~~~~~~~
/root/.local/share/alire/builds/aws_24.0.0_2b75fe6d/a2fb2a4db19727974f173d38934ce569d23ddd914f2b7b8afdff57d173d7ff6e/include/zlib/trees.c: In function 'send_all_trees':
/root/.local/share/alire/builds/aws_24.0.0_2b75fe6d/a2fb2a4db19727974f173d38934ce569d23ddd914f2b7b8afdff57d173d7ff6e/include/zlib/trees.c:834:12: warning: old-style function definition [-Wold-style-definition]
  834 | local void send_all_trees(s, lcodes, dcodes, blcodes)
      |            ^~~~~~~~~~~~~~
/root/.local/share/alire/builds/aws_24.0.0_2b75fe6d/a2fb2a4db19727974f173d38934ce569d23ddd914f2b7b8afdff57d173d7ff6e/include/zlib/trees.c: In function '_tr_stored_block':
/root/.local/share/alire/builds/aws_24.0.0_2b75fe6d/a2fb2a4db19727974f173d38934ce569d23ddd914f2b7b8afdff57d173d7ff6e/include/zlib/trees.c:863:20: warning: old-style function definition [-Wold-style-definition]
  863 | void ZLIB_INTERNAL _tr_stored_block(s, buf, stored_len, last)
      |                    ^~~~~~~~~~~~~~~~
/root/.local/share/alire/builds/aws_24.0.0_2b75fe6d/a2fb2a4db19727974f173d38934ce569d23ddd914f2b7b8afdff57d173d7ff6e/include/zlib/trees.c: In function '_tr_flush_bits':
/root/.local/share/alire/builds/aws_24.0.0_2b75fe6d/a2fb2a4db19727974f173d38934ce569d23ddd914f2b7b8afdff57d173d7ff6e/include/zlib/trees.c:886:20: warning: old-style function definition [-Wold-style-definition]
  886 | void ZLIB_INTERNAL _tr_flush_bits(s)
      |                    ^~~~~~~~~~~~~~
/root/.local/share/alire/builds/aws_24.0.0_2b75fe6d/a2fb2a4db19727974f173d38934ce569d23ddd914f2b7b8afdff57d173d7ff6e/include/zlib/trees.c: In function '_tr_align':
/root/.local/share/alire/builds/aws_24.0.0_2b75fe6d/a2fb2a4db19727974f173d38934ce569d23ddd914f2b7b8afdff57d173d7ff6e/include/zlib/trees.c:896:20: warning: old-style function definition [-Wold-style-definition]
  896 | void ZLIB_INTERNAL _tr_align(s)
      |                    ^~~~~~~~~
/root/.local/share/alire/builds/aws_24.0.0_2b75fe6d/a2fb2a4db19727974f173d38934ce569d23ddd914f2b7b8afdff57d173d7ff6e/include/zlib/trees.c: In function '_tr_flush_block':
/root/.local/share/alire/builds/aws_24.0.0_2b75fe6d/a2fb2a4db19727974f173d38934ce569d23ddd914f2b7b8afdff57d173d7ff6e/include/zlib/trees.c:911:20: warning: old-style function definition [-Wold-style-definition]
  911 | void ZLIB_INTERNAL _tr_flush_block(s, buf, stored_len, last)
      |                    ^~~~~~~~~~~~~~~
/root/.local/share/alire/builds/aws_24.0.0_2b75fe6d/a2fb2a4db19727974f173d38934ce569d23ddd914f2b7b8afdff57d173d7ff6e/include/zlib/trees.c: In function '_tr_tally':
/root/.local/share/alire/builds/aws_24.0.0_2b75fe6d/a2fb2a4db19727974f173d38934ce569d23ddd914f2b7b8afdff57d173d7ff6e/include/zlib/trees.c:1014:19: warning: old-style function definition [-Wold-style-definition]
 1014 | int ZLIB_INTERNAL _tr_tally (s, dist, lc)
      |                   ^~~~~~~~~
/root/.local/share/alire/builds/aws_24.0.0_2b75fe6d/a2fb2a4db19727974f173d38934ce569d23ddd914f2b7b8afdff57d173d7ff6e/include/zlib/trees.c: In function 'compress_block':
/root/.local/share/alire/builds/aws_24.0.0_2b75fe6d/a2fb2a4db19727974f173d38934ce569d23ddd914f2b7b8afdff57d173d7ff6e/include/zlib/trees.c:1064:12: warning: old-style function definition [-Wold-style-definition]
 1064 | local void compress_block(s, ltree, dtree)
      |            ^~~~~~~~~~~~~~
/root/.local/share/alire/builds/aws_24.0.0_2b75fe6d/a2fb2a4db19727974f173d38934ce569d23ddd914f2b7b8afdff57d173d7ff6e/include/zlib/trees.c: In function 'detect_data_type':
/root/.local/share/alire/builds/aws_24.0.0_2b75fe6d/a2fb2a4db19727974f173d38934ce569d23ddd914f2b7b8afdff57d173d7ff6e/include/zlib/trees.c:1124:11: warning: old-style function definition [-Wold-style-definition]
 1124 | local int detect_data_type(s)
      |           ^~~~~~~~~~~~~~~~
/root/.local/share/alire/builds/aws_24.0.0_2b75fe6d/a2fb2a4db19727974f173d38934ce569d23ddd914f2b7b8afdff57d173d7ff6e/include/zlib/trees.c: In function 'bi_reverse':
/root/.local/share/alire/builds/aws_24.0.0_2b75fe6d/a2fb2a4db19727974f173d38934ce569d23ddd914f2b7b8afdff57d173d7ff6e/include/zlib/trees.c:1158:16: warning: old-style function definition [-Wold-style-definition]
 1158 | local unsigned bi_reverse(code, len)
      |                ^~~~~~~~~~
/root/.local/share/alire/builds/aws_24.0.0_2b75fe6d/a2fb2a4db19727974f173d38934ce569d23ddd914f2b7b8afdff57d173d7ff6e/include/zlib/trees.c: In function 'bi_flush':
/root/.local/share/alire/builds/aws_24.0.0_2b75fe6d/a2fb2a4db19727974f173d38934ce569d23ddd914f2b7b8afdff57d173d7ff6e/include/zlib/trees.c:1173:12: warning: old-style function definition [-Wold-style-definition]
 1173 | local void bi_flush(s)
      |            ^~~~~~~~
/root/.local/share/alire/builds/aws_24.0.0_2b75fe6d/a2fb2a4db19727974f173d38934ce569d23ddd914f2b7b8afdff57d173d7ff6e/include/zlib/trees.c: In function 'bi_windup':
/root/.local/share/alire/builds/aws_24.0.0_2b75fe6d/a2fb2a4db19727974f173d38934ce569d23ddd914f2b7b8afdff57d173d7ff6e/include/zlib/trees.c:1190:12: warning: old-style function definition [-Wold-style-definition]
 1190 | local void bi_windup(s)
      |            ^~~~~~~~~
   [C]            infback.c
/root/.local/share/alire/builds/aws_24.0.0_2b75fe6d/a2fb2a4db19727974f173d38934ce569d23ddd914f2b7b8afdff57d173d7ff6e/include/zlib/zutil.c: In function 'zError':
/root/.local/share/alire/builds/aws_24.0.0_2b75fe6d/a2fb2a4db19727974f173d38934ce569d23ddd914f2b7b8afdff57d173d7ff6e/include/zlib/zutil.c:133:22: warning: old-style function definition [-Wold-style-definition]
  133 | const char * ZEXPORT zError(err)
      |                      ^~~~~~
/root/.local/share/alire/builds/aws_24.0.0_2b75fe6d/a2fb2a4db19727974f173d38934ce569d23ddd914f2b7b8afdff57d173d7ff6e/include/zlib/zutil.c: In function 'zcalloc':
/root/.local/share/alire/builds/aws_24.0.0_2b75fe6d/a2fb2a4db19727974f173d38934ce569d23ddd914f2b7b8afdff57d173d7ff6e/include/zlib/zutil.c:305:22: warning: old-style function definition [-Wold-style-definition]
  305 | voidpf ZLIB_INTERNAL zcalloc (opaque, items, size)
      |                      ^~~~~~~
/root/.local/share/alire/builds/aws_24.0.0_2b75fe6d/a2fb2a4db19727974f173d38934ce569d23ddd914f2b7b8afdff57d173d7ff6e/include/zlib/zutil.c: In function 'zcfree':
/root/.local/share/alire/builds/aws_24.0.0_2b75fe6d/a2fb2a4db19727974f173d38934ce569d23ddd914f2b7b8afdff57d173d7ff6e/include/zlib/zutil.c:315:20: warning: old-style function definition [-Wold-style-definition]
  315 | void ZLIB_INTERNAL zcfree (opaque, ptr)
      |                    ^~~~~~
   [C]            deflate.c
/root/.local/share/alire/builds/aws_24.0.0_2b75fe6d/a2fb2a4db19727974f173d38934ce569d23ddd914f2b7b8afdff57d173d7ff6e/include/zlib/infback.c: In function 'inflateBackInit_':
/root/.local/share/alire/builds/aws_24.0.0_2b75fe6d/a2fb2a4db19727974f173d38934ce569d23ddd914f2b7b8afdff57d173d7ff6e/include/zlib/infback.c:28:13: warning: old-style function definition [-Wold-style-definition]
   28 | int ZEXPORT inflateBackInit_(strm, windowBits, window, version, stream_size)
      |             ^~~~~~~~~~~~~~~~
/root/.local/share/alire/builds/aws_24.0.0_2b75fe6d/a2fb2a4db19727974f173d38934ce569d23ddd914f2b7b8afdff57d173d7ff6e/include/zlib/infback.c: In function 'fixedtables':
/root/.local/share/alire/builds/aws_24.0.0_2b75fe6d/a2fb2a4db19727974f173d38934ce569d23ddd914f2b7b8afdff57d173d7ff6e/include/zlib/infback.c:82:12: warning: old-style function definition [-Wold-style-definition]
   82 | local void fixedtables(state)
      |            ^~~~~~~~~~~
/root/.local/share/alire/builds/aws_24.0.0_2b75fe6d/a2fb2a4db19727974f173d38934ce569d23ddd914f2b7b8afdff57d173d7ff6e/include/zlib/infback.c: In function 'inflateBack':
/root/.local/share/alire/builds/aws_24.0.0_2b75fe6d/a2fb2a4db19727974f173d38934ce569d23ddd914f2b7b8afdff57d173d7ff6e/include/zlib/infback.c:250:13: warning: old-style function definition [-Wold-style-definition]
  250 | int ZEXPORT inflateBack(strm, in, in_desc, out, out_desc)
      |             ^~~~~~~~~~~
/root/.local/share/alire/builds/aws_24.0.0_2b75fe6d/a2fb2a4db19727974f173d38934ce569d23ddd914f2b7b8afdff57d173d7ff6e/include/zlib/infback.c: In function 'inflateBackEnd':
/root/.local/share/alire/builds/aws_24.0.0_2b75fe6d/a2fb2a4db19727974f173d38934ce569d23ddd914f2b7b8afdff57d173d7ff6e/include/zlib/infback.c:631:13: warning: old-style function definition [-Wold-style-definition]
  631 | int ZEXPORT inflateBackEnd(strm)
      |             ^~~~~~~~~~~~~~
/root/.local/share/alire/builds/aws_24.0.0_2b75fe6d/a2fb2a4db19727974f173d38934ce569d23ddd914f2b7b8afdff57d173d7ff6e/include/zlib/deflate.c: In function 'slide_hash':
/root/.local/share/alire/builds/aws_24.0.0_2b75fe6d/a2fb2a4db19727974f173d38934ce569d23ddd914f2b7b8afdff57d173d7ff6e/include/zlib/deflate.c:201:12: warning: old-style function definition [-Wold-style-definition]
  201 | local void slide_hash(s)
      |            ^~~~~~~~~~
/root/.local/share/alire/builds/aws_24.0.0_2b75fe6d/a2fb2a4db19727974f173d38934ce569d23ddd914f2b7b8afdff57d173d7ff6e/include/zlib/deflate.c: In function 'deflateInit_':
/root/.local/share/alire/builds/aws_24.0.0_2b75fe6d/a2fb2a4db19727974f173d38934ce569d23ddd914f2b7b8afdff57d173d7ff6e/include/zlib/deflate.c:228:13: warning: old-style function definition [-Wold-style-definition]
  228 | int ZEXPORT deflateInit_(strm, level, version, stream_size)
      |             ^~~~~~~~~~~~
/root/.local/share/alire/builds/aws_24.0.0_2b75fe6d/a2fb2a4db19727974f173d38934ce569d23ddd914f2b7b8afdff57d173d7ff6e/include/zlib/deflate.c: In function 'deflateInit2_':
/root/.local/share/alire/builds/aws_24.0.0_2b75fe6d/a2fb2a4db19727974f173d38934ce569d23ddd914f2b7b8afdff57d173d7ff6e/include/zlib/deflate.c:240:13: warning: old-style function definition [-Wold-style-definition]
  240 | int ZEXPORT deflateInit2_(strm, level, method, windowBits, memLevel, strategy,
      |             ^~~~~~~~~~~~~
/root/.local/share/alire/builds/aws_24.0.0_2b75fe6d/a2fb2a4db19727974f173d38934ce569d23ddd914f2b7b8afdff57d173d7ff6e/include/zlib/deflate.c: In function 'deflateStateCheck':
/root/.local/share/alire/builds/aws_24.0.0_2b75fe6d/a2fb2a4db19727974f173d38934ce569d23ddd914f2b7b8afdff57d173d7ff6e/include/zlib/deflate.c:353:11: warning: old-style function definition [-Wold-style-definition]
  353 | local int deflateStateCheck (strm)
      |           ^~~~~~~~~~~~~~~~~
/root/.local/share/alire/builds/aws_24.0.0_2b75fe6d/a2fb2a4db19727974f173d38934ce569d23ddd914f2b7b8afdff57d173d7ff6e/include/zlib/deflate.c: In function 'deflateSetDictionary':
/root/.local/share/alire/builds/aws_24.0.0_2b75fe6d/a2fb2a4db19727974f173d38934ce569d23ddd914f2b7b8afdff57d173d7ff6e/include/zlib/deflate.c:376:13: warning: old-style function definition [-Wold-style-definition]
  376 | int ZEXPORT deflateSetDictionary (strm, dictionary, dictLength)
      |             ^~~~~~~~~~~~~~~~~~~~
/root/.local/share/alire/builds/aws_24.0.0_2b75fe6d/a2fb2a4db19727974f173d38934ce569d23ddd914f2b7b8afdff57d173d7ff6e/include/zlib/deflate.c: In function 'deflateGetDictionary':
/root/.local/share/alire/builds/aws_24.0.0_2b75fe6d/a2fb2a4db19727974f173d38934ce569d23ddd914f2b7b8afdff57d173d7ff6e/include/zlib/deflate.c:445:13: warning: old-style function definition [-Wold-style-definition]
  445 | int ZEXPORT deflateGetDictionary (strm, dictionary, dictLength)
      |             ^~~~~~~~~~~~~~~~~~~~
/root/.local/share/alire/builds/aws_24.0.0_2b75fe6d/a2fb2a4db19727974f173d38934ce569d23ddd914f2b7b8afdff57d173d7ff6e/include/zlib/deflate.c: In function 'deflateResetKeep':
/root/.local/share/alire/builds/aws_24.0.0_2b75fe6d/a2fb2a4db19727974f173d38934ce569d23ddd914f2b7b8afdff57d173d7ff6e/include/zlib/deflate.c:467:13: warning: old-style function definition [-Wold-style-definition]
  467 | int ZEXPORT deflateResetKeep (strm)
      |             ^~~~~~~~~~~~~~~~
/root/.local/share/alire/builds/aws_24.0.0_2b75fe6d/a2fb2a4db19727974f173d38934ce569d23ddd914f2b7b8afdff57d173d7ff6e/include/zlib/deflate.c: In function 'deflateReset':
/root/.local/share/alire/builds/aws_24.0.0_2b75fe6d/a2fb2a4db19727974f173d38934ce569d23ddd914f2b7b8afdff57d173d7ff6e/include/zlib/deflate.c:505:13: warning: old-style function definition [-Wold-style-definition]
  505 | int ZEXPORT deflateReset (strm)
      |             ^~~~~~~~~~~~
/root/.local/share/alire/builds/aws_24.0.0_2b75fe6d/a2fb2a4db19727974f173d38934ce569d23ddd914f2b7b8afdff57d173d7ff6e/include/zlib/deflate.c: In function 'deflateSetHeader':
/root/.local/share/alire/builds/aws_24.0.0_2b75fe6d/a2fb2a4db19727974f173d38934ce569d23ddd914f2b7b8afdff57d173d7ff6e/include/zlib/deflate.c:517:13: warning: old-style function definition [-Wold-style-definition]
  517 | int ZEXPORT deflateSetHeader (strm, head)
      |             ^~~~~~~~~~~~~~~~
/root/.local/share/alire/builds/aws_24.0.0_2b75fe6d/a2fb2a4db19727974f173d38934ce569d23ddd914f2b7b8afdff57d173d7ff6e/include/zlib/deflate.c: In function 'deflatePending':
/root/.local/share/alire/builds/aws_24.0.0_2b75fe6d/a2fb2a4db19727974f173d38934ce569d23ddd914f2b7b8afdff57d173d7ff6e/include/zlib/deflate.c:528:13: warning: old-style function definition [-Wold-style-definition]
  528 | int ZEXPORT deflatePending (strm, pending, bits)
      |             ^~~~~~~~~~~~~~
/root/.local/share/alire/builds/aws_24.0.0_2b75fe6d/a2fb2a4db19727974f173d38934ce569d23ddd914f2b7b8afdff57d173d7ff6e/include/zlib/deflate.c: In function 'deflatePrime':
/root/.local/share/alire/builds/aws_24.0.0_2b75fe6d/a2fb2a4db19727974f173d38934ce569d23ddd914f2b7b8afdff57d173d7ff6e/include/zlib/deflate.c:542:13: warning: old-style function definition [-Wold-style-definition]
  542 | int ZEXPORT deflatePrime (strm, bits, value)
      |             ^~~~~~~~~~~~
/root/.local/share/alire/builds/aws_24.0.0_2b75fe6d/a2fb2a4db19727974f173d38934ce569d23ddd914f2b7b8afdff57d173d7ff6e/include/zlib/deflate.c: In function 'deflateParams':
/root/.local/share/alire/builds/aws_24.0.0_2b75fe6d/a2fb2a4db19727974f173d38934ce569d23ddd914f2b7b8afdff57d173d7ff6e/include/zlib/deflate.c:568:13: warning: old-style function definition [-Wold-style-definition]
  568 | int ZEXPORT deflateParams(strm, level, strategy)
      |             ^~~~~~~~~~~~~
/root/.local/share/alire/builds/aws_24.0.0_2b75fe6d/a2fb2a4db19727974f173d38934ce569d23ddd914f2b7b8afdff57d173d7ff6e/include/zlib/deflate.c: In function 'deflateTune':
/root/.local/share/alire/builds/aws_24.0.0_2b75fe6d/a2fb2a4db19727974f173d38934ce569d23ddd914f2b7b8afdff57d173d7ff6e/include/zlib/deflate.c:617:13: warning: old-style function definition [-Wold-style-definition]
  617 | int ZEXPORT deflateTune(strm, good_length, max_lazy, nice_length, max_chain)
      |             ^~~~~~~~~~~
/root/.local/share/alire/builds/aws_24.0.0_2b75fe6d/a2fb2a4db19727974f173d38934ce569d23ddd914f2b7b8afdff57d173d7ff6e/include/zlib/deflate.c: In function 'deflateBound':
/root/.local/share/alire/builds/aws_24.0.0_2b75fe6d/a2fb2a4db19727974f173d38934ce569d23ddd914f2b7b8afdff57d173d7ff6e/include/zlib/deflate.c:652:15: warning: old-style function definition [-Wold-style-definition]
  652 | uLong ZEXPORT deflateBound(strm, sourceLen)
      |               ^~~~~~~~~~~~
/root/.local/share/alire/builds/aws_24.0.0_2b75fe6d/a2fb2a4db19727974f173d38934ce569d23ddd914f2b7b8afdff57d173d7ff6e/include/zlib/deflate.c: In function 'putShortMSB':
/root/.local/share/alire/builds/aws_24.0.0_2b75fe6d/a2fb2a4db19727974f173d38934ce569d23ddd914f2b7b8afdff57d173d7ff6e/include/zlib/deflate.c:716:12: warning: old-style function definition [-Wold-style-definition]
  716 | local void putShortMSB (s, b)
      |            ^~~~~~~~~~~
/root/.local/share/alire/builds/aws_24.0.0_2b75fe6d/a2fb2a4db19727974f173d38934ce569d23ddd914f2b7b8afdff57d173d7ff6e/include/zlib/deflate.c: In function 'flush_pending':
/root/.local/share/alire/builds/aws_24.0.0_2b75fe6d/a2fb2a4db19727974f173d38934ce569d23ddd914f2b7b8afdff57d173d7ff6e/include/zlib/deflate.c:730:12: warning: old-style function definition [-Wold-style-definition]
  730 | local void flush_pending(strm)
      |            ^~~~~~~~~~~~~
/root/.local/share/alire/builds/aws_24.0.0_2b75fe6d/a2fb2a4db19727974f173d38934ce569d23ddd914f2b7b8afdff57d173d7ff6e/include/zlib/deflate.c: In function 'deflate':
/root/.local/share/alire/builds/aws_24.0.0_2b75fe6d/a2fb2a4db19727974f173d38934ce569d23ddd914f2b7b8afdff57d173d7ff6e/include/zlib/deflate.c:763:13: warning: old-style function definition [-Wold-style-definition]
  763 | int ZEXPORT deflate (strm, flush)
      |             ^~~~~~~
/root/.local/share/alire/builds/aws_24.0.0_2b75fe6d/a2fb2a4db19727974f173d38934ce569d23ddd914f2b7b8afdff57d173d7ff6e/include/zlib/deflate.c: In function 'deflateEnd':
/root/.local/share/alire/builds/aws_24.0.0_2b75fe6d/a2fb2a4db19727974f173d38934ce569d23ddd914f2b7b8afdff57d173d7ff6e/include/zlib/deflate.c:1076:13: warning: old-style function definition [-Wold-style-definition]
 1076 | int ZEXPORT deflateEnd (strm)
      |             ^~~~~~~~~~
/root/.local/share/alire/builds/aws_24.0.0_2b75fe6d/a2fb2a4db19727974f173d38934ce569d23ddd914f2b7b8afdff57d173d7ff6e/include/zlib/deflate.c: In function 'deflateCopy':
/root/.local/share/alire/builds/aws_24.0.0_2b75fe6d/a2fb2a4db19727974f173d38934ce569d23ddd914f2b7b8afdff57d173d7ff6e/include/zlib/deflate.c:1102:13: warning: old-style function definition [-Wold-style-definition]
 1102 | int ZEXPORT deflateCopy (dest, source)
      |             ^~~~~~~~~~~
/root/.local/share/alire/builds/aws_24.0.0_2b75fe6d/a2fb2a4db19727974f173d38934ce569d23ddd914f2b7b8afdff57d173d7ff6e/include/zlib/deflate.c: In function 'read_buf':
/root/.local/share/alire/builds/aws_24.0.0_2b75fe6d/a2fb2a4db19727974f173d38934ce569d23ddd914f2b7b8afdff57d173d7ff6e/include/zlib/deflate.c:1164:16: warning: old-style function definition [-Wold-style-definition]
 1164 | local unsigned read_buf(strm, buf, size)
      |                ^~~~~~~~
/root/.local/share/alire/builds/aws_24.0.0_2b75fe6d/a2fb2a4db19727974f173d38934ce569d23ddd914f2b7b8afdff57d173d7ff6e/include/zlib/deflate.c: In function 'lm_init':
/root/.local/share/alire/builds/aws_24.0.0_2b75fe6d/a2fb2a4db19727974f173d38934ce569d23ddd914f2b7b8afdff57d173d7ff6e/include/zlib/deflate.c:1194:12: warning: old-style function definition [-Wold-style-definition]
 1194 | local void lm_init (s)
      |            ^~~~~~~
/root/.local/share/alire/builds/aws_24.0.0_2b75fe6d/a2fb2a4db19727974f173d38934ce569d23ddd914f2b7b8afdff57d173d7ff6e/include/zlib/deflate.c: In function 'longest_match':
/root/.local/share/alire/builds/aws_24.0.0_2b75fe6d/a2fb2a4db19727974f173d38934ce569d23ddd914f2b7b8afdff57d173d7ff6e/include/zlib/deflate.c:1236:12: warning: old-style function definition [-Wold-style-definition]
 1236 | local uInt longest_match(s, cur_match)
      |            ^~~~~~~~~~~~~
/root/.local/share/alire/builds/aws_24.0.0_2b75fe6d/a2fb2a4db19727974f173d38934ce569d23ddd914f2b7b8afdff57d173d7ff6e/include/zlib/deflate.c: In function 'fill_window':
/root/.local/share/alire/builds/aws_24.0.0_2b75fe6d/a2fb2a4db19727974f173d38934ce569d23ddd914f2b7b8afdff57d173d7ff6e/include/zlib/deflate.c:1482:12: warning: old-style function definition [-Wold-style-definition]
 1482 | local void fill_window(s)
      |            ^~~~~~~~~~~
/root/.local/share/alire/builds/aws_24.0.0_2b75fe6d/a2fb2a4db19727974f173d38934ce569d23ddd914f2b7b8afdff57d173d7ff6e/include/zlib/deflate.c: In function 'deflate_stored':
/root/.local/share/alire/builds/aws_24.0.0_2b75fe6d/a2fb2a4db19727974f173d38934ce569d23ddd914f2b7b8afdff57d173d7ff6e/include/zlib/deflate.c:1643:19: warning: old-style function definition [-Wold-style-definition]
 1643 | local block_state deflate_stored(s, flush)
      |                   ^~~~~~~~~~~~~~
/root/.local/share/alire/builds/aws_24.0.0_2b75fe6d/a2fb2a4db19727974f173d38934ce569d23ddd914f2b7b8afdff57d173d7ff6e/include/zlib/deflate.c: In function 'deflate_fast':
/root/.local/share/alire/builds/aws_24.0.0_2b75fe6d/a2fb2a4db19727974f173d38934ce569d23ddd914f2b7b8afdff57d173d7ff6e/include/zlib/deflate.c:1824:19: warning: old-style function definition [-Wold-style-definition]
 1824 | local block_state deflate_fast(s, flush)
      |                   ^~~~~~~~~~~~
/root/.local/share/alire/builds/aws_24.0.0_2b75fe6d/a2fb2a4db19727974f173d38934ce569d23ddd914f2b7b8afdff57d173d7ff6e/include/zlib/deflate.c: In function 'deflate_slow':
/root/.local/share/alire/builds/aws_24.0.0_2b75fe6d/a2fb2a4db19727974f173d38934ce569d23ddd914f2b7b8afdff57d173d7ff6e/include/zlib/deflate.c:1926:19: warning: old-style function definition [-Wold-style-definition]
 1926 | local block_state deflate_slow(s, flush)
      |                   ^~~~~~~~~~~~
/root/.local/share/alire/builds/aws_24.0.0_2b75fe6d/a2fb2a4db19727974f173d38934ce569d23ddd914f2b7b8afdff57d173d7ff6e/include/zlib/deflate.c: In function 'deflate_rle':
/root/.local/share/alire/builds/aws_24.0.0_2b75fe6d/a2fb2a4db19727974f173d38934ce569d23ddd914f2b7b8afdff57d173d7ff6e/include/zlib/deflate.c:2057:19: warning: old-style function definition [-Wold-style-definition]
 2057 | local block_state deflate_rle(s, flush)
      |                   ^~~~~~~~~~~
/root/.local/share/alire/builds/aws_24.0.0_2b75fe6d/a2fb2a4db19727974f173d38934ce569d23ddd914f2b7b8afdff57d173d7ff6e/include/zlib/deflate.c: In function 'deflate_huff':
/root/.local/share/alire/builds/aws_24.0.0_2b75fe6d/a2fb2a4db19727974f173d38934ce569d23ddd914f2b7b8afdff57d173d7ff6e/include/zlib/deflate.c:2130:19: warning: old-style function definition [-Wold-style-definition]
 2130 | local block_state deflate_huff(s, flush)
      |                   ^~~~~~~~~~~~
Build Libraries
   [gprlib]       z.lexch
   [gprlib]       xmlada_unicode.lexch
   [gprlib]       xmlada_input_sources.lexch
   [archive]      libz.a
   [index]        libz.a
   [archive]      libxmlada_unicode.a
   [index]        libxmlada_unicode.a
   [gprlib]       xmlada_sax.lexch
   [archive]      libxmlada_input_sources.a
   [index]        libxmlada_input_sources.a
   [gprlib]       xmlada_dom.lexch
   [archive]      libxmlada_sax.a
   [index]        libxmlada_sax.a
   [gprlib]       xmlada_schema.lexch
   [archive]      libxmlada_dom.a
   [index]        libxmlada_dom.a
   [gprlib]       gpr.lexch
   [archive]      libxmlada_schema.a
   [index]        libxmlada_schema.a
   [gprlib]       gnatcoll.lexch
   [archive]      libgpr.a
   [index]        libgpr.a
   [gprlib]       aws_ssl.lexch
   [archive]      libgnatcoll.a
   [index]        libgnatcoll.a
   [archive]      libaws_ssl.a
   [gprlib]       aws.lexch
   [index]        libaws_ssl.a
   [archive]      libaws.a
   [index]        libaws.a
Bind
   [gprbind]      awsres.bexch
   [Ada]          awsres.ali
Link
   [link]         awsres.adb
make[1]: Entering directory '/root/.local/share/alire/builds/aws_24.0.0_2b75fe6d/a2fb2a4db19727974f173d38934ce569d23ddd914f2b7b8afdff57d173d7ff6e/tools/wsdl2aws-templates'
../../.build/x86_64-pc-linux-gnu/debug/static/tools/awsres \
  -r wsdl2aws_templates \
  -o ../../.build/x86_64-pc-linux-gnu/common/src \
  *.tad[sb] *.macros
AWSRes - Resource Creator v1.3

creating s-main.tadb...
  -> registered
creating s-name-space-pkg.tads.
  -> registered
creating s-root.tads..
  -> registered
creating s-skel-cb.tadb....
  -> registered
creating s-skel-cb.tads.
  -> registered
creating s-skel.tadb....................
  -> registered
creating s-skel.tads...
  -> registered
creating s-stub-types.tads.
  -> registered
creating s-stub.tadb................
  -> registered
creating s-stub.tads.....
  -> registered
creating s-type-array-types.tads......
  -> registered
creating s-type-array.tads...............
  -> registered
creating s-type-derived-types.tads.......
  -> registered
creating s-type-derived.tads..........
  -> registered
creating s-type-enum-types.tads..
  -> registered
creating s-type-enum.tadb.
  -> registered
creating s-type-enum.tads....
  -> registered
creating s-type-record-types.tads...
  -> registered
creating s-type-record.tadb.......................
  -> registered
creating s-type-record.tads.......
  -> registered
creating s-types.tadb.
  -> registered
creating s-types.tads...
  -> registered
creating s-common.macros......
  -> registered
make[1]: Leaving directory '/root/.local/share/alire/builds/aws_24.0.0_2b75fe6d/a2fb2a4db19727974f173d38934ce569d23ddd914f2b7b8afdff57d173d7ff6e/tools/wsdl2aws-templates'
Compile
   [Ada]          aws_password.adb
   [Ada]          templates2ada.adb
   [Ada]          webxref.adb
   [Ada]          templatespp.adb
Bind
   [gprbind]      awsres.bexch
   [Ada]          awsres.ali
   [gprbind]      aws_password.bexch
   [Ada]          aws_password.ali
   [gprbind]      templates2ada.bexch
   [Ada]          templates2ada.ali
   [gprbind]      webxref.bexch
   [Ada]          webxref.ali
   [gprbind]      templatespp.bexch
   [Ada]          templatespp.ali
Link
   [link]         awsres.adb
   [link]         aws_password.adb
   [link]         templates2ada.adb
   [link]         webxref.adb
   [link]         templatespp.adb
Setup
   [mkdir]        object directory for project GPS_Support
   [mkdir]        exec directory for project GPS_Support
Compile
   [Ada]          gen_gps_ref.adb
Bind
   [gprbind]      gen_gps_ref.bexch
   [Ada]          gen_gps_ref.ali
Link
   [link]         gen_gps_ref.adb
make[1]: Entering directory '/root/.local/share/alire/builds/aws_24.0.0_2b75fe6d/a2fb2a4db19727974f173d38934ce569d23ddd914f2b7b8afdff57d173d7ff6e/gps'
make[1]: Leaving directory '/root/.local/share/alire/builds/aws_24.0.0_2b75fe6d/a2fb2a4db19727974f173d38934ce569d23ddd914f2b7b8afdff57d173d7ff6e/gps'
Install project AWS - static
warning: file does not exist '/root/.local/share/alire/builds/aws_24.0.0_2b75fe6d/a2fb2a4db19727974f173d38934ce569d23ddd914f2b7b8afdff57d173d7ff6e/templates_parser/docs/build/latex/*.pdf'
warning: file does not exist '/root/.local/share/alire/builds/aws_24.0.0_2b75fe6d/a2fb2a4db19727974f173d38934ce569d23ddd914f2b7b8afdff57d173d7ff6e/templates_parser/docs/build/html'
warning: file does not exist '/root/.local/share/alire/builds/aws_24.0.0_2b75fe6d/a2fb2a4db19727974f173d38934ce569d23ddd914f2b7b8afdff57d173d7ff6e/docs/build/latex/*.pdf'
warning: file does not exist '/root/.local/share/alire/builds/aws_24.0.0_2b75fe6d/a2fb2a4db19727974f173d38934ce569d23ddd914f2b7b8afdff57d173d7ff6e/docs/build/html'
Install project Tools - static
Note: Building mdshow=1.0.0/mdshow.gpr...
Setup
   [mkdir]        object directory for project UtilAda_Core
   [mkdir]        library directory for project UtilAda_Core
   [mkdir]        object directory for project UtilAda_Sys
   [mkdir]        library directory for project UtilAda_Sys
   [mkdir]        object directory for project WikiAda
   [mkdir]        library directory for project WikiAda
   [mkdir]        object directory for project Ansiada
   [mkdir]        library directory for project Ansiada
   [mkdir]        object directory for project Printer_Toolkit
   [mkdir]        library directory for project Printer_Toolkit
   [mkdir]        object directory for project UtilAda_Aws
   [mkdir]        library directory for project UtilAda_Aws
   [mkdir]        object directory for project Intl
   [mkdir]        library directory for project Intl
   [mkdir]        object directory for project URI_Ada
   [mkdir]        exec directory for project URI_Ada
   [mkdir]        object directory for project MDShow
   [mkdir]        exec directory for project MDShow
Compile
   [Ada]          viewer-main.adb
   [Ada]          intl__nls.adb
   [Ada]          schema-simple_types.adb
   [Ada]          schema-validators.adb
   [Ada]          schema-validators-xsd_grammar.adb
   [Ada]          schema-dom_readers.adb
   [Ada]          schema.adb
   [Ada]          schema-schema_readers.adb
   [Ada]          schema-decimal.adb
   [Ada]          schema-date_time.adb
   [Ada]          schema-readers.adb
   [Ada]          dom-core-elements.adb
   [Ada]          dom-core-texts.adb
   [Ada]          dom-core-documents.adb
   [Ada]          dom-core-comments.ads
   [Ada]          dom-core.adb
   [Ada]          dom-core-document_types.adb
   [Ada]          dom-core-notations.adb
   [Ada]          dom-core-document_fragments.ads
   [Ada]          dom-core-attrs.adb
   [Ada]          dom-core-character_datas.adb
   [Ada]          dom-core-cdata_sections.ads
   [Ada]          dom-core-entity_references.ads
   [Ada]          dom-readers.adb
   [Ada]          dom-core-processing_instructions.ads
   [Ada]          dom.ads
   [Ada]          dom-core-nodes.adb
   [Ada]          input_sources-file.adb
   [Ada]          input_sources-socket.adb
   [Ada]          input_sources-strings.adb
   [Ada]          input_sources-http.adb
   [Ada]          input_sources.adb
   [Ada]          sax-readers.adb
   [Ada]          sax.ads
   [Ada]          sax-state_machines.adb
   [Ada]          sax-encodings.ads
   [Ada]          sax-htable.adb
   [Ada]          sax-attributes.adb
   [Ada]          sax-symbols.adb
   [Ada]          sax-locators.adb
   [Ada]          sax-pointers.adb
   [Ada]          sax-exceptions.adb
   [Ada]          sax-models.adb
   [Ada]          sax-utils.adb
   [Ada]          unicode-names-latin_extended_a.ads
   [Ada]          unicode-names-tagalog.ads
   [Ada]          unicode-names-arabic_present_formsa.ads
   [Ada]          unicode-names-tai_tham.ads
   [Ada]          unicode-names-oriya.ads
   [Ada]          unicode-names-shorthand_format_controls.ads
   [Ada]          unicode-names-sundanese_supplement.ads
   [Ada]          unicode-names-spacing_modifier_letters.ads
   [Ada]          unicode-names-misc_math_symbols_b.ads
   [Ada]          unicode-names-cjk_letters_months.ads
   [Ada]          unicode-names-old_turkic.ads
   [Ada]          unicode-names-malayalam.ads
   [Ada]          unicode-names-yijing_hexagram_symbols.ads
   [Ada]          unicode-names-musical_symbols.ads
   [Ada]          unicode-names-gothic.ads
   [Ada]          unicode-names-runic.ads
   [Ada]          unicode-names-linear_a.ads
   [Ada]          unicode-names-tai_xuan_jing_symbols.ads
   [Ada]          unicode-names-mongolian.ads
   [Ada]          unicode-ccs-windows_1251.adb
   [Ada]          unicode-names-sup_math_operators.ads
   [Ada]          unicode-ccs.adb
   [Ada]          unicode-names-arabic_extended_a.ads
   [Ada]          unicode-names-phonetic_ext_sup.ads
   [Ada]          unicode-names-kana_supplement.ads
   [Ada]          unicode-names-arabic_supplement.ads
   [Ada]          unicode-names-duployan.ads
   [Ada]          unicode-names-cyrillic_extended_b.ads
   [Ada]          unicode-names-meetei_mayek.ads
   [Ada]          unicode-names-pau_cin_hau.ads
   [Ada]          unicode-names-balinese.ads
   [Ada]          unicode-names-mende_kikakui.ads
   [Ada]          unicode-names-miao.ads
   [Ada]          unicode-names-coptic_epact_numbers.ads
   [Ada]          unicode-ces-utf16.adb
   [Ada]          unicode-names-takri.ads
   [Ada]          unicode-ces-utf8.adb
   [Ada]          unicode-names-geometric_shapes_extended.ads
   [Ada]          unicode-names-mahjong_tiles.ads
   [Ada]          unicode-names-gujarati.ads
   [Ada]          unicode-names-common_indic_number_forms.ads
   [Ada]          unicode-names-mathematical_operators.ads
   [Ada]          unicode-names-meetei_mayek_extensions.ads
   [Ada]          unicode-names-geometric_shapes.ads
   [Ada]          unicode-names-braille_patterns.ads
   [Ada]          unicode-names-control_pictures.ads
   [Ada]          unicode-names-grantha.ads
   [Ada]          unicode-names-katakana.ads
   [Ada]          unicode-names-carian.ads
   [Ada]          unicode-names-cjk_strokes.ads
   [Ada]          unicode-names-letterlike_symbols.ads
   [Ada]          unicode-names-thaana.ads
   [Ada]          unicode-names-miscellaneous_technical.ads
   [Ada]          unicode-names-misc_symbols_pictographs.ads
   [Ada]          unicode-names-new_tai_lue.ads
   [Ada]          unicode-names-lycian.ads
   [Ada]          unicode-names-inscriptional_pahlavi.ads
   [Ada]          unicode-names-byzantine_musical_symbols.ads
   [Ada]          unicode-names-combining_diacritical_sup.ads
   [Ada]          unicode-names-cuneiform_num_punctuation.ads
   [Ada]          unicode-names-ornamental_dingbats.ads
   [Ada]          unicode-names-supplemental_punctuation.ads
   [Ada]          unicode-names-supplemental_arrows_c.ads
   [Ada]          unicode-names-meroitic_hieroglyphs.ads
   [Ada]          unicode-names-enclosed_alphanumerics.ads
   [Ada]          unicode-names-avestan.ads
   [Ada]          unicode-names-buginese.ads
   [Ada]          unicode-names-georgian_supplement.ads
   [Ada]          unicode-names-phaistos_disc.ads
   [Ada]          unicode-names-vedic_extensions.ads
   [Ada]          unicode-names-tagbanwa.ads
   [Ada]          unicode-names-kangxi_radicals.ads
   [Ada]          unicode-names-nko.ads
   [Ada]          unicode-names-sundanese.ads
   [Ada]          unicode-names-myanmar_extended_a.ads
   [Ada]          unicode-names-old_hungarian.ads
   [Ada]          unicode-names-cherokee_supplement.ads
   [Ada]          unicode-names.ads
   [Ada]          unicode-names-sutton_signwriting.ads
   [Ada]          unicode-names-misc_symbols_and_arrows.ads
   [Ada]          unicode-names-cyrillic_supplement.ads
   [Ada]          unicode-names-phonetic_extensions.ads
   [Ada]          unicode-names-early_dynastic_cuneiform.ads
   [Ada]          unicode-names-specials.ads
   [Ada]          unicode-names-tirhuta.ads
   [Ada]          unicode-ccs-iso_8859_4.adb
   [Ada]          unicode-names-shavian.ads
   [Ada]          unicode-names-miscellaneous_symbols.ads
   [Ada]          unicode-names-domino_tiles.ads
   [Ada]          unicode-names-latin_extended_b.ads
   [Ada]          unicode-names-ol_chiki.ads
   [Ada]          unicode-names-latin_extended_e.ads
   [Ada]          unicode-names-lepcha.ads
   [Ada]          unicode-names-bopomofo.ads
   [Ada]          unicode-names-yi_radicals.ads
   [Ada]          unicode-names-ideograph_descr_chars.ads
   [Ada]          unicode-names-coptic.ads
   [Ada]          unicode-names-block_elements.ads
   [Ada]          unicode-names-modifier_tone_letters.ads
   [Ada]          unicode-ccs-windows_1252.adb
   [Ada]          unicode-names-manichaean.ads
   [Ada]          unicode-names-combining_diacritical_sym.ads
   [Ada]          unicode-names-saurashtra.ads
   [Ada]          unicode-names-cuneiform.ads
   [Ada]          unicode-names-sharada.ads
   [Ada]          unicode-names-supplemental_arrows_b.ads
   [Ada]          unicode-names-arabic.ads
   [Ada]          unicode-names-general_punctuation.ads
   [Ada]          unicode-names-small_form_variants.ads
   [Ada]          unicode-names-linear_b_syllabary.ads
   [Ada]          unicode-names-old_permic.ads
   [Ada]          unicode-names-bengali.ads
   [Ada]          unicode-names-tifinagh.ads
   [Ada]          unicode-names-ethiopic_supplement.ads
   [Ada]          unicode-names-cherokee.ads
   [Ada]          unicode-encodings.adb
   [Ada]          unicode-names-hebrew.ads
   [Ada]          unicode-names-kharoshthi.ads
   [Ada]          unicode-names-armenian.ads
   [Ada]          unicode-names-ethiopic.ads
   [Ada]          unicode-names-enclosed_ideographic_sup.ads
   [Ada]          unicode-names-variation_selectors.ads
   [Ada]          unicode-names-palmyrene.ads
   [Ada]          unicode-names-cyrillic_extended_a.ads
   [Ada]          unicode-names-phags_pa.ads
   [Ada]          unicode-names-kaithi.ads
   [Ada]          unicode-names-siddham.ads
   [Ada]          unicode-names-old_persian.ads
   [Ada]          unicode-names-cjk_compatibility_forms.ads
   [Ada]          unicode-names-anatolian_hieroglyphs.ads
   [Ada]          unicode-names-khmer.ads
   [Ada]          unicode-names-cjk_compatibility.ads
   [Ada]          unicode-names-mandaic.ads
   [Ada]          unicode-names-linear_b_ideograms.ads
   [Ada]          unicode-names-syloti_nagri.ads
   [Ada]          unicode-names-number_forms.ads
   [Ada]          unicode-names-lydian.ads
   [Ada]          unicode-names-alchemical_symbols.ads
   [Ada]          unicode-names-canadian_aboriginal_ext.ads
   [Ada]          unicode-names-transport_and_map_symbols.ads
   [Ada]          unicode-names-batak.ads
   [Ada]          unicode-names-combining_diacritical_ext.ads
   [Ada]          unicode-names-sup_symbols_pictographs.ads
   [Ada]          unicode-names-latin_1_supplement.ads
   [Ada]          unicode-names-kannada.ads
   [Ada]          unicode-names-georgian.ads
   [Ada]          unicode-names-greek_and_coptic.ads
   [Ada]          unicode-names-tai_viet.ads
   [Ada]          unicode-names-bassa_vah.ads
   [Ada]          unicode-names-cjk_radicals_supplement.ads
   [Ada]          unicode-names-sora_sompeng.ads
   [Ada]          unicode-names-vai.ads
   [Ada]          unicode-names-supplemental_arrows_a.ads
   [Ada]          unicode-names-hangul_jamo_extended_b.ads
   [Ada]          unicode-names-khmer_symbols.ads
   [Ada]          unicode-names-myanmar.ads
   [Ada]          unicode-names-latin_extended_d.ads
   [Ada]          unicode-names-math_alphanumeric_symb.ads
   [Ada]          unicode-names-psalter_pahlavi.ads
   [Ada]          unicode-names-sinhala.ads
   [Ada]          unicode-names-half_full_width_forms.ads
   [Ada]          unicode-names-canadian_aboriginal.ads
   [Ada]          unicode-names-khudawadi.ads
   [Ada]          unicode-names-sinhala_archaic_numbers.ads
   [Ada]          unicode-names-cjk_compat_ideographs.ads
   [Ada]          unicode-names-ethiopic_extended.ads
   [Ada]          unicode-names-rejang.ads
   [Ada]          unicode-names-inscriptional_parthian.ads
   [Ada]          unicode-names-mahajani.ads
   [Ada]          unicode-names-limbu.ads
   [Ada]          unicode-ccs-iso_8859_3.adb
   [Ada]          unicode-names-variation_selectors_sup.ads
   [Ada]          unicode-names-old_italic.ads
   [Ada]          unicode-names-elbasan.ads
   [Ada]          unicode-names-arabic_present_formsb.ads
   [Ada]          unicode-names-brahmi.ads
   [Ada]          unicode-names-rumi_numeral_symbols.ads
   [Ada]          unicode-names-cjk_compat_ideo_sup.ads
   [Ada]          unicode-names-ogham.ads
   [Ada]          unicode-names-bamum.ads
   [Ada]          unicode-names-kanbun.ads
   [Ada]          unicode-names-emoticons.ads
   [Ada]          unicode-names-buhid.ads
   [Ada]          unicode-ces-utf32.adb
   [Ada]          unicode-names-currency_symbols.ads
   [Ada]          unicode-names-multani.ads
   [Ada]          unicode-names-hanunoo.ads
   [Ada]          unicode-ces-basic_8bit.adb
   [Ada]          unicode-names-vertical_forms.ads
   [Ada]          unicode-names-ancient_greek_music.ads
   [Ada]          unicode-names-chakma.ads
   [Ada]          unicode-names-box_drawing.ads
   [Ada]          unicode-names-javanese.ads
   [Ada]          unicode-names-aegean_numbers.ads
   [Ada]          unicode-names-latin_extended_c.ads
   [Ada]          unicode-names-combining_half_marks.ads
   [Ada]          unicode-names-lisu.ads
   [Ada]          unicode-names-hatran.ads
   [Ada]          unicode-names-kayah_li.ads
   [Ada]          unicode-names-hangul_jamo_extended_a.ads
   [Ada]          unicode-names-mro.ads
   [Ada]          unicode-names-ahom.ads
   [Ada]          unicode-names-devanagari_extended.ads
   [Ada]          unicode-names-latin_extended_additional.ads
   [Ada]          unicode-names-cham.ads
   [Ada]          unicode-names-katakana_phonetic_ext.ads
   [Ada]          unicode-names-old_north_arabian.ads
   [Ada]          unicode-names-old_south_arabian.ads
   [Ada]          unicode-names-lao.ads
   [Ada]          unicode-names-arabic_math_alpha_symb.ads
   [Ada]          unicode-names-playing_cards.ads
   [Ada]          unicode-names-ipa_extensions.ads
   [Ada]          unicode-names-tai_le.ads
   [Ada]          unicode-names-telugu.ads
   [Ada]          unicode-names-ethiopic_extended_a.ads
   [Ada]          unicode-ces.adb
   [Ada]          unicode-names-basic_latin.ads
   [Ada]          unicode-names-counting_rod_numerals.ads
   [Ada]          unicode-names-caucasian_albanian.ads
   [Ada]          unicode-names-khojki.ads
   [Ada]          unicode-names-syriac.ads
   [Ada]          unicode-names-ancient_greek_numbers.ads
   [Ada]          unicode-names-enclosed_alphanum_sup.ads
   [Ada]          unicode-names-nabataean.ads
   [Ada]          unicode-names-phoenician.ads
   [Ada]          unicode-names-hangul_compatibility_jamo.ads
   [Ada]          unicode-names-myanmar_extended_b.ads
   [Ada]          unicode-names-imperial_aramaic.ads
   [Ada]          unicode-names-yi_syllables.ads
   [Ada]          unicode-names-arrows.ads
   [Ada]          unicode-names-devanagari.ads
   [Ada]          unicode-names-hiragana.ads
   [Ada]          unicode-names-dingbats.ads
   [Ada]          unicode-names-optical_chars_recognition.ads
   [Ada]          unicode-names-glagolitic.ads
   [Ada]          unicode-names-samaritan.ads
   [Ada]          unicode-names-misc_math_symbols_a.ads
   [Ada]          unicode-names-warang_citi.ads
   [Ada]          unicode-names-cyrillic.ads
   [Ada]          unicode-names-cjk_symbols_and_punct.ads
   [Ada]          unicode-names-deseret.ads
   [Ada]          unicode-names-tags.ads
   [Ada]          unicode-names-pahawh_hmong.ads
   [Ada]          unicode-names-bopomofo_extended.ads
   [Ada]          unicode-names-meroitic_cursive.ads
   [Ada]          unicode-names-thai.ads
   [Ada]          unicode.adb
   [Ada]          unicode-names-greek_extended.ads
   [Ada]          unicode-ccs-iso_8859_1.adb
   [Ada]          unicode-names-tibetan.ads
   [Ada]          unicode-ccs-iso_8859_2.adb
   [Ada]          unicode-names-tamil.ads
   [Ada]          unicode-names-egyptian_hieroglyphs.ads
   [Ada]          unicode-names-ancient_symbols.ads
   [Ada]          unicode-names-ugaritic.ads
   [Ada]          unicode-names-gurmukhi.ads
   [Ada]          unicode-names-alpha_presentation_forms.ads
   [Ada]          unicode-names-hangul_jamo.ads
   [Ada]          unicode-names-combining_diacritical.ads
   [Ada]          unicode-names-bamum_supplement.ads
   [Ada]          unicode-names-super_and_sub_scripts.ads
   [Ada]          unicode-ccs-iso_8859_15.adb
   [Ada]          unicode-names-cypriot_syllabary.ads
   [Ada]          unicode-names-osmanya.ads
   [Ada]          unicode-names-modi.ads
   [C]            gpr_imports.c
   [Ada]          gpr-snames.adb
   [Ada]          gpr-script.adb
   [Ada]          gpr-strt.adb
   [Ada]          gpr-compilation.adb
   [Ada]          gpr-scans.adb
   [Ada]          gpr-env.adb
   [Ada]          gpr-compilation-process.adb
   [Ada]          gpr-part.adb
   [Ada]          gpr-compilation-sync.adb
   [Ada]          gpr-erroutc.adb
   [Ada]          gpr-attr-pm.adb
   [Ada]          gpr-ext.adb
   [Ada]          gpr-compilation-process-waiter.adb
   [Ada]          gpr-knowledge.adb
   [Ada]          gpr-nmsc.adb
   [Ada]          gpr-com.ads
   [Ada]          gpr-err.adb
   [Ada]          gpr-tempdir.adb
   [Ada]          gpr-jobserver.adb
   [Ada]          gpr.adb
   [Ada]          gpr-tree.adb
   [Ada]          gpr_build_util.adb
   [Ada]          gpr-opt.ads
   [Ada]          gpr-compilation-slave.adb
   [Ada]          gpr-util.adb
   [Ada]          gpr-proc.adb
   [Ada]          gpr-compilation-protocol.adb
   [Ada]          gpr-ali.adb
   [Ada]          gpr-conf.adb
   [Ada]          gpr-output.adb
   [Ada]          gpr-version.adb
   [Ada]          gpr-pp.adb
   [Ada]          gpr-osint.adb
gpr-osint.adb:30:06: warning: "System.CRTL" is an internal GNAT unit [-gnatwi]
gpr-osint.adb:30:06: warning: use of this unit is non-portable and version-dependent [-gnatwi]
gpr-osint.adb:31:06: warning: "System.OS_Constants" is an internal GNAT unit [-gnatwi]
gpr-osint.adb:31:06: warning: use of this unit is non-portable and version-dependent [-gnatwi]
   [Ada]          gpr-attr.adb
   [Ada]          gpr-debug.adb
   [Ada]          gpr-names.adb
   [Ada]          gpr-util-aux.adb
   [Ada]          gpr-dect.adb
   [Ada]          gpr-sinput.adb
   [Ada]          gpr-cset.adb
   [Ada]          gpr-sdefault.adb
   [C]            process-wrappers.c
   [C]            libc-wrappers.c
   [C]            getRSS.c
   [C]            set_std_prefix.c
   [C]            separate_run_path_option.c
   [C]            update_path.c
   [C]            gnatcoll_support.c
   [C]            terminals.c
   [C]            run_path_option.c
   [C]            executable_path.c
gpr-sdefault.adb:29:06: warning: "System.OS_Constants" is an internal GNAT unit [-gnatwi]
gpr-sdefault.adb:29:06: warning: use of this unit is non-portable and version-dependent [-gnatwi]
   [C]            objlist_file.c
   [C]            link_max.c
   [Ada]          gnatcoll-os-libc-spawn.ads
   [Ada]          gnatcoll-os-libc.ads
   [Ada]          gnatcoll-os-libc-dirent.ads
   [Ada]          gnatcoll-os-libc-stat.ads
   [Ada]          gnatcoll-paragraph_filling-badnesses.adb
   [Ada]          gnatcoll-paragraph_filling-words.adb
   [Ada]          gnatcoll-paragraph_filling.adb
   [Ada]          gnatcoll-os-process.adb
   [Ada]          gnatcoll-os.ads
   [Ada]          gnatcoll-os-fs.adb
   [Ada]          gnatcoll-os-dir.adb
   [Ada]          gnatcoll-os-fsutil.adb
   [Ada]          gnatcoll-os-stat.adb
   [Ada]          gnatcoll-io-remote-windows.adb
   [Ada]          gnatcoll-strings_impl.adb
   [Ada]          gnatcoll-projects-krunch.adb
   [Ada]          gnatcoll-string_builders.adb
   [Ada]          gnatcoll-format_columns_vertical.ads
   [Ada]          gnatcoll-file_paths.adb
   [Ada]          gnatcoll-email-utils.adb
   [Ada]          gnatcoll-symbols.adb
   [Ada]          gnatcoll.ads
   [Ada]          gnatcoll-pools.adb
   [Ada]          gnatcoll-storage_pools.ads
   [Ada]          gnatcoll-strings.ads
   [Ada]          gnatcoll-wstring_list_builders.adb
   [Ada]          gnatcoll-io-native.adb
   [Ada]          gnatcoll-remote.ads
   [Ada]          gnatcoll-promises.adb
   [Ada]          gnatcoll-refcount-weakref.adb
   [Ada]          gnatcoll-wstring_builders.adb
   [Ada]          gnatcoll-io.adb
   [Ada]          gnatcoll-storage_pools-alignment.adb
   [Ada]          gnatcoll-traces.adb
   [Ada]          gnatcoll-memory.adb
   [Ada]          gnatcoll-formatters.adb
   [Ada]          gnatcoll-vfs_types.ads
   [Ada]          gnatcoll-mmap.adb
   [Ada]          gnatcoll-refcount.adb
gnatcoll-refcount.ads:90:04: warning: in instantiation at gnatcoll-storage_pools-headers.adb:57 [enabled by default]
gnatcoll-refcount.ads:90:04: warning: possible aliasing problem for type "Header_Access" [enabled by default]
gnatcoll-refcount.ads:90:04: warning: use -fno-strict-aliasing switch for references [enabled by default]
gnatcoll-refcount.ads:90:04: warning: or use "pragma No_Strict_Aliasing (Header_Access);" [enabled by default]
   [Ada]          gnatcoll-damerau_levenshtein_generic.adb
   [Ada]          gnatcoll-coders-streams.adb
   [Ada]          gnatcoll-email-mailboxes.adb
   [Ada]          gnatcoll-vfs_utils.adb
   [Ada]          gnatcoll-email-parser.adb
   [Ada]          gnatcoll-coders.adb
   [Ada]          gnatcoll-io-remote-unix.adb
   [Ada]          gnatcoll-terminal.adb
   [Ada]          gnatcoll-projects-normalize.adb
   [Ada]          gnatcoll-io-remote.adb
   [Ada]          gnatcoll-scripts.adb
   [Ada]          gnatcoll-locks.adb
   [Ada]          gnatcoll-any_types.adb
   [Ada]          gnatcoll-coders-base64.adb
   [Ada]          gnatcoll-scripts-impl.adb
   [Ada]          gnatcoll-file_indexes.adb
   [Ada]          gnatcoll-email.adb
   [Ada]          gnatcoll-storage_pools-headers.adb
   [Ada]          gnatcoll-damerau_levenshtein_distance.ads
   [Ada]          gnatcoll-scripts-files.adb
   [Ada]          gnatcoll-boyer_moore.adb
   [Ada]          gnatcoll-atomic.adb
   [Ada]          gnatcoll-scripts-projects.adb
   [Ada]          gnatcoll-templates.adb
   [Ada]          gnatcoll-json-utility.adb
   [Ada]          gnatcoll-path.adb
   [Ada]          gnatcoll-remote-db.adb
   [Ada]          gnatcoll-asserts.adb
   [Ada]          gnatcoll-scripts-utils.adb
   [Ada]          gnatcoll-projects-aux.adb
   [Ada]          gnatcoll-arg_lists.adb
   [Ada]          gnatcoll-vfs.adb
   [Ada]          gnatcoll-projects.adb
   [Ada]          gnatcoll-json.adb
   [Ada]          gnatcoll-scripts-shell.adb
   [Ada]          gnatcoll-utils.adb
   [Ada]          gnatcoll-string_list_builders.adb
   [Ada]          gnatcoll-config.adb
   [Ada]          gnatcoll-opt_parse.adb
   [Ada]          gnatcoll-geometry.adb
   [Ada]          gnatcoll-tribooleans.adb
   [Ada]          gnatcoll-mmap-system__unix.adb
   [Ada]          gnatcoll-plugins__unix.adb
   [Ada]          gnatcoll-os-process_types__unix.adb
   [Ada]          gnatcoll-os-constants__unix.ads
   [Ada]          gnatcoll-os-dir_types__unix.ads
   [Ada]          gnatcoll-os-libc_constants__linux.ads
   [Ada]          util-http-clients-aws_i.ads
   [Ada]          util-http-clients-aws__2.adb
   [Ada]          aws-client-ext__2.adb
   [C]            terminal.c
   [Ada]          pt-texts.adb
   [Ada]          pt.adb
   [Ada]          pt-charts.adb
   [Ada]          pt-drivers-images-kitty.adb
   [Ada]          pt-drivers.ads
   [Ada]          pt-charts-barcharts.adb
   [Ada]          pt-drivers-images.adb
   [Ada]          pt-drivers-texts.adb
   [Ada]          pt-drivers-texts-gnat_io.adb
   [Ada]          pt-colors.adb
   [Ada]          ansiada_config.ads
   [Ada]          ansiada.ads
   [Ada]          wiki-render-wiki.adb
   [Ada]          wiki-utils.adb
   [Ada]          wiki-helpers.adb
   [Ada]          wiki-documents.adb
   [Ada]          wiki-parsers-dotclear.adb
   [Ada]          wiki-html_parser-entities.ads
   [Ada]          wiki-render-links.adb
   [Ada]          wiki.adb
   [Ada]          wiki-filters-html.adb
   [Ada]          wiki-filters-collectors.adb
   [Ada]          wiki-parsers-textile.adb
   [Ada]          wiki-filters.adb
   [Ada]          wiki-nodes-lists.adb
   [Ada]          wiki-nodes-dump.adb
   [Ada]          wiki-stacks.adb
   [Ada]          wiki-plugins.ads
   [Ada]          wiki-helpers-parser.adb
   [Ada]          wiki-nodes.adb
   [Ada]          wiki-parsers-common.adb
   [Ada]          wiki-streams-text_io.adb
   [Ada]          wiki-buffers.adb
   [Ada]          wiki-streams-html.adb
   [Ada]          wiki-plugins-conditions.adb
   [Ada]          wiki-filters-autolink.adb
   [Ada]          wiki-streams-html-text_io.ads
   [Ada]          wiki-streams-builders.adb
   [Ada]          wiki-render-html.adb
   [Ada]          wiki-render.adb
   [Ada]          wiki-plugins-variables.adb
   [Ada]          wiki-parsers-google.adb
   [Ada]          wiki-parsers-mediawiki.adb
   [Ada]          wiki-parsers-creole.adb
   [Ada]          wiki-streams-html-builders.ads
   [Ada]          wiki-parsers.adb
   [Ada]          wiki-attributes.adb
   [Ada]          wiki-filters-variables.adb
   [Ada]          wiki-render-text.adb
   [Ada]          wiki-plugins-templates.adb
   [Ada]          wiki-filters-toc.adb
   [Ada]          wiki-strings.adb
   [Ada]          wiki-streams-html-stream.adb
   [Ada]          wiki-parsers-markdown.adb
   [Ada]          wiki-streams.ads
   [Ada]          wiki-html_parser.adb
   [Ada]          wiki-parsers-html.adb
   [Ada]          util-systems-constants.ads
   [Ada]          util-systems-types.ads
   [Ada]          util-systems-io.adb
   [Ada]          util-systems-os.ads
   [Ada]          util-properties.adb
   [Ada]          util-properties-bundles.adb
   [Ada]          util-properties-discrete.adb
   [Ada]          util-properties-basic.adb
   [Ada]          util-log-appenders-formatter.adb
   [Ada]          util-log-appenders-rolling_files.adb
   [Ada]          util-log-loggers.adb
   [Ada]          util-log-appenders-consoles.adb
   [Ada]          util-log-locations.adb
   [Ada]          util-log-formatters.adb
   [Ada]          util-log-appenders-factories.adb
   [Ada]          util-log-appenders.adb
   [Ada]          util-log-appenders-files.adb
   [Ada]          util-log-formatters-factories.adb
   [Ada]          util-log.adb
   [Ada]          util-files-walk.adb
   [Ada]          util-files.adb
   [Ada]          util-files-rolling.adb
   [Ada]          util-files-filters.adb
   [Ada]          util-events.adb
   [Ada]          util-events-timers.adb
   [Ada]          util-events-channels.adb
   [Ada]          util-dates.adb
   [Ada]          util-dates-iso8601.adb
   [Ada]          util-dates-rfc7231.adb
   [Ada]          util-dates-formats.adb
   [Ada]          util-dates-simple_format.adb
   [Ada]          util-commands-raw_io.ads
   [Ada]          util-commands-consoles.adb
   [Ada]          util-commands-drivers.adb
   [Ada]          util-commands-text_io.ads
   [Ada]          util-commands-consoles-text.adb
   [Ada]          util-commands-parsers-gnat_parser.adb
   [Ada]          util-commands.adb
   [Ada]          util-commands-parsers.adb
   [Ada]          util-beans-objects-maps.adb
   [Ada]          util-beans-factory.adb
   [Ada]          util-beans-objects.adb
   [Ada]          util-beans.ads
   [Ada]          util-beans-objects-enums.adb
   [Ada]          util-beans-lists.ads
   [Ada]          util-beans-objects-iterators.adb
   [Ada]          util-beans-lists-strings.adb
   [Ada]          util-beans-objects-pairs.adb
   [Ada]          util-beans-objects-datasets.adb
   [Ada]          util-beans-basic-lists.adb
   [Ada]          util-beans-ranges.ads
   [Ada]          util-beans-basic.ads
   [Ada]          util-beans-objects-to_access.adb
   [Ada]          util-beans-methods.ads
   [Ada]          util-beans-objects-time.adb
   [Ada]          util-beans-objects-lists.adb
util-beans-objects-time.adb:98:50: warning: call to obsolescent function "To_Ada_Time" declared at a-calcon.ads:39 [-gnatwj]
util-beans-objects-time.adb:98:50: warning: This function may be removed in a future version [-gnatwj]
   [Ada]          util-beans-objects-records.adb
   [Ada]          util-beans-objects-vectors.adb
   [Ada]          util-beans-objects-hash.adb
   [Ada]          util-beans-basic-ranges.adb
   [Ada]          util-systems.ads
   [Ada]          util-texts-tokenizers.adb
   [Ada]          util-texts-transforms.adb
   [Ada]          util-texts-formats.adb
   [Ada]          util-texts.ads
   [Ada]          util-texts-builders.adb
   [Ada]          util-strings-tokenizers.ads
   [Ada]          util-strings-builders.ads
   [Ada]          util-strings-vectors.ads
   [Ada]          util-strings-maps.ads
   [Ada]          util-strings-formats.adb
   [Ada]          util-strings-sets.ads
   [Ada]          util-strings-builders-transforms.ads
   [Ada]          util-strings-transforms.adb
   [Ada]          util-strings-maps_incensitive.ads
   [Ada]          util-strings.adb
   [Ada]          util-listeners-lifecycles.adb
   [Ada]          util-listeners-observers.adb
   [Ada]          util-listeners.ads
   [Ada]          util-concurrent-counters.adb
   [Ada]          util-concurrent-locks.adb
   [Ada]          util-concurrent-arrays.adb
   [Ada]          util-concurrent-sequence_queues.adb
   [Ada]          util-concurrent.ads
   [Ada]          util-concurrent-copies.adb
   [Ada]          util-concurrent-fifos.adb
   [Ada]          util-concurrent-pools.adb
   [Ada]          util-algorithms.ads
   [Ada]          util-named_lists.adb
   [Ada]          util-nullables.ads
   [Ada]          util.ads
   [Ada]          util-locales.adb
   [Ada]          util-stacks.adb
   [Ada]          util-executors.adb
   [Ada]          util-refs.adb
   [Ada]          util-blobs.adb
   [Ada]          util-systems-dlls.adb
   [Ada]          util-processes-os.adb
   [Ada]          util-streams-raw.adb
   [Ada]          util-processes.adb
   [Ada]          util-processes-tools.adb
   [Ada]          util-mail.adb
   [Ada]          util-http-mimes.adb
   [Ada]          util-http-clients.adb
   [Ada]          util-http-mockups.adb
   [Ada]          util-http-clients-mockups.adb
   [Ada]          util-http-parts.adb
   [Ada]          util-http-rest.adb
   [Ada]          util-http.adb
   [Ada]          util-http-rest-rest_get_vector.adb
   [Ada]          util-http-tools.adb
   [Ada]          util-http-cookies.adb
   [Ada]          util-http-headers.adb
   [Ada]          util-encoders-ecc.adb
   [Ada]          util-encoders-hmac-sha1.adb
   [Ada]          util-encoders-base64.adb
   [Ada]          util-encoders-quoted_printable.adb
   [Ada]          util-encoders-aes.adb
   [Ada]          util-encoders-hmac-hotp.adb
   [Ada]          util-encoders-hmac-sha256.adb
   [Ada]          util-encoders-sha1.adb
   [Ada]          util-encoders-kdf.ads
   [Ada]          util-encoders-sha256.adb
   [Ada]          util-encoders.adb
   [Ada]          util-encoders-hmac.ads
   [Ada]          util-encoders-base16.adb
   [Ada]          util-encoders-kdf-pbkdf2.adb
   [Ada]          util-encoders-kdf-pbkdf2_hmac_sha256.ads
   [Ada]          util-encoders-base32.adb
   [Ada]          util-encoders-uri.adb
   [Ada]          util-measures.adb
   [Ada]          util-streams-buffered.adb
   [Ada]          util-streams-aes.adb
   [Ada]          util-streams.adb
   [Ada]          util-streams-texts-wtr.ads
   [Ada]          util-streams-buffered-encoders.adb
   [Ada]          util-streams-pipes.adb
   [Ada]          util-streams-texts-tr.ads
   [Ada]          util-streams-base16.ads
   [Ada]          util-streams-buffered-parts.adb
   [Ada]          util-streams-files.adb
   [Ada]          util-streams-texts.adb
   [Ada]          util-streams-base64.ads
   [Ada]          util-streams-sockets.adb
   [Ada]          util-serialize-io-form.adb
   [Ada]          util-serialize.ads
   [Ada]          util-properties-form.adb
   [Ada]          util-serialize-mappers-record_mapper.adb
   [Ada]          util-serialize-mappers-vector_mapper.adb
   [Ada]          util-serialize-io-csv.adb
   [Ada]          util-serialize-io-json.adb
   [Ada]          util-serialize-mappers.adb
   [Ada]          util-beans-objects-readers.adb
   [Ada]          util-serialize-contexts.adb
   [Ada]          util-properties-json.adb
   [Ada]          util-serialize-tools.adb
   [Ada]          util-serialize-io.adb
   [Ada]          viewer.ads
   [Ada]          viewer-options.adb
   [Ada]          viewer-reader.adb
   [Ada]          viewer-terminal.adb
   [Ada]          uri_ada.adb
Build Libraries
   [gprlib]       utilada_core.lexch
   [gprlib]       utilada_base.lexch
   [archive]      libutilada_core.a
   [index]        libutilada_core.a
   [gprlib]       utilada_sys.lexch
   [archive]      libutilada_base.a
   [index]        libutilada_base.a
   [gprlib]       wikiada.lexch
   [archive]      libutilada_sys.a
   [index]        libutilada_sys.a
   [gprlib]       Ansiada.lexch
   [gprlib]       printer_toolkit.lexch
   [archive]      libAnsiada.a
   [archive]      libwikiada.a
   [index]        libAnsiada.a
   [gprlib]       xmlada_unicode.lexch
   [gprlib]       xmlada_input_sources.lexch
   [archive]      libprinter_toolkit.a
   [index]        libwikiada.a
   [index]        libprinter_toolkit.a
   [archive]      libxmlada_unicode.a
   [index]        libxmlada_unicode.a
   [gprlib]       xmlada_sax.lexch
   [archive]      libxmlada_input_sources.a
   [index]        libxmlada_input_sources.a
   [gprlib]       xmlada_dom.lexch
   [archive]      libxmlada_sax.a
   [index]        libxmlada_sax.a
   [gprlib]       xmlada_schema.lexch
   [archive]      libxmlada_dom.a
   [index]        libxmlada_dom.a
   [gprlib]       gpr.lexch
   [archive]      libxmlada_schema.a
   [index]        libxmlada_schema.a
   [gprlib]       gnatcoll.lexch
   [archive]      libgpr.a
   [index]        libgpr.a
   [gprlib]       utilada_aws.lexch
   [archive]      libgnatcoll.a
   [index]        libgnatcoll.a
   [gprlib]       Intl.lexch
   [archive]      libutilada_aws.a
   [archive]      libIntl.a
   [index]        libIntl.a
   [index]        libutilada_aws.a
Bind
   [gprbind]      viewer-main.bexch
   [Ada]          viewer-main.ali
Link
   [link]         viewer-main.adb
Success: Build finished successfully in 340.20 seconds.
Found declared GPR file: mdshow.gpr
[alr test] Test completed SUCCESSFULLY
