Test ran at 2025-08-19 01:35:31.407594+00:00

SOLUTION:
ppa_gtkada=1.0.0: Tutorials for GTKAda
Origin: commit 6e03cf812f733218f401271abcf091c2759c424e from https://github.com/Blady-Com/ppa_gtkada.git
Properties:
   Author: Pascal Pignard
   Description: Tutorials for GTKAda
   Executable: window1a
   Executable: window1b
   Executable: essai1c
   Executable: essai1d
   Executable: essai1e
   Executable: essai2a
   Executable: essai2b
   Executable: essai2c
   Executable: essai2d
   Executable: hello_cairo
   Executable: hello
   Executable: hello2
   Executable: hello3
   Executable: image_display
   Executable: key_event
   Executable: main
   License: CECILL-2.1
   Maintainer: Pascal Pignard <blady.net@orange.fr>
   Maintainers_Logins: Blady-Com
   Name: ppa_gtkada
   Project_File: Essai1a/essai1.gpr
   Project_File: Essai1b/essai1.gpr
   Project_File: Essai1c/essai1.gpr
   Project_File: Essai1d/essai1.gpr
   Project_File: Essai1e/essai1.gpr
   Project_File: Essai2a/essai2.gpr
   Project_File: Essai2b/essai2.gpr
   Project_File: Essai2c/essai2.gpr
   Project_File: Essai2d/essai2.gpr
   Project_File: Hello_Cairo/hello_cairo.gpr
   Project_File: Hello/hello.gpr
   Project_File: Hello2/hello2.gpr
   Project_File: Hello3/hello3.gpr
   Project_File: Image_Display/image_display.gpr
   Project_File: Key_Event/key_event.gpr
   Project_File: Tasking/main.gpr
   Tag: gtkada
   Tag: tutorial
   Version: 1.0.0
   Website: https://github.com/Blady-Com/ppa_gtkada
Dependencies (direct):
   gtkada^25.0.1
Dependencies (solution):
   gtkada=25.0.1
   libgtk3=3.24.43
   make=4.4.1
   pkg_config=2.1.1
Dependencies (graph):
   gtkada=25.0.1    --> libgtk3=3.24.43 (>=3.24.24)
   gtkada=25.0.1    --> make=4.4.1 (*)
   gtkada=25.0.1    --> pkg_config=2.1.1 (*)
   ppa_gtkada=1.0.0 --> gtkada=25.0.1 (^25.0.1)


LOG:
[alr test] Testing ppa_gtkada=1.0.0
[alr test] Spawning retrieval for remote crate: alr -d -n get ppa_gtkada=1.0.0
Note: Deploying ppa_gtkada=1.0.0...
Note: Deploying libgtk3=3.24.43...
The system package 'gtk3-devel' is about to be installed.
This action might require admin privileges and impact your system installation.
Do you want Alire to install this system package?
Using default: Yes
Last metadata expiration check: 0:24:29 ago on Tue Aug 19 01:08:07 2025.
Dependencies resolved.
================================================================================
 Package                   Arch   Version                         Repo     Size
================================================================================
Installing:
 gtk3-devel                x86_64 3.24.43-1.fc40                  updates 4.3 M
Installing dependencies:
 ModemManager-glib         x86_64 1.22.0-3.fc40                   fedora  322 k
 NetworkManager-libnm      x86_64 1:1.46.6-1.fc40                 updates 1.8 M
 abattis-cantarell-vf-fonts
                           noarch 0.301-12.fc40                   fedora  120 k
 adwaita-cursor-theme      noarch 46.2-2.fc40                     updates 516 k
 adwaita-icon-theme        noarch 46.2-2.fc40                     updates 407 k
 adwaita-icon-theme-legacy noarch 46.2-1.fc40                     updates 2.5 M
 at-spi2-atk               x86_64 2.52.0-1.fc40                   fedora   86 k
 at-spi2-atk-devel         x86_64 2.52.0-1.fc40                   fedora   11 k
 at-spi2-core              x86_64 2.52.0-1.fc40                   fedora  373 k
 at-spi2-core-devel        x86_64 2.52.0-1.fc40                   fedora  323 k
 atk                       x86_64 2.52.0-1.fc40                   fedora   80 k
 atk-devel                 x86_64 2.52.0-1.fc40                   fedora  445 k
 avahi-glib                x86_64 0.8-26.fc40                     fedora   15 k
 avahi-libs                x86_64 0.8-26.fc40                     fedora   67 k
 bluez-libs                x86_64 5.81-2.fc40                     updates  83 k
 brotli                    x86_64 1.1.0-3.fc40                    fedora   20 k
 brotli-devel              x86_64 1.1.0-3.fc40                    fedora   34 k
 bzip2-devel               x86_64 1.0.8-18.fc40                   fedora  214 k
 cairo                     x86_64 1.18.0-3.fc40                   fedora  709 k
 cairo-devel               x86_64 1.18.0-3.fc40                   fedora  193 k
 cairo-gobject             x86_64 1.18.0-3.fc40                   fedora   17 k
 cairo-gobject-devel       x86_64 1.18.0-3.fc40                   fedora   11 k
 cdparanoia-libs           x86_64 10.2-44.fc40                    fedora   54 k
 colord-libs               x86_64 1.4.7-3.fc40                    fedora  234 k
 cpio                      x86_64 2.15-1.fc40                     fedora  292 k
 cpuinfo                   x86_64 23.2.14-3.giteb4a667.fc40.2     fedora   42 k
 crypto-policies-scripts   noarch 20240201-2.git9f501f3.fc40      fedora  117 k
 cups-filesystem           noarch 1:2.4.12-2.fc40                 updates  13 k
 cups-libs                 x86_64 1:2.4.12-2.fc40                 updates 262 k
 dbus-devel                x86_64 1:1.14.10-3.fc40                fedora   40 k
 default-fonts-core-sans   noarch 4.0-13.fc40                     updates  31 k
 dracut                    x86_64 102-2.fc40                      updates 466 k
 duktape                   x86_64 2.7.0-7.fc40                    fedora  170 k
 exempi                    x86_64 2.6.4-5.fc40                    fedora  581 k
 exiv2-libs                x86_64 0.27.6-7.fc40                   fedora  755 k
 fdk-aac-free              x86_64 2.0.0-13.fc40                   fedora  337 k
 file                      x86_64 5.45-4.fc40                     fedora   49 k
 flac-libs                 x86_64 1.4.3-4.fc40                    fedora  262 k
 fontconfig                x86_64 2.15.0-6.fc40                   updates 270 k
 fontconfig-devel          x86_64 2.15.0-6.fc40                   updates 165 k
 fonts-filesystem          noarch 1:2.0.5-14.fc40                 fedora  8.2 k
 freetype                  x86_64 2.13.2-5.fc40                   fedora  410 k
 freetype-devel            x86_64 2.13.2-5.fc40                   fedora  951 k
 fribidi                   x86_64 1.0.14-2.fc40                   updates  92 k
 fribidi-devel             x86_64 1.0.14-2.fc40                   updates  29 k
 fuse-common               x86_64 3.16.2-3.fc40                   fedora  8.7 k
 fuse3                     x86_64 3.16.2-3.fc40                   fedora   58 k
 fuse3-libs                x86_64 3.16.2-3.fc40                   fedora   93 k
 gdk-pixbuf2               x86_64 2.42.10-8.fc40                  fedora  485 k
 gdk-pixbuf2-devel         x86_64 2.42.10-8.fc40                  fedora  369 k
 gdk-pixbuf2-modules       x86_64 2.42.10-8.fc40                  fedora   86 k
 geoclue2                  x86_64 2.7.2-2.fc40                    updates 164 k
 gettext                   x86_64 0.22.5-4.fc40                   updates 1.1 M
 gettext-envsubst          x86_64 0.22.5-4.fc40                   updates  38 k
 gettext-libs              x86_64 0.22.5-4.fc40                   updates 666 k
 gettext-runtime           x86_64 0.22.5-4.fc40                   updates 121 k
 giflib                    x86_64 5.2.2-6.fc40                    updates  52 k
 glib2-devel               x86_64 2.80.0-1.fc40                   fedora  1.5 M
 gobject-introspection     x86_64 1.80.1-1.fc40                   updates 111 k
 google-noto-fonts-common  noarch 20240301-2.fc40                 fedora   17 k
 google-noto-sans-vf-fonts noarch 20240301-2.fc40                 fedora  593 k
 gpgmepp                   x86_64 1.23.2-3.fc40                   fedora  139 k
 graphene                  x86_64 1.10.6-8.fc40                   fedora   61 k
 graphite2                 x86_64 1.3.14-15.fc40                  fedora   95 k
 graphite2-devel           x86_64 1.3.14-15.fc40                  fedora   21 k
 grub2-common              noarch 1:2.12-16.fc40                  updates 1.0 M
 grub2-tools               x86_64 1:2.12-16.fc40                  updates 1.8 M
 grub2-tools-minimal       x86_64 1:2.12-16.fc40                  updates 613 k
 gsettings-desktop-schemas x86_64 46.1-1.fc40                     updates 755 k
 gsm                       x86_64 1.0.22-6.fc40                   fedora   36 k
 gstreamer1                x86_64 1.24.11-1.fc40                  updates 1.6 M
 gstreamer1-plugins-base   x86_64 1.24.11-1.fc40                  updates 2.2 M
 gtk-update-icon-cache     x86_64 3.24.43-1.fc40                  updates  34 k
 gtk3                      x86_64 3.24.43-1.fc40                  updates 5.6 M
 harfbuzz                  x86_64 8.5.0-1.fc40                    updates 1.0 M
 harfbuzz-devel            x86_64 8.5.0-1.fc40                    updates 446 k
 harfbuzz-icu              x86_64 8.5.0-1.fc40                    updates  16 k
 hicolor-icon-theme        noarch 0.17-18.fc40                    fedora   66 k
 highway                   x86_64 1.2.0-2.fc40                    updates 652 k
 hwdata                    noarch 0.394-1.fc40                    updates 1.6 M
 iso-codes                 noarch 4.16.0-3.fc40                   fedora  3.5 M
 jbigkit-libs              x86_64 2.1-29.fc40                     fedora   53 k
 json-glib                 x86_64 1.8.0-3.fc40                    fedora  167 k
 lame-libs                 x86_64 3.100-17.fc40                   fedora  336 k
 lcms2                     x86_64 2.16-3.fc40                     fedora  180 k
 libX11                    x86_64 1.8.10-2.fc40                   updates 650 k
 libX11-common             noarch 1.8.10-2.fc40                   updates 176 k
 libX11-devel              x86_64 1.8.10-2.fc40                   updates 1.0 M
 libX11-xcb                x86_64 1.8.10-2.fc40                   updates  12 k
 libXau                    x86_64 1.0.11-6.fc40                   fedora   32 k
 libXau-devel              x86_64 1.0.11-6.fc40                   fedora   14 k
 libXcomposite             x86_64 0.4.6-3.fc40                    fedora   24 k
 libXcomposite-devel       x86_64 0.4.6-3.fc40                    fedora   16 k
 libXcursor                x86_64 1.2.1-7.fc40                    fedora   30 k
 libXcursor-devel          x86_64 1.2.1-7.fc40                    fedora   40 k
 libXdamage                x86_64 1.1.6-3.fc40                    fedora   23 k
 libXdamage-devel          x86_64 1.1.6-3.fc40                    fedora  9.5 k
 libXext                   x86_64 1.3.6-1.fc40                    fedora   39 k
 libXext-devel             x86_64 1.3.6-1.fc40                    fedora   86 k
 libXfixes                 x86_64 6.0.1-3.fc40                    fedora   19 k
 libXfixes-devel           x86_64 6.0.1-3.fc40                    fedora   13 k
 libXft                    x86_64 2.3.8-6.fc40                    fedora   72 k
 libXft-devel              x86_64 2.3.8-6.fc40                    fedora   50 k
 libXi                     x86_64 1.8.2-1.fc40                    updates  40 k
 libXi-devel               x86_64 1.8.2-1.fc40                    updates 116 k
 libXinerama               x86_64 1.1.5-6.fc40                    fedora   14 k
 libXinerama-devel         x86_64 1.1.5-6.fc40                    fedora   13 k
 libXrandr                 x86_64 1.5.4-3.fc40                    fedora   28 k
 libXrandr-devel           x86_64 1.5.4-3.fc40                    fedora   19 k
 libXrender                x86_64 0.9.11-6.fc40                   fedora   27 k
 libXrender-devel          x86_64 0.9.11-6.fc40                   fedora   19 k
 libXtst                   x86_64 1.2.5-1.fc40                    updates  20 k
 libXtst-devel             x86_64 1.2.5-1.fc40                    updates  16 k
 libXv                     x86_64 1.0.12-3.fc40                   fedora   18 k
 libXxf86vm                x86_64 1.1.5-6.fc40                    fedora   18 k
 libaom                    x86_64 3.12.0-1.fc40                   updates 1.8 M
 libasyncns                x86_64 0.8-28.fc40                     fedora   30 k
 libavif                   x86_64 1.0.4-3.fc40                    updates  91 k
 libblkid-devel            x86_64 2.40-0.9.rc1.fc40               fedora   18 k
 libcanberra               x86_64 0.30-35.fc40                    fedora   85 k
 libcloudproviders         x86_64 0.3.5-3.fc40                    fedora   46 k
 libcloudproviders-devel   x86_64 0.3.5-3.fc40                    fedora   49 k
 libcue                    x86_64 2.3.0-3.fc40                    fedora   35 k
 libdatrie                 x86_64 0.2.13-9.fc40                   fedora   32 k
 libdatrie-devel           x86_64 0.2.13-9.fc40                   fedora  153 k
 libdav1d                  x86_64 1.5.1-1.fc40                    updates 635 k
 libdrm                    x86_64 2.4.123-1.fc40                  updates 159 k
 libepoxy                  x86_64 1.5.10-6.fc40                   fedora  222 k
 libepoxy-devel            x86_64 1.5.10-6.fc40                   fedora  133 k
 libexif                   x86_64 0.6.24-7.fc40                   fedora  456 k
 libffi-devel              x86_64 3.4.4-7.fc40                    fedora   28 k
 libgexiv2                 x86_64 0.14.3-1.fc40                   updates 103 k
 libglvnd                  x86_64 1:1.7.0-4.fc40                  fedora  115 k
 libglvnd-core-devel       x86_64 1:1.7.0-4.fc40                  fedora   17 k
 libglvnd-devel            x86_64 1:1.7.0-4.fc40                  fedora  163 k
 libglvnd-egl              x86_64 1:1.7.0-4.fc40                  fedora   35 k
 libglvnd-gles             x86_64 1:1.7.0-4.fc40                  fedora   29 k
 libglvnd-glx              x86_64 1:1.7.0-4.fc40                  fedora  132 k
 libglvnd-opengl           x86_64 1:1.7.0-4.fc40                  fedora   38 k
 libgrss                   x86_64 0.7.0-19.fc40                   fedora   62 k
 libgsf                    x86_64 1.14.53-2.fc40                  updates 261 k
 libgudev                  x86_64 238-5.fc40                      fedora   35 k
 libgusb                   x86_64 0.4.9-1.fc40                    updates  65 k
 libgxps                   x86_64 0.3.2-8.fc40                    fedora   76 k
 libicu                    x86_64 74.2-1.fc40                     fedora   10 M
 libicu-devel              x86_64 74.2-1.fc40                     fedora  930 k
 libimobiledevice          x86_64 1.3.0^20230705git6fc41f5-4.fc40 fedora  138 k
 libimobiledevice-glue     x86_64 1.0.0-3.fc40                    fedora   36 k
 libiptcdata               x86_64 1.0.5-17.fc40                   fedora   60 k
 libjpeg-turbo             x86_64 3.0.2-1.fc40                    fedora  227 k
 libjpeg-turbo-devel       x86_64 3.0.2-1.fc40                    fedora   97 k
 libjxl                    x86_64 1:0.8.4-1.fc40                  updates 1.2 M
 libkcapi                  x86_64 1.5.0-4.fc40                    updates  46 k
 libkcapi-hasher           x86_64 1.5.0-4.fc40                    updates  26 k
 libkcapi-hmaccalc         x86_64 1.5.0-4.fc40                    updates 9.1 k
 liblc3                    x86_64 1.1.3-1.fc40                    updates 103 k
 libldac                   x86_64 2.0.2.3-15.fc40                 fedora   41 k
 liblerc                   x86_64 4.0.0-6.fc40                    fedora  210 k
 libmount-devel            x86_64 2.40-0.9.rc1.fc40               fedora   19 k
 libnotify                 x86_64 0.8.6-1.fc40                    updates  52 k
 libogg                    x86_64 2:1.3.5-8.fc40                  fedora   33 k
 libosinfo                 x86_64 1.11.0-5.fc40                   fedora  316 k
 libpciaccess              x86_64 0.16-12.fc40                    fedora   26 k
 libplist                  x86_64 2.3.0-4.fc40                    fedora   93 k
 libpng                    x86_64 2:1.6.40-3.fc40                 fedora  120 k
 libpng-devel              x86_64 2:1.6.40-3.fc40                 fedora  291 k
 libproxy                  x86_64 0.5.5-1.fc40                    updates  48 k
 librsvg2                  x86_64 2.57.1-7.fc40                   updates 1.5 M
 libsbc                    x86_64 2.0-4.fc40                      fedora   48 k
 libselinux-devel          x86_64 3.6-4.fc40                      fedora  151 k
 libsepol-devel            x86_64 3.6-3.fc40                      fedora   49 k
 libsndfile                x86_64 1.2.2-4.fc40                    updates 213 k
 libsoup                   x86_64 2.74.3-6.fc40                   fedora  397 k
 libsoup3                  x86_64 3.4.5-1.fc40                    updates 385 k
 libstemmer                x86_64 2.2.0-10.fc40                   fedora  139 k
 libtdb                    x86_64 1.4.10-1.fc40                   fedora   51 k
 libtextstyle              x86_64 0.22.5-4.fc40                   updates  88 k
 libthai                   x86_64 0.1.29-8.fc40                   fedora  214 k
 libthai-devel             x86_64 0.1.29-8.fc40                   fedora  144 k
 libtheora                 x86_64 1:1.1.1-36.fc40                 fedora  166 k
 libtiff                   x86_64 4.6.0-5.fc40.1                  updates 339 k
 libtiff-devel             x86_64 4.6.0-5.fc40.1                  updates 258 k
 libtracker-sparql         x86_64 3.7.3-1.fc40                    updates 371 k
 libunwind                 x86_64 1.8.0-3.fc40                    fedora   73 k
 libusbmuxd                x86_64 2.0.2^20230620git8d30a55-5.fc40 fedora   36 k
 libvisual                 x86_64 1:0.4.1-4.fc40                  fedora  151 k
 libvmaf                   x86_64 2.3.0-7.fc40                    fedora  180 k
 libvorbis                 x86_64 1:1.3.7-10.fc40                 fedora  187 k
 libwayland-client         x86_64 1.23.0-2.fc40                   updates  33 k
 libwayland-cursor         x86_64 1.23.0-2.fc40                   updates  19 k
 libwayland-egl            x86_64 1.23.0-2.fc40                   updates  13 k
 libwayland-server         x86_64 1.23.0-2.fc40                   updates  41 k
 libwebp                   x86_64 1.5.0-1.fc40                    updates 297 k
 libwebp-devel             x86_64 1.5.0-1.fc40                    updates  40 k
 libxcb                    x86_64 1.17.0-2.fc40                   updates 240 k
 libxcb-devel              x86_64 1.17.0-2.fc40                   updates 1.4 M
 libxkbcommon-devel        x86_64 1.6.0-2.fc40                    fedora   66 k
 libxml2-devel             x86_64 2.12.5-1.fc40                   fedora  525 k
 libxshmfence              x86_64 1.3.2-5.fc40                    updates  13 k
 libxslt                   x86_64 1.1.43-1.fc40                   updates 183 k
 libzstd-devel             x86_64 1.5.5-5.fc40                    fedora   51 k
 llvm-libs                 x86_64 18.1.8-4.fc40                   updates  28 M
 lm_sensors-libs           x86_64 3.6.0-18.fc40                   fedora   40 k
 mesa-filesystem           x86_64 24.1.7-1.fc40                   updates  21 k
 mesa-libEGL               x86_64 24.1.7-1.fc40                   updates 140 k
 mesa-libGL                x86_64 24.1.7-1.fc40                   updates 176 k
 mesa-libgbm               x86_64 24.1.7-1.fc40                   updates  48 k
 mesa-libglapi             x86_64 24.1.7-1.fc40                   updates  51 k
 mpg123-libs               x86_64 1.32.9-1.fc40                   updates 345 k
 nspr                      x86_64 4.36.0-6.fc40                   updates 137 k
 nss                       x86_64 3.110.0-2.fc40                  updates 711 k
 nss-softokn               x86_64 3.110.0-2.fc40                  updates 414 k
 nss-softokn-freebl        x86_64 3.110.0-2.fc40                  updates 333 k
 nss-sysinit               x86_64 3.110.0-2.fc40                  updates  19 k
 nss-util                  x86_64 3.110.0-2.fc40                  updates  89 k
 openjpeg2                 x86_64 2.5.3-1.fc40                    updates 189 k
 orc                       x86_64 0.4.39-1.fc40                   updates 223 k
 os-prober                 x86_64 1.81-6.fc40                     fedora   51 k
 osinfo-db                 noarch 20250124-1.fc40                 updates 476 k
 osinfo-db-tools           x86_64 1.11.0-5.fc40                   fedora   74 k
 pango                     x86_64 1.54.0-1.fc40                   updates 347 k
 pango-devel               x86_64 1.54.0-1.fc40                   updates 160 k
 pcre2-devel               x86_64 10.42-2.fc40.2                  fedora  505 k
 pcre2-utf16               x86_64 10.42-2.fc40.2                  fedora  216 k
 pcre2-utf32               x86_64 10.42-2.fc40.2                  fedora  203 k
 pipewire-libs             x86_64 1.0.9-2.fc40                    updates 1.8 M
 pixman                    x86_64 0.43.4-1.fc40                   updates 293 k
 pixman-devel              x86_64 0.43.4-1.fc40                   updates  17 k
 polkit                    x86_64 124-2.fc40                      fedora  157 k
 polkit-libs               x86_64 124-2.fc40                      fedora   67 k
 polkit-pkla-compat        x86_64 0.1-28.fc40                     fedora   44 k
 poppler                   x86_64 24.02.0-2.fc40                  fedora  1.2 M
 poppler-data              noarch 0.4.11-7.fc40                   fedora  2.0 M
 poppler-glib              x86_64 24.02.0-2.fc40                  fedora  190 k
 procps-ng                 x86_64 4.0.4-3.fc40                    fedora  367 k
 pulseaudio-libs           x86_64 16.1-8.fc40                     updates 693 k
 python3-packaging         noarch 23.2-4.fc40                     fedora  125 k
 rav1e-libs                x86_64 0.7.1-4.fc40                    updates 1.0 M
 rtkit                     x86_64 0.11-63.fc40                    fedora   55 k
 shared-mime-info          x86_64 2.3-5.fc40                      updates 390 k
 sound-theme-freedesktop   noarch 0.8-21.fc40                     fedora  383 k
 svt-av1-libs              x86_64 2.3.0-1.fc40                    updates 2.0 M
 sysprof-capture-devel     x86_64 46.0-1.fc40                     fedora   54 k
 totem-pl-parser           x86_64 3.26.6-9.fc40                   fedora  144 k
 tpm2-tss-fapi             x86_64 4.0.1-7.fc40                    fedora  317 k
 tracker                   x86_64 3.7.3-1.fc40                    updates 635 k
 uchardet                  x86_64 0.0.8-5.fc40                    fedora  106 k
 upower-libs               x86_64 1.90.9-1.fc40                   updates  57 k
 wayland-devel             x86_64 1.23.0-2.fc40                   updates 153 k
 webrtc-audio-processing   x86_64 1.3-1.fc40                      fedora  518 k
 wireplumber               x86_64 0.5.7-1.fc40                    updates 110 k
 wireplumber-libs          x86_64 0.5.7-1.fc40                    updates 386 k
 xdg-desktop-portal        x86_64 1.18.4-1.fc40                   updates 474 k
 xml-common                noarch 0.6.3-63.fc40                   fedora   31 k
 xorg-x11-proto-devel      noarch 2024.1-2.fc40                   updates 300 k
 xprop                     x86_64 1.2.7-1.fc40                    fedora   35 k
 xz-devel                  x86_64 1:5.4.6-3.fc40                  fedora   67 k
 zlib-ng-compat-devel      x86_64 2.1.6-2.fc40                    fedora   36 k
Installing weak dependencies:
 adobe-source-code-pro-fonts
                           noarch 2.042.1.062.1.026-4.fc40        fedora  806 k
 avif-pixbuf-loader        x86_64 1.0.4-3.fc40                    updates  17 k
 dconf                     x86_64 0.40.0-12.fc40                  fedora  109 k
 exiv2                     x86_64 0.27.6-7.fc40                   fedora  979 k
 glib-networking           x86_64 2.80.1-1.fc40                   updates 201 k
 grubby                    x86_64 8.40-75.fc40                    fedora   26 k
 jxl-pixbuf-loader         x86_64 1:0.8.4-1.fc40                  updates  60 k
 kpartx                    x86_64 0.9.7-7.fc40                    fedora   49 k
 libcanberra-gtk3          x86_64 0.30-35.fc40                    fedora   31 k
 low-memory-monitor        x86_64 2.1-10.fc40                     fedora   34 k
 memstrack                 x86_64 0.2.5-4.fc40                    fedora   49 k
 mesa-dri-drivers          x86_64 24.1.7-1.fc40                   updates  26 M
 mesa-va-drivers           x86_64 24.1.7-1.fc40                   updates 4.0 M
 pigz                      x86_64 2.8-4.fc40                      fedora   95 k
 pipewire                  x86_64 1.0.9-2.fc40                    updates 120 k
 pipewire-alsa             x86_64 1.0.9-2.fc40                    updates  54 k
 pipewire-pulseaudio       x86_64 1.0.9-2.fc40                    updates 195 k
 rsvg-pixbuf-loader        x86_64 2.57.1-7.fc40                   updates  16 k
 tpm2-tools                x86_64 5.7-1.fc40                      updates 810 k
 tracker-miners            x86_64 3.7.4-2.fc40                    updates 997 k
 upower                    x86_64 1.90.9-1.fc40                   updates 143 k
 usbmuxd                   x86_64 1.1.1^20230720git61b99ab-2.fc40 fedora   66 k
 webp-pixbuf-loader        x86_64 0.2.7-1.fc40                    fedora   20 k
 xdg-desktop-portal-gtk    x86_64 1.15.1-5.fc40                   fedora  143 k

Transaction Summary
================================================================================
Install  283 Packages

Total download size: 158 M
Installed size: 670 M
Downloading Packages:
(1/283): abattis-cantarell-vf-fonts-0.301-12.fc 314 kB/s | 120 kB     00:00    
(2/283): ModemManager-glib-1.22.0-3.fc40.x86_64 698 kB/s | 322 kB     00:00    
(3/283): at-spi2-atk-2.52.0-1.fc40.x86_64.rpm   1.0 MB/s |  86 kB     00:00    
(4/283): at-spi2-atk-devel-2.52.0-1.fc40.x86_64 107 kB/s |  11 kB     00:00    
(5/283): adobe-source-code-pro-fonts-2.042.1.06 1.3 MB/s | 806 kB     00:00    
(6/283): at-spi2-core-2.52.0-1.fc40.x86_64.rpm  2.3 MB/s | 373 kB     00:00    
(7/283): atk-2.52.0-1.fc40.x86_64.rpm           1.1 MB/s |  80 kB     00:00    
(8/283): atk-devel-2.52.0-1.fc40.x86_64.rpm     5.7 MB/s | 445 kB     00:00    
(9/283): at-spi2-core-devel-2.52.0-1.fc40.x86_6 2.1 MB/s | 323 kB     00:00    
(10/283): avahi-glib-0.8-26.fc40.x86_64.rpm     204 kB/s |  15 kB     00:00    
(11/283): brotli-1.1.0-3.fc40.x86_64.rpm        272 kB/s |  20 kB     00:00    
(12/283): avahi-libs-0.8-26.fc40.x86_64.rpm     755 kB/s |  67 kB     00:00    
(13/283): brotli-devel-1.1.0-3.fc40.x86_64.rpm  431 kB/s |  34 kB     00:00    
(14/283): cairo-1.18.0-3.fc40.x86_64.rpm        8.9 MB/s | 709 kB     00:00    
(15/283): bzip2-devel-1.0.8-18.fc40.x86_64.rpm  2.2 MB/s | 214 kB     00:00    
(16/283): cairo-devel-1.18.0-3.fc40.x86_64.rpm  2.5 MB/s | 193 kB     00:00    
(17/283): cairo-gobject-1.18.0-3.fc40.x86_64.rp 237 kB/s |  17 kB     00:00    
(18/283): cairo-gobject-devel-1.18.0-3.fc40.x86 140 kB/s |  11 kB     00:00    
(19/283): cdparanoia-libs-10.2-44.fc40.x86_64.r 734 kB/s |  54 kB     00:00    
(20/283): colord-libs-1.4.7-3.fc40.x86_64.rpm   3.0 MB/s | 234 kB     00:00    
(21/283): cpio-2.15-1.fc40.x86_64.rpm           3.8 MB/s | 292 kB     00:00    
(22/283): cpuinfo-23.2.14-3.giteb4a667.fc40.2.x 509 kB/s |  42 kB     00:00    
(23/283): dbus-devel-1.14.10-3.fc40.x86_64.rpm  541 kB/s |  40 kB     00:00    
(24/283): crypto-policies-scripts-20240201-2.gi 1.2 MB/s | 117 kB     00:00    
(25/283): dconf-0.40.0-12.fc40.x86_64.rpm       1.3 MB/s | 109 kB     00:00    
(26/283): exempi-2.6.4-5.fc40.x86_64.rpm        7.5 MB/s | 581 kB     00:00    
(27/283): duktape-2.7.0-7.fc40.x86_64.rpm       1.8 MB/s | 170 kB     00:00    
(28/283): fdk-aac-free-2.0.0-13.fc40.x86_64.rpm 4.2 MB/s | 337 kB     00:00    
(29/283): exiv2-0.27.6-7.fc40.x86_64.rpm        6.3 MB/s | 979 kB     00:00    
(30/283): exiv2-libs-0.27.6-7.fc40.x86_64.rpm   4.8 MB/s | 755 kB     00:00    
(31/283): file-5.45-4.fc40.x86_64.rpm           668 kB/s |  49 kB     00:00    
(32/283): flac-libs-1.4.3-4.fc40.x86_64.rpm     3.4 MB/s | 262 kB     00:00    
(33/283): fonts-filesystem-2.0.5-14.fc40.noarch 109 kB/s | 8.2 kB     00:00    
(34/283): freetype-2.13.2-5.fc40.x86_64.rpm     5.3 MB/s | 410 kB     00:00    
(35/283): fuse-common-3.16.2-3.fc40.x86_64.rpm  118 kB/s | 8.7 kB     00:00    
(36/283): fuse3-3.16.2-3.fc40.x86_64.rpm        796 kB/s |  58 kB     00:00    
(37/283): freetype-devel-2.13.2-5.fc40.x86_64.r 6.2 MB/s | 951 kB     00:00    
(38/283): fuse3-libs-3.16.2-3.fc40.x86_64.rpm   1.2 MB/s |  93 kB     00:00    
(39/283): gdk-pixbuf2-2.42.10-8.fc40.x86_64.rpm 6.3 MB/s | 485 kB     00:00    
(40/283): gdk-pixbuf2-devel-2.42.10-8.fc40.x86_ 4.8 MB/s | 369 kB     00:00    
(41/283): gdk-pixbuf2-modules-2.42.10-8.fc40.x8 1.1 MB/s |  86 kB     00:00    
(42/283): google-noto-fonts-common-20240301-2.f 237 kB/s |  17 kB     00:00    
(43/283): google-noto-sans-vf-fonts-20240301-2. 7.7 MB/s | 593 kB     00:00    
(44/283): gpgmepp-1.23.2-3.fc40.x86_64.rpm      1.8 MB/s | 139 kB     00:00    
(45/283): graphene-1.10.6-8.fc40.x86_64.rpm     823 kB/s |  61 kB     00:00    
(46/283): glib2-devel-2.80.0-1.fc40.x86_64.rpm  6.7 MB/s | 1.5 MB     00:00    
(47/283): graphite2-1.3.14-15.fc40.x86_64.rpm   1.3 MB/s |  95 kB     00:00    
(48/283): graphite2-devel-1.3.14-15.fc40.x86_64 281 kB/s |  21 kB     00:00    
(49/283): gsm-1.0.22-6.fc40.x86_64.rpm          489 kB/s |  36 kB     00:00    
(50/283): grubby-8.40-75.fc40.x86_64.rpm        289 kB/s |  26 kB     00:00    
(51/283): hicolor-icon-theme-0.17-18.fc40.noarc 895 kB/s |  66 kB     00:00    
(52/283): jbigkit-libs-2.1-29.fc40.x86_64.rpm   723 kB/s |  53 kB     00:00    
(53/283): json-glib-1.8.0-3.fc40.x86_64.rpm     2.2 MB/s | 167 kB     00:00    
(54/283): kpartx-0.9.7-7.fc40.x86_64.rpm        668 kB/s |  49 kB     00:00    
(55/283): lame-libs-3.100-17.fc40.x86_64.rpm    4.4 MB/s | 336 kB     00:00    
(56/283): lcms2-2.16-3.fc40.x86_64.rpm          2.4 MB/s | 180 kB     00:00    
(57/283): libXau-1.0.11-6.fc40.x86_64.rpm       432 kB/s |  32 kB     00:00    
(58/283): libXau-devel-1.0.11-6.fc40.x86_64.rpm 187 kB/s |  14 kB     00:00    
(59/283): libXcomposite-0.4.6-3.fc40.x86_64.rpm 313 kB/s |  24 kB     00:00    
(60/283): iso-codes-4.16.0-3.fc40.noarch.rpm    9.6 MB/s | 3.5 MB     00:00    
(61/283): libXcomposite-devel-0.4.6-3.fc40.x86_ 217 kB/s |  16 kB     00:00    
(62/283): libXcursor-1.2.1-7.fc40.x86_64.rpm    409 kB/s |  30 kB     00:00    
(63/283): libXcursor-devel-1.2.1-7.fc40.x86_64. 544 kB/s |  40 kB     00:00    
(64/283): libXdamage-1.1.6-3.fc40.x86_64.rpm    320 kB/s |  23 kB     00:00    
(65/283): libXdamage-devel-1.1.6-3.fc40.x86_64. 122 kB/s | 9.5 kB     00:00    
(66/283): libXext-1.3.6-1.fc40.x86_64.rpm       532 kB/s |  39 kB     00:00    
(67/283): libXext-devel-1.3.6-1.fc40.x86_64.rpm 1.1 MB/s |  86 kB     00:00    
(68/283): libXfixes-6.0.1-3.fc40.x86_64.rpm     259 kB/s |  19 kB     00:00    
(69/283): libXfixes-devel-6.0.1-3.fc40.x86_64.r 171 kB/s |  13 kB     00:00    
(70/283): libXft-2.3.8-6.fc40.x86_64.rpm        988 kB/s |  72 kB     00:00    
(71/283): libXft-devel-2.3.8-6.fc40.x86_64.rpm  682 kB/s |  50 kB     00:00    
(72/283): libXinerama-1.1.5-6.fc40.x86_64.rpm   195 kB/s |  14 kB     00:00    
(73/283): libXinerama-devel-1.1.5-6.fc40.x86_64 179 kB/s |  13 kB     00:00    
(74/283): libXrandr-1.5.4-3.fc40.x86_64.rpm     374 kB/s |  28 kB     00:00    
(75/283): libXrandr-devel-1.5.4-3.fc40.x86_64.r 253 kB/s |  19 kB     00:00    
(76/283): libXrender-0.9.11-6.fc40.x86_64.rpm   373 kB/s |  27 kB     00:00    
(77/283): libXrender-devel-0.9.11-6.fc40.x86_64 258 kB/s |  19 kB     00:00    
(78/283): libXv-1.0.12-3.fc40.x86_64.rpm        254 kB/s |  18 kB     00:00    
(79/283): libXxf86vm-1.1.5-6.fc40.x86_64.rpm    242 kB/s |  18 kB     00:00    
(80/283): libasyncns-0.8-28.fc40.x86_64.rpm     404 kB/s |  30 kB     00:00    
(81/283): libblkid-devel-2.40-0.9.rc1.fc40.x86_ 246 kB/s |  18 kB     00:00    
(82/283): libcanberra-0.30-35.fc40.x86_64.rpm   1.1 MB/s |  85 kB     00:00    
(83/283): libcanberra-gtk3-0.30-35.fc40.x86_64. 412 kB/s |  31 kB     00:00    
(84/283): libcloudproviders-0.3.5-3.fc40.x86_64 636 kB/s |  46 kB     00:00    
(85/283): libcloudproviders-devel-0.3.5-3.fc40. 676 kB/s |  49 kB     00:00    
(86/283): libcue-2.3.0-3.fc40.x86_64.rpm        472 kB/s |  35 kB     00:00    
(87/283): libdatrie-0.2.13-9.fc40.x86_64.rpm    437 kB/s |  32 kB     00:00    
(88/283): libdatrie-devel-0.2.13-9.fc40.x86_64. 2.0 MB/s | 153 kB     00:00    
(89/283): libepoxy-1.5.10-6.fc40.x86_64.rpm     2.9 MB/s | 222 kB     00:00    
(90/283): libepoxy-devel-1.5.10-6.fc40.x86_64.r 1.8 MB/s | 133 kB     00:00    
(91/283): libexif-0.6.24-7.fc40.x86_64.rpm      5.9 MB/s | 456 kB     00:00    
(92/283): libglvnd-1.7.0-4.fc40.x86_64.rpm      1.5 MB/s | 115 kB     00:00    
(93/283): libffi-devel-3.4.4-7.fc40.x86_64.rpm  364 kB/s |  28 kB     00:00    
(94/283): libglvnd-core-devel-1.7.0-4.fc40.x86_ 238 kB/s |  17 kB     00:00    
(95/283): libglvnd-devel-1.7.0-4.fc40.x86_64.rp 2.2 MB/s | 163 kB     00:00    
(96/283): libglvnd-egl-1.7.0-4.fc40.x86_64.rpm  477 kB/s |  35 kB     00:00    
(97/283): libglvnd-gles-1.7.0-4.fc40.x86_64.rpm 396 kB/s |  29 kB     00:00    
(98/283): libglvnd-glx-1.7.0-4.fc40.x86_64.rpm  1.8 MB/s | 132 kB     00:00    
(99/283): libglvnd-opengl-1.7.0-4.fc40.x86_64.r 519 kB/s |  38 kB     00:00    
(100/283): libgrss-0.7.0-19.fc40.x86_64.rpm     842 kB/s |  62 kB     00:00    
(101/283): libgudev-238-5.fc40.x86_64.rpm       473 kB/s |  35 kB     00:00    
(102/283): libgxps-0.3.2-8.fc40.x86_64.rpm      1.0 MB/s |  76 kB     00:00    
(103/283): libimobiledevice-1.3.0^20230705git6f 1.8 MB/s | 138 kB     00:00    
(104/283): libicu-devel-74.2-1.fc40.x86_64.rpm  6.2 MB/s | 930 kB     00:00    
(105/283): libimobiledevice-glue-1.0.0-3.fc40.x 497 kB/s |  36 kB     00:00    
(106/283): libiptcdata-1.0.5-17.fc40.x86_64.rpm 825 kB/s |  60 kB     00:00    
(107/283): libjpeg-turbo-3.0.2-1.fc40.x86_64.rp 3.0 MB/s | 227 kB     00:00    
(108/283): libjpeg-turbo-devel-3.0.2-1.fc40.x86 1.3 MB/s |  97 kB     00:00    
(109/283): libldac-2.0.2.3-15.fc40.x86_64.rpm   567 kB/s |  41 kB     00:00    
(110/283): liblerc-4.0.0-6.fc40.x86_64.rpm      2.7 MB/s | 210 kB     00:00    
(111/283): libmount-devel-2.40-0.9.rc1.fc40.x86 251 kB/s |  19 kB     00:00    
(112/283): libogg-1.3.5-8.fc40.x86_64.rpm       450 kB/s |  33 kB     00:00    
(113/283): libosinfo-1.11.0-5.fc40.x86_64.rpm   4.1 MB/s | 316 kB     00:00    
(114/283): libpciaccess-0.16-12.fc40.x86_64.rpm 359 kB/s |  26 kB     00:00    
(115/283): libplist-2.3.0-4.fc40.x86_64.rpm     1.2 MB/s |  93 kB     00:00    
(116/283): libpng-1.6.40-3.fc40.x86_64.rpm      1.6 MB/s | 120 kB     00:00    
(117/283): libpng-devel-1.6.40-3.fc40.x86_64.rp 3.8 MB/s | 291 kB     00:00    
(118/283): libsbc-2.0-4.fc40.x86_64.rpm         660 kB/s |  48 kB     00:00    
(119/283): libselinux-devel-3.6-4.fc40.x86_64.r 1.9 MB/s | 151 kB     00:00    
(120/283): libsepol-devel-3.6-3.fc40.x86_64.rpm 664 kB/s |  49 kB     00:00    
(121/283): libsoup-2.74.3-6.fc40.x86_64.rpm     5.2 MB/s | 397 kB     00:00    
(122/283): libstemmer-2.2.0-10.fc40.x86_64.rpm  1.8 MB/s | 139 kB     00:00    
(123/283): libtdb-1.4.10-1.fc40.x86_64.rpm      692 kB/s |  51 kB     00:00    
(124/283): libicu-74.2-1.fc40.x86_64.rpm         11 MB/s |  10 MB     00:00    
(125/283): libthai-0.1.29-8.fc40.x86_64.rpm     2.8 MB/s | 214 kB     00:00    
(126/283): libthai-devel-0.1.29-8.fc40.x86_64.r 1.9 MB/s | 144 kB     00:00    
(127/283): libtheora-1.1.1-36.fc40.x86_64.rpm   2.2 MB/s | 166 kB     00:00    
(128/283): libunwind-1.8.0-3.fc40.x86_64.rpm    990 kB/s |  73 kB     00:00    
(129/283): libusbmuxd-2.0.2^20230620git8d30a55- 491 kB/s |  36 kB     00:00    
(130/283): libvisual-0.4.1-4.fc40.x86_64.rpm    2.0 MB/s | 151 kB     00:00    
(131/283): libvmaf-2.3.0-7.fc40.x86_64.rpm      2.4 MB/s | 180 kB     00:00    
(132/283): libvorbis-1.3.7-10.fc40.x86_64.rpm   2.5 MB/s | 187 kB     00:00    
(133/283): libxkbcommon-devel-1.6.0-2.fc40.x86_ 898 kB/s |  66 kB     00:00    
(134/283): libzstd-devel-1.5.5-5.fc40.x86_64.rp 693 kB/s |  51 kB     00:00    
(135/283): libxml2-devel-2.12.5-1.fc40.x86_64.r 4.7 MB/s | 525 kB     00:00    
(136/283): lm_sensors-libs-3.6.0-18.fc40.x86_64 551 kB/s |  40 kB     00:00    
(137/283): low-memory-monitor-2.1-10.fc40.x86_6 471 kB/s |  34 kB     00:00    
(138/283): memstrack-0.2.5-4.fc40.x86_64.rpm    669 kB/s |  49 kB     00:00    
(139/283): osinfo-db-tools-1.11.0-5.fc40.x86_64 1.0 MB/s |  74 kB     00:00    
(140/283): os-prober-1.81-6.fc40.x86_64.rpm     489 kB/s |  51 kB     00:00    
(141/283): pcre2-devel-10.42-2.fc40.2.x86_64.rp 6.5 MB/s | 505 kB     00:00    
(142/283): pcre2-utf16-10.42-2.fc40.2.x86_64.rp 2.8 MB/s | 216 kB     00:00    
(143/283): pcre2-utf32-10.42-2.fc40.2.x86_64.rp 2.7 MB/s | 203 kB     00:00    
(144/283): pigz-2.8-4.fc40.x86_64.rpm           1.3 MB/s |  95 kB     00:00    
(145/283): polkit-124-2.fc40.x86_64.rpm         2.1 MB/s | 157 kB     00:00    
(146/283): polkit-libs-124-2.fc40.x86_64.rpm    916 kB/s |  67 kB     00:00    
(147/283): polkit-pkla-compat-0.1-28.fc40.x86_6 372 kB/s |  44 kB     00:00    
(148/283): poppler-24.02.0-2.fc40.x86_64.rpm    8.0 MB/s | 1.2 MB     00:00    
(149/283): poppler-glib-24.02.0-2.fc40.x86_64.r 2.5 MB/s | 190 kB     00:00    
(150/283): procps-ng-4.0.4-3.fc40.x86_64.rpm    4.8 MB/s | 367 kB     00:00    
(151/283): python3-packaging-23.2-4.fc40.noarch 1.6 MB/s | 125 kB     00:00    
(152/283): poppler-data-0.4.11-7.fc40.noarch.rp 9.1 MB/s | 2.0 MB     00:00    
(153/283): rtkit-0.11-63.fc40.x86_64.rpm        740 kB/s |  55 kB     00:00    
(154/283): sound-theme-freedesktop-0.8-21.fc40. 4.9 MB/s | 383 kB     00:00    
(155/283): sysprof-capture-devel-46.0-1.fc40.x8 729 kB/s |  54 kB     00:00    
(156/283): totem-pl-parser-3.26.6-9.fc40.x86_64 1.9 MB/s | 144 kB     00:00    
(157/283): tpm2-tss-fapi-4.0.1-7.fc40.x86_64.rp 4.1 MB/s | 317 kB     00:00    
(158/283): uchardet-0.0.8-5.fc40.x86_64.rpm     1.4 MB/s | 106 kB     00:00    
(159/283): usbmuxd-1.1.1^20230720git61b99ab-2.f 893 kB/s |  66 kB     00:00    
(160/283): webp-pixbuf-loader-0.2.7-1.fc40.x86_ 276 kB/s |  20 kB     00:00    
(161/283): webrtc-audio-processing-1.3-1.fc40.x 6.7 MB/s | 518 kB     00:00    
(162/283): xdg-desktop-portal-gtk-1.15.1-5.fc40 1.9 MB/s | 143 kB     00:00    
(163/283): xml-common-0.6.3-63.fc40.noarch.rpm  421 kB/s |  31 kB     00:00    
(164/283): xprop-1.2.7-1.fc40.x86_64.rpm        476 kB/s |  35 kB     00:00    
(165/283): xz-devel-5.4.6-3.fc40.x86_64.rpm     911 kB/s |  67 kB     00:00    
(166/283): zlib-ng-compat-devel-2.1.6-2.fc40.x8 491 kB/s |  36 kB     00:00    
(167/283): adwaita-cursor-theme-46.2-2.fc40.noa 6.6 MB/s | 516 kB     00:00    
(168/283): adwaita-icon-theme-46.2-2.fc40.noarc 5.2 MB/s | 407 kB     00:00    
(169/283): NetworkManager-libnm-1.46.6-1.fc40.x  12 MB/s | 1.8 MB     00:00    
(170/283): avif-pixbuf-loader-1.0.4-3.fc40.x86_ 227 kB/s |  17 kB     00:00    
(171/283): bluez-libs-5.81-2.fc40.x86_64.rpm    1.1 MB/s |  83 kB     00:00    
(172/283): cups-filesystem-2.4.12-2.fc40.noarch 180 kB/s |  13 kB     00:00    
(173/283): cups-libs-2.4.12-2.fc40.x86_64.rpm   3.4 MB/s | 262 kB     00:00    
(174/283): default-fonts-core-sans-4.0-13.fc40. 401 kB/s |  31 kB     00:00    
(175/283): dracut-102-2.fc40.x86_64.rpm         4.4 MB/s | 466 kB     00:00    
(176/283): adwaita-icon-theme-legacy-46.2-1.fc4 8.3 MB/s | 2.5 MB     00:00    
(177/283): fontconfig-2.15.0-6.fc40.x86_64.rpm  3.5 MB/s | 270 kB     00:00    
(178/283): fontconfig-devel-2.15.0-6.fc40.x86_6 1.9 MB/s | 165 kB     00:00    
(179/283): fribidi-1.0.14-2.fc40.x86_64.rpm     1.0 MB/s |  92 kB     00:00    
(180/283): fribidi-devel-1.0.14-2.fc40.x86_64.r 367 kB/s |  29 kB     00:00    
(181/283): geoclue2-2.7.2-2.fc40.x86_64.rpm     2.2 MB/s | 164 kB     00:00    
(182/283): gettext-envsubst-0.22.5-4.fc40.x86_6 507 kB/s |  38 kB     00:00    
(183/283): gettext-libs-0.22.5-4.fc40.x86_64.rp 7.7 MB/s | 666 kB     00:00    
(184/283): gettext-0.22.5-4.fc40.x86_64.rpm     7.2 MB/s | 1.1 MB     00:00    
(185/283): gettext-runtime-0.22.5-4.fc40.x86_64 1.4 MB/s | 121 kB     00:00    
(186/283): giflib-5.2.2-6.fc40.x86_64.rpm       705 kB/s |  52 kB     00:00    
(187/283): glib-networking-2.80.1-1.fc40.x86_64 2.6 MB/s | 201 kB     00:00    
(188/283): gobject-introspection-1.80.1-1.fc40. 1.5 MB/s | 111 kB     00:00    
(189/283): grub2-tools-minimal-2.12-16.fc40.x86 7.7 MB/s | 613 kB     00:00    
(190/283): grub2-common-2.12-16.fc40.noarch.rpm 6.7 MB/s | 1.0 MB     00:00    
(191/283): gsettings-desktop-schemas-46.1-1.fc4 9.5 MB/s | 755 kB     00:00    
(192/283): grub2-tools-2.12-16.fc40.x86_64.rpm  8.2 MB/s | 1.8 MB     00:00    
(193/283): gstreamer1-1.24.11-1.fc40.x86_64.rpm  11 MB/s | 1.6 MB     00:00    
(194/283): gtk-update-icon-cache-3.24.43-1.fc40 464 kB/s |  34 kB     00:00    
(195/283): gstreamer1-plugins-base-1.24.11-1.fc 9.6 MB/s | 2.2 MB     00:00    
(196/283): harfbuzz-8.5.0-1.fc40.x86_64.rpm     6.8 MB/s | 1.0 MB     00:00    
(197/283): harfbuzz-devel-8.5.0-1.fc40.x86_64.r 4.8 MB/s | 446 kB     00:00    
(198/283): harfbuzz-icu-8.5.0-1.fc40.x86_64.rpm 217 kB/s |  16 kB     00:00    
(199/283): gtk3-3.24.43-1.fc40.x86_64.rpm        13 MB/s | 5.6 MB     00:00    
(200/283): gtk3-devel-3.24.43-1.fc40.x86_64.rpm 9.6 MB/s | 4.3 MB     00:00    
(201/283): highway-1.2.0-2.fc40.x86_64.rpm      7.4 MB/s | 652 kB     00:00    
(202/283): jxl-pixbuf-loader-0.8.4-1.fc40.x86_6 732 kB/s |  60 kB     00:00    
(203/283): libX11-1.8.10-2.fc40.x86_64.rpm      8.3 MB/s | 650 kB     00:00    
(204/283): hwdata-0.394-1.fc40.noarch.rpm       9.9 MB/s | 1.6 MB     00:00    
(205/283): libX11-common-1.8.10-2.fc40.noarch.r 2.0 MB/s | 176 kB     00:00    
(206/283): libX11-xcb-1.8.10-2.fc40.x86_64.rpm  132 kB/s |  12 kB     00:00    
(207/283): libXi-1.8.2-1.fc40.x86_64.rpm        540 kB/s |  40 kB     00:00    
(208/283): libX11-devel-1.8.10-2.fc40.x86_64.rp 6.7 MB/s | 1.0 MB     00:00    
(209/283): libXtst-1.2.5-1.fc40.x86_64.rpm      281 kB/s |  20 kB     00:00    
(210/283): libXi-devel-1.8.2-1.fc40.x86_64.rpm  1.4 MB/s | 116 kB     00:00    
(211/283): libXtst-devel-1.2.5-1.fc40.x86_64.rp 191 kB/s |  16 kB     00:00    
(212/283): libavif-1.0.4-3.fc40.x86_64.rpm      1.2 MB/s |  91 kB     00:00    
(213/283): libdav1d-1.5.1-1.fc40.x86_64.rpm     7.2 MB/s | 635 kB     00:00    
(214/283): libdrm-2.4.123-1.fc40.x86_64.rpm     2.1 MB/s | 159 kB     00:00    
(215/283): libaom-3.12.0-1.fc40.x86_64.rpm      8.3 MB/s | 1.8 MB     00:00    
(216/283): libgexiv2-0.14.3-1.fc40.x86_64.rpm   1.2 MB/s | 103 kB     00:00    
(217/283): libgsf-1.14.53-2.fc40.x86_64.rpm     3.1 MB/s | 261 kB     00:00    
(218/283): libgusb-0.4.9-1.fc40.x86_64.rpm      840 kB/s |  65 kB     00:00    
(219/283): libkcapi-1.5.0-4.fc40.x86_64.rpm     626 kB/s |  46 kB     00:00    
(220/283): libjxl-0.8.4-1.fc40.x86_64.rpm       7.6 MB/s | 1.2 MB     00:00    
(221/283): libkcapi-hasher-1.5.0-4.fc40.x86_64. 308 kB/s |  26 kB     00:00    
(222/283): libkcapi-hmaccalc-1.5.0-4.fc40.x86_6 108 kB/s | 9.1 kB     00:00    
(223/283): liblc3-1.1.3-1.fc40.x86_64.rpm       1.3 MB/s | 103 kB     00:00    
(224/283): libnotify-0.8.6-1.fc40.x86_64.rpm    691 kB/s |  52 kB     00:00    
(225/283): libproxy-0.5.5-1.fc40.x86_64.rpm     539 kB/s |  48 kB     00:00    
(226/283): libsndfile-1.2.2-4.fc40.x86_64.rpm   2.8 MB/s | 213 kB     00:00    
(227/283): libsoup3-3.4.5-1.fc40.x86_64.rpm     4.9 MB/s | 385 kB     00:00    
(228/283): libtextstyle-0.22.5-4.fc40.x86_64.rp 1.2 MB/s |  88 kB     00:00    
(229/283): librsvg2-2.57.1-7.fc40.x86_64.rpm    9.5 MB/s | 1.5 MB     00:00    
(230/283): libtiff-4.6.0-5.fc40.1.x86_64.rpm    3.7 MB/s | 339 kB     00:00    
(231/283): libtracker-sparql-3.7.3-1.fc40.x86_6 4.7 MB/s | 371 kB     00:00    
(232/283): libtiff-devel-4.6.0-5.fc40.1.x86_64. 2.9 MB/s | 258 kB     00:00    
(233/283): libwayland-client-1.23.0-2.fc40.x86_ 452 kB/s |  33 kB     00:00    
(234/283): libwayland-cursor-1.23.0-2.fc40.x86_ 260 kB/s |  19 kB     00:00    
(235/283): libwayland-egl-1.23.0-2.fc40.x86_64. 172 kB/s |  13 kB     00:00    
(236/283): libwayland-server-1.23.0-2.fc40.x86_ 559 kB/s |  41 kB     00:00    
(237/283): libwebp-devel-1.5.0-1.fc40.x86_64.rp 535 kB/s |  40 kB     00:00    
(238/283): libwebp-1.5.0-1.fc40.x86_64.rpm      3.7 MB/s | 297 kB     00:00    
(239/283): libxcb-1.17.0-2.fc40.x86_64.rpm      3.1 MB/s | 240 kB     00:00    
(240/283): libxshmfence-1.3.2-5.fc40.x86_64.rpm 183 kB/s |  13 kB     00:00    
(241/283): libxslt-1.1.43-1.fc40.x86_64.rpm     2.4 MB/s | 183 kB     00:00    
(242/283): libxcb-devel-1.17.0-2.fc40.x86_64.rp 9.6 MB/s | 1.4 MB     00:00    
(243/283): mesa-filesystem-24.1.7-1.fc40.x86_64 258 kB/s |  21 kB     00:00    
(244/283): mesa-libEGL-24.1.7-1.fc40.x86_64.rpm 1.6 MB/s | 140 kB     00:00    
(245/283): mesa-libGL-24.1.7-1.fc40.x86_64.rpm  2.2 MB/s | 176 kB     00:00    
(246/283): mesa-libgbm-24.1.7-1.fc40.x86_64.rpm 600 kB/s |  48 kB     00:00    
(247/283): mesa-libglapi-24.1.7-1.fc40.x86_64.r 691 kB/s |  51 kB     00:00    
(248/283): mesa-va-drivers-24.1.7-1.fc40.x86_64  11 MB/s | 4.0 MB     00:00    
(249/283): mpg123-libs-1.32.9-1.fc40.x86_64.rpm 4.5 MB/s | 345 kB     00:00    
(250/283): nspr-4.36.0-6.fc40.x86_64.rpm        1.8 MB/s | 137 kB     00:00    
(251/283): nss-3.110.0-2.fc40.x86_64.rpm        9.1 MB/s | 711 kB     00:00    
(252/283): nss-softokn-3.110.0-2.fc40.x86_64.rp 5.4 MB/s | 414 kB     00:00    
(253/283): nss-softokn-freebl-3.110.0-2.fc40.x8 4.4 MB/s | 333 kB     00:00    
(254/283): nss-sysinit-3.110.0-2.fc40.x86_64.rp 255 kB/s |  19 kB     00:00    
(255/283): nss-util-3.110.0-2.fc40.x86_64.rpm   1.2 MB/s |  89 kB     00:00    
(256/283): openjpeg2-2.5.3-1.fc40.x86_64.rpm    2.5 MB/s | 189 kB     00:00    
(257/283): orc-0.4.39-1.fc40.x86_64.rpm         2.9 MB/s | 223 kB     00:00    
(258/283): mesa-dri-drivers-24.1.7-1.fc40.x86_6  16 MB/s |  26 MB     00:01    
(259/283): osinfo-db-20250124-1.fc40.noarch.rpm 5.1 MB/s | 476 kB     00:00    
(260/283): pango-devel-1.54.0-1.fc40.x86_64.rpm 2.1 MB/s | 160 kB     00:00    
(261/283): pango-1.54.0-1.fc40.x86_64.rpm       4.2 MB/s | 347 kB     00:00    
(262/283): pipewire-1.0.9-2.fc40.x86_64.rpm     1.6 MB/s | 120 kB     00:00    
(263/283): pipewire-alsa-1.0.9-2.fc40.x86_64.rp 728 kB/s |  54 kB     00:00    
(264/283): pipewire-pulseaudio-1.0.9-2.fc40.x86 2.5 MB/s | 195 kB     00:00    
(265/283): pipewire-libs-1.0.9-2.fc40.x86_64.rp  12 MB/s | 1.8 MB     00:00    
(266/283): pixman-0.43.4-1.fc40.x86_64.rpm      3.6 MB/s | 293 kB     00:00    
(267/283): llvm-libs-18.1.8-4.fc40.x86_64.rpm    14 MB/s |  28 MB     00:02    
(268/283): pixman-devel-0.43.4-1.fc40.x86_64.rp 176 kB/s |  17 kB     00:00    
(269/283): rsvg-pixbuf-loader-2.57.1-7.fc40.x86 213 kB/s |  16 kB     00:00    
(270/283): rav1e-libs-0.7.1-4.fc40.x86_64.rpm    13 MB/s | 1.0 MB     00:00    
(271/283): shared-mime-info-2.3-5.fc40.x86_64.r 5.0 MB/s | 390 kB     00:00    
(272/283): svt-av1-libs-2.3.0-1.fc40.x86_64.rpm  13 MB/s | 2.0 MB     00:00    
(273/283): tpm2-tools-5.7-1.fc40.x86_64.rpm     6.8 MB/s | 810 kB     00:00    
(274/283): tracker-3.7.3-1.fc40.x86_64.rpm      8.2 MB/s | 635 kB     00:00    
(275/283): tracker-miners-3.7.4-2.fc40.x86_64.r  12 MB/s | 997 kB     00:00    
(276/283): upower-1.90.9-1.fc40.x86_64.rpm      1.9 MB/s | 143 kB     00:00    
(277/283): upower-libs-1.90.9-1.fc40.x86_64.rpm 776 kB/s |  57 kB     00:00    
(278/283): wayland-devel-1.23.0-2.fc40.x86_64.r 1.7 MB/s | 153 kB     00:00    
(279/283): pulseaudio-libs-16.1-8.fc40.x86_64.r 1.1 MB/s | 693 kB     00:00    
(280/283): wireplumber-0.5.7-1.fc40.x86_64.rpm  1.3 MB/s | 110 kB     00:00    
(281/283): wireplumber-libs-0.5.7-1.fc40.x86_64 4.6 MB/s | 386 kB     00:00    
(282/283): xdg-desktop-portal-1.18.4-1.fc40.x86 5.8 MB/s | 474 kB     00:00    
(283/283): xorg-x11-proto-devel-2024.1-2.fc40.n 3.9 MB/s | 300 kB     00:00    
--------------------------------------------------------------------------------
Total                                            14 MB/s | 158 MB     00:11     
Running transaction check
Transaction check succeeded.
Running transaction test
Transaction test succeeded.
Running transaction
  Preparing        :                                                        1/1 
  Installing       : xorg-x11-proto-devel-2024.1-2.fc40.noarch            1/283 
  Installing       : libpng-2:1.6.40-3.fc40.x86_64                        2/283 
  Installing       : zlib-ng-compat-devel-2.1.6-2.fc40.x86_64             3/283 
  Installing       : libjpeg-turbo-3.0.2-1.fc40.x86_64                    4/283 
  Installing       : avahi-libs-0.8-26.fc40.x86_64                        5/283 
  Installing       : nspr-4.36.0-6.fc40.x86_64                            6/283 
  Installing       : json-glib-1.8.0-3.fc40.x86_64                        7/283 
  Installing       : libwayland-client-1.23.0-2.fc40.x86_64               8/283 
  Installing       : libX11-xcb-1.8.10-2.fc40.x86_64                      9/283 
  Installing       : libplist-2.3.0-4.fc40.x86_64                        10/283 
  Installing       : libogg-2:1.3.5-8.fc40.x86_64                        11/283 
  Installing       : libglvnd-1:1.7.0-4.fc40.x86_64                      12/283 
  Installing       : libvorbis-1:1.3.7-10.fc40.x86_64                    13/283 
  Installing       : nss-util-3.110.0-2.fc40.x86_64                      14/283 
  Installing       : libpng-devel-2:1.6.40-3.fc40.x86_64                 15/283 
  Installing       : libwebp-1.5.0-1.fc40.x86_64                         16/283 
  Installing       : libicu-74.2-1.fc40.x86_64                           17/283 
  Installing       : fonts-filesystem-1:2.0.5-14.fc40.noarch             18/283 
  Installing       : libimobiledevice-glue-1.0.0-3.fc40.x86_64           19/283 
  Installing       : libwayland-cursor-1.23.0-2.fc40.x86_64              20/283 
  Installing       : avahi-glib-0.8-26.fc40.x86_64                       21/283 
  Installing       : shared-mime-info-2.3-5.fc40.x86_64                  22/283 
  Running scriptlet: shared-mime-info-2.3-5.fc40.x86_64                  22/283 
  Installing       : gdk-pixbuf2-2.42.10-8.fc40.x86_64                   23/283 
  Installing       : libxshmfence-1.3.2-5.fc40.x86_64                    24/283 
  Installing       : libwayland-server-1.23.0-2.fc40.x86_64              25/283 
  Installing       : libwayland-egl-1.23.0-2.fc40.x86_64                 26/283 
  Installing       : hwdata-0.394-1.fc40.noarch                          27/283 
  Installing       : fribidi-1.0.14-2.fc40.x86_64                        28/283 
  Running scriptlet: xml-common-0.6.3-63.fc40.noarch                     29/283 
  Installing       : xml-common-0.6.3-63.fc40.noarch                     29/283 
  Installing       : polkit-libs-124-2.fc40.x86_64                       30/283 
  Installing       : libepoxy-1.5.10-6.fc40.x86_64                       31/283 
  Installing       : lcms2-2.16-3.fc40.x86_64                            32/283 
  Installing       : fuse3-libs-3.16.2-3.fc40.x86_64                     33/283 
  Installing       : dbus-devel-1:1.14.10-3.fc40.x86_64                  34/283 
  Installing       : fribidi-devel-1.0.14-2.fc40.x86_64                  35/283 
  Installing       : abattis-cantarell-vf-fonts-0.301-12.fc40.noarch     36/283 
  Installing       : libjpeg-turbo-devel-3.0.2-1.fc40.x86_64             37/283 
  Installing       : pixman-0.43.4-1.fc40.x86_64                         38/283 
  Installing       : pixman-devel-0.43.4-1.fc40.x86_64                   39/283 
  Installing       : mesa-filesystem-24.1.7-1.fc40.x86_64                40/283 
  Installing       : llvm-libs-18.1.8-4.fc40.x86_64                      41/283 
  Installing       : libtextstyle-0.22.5-4.fc40.x86_64                   42/283 
  Installing       : gettext-libs-0.22.5-4.fc40.x86_64                   43/283 
  Installing       : grub2-common-1:2.12-16.fc40.noarch                  44/283 
  Installing       : libtdb-1.4.10-1.fc40.x86_64                         45/283 
  Installing       : libgudev-238-5.fc40.x86_64                          46/283 
  Installing       : libffi-devel-3.4.4-7.fc40.x86_64                    47/283 
  Installing       : libdatrie-0.2.13-9.fc40.x86_64                      48/283 
  Installing       : libthai-0.1.29-8.fc40.x86_64                        49/283 
  Installing       : libcloudproviders-0.3.5-3.fc40.x86_64               50/283 
  Installing       : libXau-1.0.11-6.fc40.x86_64                         51/283 
  Installing       : libxcb-1.17.0-2.fc40.x86_64                         52/283 
  Installing       : graphite2-1.3.14-15.fc40.x86_64                     53/283 
  Installing       : duktape-2.7.0-7.fc40.x86_64                         54/283 
  Running scriptlet: polkit-124-2.fc40.x86_64                            55/283 
  Installing       : polkit-124-2.fc40.x86_64                            55/283 
  Running scriptlet: polkit-124-2.fc40.x86_64                            55/283 
  Installing       : polkit-pkla-compat-0.1-28.fc40.x86_64               56/283 
  Running scriptlet: rtkit-0.11-63.fc40.x86_64                           57/283 
  Installing       : rtkit-0.11-63.fc40.x86_64                           57/283 
  Running scriptlet: rtkit-0.11-63.fc40.x86_64                           57/283 
Created symlink /etc/systemd/system/graphical.target.wants/rtkit-daemon.service → /usr/lib/systemd/system/rtkit-daemon.service.

  Installing       : libproxy-0.5.5-1.fc40.x86_64                        58/283 
  Installing       : graphite2-devel-1.3.14-15.fc40.x86_64               59/283 
  Installing       : libXau-devel-1.0.11-6.fc40.x86_64                   60/283 
  Installing       : libxcb-devel-1.17.0-2.fc40.x86_64                   61/283 
  Installing       : libcloudproviders-devel-0.3.5-3.fc40.x86_64         62/283 
  Installing       : libdatrie-devel-0.2.13-9.fc40.x86_64                63/283 
  Installing       : libthai-devel-0.1.29-8.fc40.x86_64                  64/283 
  Installing       : wayland-devel-1.23.0-2.fc40.x86_64                  65/283 
  Installing       : iso-codes-4.16.0-3.fc40.noarch                      66/283 
  Installing       : libpciaccess-0.16-12.fc40.x86_64                    67/283 
  Installing       : libdrm-2.4.123-1.fc40.x86_64                        68/283 
  Installing       : mesa-va-drivers-24.1.7-1.fc40.x86_64                69/283 
  Installing       : osinfo-db-20250124-1.fc40.noarch                    70/283 
  Installing       : webp-pixbuf-loader-0.2.7-1.fc40.x86_64              71/283 
  Installing       : gtk-update-icon-cache-3.24.43-1.fc40.x86_64         72/283 
  Installing       : libgsf-1.14.53-2.fc40.x86_64                        73/283 
  Installing       : libnotify-0.8.6-1.fc40.x86_64                       74/283 
  Installing       : libusbmuxd-2.0.2^20230620git8d30a55-5.fc40.x86_6    75/283 
  Running scriptlet: usbmuxd-1.1.1^20230720git61b99ab-2.fc40.x86_64      76/283 
  Installing       : usbmuxd-1.1.1^20230720git61b99ab-2.fc40.x86_64      76/283 
  Running scriptlet: usbmuxd-1.1.1^20230720git61b99ab-2.fc40.x86_64      76/283 
  Installing       : libimobiledevice-1.3.0^20230705git6fc41f5-4.fc40    77/283 
  Installing       : adobe-source-code-pro-fonts-2.042.1.062.1.026-4.    78/283 
  Installing       : gsettings-desktop-schemas-46.1-1.fc40.x86_64        79/283 
  Installing       : glib-networking-2.80.1-1.fc40.x86_64                80/283 
  Installing       : libsoup3-3.4.5-1.fc40.x86_64                        81/283 
  Installing       : osinfo-db-tools-1.11.0-5.fc40.x86_64                82/283 
  Installing       : libsoup-2.74.3-6.fc40.x86_64                        83/283 
  Installing       : libgrss-0.7.0-19.fc40.x86_64                        84/283 
  Installing       : libicu-devel-74.2-1.fc40.x86_64                     85/283 
  Installing       : libwebp-devel-1.5.0-1.fc40.x86_64                   86/283 
  Installing       : nss-softokn-freebl-3.110.0-2.fc40.x86_64            87/283 
  Installing       : nss-softokn-3.110.0-2.fc40.x86_64                   88/283 
  Installing       : libglvnd-opengl-1:1.7.0-4.fc40.x86_64               89/283 
  Installing       : flac-libs-1.4.3-4.fc40.x86_64                       90/283 
  Installing       : libtheora-1:1.1.1-36.fc40.x86_64                    91/283 
  Installing       : libgusb-0.4.9-1.fc40.x86_64                         92/283 
  Installing       : colord-libs-1.4.7-3.fc40.x86_64                     93/283 
  Installing       : exiv2-libs-0.27.6-7.fc40.x86_64                     94/283 
  Installing       : exiv2-0.27.6-7.fc40.x86_64                          95/283 
  Installing       : libgexiv2-0.14.3-1.fc40.x86_64                      96/283 
  Installing       : rav1e-libs-0.7.1-4.fc40.x86_64                      97/283 
  Installing       : orc-0.4.39-1.fc40.x86_64                            98/283 
  Installing       : openjpeg2-2.5.3-1.fc40.x86_64                       99/283 
  Installing       : mpg123-libs-1.32.9-1.fc40.x86_64                   100/283 
  Installing       : libxslt-1.1.43-1.fc40.x86_64                       101/283 
  Installing       : libosinfo-1.11.0-5.fc40.x86_64                     102/283 
  Installing       : liblc3-1.1.3-1.fc40.x86_64                         103/283 
  Installing       : libkcapi-1.5.0-4.fc40.x86_64                       104/283 
  Installing       : libkcapi-hasher-1.5.0-4.fc40.x86_64                105/283 
  Installing       : libkcapi-hmaccalc-1.5.0-4.fc40.x86_64              106/283 
  Installing       : libdav1d-1.5.1-1.fc40.x86_64                       107/283 
  Installing       : libX11-common-1.8.10-2.fc40.noarch                 108/283 
  Installing       : libX11-1.8.10-2.fc40.x86_64                        109/283 
  Installing       : libX11-devel-1.8.10-2.fc40.x86_64                  110/283 
  Installing       : libXext-1.3.6-1.fc40.x86_64                        111/283 
  Installing       : libXext-devel-1.3.6-1.fc40.x86_64                  112/283 
  Installing       : libXrender-0.9.11-6.fc40.x86_64                    113/283 
  Installing       : libXrender-devel-0.9.11-6.fc40.x86_64              114/283 
  Installing       : libXi-1.8.2-1.fc40.x86_64                          115/283 
  Installing       : libXfixes-6.0.1-3.fc40.x86_64                      116/283 
  Installing       : libXfixes-devel-6.0.1-3.fc40.x86_64                117/283 
  Installing       : libXi-devel-1.8.2-1.fc40.x86_64                    118/283 
  Installing       : libXcursor-1.2.1-7.fc40.x86_64                     119/283 
  Installing       : libXdamage-1.1.6-3.fc40.x86_64                     120/283 
  Installing       : libXtst-1.2.5-1.fc40.x86_64                        121/283 
  Installing       : libXrandr-1.5.4-3.fc40.x86_64                      122/283 
  Installing       : libXinerama-1.1.5-6.fc40.x86_64                    123/283 
  Installing       : libXcomposite-0.4.6-3.fc40.x86_64                  124/283 
  Installing       : libXcomposite-devel-0.4.6-3.fc40.x86_64            125/283 
  Installing       : libXinerama-devel-1.1.5-6.fc40.x86_64              126/283 
  Installing       : libXrandr-devel-1.5.4-3.fc40.x86_64                127/283 
  Installing       : libXtst-devel-1.2.5-1.fc40.x86_64                  128/283 
  Installing       : libXdamage-devel-1.1.6-3.fc40.x86_64               129/283 
  Installing       : libXcursor-devel-1.2.1-7.fc40.x86_64               130/283 
  Installing       : libXv-1.0.12-3.fc40.x86_64                         131/283 
  Installing       : libXxf86vm-1.1.5-6.fc40.x86_64                     132/283 
  Installing       : xprop-1.2.7-1.fc40.x86_64                          133/283 
  Installing       : at-spi2-core-2.52.0-1.fc40.x86_64                  134/283 
  Installing       : atk-2.52.0-1.fc40.x86_64                           135/283 
  Installing       : at-spi2-atk-2.52.0-1.fc40.x86_64                   136/283 
  Installing       : highway-1.2.0-2.fc40.x86_64                        137/283 
  Installing       : libjxl-1:0.8.4-1.fc40.x86_64                       138/283 
  Installing       : jxl-pixbuf-loader-1:0.8.4-1.fc40.x86_64            139/283 
  Installing       : gobject-introspection-1.80.1-1.fc40.x86_64         140/283 
  Installing       : upower-libs-1.90.9-1.fc40.x86_64                   141/283 
  Installing       : upower-1.90.9-1.fc40.x86_64                        142/283 
  Running scriptlet: upower-1.90.9-1.fc40.x86_64                        142/283 
Created symlink /etc/systemd/system/graphical.target.wants/upower.service → /usr/lib/systemd/system/upower.service.

  Installing       : giflib-5.2.2-6.fc40.x86_64                         143/283 
  Installing       : gettext-envsubst-0.22.5-4.fc40.x86_64              144/283 
  Installing       : gettext-runtime-0.22.5-4.fc40.x86_64               145/283 
  Installing       : grub2-tools-minimal-1:2.12-16.fc40.x86_64          146/283 
  Installing       : os-prober-1.81-6.fc40.x86_64                       147/283 
  Installing       : gettext-0.22.5-4.fc40.x86_64                       148/283 
  Installing       : cups-filesystem-1:2.4.12-2.fc40.noarch             149/283 
  Installing       : cups-libs-1:2.4.12-2.fc40.x86_64                   150/283 
  Installing       : bluez-libs-5.81-2.fc40.x86_64                      151/283 
  Installing       : adwaita-icon-theme-legacy-46.2-1.fc40.noarch       152/283 
  Installing       : adwaita-cursor-theme-46.2-2.fc40.noarch            153/283 
  Installing       : adwaita-icon-theme-46.2-2.fc40.noarch              154/283 
  Installing       : NetworkManager-libnm-1:1.46.6-1.fc40.x86_64        155/283 
  Installing       : xz-devel-1:5.4.6-3.fc40.x86_64                     156/283 
  Installing       : libxml2-devel-2.12.5-1.fc40.x86_64                 157/283 
  Installing       : libxkbcommon-devel-1.6.0-2.fc40.x86_64             158/283 
  Installing       : webrtc-audio-processing-1.3-1.fc40.x86_64          159/283 
  Installing       : uchardet-0.0.8-5.fc40.x86_64                       160/283 
  Installing       : totem-pl-parser-3.26.6-9.fc40.x86_64               161/283 
  Installing       : tpm2-tss-fapi-4.0.1-7.fc40.x86_64                  162/283 
  Installing       : tpm2-tools-5.7-1.fc40.x86_64                       163/283 
  Installing       : sysprof-capture-devel-46.0-1.fc40.x86_64           164/283 
  Installing       : sound-theme-freedesktop-0.8-21.fc40.noarch         165/283 
  Running scriptlet: sound-theme-freedesktop-0.8-21.fc40.noarch         165/283 
  Installing       : python3-packaging-23.2-4.fc40.noarch               166/283 
  Installing       : procps-ng-4.0.4-3.fc40.x86_64                      167/283 
  Installing       : poppler-data-0.4.11-7.fc40.noarch                  168/283 
  Installing       : pigz-2.8-4.fc40.x86_64                             169/283 
  Installing       : pcre2-utf32-10.42-2.fc40.2.x86_64                  170/283 
  Installing       : pcre2-utf16-10.42-2.fc40.2.x86_64                  171/283 
  Installing       : pcre2-devel-10.42-2.fc40.2.x86_64                  172/283 
  Installing       : memstrack-0.2.5-4.fc40.x86_64                      173/283 
  Installing       : low-memory-monitor-2.1-10.fc40.x86_64              174/283 
  Running scriptlet: low-memory-monitor-2.1-10.fc40.x86_64              174/283 
  Installing       : lm_sensors-libs-3.6.0-18.fc40.x86_64               175/283 
  Installing       : mesa-libglapi-24.1.7-1.fc40.x86_64                 176/283 
  Installing       : mesa-dri-drivers-24.1.7-1.fc40.x86_64              177/283 
  Installing       : mesa-libgbm-24.1.7-1.fc40.x86_64                   178/283 
  Installing       : libglvnd-egl-1:1.7.0-4.fc40.x86_64                 179/283 
  Installing       : mesa-libEGL-24.1.7-1.fc40.x86_64                   180/283 
  Installing       : libglvnd-gles-1:1.7.0-4.fc40.x86_64                181/283 
  Installing       : libglvnd-glx-1:1.7.0-4.fc40.x86_64                 182/283 
  Installing       : mesa-libGL-24.1.7-1.fc40.x86_64                    183/283 
  Installing       : libzstd-devel-1.5.5-5.fc40.x86_64                  184/283 
  Installing       : libvmaf-2.3.0-7.fc40.x86_64                        185/283 
  Installing       : libaom-3.12.0-1.fc40.x86_64                        186/283 
  Installing       : libvisual-1:0.4.1-4.fc40.x86_64                    187/283 
  Installing       : libunwind-1.8.0-3.fc40.x86_64                      188/283 
  Installing       : gstreamer1-1.24.11-1.fc40.x86_64                   189/283 
  Installing       : libstemmer-2.2.0-10.fc40.x86_64                    190/283 
  Installing       : libsepol-devel-3.6-3.fc40.x86_64                   191/283 
  Installing       : libselinux-devel-3.6-4.fc40.x86_64                 192/283 
  Installing       : libsbc-2.0-4.fc40.x86_64                           193/283 
  Installing       : liblerc-4.0.0-6.fc40.x86_64                        194/283 
  Installing       : libldac-2.0.2.3-15.fc40.x86_64                     195/283 
  Installing       : libiptcdata-1.0.5-17.fc40.x86_64                   196/283 
  Installing       : libglvnd-core-devel-1:1.7.0-4.fc40.x86_64          197/283 
  Installing       : libglvnd-devel-1:1.7.0-4.fc40.x86_64               198/283 
  Installing       : libepoxy-devel-1.5.10-6.fc40.x86_64                199/283 
  Installing       : libexif-0.6.24-7.fc40.x86_64                       200/283 
  Installing       : libcue-2.3.0-3.fc40.x86_64                         201/283 
  Installing       : libblkid-devel-2.40-0.9.rc1.fc40.x86_64            202/283 
  Installing       : libmount-devel-2.40-0.9.rc1.fc40.x86_64            203/283 
  Installing       : glib2-devel-2.80.0-1.fc40.x86_64                   204/283 
  Installing       : atk-devel-2.52.0-1.fc40.x86_64                     205/283 
  Installing       : at-spi2-core-devel-2.52.0-1.fc40.x86_64            206/283 
  Installing       : at-spi2-atk-devel-2.52.0-1.fc40.x86_64             207/283 
  Installing       : libasyncns-0.8-28.fc40.x86_64                      208/283 
  Installing       : lame-libs-3.100-17.fc40.x86_64                     209/283 
  Installing       : kpartx-0.9.7-7.fc40.x86_64                         210/283 
  Installing       : jbigkit-libs-2.1-29.fc40.x86_64                    211/283 
  Installing       : libtiff-4.6.0-5.fc40.1.x86_64                      212/283 
  Installing       : libtiff-devel-4.6.0-5.fc40.1.x86_64                213/283 
  Installing       : gdk-pixbuf2-devel-2.42.10-8.fc40.x86_64            214/283 
  Installing       : hicolor-icon-theme-0.17-18.fc40.noarch             215/283 
  Installing       : gsm-1.0.22-6.fc40.x86_64                           216/283 
  Installing       : libsndfile-1.2.2-4.fc40.x86_64                     217/283 
  Installing       : pulseaudio-libs-16.1-8.fc40.x86_64                 218/283 
  Installing       : libcanberra-0.30-35.fc40.x86_64                    219/283 
  Running scriptlet: libcanberra-0.30-35.fc40.x86_64                    219/283 
  Installing       : graphene-1.10.6-8.fc40.x86_64                      220/283 
  Installing       : gpgmepp-1.23.2-3.fc40.x86_64                       221/283 
  Installing       : google-noto-fonts-common-20240301-2.fc40.noarch    222/283 
  Installing       : google-noto-sans-vf-fonts-20240301-2.fc40.noarch   223/283 
  Installing       : default-fonts-core-sans-4.0-13.fc40.noarch         224/283 
  Installing       : cairo-1.18.0-3.fc40.x86_64                         225/283 
  Installing       : harfbuzz-8.5.0-1.fc40.x86_64                       226/283 
  Installing       : freetype-2.13.2-5.fc40.x86_64                      227/283 
  Installing       : fontconfig-2.15.0-6.fc40.x86_64                    228/283 
  Running scriptlet: fontconfig-2.15.0-6.fc40.x86_64                    228/283 
  Installing       : cairo-gobject-1.18.0-3.fc40.x86_64                 229/283 
  Installing       : libXft-2.3.8-6.fc40.x86_64                         230/283 
  Installing       : pango-1.54.0-1.fc40.x86_64                         231/283 
  Installing       : librsvg2-2.57.1-7.fc40.x86_64                      232/283 
  Installing       : rsvg-pixbuf-loader-2.57.1-7.fc40.x86_64            233/283 
  Installing       : libgxps-0.3.2-8.fc40.x86_64                        234/283 
  Installing       : harfbuzz-icu-8.5.0-1.fc40.x86_64                   235/283 
  Installing       : fuse-common-3.16.2-3.fc40.x86_64                   236/283 
  Installing       : fuse3-3.16.2-3.fc40.x86_64                         237/283 
  Installing       : file-5.45-4.fc40.x86_64                            238/283 
  Installing       : fdk-aac-free-2.0.0-13.fc40.x86_64                  239/283 
  Running scriptlet: pipewire-1.0.9-2.fc40.x86_64                       240/283 
  Installing       : pipewire-1.0.9-2.fc40.x86_64                       240/283 
  Running scriptlet: pipewire-1.0.9-2.fc40.x86_64                       240/283 
Created symlink /etc/systemd/user/sockets.target.wants/pipewire.socket → /usr/lib/systemd/user/pipewire.socket.

  Installing       : pipewire-libs-1.0.9-2.fc40.x86_64                  241/283 
  Installing       : wireplumber-0.5.7-1.fc40.x86_64                    242/283 
  Installing       : wireplumber-libs-0.5.7-1.fc40.x86_64               243/283 
  Installing       : exempi-2.6.4-5.fc40.x86_64                         244/283 
  Installing       : dconf-0.40.0-12.fc40.x86_64                        245/283 
  Running scriptlet: dconf-0.40.0-12.fc40.x86_64                        245/283 
  Installing       : cpuinfo-23.2.14-3.giteb4a667.fc40.2.x86_64         246/283 
  Installing       : svt-av1-libs-2.3.0-1.fc40.x86_64                   247/283 
  Installing       : libavif-1.0.4-3.fc40.x86_64                        248/283 
  Installing       : avif-pixbuf-loader-1.0.4-3.fc40.x86_64             249/283 
  Installing       : gdk-pixbuf2-modules-2.42.10-8.fc40.x86_64          250/283 
  Installing       : cpio-2.15-1.fc40.x86_64                            251/283 
  Installing       : dracut-102-2.fc40.x86_64                           252/283 
  Running scriptlet: grub2-tools-1:2.12-16.fc40.x86_64                  253/283 
  Installing       : grub2-tools-1:2.12-16.fc40.x86_64                  253/283 
  Running scriptlet: grub2-tools-1:2.12-16.fc40.x86_64                  253/283 
Created symlink /etc/systemd/user/timers.target.wants/grub-boot-success.timer → /usr/lib/systemd/user/grub-boot-success.timer.

  Installing       : grubby-8.40-75.fc40.x86_64                         254/283 
  Running scriptlet: grubby-8.40-75.fc40.x86_64                         254/283 
  Installing       : crypto-policies-scripts-20240201-2.git9f501f3.fc   255/283 
  Installing       : nss-sysinit-3.110.0-2.fc40.x86_64                  256/283 
  Installing       : nss-3.110.0-2.fc40.x86_64                          257/283 
  Running scriptlet: nss-3.110.0-2.fc40.x86_64                          257/283 
  Installing       : poppler-24.02.0-2.fc40.x86_64                      258/283 
  Installing       : poppler-glib-24.02.0-2.fc40.x86_64                 259/283 
  Installing       : cdparanoia-libs-10.2-44.fc40.x86_64                260/283 
  Installing       : gstreamer1-plugins-base-1.24.11-1.fc40.x86_64      261/283 
  Installing       : tracker-3.7.3-1.fc40.x86_64                        262/283 
  Running scriptlet: tracker-3.7.3-1.fc40.x86_64                        262/283 
  Installing       : libtracker-sparql-3.7.3-1.fc40.x86_64              263/283 
  Installing       : tracker-miners-3.7.4-2.fc40.x86_64                 264/283 
  Running scriptlet: tracker-miners-3.7.4-2.fc40.x86_64                 264/283 
  Installing       : bzip2-devel-1.0.8-18.fc40.x86_64                   265/283 
  Installing       : brotli-1.1.0-3.fc40.x86_64                         266/283 
  Installing       : brotli-devel-1.1.0-3.fc40.x86_64                   267/283 
  Installing       : freetype-devel-2.13.2-5.fc40.x86_64                268/283 
  Installing       : fontconfig-devel-2.15.0-6.fc40.x86_64              269/283 
  Installing       : cairo-devel-1.18.0-3.fc40.x86_64                   270/283 
  Installing       : harfbuzz-devel-8.5.0-1.fc40.x86_64                 271/283 
  Installing       : cairo-gobject-devel-1.18.0-3.fc40.x86_64           272/283 
  Installing       : libXft-devel-2.3.8-6.fc40.x86_64                   273/283 
  Installing       : pango-devel-1.54.0-1.fc40.x86_64                   274/283 
  Installing       : ModemManager-glib-1.22.0-3.fc40.x86_64             275/283 
  Running scriptlet: geoclue2-2.7.2-2.fc40.x86_64                       276/283 
  Installing       : geoclue2-2.7.2-2.fc40.x86_64                       276/283 
  Running scriptlet: geoclue2-2.7.2-2.fc40.x86_64                       276/283 
  Installing       : xdg-desktop-portal-1.18.4-1.fc40.x86_64            277/283 
  Running scriptlet: xdg-desktop-portal-1.18.4-1.fc40.x86_64            277/283 
  Installing       : libcanberra-gtk3-0.30-35.fc40.x86_64               278/283 
  Installing       : gtk3-3.24.43-1.fc40.x86_64                         279/283 
  Installing       : xdg-desktop-portal-gtk-1.15.1-5.fc40.x86_64        280/283 
  Running scriptlet: xdg-desktop-portal-gtk-1.15.1-5.fc40.x86_64        280/283 
  Installing       : gtk3-devel-3.24.43-1.fc40.x86_64                   281/283 
  Installing       : pipewire-alsa-1.0.9-2.fc40.x86_64                  282/283 
  Installing       : pipewire-pulseaudio-1.0.9-2.fc40.x86_64            283/283 
  Running scriptlet: pipewire-pulseaudio-1.0.9-2.fc40.x86_64            283/283 
Created symlink /etc/systemd/user/sockets.target.wants/pipewire-pulse.socket → /usr/lib/systemd/user/pipewire-pulse.socket.

  Running scriptlet: grub2-common-1:2.12-16.fc40.noarch                 283/283 
  Running scriptlet: fontconfig-2.15.0-6.fc40.x86_64                    283/283 
  Running scriptlet: wireplumber-0.5.7-1.fc40.x86_64                    283/283 
Created symlink /etc/systemd/user/pipewire-session-manager.service → /usr/lib/systemd/user/wireplumber.service.
Created symlink /etc/systemd/user/pipewire.service.wants/wireplumber.service → /usr/lib/systemd/user/wireplumber.service.

  Running scriptlet: dconf-0.40.0-12.fc40.x86_64                        283/283 
  Running scriptlet: crypto-policies-scripts-20240201-2.git9f501f3.fc   283/283 
  Running scriptlet: nss-3.110.0-2.fc40.x86_64                          283/283 
  Running scriptlet: pipewire-pulseaudio-1.0.9-2.fc40.x86_64            283/283 

Installed:
  ModemManager-glib-1.22.0-3.fc40.x86_64                                        
  NetworkManager-libnm-1:1.46.6-1.fc40.x86_64                                   
  abattis-cantarell-vf-fonts-0.301-12.fc40.noarch                               
  adobe-source-code-pro-fonts-2.042.1.062.1.026-4.fc40.noarch                   
  adwaita-cursor-theme-46.2-2.fc40.noarch                                       
  adwaita-icon-theme-46.2-2.fc40.noarch                                         
  adwaita-icon-theme-legacy-46.2-1.fc40.noarch                                  
  at-spi2-atk-2.52.0-1.fc40.x86_64                                              
  at-spi2-atk-devel-2.52.0-1.fc40.x86_64                                        
  at-spi2-core-2.52.0-1.fc40.x86_64                                             
  at-spi2-core-devel-2.52.0-1.fc40.x86_64                                       
  atk-2.52.0-1.fc40.x86_64                                                      
  atk-devel-2.52.0-1.fc40.x86_64                                                
  avahi-glib-0.8-26.fc40.x86_64                                                 
  avahi-libs-0.8-26.fc40.x86_64                                                 
  avif-pixbuf-loader-1.0.4-3.fc40.x86_64                                        
  bluez-libs-5.81-2.fc40.x86_64                                                 
  brotli-1.1.0-3.fc40.x86_64                                                    
  brotli-devel-1.1.0-3.fc40.x86_64                                              
  bzip2-devel-1.0.8-18.fc40.x86_64                                              
  cairo-1.18.0-3.fc40.x86_64                                                    
  cairo-devel-1.18.0-3.fc40.x86_64                                              
  cairo-gobject-1.18.0-3.fc40.x86_64                                            
  cairo-gobject-devel-1.18.0-3.fc40.x86_64                                      
  cdparanoia-libs-10.2-44.fc40.x86_64                                           
  colord-libs-1.4.7-3.fc40.x86_64                                               
  cpio-2.15-1.fc40.x86_64                                                       
  cpuinfo-23.2.14-3.giteb4a667.fc40.2.x86_64                                    
  crypto-policies-scripts-20240201-2.git9f501f3.fc40.noarch                     
  cups-filesystem-1:2.4.12-2.fc40.noarch                                        
  cups-libs-1:2.4.12-2.fc40.x86_64                                              
  dbus-devel-1:1.14.10-3.fc40.x86_64                                            
  dconf-0.40.0-12.fc40.x86_64                                                   
  default-fonts-core-sans-4.0-13.fc40.noarch                                    
  dracut-102-2.fc40.x86_64                                                      
  duktape-2.7.0-7.fc40.x86_64                                                   
  exempi-2.6.4-5.fc40.x86_64                                                    
  exiv2-0.27.6-7.fc40.x86_64                                                    
  exiv2-libs-0.27.6-7.fc40.x86_64                                               
  fdk-aac-free-2.0.0-13.fc40.x86_64                                             
  file-5.45-4.fc40.x86_64                                                       
  flac-libs-1.4.3-4.fc40.x86_64                                                 
  fontconfig-2.15.0-6.fc40.x86_64                                               
  fontconfig-devel-2.15.0-6.fc40.x86_64                                         
  fonts-filesystem-1:2.0.5-14.fc40.noarch                                       
  freetype-2.13.2-5.fc40.x86_64                                                 
  freetype-devel-2.13.2-5.fc40.x86_64                                           
  fribidi-1.0.14-2.fc40.x86_64                                                  
  fribidi-devel-1.0.14-2.fc40.x86_64                                            
  fuse-common-3.16.2-3.fc40.x86_64                                              
  fuse3-3.16.2-3.fc40.x86_64                                                    
  fuse3-libs-3.16.2-3.fc40.x86_64                                               
  gdk-pixbuf2-2.42.10-8.fc40.x86_64                                             
  gdk-pixbuf2-devel-2.42.10-8.fc40.x86_64                                       
  gdk-pixbuf2-modules-2.42.10-8.fc40.x86_64                                     
  geoclue2-2.7.2-2.fc40.x86_64                                                  
  gettext-0.22.5-4.fc40.x86_64                                                  
  gettext-envsubst-0.22.5-4.fc40.x86_64                                         
  gettext-libs-0.22.5-4.fc40.x86_64                                             
  gettext-runtime-0.22.5-4.fc40.x86_64                                          
  giflib-5.2.2-6.fc40.x86_64                                                    
  glib-networking-2.80.1-1.fc40.x86_64                                          
  glib2-devel-2.80.0-1.fc40.x86_64                                              
  gobject-introspection-1.80.1-1.fc40.x86_64                                    
  google-noto-fonts-common-20240301-2.fc40.noarch                               
  google-noto-sans-vf-fonts-20240301-2.fc40.noarch                              
  gpgmepp-1.23.2-3.fc40.x86_64                                                  
  graphene-1.10.6-8.fc40.x86_64                                                 
  graphite2-1.3.14-15.fc40.x86_64                                               
  graphite2-devel-1.3.14-15.fc40.x86_64                                         
  grub2-common-1:2.12-16.fc40.noarch                                            
  grub2-tools-1:2.12-16.fc40.x86_64                                             
  grub2-tools-minimal-1:2.12-16.fc40.x86_64                                     
  grubby-8.40-75.fc40.x86_64                                                    
  gsettings-desktop-schemas-46.1-1.fc40.x86_64                                  
  gsm-1.0.22-6.fc40.x86_64                                                      
  gstreamer1-1.24.11-1.fc40.x86_64                                              
  gstreamer1-plugins-base-1.24.11-1.fc40.x86_64                                 
  gtk-update-icon-cache-3.24.43-1.fc40.x86_64                                   
  gtk3-3.24.43-1.fc40.x86_64                                                    
  gtk3-devel-3.24.43-1.fc40.x86_64                                              
  harfbuzz-8.5.0-1.fc40.x86_64                                                  
  harfbuzz-devel-8.5.0-1.fc40.x86_64                                            
  harfbuzz-icu-8.5.0-1.fc40.x86_64                                              
  hicolor-icon-theme-0.17-18.fc40.noarch                                        
  highway-1.2.0-2.fc40.x86_64                                                   
  hwdata-0.394-1.fc40.noarch                                                    
  iso-codes-4.16.0-3.fc40.noarch                                                
  jbigkit-libs-2.1-29.fc40.x86_64                                               
  json-glib-1.8.0-3.fc40.x86_64                                                 
  jxl-pixbuf-loader-1:0.8.4-1.fc40.x86_64                                       
  kpartx-0.9.7-7.fc40.x86_64                                                    
  lame-libs-3.100-17.fc40.x86_64                                                
  lcms2-2.16-3.fc40.x86_64                                                      
  libX11-1.8.10-2.fc40.x86_64                                                   
  libX11-common-1.8.10-2.fc40.noarch                                            
  libX11-devel-1.8.10-2.fc40.x86_64                                             
  libX11-xcb-1.8.10-2.fc40.x86_64                                               
  libXau-1.0.11-6.fc40.x86_64                                                   
  libXau-devel-1.0.11-6.fc40.x86_64                                             
  libXcomposite-0.4.6-3.fc40.x86_64                                             
  libXcomposite-devel-0.4.6-3.fc40.x86_64                                       
  libXcursor-1.2.1-7.fc40.x86_64                                                
  libXcursor-devel-1.2.1-7.fc40.x86_64                                          
  libXdamage-1.1.6-3.fc40.x86_64                                                
  libXdamage-devel-1.1.6-3.fc40.x86_64                                          
  libXext-1.3.6-1.fc40.x86_64                                                   
  libXext-devel-1.3.6-1.fc40.x86_64                                             
  libXfixes-6.0.1-3.fc40.x86_64                                                 
  libXfixes-devel-6.0.1-3.fc40.x86_64                                           
  libXft-2.3.8-6.fc40.x86_64                                                    
  libXft-devel-2.3.8-6.fc40.x86_64                                              
  libXi-1.8.2-1.fc40.x86_64                                                     
  libXi-devel-1.8.2-1.fc40.x86_64                                               
  libXinerama-1.1.5-6.fc40.x86_64                                               
  libXinerama-devel-1.1.5-6.fc40.x86_64                                         
  libXrandr-1.5.4-3.fc40.x86_64                                                 
  libXrandr-devel-1.5.4-3.fc40.x86_64                                           
  libXrender-0.9.11-6.fc40.x86_64                                               
  libXrender-devel-0.9.11-6.fc40.x86_64                                         
  libXtst-1.2.5-1.fc40.x86_64                                                   
  libXtst-devel-1.2.5-1.fc40.x86_64                                             
  libXv-1.0.12-3.fc40.x86_64                                                    
  libXxf86vm-1.1.5-6.fc40.x86_64                                                
  libaom-3.12.0-1.fc40.x86_64                                                   
  libasyncns-0.8-28.fc40.x86_64                                                 
  libavif-1.0.4-3.fc40.x86_64                                                   
  libblkid-devel-2.40-0.9.rc1.fc40.x86_64                                       
  libcanberra-0.30-35.fc40.x86_64                                               
  libcanberra-gtk3-0.30-35.fc40.x86_64                                          
  libcloudproviders-0.3.5-3.fc40.x86_64                                         
  libcloudproviders-devel-0.3.5-3.fc40.x86_64                                   
  libcue-2.3.0-3.fc40.x86_64                                                    
  libdatrie-0.2.13-9.fc40.x86_64                                                
  libdatrie-devel-0.2.13-9.fc40.x86_64                                          
  libdav1d-1.5.1-1.fc40.x86_64                                                  
  libdrm-2.4.123-1.fc40.x86_64                                                  
  libepoxy-1.5.10-6.fc40.x86_64                                                 
  libepoxy-devel-1.5.10-6.fc40.x86_64                                           
  libexif-0.6.24-7.fc40.x86_64                                                  
  libffi-devel-3.4.4-7.fc40.x86_64                                              
  libgexiv2-0.14.3-1.fc40.x86_64                                                
  libglvnd-1:1.7.0-4.fc40.x86_64                                                
  libglvnd-core-devel-1:1.7.0-4.fc40.x86_64                                     
  libglvnd-devel-1:1.7.0-4.fc40.x86_64                                          
  libglvnd-egl-1:1.7.0-4.fc40.x86_64                                            
  libglvnd-gles-1:1.7.0-4.fc40.x86_64                                           
  libglvnd-glx-1:1.7.0-4.fc40.x86_64                                            
  libglvnd-opengl-1:1.7.0-4.fc40.x86_64                                         
  libgrss-0.7.0-19.fc40.x86_64                                                  
  libgsf-1.14.53-2.fc40.x86_64                                                  
  libgudev-238-5.fc40.x86_64                                                    
  libgusb-0.4.9-1.fc40.x86_64                                                   
  libgxps-0.3.2-8.fc40.x86_64                                                   
  libicu-74.2-1.fc40.x86_64                                                     
  libicu-devel-74.2-1.fc40.x86_64                                               
  libimobiledevice-1.3.0^20230705git6fc41f5-4.fc40.x86_64                       
  libimobiledevice-glue-1.0.0-3.fc40.x86_64                                     
  libiptcdata-1.0.5-17.fc40.x86_64                                              
  libjpeg-turbo-3.0.2-1.fc40.x86_64                                             
  libjpeg-turbo-devel-3.0.2-1.fc40.x86_64                                       
  libjxl-1:0.8.4-1.fc40.x86_64                                                  
  libkcapi-1.5.0-4.fc40.x86_64                                                  
  libkcapi-hasher-1.5.0-4.fc40.x86_64                                           
  libkcapi-hmaccalc-1.5.0-4.fc40.x86_64                                         
  liblc3-1.1.3-1.fc40.x86_64                                                    
  libldac-2.0.2.3-15.fc40.x86_64                                                
  liblerc-4.0.0-6.fc40.x86_64                                                   
  libmount-devel-2.40-0.9.rc1.fc40.x86_64                                       
  libnotify-0.8.6-1.fc40.x86_64                                                 
  libogg-2:1.3.5-8.fc40.x86_64                                                  
  libosinfo-1.11.0-5.fc40.x86_64                                                
  libpciaccess-0.16-12.fc40.x86_64                                              
  libplist-2.3.0-4.fc40.x86_64                                                  
  libpng-2:1.6.40-3.fc40.x86_64                                                 
  libpng-devel-2:1.6.40-3.fc40.x86_64                                           
  libproxy-0.5.5-1.fc40.x86_64                                                  
  librsvg2-2.57.1-7.fc40.x86_64                                                 
  libsbc-2.0-4.fc40.x86_64                                                      
  libselinux-devel-3.6-4.fc40.x86_64                                            
  libsepol-devel-3.6-3.fc40.x86_64                                              
  libsndfile-1.2.2-4.fc40.x86_64                                                
  libsoup-2.74.3-6.fc40.x86_64                                                  
  libsoup3-3.4.5-1.fc40.x86_64                                                  
  libstemmer-2.2.0-10.fc40.x86_64                                               
  libtdb-1.4.10-1.fc40.x86_64                                                   
  libtextstyle-0.22.5-4.fc40.x86_64                                             
  libthai-0.1.29-8.fc40.x86_64                                                  
  libthai-devel-0.1.29-8.fc40.x86_64                                            
  libtheora-1:1.1.1-36.fc40.x86_64                                              
  libtiff-4.6.0-5.fc40.1.x86_64                                                 
  libtiff-devel-4.6.0-5.fc40.1.x86_64                                           
  libtracker-sparql-3.7.3-1.fc40.x86_64                                         
  libunwind-1.8.0-3.fc40.x86_64                                                 
  libusbmuxd-2.0.2^20230620git8d30a55-5.fc40.x86_64                             
  libvisual-1:0.4.1-4.fc40.x86_64                                               
  libvmaf-2.3.0-7.fc40.x86_64                                                   
  libvorbis-1:1.3.7-10.fc40.x86_64                                              
  libwayland-client-1.23.0-2.fc40.x86_64                                        
  libwayland-cursor-1.23.0-2.fc40.x86_64                                        
  libwayland-egl-1.23.0-2.fc40.x86_64                                           
  libwayland-server-1.23.0-2.fc40.x86_64                                        
  libwebp-1.5.0-1.fc40.x86_64                                                   
  libwebp-devel-1.5.0-1.fc40.x86_64                                             
  libxcb-1.17.0-2.fc40.x86_64                                                   
  libxcb-devel-1.17.0-2.fc40.x86_64                                             
  libxkbcommon-devel-1.6.0-2.fc40.x86_64                                        
  libxml2-devel-2.12.5-1.fc40.x86_64                                            
  libxshmfence-1.3.2-5.fc40.x86_64                                              
  libxslt-1.1.43-1.fc40.x86_64                                                  
  libzstd-devel-1.5.5-5.fc40.x86_64                                             
  llvm-libs-18.1.8-4.fc40.x86_64                                                
  lm_sensors-libs-3.6.0-18.fc40.x86_64                                          
  low-memory-monitor-2.1-10.fc40.x86_64                                         
  memstrack-0.2.5-4.fc40.x86_64                                                 
  mesa-dri-drivers-24.1.7-1.fc40.x86_64                                         
  mesa-filesystem-24.1.7-1.fc40.x86_64                                          
  mesa-libEGL-24.1.7-1.fc40.x86_64                                              
  mesa-libGL-24.1.7-1.fc40.x86_64                                               
  mesa-libgbm-24.1.7-1.fc40.x86_64                                              
  mesa-libglapi-24.1.7-1.fc40.x86_64                                            
  mesa-va-drivers-24.1.7-1.fc40.x86_64                                          
  mpg123-libs-1.32.9-1.fc40.x86_64                                              
  nspr-4.36.0-6.fc40.x86_64                                                     
  nss-3.110.0-2.fc40.x86_64                                                     
  nss-softokn-3.110.0-2.fc40.x86_64                                             
  nss-softokn-freebl-3.110.0-2.fc40.x86_64                                      
  nss-sysinit-3.110.0-2.fc40.x86_64                                             
  nss-util-3.110.0-2.fc40.x86_64                                                
  openjpeg2-2.5.3-1.fc40.x86_64                                                 
  orc-0.4.39-1.fc40.x86_64                                                      
  os-prober-1.81-6.fc40.x86_64                                                  
  osinfo-db-20250124-1.fc40.noarch                                              
  osinfo-db-tools-1.11.0-5.fc40.x86_64                                          
  pango-1.54.0-1.fc40.x86_64                                                    
  pango-devel-1.54.0-1.fc40.x86_64                                              
  pcre2-devel-10.42-2.fc40.2.x86_64                                             
  pcre2-utf16-10.42-2.fc40.2.x86_64                                             
  pcre2-utf32-10.42-2.fc40.2.x86_64                                             
  pigz-2.8-4.fc40.x86_64                                                        
  pipewire-1.0.9-2.fc40.x86_64                                                  
  pipewire-alsa-1.0.9-2.fc40.x86_64                                             
  pipewire-libs-1.0.9-2.fc40.x86_64                                             
  pipewire-pulseaudio-1.0.9-2.fc40.x86_64                                       
  pixman-0.43.4-1.fc40.x86_64                                                   
  pixman-devel-0.43.4-1.fc40.x86_64                                             
  polkit-124-2.fc40.x86_64                                                      
  polkit-libs-124-2.fc40.x86_64                                                 
  polkit-pkla-compat-0.1-28.fc40.x86_64                                         
  poppler-24.02.0-2.fc40.x86_64                                                 
  poppler-data-0.4.11-7.fc40.noarch                                             
  poppler-glib-24.02.0-2.fc40.x86_64                                            
  procps-ng-4.0.4-3.fc40.x86_64                                                 
  pulseaudio-libs-16.1-8.fc40.x86_64                                            
  python3-packaging-23.2-4.fc40.noarch                                          
  rav1e-libs-0.7.1-4.fc40.x86_64                                                
  rsvg-pixbuf-loader-2.57.1-7.fc40.x86_64                                       
  rtkit-0.11-63.fc40.x86_64                                                     
  shared-mime-info-2.3-5.fc40.x86_64                                            
  sound-theme-freedesktop-0.8-21.fc40.noarch                                    
  svt-av1-libs-2.3.0-1.fc40.x86_64                                              
  sysprof-capture-devel-46.0-1.fc40.x86_64                                      
  totem-pl-parser-3.26.6-9.fc40.x86_64                                          
  tpm2-tools-5.7-1.fc40.x86_64                                                  
  tpm2-tss-fapi-4.0.1-7.fc40.x86_64                                             
  tracker-3.7.3-1.fc40.x86_64                                                   
  tracker-miners-3.7.4-2.fc40.x86_64                                            
  uchardet-0.0.8-5.fc40.x86_64                                                  
  upower-1.90.9-1.fc40.x86_64                                                   
  upower-libs-1.90.9-1.fc40.x86_64                                              
  usbmuxd-1.1.1^20230720git61b99ab-2.fc40.x86_64                                
  wayland-devel-1.23.0-2.fc40.x86_64                                            
  webp-pixbuf-loader-0.2.7-1.fc40.x86_64                                        
  webrtc-audio-processing-1.3-1.fc40.x86_64                                     
  wireplumber-0.5.7-1.fc40.x86_64                                               
  wireplumber-libs-0.5.7-1.fc40.x86_64                                          
  xdg-desktop-portal-1.18.4-1.fc40.x86_64                                       
  xdg-desktop-portal-gtk-1.15.1-5.fc40.x86_64                                   
  xml-common-0.6.3-63.fc40.noarch                                               
  xorg-x11-proto-devel-2024.1-2.fc40.noarch                                     
  xprop-1.2.7-1.fc40.x86_64                                                     
  xz-devel-1:5.4.6-3.fc40.x86_64                                                
  zlib-ng-compat-devel-2.1.6-2.fc40.x86_64                                      

Complete!
Note: Deploying gtkada=25.0.1...
#=#=#                                                                          
##O#-#                                                                         
##=O#- #                                                                       
# #=O#- #                                                                      
 # #=O#-  #                                                                    
  # #=O=#   #                                                                  
   # #=O=#   #                                                                 
    # -#O=-#   #                                                               
     # -#O=- #   #                                                             

ppa_gtkada=1.0.0 successfully retrieved.
Dependencies were solved as follows:

   +  gtkada     25.0.1  (new)
   +b libgtk3    3.24.43 (new,indirect,system package)
   +b make       4.4.1   (new,indirect,system package)
   +b pkg_config 2.1.1   (new,indirect,executable in path)
[alr test] Spawning default test for remote crate: alr -d -n build --release -- -cargs:Ada -gnatwn
Note: Running post-fetch actions for gtkada=25.0.1...
checking build system type... x86_64-pc-linux-gnu
checking host system type... x86_64-pc-linux-gnu
checking target system type... x86_64-pc-linux-gnu
checking for pkg-config... /usr/bin/pkg-config
checking pkg-config is at least version 0.9.0... yes
checking for gcc... gcc
checking whether the C compiler works... yes
checking for C compiler default output file name... a.out
checking for suffix of executables... 
checking whether we are cross compiling... no
checking for suffix of object files... o
checking whether we are using the GNU C compiler... yes
checking whether gcc accepts -g... yes
checking for gcc option to accept ISO C89... none needed
checking for gprbuild... /root/.local/share/alire/toolchains/gprbuild_25.0.1_9a2e6cfb/bin/gprbuild
checking for gprinstall... /root/.local/share/alire/toolchains/gprbuild_25.0.1_9a2e6cfb/bin/gprinstall
checking that your gnat compiler works with a simple example... yes
checking whether NLS is requested... yes
checking for gettext in libc... yes
checking for GTK... yes
checking for pkg-config... (cached) /usr/bin/pkg-config
checking pkg-config is at least version 0.16... yes
checking for GTK+ - version >= 3.24.24... yes (version 3.24.43)
checking for GMODULE... yes
checking for FONTCONFIG... yes
configure: creating ./config.status
config.status: creating Makefile
config.status: creating gtkada_shared.gpr
config.status: creating po/Makefile
config.status: creating docs/gtkada_rm/html/static/index.html
configure: --------- Summary for Gtkada 18.0w -----------------
configure:   Shared libraries:       yes (default: static)
configure: --------------------------------------------
gnatprep -DGETTEXT_INTL=False -DHAVE_GETTEXT=True src/gtkada-intl.gpb src/gtkada-intl.adb
Note: Building ppa_gtkada=1.0.0/Essai1a/essai1.gpr (1/16)...
Setup
   [mkdir]        object directory for project GtkAda
   [mkdir]        library directory for project GtkAda
Compile
   [Ada]          window1.adb
   [Ada]          glib-key_file.adb
   [Ada]          gtk-rc.adb
   [Ada]          gtkada-bindings.adb
   [Ada]          cairo-font_face.ads
   [Ada]          gdk-property.adb
   [Ada]          cairo-pdf.adb
   [Ada]          gtkada-canvas_view-rtrees.adb
   [Ada]          gdk-display_manager.adb
   [Ada]          glib-xml_int.ads
   [Ada]          gtkada-mdi.adb
   [Ada]          gtk-tree_model-utils.adb
   [Ada]          glib-properties-creation.adb
   [Ada]          cairo-svg.adb
   [Ada]          glib-module.adb
   [Ada]          glib-graphs.adb
   [Ada]          glib-generic_properties.adb
   [Ada]          gtkada-multi_paned.adb
   [Ada]          gtkada-canvas_view-views.adb
   [Ada]          pango.ads
   [Ada]          gtk-dnd.adb
   [Ada]          gtkada-canvas.adb
   [Ada]          gtkada-stock_labels.ads
   [Ada]          gtkada-canvas_view-objects.adb
   [Ada]          cairo-pattern.ads
   [Ada]          gtk-type_conversion.adb
   [Ada]          gtkada-canvas_view-astar.adb
   [Ada]          gtkada-abstract_list_model.adb
   [Ada]          gdk-color.adb
   [Ada]          gdk-pixbuf.adb
   [Ada]          gtkada-printing.adb
   [Ada]          glib-gnodes.adb
   [Ada]          gtk-bindings.adb
   [Ada]          glib-values.adb
   [Ada]          gtk-handlers.adb
   [Ada]          cairo-font_options.adb
   [Ada]          glib-xml.adb
   [Ada]          gdk-rectangle.adb
   [Ada]          cairo-image_surface.adb
   [Ada]          glib-object.adb
   [Ada]          gdk-dnd.adb
   [Ada]          gtkada-stock_icons.ads
   [Ada]          gtk-arguments.adb
   [Ada]          glib-unicode.adb
   [Ada]          gtkada-file_selection.adb
   [Ada]          gdk-visual.adb
   [Ada]          gtkada-canvas_view-models-layers.adb
   [Ada]          gtkada-pixmaps.ads
   [Ada]          glib-glist.adb
   [Ada]          glib-gslist.adb
   [Ada]          glib.adb
   [Ada]          cairo-png.adb
   [Ada]          gdk-types.ads
   [Ada]          gdk-input.ads
   [Ada]          cairo-region.adb
   [Ada]          glib-properties.adb
   [Ada]          gtk-marshallers.adb
   [Ada]          cairo-surface.adb
   [Ada]          gdk.ads
   [Ada]          gtkada-handlers.ads
   [Ada]          gdk-cairo.adb
   [Ada]          cairo-matrix.ads
   [Ada]          cairo-scaled_font.ads
   [Ada]          gdk-main.adb
   [Ada]          gtkada-builder.adb
   [Ada]          gtkada-dialogs.adb
   [Ada]          fontconfig.adb
   [Ada]          gtkada-multiline_entry.adb
   [Ada]          glib-types.adb
   [Ada]          gtkada.ads
   [Ada]          cairo.adb
   [Ada]          glib-graphs-layouts.adb
   [Ada]          gtk-text_child.adb
   [Ada]          gtkada-style.adb
   [Ada]          gtkada-abstract_tree_model.adb
   [Ada]          gtkada-application.adb
   [Ada]          gdk-window_attr.adb
   [Ada]          gtkada-intl.adb
   [Ada]          glib-messages.adb
   [Ada]          gdk-threads.ads
   [Ada]          glib-main.adb
   [Ada]          gtkada-c.adb
   [Ada]          glib-enums.ads
   [Ada]          gtkada-types.adb
   [Ada]          gtk.ads
   [Ada]          gtkada-canvas_view-models.adb
   [Ada]          glib-error.adb
   [Ada]          pango-cairo.adb
   [Ada]          glib-type_conversion_hooks.adb
   [Ada]          gdk-types-keysyms.ads
   [Ada]          gdk-keyval.adb
   [Ada]          glib-convert.adb
   [Ada]          gtkada-canvas_view-links.adb
   [Ada]          gtkada-canvas_view.adb
   [Ada]          glib-iochannel.adb
   [Ada]          glib-cancellable.adb
   [Ada]          gtk-button_box.adb
   [Ada]          gtk-cell_renderer_spin.adb
   [Ada]          gtk-scrollable.adb
   [Ada]          gtk-image.adb
   [Ada]          gtk-size_group.adb
   [Ada]          gtk-symbolic_color.adb
   [Ada]          gtk-icon_source.adb
   [Ada]          gtk-window.adb
   [Ada]          gtk-gesture_multi_press.adb
   [Ada]          gdk-device.adb
   [Ada]          glib-simple_action.adb
   [Ada]          gtk-accel_label.adb
   [Ada]          gtk-progress_bar.adb
   [Ada]          gtk-file_filter.adb
   [Ada]          gdk-rgba.adb
   [Ada]          gtk-tree_model_filter.adb
   [Ada]          gtk-actionable.adb
   [Ada]          gtk-calendar.adb
   [Ada]          gtk-action.adb
   [Ada]          gtk-tooltip.adb
   [Ada]          gtk-application_window.adb
   [Ada]          gtk-level_bar.adb
   [Ada]          gtk-viewport.adb
   [Ada]          glib-utils.adb
   [Ada]          gtk-color_chooser.adb
   [Ada]          gtk-tree_drag_dest.adb
   [Ada]          gtk-activatable.adb
   [Ada]          gtk-recent_chooser_menu.adb
   [Ada]          gtk-gesture_swipe.adb
   [Ada]          gtk-tree_view.adb
   [Ada]          gtk-text_iter.adb
   [Ada]          gtk-accel_group.adb
   [Ada]          gtk-hbutton_box.adb
   [Ada]          gtk-grange.adb
   [Ada]          glib-menu.adb
   [Ada]          gtk-about_dialog.adb
   [Ada]          gdk-frame_clock.adb
   [Ada]          gtk-radio_action.adb
   [Ada]          pango-font_face.adb
   [Ada]          gdk-frame_timings.adb
   [Ada]          gtk-print_context.adb
   [Ada]          gtk-misc.adb
   [Ada]          gtk-vbutton_box.adb
   [Ada]          gtk-volume_button.adb
   [Ada]          glib-action.adb
   [Ada]          gtk-icon_factory.adb
   [Ada]          gtk-hsv.adb
   [Ada]          gtk-theming_engine.adb
   [Ada]          gtk-grid.adb
   [Ada]          gtk-status_icon.adb
   [Ada]          gtk-tearoff_menu_item.adb
   [Ada]          gtk-radio_menu_item.adb
   [Ada]          pango-context.adb
   [Ada]          gtk-assistant.adb
   [Ada]          gtk-ui_manager.adb
   [Ada]          gtk-separator.adb
   [Ada]          gtk-page_setup.adb
   [Ada]          gtk-link_button.adb
   [Ada]          gtk-overlay.adb
   [Ada]          gtk-tool_button.adb
   [Ada]          gtk-text_buffer.adb
   [Ada]          gtk-switch.adb
   [Ada]          gtk-handle_box.adb
   [Ada]          gtk-check_menu_item.adb
   [Ada]          gtk-offscreen_window.adb
   [Ada]          gtk-scale.adb
   [Ada]          gtk-icon_set.adb
   [Ada]          gtk-font_chooser_dialog.adb
   [Ada]          gtk-cell_view.adb
   [Ada]          gdk-event.adb
   [Ada]          gdk-cursor.adb
   [Ada]          gtk-target_list.adb
   [Ada]          pango-attributes.adb
   [Ada]          gtk-scrollbar.adb
   [Ada]          gtk-gesture_long_press.adb
   [Ada]          gtk-action_group.adb
   [Ada]          gtk-toolbar.adb
   [Ada]          gdk-monitor.adb
   [Ada]          gtk-paned.adb
   [Ada]          gtk-im_context_simple.adb
   [Ada]          gtk-recent_action.adb
   [Ada]          gtk-print_operation_preview.adb
   [Ada]          gdk-device_manager.adb
   [Ada]          gtk-settings.adb
   [Ada]          gtk-aspect_frame.adb
   [Ada]          gtk-print_settings.adb
   [Ada]          gtk-tree_model.adb
   [Ada]          gtk-file_chooser_dialog.adb
   [Ada]          gtk-radio_tool_button.adb
   [Ada]          gtk-file_chooser_button.adb
   [Ada]          gtk-style.adb
   [Ada]          gtk-menu_button.adb
   [Ada]          gtk-style_properties.adb
   [Ada]          gtk-gesture_rotate.adb
   [Ada]          gtk-gesture_pan.adb
   [Ada]          gtk-notebook.adb
   [Ada]          gtk-tool_palette.adb
   [Ada]          glib-menu_model.adb
   [Ada]          gtk-font_chooser.adb
   [Ada]          gtk-recent_chooser_dialog.adb
   [Ada]          gtk-button.adb
   [Ada]          gtk-gentry.adb
   [Ada]          gtk-list_store.adb
   [Ada]          gtk-event_controller.adb
   [Ada]          gtk-layout.adb
   [Ada]          gtk-cell_renderer.adb
   [Ada]          gtk-orientable.adb
   [Ada]          gtk-color_selection.adb
   [Ada]          gdk-screen.adb
   [Ada]          gtk-message_dialog.adb
   [Ada]          gtk-widget.adb
   [Ada]          gtk-recent_manager.adb
   [Ada]          gtk-frame.adb
   [Ada]          gtk-recent_chooser.adb
   [Ada]          gtk-recent_info.adb
   [Ada]          glib-action_map.adb
   [Ada]          gtk-text_tag_table.adb
   [Ada]          gdk-drawing_context.adb
   [Ada]          gtk-bin.adb
   [Ada]          gtk-cell_layout.adb
   [Ada]          gtk-recent_filter.adb
   [Ada]          pango-enums.adb
   [Ada]          gtk-font_chooser_widget.adb
   [Ada]          gtk-text_mark.adb
   [Ada]          gdk-window.adb
   [Ada]          pango-coverage.adb
   [Ada]          gtk-css_provider.adb
   [Ada]          gtk-icon_theme.adb
   [Ada]          gdk-drag_contexts.adb
   [Ada]          gdk-glcontext.adb
   [Ada]          gtk-cell_renderer_toggle.adb
   [Ada]          gtk-expander.adb
   [Ada]          pango-font_family.adb
   [Ada]          gtk-font_selection.adb
   [Ada]          gtk-print_operation.adb
   [Ada]          gtk-table.adb
   [Ada]          gtk-fixed.adb
   [Ada]          gtk-menu_shell.adb
   [Ada]          gtk-tree_selection.adb
   [Ada]          gtk-color_selection_dialog.adb
   [Ada]          glib-notification.adb
   [Ada]          gdk-device_tool.adb
   [Ada]          gtk-tool_item.adb
   [Ada]          gtk-dialog.adb
   [Ada]          pango-font_metrics.adb
   [Ada]          gtk-font_selection_dialog.adb
   [Ada]          gtk-menu_tool_button.adb
   [Ada]          gtk-cell_renderer_spinner.adb
   [Ada]          gtk-binding_set.adb
   [Ada]          glib-simple_action_group.adb
   [Ada]          gtk-separator_tool_item.adb
   [Ada]          gtk-event_box.adb
   [Ada]          gtk-color_chooser_dialog.adb
   [Ada]          gtk-text_attributes.adb
   [Ada]          gtk-spin_button.adb
   [Ada]          gtk-cell_area_context.adb
   [Ada]          gtk-glarea.adb
   [Ada]          gtk-toggle_tool_button.adb
   [Ada]          gtk-entry_completion.adb
   [Ada]          gtk-tool_item_group.adb
   [Ada]          gtk-drawing_area.adb
   [Ada]          gtk-radio_button.adb
   [Ada]          glib-application.adb
   [Ada]          gtk-paper_size.adb
   [Ada]          gtk-color_chooser_widget.adb
   [Ada]          gtk-search_bar.adb
   [Ada]          pango-matrix.adb
   [Ada]          gtk-stack.adb
   [Ada]          gtk-accel_map.adb
   [Ada]          gtk-toggle_button.adb
   [Ada]          gtk-clipboard.adb
   [Ada]          gtk-cell_area.adb
   [Ada]          gtk-style_context.adb
   [Ada]          pango-font.adb
   [Ada]          gtk-file_chooser_widget.adb
   [Ada]          gtk-recent_chooser_widget.adb
   [Ada]          gtk-list_box.adb
   [Ada]          gtk-flow_box.adb
   [Ada]          gtk-css_section.adb
   [Ada]          gtk-cell_editable.adb
   [Ada]          gtk-info_bar.adb
   [Ada]          gtk-combo_box.adb
   [Ada]          gtk-image_menu_item.adb
   [Ada]          gtk-text_tag.adb
   [Ada]          gtk-gradient.adb
   [Ada]          glib-list_model.adb
   [Ada]          gtk-main.adb
   [Ada]          gtk-search_entry.adb
   [Ada]          gtk-cell_renderer_combo.adb
   [Ada]          gtk-buildable.adb
   [Ada]          gtk-menu_item.adb
   [Ada]          gtk-shortcuts_window.adb
   [Ada]          gtk-font_button.adb
   [Ada]          gtk-enums.adb
   [Ada]          gtk-text_view.adb
   [Ada]          glib-variant.adb
gtk-enums.adb:38:04: warning: possible aliasing problem for type "Chars_Ptr" [enabled by default]
gtk-enums.adb:38:04: warning: use -fno-strict-aliasing switch for references [enabled by default]
gtk-enums.adb:38:04: warning: or use "pragma No_Strict_Aliasing (Chars_Ptr);" [enabled by default]
   [Ada]          gtk-action_bar.adb
   [Ada]          gdk-seat.adb
   [Ada]          gtk-cell_renderer_accel.adb
   [Ada]          gtk-arrow.adb
   [Ada]          gtk-alignment.adb
   [Ada]          gtk-gesture_drag.adb
   [Ada]          gtk-gesture_single.adb
   [Ada]          gtk-cell_renderer_progress.adb
   [Ada]          gtk-header_bar.adb
   [Ada]          gtk-tree_view_column.adb
   [Ada]          glib-g_icon.adb
   [Ada]          gtk-cell_area_box.adb
   [Ada]          gtk-gesture_zoom.adb
   [Ada]          gtk-editable.adb
   [Ada]          gtk-invisible.adb
   [Ada]          pango-fontset.adb
   [Ada]          gtk-tree_model_sort.adb
   [Ada]          gtk-check_button.adb
   [Ada]          gtk-cell_renderer_pixbuf.adb
   [Ada]          gtk-tree_drag_source.adb
   [Ada]          gtk-scrolled_window.adb
   [Ada]          gtk-text_child_anchor.adb
   [Ada]          glib-spawn.adb
   [Ada]          gtk-revealer.adb
   [Ada]          pango-language.adb
   [Ada]          gtk-tree_row_reference.adb
   [Ada]          gtk-tree_sortable.adb
   [Ada]          gtk-adjustment.adb
   [Ada]          gdk-display.adb
   [Ada]          gtk-gesture.adb
   [Ada]          gtk-separator_menu_item.adb
   [Ada]          gtk-stack_switcher.adb
   [Ada]          gtk-im_context.adb
   [Ada]          gtk-tree_store.adb
   [Ada]          gtk-scale_button.adb
   [Ada]          gtk-entry_buffer.adb
   [Ada]          glib-string.adb
   [Ada]          pango-font_map.adb
   [Ada]          gtk-status_bar.adb
   [Ada]          gtk-application.adb
   [Ada]          pango-layout.adb
   [Ada]          gtk-file_chooser.adb
   [Ada]          gtk-box.adb
   [Ada]          glib-option.adb
   [Ada]          gtk-builder.adb
   [Ada]          gtk-menu.adb
   [Ada]          glib-poll.adb
   [Ada]          gtk-container.adb
   [Ada]          gtk-combo_box_text.adb
   [Ada]          gtk-spinner.adb
   [Ada]          gtk-toggle_action.adb
   [Ada]          gtk-popover.adb
   [Ada]          gtk-color_button.adb
   [Ada]          gtk-stock.adb
   [Ada]          gtk-target_entry.adb
   [Ada]          gtk-tool_shell.adb
   [Ada]          pango-tabs.adb
   [Ada]          gtk-selection_data.adb
   [Ada]          gtk-menu_bar.adb
   [Ada]          gtk-label.adb
   [Ada]          gtk-icon_view.adb
   [Ada]          gtk-flow_box_child.adb
   [Ada]          gtk-list_box_row.adb
   [Ada]          gtk-style_provider.adb
   [Ada]          gtk-im_multi_context.adb
   [Ada]          glib-action_group.adb
   [Ada]          gtk-cell_renderer_text.adb
   [C]            misc.c
   [C]            misc_generated.c
   [Ada]          window1_pkg.adb
/root/.local/share/alire/builds/gtkada_25.0.1_d3787772/8ba8e2781413e8a4400b4f378cd30565016a7b5929b7a80eece549321cc58bbe/src/misc.c: In function 'ada_g_module_build_path':
/root/.local/share/alire/builds/gtkada_25.0.1_d3787772/8ba8e2781413e8a4400b4f378cd30565016a7b5929b7a80eece549321cc58bbe/src/misc.c:161:3: warning: 'g_module_build_path' is deprecated [-Wdeprecated-declarations]
  161 |   return g_module_build_path (directory, module_name);
      |   ^~~~~~
In file included from /usr/include/glib-2.0/gio/giomodule.h:31,
                 from /usr/include/glib-2.0/gio/gio.h:102,
                 from /usr/include/gtk-3.0/gdk/gdkapplaunchcontext.h:28,
                 from /usr/include/gtk-3.0/gdk/gdk.h:32,
                 from /root/.local/share/alire/builds/gtkada_25.0.1_d3787772/8ba8e2781413e8a4400b4f378cd30565016a7b5929b7a80eece549321cc58bbe/src/misc.c:38:
/usr/include/glib-2.0/gmodule.h:142:23: note: declared here
  142 | gchar*                g_module_build_path    (const gchar  *directory,
      |                       ^~~~~~~~~~~~~~~~~~~
   [Ada]          callbacks_essai1.ads
   [Ada]          essai1_intl.adb
   [Ada]          window1_pkg-callbacks.adb
Build Libraries
   [gprlib]       gtkada.lexch
   [archive]      libgtkada.a
   [index]        libgtkada.a
Bind
   [gprbind]      window1.bexch
   [Ada]          window1.ali
Link
   [link]         window1.adb
Note: Building ppa_gtkada=1.0.0/Essai1b/essai1.gpr (2/16)...
Compile
   [Ada]          window1.adb
   [Ada]          window1_pkg.adb
   [Ada]          callbacks_essai1.ads
   [Ada]          essai1_intl.adb
   [Ada]          window1_pkg-callbacks.adb
Bind
   [gprbind]      window1.bexch
   [Ada]          window1.ali
Link
   [link]         window1.adb
Note: Building ppa_gtkada=1.0.0/Essai1c/essai1.gpr (3/16)...
Compile
   [Ada]          essai1.adb
   [Ada]          window1_callbacks.adb
Bind
   [gprbind]      essai1.bexch
   [Ada]          essai1.ali
Link
   [link]         essai1.adb
Note: Building ppa_gtkada=1.0.0/Essai1d/essai1.gpr (4/16)...
Compile
   [Ada]          essai1.adb
   [Ada]          window1_callbacks.adb
Bind
   [gprbind]      essai1.bexch
   [Ada]          essai1.ali
Link
   [link]         essai1.adb
Note: Building ppa_gtkada=1.0.0/Essai1e/essai1.gpr (5/16)...
Compile
   [Ada]          essai1.adb
   [Ada]          window1_callbacks.adb
Bind
   [gprbind]      essai1.bexch
   [Ada]          essai1.ali
Link
   [link]         essai1.adb
Note: Building ppa_gtkada=1.0.0/Essai2a/essai2.gpr (6/16)...
Setup
   [mkdir]        object directory for project Essai2
Compile
   [Ada]          main.adb
   [Ada]          window1_callbacks.adb
Bind
   [gprbind]      main.bexch
   [Ada]          main.ali
Link
   [link]         main.adb
Note: Building ppa_gtkada=1.0.0/Essai2b/essai2.gpr (7/16)...
Compile
   [Ada]          essai2.adb
   [Ada]          window1_callbacks.adb
Bind
   [gprbind]      essai2.bexch
   [Ada]          essai2.ali
Link
   [link]         essai2.adb
Note: Building ppa_gtkada=1.0.0/Essai2c/essai2.gpr (8/16)...
Compile
   [Ada]          essai2.adb
   [Ada]          window1_callbacks.adb
Bind
   [gprbind]      essai2.bexch
   [Ada]          essai2.ali
Link
   [link]         essai2.adb
Note: Building ppa_gtkada=1.0.0/Essai2d/essai2.gpr (9/16)...
Compile
   [Ada]          essai2.adb
   [Ada]          window1_callbacks.adb
Bind
   [gprbind]      essai2.bexch
   [Ada]          essai2.ali
Link
   [link]         essai2.adb
Note: Building ppa_gtkada=1.0.0/Hello_Cairo/hello_cairo.gpr (10/16)...
Compile
   [Ada]          hello_cairo.adb
   [Ada]          hello_callback.adb
Bind
   [gprbind]      hello_cairo.bexch
   [Ada]          hello_cairo.ali
Link
   [link]         hello_cairo.adb
Note: Building ppa_gtkada=1.0.0/Hello/hello.gpr (11/16)...
Compile
   [Ada]          hello.adb
   [Ada]          hello_callback.adb
Bind
   [gprbind]      hello.bexch
   [Ada]          hello.ali
Link
   [link]         hello.adb
Note: Building ppa_gtkada=1.0.0/Hello2/hello2.gpr (12/16)...
Setup
   [mkdir]        object directory for project Hello2
Compile
   [Ada]          hello2.adb
Bind
   [gprbind]      hello2.bexch
   [Ada]          hello2.ali
Link
   [link]         hello2.adb
Note: Building ppa_gtkada=1.0.0/Hello3/hello3.gpr (13/16)...
Compile
   [Ada]          hello3.adb
   [Ada]          hello_callback.adb
   [Ada]          restore_gps_startup_values.adb
Bind
   [gprbind]      hello3.bexch
   [Ada]          hello3.ali
Link
   [link]         hello3.adb
Note: Building ppa_gtkada=1.0.0/Image_Display/image_display.gpr (14/16)...
Setup
   [mkdir]        object directory for project Image_Display
Compile
   [Ada]          image_display.adb
Bind
   [gprbind]      image_display.bexch
   [Ada]          image_display.ali
Link
   [link]         image_display.adb
Note: Building ppa_gtkada=1.0.0/Key_Event/key_event.gpr (15/16)...
Setup
   [mkdir]        object directory for project Key_Event
Compile
   [Ada]          key_event.adb
Bind
   [gprbind]      key_event.bexch
   [Ada]          key_event.ali
Link
   [link]         key_event.adb
Note: Building ppa_gtkada=1.0.0/Tasking/main.gpr (16/16)...
Compile
   [Ada]          main.adb
   [Ada]          main_callback.adb
Bind
   [gprbind]      main.bexch
   [Ada]          main.ali
Link
   [link]         main.adb
Success: Build finished successfully in 148.25 seconds.
Found declared GPR file: Essai1a/essai1.gpr
Found declared GPR file: Essai1b/essai1.gpr
Found declared GPR file: Essai1c/essai1.gpr
Found declared GPR file: Essai1d/essai1.gpr
Found declared GPR file: Essai1e/essai1.gpr
Found declared GPR file: Essai2a/essai2.gpr
Found declared GPR file: Essai2b/essai2.gpr
Found declared GPR file: Essai2c/essai2.gpr
Found declared GPR file: Essai2d/essai2.gpr
Found declared GPR file: Hello_Cairo/hello_cairo.gpr
Found declared GPR file: Hello/hello.gpr
Found declared GPR file: Hello2/hello2.gpr
Found declared GPR file: Hello3/hello3.gpr
Found declared GPR file: Image_Display/image_display.gpr
Found declared GPR file: Key_Event/key_event.gpr
Found declared GPR file: Tasking/main.gpr
[alr test] Test completed SUCCESSFULLY
