Test ran at 2026-01-26 01:51:10.834742+00:00

SOLUTION:
libadalang_tools=26.0.0: Ada semantic analysis library extension and tools
Origin: source archive v26.0.0.zip at https://github.com/AdaCore/libadalang-tools/archive/refs/tags/v26.0.0.zip with hash sha512:5e58b568be185a13b418b17ee16086962b1ff2ce5f92cb98e8acb68be278cb927e0cf1871abb11452fa0898277eda5a8fed4f1a56bcf9d3ae18da30469092159
Properties:
   Post_Fetch run: sed -i -e s/Version      : constant String := "dev";/Version      : constant String := "26.0.0";/ utils-versions.ads (from ${CRATE_ROOT}/src)
   Post_Fetch run: sed -i -e s/Current_Year : constant String := "unknown";/Current_Year : constant String := "2026";/ utils-versions.ads (from ${CRATE_ROOT}/src)
   Post_Fetch run: sed -i -e s/Build_Type : constant Gnat_Build_Type := Gnatpro;/Build_Type : constant Gnat_Build_Type := GPL;/ utils-versions.ads (from ${CRATE_ROOT}/src)
   Author: AdaCore
   Description: Ada semantic analysis library extension and tools
   Executable: gnatmetric
   Executable: gnatpp
   Executable: gnatstub
   GPR External: LALTOOLS_BUILD_MODE := prod
   License: GPL-3.0-or-later WITH GCC-exception-3.1
   Maintainer: Pierre-Marie de Rodat <pmderodat@kawie.fr>
   Maintainer: Max Reznik <reznik@adacore.com>
   Maintainer: sagaert@adacore.com
   Maintainers_Logins: pmderodat
   Maintainers_Logins: reznikmm
   Maintainers_Logins: AldanTanneo
   Name: libadalang_tools
   Project_File: src/lal_tools.gpr
   Project_File: src/build.gpr
   Tag: libadalang
   Tag: static-analysis
   Tag: metric
   Tag: formatting
   Tag: generator
   Tag: gnatmetric
   Tag: gnatpp
   Tag: gnatstub
   Version: 26.0.0
   Website: https://github.com/AdaCore/libadalang-tools
Dependencies (direct):
   libadalang^26.0.0
   templates_parser^26.0.0
Dependencies (solution):
   adasat=26.0.0
   gnat=15.2.1 (gnat_native)
   gnatcoll=26.0.0
   gnatcoll_gmp=26.0.0
   gnatcoll_iconv=26.0.0
   gnatcoll_minimal=26.0.0
   gnatcoll_projects=26.0.0
   gprconfig_kb=26.0.0
   langkit_support=26.0.0
   libadalang=26.0.0
   libgmp=6.3.0
   libgpr=26.0.0
   libgpr2=26.0.0
   make=4.4.1
   prettier_ada=26.0.0
   templates_parser=26.0.0
   vss_text=26.0.0
   xmlada=26.0.0
Dependencies (graph):
   gnatcoll=26.0.0          --> gnat=15.2.1 (gnat_native) (>=14)
   gnatcoll=26.0.0          --> gnatcoll_minimal=26.0.0 (~26.0.0)
   gnatcoll_gmp=26.0.0      --> gnatcoll_minimal=26.0.0 (~26.0.0)
   gnatcoll_gmp=26.0.0      --> libgmp=6.3.0 (*)
   gnatcoll_iconv=26.0.0    --> gnatcoll=26.0.0 (~26.0.0)
   gnatcoll_minimal=26.0.0  --> gnat=15.2.1 (gnat_native) (>=14)
   gnatcoll_projects=26.0.0 --> gnat=15.2.1 (gnat_native) (>=14)
   gnatcoll_projects=26.0.0 --> gnatcoll=26.0.0 (~26.0.0)
   gnatcoll_projects=26.0.0 --> libgpr=26.0.0 (>=25.0.0)
   langkit_support=26.0.0   --> adasat=26.0.0 (^26)
   langkit_support=26.0.0   --> gnatcoll=26.0.0 (^26)
   langkit_support=26.0.0   --> gnatcoll_gmp=26.0.0 (^26)
   langkit_support=26.0.0   --> gnatcoll_iconv=26.0.0 (^26)
   langkit_support=26.0.0   --> prettier_ada=26.0.0 (^26)
   libadalang=26.0.0        --> gnatcoll=26.0.0 (^26)
   libadalang=26.0.0        --> gnatcoll_gmp=26.0.0 (^26)
   libadalang=26.0.0        --> gnatcoll_iconv=26.0.0 (^26)
   libadalang=26.0.0        --> gnatcoll_projects=26.0.0 (^26)
   libadalang=26.0.0        --> langkit_support=26.0.0 (^26)
   libadalang=26.0.0        --> libgpr2=26.0.0 (^26)
   libadalang_tools=26.0.0  --> libadalang=26.0.0 (^26.0.0)
   libadalang_tools=26.0.0  --> templates_parser=26.0.0 (^26.0.0)
   libgpr=26.0.0            --> gnat=15.2.1 (gnat_native) (>=15)
   libgpr=26.0.0            --> xmlada=26.0.0 (~26.0.0)
   libgpr2=26.0.0           --> gnatcoll=26.0.0 (^26.0.0)
   libgpr2=26.0.0           --> gnatcoll_gmp=26.0.0 (^26.0.0)
   libgpr2=26.0.0           --> gnatcoll_iconv=26.0.0 (^26.0.0)
   libgpr2=26.0.0           --> gprconfig_kb=26.0.0 (^26.0.0)
   libgpr2=26.0.0           --> make=4.4.1 (*)
   libgpr2=26.0.0           --> xmlada=26.0.0 (^26.0.0)
   prettier_ada=26.0.0      --> gnatcoll=26.0.0 (^26)
   prettier_ada=26.0.0      --> vss_text=26.0.0 (^26)
   templates_parser=26.0.0  --> xmlada=26.0.0 (~26.0.0)
   xmlada=26.0.0            --> gnat=15.2.1 (gnat_native) (>=11)


LOG:
[alr test] Testing libadalang_tools=26.0.0
[alr test] Spawning retrieval for remote crate: alr -d -n get libadalang_tools=26.0.0
Note: Deploying libadalang_tools=26.0.0...

#=#=#                                                                          
##O#-#                                                                         
##=O#- #                                                                       
Note: Deploying adasat=26.0.0...

#=#=#                                                                          
##O#-#                                                                         
Note: Deploying gprconfig_kb=26.0.0...

#=#=#                                                                          
##O#-#                                                                         
Note: Deploying vss_text=26.0.0...

#=#=#                                                                          
##O#-#                                                                         
##=O#- #                                                                       
Note: Deploying gnatcoll_gmp=26.0.0...

#=#=#                                                                          
##O#-#                                                                         
##=O#- #                                                                       
Note: Deploying prettier_ada=26.0.0...

#=#=#                                                                          
##O#-#                                                                         
Note: Deploying langkit_support=26.0.0...

#=#=#                                                                          
##O#-#                                                                         
##=O#- #                                                                       
# #=O#- #                                                                      
 # #=O#-  #                                                                    
  # #=O=#   #                                                                  
Note: Deploying libgpr2=26.0.0...

#=#=#                                                                          
##O#-#                                                                         
##=O#- #                                                                       
# #=O#- #                                                                      
 # #=O#-  #                                                                    
  # #=O=#   #                                                                  
Note: Deploying libadalang=26.0.0...

#=#=#                                                                          
                                                                           0.2%
######################################################################## 100.0%

libadalang_tools=26.0.0 successfully retrieved.
Dependencies were solved as follows:

   +  adasat            26.0.0 (new,indirect)
   +b gnat              15.2.1 (new,gnat_native,indirect,binary)
   +  gnatcoll          26.0.0 (new,indirect)
   +  gnatcoll_gmp      26.0.0 (new,indirect)
   +  gnatcoll_iconv    26.0.0 (new,indirect)
   +  gnatcoll_minimal  26.0.0 (new,indirect)
   +  gnatcoll_projects 26.0.0 (new,indirect)
   +b gprconfig_kb      26.0.0 (new,indirect,binary)
   +  langkit_support   26.0.0 (new,indirect)
   +  libadalang        26.0.0 (new)
   +b libgmp            6.3.0  (new,indirect,system package)
   +  libgpr            26.0.0 (new,indirect)
   +  libgpr2           26.0.0 (new,indirect)
   +b make              4.4.1  (new,indirect,system package)
   +  prettier_ada      26.0.0 (new,indirect)
   +  templates_parser  26.0.0 (new)
   +  vss_text          26.0.0 (new,indirect)
   +  xmlada            26.0.0 (new,indirect)
[alr test] Spawning default test for remote crate: alr -d -n build --release -- -cargs:Ada -gnatwn
Note: Running post-fetch actions for templates_parser=26.0.0...
Note: Running post-fetch actions for libgpr2=26.0.0...
mkdir -p .build/kb
gprbuild -p -P ./kb/collect_kb.gpr -XKB_BUILD_DIR=.build/kb --relocate-build-tree
Setup
   [mkdir]        object directory for project Collect_KB
Compile
   [Ada]          collect_kb.adb
Bind
   [gprbind]      collect_kb.bexch
   [Ada]          collect_kb.ali
Link
   [link]         collect_kb.adb
cp ./kb/gpr2-kb-embedded.ads .build/kb
.build/kb/collect_kb -o .build/kb $GPRCONFIG_KB_ALIRE_PREFIX//db
collect_kb: parsing /root/.local/share/alire/releases/gprconfig_kb_26.0.0_8d626e98/db...
  /root/.local/share/alire/releases/gprconfig_kb_26.0.0_8d626e98/db/ppc-vx653.xml
  /root/.local/share/alire/releases/gprconfig_kb_26.0.0_8d626e98/db/vx7.ent
  /root/.local/share/alire/releases/gprconfig_kb_26.0.0_8d626e98/db/shortcuts.ent
  /root/.local/share/alire/releases/gprconfig_kb_26.0.0_8d626e98/db/asm.xml
  /root/.local/share/alire/releases/gprconfig_kb_26.0.0_8d626e98/db/compilers-asis.xml
  /root/.local/share/alire/releases/gprconfig_kb_26.0.0_8d626e98/db/nocompiler.xml
  /root/.local/share/alire/releases/gprconfig_kb_26.0.0_8d626e98/db/x86-vx6.xml
  /root/.local/share/alire/releases/gprconfig_kb_26.0.0_8d626e98/db/aamp.xml
  /root/.local/share/alire/releases/gprconfig_kb_26.0.0_8d626e98/db/vxworks.xml
  /root/.local/share/alire/releases/gprconfig_kb_26.0.0_8d626e98/db/x86_64-vx7r2.xml
  /root/.local/share/alire/releases/gprconfig_kb_26.0.0_8d626e98/db/compilers-x86_64-vx7.xml
  /root/.local/share/alire/releases/gprconfig_kb_26.0.0_8d626e98/db/compilers-x86_64-vx7r2-clang.xml
  /root/.local/share/alire/releases/gprconfig_kb_26.0.0_8d626e98/db/vx6.ent
  /root/.local/share/alire/releases/gprconfig_kb_26.0.0_8d626e98/db/vx7r2.ent
  /root/.local/share/alire/releases/gprconfig_kb_26.0.0_8d626e98/db/compilers-ppc64-vx7r2-clang.xml
  /root/.local/share/alire/releases/gprconfig_kb_26.0.0_8d626e98/db/fallback_targets.xml
  /root/.local/share/alire/releases/gprconfig_kb_26.0.0_8d626e98/db/compilers-e500v2-vx7r2.xml
  /root/.local/share/alire/releases/gprconfig_kb_26.0.0_8d626e98/db/e500v2-vx7.xml
  /root/.local/share/alire/releases/gprconfig_kb_26.0.0_8d626e98/db/tricore-configuration.xml
  /root/.local/share/alire/releases/gprconfig_kb_26.0.0_8d626e98/db/compilers-baselined.xml
  /root/.local/share/alire/releases/gprconfig_kb_26.0.0_8d626e98/db/x86-vx7.xml
  /root/.local/share/alire/releases/gprconfig_kb_26.0.0_8d626e98/db/fortran.xml
  /root/.local/share/alire/releases/gprconfig_kb_26.0.0_8d626e98/db/asis.xml
  /root/.local/share/alire/releases/gprconfig_kb_26.0.0_8d626e98/db/ppc64-vx7r2.xml
  /root/.local/share/alire/releases/gprconfig_kb_26.0.0_8d626e98/db/linker.xml
  /root/.local/share/alire/releases/gprconfig_kb_26.0.0_8d626e98/db/ppc-vx7.xml
  /root/.local/share/alire/releases/gprconfig_kb_26.0.0_8d626e98/db/env.ent
  /root/.local/share/alire/releases/gprconfig_kb_26.0.0_8d626e98/db/vx653.ent
  /root/.local/share/alire/releases/gprconfig_kb_26.0.0_8d626e98/db/compilers-x86-vx7.xml
  /root/.local/share/alire/releases/gprconfig_kb_26.0.0_8d626e98/db/arm-vx6.xml
  /root/.local/share/alire/releases/gprconfig_kb_26.0.0_8d626e98/db/cpp.xml
  /root/.local/share/alire/releases/gprconfig_kb_26.0.0_8d626e98/db/arm-vx7.xml
  /root/.local/share/alire/releases/gprconfig_kb_26.0.0_8d626e98/db/bin_img.xml
  /root/.local/share/alire/releases/gprconfig_kb_26.0.0_8d626e98/db/vx7r2_compilers.xml
  /root/.local/share/alire/releases/gprconfig_kb_26.0.0_8d626e98/db/targetset.xml
  /root/.local/share/alire/releases/gprconfig_kb_26.0.0_8d626e98/db/tricore-compilers.xml
  /root/.local/share/alire/releases/gprconfig_kb_26.0.0_8d626e98/db/compilers-ppc64-vx7r2.xml
  /root/.local/share/alire/releases/gprconfig_kb_26.0.0_8d626e98/db/compilers-ppc-vx7r2.xml
  /root/.local/share/alire/releases/gprconfig_kb_26.0.0_8d626e98/db/aamp_compilers.xml
  /root/.local/share/alire/releases/gprconfig_kb_26.0.0_8d626e98/db/e500v2-vx6.xml
  /root/.local/share/alire/releases/gprconfig_kb_26.0.0_8d626e98/db/vxworks.ent
  /root/.local/share/alire/releases/gprconfig_kb_26.0.0_8d626e98/db/e500v2-vx7r2.xml
  /root/.local/share/alire/releases/gprconfig_kb_26.0.0_8d626e98/db/ppc-vx6.xml
  /root/.local/share/alire/releases/gprconfig_kb_26.0.0_8d626e98/db/compilers-ppc-vx653.xml
  /root/.local/share/alire/releases/gprconfig_kb_26.0.0_8d626e98/db/cross.xml
  /root/.local/share/alire/releases/gprconfig_kb_26.0.0_8d626e98/db/gprconfig.xsd
  /root/.local/share/alire/releases/gprconfig_kb_26.0.0_8d626e98/db/c.xml
  /root/.local/share/alire/releases/gprconfig_kb_26.0.0_8d626e98/db/morello-vx7r2.xml
  /root/.local/share/alire/releases/gprconfig_kb_26.0.0_8d626e98/db/e500v2-vx653.xml
  /root/.local/share/alire/releases/gprconfig_kb_26.0.0_8d626e98/db/windres.xml
  /root/.local/share/alire/releases/gprconfig_kb_26.0.0_8d626e98/db/compilers.xml
  /root/.local/share/alire/releases/gprconfig_kb_26.0.0_8d626e98/db/baselined.xml
  /root/.local/share/alire/releases/gprconfig_kb_26.0.0_8d626e98/db/compilers-e500v2-vx6.xml
  /root/.local/share/alire/releases/gprconfig_kb_26.0.0_8d626e98/db/compilers-ppc64-vx7.xml
  /root/.local/share/alire/releases/gprconfig_kb_26.0.0_8d626e98/db/compilers-arm-vx7.xml
  /root/.local/share/alire/releases/gprconfig_kb_26.0.0_8d626e98/db/compilers-e500v2-vx653.xml
  /root/.local/share/alire/releases/gprconfig_kb_26.0.0_8d626e98/db/arm-vx7r2.xml
  /root/.local/share/alire/releases/gprconfig_kb_26.0.0_8d626e98/db/0_default.xml
  /root/.local/share/alire/releases/gprconfig_kb_26.0.0_8d626e98/db/tricore-target.xml
  /root/.local/share/alire/releases/gprconfig_kb_26.0.0_8d626e98/db/compilers-vxworks.xml
  /root/.local/share/alire/releases/gprconfig_kb_26.0.0_8d626e98/db/compilers-ppc-vx7.xml
  /root/.local/share/alire/releases/gprconfig_kb_26.0.0_8d626e98/db/x86-vx7r2.xml
  /root/.local/share/alire/releases/gprconfig_kb_26.0.0_8d626e98/db/x86_64-vx7.xml
  /root/.local/share/alire/releases/gprconfig_kb_26.0.0_8d626e98/db/ppc64-vx7.xml
  /root/.local/share/alire/releases/gprconfig_kb_26.0.0_8d626e98/db/ppc-vx7r2.xml
  /root/.local/share/alire/releases/gprconfig_kb_26.0.0_8d626e98/db/clean.xml
  /root/.local/share/alire/releases/gprconfig_kb_26.0.0_8d626e98/db/compilers-aarch64-vx7r2-clang.xml
  /root/.local/share/alire/releases/gprconfig_kb_26.0.0_8d626e98/db/compilers-e500v2-vx7.xml
  /root/.local/share/alire/releases/gprconfig_kb_26.0.0_8d626e98/db/aarch64-vx7r2.xml
  /root/.local/share/alire/releases/gprconfig_kb_26.0.0_8d626e98/db/gnat.xml
  /root/.local/share/alire/releases/gprconfig_kb_26.0.0_8d626e98/db/aarch64-vx7.xml
Note: Running post-fetch actions for libadalang_tools=26.0.0...
Note: Building libadalang_tools=26.0.0/src/lal_tools.gpr (1/2)...
Setup
   [mkdir]        object directory for project GnatColl_GMP
   [mkdir]        library directory for project GnatColl_GMP
   [mkdir]        object directory for project VSS_GNAT
   [mkdir]        library directory for project VSS_GNAT
   [mkdir]        object directory for project Prettier_Ada
   [mkdir]        library directory for project Prettier_Ada
   [mkdir]        object directory for project AdaSAT
   [mkdir]        exec directory for project AdaSAT
   [mkdir]        library directory for project AdaSAT
   [mkdir]        object directory for project Langkit_Support
   [mkdir]        library directory for project Langkit_Support
   [mkdir]        object directory for project GPR2
   [mkdir]        library directory for project GPR2
   [mkdir]        object directory for project Libadalang
   [mkdir]        library directory for project Libadalang
   [mkdir]        object directory for project Templates_Parser
   [mkdir]        library directory for project Templates_Parser
   [mkdir]        object directory for project LAL_Tools
   [mkdir]        library directory for project LAL_Tools
Compile
   [Ada]          templates_parser-xml.adb
   [Ada]          templates_parser.adb
   [Ada]          templates_parser-query.adb
   [Ada]          templates_parser-utils.adb
   [Ada]          templates_parser-debug.adb
   [Ada]          templates_parser-input__standalone.adb
   [Ada]          templates_parser_tasking__standard_tasking.adb
   [Ada]          templates_parser-configuration__standalone.ads
   [C]            gpr_parser-gdb.c
   [Ada]          gpr_parser-rewriting_implementation.adb
   [Ada]          gpr_parser_support-vectors.adb
   [Ada]          gpr_parser_support-names.adb
   [Ada]          gpr_parser-common.adb
   [Ada]          gpr_parser_support-token_data_handlers.adb
   [Ada]          gpr_parser_support-adalog-generic_main_support.adb
   [Ada]          gpr_parser-implementation-c.adb
   [Ada]          gpr_parser_support-names-maps.adb
   [Ada]          gpr_parser_support-iterators.adb
   [Ada]          gpr_parser_support-array_utils.adb
   [Ada]          gpr_parser_support-generic_api-introspection.adb
   [Ada]          gpr_parser_support-adalog-main_support.ads
   [Ada]          gpr_parser_support-internal.ads
   [Ada]          gpr_parser-c.adb
   [Ada]          gpr_parser_support-lexical_envs.ads
   [Ada]          gpr_parser_adasat.adb
   [Ada]          gpr_parser_support-text.adb
   [Ada]          gpr_parser_support-generic_api-analysis.adb
   [Ada]          gpr_parser-rewriting.adb
   [Ada]          gpr_parser_support-adalog-debug.adb
   [Ada]          gpr_parser_support-internal-descriptor.ads
   [Ada]          gpr_parser_support-internal-analysis.adb
   [Ada]          gpr_parser_support-boxes.adb
   [Ada]          gpr_parser_adasat-internals.ads
   [Ada]          gpr_parser-parsers.adb
   [Ada]          gpr_parser-lexer.adb
   [Ada]          gpr_parser_support-images.adb
   [Ada]          gpr_parser_support-adalog-solver_interface.adb
   [Ada]          gpr_parser_adasat-decisions.adb
   [Ada]          gpr_parser_support-adalog-logic_var.adb
   [Ada]          gpr_parser-lexer_state_machine.adb
   [Ada]          gpr_parser_support-internal-introspection.adb
   [Ada]          gpr_parser_adasat-dpll.adb
   [Ada]          gpr_parser_support-diagnostics.adb
   [Ada]          gpr_parser-generic_introspection.adb
   [Ada]          gpr_parser_support-cheap_sets.adb
   [Ada]          gpr_parser_support-types.ads
   [Ada]          gpr_parser-unparsing_implementation.adb
   [Ada]          gpr_parser_support-file_readers.adb
   [Ada]          gpr_parser.ads
   [Ada]          gpr_parser-generic_api.adb
   [Ada]          gpr_parser_support-lexical_envs_impl.adb
   [Ada]          gpr_parser_adasat-formulas.adb
   [Ada]          gpr_parser_support-packrat.adb
   [Ada]          gpr_parser_support-slocs.adb
   [Ada]          gpr_parser_support-errors.ads
   [Ada]          gpr_parser-private_converters.adb
   [Ada]          gpr_parser-implementation.adb
   [Ada]          gpr_parser_adasat-builders.adb
   [Ada]          gpr_parser_support-bump_ptr.ads
   [Ada]          gpr_parser_support-bump_ptr_vectors.adb
   [Ada]          gpr_parser-public_converters.adb
   [Ada]          gpr_parser-generic_api-introspection.ads
   [Ada]          gpr_parser_support-generic_api.adb
   [Ada]          gpr_parser_support-symbols-precomputed.adb
   [Ada]          gpr_parser_support.ads
   [Ada]          gpr_parser_support-adalog-solver.adb
   [Ada]          gpr_parser-debug.adb
   [Ada]          gpr_parser_support-tree_traversal_iterator.adb
   [Ada]          gpr_parser-iterators.adb
   [Ada]          gpr_parser-analysis.adb
   [Ada]          gpr_parser-unparsing.adb
   [Ada]          gpr_parser_support-hashes.adb
   [Ada]          gpr_parser_adasat-vectors.adb
   [Ada]          gpr_parser_support-relative_get.adb
   [Ada]          gpr_parser_support-diagnostics-output.adb
   [Ada]          gpr_parser_adasat-theory.ads
   [Ada]          gpr_parser_support-generic_bump_ptr.adb
   [Ada]          gpr_parser-generic_impl.adb
   [Ada]          gpr_parser_support-symbols.adb
   [Ada]          gpr_parser_adasat-helpers.adb
   [Ada]          gpr_parser_support-adalog.ads
   [Ada]          gpr_parser-lexer_implementation.adb
   [Ada]          gpr_parser_support-internal-conversions.ads
   [Ada]          gpr2-kb-embedded.adb
   [Ada]          gpr2-build-view_tables.adb
   [Ada]          gpr2-project_parser-set.ads
   [Ada]          gpr2-tree_internal.adb
   [Ada]          gpr2-pack_internal.ads
   [Ada]          gpr2-configuration_internal.adb
   [Ada]          gpr2-project_parser-registry.adb
   [Ada]          gpr2-view_internal.adb
   [Ada]          gpr2-project_parser-create.adb
   [Ada]          gpr2-build-jobserver_protocol.ads
   [Ada]          gpr2-tree_internal-view_builder.adb
   [Ada]          gpr2-view_base_internal.ads
   [Ada]          gpr2-build-jobserver_protocol-pipe.adb
   [Ada]          gpr2-project_parser.adb
   [Ada]          gpr2-build-actions-sets.ads
   [Ada]          gpr2-build-ali_parser.adb
   [Ada]          gpr2-build-actions-archive_table_list.adb
   [Ada]          gpr2-build-actions-link_options_extract.adb
   [Ada]          gpr2-build-actions-link_options_insert.adb
   [Ada]          gpr2-build-source_base-vectors.ads
   [Ada]          gpr2-build-source-sets.adb
   [Ada]          gpr2-build-makefile_parser.adb
   [Ada]          gpr2-build-actions-link.adb
   [Ada]          gpr2-build-actions_population.adb
   [Ada]          gpr2-build-unit_info.adb
   [Ada]          gpr2-build-jobserver.adb
   [Ada]          gpr2-build-artifacts-object_file.ads
   [Ada]          gpr2-build-artifacts-files.adb
   [Ada]          gpr2-build.ads
   [Ada]          gpr2-build-artifacts-key_value.adb
   [Ada]          gpr2-build-compilation_unit-maps.ads
   [Ada]          gpr2-build-view_db.adb
   [Ada]          gpr2-build-process_manager-json.adb
   [Ada]          gpr2-build-actions-post_bind.adb
   [Ada]          gpr2-build-response_files.adb
   [Ada]          gpr2-build-artifacts.adb
   [Ada]          gpr2-build-actions-link-partial.adb
   [Ada]          gpr2-build-source.ads
   [Ada]          gpr2-build-unit_info-list.adb
   [Ada]          gpr2-build-command_line.adb
   [Ada]          gpr2-build-actions-ada_bind.adb
   [Ada]          gpr2-build-source_base.adb
   [Ada]          gpr2-build-compilation_unit.adb
   [Ada]          gpr2-build-actions-compile-ada.adb
   [Ada]          gpr2-build-process_manager.adb
   [Ada]          gpr2-build-actions-archive_extract.adb
   [Ada]          gpr2-build-signature.adb
   [Ada]          gpr2-build-source_base-ada_parser.adb
   [Ada]          gpr2-build-tree_db.adb
   [Ada]          gpr2-build-options.ads
   [Ada]          gpr2-build-artifacts-library.ads
   [Ada]          gpr2-build-actions-compile.adb
   [Ada]          gpr2-build-external_options.adb
   [Ada]          gpr2-build-actions.adb
   [Ada]          gpr2-message.adb
   [Ada]          gpr2-kb-compiler_iterator.adb
   [Ada]          gpr2-project-tree.adb
   [Ada]          gpr2-project-registry.ads
   [Ada]          gpr2-context.adb
   [Ada]          gpr_parser-basic_ada_parser.adb
   [Ada]          gpr2-view_ids-vector.ads
   [Ada]          gpr2-source_reference-scalar_value.ads
   [Ada]          gpr2-project-external.adb
   [Ada]          gpr2-project-import-set.adb
   [Ada]          gpr2-source_reference-text_value.adb
   [Ada]          gpr2.adb
   [Ada]          gpr2-project-tree-view_builder.adb
   [Ada]          gpr2-utils.ads
   [Ada]          gpr2-project-attribute.adb
   [Ada]          gpr2-project-typ.adb
   [Ada]          gpr2-builtin.adb
   [Ada]          gpr2-project-attribute_index.adb
   [Ada]          gpr2-reporter-console.adb
   [Ada]          gpr2-source_reference.adb
   [Ada]          gpr2-project-variable.adb
   [Ada]          gpr2-view_ids-dags.adb
   [Ada]          gpr2-project-registry-pack.adb
   [Ada]          gpr2-project-configuration.adb
   [Ada]          gpr2-project-registry-attribute-description.adb
   [Ada]          gpr2-kb.adb
   [Ada]          gpr2-options-opt_parse.adb
   [Ada]          gpr2-project-view.adb
   [Ada]          gpr2-reporter-holders.ads
   [Ada]          gpr2-path_name.adb
   [Ada]          gpr2-project-typ-set.ads
   [Ada]          gpr2-path_name-set.adb
   [Ada]          gpr2-project-pretty_printer.adb
   [Ada]          gpr2-project-variable-set.ads
   [Ada]          gpr2-project-registry-attribute.adb
   [Ada]          gpr2-project-view-vector.ads
   [Ada]          gpr2-log.adb
   [Ada]          gpr2-project-name_values.adb
   [Ada]          gpr2-project-attribute_cache.adb
   [Ada]          gpr2-view_ids.adb
   [Ada]          gpr2-project.adb
   [Ada]          gpr2-project-import.adb
   [Ada]          gpr2-source_reference-pack.ads
   [Ada]          gpr2-view_ids-set.ads
   [Ada]          gpr2-source_reference-attribute.ads
   [Ada]          gpr2-project-registry-pack-description.adb
   [Ada]          gpr2-project-external-set.ads
   [Ada]          gpr2-source_reference-identifier-set.ads
   [Ada]          gpr2-containers.adb
   [Ada]          gpr2-project-attr_values.adb
   [Ada]          gpr2-environment.adb
   [Ada]          gpr2-project-registry-exchange.adb
   [Ada]          gpr2-project-attribute-set.adb
   [Ada]          gpr2-utils-hash.adb
   [Ada]          gpr2-file_readers.adb
   [Ada]          gpr2-source_reference-text_value-g_set.ads
   [Ada]          gpr2-kb-parsing.adb
   [Ada]          gpr2-project-view-set.ads
   [Ada]          gpr2-options.adb
   [Ada]          gpr2-version.adb
   [Ada]          gpr2-reporter.adb
   [Ada]          gpr2-source_reference-identifier.ads
   [Ada]          gpr2-reporter-log.adb
   [Ada]          gpr2-source_reference-value.ads
   [Ada]          gpr2-build-jobserver_protocol-semaphore__dummy.adb
   [Ada]          gnatcoll-projects-krunch.adb
   [Ada]          gnatcoll-projects-normalize.adb
   [Ada]          gnatcoll-scripts-files.adb
   [Ada]          gnatcoll-scripts-projects.adb
   [Ada]          gnatcoll-projects-aux.adb
   [Ada]          gnatcoll-projects.adb
   [Ada]          adasat-formulas.adb
   [Ada]          adasat-vectors.adb
   [Ada]          adasat-internals.ads
   [Ada]          adasat.adb
   [Ada]          adasat-helpers.adb
   [Ada]          adasat-dpll.adb
   [Ada]          adasat-theory.ads
   [Ada]          adasat-decisions.adb
   [Ada]          adasat-builders.adb
   [Ada]          langkit_support-diagnostics-output.adb
   [Ada]          langkit_support-internal.ads
   [Ada]          langkit_support-vectors.adb
   [Ada]          langkit_support-names.adb
   [Ada]          langkit_support-text.adb
   [Ada]          langkit_support-generic_bump_ptr.adb
   [Ada]          langkit_support-types.ads
   [Ada]          langkit_support-adalog-generic_main_support.adb
   [Ada]          langkit_support-adalog-solver.adb
   [Ada]          langkit_support-diagnostics.adb
   [Ada]          langkit_support-generic_api.adb
   [Ada]          langkit_support-symbols.adb
   [Ada]          langkit_support-adalog-logic_var.adb
   [Ada]          langkit_support-lexical_envs_impl.adb
   [Ada]          langkit_support-adalog-solver-diagnostics.adb
   [Ada]          langkit_support-bump_ptr_vectors.adb
   [Ada]          langkit_support-array_utils.adb
   [Ada]          langkit_support-internal-introspection.adb
   [Ada]          langkit_support-images.adb
   [Ada]          langkit_support-boxes.adb
   [Ada]          langkit_support-hashes.adb
   [Ada]          langkit_support-generic_api-unparsing.adb
   [Ada]          langkit_support-generic_api-introspection.adb
   [Ada]          langkit_support-file_readers.adb
   [Ada]          langkit_support-tree_traversal_iterator.adb
   [Ada]          langkit_support-adalog.ads
   [Ada]          langkit_support-generic_api-rewriting.adb
   [Ada]          langkit_support-rewriting-types.adb
   [Ada]          langkit_support-lexical_envs.ads
   [Ada]          langkit_support-internal-analysis.adb
   [Ada]          langkit_support-token_data_handlers.adb
   [Ada]          langkit_support-bump_ptr.ads
   [Ada]          langkit_support.ads
   [Ada]          langkit_support-errors.ads
   [Ada]          langkit_support-iterators.adb
   [Ada]          langkit_support-cheap_sets.adb
   [Ada]          langkit_support-slocs.adb
   [Ada]          langkit_support-packrat.adb
   [Ada]          langkit_support-adalog-solver_interface.adb
   [Ada]          langkit_support-names-maps.adb
   [Ada]          langkit_support-adalog-main_support.ads
   [Ada]          langkit_support-internal-unparsing.ads
   [Ada]          langkit_support-adalog-debug.adb
   [Ada]          langkit_support-rewriting.ads
   [Ada]          langkit_support-internal-descriptor.ads
   [Ada]          langkit_support-relative_get.adb
   [Ada]          langkit_support-generic_api-analysis.adb
   [Ada]          langkit_support-internal-conversions.ads
   [Ada]          langkit_support-symbols-precomputed.adb
   [Ada]          a-szuvau.adb
   [Ada]          vss-implementation-ucd_normalization_common.ads
   [Ada]          vss-implementation-ucd_casing_utf8.ads
   [Ada]          vss-implementation-ucd_core.ads
   [Ada]          vss-implementation-ucd_normalization_utf8.ads
   [Ada]          vss-implementation-big_integers.adb
   [Ada]          vss-transformers-normalization.adb
   [Ada]          vss-strings-formatters-generic_integers.adb
   [Ada]          vss-strings-converters-decoders-iso88595.adb
   [Ada]          vss-implementation-numbers-clinger.adb
   [Ada]          vss-strings-cursors.adb
   [Ada]          vss-strings-converters-decoders-iso88592.adb
   [Ada]          vss-implementation-utf8_strings.adb
   [Ada]          vss-strings-formatters-generic_modulars.adb
   [Ada]          vss-transformers-casing.adb
   [Ada]          vss-strings-converters-decoders-eucjp-jis0212.ads
   [Ada]          vss-implementation-numbers-eisel_lemire.adb
   [Ada]          vss-strings-cursors-markers.adb
   [Ada]          vss-strings-converters-encoders.adb
   [Ada]          vss-implementation-strings.adb
   [Ada]          vss-strings-converters-decoders-utf8.adb
   [Ada]          vss-implementation-numbers.adb
   [Ada]          vss-strings-cursors-markers-internals.adb
   [Ada]          vss-implementation-utf8_strings-mutable_operations.adb
   [Ada]          vss-implementation-numbers-tables.ads
   [Ada]          vss-implementation-line_iterators.adb
   [Ada]          vss-transformers-caseless.adb
   [Ada]          vss-implementation-text_storages-heap.adb
   [Ada]          vss-strings-converters-encoders-utf8.adb
   [Ada]          vss-strings-internals.adb
   [Ada]          vss-strings-converters-decoders-iso88597.adb
   [Ada]          vss-implementation-ucd_casing.adb
   [Ada]          vss-strings-cursors-iterators-words.adb
   [Ada]          vss-strings-converters-decoders-eucjp.adb
   [Ada]          vss-strings-converters-decoders.adb
   [Ada]          vss-string_vectors.adb
   [Ada]          vss-implementation-utf8_normalization.adb
   [Ada]          vss-characters.adb
   [Ada]          vss-implementation.ads
   [Ada]          vss-strings-formatters-strings.adb
   [Ada]          vss-strings-conversions.adb
   [Ada]          vss-implementation-utf8_casing.adb
   [Ada]          vss-strings-converters-decoders-index_jis0208.ads
   [Ada]          vss-strings-converters-decoders-iso88596.adb
   [Ada]          vss-strings-hash.adb
   [Ada]          vss-implementation-packed_decimals.adb
   [Ada]          vss-implementation-text_storages.ads
   [Ada]          vss-strings-converters-decoders-iso885915.adb
   [Ada]          vss-strings-converters-decoders-gb18030-indices.ads
   [Ada]          vss-strings-utilities.adb
   [Ada]          vss-strings-converters-decoders-shiftjis.adb
   [Ada]          vss-strings-converters-decoders-koi8r.adb
   [Ada]          vss-implementation-fnv_hash.adb
   [Ada]          vss-strings-cursors-internals.adb
   [Ada]          vss-strings-templates.adb
   [Ada]          vss-strings-converters-decoders-iso88598.adb
   [Ada]          vss-strings-formatters-generic_enumerations.adb
   [Ada]          vss-locales.adb
   [Ada]          vss-implementation-referrers.adb
   [Ada]          vss-strings-cursors-iterators-characters.adb
   [Ada]          vss-strings-converters-decoders-gb18030-ranges.ads
   [Ada]          vss-strings-cursors-iterators-lines.adb
   [Ada]          vss-implementation-interfaces_c.ads
   [Ada]          vss-strings.adb
   [Ada]          vss-strings-cursors-iterators-grapheme_clusters.adb
   [Ada]          vss-implementation-character_codes.ads
   [Ada]          vss-strings-converters-decoders-gb18030.adb
   [Ada]          vss-strings-converters-decoders-iso88591.adb
   [Ada]          vss-implementation-string_vectors.adb
   [Ada]          vss-strings-converters.adb
   [Ada]          vss-string_vectors-internals.adb
   [Ada]          vss-strings-converters-decoders-iso88599.adb
   [Ada]          vss-implementation-utf8_encoding.adb
   [Ada]          vss-strings-character_iterators.ads
   [Ada]          vss-characters-punctuations.ads
   [Ada]          vss-strings-line_iterators.ads
   [Ada]          vss-characters-specials.ads
   [Ada]          vss-strings-cursors-iterators.ads
   [Ada]          vss-transformers.ads
   [Ada]          vss-characters-latin.ads
   [Ada]          vss.ads
   [Ada]          vss-strings-formatters-booleans.ads
   [Ada]          vss-strings-formatters-integers.ads
   [Ada]          vss-strings-grapheme_cluster_iterators.ads
   [Ada]          vss-strings-word_iterators.ads
   [Ada]          vss-strings-markers.ads
   [Ada]          vss-unicode.ads
   [Ada]          vss-strings-formatters.ads
   [Ada]          vss-stream_element_vectors-conversions.adb
   [Ada]          vss-text_streams-memory_utf8_output.adb
   [Ada]          vss-text_streams-memory_utf8_input.adb
   [Ada]          vss-stream_element_vectors.adb
   [Ada]          vss-implementation-line_terminator.adb
   [Ada]          vss-stream_element_vectors-internals.adb
   [Ada]          vss-text_streams.ads
   [Ada]          vss-implementation-gcc.ads
   [Ada]          vss-implementation-arithmetic_64__128.adb
   [Ada]          prettier_ada-documents-implementation.adb
   [Ada]          prettier_ada-optionals.ads
   [Ada]          prettier_ada-generic_formatters.adb
   [Ada]          prettier_ada-documents-builders.adb
   [Ada]          prettier_ada.ads
   [Ada]          prettier_ada-document_vector_vectors.ads
   [Ada]          prettier_ada-documents-json.adb
   [Ada]          prettier_ada-document_vectors.ads
   [Ada]          prettier_ada-documents.adb
   [Ada]          gnatcoll-iconv.adb
   [C]            gmp_support.c
   [C]            gnatcoll-gmp-mpz_odd_p.c
   [C]            gnatcoll-gmp-mpz_sign.c
   [C]            gnatcoll-gmp-mpz_even_p.c
   [Ada]          gnatcoll-gmp-integers-root_extraction.adb
   [Ada]          gnatcoll-gmp-lib.ads
   [Ada]          gnatcoll-gmp-integers-random.adb
   [Ada]          gnatcoll-gmp-integers-io.adb
   [Ada]          gnatcoll-gmp-random_state.adb
   [Ada]          gnatcoll-gmp-integers-misc.adb
   [Ada]          gnatcoll-gmp-integers-number_theoretic.adb
   [Ada]          gnatcoll-gmp-rational_numbers.adb
   [Ada]          gnatcoll-gmp-integers.adb
   [Ada]          gnatcoll-gmp.ads
   [Ada]          gnatcoll.ads
   [Ada]          gnatcoll-storage_pools.ads
   [Ada]          gnatcoll-promises.adb
   [Ada]          gnatcoll-refcount-weakref.adb
   [Ada]          gnatcoll-storage_pools-alignment.adb
   [Ada]          gnatcoll-memory.adb
   [Ada]          gnatcoll-refcount.adb
   [Ada]          gnatcoll-damerau_levenshtein_generic.adb
   [Ada]          gnatcoll-coders-streams.adb
gnatcoll-refcount.ads:90:04: warning: in instantiation at gnatcoll-storage_pools-headers.adb:57 [enabled by default]
gnatcoll-refcount.ads:90:04: warning: possible aliasing problem for type "Header_Access" [enabled by default]
gnatcoll-refcount.ads:90:04: warning: use -fno-strict-aliasing switch for references [enabled by default]
gnatcoll-refcount.ads:90:04: warning: or use "pragma No_Strict_Aliasing (Header_Access);" [enabled by default]
   [Ada]          gnatcoll-coders.adb
   [Ada]          gnatcoll-locks.adb
   [Ada]          gnatcoll-any_types.adb
   [Ada]          gnatcoll-coders-base64.adb
   [Ada]          gnatcoll-storage_pools-headers.adb
   [Ada]          gnatcoll-damerau_levenshtein_distance.ads
   [Ada]          gnatcoll-boyer_moore.adb
   [Ada]          gnatcoll-atomic.adb
   [Ada]          gnatcoll-asserts.adb
   [Ada]          gnatcoll-tribooleans.adb
   [Ada]          gnatcoll-os-libc-spawn.ads
   [Ada]          gnatcoll-os-libc.ads
   [Ada]          gnatcoll-os-libc-dirent.ads
   [Ada]          gnatcoll-os-libc-stat.ads
   [Ada]          gnatcoll-os-libc-utime.ads
   [Ada]          gnatcoll-hash-blake3.adb
   [Ada]          gnatcoll-hash.ads
   [Ada]          gnatcoll-paragraph_filling-badnesses.adb
   [Ada]          gnatcoll-paragraph_filling-words.adb
   [Ada]          gnatcoll-paragraph_filling.adb
   [Ada]          gnatcoll-os-process.adb
   [Ada]          gnatcoll-os.ads
   [Ada]          gnatcoll-os-fs.adb
   [Ada]          gnatcoll-os-dir.adb
   [Ada]          gnatcoll-os-fsutil.adb
   [Ada]          gnatcoll-os-stat.adb
   [Ada]          gnatcoll-os-temp.adb
   [Ada]          gnatcoll-io-remote-windows.adb
   [Ada]          gnatcoll-strings_impl.adb
   [Ada]          gnatcoll-string_builders.adb
   [Ada]          gnatcoll-format_columns_vertical.ads
   [Ada]          gnatcoll-opt_parse-misc_parsers.adb
   [Ada]          gnatcoll-file_paths.adb
   [Ada]          gnatcoll-email-utils.adb
   [Ada]          gnatcoll-random.adb
   [Ada]          gnatcoll-symbols.adb
   [Ada]          gnatcoll-pools.adb
   [Ada]          gnatcoll-strings.ads
   [Ada]          gnatcoll-wstring_list_builders.adb
   [Ada]          gnatcoll-io-native.adb
   [Ada]          gnatcoll-remote.ads
   [Ada]          gnatcoll-wstring_builders.adb
   [Ada]          gnatcoll-io.adb
   [Ada]          gnatcoll-traces.adb
   [Ada]          gnatcoll-buffer.adb
   [Ada]          gnatcoll-formatters.adb
   [Ada]          gnatcoll-vfs_types.ads
   [Ada]          gnatcoll-mmap.adb
   [Ada]          gnatcoll-email-mailboxes.adb
   [Ada]          gnatcoll-vfs_utils.adb
   [Ada]          gnatcoll-email-parser.adb
   [Ada]          gnatcoll-io-remote-unix.adb
   [Ada]          gnatcoll-terminal.adb
   [Ada]          gnatcoll-io-remote.adb
   [Ada]          gnatcoll-scripts.adb
   [Ada]          gnatcoll-scripts-impl.adb
   [Ada]          gnatcoll-file_indexes.adb
   [Ada]          gnatcoll-email.adb
   [Ada]          gnatcoll-templates.adb
   [Ada]          gnatcoll-json-utility.adb
   [Ada]          gnatcoll-path.adb
   [Ada]          gnatcoll-remote-db.adb
   [Ada]          gnatcoll-directed_graph.adb
   [Ada]          gnatcoll-scripts-utils.adb
   [Ada]          gnatcoll-arg_lists.adb
   [Ada]          gnatcoll-vfs.adb
   [Ada]          gnatcoll-json.adb
   [Ada]          gnatcoll-utils.adb
   [Ada]          gnatcoll-string_list_builders.adb
   [Ada]          gnatcoll-config.adb
   [Ada]          gnatcoll-opt_parse.adb
   [Ada]          gnatcoll-geometry.adb
   [Ada]          gnatcoll-hash-xxhash__generic.adb
   [Ada]          gnatcoll-mmap-system__unix.adb
   [Ada]          gnatcoll-plugins__unix.adb
   [Ada]          gnatcoll-os-process_types__unix.adb
   [Ada]          gnatcoll-os-random__unix.adb
   [Ada]          gnatcoll-os-constants__unix.ads
   [Ada]          gnatcoll-os-dir_types__unix.ads
   [Ada]          gnatcoll-os-libc_constants__linux.ads
   [Ada]          libadalang-lexer.adb
   [Ada]          libadalang-common.adb
   [Ada]          libadalang-analysis.adb
   [Ada]          libadalang-implementation.adb
   [Ada]          libadalang-target_info.adb
   [Ada]          libadalang-data_decomposition.adb
   [Ada]          libadalang.ads
   [Ada]          libadalang-rewriting.adb
   [Ada]          libadalang-auto_provider.adb
   [Ada]          libadalang-semantic_diagnostics.adb
   [Ada]          libadalang-implementation-c-extensions.adb
   [Ada]          libadalang-unit_files.adb
   [Ada]          libadalang-implementation-extensions.adb
   [Ada]          libadalang-implementation-c.adb
   [Ada]          libadalang-generic_api.adb
   [Ada]          libadalang-rewriting_c.adb
   [Ada]          libadalang-doc_utils.adb
   [Ada]          libadalang-iterators.adb
   [Ada]          libadalang-env_hooks.adb
   [Ada]          libadalang-iterators-extensions.adb
   [Ada]          libadalang-public_converters.adb
   [Ada]          libadalang-debug.adb
   [Ada]          libadalang-generic_api-introspection.ads
   [Ada]          libadalang-lexer_state_machine.adb
   [Ada]          libadalang-pp_lexer.adb
   [Ada]          libadalang-lexer_implementation.adb
   [Ada]          libadalang-c.adb
   [Ada]          libadalang-gpr_impl.adb
   [Ada]          libadalang-pp_impl.adb
   [Ada]          libadalang-internal_default_provider.adb
   [Ada]          libadalang-sources.adb
   [Ada]          libadalang-gpr_utils.adb
   [Ada]          libadalang-config_pragmas.adb
   [Ada]          libadalang-preprocessing.adb
   [Ada]          libadalang-project_provider.adb
   [Ada]          libadalang-private_converters.adb
   [Ada]          libadalang-parsers.adb
   [Ada]          libadalang-expr_eval.adb
   [Ada]          libadalang-config_pragmas_impl.adb
   [Ada]          libadalang-helpers.adb
   [Ada]          utils-strings.adb
   [Ada]          utils-projects-aggregate.adb
   [Ada]          utils-test_pkg.ads
   [Ada]          pp-error_slocs.ads
   [Ada]          utils-versions.adb
   [Ada]          utils-environment.adb
   [Ada]          lal_extensions.adb
   [Ada]          metrics.ads
   [Ada]          pp.adb
   [Ada]          utils-generic_symbols.adb
   [Ada]          stub-actions.adb
   [Ada]          utils-string_utilities.adb
   [Ada]          utils-projects.adb
   [Ada]          utils-generic_formatted_output.adb
   [Ada]          utils_debug.adb
   [Ada]          stub-command_lines.ads
   [Ada]          pp-scanner-lines.adb
   [Ada]          utils-predefined_symbols.ads
   [Ada]          pp-command_lines.ads
   [Ada]          metrics-actions.adb
   [Ada]          utils-slow_vectors.adb
   [Ada]          laltools-call_hierarchy.adb
   [Ada]          utils.adb
   [Ada]          utils-formatted_output.ads
   [Ada]          utils-drivers.adb
   [Ada]          utils-formatted_stderr.ads
   [Ada]          utils-dbg_out.ads
   [Ada]          metrics-command_lines.ads
   [Ada]          pp-formatting.adb
   [Ada]          utils-command_lines-common.adb
   [Ada]          pp-scanner.adb
   [Ada]          pp-buffers.adb
   [Ada]          utils-fast_vectors.adb
   [Ada]          utils-var_length_ints.adb
   [Ada]          stub.ads
   [Ada]          utils-err_out.ads
   [Ada]          metrics-line_counting.adb
   [Ada]          pp-formatting-dictionaries.adb
   [Ada]          laltools-common.adb
   [Ada]          laltools-subprogram_hierarchy.adb
   [Ada]          laltools.ads
   [Ada]          utils-char_vectors.ads
   [Ada]          utils-symbols.ads
   [Ada]          utils-tools.adb
   [Ada]          pp-actions.adb
   [Ada]          laltools-partial_gnatpp.adb
   [Ada]          utils-vectors.ads
   [Ada]          utils-command_lines.adb
   [Ada]          utils-tool_names.adb
   [Ada]          langkit_support-rewriting-unparsing.adb
   [Ada]          langkit_support-prettier_utils.adb
   [Ada]          libadalang-generic_introspection.adb
   [Ada]          libadalang-generic_impl.adb
   [Ada]          libadalang-parsers_impl.adb
   [Ada]          libadalang-unparsers.ads
Build Libraries
   [gprlib]       gnatcoll_minimal.lexch
   [gprlib]       gnatcoll_core.lexch
   [archive]      libgnatcoll_minimal.a
   [index]        libgnatcoll_minimal.a
   [gprlib]       gnatcoll_gmp.lexch
   [gprlib]       gnatcoll_iconv.lexch
   [archive]      libgnatcoll_gmp.a
   [archive]      libgnatcoll_core.a
   [index]        libgnatcoll_gmp.a
   [index]        libgnatcoll_core.a
   [gprlib]       vss-gnat.lexch
   [gprlib]       vss-text.lexch
   [archive]      libgnatcoll_iconv.a
   [archive]      libvss-gnat.a
   [index]        libgnatcoll_iconv.a
   [index]        libvss-gnat.a
   [gprlib]       prettier_ada.lexch
   [archive]      libvss-text.a
   [index]        libvss-text.a
   [gprlib]       adasat.lexch
   [archive]      libprettier_ada.a
   [archive]      libadasat.a
   [index]        libadasat.a
   [index]        libprettier_ada.a
   [gprlib]       langkit_support.lexch
   [gprlib]       gnatcoll_projects.lexch
   [bind SAL]     langkit_support
   [gprlib]       gpr2.lexch
   [archive]      libgnatcoll_projects.a
   [archive]      libgpr2.a
   [index]        libgnatcoll_projects.a
   [Ada]          b__langkit_support.adb
   [gprlib]       adalang.lexch
   [objcopy]      p__langkit_support_1.o
   [archive]      liblangkit_support.a
   [index]        liblangkit_support.a
   [index]        libgpr2.a
   [gprlib]       templates_parser.lexch
   [gprlib]       lal_tools.lexch
   [archive]      libtemplates_parser.a
   [bind SAL]     adalang
   [index]        libtemplates_parser.a
   [Ada]          b__adalang.adb
   [objcopy]      p__adalang_0.o
   [archive]      libadalang.a
   [index]        libadalang.a
   [archive]      liblal_tools.a
   [index]        liblal_tools.a
Note: Building libadalang_tools=26.0.0/src/build.gpr (2/2)...
Setup
   [mkdir]        exec directory for project Build
Compile
   [Ada]          pp-main.adb
   [Ada]          metrics-main.adb
   [Ada]          stub-main.adb
   [Ada]          utils-var_length_ints-test.adb
Bind
   [gprbind]      pp-main.bexch
   [Ada]          pp-main.ali
   [gprbind]      metrics-main.bexch
   [Ada]          metrics-main.ali
   [gprbind]      stub-main.bexch
   [Ada]          stub-main.ali
   [gprbind]      utils-var_length_ints-test.bexch
   [Ada]          utils-var_length_ints-test.ali
Link
   [link]         pp-main.adb
Using built-in specs.
COLLECT_GCC=/root/.local/share/alire/toolchains/gnat_native_15.2.1_4640d4b3/bin/gcc
COLLECT_LTO_WRAPPER=/root/.local/share/alire/toolchains/gnat_native_15.2.1_4640d4b3/bin/../libexec/gcc/x86_64-pc-linux-gnu/15.2.0/lto-wrapper
Target: x86_64-pc-linux-gnu
Configured with: ../src/configure --prefix=/home/runner/work/GNAT-FSF-builds/GNAT-FSF-builds/sbx/x86_64-linux/gcc/install --with-build-time-tools=/home/runner/work/GNAT-FSF-builds/GNAT-FSF-builds/sbx/x86_64-linux/binutils/install/bin --enable-languages=c,ada,c++ --enable-libstdcxx --enable-libstdcxx-threads --enable-libada --disable-nls --without-libiconv-prefix --disable-libstdcxx-pch --enable-lto --disable-multilib --enable-threads=posix --enable-default-pie --with-gnu-ld --with-gnu-as --with-mpfr=/home/runner/work/GNAT-FSF-builds/GNAT-FSF-builds/sbx/x86_64-linux/mpfr/install --with-gmp=/home/runner/work/GNAT-FSF-builds/GNAT-FSF-builds/sbx/x86_64-linux/gmp/install --with-mpc=/home/runner/work/GNAT-FSF-builds/GNAT-FSF-builds/sbx/x86_64-linux/mpc/install --with-isl=/home/runner/work/GNAT-FSF-builds/GNAT-FSF-builds/sbx/x86_64-linux/isl/install --build=x86_64-pc-linux-gnu
Thread model: posix
Supported LTO compression algorithms: zlib zstd
gcc version 15.2.0 (GCC) 
COMPILER_PATH=/root/.local/share/alire/toolchains/gnat_native_15.2.1_4640d4b3/bin/../libexec/gcc/x86_64-pc-linux-gnu/15.2.0/:/root/.local/share/alire/toolchains/gnat_native_15.2.1_4640d4b3/bin/../libexec/gcc/:/root/.local/share/alire/toolchains/gnat_native_15.2.1_4640d4b3/bin/../lib/gcc/x86_64-pc-linux-gnu/15.2.0/../../../../x86_64-pc-linux-gnu/bin/
LIBRARY_PATH=/root/.local/share/alire/toolchains/gnat_native_15.2.1_4640d4b3/bin/../lib/gcc/x86_64-pc-linux-gnu/15.2.0/:/root/.local/share/alire/toolchains/gnat_native_15.2.1_4640d4b3/bin/../lib/gcc/:/root/.local/share/alire/toolchains/gnat_native_15.2.1_4640d4b3/lib64/../lib64/:/root/.local/share/alire/toolchains/gnat_native_15.2.1_4640d4b3/bin/../lib/gcc/x86_64-pc-linux-gnu/15.2.0/../../../../lib64/:/lib/../lib64/:/usr/lib/../lib64/:/root/.local/share/alire/toolchains/gnat_native_15.2.1_4640d4b3/lib64/:/root/.local/share/alire/toolchains/gnat_native_15.2.1_4640d4b3/bin/../lib/gcc/x86_64-pc-linux-gnu/15.2.0/../../../../x86_64-pc-linux-gnu/lib/:/root/.local/share/alire/toolchains/gnat_native_15.2.1_4640d4b3/bin/../lib/gcc/x86_64-pc-linux-gnu/15.2.0/../../../:/lib/:/usr/lib/
COLLECT_GCC_OPTIONS='-v' '-L/home/runner/work/alire-crates-ci/alire-crates-ci/test/9ee51c62-9323-4915-a1d0-609ebee72f7a/libadalang_tools_26.0.0_5e58b568/obj/' '-L/home/runner/work/alire-crates-ci/alire-crates-ci/test/9ee51c62-9323-4915-a1d0-609ebee72f7a/libadalang_tools_26.0.0_5e58b568/obj/' '-L/home/runner/work/alire-crates-ci/alire-crates-ci/test/9ee51c62-9323-4915-a1d0-609ebee72f7a/libadalang_tools_26.0.0_5e58b568/lib/static/' '-L/root/.local/share/alire/builds/libadalang_26.0.0_75276b8d/17865b44eacec0955b7c3fabbe55137abc7f3af670d17550f47c0e6c562460a9/lib/static/prod/' '-L/root/.local/share/alire/builds/gnatcoll_26.0.0_cc5dd0a1/7ccbed38d8b88fe1ce3c718d0f0a1da149c4b5af155bbe12ed9d190dcda52463/core/lib/gnatcoll_core/static/' '-L/root/.local/share/alire/builds/gnatcoll_minimal_26.0.0_cc5dd0a1/d137b4ee70b6031ff2799d79fd7375d2fb07b14760e1adabd5016578ac166b27/minimal/lib/gnatcoll_core/static/' '-L/root/.local/share/alire/builds/gnatcoll_gmp_26.0.0_dacec6f3/242aa4cd4e9577b95d7699186629be7359b559da44c5f7e45241e32597386b75/gmp/lib/static/' '-L/root/.local/share/alire/builds/gnatcoll_iconv_26.0.0_dacec6f3/d1258d23fa2c3c572b42d1be324729c01932fc26e134f4a60de50330d4eff2f2/iconv/lib/static/' '-L/root/.local/share/alire/builds/prettier_ada_26.0.0_8fa12a56/c0e16bed926013cab9ac8f3d9d0b612e53cc00341e92e2693612f48f1dc73df9/lib/static/prod/' '-L/root/.local/share/alire/builds/vss_text_26.0.0_940443ab/807d489dad549ca7a529f99d7e6d6f87b7990eb047774ea5ac8de549979fa662/.libs/release/static/' '-L/root/.local/share/alire/builds/langkit_support_26.0.0_1745168f/9d34587aee544995b29cdedd6d270e9ca0911ed365294b345a3cbc4ff1e7487c/langkit/support/lib/static/prod/' '-L/root/.local/share/alire/builds/adasat_26.0.0_37336738/2a5845590e1303cdf58f2ded562f527208b1bf04f9b02c04b9df45521f807b00/lib/static/dev/' '-L/root/.local/share/alire/builds/gnatcoll_projects_26.0.0_cc5dd0a1/820330ee961417df4d70c7352c62718516bbbbb09e9a8aea75f5f0c6fadd0e1b/projects/lib/gnatcoll_projects/static/' '-L/root/.local/share/alire/builds/libgpr_26.0.0_600d4a7b/898697edbd36c8afcc5f7e7d8b54549034786b2dfc89e605e8215445ca6daf73/gpr/lib/production/static/' '-L/root/.local/share/alire/builds/xmlada_26.0.0_b140ed4a/54b8410df82982d5b212b4b593da38f8a47a2b381e690b580ca8e3b2e5b32e2b/unicode/lib/static/' '-L/root/.local/share/alire/builds/xmlada_26.0.0_b140ed4a/54b8410df82982d5b212b4b593da38f8a47a2b381e690b580ca8e3b2e5b32e2b/sax/lib/static/' '-L/root/.local/share/alire/builds/xmlada_26.0.0_b140ed4a/54b8410df82982d5b212b4b593da38f8a47a2b381e690b580ca8e3b2e5b32e2b/input_sources/lib/static/' '-L/root/.local/share/alire/builds/xmlada_26.0.0_b140ed4a/54b8410df82982d5b212b4b593da38f8a47a2b381e690b580ca8e3b2e5b32e2b/dom/lib/static/' '-L/root/.local/share/alire/builds/xmlada_26.0.0_b140ed4a/54b8410df82982d5b212b4b593da38f8a47a2b381e690b580ca8e3b2e5b32e2b/schema/lib/static/' '-L/root/.local/share/alire/builds/libgpr2_26.0.0_99e9d2cd/e447d89df14cf9038978ecabd6a8e2a8f95d33e0d40a6d61acf440174b2837fc/.build/release/lib-static/' '-L/root/.local/share/alire/builds/templates_parser_26.0.0_bc2b9480/d93a14a07b6fecda15ecbe5d252834a410780ef4d2b8acc421e8fbce732af5a6/.build/lib/' '-L/root/.local/share/alire/toolchains/gnat_native_15.2.1_4640d4b3/lib/gcc/x86_64-pc-linux-gnu/15.2.0/adalib/' '-static-libgcc' '-L/root/.local/share/alire/builds/libadalang_26.0.0_75276b8d/17865b44eacec0955b7c3fabbe55137abc7f3af670d17550f47c0e6c562460a9/obj/prod/' '-L/root/.local/share/alire/builds/libgpr2_26.0.0_99e9d2cd/e447d89df14cf9038978ecabd6a8e2a8f95d33e0d40a6d61acf440174b2837fc/.build/release/lib-static/' '-L/root/.local/share/alire/builds/xmlada_26.0.0_b140ed4a/54b8410df82982d5b212b4b593da38f8a47a2b381e690b580ca8e3b2e5b32e2b/schema/lib/static/' '-L/root/.local/share/alire/builds/xmlada_26.0.0_b140ed4a/54b8410df82982d5b212b4b593da38f8a47a2b381e690b580ca8e3b2e5b32e2b/dom/lib/static/' '-L/root/.local/share/alire/builds/xmlada_26.0.0_b140ed4a/54b8410df82982d5b212b4b593da38f8a47a2b381e690b580ca8e3b2e5b32e2b/input_sources/lib/static/' '-L/root/.local/share/alire/builds/xmlada_26.0.0_b140ed4a/54b8410df82982d5b212b4b593da38f8a47a2b381e690b580ca8e3b2e5b32e2b/sax/lib/static/' '-L/root/.local/share/alire/builds/xmlada_26.0.0_b140ed4a/54b8410df82982d5b212b4b593da38f8a47a2b381e690b580ca8e3b2e5b32e2b/unicode/lib/static/' '-L/root/.local/share/alire/builds/libgpr_26.0.0_600d4a7b/898697edbd36c8afcc5f7e7d8b54549034786b2dfc89e605e8215445ca6daf73/gpr/lib/production/static/' '-L/root/.local/share/alire/builds/gnatcoll_projects_26.0.0_cc5dd0a1/820330ee961417df4d70c7352c62718516bbbbb09e9a8aea75f5f0c6fadd0e1b/projects/lib/gnatcoll_projects/static/' '-L/root/.local/share/alire/builds/adasat_26.0.0_37336738/2a5845590e1303cdf58f2ded562f527208b1bf04f9b02c04b9df45521f807b00/lib/static/dev/' '-L/root/.local/share/alire/builds/langkit_support_26.0.0_1745168f/9d34587aee544995b29cdedd6d270e9ca0911ed365294b345a3cbc4ff1e7487c/langkit/support/lib/static/prod/' '-L/root/.local/share/alire/builds/vss_text_26.0.0_940443ab/807d489dad549ca7a529f99d7e6d6f87b7990eb047774ea5ac8de549979fa662/.libs/release/static/' '-L/root/.local/share/alire/builds/prettier_ada_26.0.0_8fa12a56/c0e16bed926013cab9ac8f3d9d0b612e53cc00341e92e2693612f48f1dc73df9/lib/static/prod/' '-L/root/.local/share/alire/builds/gnatcoll_iconv_26.0.0_dacec6f3/d1258d23fa2c3c572b42d1be324729c01932fc26e134f4a60de50330d4eff2f2/iconv/lib/static/' '-L/root/.local/share/alire/builds/gnatcoll_gmp_26.0.0_dacec6f3/242aa4cd4e9577b95d7699186629be7359b559da44c5f7e45241e32597386b75/gmp/lib/static/' '-L/root/.local/share/alire/builds/gnatcoll_minimal_26.0.0_cc5dd0a1/d137b4ee70b6031ff2799d79fd7375d2fb07b14760e1adabd5016578ac166b27/minimal/lib/gnatcoll_core/static/' '-L/root/.local/share/alire/builds/gnatcoll_26.0.0_cc5dd0a1/7ccbed38d8b88fe1ce3c718d0f0a1da149c4b5af155bbe12ed9d190dcda52463/core/lib/gnatcoll_core/static/' '-L/root/.local/share/alire/toolchains/gnat_native_15.2.1_4640d4b3/lib/gcc/x86_64-pc-linux-gnu/15.2.0/adalib/' '-L/root/.local/share/alire/builds/langkit_support_26.0.0_1745168f/9d34587aee544995b29cdedd6d270e9ca0911ed365294b345a3cbc4ff1e7487c/langkit/support/obj/prod/' '-o' '/home/runner/work/alire-crates-ci/alire-crates-ci/test/9ee51c62-9323-4915-a1d0-609ebee72f7a/libadalang_tools_26.0.0_5e58b568/bin//gnatpp' '-mtune=generic' '-march=x86-64' '-dumpdir' '/home/runner/work/alire-crates-ci/alire-crates-ci/test/9ee51c62-9323-4915-a1d0-609ebee72f7a/libadalang_tools_26.0.0_5e58b568/bin//gnatpp.'
 /root/.local/share/alire/toolchains/gnat_native_15.2.1_4640d4b3/bin/../libexec/gcc/x86_64-pc-linux-gnu/15.2.0/collect2 -plugin /root/.local/share/alire/toolchains/gnat_native_15.2.1_4640d4b3/bin/../libexec/gcc/x86_64-pc-linux-gnu/15.2.0/liblto_plugin.so -plugin-opt=/root/.local/share/alire/toolchains/gnat_native_15.2.1_4640d4b3/bin/../libexec/gcc/x86_64-pc-linux-gnu/15.2.0/lto-wrapper -plugin-opt=-fresolution=/tmp/ccmT9Snc.res -plugin-opt=-pass-through=-lgcc -plugin-opt=-pass-through=-lgcc_eh -plugin-opt=-pass-through=-lc -plugin-opt=-pass-through=-lgcc -plugin-opt=-pass-through=-lgcc_eh --eh-frame-hdr -m elf_x86_64 -dynamic-linker /lib64/ld-linux-x86-64.so.2 -pie -o /home/runner/work/alire-crates-ci/alire-crates-ci/test/9ee51c62-9323-4915-a1d0-609ebee72f7a/libadalang_tools_26.0.0_5e58b568/bin//gnatpp /lib/../lib64/Scrt1.o /lib/../lib64/crti.o /root/.local/share/alire/toolchains/gnat_native_15.2.1_4640d4b3/bin/../lib/gcc/x86_64-pc-linux-gnu/15.2.0/crtbeginS.o @/tmp/ccvCMD5Q -L/root/.local/share/alire/toolchains/gnat_native_15.2.1_4640d4b3/bin/../lib/gcc/x86_64-pc-linux-gnu/15.2.0 -L/root/.local/share/alire/toolchains/gnat_native_15.2.1_4640d4b3/bin/../lib/gcc -L/root/.local/share/alire/toolchains/gnat_native_15.2.1_4640d4b3/lib64/../lib64 -L/root/.local/share/alire/toolchains/gnat_native_15.2.1_4640d4b3/bin/../lib/gcc/x86_64-pc-linux-gnu/15.2.0/../../../../lib64 -L/lib/../lib64 -L/usr/lib/../lib64 -L/root/.local/share/alire/toolchains/gnat_native_15.2.1_4640d4b3/lib64 -L/root/.local/share/alire/toolchains/gnat_native_15.2.1_4640d4b3/bin/../lib/gcc/x86_64-pc-linux-gnu/15.2.0/../../../../x86_64-pc-linux-gnu/lib -L/root/.local/share/alire/toolchains/gnat_native_15.2.1_4640d4b3/bin/../lib/gcc/x86_64-pc-linux-gnu/15.2.0/../../.. -L/lib -L/usr/lib @/tmp/ccmHXkBO -lgcc -lgcc_eh -lc -lgcc -lgcc_eh /root/.local/share/alire/toolchains/gnat_native_15.2.1_4640d4b3/bin/../lib/gcc/x86_64-pc-linux-gnu/15.2.0/crtendS.o /lib/../lib64/crtn.o
   [link]         metrics-main.adb
Using built-in specs.
COLLECT_GCC=/root/.local/share/alire/toolchains/gnat_native_15.2.1_4640d4b3/bin/gcc
COLLECT_LTO_WRAPPER=/root/.local/share/alire/toolchains/gnat_native_15.2.1_4640d4b3/bin/../libexec/gcc/x86_64-pc-linux-gnu/15.2.0/lto-wrapper
Target: x86_64-pc-linux-gnu
Configured with: ../src/configure --prefix=/home/runner/work/GNAT-FSF-builds/GNAT-FSF-builds/sbx/x86_64-linux/gcc/install --with-build-time-tools=/home/runner/work/GNAT-FSF-builds/GNAT-FSF-builds/sbx/x86_64-linux/binutils/install/bin --enable-languages=c,ada,c++ --enable-libstdcxx --enable-libstdcxx-threads --enable-libada --disable-nls --without-libiconv-prefix --disable-libstdcxx-pch --enable-lto --disable-multilib --enable-threads=posix --enable-default-pie --with-gnu-ld --with-gnu-as --with-mpfr=/home/runner/work/GNAT-FSF-builds/GNAT-FSF-builds/sbx/x86_64-linux/mpfr/install --with-gmp=/home/runner/work/GNAT-FSF-builds/GNAT-FSF-builds/sbx/x86_64-linux/gmp/install --with-mpc=/home/runner/work/GNAT-FSF-builds/GNAT-FSF-builds/sbx/x86_64-linux/mpc/install --with-isl=/home/runner/work/GNAT-FSF-builds/GNAT-FSF-builds/sbx/x86_64-linux/isl/install --build=x86_64-pc-linux-gnu
Thread model: posix
Supported LTO compression algorithms: zlib zstd
gcc version 15.2.0 (GCC) 
COMPILER_PATH=/root/.local/share/alire/toolchains/gnat_native_15.2.1_4640d4b3/bin/../libexec/gcc/x86_64-pc-linux-gnu/15.2.0/:/root/.local/share/alire/toolchains/gnat_native_15.2.1_4640d4b3/bin/../libexec/gcc/:/root/.local/share/alire/toolchains/gnat_native_15.2.1_4640d4b3/bin/../lib/gcc/x86_64-pc-linux-gnu/15.2.0/../../../../x86_64-pc-linux-gnu/bin/
LIBRARY_PATH=/root/.local/share/alire/toolchains/gnat_native_15.2.1_4640d4b3/bin/../lib/gcc/x86_64-pc-linux-gnu/15.2.0/:/root/.local/share/alire/toolchains/gnat_native_15.2.1_4640d4b3/bin/../lib/gcc/:/root/.local/share/alire/toolchains/gnat_native_15.2.1_4640d4b3/lib64/../lib64/:/root/.local/share/alire/toolchains/gnat_native_15.2.1_4640d4b3/bin/../lib/gcc/x86_64-pc-linux-gnu/15.2.0/../../../../lib64/:/lib/../lib64/:/usr/lib/../lib64/:/root/.local/share/alire/toolchains/gnat_native_15.2.1_4640d4b3/lib64/:/root/.local/share/alire/toolchains/gnat_native_15.2.1_4640d4b3/bin/../lib/gcc/x86_64-pc-linux-gnu/15.2.0/../../../../x86_64-pc-linux-gnu/lib/:/root/.local/share/alire/toolchains/gnat_native_15.2.1_4640d4b3/bin/../lib/gcc/x86_64-pc-linux-gnu/15.2.0/../../../:/lib/:/usr/lib/
COLLECT_GCC_OPTIONS='-v' '-L/home/runner/work/alire-crates-ci/alire-crates-ci/test/9ee51c62-9323-4915-a1d0-609ebee72f7a/libadalang_tools_26.0.0_5e58b568/obj/' '-L/home/runner/work/alire-crates-ci/alire-crates-ci/test/9ee51c62-9323-4915-a1d0-609ebee72f7a/libadalang_tools_26.0.0_5e58b568/obj/' '-L/home/runner/work/alire-crates-ci/alire-crates-ci/test/9ee51c62-9323-4915-a1d0-609ebee72f7a/libadalang_tools_26.0.0_5e58b568/lib/static/' '-L/root/.local/share/alire/builds/libadalang_26.0.0_75276b8d/17865b44eacec0955b7c3fabbe55137abc7f3af670d17550f47c0e6c562460a9/lib/static/prod/' '-L/root/.local/share/alire/builds/gnatcoll_26.0.0_cc5dd0a1/7ccbed38d8b88fe1ce3c718d0f0a1da149c4b5af155bbe12ed9d190dcda52463/core/lib/gnatcoll_core/static/' '-L/root/.local/share/alire/builds/gnatcoll_minimal_26.0.0_cc5dd0a1/d137b4ee70b6031ff2799d79fd7375d2fb07b14760e1adabd5016578ac166b27/minimal/lib/gnatcoll_core/static/' '-L/root/.local/share/alire/builds/gnatcoll_gmp_26.0.0_dacec6f3/242aa4cd4e9577b95d7699186629be7359b559da44c5f7e45241e32597386b75/gmp/lib/static/' '-L/root/.local/share/alire/builds/gnatcoll_iconv_26.0.0_dacec6f3/d1258d23fa2c3c572b42d1be324729c01932fc26e134f4a60de50330d4eff2f2/iconv/lib/static/' '-L/root/.local/share/alire/builds/prettier_ada_26.0.0_8fa12a56/c0e16bed926013cab9ac8f3d9d0b612e53cc00341e92e2693612f48f1dc73df9/lib/static/prod/' '-L/root/.local/share/alire/builds/vss_text_26.0.0_940443ab/807d489dad549ca7a529f99d7e6d6f87b7990eb047774ea5ac8de549979fa662/.libs/release/static/' '-L/root/.local/share/alire/builds/langkit_support_26.0.0_1745168f/9d34587aee544995b29cdedd6d270e9ca0911ed365294b345a3cbc4ff1e7487c/langkit/support/lib/static/prod/' '-L/root/.local/share/alire/builds/adasat_26.0.0_37336738/2a5845590e1303cdf58f2ded562f527208b1bf04f9b02c04b9df45521f807b00/lib/static/dev/' '-L/root/.local/share/alire/builds/gnatcoll_projects_26.0.0_cc5dd0a1/820330ee961417df4d70c7352c62718516bbbbb09e9a8aea75f5f0c6fadd0e1b/projects/lib/gnatcoll_projects/static/' '-L/root/.local/share/alire/builds/libgpr_26.0.0_600d4a7b/898697edbd36c8afcc5f7e7d8b54549034786b2dfc89e605e8215445ca6daf73/gpr/lib/production/static/' '-L/root/.local/share/alire/builds/xmlada_26.0.0_b140ed4a/54b8410df82982d5b212b4b593da38f8a47a2b381e690b580ca8e3b2e5b32e2b/unicode/lib/static/' '-L/root/.local/share/alire/builds/xmlada_26.0.0_b140ed4a/54b8410df82982d5b212b4b593da38f8a47a2b381e690b580ca8e3b2e5b32e2b/sax/lib/static/' '-L/root/.local/share/alire/builds/xmlada_26.0.0_b140ed4a/54b8410df82982d5b212b4b593da38f8a47a2b381e690b580ca8e3b2e5b32e2b/input_sources/lib/static/' '-L/root/.local/share/alire/builds/xmlada_26.0.0_b140ed4a/54b8410df82982d5b212b4b593da38f8a47a2b381e690b580ca8e3b2e5b32e2b/dom/lib/static/' '-L/root/.local/share/alire/builds/xmlada_26.0.0_b140ed4a/54b8410df82982d5b212b4b593da38f8a47a2b381e690b580ca8e3b2e5b32e2b/schema/lib/static/' '-L/root/.local/share/alire/builds/libgpr2_26.0.0_99e9d2cd/e447d89df14cf9038978ecabd6a8e2a8f95d33e0d40a6d61acf440174b2837fc/.build/release/lib-static/' '-L/root/.local/share/alire/builds/templates_parser_26.0.0_bc2b9480/d93a14a07b6fecda15ecbe5d252834a410780ef4d2b8acc421e8fbce732af5a6/.build/lib/' '-L/root/.local/share/alire/toolchains/gnat_native_15.2.1_4640d4b3/lib/gcc/x86_64-pc-linux-gnu/15.2.0/adalib/' '-static-libgcc' '-L/root/.local/share/alire/builds/libadalang_26.0.0_75276b8d/17865b44eacec0955b7c3fabbe55137abc7f3af670d17550f47c0e6c562460a9/obj/prod/' '-L/root/.local/share/alire/builds/libgpr2_26.0.0_99e9d2cd/e447d89df14cf9038978ecabd6a8e2a8f95d33e0d40a6d61acf440174b2837fc/.build/release/lib-static/' '-L/root/.local/share/alire/builds/xmlada_26.0.0_b140ed4a/54b8410df82982d5b212b4b593da38f8a47a2b381e690b580ca8e3b2e5b32e2b/schema/lib/static/' '-L/root/.local/share/alire/builds/xmlada_26.0.0_b140ed4a/54b8410df82982d5b212b4b593da38f8a47a2b381e690b580ca8e3b2e5b32e2b/dom/lib/static/' '-L/root/.local/share/alire/builds/xmlada_26.0.0_b140ed4a/54b8410df82982d5b212b4b593da38f8a47a2b381e690b580ca8e3b2e5b32e2b/input_sources/lib/static/' '-L/root/.local/share/alire/builds/xmlada_26.0.0_b140ed4a/54b8410df82982d5b212b4b593da38f8a47a2b381e690b580ca8e3b2e5b32e2b/sax/lib/static/' '-L/root/.local/share/alire/builds/xmlada_26.0.0_b140ed4a/54b8410df82982d5b212b4b593da38f8a47a2b381e690b580ca8e3b2e5b32e2b/unicode/lib/static/' '-L/root/.local/share/alire/builds/libgpr_26.0.0_600d4a7b/898697edbd36c8afcc5f7e7d8b54549034786b2dfc89e605e8215445ca6daf73/gpr/lib/production/static/' '-L/root/.local/share/alire/builds/gnatcoll_projects_26.0.0_cc5dd0a1/820330ee961417df4d70c7352c62718516bbbbb09e9a8aea75f5f0c6fadd0e1b/projects/lib/gnatcoll_projects/static/' '-L/root/.local/share/alire/builds/adasat_26.0.0_37336738/2a5845590e1303cdf58f2ded562f527208b1bf04f9b02c04b9df45521f807b00/lib/static/dev/' '-L/root/.local/share/alire/builds/langkit_support_26.0.0_1745168f/9d34587aee544995b29cdedd6d270e9ca0911ed365294b345a3cbc4ff1e7487c/langkit/support/lib/static/prod/' '-L/root/.local/share/alire/builds/vss_text_26.0.0_940443ab/807d489dad549ca7a529f99d7e6d6f87b7990eb047774ea5ac8de549979fa662/.libs/release/static/' '-L/root/.local/share/alire/builds/prettier_ada_26.0.0_8fa12a56/c0e16bed926013cab9ac8f3d9d0b612e53cc00341e92e2693612f48f1dc73df9/lib/static/prod/' '-L/root/.local/share/alire/builds/gnatcoll_iconv_26.0.0_dacec6f3/d1258d23fa2c3c572b42d1be324729c01932fc26e134f4a60de50330d4eff2f2/iconv/lib/static/' '-L/root/.local/share/alire/builds/gnatcoll_gmp_26.0.0_dacec6f3/242aa4cd4e9577b95d7699186629be7359b559da44c5f7e45241e32597386b75/gmp/lib/static/' '-L/root/.local/share/alire/builds/gnatcoll_minimal_26.0.0_cc5dd0a1/d137b4ee70b6031ff2799d79fd7375d2fb07b14760e1adabd5016578ac166b27/minimal/lib/gnatcoll_core/static/' '-L/root/.local/share/alire/builds/gnatcoll_26.0.0_cc5dd0a1/7ccbed38d8b88fe1ce3c718d0f0a1da149c4b5af155bbe12ed9d190dcda52463/core/lib/gnatcoll_core/static/' '-L/root/.local/share/alire/toolchains/gnat_native_15.2.1_4640d4b3/lib/gcc/x86_64-pc-linux-gnu/15.2.0/adalib/' '-L/root/.local/share/alire/builds/langkit_support_26.0.0_1745168f/9d34587aee544995b29cdedd6d270e9ca0911ed365294b345a3cbc4ff1e7487c/langkit/support/obj/prod/' '-o' '/home/runner/work/alire-crates-ci/alire-crates-ci/test/9ee51c62-9323-4915-a1d0-609ebee72f7a/libadalang_tools_26.0.0_5e58b568/bin//gnatmetric' '-mtune=generic' '-march=x86-64' '-dumpdir' '/home/runner/work/alire-crates-ci/alire-crates-ci/test/9ee51c62-9323-4915-a1d0-609ebee72f7a/libadalang_tools_26.0.0_5e58b568/bin//gnatmetric.'
 /root/.local/share/alire/toolchains/gnat_native_15.2.1_4640d4b3/bin/../libexec/gcc/x86_64-pc-linux-gnu/15.2.0/collect2 -plugin /root/.local/share/alire/toolchains/gnat_native_15.2.1_4640d4b3/bin/../libexec/gcc/x86_64-pc-linux-gnu/15.2.0/liblto_plugin.so -plugin-opt=/root/.local/share/alire/toolchains/gnat_native_15.2.1_4640d4b3/bin/../libexec/gcc/x86_64-pc-linux-gnu/15.2.0/lto-wrapper -plugin-opt=-fresolution=/tmp/ccc2FDNQ.res -plugin-opt=-pass-through=-lgcc -plugin-opt=-pass-through=-lgcc_eh -plugin-opt=-pass-through=-lc -plugin-opt=-pass-through=-lgcc -plugin-opt=-pass-through=-lgcc_eh --eh-frame-hdr -m elf_x86_64 -dynamic-linker /lib64/ld-linux-x86-64.so.2 -pie -o /home/runner/work/alire-crates-ci/alire-crates-ci/test/9ee51c62-9323-4915-a1d0-609ebee72f7a/libadalang_tools_26.0.0_5e58b568/bin//gnatmetric /lib/../lib64/Scrt1.o /lib/../lib64/crti.o /root/.local/share/alire/toolchains/gnat_native_15.2.1_4640d4b3/bin/../lib/gcc/x86_64-pc-linux-gnu/15.2.0/crtbeginS.o @/tmp/ccsz8Hjw -L/root/.local/share/alire/toolchains/gnat_native_15.2.1_4640d4b3/bin/../lib/gcc/x86_64-pc-linux-gnu/15.2.0 -L/root/.local/share/alire/toolchains/gnat_native_15.2.1_4640d4b3/bin/../lib/gcc -L/root/.local/share/alire/toolchains/gnat_native_15.2.1_4640d4b3/lib64/../lib64 -L/root/.local/share/alire/toolchains/gnat_native_15.2.1_4640d4b3/bin/../lib/gcc/x86_64-pc-linux-gnu/15.2.0/../../../../lib64 -L/lib/../lib64 -L/usr/lib/../lib64 -L/root/.local/share/alire/toolchains/gnat_native_15.2.1_4640d4b3/lib64 -L/root/.local/share/alire/toolchains/gnat_native_15.2.1_4640d4b3/bin/../lib/gcc/x86_64-pc-linux-gnu/15.2.0/../../../../x86_64-pc-linux-gnu/lib -L/root/.local/share/alire/toolchains/gnat_native_15.2.1_4640d4b3/bin/../lib/gcc/x86_64-pc-linux-gnu/15.2.0/../../.. -L/lib -L/usr/lib @/tmp/ccphLIRq -lgcc -lgcc_eh -lc -lgcc -lgcc_eh /root/.local/share/alire/toolchains/gnat_native_15.2.1_4640d4b3/bin/../lib/gcc/x86_64-pc-linux-gnu/15.2.0/crtendS.o /lib/../lib64/crtn.o
   [link]         stub-main.adb
Using built-in specs.
COLLECT_GCC=/root/.local/share/alire/toolchains/gnat_native_15.2.1_4640d4b3/bin/gcc
COLLECT_LTO_WRAPPER=/root/.local/share/alire/toolchains/gnat_native_15.2.1_4640d4b3/bin/../libexec/gcc/x86_64-pc-linux-gnu/15.2.0/lto-wrapper
Target: x86_64-pc-linux-gnu
Configured with: ../src/configure --prefix=/home/runner/work/GNAT-FSF-builds/GNAT-FSF-builds/sbx/x86_64-linux/gcc/install --with-build-time-tools=/home/runner/work/GNAT-FSF-builds/GNAT-FSF-builds/sbx/x86_64-linux/binutils/install/bin --enable-languages=c,ada,c++ --enable-libstdcxx --enable-libstdcxx-threads --enable-libada --disable-nls --without-libiconv-prefix --disable-libstdcxx-pch --enable-lto --disable-multilib --enable-threads=posix --enable-default-pie --with-gnu-ld --with-gnu-as --with-mpfr=/home/runner/work/GNAT-FSF-builds/GNAT-FSF-builds/sbx/x86_64-linux/mpfr/install --with-gmp=/home/runner/work/GNAT-FSF-builds/GNAT-FSF-builds/sbx/x86_64-linux/gmp/install --with-mpc=/home/runner/work/GNAT-FSF-builds/GNAT-FSF-builds/sbx/x86_64-linux/mpc/install --with-isl=/home/runner/work/GNAT-FSF-builds/GNAT-FSF-builds/sbx/x86_64-linux/isl/install --build=x86_64-pc-linux-gnu
Thread model: posix
Supported LTO compression algorithms: zlib zstd
gcc version 15.2.0 (GCC) 
COMPILER_PATH=/root/.local/share/alire/toolchains/gnat_native_15.2.1_4640d4b3/bin/../libexec/gcc/x86_64-pc-linux-gnu/15.2.0/:/root/.local/share/alire/toolchains/gnat_native_15.2.1_4640d4b3/bin/../libexec/gcc/:/root/.local/share/alire/toolchains/gnat_native_15.2.1_4640d4b3/bin/../lib/gcc/x86_64-pc-linux-gnu/15.2.0/../../../../x86_64-pc-linux-gnu/bin/
LIBRARY_PATH=/root/.local/share/alire/toolchains/gnat_native_15.2.1_4640d4b3/bin/../lib/gcc/x86_64-pc-linux-gnu/15.2.0/:/root/.local/share/alire/toolchains/gnat_native_15.2.1_4640d4b3/bin/../lib/gcc/:/root/.local/share/alire/toolchains/gnat_native_15.2.1_4640d4b3/lib64/../lib64/:/root/.local/share/alire/toolchains/gnat_native_15.2.1_4640d4b3/bin/../lib/gcc/x86_64-pc-linux-gnu/15.2.0/../../../../lib64/:/lib/../lib64/:/usr/lib/../lib64/:/root/.local/share/alire/toolchains/gnat_native_15.2.1_4640d4b3/lib64/:/root/.local/share/alire/toolchains/gnat_native_15.2.1_4640d4b3/bin/../lib/gcc/x86_64-pc-linux-gnu/15.2.0/../../../../x86_64-pc-linux-gnu/lib/:/root/.local/share/alire/toolchains/gnat_native_15.2.1_4640d4b3/bin/../lib/gcc/x86_64-pc-linux-gnu/15.2.0/../../../:/lib/:/usr/lib/
COLLECT_GCC_OPTIONS='-v' '-L/home/runner/work/alire-crates-ci/alire-crates-ci/test/9ee51c62-9323-4915-a1d0-609ebee72f7a/libadalang_tools_26.0.0_5e58b568/obj/' '-L/home/runner/work/alire-crates-ci/alire-crates-ci/test/9ee51c62-9323-4915-a1d0-609ebee72f7a/libadalang_tools_26.0.0_5e58b568/obj/' '-L/home/runner/work/alire-crates-ci/alire-crates-ci/test/9ee51c62-9323-4915-a1d0-609ebee72f7a/libadalang_tools_26.0.0_5e58b568/lib/static/' '-L/root/.local/share/alire/builds/libadalang_26.0.0_75276b8d/17865b44eacec0955b7c3fabbe55137abc7f3af670d17550f47c0e6c562460a9/lib/static/prod/' '-L/root/.local/share/alire/builds/gnatcoll_26.0.0_cc5dd0a1/7ccbed38d8b88fe1ce3c718d0f0a1da149c4b5af155bbe12ed9d190dcda52463/core/lib/gnatcoll_core/static/' '-L/root/.local/share/alire/builds/gnatcoll_minimal_26.0.0_cc5dd0a1/d137b4ee70b6031ff2799d79fd7375d2fb07b14760e1adabd5016578ac166b27/minimal/lib/gnatcoll_core/static/' '-L/root/.local/share/alire/builds/gnatcoll_gmp_26.0.0_dacec6f3/242aa4cd4e9577b95d7699186629be7359b559da44c5f7e45241e32597386b75/gmp/lib/static/' '-L/root/.local/share/alire/builds/gnatcoll_iconv_26.0.0_dacec6f3/d1258d23fa2c3c572b42d1be324729c01932fc26e134f4a60de50330d4eff2f2/iconv/lib/static/' '-L/root/.local/share/alire/builds/prettier_ada_26.0.0_8fa12a56/c0e16bed926013cab9ac8f3d9d0b612e53cc00341e92e2693612f48f1dc73df9/lib/static/prod/' '-L/root/.local/share/alire/builds/vss_text_26.0.0_940443ab/807d489dad549ca7a529f99d7e6d6f87b7990eb047774ea5ac8de549979fa662/.libs/release/static/' '-L/root/.local/share/alire/builds/langkit_support_26.0.0_1745168f/9d34587aee544995b29cdedd6d270e9ca0911ed365294b345a3cbc4ff1e7487c/langkit/support/lib/static/prod/' '-L/root/.local/share/alire/builds/adasat_26.0.0_37336738/2a5845590e1303cdf58f2ded562f527208b1bf04f9b02c04b9df45521f807b00/lib/static/dev/' '-L/root/.local/share/alire/builds/gnatcoll_projects_26.0.0_cc5dd0a1/820330ee961417df4d70c7352c62718516bbbbb09e9a8aea75f5f0c6fadd0e1b/projects/lib/gnatcoll_projects/static/' '-L/root/.local/share/alire/builds/libgpr_26.0.0_600d4a7b/898697edbd36c8afcc5f7e7d8b54549034786b2dfc89e605e8215445ca6daf73/gpr/lib/production/static/' '-L/root/.local/share/alire/builds/xmlada_26.0.0_b140ed4a/54b8410df82982d5b212b4b593da38f8a47a2b381e690b580ca8e3b2e5b32e2b/unicode/lib/static/' '-L/root/.local/share/alire/builds/xmlada_26.0.0_b140ed4a/54b8410df82982d5b212b4b593da38f8a47a2b381e690b580ca8e3b2e5b32e2b/sax/lib/static/' '-L/root/.local/share/alire/builds/xmlada_26.0.0_b140ed4a/54b8410df82982d5b212b4b593da38f8a47a2b381e690b580ca8e3b2e5b32e2b/input_sources/lib/static/' '-L/root/.local/share/alire/builds/xmlada_26.0.0_b140ed4a/54b8410df82982d5b212b4b593da38f8a47a2b381e690b580ca8e3b2e5b32e2b/dom/lib/static/' '-L/root/.local/share/alire/builds/xmlada_26.0.0_b140ed4a/54b8410df82982d5b212b4b593da38f8a47a2b381e690b580ca8e3b2e5b32e2b/schema/lib/static/' '-L/root/.local/share/alire/builds/libgpr2_26.0.0_99e9d2cd/e447d89df14cf9038978ecabd6a8e2a8f95d33e0d40a6d61acf440174b2837fc/.build/release/lib-static/' '-L/root/.local/share/alire/builds/templates_parser_26.0.0_bc2b9480/d93a14a07b6fecda15ecbe5d252834a410780ef4d2b8acc421e8fbce732af5a6/.build/lib/' '-L/root/.local/share/alire/toolchains/gnat_native_15.2.1_4640d4b3/lib/gcc/x86_64-pc-linux-gnu/15.2.0/adalib/' '-static-libgcc' '-L/root/.local/share/alire/builds/libadalang_26.0.0_75276b8d/17865b44eacec0955b7c3fabbe55137abc7f3af670d17550f47c0e6c562460a9/obj/prod/' '-L/root/.local/share/alire/builds/libgpr2_26.0.0_99e9d2cd/e447d89df14cf9038978ecabd6a8e2a8f95d33e0d40a6d61acf440174b2837fc/.build/release/lib-static/' '-L/root/.local/share/alire/builds/xmlada_26.0.0_b140ed4a/54b8410df82982d5b212b4b593da38f8a47a2b381e690b580ca8e3b2e5b32e2b/schema/lib/static/' '-L/root/.local/share/alire/builds/xmlada_26.0.0_b140ed4a/54b8410df82982d5b212b4b593da38f8a47a2b381e690b580ca8e3b2e5b32e2b/dom/lib/static/' '-L/root/.local/share/alire/builds/xmlada_26.0.0_b140ed4a/54b8410df82982d5b212b4b593da38f8a47a2b381e690b580ca8e3b2e5b32e2b/input_sources/lib/static/' '-L/root/.local/share/alire/builds/xmlada_26.0.0_b140ed4a/54b8410df82982d5b212b4b593da38f8a47a2b381e690b580ca8e3b2e5b32e2b/sax/lib/static/' '-L/root/.local/share/alire/builds/xmlada_26.0.0_b140ed4a/54b8410df82982d5b212b4b593da38f8a47a2b381e690b580ca8e3b2e5b32e2b/unicode/lib/static/' '-L/root/.local/share/alire/builds/libgpr_26.0.0_600d4a7b/898697edbd36c8afcc5f7e7d8b54549034786b2dfc89e605e8215445ca6daf73/gpr/lib/production/static/' '-L/root/.local/share/alire/builds/gnatcoll_projects_26.0.0_cc5dd0a1/820330ee961417df4d70c7352c62718516bbbbb09e9a8aea75f5f0c6fadd0e1b/projects/lib/gnatcoll_projects/static/' '-L/root/.local/share/alire/builds/adasat_26.0.0_37336738/2a5845590e1303cdf58f2ded562f527208b1bf04f9b02c04b9df45521f807b00/lib/static/dev/' '-L/root/.local/share/alire/builds/langkit_support_26.0.0_1745168f/9d34587aee544995b29cdedd6d270e9ca0911ed365294b345a3cbc4ff1e7487c/langkit/support/lib/static/prod/' '-L/root/.local/share/alire/builds/vss_text_26.0.0_940443ab/807d489dad549ca7a529f99d7e6d6f87b7990eb047774ea5ac8de549979fa662/.libs/release/static/' '-L/root/.local/share/alire/builds/prettier_ada_26.0.0_8fa12a56/c0e16bed926013cab9ac8f3d9d0b612e53cc00341e92e2693612f48f1dc73df9/lib/static/prod/' '-L/root/.local/share/alire/builds/gnatcoll_iconv_26.0.0_dacec6f3/d1258d23fa2c3c572b42d1be324729c01932fc26e134f4a60de50330d4eff2f2/iconv/lib/static/' '-L/root/.local/share/alire/builds/gnatcoll_gmp_26.0.0_dacec6f3/242aa4cd4e9577b95d7699186629be7359b559da44c5f7e45241e32597386b75/gmp/lib/static/' '-L/root/.local/share/alire/builds/gnatcoll_minimal_26.0.0_cc5dd0a1/d137b4ee70b6031ff2799d79fd7375d2fb07b14760e1adabd5016578ac166b27/minimal/lib/gnatcoll_core/static/' '-L/root/.local/share/alire/builds/gnatcoll_26.0.0_cc5dd0a1/7ccbed38d8b88fe1ce3c718d0f0a1da149c4b5af155bbe12ed9d190dcda52463/core/lib/gnatcoll_core/static/' '-L/root/.local/share/alire/toolchains/gnat_native_15.2.1_4640d4b3/lib/gcc/x86_64-pc-linux-gnu/15.2.0/adalib/' '-L/root/.local/share/alire/builds/langkit_support_26.0.0_1745168f/9d34587aee544995b29cdedd6d270e9ca0911ed365294b345a3cbc4ff1e7487c/langkit/support/obj/prod/' '-o' '/home/runner/work/alire-crates-ci/alire-crates-ci/test/9ee51c62-9323-4915-a1d0-609ebee72f7a/libadalang_tools_26.0.0_5e58b568/bin//gnatstub' '-mtune=generic' '-march=x86-64' '-dumpdir' '/home/runner/work/alire-crates-ci/alire-crates-ci/test/9ee51c62-9323-4915-a1d0-609ebee72f7a/libadalang_tools_26.0.0_5e58b568/bin//gnatstub.'
 /root/.local/share/alire/toolchains/gnat_native_15.2.1_4640d4b3/bin/../libexec/gcc/x86_64-pc-linux-gnu/15.2.0/collect2 -plugin /root/.local/share/alire/toolchains/gnat_native_15.2.1_4640d4b3/bin/../libexec/gcc/x86_64-pc-linux-gnu/15.2.0/liblto_plugin.so -plugin-opt=/root/.local/share/alire/toolchains/gnat_native_15.2.1_4640d4b3/bin/../libexec/gcc/x86_64-pc-linux-gnu/15.2.0/lto-wrapper -plugin-opt=-fresolution=/tmp/ccI1c8K9.res -plugin-opt=-pass-through=-lgcc -plugin-opt=-pass-through=-lgcc_eh -plugin-opt=-pass-through=-lc -plugin-opt=-pass-through=-lgcc -plugin-opt=-pass-through=-lgcc_eh --eh-frame-hdr -m elf_x86_64 -dynamic-linker /lib64/ld-linux-x86-64.so.2 -pie -o /home/runner/work/alire-crates-ci/alire-crates-ci/test/9ee51c62-9323-4915-a1d0-609ebee72f7a/libadalang_tools_26.0.0_5e58b568/bin//gnatstub /lib/../lib64/Scrt1.o /lib/../lib64/crti.o /root/.local/share/alire/toolchains/gnat_native_15.2.1_4640d4b3/bin/../lib/gcc/x86_64-pc-linux-gnu/15.2.0/crtbeginS.o @/tmp/ccbaPjgu -L/root/.local/share/alire/toolchains/gnat_native_15.2.1_4640d4b3/bin/../lib/gcc/x86_64-pc-linux-gnu/15.2.0 -L/root/.local/share/alire/toolchains/gnat_native_15.2.1_4640d4b3/bin/../lib/gcc -L/root/.local/share/alire/toolchains/gnat_native_15.2.1_4640d4b3/lib64/../lib64 -L/root/.local/share/alire/toolchains/gnat_native_15.2.1_4640d4b3/bin/../lib/gcc/x86_64-pc-linux-gnu/15.2.0/../../../../lib64 -L/lib/../lib64 -L/usr/lib/../lib64 -L/root/.local/share/alire/toolchains/gnat_native_15.2.1_4640d4b3/lib64 -L/root/.local/share/alire/toolchains/gnat_native_15.2.1_4640d4b3/bin/../lib/gcc/x86_64-pc-linux-gnu/15.2.0/../../../../x86_64-pc-linux-gnu/lib -L/root/.local/share/alire/toolchains/gnat_native_15.2.1_4640d4b3/bin/../lib/gcc/x86_64-pc-linux-gnu/15.2.0/../../.. -L/lib -L/usr/lib @/tmp/ccvtsGGc -lgcc -lgcc_eh -lc -lgcc -lgcc_eh /root/.local/share/alire/toolchains/gnat_native_15.2.1_4640d4b3/bin/../lib/gcc/x86_64-pc-linux-gnu/15.2.0/crtendS.o /lib/../lib64/crtn.o
   [link]         utils-var_length_ints-test.adb
Using built-in specs.
COLLECT_GCC=/root/.local/share/alire/toolchains/gnat_native_15.2.1_4640d4b3/bin/gcc
COLLECT_LTO_WRAPPER=/root/.local/share/alire/toolchains/gnat_native_15.2.1_4640d4b3/bin/../libexec/gcc/x86_64-pc-linux-gnu/15.2.0/lto-wrapper
Target: x86_64-pc-linux-gnu
Configured with: ../src/configure --prefix=/home/runner/work/GNAT-FSF-builds/GNAT-FSF-builds/sbx/x86_64-linux/gcc/install --with-build-time-tools=/home/runner/work/GNAT-FSF-builds/GNAT-FSF-builds/sbx/x86_64-linux/binutils/install/bin --enable-languages=c,ada,c++ --enable-libstdcxx --enable-libstdcxx-threads --enable-libada --disable-nls --without-libiconv-prefix --disable-libstdcxx-pch --enable-lto --disable-multilib --enable-threads=posix --enable-default-pie --with-gnu-ld --with-gnu-as --with-mpfr=/home/runner/work/GNAT-FSF-builds/GNAT-FSF-builds/sbx/x86_64-linux/mpfr/install --with-gmp=/home/runner/work/GNAT-FSF-builds/GNAT-FSF-builds/sbx/x86_64-linux/gmp/install --with-mpc=/home/runner/work/GNAT-FSF-builds/GNAT-FSF-builds/sbx/x86_64-linux/mpc/install --with-isl=/home/runner/work/GNAT-FSF-builds/GNAT-FSF-builds/sbx/x86_64-linux/isl/install --build=x86_64-pc-linux-gnu
Thread model: posix
Supported LTO compression algorithms: zlib zstd
gcc version 15.2.0 (GCC) 
COMPILER_PATH=/root/.local/share/alire/toolchains/gnat_native_15.2.1_4640d4b3/bin/../libexec/gcc/x86_64-pc-linux-gnu/15.2.0/:/root/.local/share/alire/toolchains/gnat_native_15.2.1_4640d4b3/bin/../libexec/gcc/:/root/.local/share/alire/toolchains/gnat_native_15.2.1_4640d4b3/bin/../lib/gcc/x86_64-pc-linux-gnu/15.2.0/../../../../x86_64-pc-linux-gnu/bin/
LIBRARY_PATH=/root/.local/share/alire/toolchains/gnat_native_15.2.1_4640d4b3/bin/../lib/gcc/x86_64-pc-linux-gnu/15.2.0/:/root/.local/share/alire/toolchains/gnat_native_15.2.1_4640d4b3/bin/../lib/gcc/:/root/.local/share/alire/toolchains/gnat_native_15.2.1_4640d4b3/lib64/../lib64/:/root/.local/share/alire/toolchains/gnat_native_15.2.1_4640d4b3/bin/../lib/gcc/x86_64-pc-linux-gnu/15.2.0/../../../../lib64/:/lib/../lib64/:/usr/lib/../lib64/:/root/.local/share/alire/toolchains/gnat_native_15.2.1_4640d4b3/lib64/:/root/.local/share/alire/toolchains/gnat_native_15.2.1_4640d4b3/bin/../lib/gcc/x86_64-pc-linux-gnu/15.2.0/../../../../x86_64-pc-linux-gnu/lib/:/root/.local/share/alire/toolchains/gnat_native_15.2.1_4640d4b3/bin/../lib/gcc/x86_64-pc-linux-gnu/15.2.0/../../../:/lib/:/usr/lib/
COLLECT_GCC_OPTIONS='-v' '-L/home/runner/work/alire-crates-ci/alire-crates-ci/test/9ee51c62-9323-4915-a1d0-609ebee72f7a/libadalang_tools_26.0.0_5e58b568/obj/' '-L/home/runner/work/alire-crates-ci/alire-crates-ci/test/9ee51c62-9323-4915-a1d0-609ebee72f7a/libadalang_tools_26.0.0_5e58b568/obj/' '-L/home/runner/work/alire-crates-ci/alire-crates-ci/test/9ee51c62-9323-4915-a1d0-609ebee72f7a/libadalang_tools_26.0.0_5e58b568/lib/static/' '-L/root/.local/share/alire/builds/libadalang_26.0.0_75276b8d/17865b44eacec0955b7c3fabbe55137abc7f3af670d17550f47c0e6c562460a9/lib/static/prod/' '-L/root/.local/share/alire/builds/gnatcoll_26.0.0_cc5dd0a1/7ccbed38d8b88fe1ce3c718d0f0a1da149c4b5af155bbe12ed9d190dcda52463/core/lib/gnatcoll_core/static/' '-L/root/.local/share/alire/builds/gnatcoll_minimal_26.0.0_cc5dd0a1/d137b4ee70b6031ff2799d79fd7375d2fb07b14760e1adabd5016578ac166b27/minimal/lib/gnatcoll_core/static/' '-L/root/.local/share/alire/builds/gnatcoll_gmp_26.0.0_dacec6f3/242aa4cd4e9577b95d7699186629be7359b559da44c5f7e45241e32597386b75/gmp/lib/static/' '-L/root/.local/share/alire/builds/gnatcoll_iconv_26.0.0_dacec6f3/d1258d23fa2c3c572b42d1be324729c01932fc26e134f4a60de50330d4eff2f2/iconv/lib/static/' '-L/root/.local/share/alire/builds/prettier_ada_26.0.0_8fa12a56/c0e16bed926013cab9ac8f3d9d0b612e53cc00341e92e2693612f48f1dc73df9/lib/static/prod/' '-L/root/.local/share/alire/builds/vss_text_26.0.0_940443ab/807d489dad549ca7a529f99d7e6d6f87b7990eb047774ea5ac8de549979fa662/.libs/release/static/' '-L/root/.local/share/alire/builds/langkit_support_26.0.0_1745168f/9d34587aee544995b29cdedd6d270e9ca0911ed365294b345a3cbc4ff1e7487c/langkit/support/lib/static/prod/' '-L/root/.local/share/alire/builds/adasat_26.0.0_37336738/2a5845590e1303cdf58f2ded562f527208b1bf04f9b02c04b9df45521f807b00/lib/static/dev/' '-L/root/.local/share/alire/builds/gnatcoll_projects_26.0.0_cc5dd0a1/820330ee961417df4d70c7352c62718516bbbbb09e9a8aea75f5f0c6fadd0e1b/projects/lib/gnatcoll_projects/static/' '-L/root/.local/share/alire/builds/libgpr_26.0.0_600d4a7b/898697edbd36c8afcc5f7e7d8b54549034786b2dfc89e605e8215445ca6daf73/gpr/lib/production/static/' '-L/root/.local/share/alire/builds/xmlada_26.0.0_b140ed4a/54b8410df82982d5b212b4b593da38f8a47a2b381e690b580ca8e3b2e5b32e2b/unicode/lib/static/' '-L/root/.local/share/alire/builds/xmlada_26.0.0_b140ed4a/54b8410df82982d5b212b4b593da38f8a47a2b381e690b580ca8e3b2e5b32e2b/sax/lib/static/' '-L/root/.local/share/alire/builds/xmlada_26.0.0_b140ed4a/54b8410df82982d5b212b4b593da38f8a47a2b381e690b580ca8e3b2e5b32e2b/input_sources/lib/static/' '-L/root/.local/share/alire/builds/xmlada_26.0.0_b140ed4a/54b8410df82982d5b212b4b593da38f8a47a2b381e690b580ca8e3b2e5b32e2b/dom/lib/static/' '-L/root/.local/share/alire/builds/xmlada_26.0.0_b140ed4a/54b8410df82982d5b212b4b593da38f8a47a2b381e690b580ca8e3b2e5b32e2b/schema/lib/static/' '-L/root/.local/share/alire/builds/libgpr2_26.0.0_99e9d2cd/e447d89df14cf9038978ecabd6a8e2a8f95d33e0d40a6d61acf440174b2837fc/.build/release/lib-static/' '-L/root/.local/share/alire/builds/templates_parser_26.0.0_bc2b9480/d93a14a07b6fecda15ecbe5d252834a410780ef4d2b8acc421e8fbce732af5a6/.build/lib/' '-L/root/.local/share/alire/toolchains/gnat_native_15.2.1_4640d4b3/lib/gcc/x86_64-pc-linux-gnu/15.2.0/adalib/' '-static-libgcc' '-L/root/.local/share/alire/builds/libadalang_26.0.0_75276b8d/17865b44eacec0955b7c3fabbe55137abc7f3af670d17550f47c0e6c562460a9/obj/prod/' '-L/root/.local/share/alire/builds/libgpr2_26.0.0_99e9d2cd/e447d89df14cf9038978ecabd6a8e2a8f95d33e0d40a6d61acf440174b2837fc/.build/release/lib-static/' '-L/root/.local/share/alire/builds/xmlada_26.0.0_b140ed4a/54b8410df82982d5b212b4b593da38f8a47a2b381e690b580ca8e3b2e5b32e2b/schema/lib/static/' '-L/root/.local/share/alire/builds/xmlada_26.0.0_b140ed4a/54b8410df82982d5b212b4b593da38f8a47a2b381e690b580ca8e3b2e5b32e2b/dom/lib/static/' '-L/root/.local/share/alire/builds/xmlada_26.0.0_b140ed4a/54b8410df82982d5b212b4b593da38f8a47a2b381e690b580ca8e3b2e5b32e2b/input_sources/lib/static/' '-L/root/.local/share/alire/builds/xmlada_26.0.0_b140ed4a/54b8410df82982d5b212b4b593da38f8a47a2b381e690b580ca8e3b2e5b32e2b/sax/lib/static/' '-L/root/.local/share/alire/builds/xmlada_26.0.0_b140ed4a/54b8410df82982d5b212b4b593da38f8a47a2b381e690b580ca8e3b2e5b32e2b/unicode/lib/static/' '-L/root/.local/share/alire/builds/libgpr_26.0.0_600d4a7b/898697edbd36c8afcc5f7e7d8b54549034786b2dfc89e605e8215445ca6daf73/gpr/lib/production/static/' '-L/root/.local/share/alire/builds/gnatcoll_projects_26.0.0_cc5dd0a1/820330ee961417df4d70c7352c62718516bbbbb09e9a8aea75f5f0c6fadd0e1b/projects/lib/gnatcoll_projects/static/' '-L/root/.local/share/alire/builds/adasat_26.0.0_37336738/2a5845590e1303cdf58f2ded562f527208b1bf04f9b02c04b9df45521f807b00/lib/static/dev/' '-L/root/.local/share/alire/builds/langkit_support_26.0.0_1745168f/9d34587aee544995b29cdedd6d270e9ca0911ed365294b345a3cbc4ff1e7487c/langkit/support/lib/static/prod/' '-L/root/.local/share/alire/builds/vss_text_26.0.0_940443ab/807d489dad549ca7a529f99d7e6d6f87b7990eb047774ea5ac8de549979fa662/.libs/release/static/' '-L/root/.local/share/alire/builds/prettier_ada_26.0.0_8fa12a56/c0e16bed926013cab9ac8f3d9d0b612e53cc00341e92e2693612f48f1dc73df9/lib/static/prod/' '-L/root/.local/share/alire/builds/gnatcoll_iconv_26.0.0_dacec6f3/d1258d23fa2c3c572b42d1be324729c01932fc26e134f4a60de50330d4eff2f2/iconv/lib/static/' '-L/root/.local/share/alire/builds/gnatcoll_gmp_26.0.0_dacec6f3/242aa4cd4e9577b95d7699186629be7359b559da44c5f7e45241e32597386b75/gmp/lib/static/' '-L/root/.local/share/alire/builds/gnatcoll_minimal_26.0.0_cc5dd0a1/d137b4ee70b6031ff2799d79fd7375d2fb07b14760e1adabd5016578ac166b27/minimal/lib/gnatcoll_core/static/' '-L/root/.local/share/alire/builds/gnatcoll_26.0.0_cc5dd0a1/7ccbed38d8b88fe1ce3c718d0f0a1da149c4b5af155bbe12ed9d190dcda52463/core/lib/gnatcoll_core/static/' '-L/root/.local/share/alire/toolchains/gnat_native_15.2.1_4640d4b3/lib/gcc/x86_64-pc-linux-gnu/15.2.0/adalib/' '-L/root/.local/share/alire/builds/langkit_support_26.0.0_1745168f/9d34587aee544995b29cdedd6d270e9ca0911ed365294b345a3cbc4ff1e7487c/langkit/support/obj/prod/' '-o' '/home/runner/work/alire-crates-ci/alire-crates-ci/test/9ee51c62-9323-4915-a1d0-609ebee72f7a/libadalang_tools_26.0.0_5e58b568/bin//utils-var_length_ints-test' '-mtune=generic' '-march=x86-64' '-dumpdir' '/home/runner/work/alire-crates-ci/alire-crates-ci/test/9ee51c62-9323-4915-a1d0-609ebee72f7a/libadalang_tools_26.0.0_5e58b568/bin//utils-var_length_ints-test.'
 /root/.local/share/alire/toolchains/gnat_native_15.2.1_4640d4b3/bin/../libexec/gcc/x86_64-pc-linux-gnu/15.2.0/collect2 -plugin /root/.local/share/alire/toolchains/gnat_native_15.2.1_4640d4b3/bin/../libexec/gcc/x86_64-pc-linux-gnu/15.2.0/liblto_plugin.so -plugin-opt=/root/.local/share/alire/toolchains/gnat_native_15.2.1_4640d4b3/bin/../libexec/gcc/x86_64-pc-linux-gnu/15.2.0/lto-wrapper -plugin-opt=-fresolution=/tmp/ccTb9yHr.res -plugin-opt=-pass-through=-lgcc -plugin-opt=-pass-through=-lgcc_eh -plugin-opt=-pass-through=-lc -plugin-opt=-pass-through=-lgcc -plugin-opt=-pass-through=-lgcc_eh --eh-frame-hdr -m elf_x86_64 -dynamic-linker /lib64/ld-linux-x86-64.so.2 -pie -o /home/runner/work/alire-crates-ci/alire-crates-ci/test/9ee51c62-9323-4915-a1d0-609ebee72f7a/libadalang_tools_26.0.0_5e58b568/bin//utils-var_length_ints-test /lib/../lib64/Scrt1.o /lib/../lib64/crti.o /root/.local/share/alire/toolchains/gnat_native_15.2.1_4640d4b3/bin/../lib/gcc/x86_64-pc-linux-gnu/15.2.0/crtbeginS.o @/tmp/ccbYLIK8 -L/root/.local/share/alire/toolchains/gnat_native_15.2.1_4640d4b3/bin/../lib/gcc/x86_64-pc-linux-gnu/15.2.0 -L/root/.local/share/alire/toolchains/gnat_native_15.2.1_4640d4b3/bin/../lib/gcc -L/root/.local/share/alire/toolchains/gnat_native_15.2.1_4640d4b3/lib64/../lib64 -L/root/.local/share/alire/toolchains/gnat_native_15.2.1_4640d4b3/bin/../lib/gcc/x86_64-pc-linux-gnu/15.2.0/../../../../lib64 -L/lib/../lib64 -L/usr/lib/../lib64 -L/root/.local/share/alire/toolchains/gnat_native_15.2.1_4640d4b3/lib64 -L/root/.local/share/alire/toolchains/gnat_native_15.2.1_4640d4b3/bin/../lib/gcc/x86_64-pc-linux-gnu/15.2.0/../../../../x86_64-pc-linux-gnu/lib -L/root/.local/share/alire/toolchains/gnat_native_15.2.1_4640d4b3/bin/../lib/gcc/x86_64-pc-linux-gnu/15.2.0/../../.. -L/lib -L/usr/lib @/tmp/ccKmUqrh -lgcc -lgcc_eh -lc -lgcc -lgcc_eh /root/.local/share/alire/toolchains/gnat_native_15.2.1_4640d4b3/bin/../lib/gcc/x86_64-pc-linux-gnu/15.2.0/crtendS.o /lib/../lib64/crtn.o
COLLECT_GCC_OPTIONS='-v' '-L/home/runner/work/alire-crates-ci/alire-crates-ci/test/9ee51c62-9323-4915-a1d0-609ebee72f7a/libadalang_tools_26.0.0_5e58b568/obj/' '-L/home/runner/work/alire-crates-ci/alire-crates-ci/test/9ee51c62-9323-4915-a1d0-609ebee72f7a/libadalang_tools_26.0.0_5e58b568/obj/' '-L/home/runner/work/alire-crates-ci/alire-crates-ci/test/9ee51c62-9323-4915-a1d0-609ebee72f7a/libadalang_tools_26.0.0_5e58b568/lib/static/' '-L/root/.local/share/alire/builds/libadalang_26.0.0_75276b8d/17865b44eacec0955b7c3fabbe55137abc7f3af670d17550f47c0e6c562460a9/lib/static/prod/' '-L/root/.local/share/alire/builds/gnatcoll_26.0.0_cc5dd0a1/7ccbed38d8b88fe1ce3c718d0f0a1da149c4b5af155bbe12ed9d190dcda52463/core/lib/gnatcoll_core/static/' '-L/root/.local/share/alire/builds/gnatcoll_minimal_26.0.0_cc5dd0a1/d137b4ee70b6031ff2799d79fd7375d2fb07b14760e1adabd5016578ac166b27/minimal/lib/gnatcoll_core/static/' '-L/root/.local/share/alire/builds/gnatcoll_gmp_26.0.0_dacec6f3/242aa4cd4e9577b95d7699186629be7359b559da44c5f7e45241e32597386b75/gmp/lib/static/' '-L/root/.local/share/alire/builds/gnatcoll_iconv_26.0.0_dacec6f3/d1258d23fa2c3c572b42d1be324729c01932fc26e134f4a60de50330d4eff2f2/iconv/lib/static/' '-L/root/.local/share/alire/builds/prettier_ada_26.0.0_8fa12a56/c0e16bed926013cab9ac8f3d9d0b612e53cc00341e92e2693612f48f1dc73df9/lib/static/prod/' '-L/root/.local/share/alire/builds/vss_text_26.0.0_940443ab/807d489dad549ca7a529f99d7e6d6f87b7990eb047774ea5ac8de549979fa662/.libs/release/static/' '-L/root/.local/share/alire/builds/langkit_support_26.0.0_1745168f/9d34587aee544995b29cdedd6d270e9ca0911ed365294b345a3cbc4ff1e7487c/langkit/support/lib/static/prod/' '-L/root/.local/share/alire/builds/adasat_26.0.0_37336738/2a5845590e1303cdf58f2ded562f527208b1bf04f9b02c04b9df45521f807b00/lib/static/dev/' '-L/root/.local/share/alire/builds/gnatcoll_projects_26.0.0_cc5dd0a1/820330ee961417df4d70c7352c62718516bbbbb09e9a8aea75f5f0c6fadd0e1b/projects/lib/gnatcoll_projects/static/' '-L/root/.local/share/alire/builds/libgpr_26.0.0_600d4a7b/898697edbd36c8afcc5f7e7d8b54549034786b2dfc89e605e8215445ca6daf73/gpr/lib/production/static/' '-L/root/.local/share/alire/builds/xmlada_26.0.0_b140ed4a/54b8410df82982d5b212b4b593da38f8a47a2b381e690b580ca8e3b2e5b32e2b/unicode/lib/static/' '-L/root/.local/share/alire/builds/xmlada_26.0.0_b140ed4a/54b8410df82982d5b212b4b593da38f8a47a2b381e690b580ca8e3b2e5b32e2b/sax/lib/static/' '-L/root/.local/share/alire/builds/xmlada_26.0.0_b140ed4a/54b8410df82982d5b212b4b593da38f8a47a2b381e690b580ca8e3b2e5b32e2b/input_sources/lib/static/' '-L/root/.local/share/alire/builds/xmlada_26.0.0_b140ed4a/54b8410df82982d5b212b4b593da38f8a47a2b381e690b580ca8e3b2e5b32e2b/dom/lib/static/' '-L/root/.local/share/alire/builds/xmlada_26.0.0_b140ed4a/54b8410df82982d5b212b4b593da38f8a47a2b381e690b580ca8e3b2e5b32e2b/schema/lib/static/' '-L/root/.local/share/alire/builds/libgpr2_26.0.0_99e9d2cd/e447d89df14cf9038978ecabd6a8e2a8f95d33e0d40a6d61acf440174b2837fc/.build/release/lib-static/' '-L/root/.local/share/alire/builds/templates_parser_26.0.0_bc2b9480/d93a14a07b6fecda15ecbe5d252834a410780ef4d2b8acc421e8fbce732af5a6/.build/lib/' '-L/root/.local/share/alire/toolchains/gnat_native_15.2.1_4640d4b3/lib/gcc/x86_64-pc-linux-gnu/15.2.0/adalib/' '-static-libgcc' '-L/root/.local/share/alire/builds/libadalang_26.0.0_75276b8d/17865b44eacec0955b7c3fabbe55137abc7f3af670d17550f47c0e6c562460a9/obj/prod/' '-L/root/.local/share/alire/builds/libgpr2_26.0.0_99e9d2cd/e447d89df14cf9038978ecabd6a8e2a8f95d33e0d40a6d61acf440174b2837fc/.build/release/lib-static/' '-L/root/.local/share/alire/builds/xmlada_26.0.0_b140ed4a/54b8410df82982d5b212b4b593da38f8a47a2b381e690b580ca8e3b2e5b32e2b/schema/lib/static/' '-L/root/.local/share/alire/builds/xmlada_26.0.0_b140ed4a/54b8410df82982d5b212b4b593da38f8a47a2b381e690b580ca8e3b2e5b32e2b/dom/lib/static/' '-L/root/.local/share/alire/builds/xmlada_26.0.0_b140ed4a/54b8410df82982d5b212b4b593da38f8a47a2b381e690b580ca8e3b2e5b32e2b/input_sources/lib/static/' '-L/root/.local/share/alire/builds/xmlada_26.0.0_b140ed4a/54b8410df82982d5b212b4b593da38f8a47a2b381e690b580ca8e3b2e5b32e2b/sax/lib/static/' '-L/root/.local/share/alire/builds/xmlada_26.0.0_b140ed4a/54b8410df82982d5b212b4b593da38f8a47a2b381e690b580ca8e3b2e5b32e2b/unicode/lib/static/' '-L/root/.local/share/alire/builds/libgpr_26.0.0_600d4a7b/898697edbd36c8afcc5f7e7d8b54549034786b2dfc89e605e8215445ca6daf73/gpr/lib/production/static/' '-L/root/.local/share/alire/builds/gnatcoll_projects_26.0.0_cc5dd0a1/820330ee961417df4d70c7352c62718516bbbbb09e9a8aea75f5f0c6fadd0e1b/projects/lib/gnatcoll_projects/static/' '-L/root/.local/share/alire/builds/adasat_26.0.0_37336738/2a5845590e1303cdf58f2ded562f527208b1bf04f9b02c04b9df45521f807b00/lib/static/dev/' '-L/root/.local/share/alire/builds/langkit_support_26.0.0_1745168f/9d34587aee544995b29cdedd6d270e9ca0911ed365294b345a3cbc4ff1e7487c/langkit/support/lib/static/prod/' '-L/root/.local/share/alire/builds/vss_text_26.0.0_940443ab/807d489dad549ca7a529f99d7e6d6f87b7990eb047774ea5ac8de549979fa662/.libs/release/static/' '-L/root/.local/share/alire/builds/prettier_ada_26.0.0_8fa12a56/c0e16bed926013cab9ac8f3d9d0b612e53cc00341e92e2693612f48f1dc73df9/lib/static/prod/' '-L/root/.local/share/alire/builds/gnatcoll_iconv_26.0.0_dacec6f3/d1258d23fa2c3c572b42d1be324729c01932fc26e134f4a60de50330d4eff2f2/iconv/lib/static/' '-L/root/.local/share/alire/builds/gnatcoll_gmp_26.0.0_dacec6f3/242aa4cd4e9577b95d7699186629be7359b559da44c5f7e45241e32597386b75/gmp/lib/static/' '-L/root/.local/share/alire/builds/gnatcoll_minimal_26.0.0_cc5dd0a1/d137b4ee70b6031ff2799d79fd7375d2fb07b14760e1adabd5016578ac166b27/minimal/lib/gnatcoll_core/static/' '-L/root/.local/share/alire/builds/gnatcoll_26.0.0_cc5dd0a1/7ccbed38d8b88fe1ce3c718d0f0a1da149c4b5af155bbe12ed9d190dcda52463/core/lib/gnatcoll_core/static/' '-L/root/.local/share/alire/toolchains/gnat_native_15.2.1_4640d4b3/lib/gcc/x86_64-pc-linux-gnu/15.2.0/adalib/' '-L/root/.local/share/alire/builds/langkit_support_26.0.0_1745168f/9d34587aee544995b29cdedd6d270e9ca0911ed365294b345a3cbc4ff1e7487c/langkit/support/obj/prod/' '-o' '/home/runner/work/alire-crates-ci/alire-crates-ci/test/9ee51c62-9323-4915-a1d0-609ebee72f7a/libadalang_tools_26.0.0_5e58b568/bin//utils-var_length_ints-test' '-mtune=generic' '-march=x86-64' '-dumpdir' '/home/runner/work/alire-crates-ci/alire-crates-ci/test/9ee51c62-9323-4915-a1d0-609ebee72f7a/libadalang_tools_26.0.0_5e58b568/bin//utils-var_length_ints-test.'
COLLECT_GCC_OPTIONS='-v' '-L/home/runner/work/alire-crates-ci/alire-crates-ci/test/9ee51c62-9323-4915-a1d0-609ebee72f7a/libadalang_tools_26.0.0_5e58b568/obj/' '-L/home/runner/work/alire-crates-ci/alire-crates-ci/test/9ee51c62-9323-4915-a1d0-609ebee72f7a/libadalang_tools_26.0.0_5e58b568/obj/' '-L/home/runner/work/alire-crates-ci/alire-crates-ci/test/9ee51c62-9323-4915-a1d0-609ebee72f7a/libadalang_tools_26.0.0_5e58b568/lib/static/' '-L/root/.local/share/alire/builds/libadalang_26.0.0_75276b8d/17865b44eacec0955b7c3fabbe55137abc7f3af670d17550f47c0e6c562460a9/lib/static/prod/' '-L/root/.local/share/alire/builds/gnatcoll_26.0.0_cc5dd0a1/7ccbed38d8b88fe1ce3c718d0f0a1da149c4b5af155bbe12ed9d190dcda52463/core/lib/gnatcoll_core/static/' '-L/root/.local/share/alire/builds/gnatcoll_minimal_26.0.0_cc5dd0a1/d137b4ee70b6031ff2799d79fd7375d2fb07b14760e1adabd5016578ac166b27/minimal/lib/gnatcoll_core/static/' '-L/root/.local/share/alire/builds/gnatcoll_gmp_26.0.0_dacec6f3/242aa4cd4e9577b95d7699186629be7359b559da44c5f7e45241e32597386b75/gmp/lib/static/' '-L/root/.local/share/alire/builds/gnatcoll_iconv_26.0.0_dacec6f3/d1258d23fa2c3c572b42d1be324729c01932fc26e134f4a60de50330d4eff2f2/iconv/lib/static/' '-L/root/.local/share/alire/builds/prettier_ada_26.0.0_8fa12a56/c0e16bed926013cab9ac8f3d9d0b612e53cc00341e92e2693612f48f1dc73df9/lib/static/prod/' '-L/root/.local/share/alire/builds/vss_text_26.0.0_940443ab/807d489dad549ca7a529f99d7e6d6f87b7990eb047774ea5ac8de549979fa662/.libs/release/static/' '-L/root/.local/share/alire/builds/langkit_support_26.0.0_1745168f/9d34587aee544995b29cdedd6d270e9ca0911ed365294b345a3cbc4ff1e7487c/langkit/support/lib/static/prod/' '-L/root/.local/share/alire/builds/adasat_26.0.0_37336738/2a5845590e1303cdf58f2ded562f527208b1bf04f9b02c04b9df45521f807b00/lib/static/dev/' '-L/root/.local/share/alire/builds/gnatcoll_projects_26.0.0_cc5dd0a1/820330ee961417df4d70c7352c62718516bbbbb09e9a8aea75f5f0c6fadd0e1b/projects/lib/gnatcoll_projects/static/' '-L/root/.local/share/alire/builds/libgpr_26.0.0_600d4a7b/898697edbd36c8afcc5f7e7d8b54549034786b2dfc89e605e8215445ca6daf73/gpr/lib/production/static/' '-L/root/.local/share/alire/builds/xmlada_26.0.0_b140ed4a/54b8410df82982d5b212b4b593da38f8a47a2b381e690b580ca8e3b2e5b32e2b/unicode/lib/static/' '-L/root/.local/share/alire/builds/xmlada_26.0.0_b140ed4a/54b8410df82982d5b212b4b593da38f8a47a2b381e690b580ca8e3b2e5b32e2b/sax/lib/static/' '-L/root/.local/share/alire/builds/xmlada_26.0.0_b140ed4a/54b8410df82982d5b212b4b593da38f8a47a2b381e690b580ca8e3b2e5b32e2b/input_sources/lib/static/' '-L/root/.local/share/alire/builds/xmlada_26.0.0_b140ed4a/54b8410df82982d5b212b4b593da38f8a47a2b381e690b580ca8e3b2e5b32e2b/dom/lib/static/' '-L/root/.local/share/alire/builds/xmlada_26.0.0_b140ed4a/54b8410df82982d5b212b4b593da38f8a47a2b381e690b580ca8e3b2e5b32e2b/schema/lib/static/' '-L/root/.local/share/alire/builds/libgpr2_26.0.0_99e9d2cd/e447d89df14cf9038978ecabd6a8e2a8f95d33e0d40a6d61acf440174b2837fc/.build/release/lib-static/' '-L/root/.local/share/alire/builds/templates_parser_26.0.0_bc2b9480/d93a14a07b6fecda15ecbe5d252834a410780ef4d2b8acc421e8fbce732af5a6/.build/lib/' '-L/root/.local/share/alire/toolchains/gnat_native_15.2.1_4640d4b3/lib/gcc/x86_64-pc-linux-gnu/15.2.0/adalib/' '-static-libgcc' '-L/root/.local/share/alire/builds/libadalang_26.0.0_75276b8d/17865b44eacec0955b7c3fabbe55137abc7f3af670d17550f47c0e6c562460a9/obj/prod/' '-L/root/.local/share/alire/builds/libgpr2_26.0.0_99e9d2cd/e447d89df14cf9038978ecabd6a8e2a8f95d33e0d40a6d61acf440174b2837fc/.build/release/lib-static/' '-L/root/.local/share/alire/builds/xmlada_26.0.0_b140ed4a/54b8410df82982d5b212b4b593da38f8a47a2b381e690b580ca8e3b2e5b32e2b/schema/lib/static/' '-L/root/.local/share/alire/builds/xmlada_26.0.0_b140ed4a/54b8410df82982d5b212b4b593da38f8a47a2b381e690b580ca8e3b2e5b32e2b/dom/lib/static/' '-L/root/.local/share/alire/builds/xmlada_26.0.0_b140ed4a/54b8410df82982d5b212b4b593da38f8a47a2b381e690b580ca8e3b2e5b32e2b/input_sources/lib/static/' '-L/root/.local/share/alire/builds/xmlada_26.0.0_b140ed4a/54b8410df82982d5b212b4b593da38f8a47a2b381e690b580ca8e3b2e5b32e2b/sax/lib/static/' '-L/root/.local/share/alire/builds/xmlada_26.0.0_b140ed4a/54b8410df82982d5b212b4b593da38f8a47a2b381e690b580ca8e3b2e5b32e2b/unicode/lib/static/' '-L/root/.local/share/alire/builds/libgpr_26.0.0_600d4a7b/898697edbd36c8afcc5f7e7d8b54549034786b2dfc89e605e8215445ca6daf73/gpr/lib/production/static/' '-L/root/.local/share/alire/builds/gnatcoll_projects_26.0.0_cc5dd0a1/820330ee961417df4d70c7352c62718516bbbbb09e9a8aea75f5f0c6fadd0e1b/projects/lib/gnatcoll_projects/static/' '-L/root/.local/share/alire/builds/adasat_26.0.0_37336738/2a5845590e1303cdf58f2ded562f527208b1bf04f9b02c04b9df45521f807b00/lib/static/dev/' '-L/root/.local/share/alire/builds/langkit_support_26.0.0_1745168f/9d34587aee544995b29cdedd6d270e9ca0911ed365294b345a3cbc4ff1e7487c/langkit/support/lib/static/prod/' '-L/root/.local/share/alire/builds/vss_text_26.0.0_940443ab/807d489dad549ca7a529f99d7e6d6f87b7990eb047774ea5ac8de549979fa662/.libs/release/static/' '-L/root/.local/share/alire/builds/prettier_ada_26.0.0_8fa12a56/c0e16bed926013cab9ac8f3d9d0b612e53cc00341e92e2693612f48f1dc73df9/lib/static/prod/' '-L/root/.local/share/alire/builds/gnatcoll_iconv_26.0.0_dacec6f3/d1258d23fa2c3c572b42d1be324729c01932fc26e134f4a60de50330d4eff2f2/iconv/lib/static/' '-L/root/.local/share/alire/builds/gnatcoll_gmp_26.0.0_dacec6f3/242aa4cd4e9577b95d7699186629be7359b559da44c5f7e45241e32597386b75/gmp/lib/static/' '-L/root/.local/share/alire/builds/gnatcoll_minimal_26.0.0_cc5dd0a1/d137b4ee70b6031ff2799d79fd7375d2fb07b14760e1adabd5016578ac166b27/minimal/lib/gnatcoll_core/static/' '-L/root/.local/share/alire/builds/gnatcoll_26.0.0_cc5dd0a1/7ccbed38d8b88fe1ce3c718d0f0a1da149c4b5af155bbe12ed9d190dcda52463/core/lib/gnatcoll_core/static/' '-L/root/.local/share/alire/toolchains/gnat_native_15.2.1_4640d4b3/lib/gcc/x86_64-pc-linux-gnu/15.2.0/adalib/' '-L/root/.local/share/alire/builds/langkit_support_26.0.0_1745168f/9d34587aee544995b29cdedd6d270e9ca0911ed365294b345a3cbc4ff1e7487c/langkit/support/obj/prod/' '-o' '/home/runner/work/alire-crates-ci/alire-crates-ci/test/9ee51c62-9323-4915-a1d0-609ebee72f7a/libadalang_tools_26.0.0_5e58b568/bin//gnatmetric' '-mtune=generic' '-march=x86-64' '-dumpdir' '/home/runner/work/alire-crates-ci/alire-crates-ci/test/9ee51c62-9323-4915-a1d0-609ebee72f7a/libadalang_tools_26.0.0_5e58b568/bin//gnatmetric.'
COLLECT_GCC_OPTIONS='-v' '-L/home/runner/work/alire-crates-ci/alire-crates-ci/test/9ee51c62-9323-4915-a1d0-609ebee72f7a/libadalang_tools_26.0.0_5e58b568/obj/' '-L/home/runner/work/alire-crates-ci/alire-crates-ci/test/9ee51c62-9323-4915-a1d0-609ebee72f7a/libadalang_tools_26.0.0_5e58b568/obj/' '-L/home/runner/work/alire-crates-ci/alire-crates-ci/test/9ee51c62-9323-4915-a1d0-609ebee72f7a/libadalang_tools_26.0.0_5e58b568/lib/static/' '-L/root/.local/share/alire/builds/libadalang_26.0.0_75276b8d/17865b44eacec0955b7c3fabbe55137abc7f3af670d17550f47c0e6c562460a9/lib/static/prod/' '-L/root/.local/share/alire/builds/gnatcoll_26.0.0_cc5dd0a1/7ccbed38d8b88fe1ce3c718d0f0a1da149c4b5af155bbe12ed9d190dcda52463/core/lib/gnatcoll_core/static/' '-L/root/.local/share/alire/builds/gnatcoll_minimal_26.0.0_cc5dd0a1/d137b4ee70b6031ff2799d79fd7375d2fb07b14760e1adabd5016578ac166b27/minimal/lib/gnatcoll_core/static/' '-L/root/.local/share/alire/builds/gnatcoll_gmp_26.0.0_dacec6f3/242aa4cd4e9577b95d7699186629be7359b559da44c5f7e45241e32597386b75/gmp/lib/static/' '-L/root/.local/share/alire/builds/gnatcoll_iconv_26.0.0_dacec6f3/d1258d23fa2c3c572b42d1be324729c01932fc26e134f4a60de50330d4eff2f2/iconv/lib/static/' '-L/root/.local/share/alire/builds/prettier_ada_26.0.0_8fa12a56/c0e16bed926013cab9ac8f3d9d0b612e53cc00341e92e2693612f48f1dc73df9/lib/static/prod/' '-L/root/.local/share/alire/builds/vss_text_26.0.0_940443ab/807d489dad549ca7a529f99d7e6d6f87b7990eb047774ea5ac8de549979fa662/.libs/release/static/' '-L/root/.local/share/alire/builds/langkit_support_26.0.0_1745168f/9d34587aee544995b29cdedd6d270e9ca0911ed365294b345a3cbc4ff1e7487c/langkit/support/lib/static/prod/' '-L/root/.local/share/alire/builds/adasat_26.0.0_37336738/2a5845590e1303cdf58f2ded562f527208b1bf04f9b02c04b9df45521f807b00/lib/static/dev/' '-L/root/.local/share/alire/builds/gnatcoll_projects_26.0.0_cc5dd0a1/820330ee961417df4d70c7352c62718516bbbbb09e9a8aea75f5f0c6fadd0e1b/projects/lib/gnatcoll_projects/static/' '-L/root/.local/share/alire/builds/libgpr_26.0.0_600d4a7b/898697edbd36c8afcc5f7e7d8b54549034786b2dfc89e605e8215445ca6daf73/gpr/lib/production/static/' '-L/root/.local/share/alire/builds/xmlada_26.0.0_b140ed4a/54b8410df82982d5b212b4b593da38f8a47a2b381e690b580ca8e3b2e5b32e2b/unicode/lib/static/' '-L/root/.local/share/alire/builds/xmlada_26.0.0_b140ed4a/54b8410df82982d5b212b4b593da38f8a47a2b381e690b580ca8e3b2e5b32e2b/sax/lib/static/' '-L/root/.local/share/alire/builds/xmlada_26.0.0_b140ed4a/54b8410df82982d5b212b4b593da38f8a47a2b381e690b580ca8e3b2e5b32e2b/input_sources/lib/static/' '-L/root/.local/share/alire/builds/xmlada_26.0.0_b140ed4a/54b8410df82982d5b212b4b593da38f8a47a2b381e690b580ca8e3b2e5b32e2b/dom/lib/static/' '-L/root/.local/share/alire/builds/xmlada_26.0.0_b140ed4a/54b8410df82982d5b212b4b593da38f8a47a2b381e690b580ca8e3b2e5b32e2b/schema/lib/static/' '-L/root/.local/share/alire/builds/libgpr2_26.0.0_99e9d2cd/e447d89df14cf9038978ecabd6a8e2a8f95d33e0d40a6d61acf440174b2837fc/.build/release/lib-static/' '-L/root/.local/share/alire/builds/templates_parser_26.0.0_bc2b9480/d93a14a07b6fecda15ecbe5d252834a410780ef4d2b8acc421e8fbce732af5a6/.build/lib/' '-L/root/.local/share/alire/toolchains/gnat_native_15.2.1_4640d4b3/lib/gcc/x86_64-pc-linux-gnu/15.2.0/adalib/' '-static-libgcc' '-L/root/.local/share/alire/builds/libadalang_26.0.0_75276b8d/17865b44eacec0955b7c3fabbe55137abc7f3af670d17550f47c0e6c562460a9/obj/prod/' '-L/root/.local/share/alire/builds/libgpr2_26.0.0_99e9d2cd/e447d89df14cf9038978ecabd6a8e2a8f95d33e0d40a6d61acf440174b2837fc/.build/release/lib-static/' '-L/root/.local/share/alire/builds/xmlada_26.0.0_b140ed4a/54b8410df82982d5b212b4b593da38f8a47a2b381e690b580ca8e3b2e5b32e2b/schema/lib/static/' '-L/root/.local/share/alire/builds/xmlada_26.0.0_b140ed4a/54b8410df82982d5b212b4b593da38f8a47a2b381e690b580ca8e3b2e5b32e2b/dom/lib/static/' '-L/root/.local/share/alire/builds/xmlada_26.0.0_b140ed4a/54b8410df82982d5b212b4b593da38f8a47a2b381e690b580ca8e3b2e5b32e2b/input_sources/lib/static/' '-L/root/.local/share/alire/builds/xmlada_26.0.0_b140ed4a/54b8410df82982d5b212b4b593da38f8a47a2b381e690b580ca8e3b2e5b32e2b/sax/lib/static/' '-L/root/.local/share/alire/builds/xmlada_26.0.0_b140ed4a/54b8410df82982d5b212b4b593da38f8a47a2b381e690b580ca8e3b2e5b32e2b/unicode/lib/static/' '-L/root/.local/share/alire/builds/libgpr_26.0.0_600d4a7b/898697edbd36c8afcc5f7e7d8b54549034786b2dfc89e605e8215445ca6daf73/gpr/lib/production/static/' '-L/root/.local/share/alire/builds/gnatcoll_projects_26.0.0_cc5dd0a1/820330ee961417df4d70c7352c62718516bbbbb09e9a8aea75f5f0c6fadd0e1b/projects/lib/gnatcoll_projects/static/' '-L/root/.local/share/alire/builds/adasat_26.0.0_37336738/2a5845590e1303cdf58f2ded562f527208b1bf04f9b02c04b9df45521f807b00/lib/static/dev/' '-L/root/.local/share/alire/builds/langkit_support_26.0.0_1745168f/9d34587aee544995b29cdedd6d270e9ca0911ed365294b345a3cbc4ff1e7487c/langkit/support/lib/static/prod/' '-L/root/.local/share/alire/builds/vss_text_26.0.0_940443ab/807d489dad549ca7a529f99d7e6d6f87b7990eb047774ea5ac8de549979fa662/.libs/release/static/' '-L/root/.local/share/alire/builds/prettier_ada_26.0.0_8fa12a56/c0e16bed926013cab9ac8f3d9d0b612e53cc00341e92e2693612f48f1dc73df9/lib/static/prod/' '-L/root/.local/share/alire/builds/gnatcoll_iconv_26.0.0_dacec6f3/d1258d23fa2c3c572b42d1be324729c01932fc26e134f4a60de50330d4eff2f2/iconv/lib/static/' '-L/root/.local/share/alire/builds/gnatcoll_gmp_26.0.0_dacec6f3/242aa4cd4e9577b95d7699186629be7359b559da44c5f7e45241e32597386b75/gmp/lib/static/' '-L/root/.local/share/alire/builds/gnatcoll_minimal_26.0.0_cc5dd0a1/d137b4ee70b6031ff2799d79fd7375d2fb07b14760e1adabd5016578ac166b27/minimal/lib/gnatcoll_core/static/' '-L/root/.local/share/alire/builds/gnatcoll_26.0.0_cc5dd0a1/7ccbed38d8b88fe1ce3c718d0f0a1da149c4b5af155bbe12ed9d190dcda52463/core/lib/gnatcoll_core/static/' '-L/root/.local/share/alire/toolchains/gnat_native_15.2.1_4640d4b3/lib/gcc/x86_64-pc-linux-gnu/15.2.0/adalib/' '-L/root/.local/share/alire/builds/langkit_support_26.0.0_1745168f/9d34587aee544995b29cdedd6d270e9ca0911ed365294b345a3cbc4ff1e7487c/langkit/support/obj/prod/' '-o' '/home/runner/work/alire-crates-ci/alire-crates-ci/test/9ee51c62-9323-4915-a1d0-609ebee72f7a/libadalang_tools_26.0.0_5e58b568/bin//gnatpp' '-mtune=generic' '-march=x86-64' '-dumpdir' '/home/runner/work/alire-crates-ci/alire-crates-ci/test/9ee51c62-9323-4915-a1d0-609ebee72f7a/libadalang_tools_26.0.0_5e58b568/bin//gnatpp.'
COLLECT_GCC_OPTIONS='-v' '-L/home/runner/work/alire-crates-ci/alire-crates-ci/test/9ee51c62-9323-4915-a1d0-609ebee72f7a/libadalang_tools_26.0.0_5e58b568/obj/' '-L/home/runner/work/alire-crates-ci/alire-crates-ci/test/9ee51c62-9323-4915-a1d0-609ebee72f7a/libadalang_tools_26.0.0_5e58b568/obj/' '-L/home/runner/work/alire-crates-ci/alire-crates-ci/test/9ee51c62-9323-4915-a1d0-609ebee72f7a/libadalang_tools_26.0.0_5e58b568/lib/static/' '-L/root/.local/share/alire/builds/libadalang_26.0.0_75276b8d/17865b44eacec0955b7c3fabbe55137abc7f3af670d17550f47c0e6c562460a9/lib/static/prod/' '-L/root/.local/share/alire/builds/gnatcoll_26.0.0_cc5dd0a1/7ccbed38d8b88fe1ce3c718d0f0a1da149c4b5af155bbe12ed9d190dcda52463/core/lib/gnatcoll_core/static/' '-L/root/.local/share/alire/builds/gnatcoll_minimal_26.0.0_cc5dd0a1/d137b4ee70b6031ff2799d79fd7375d2fb07b14760e1adabd5016578ac166b27/minimal/lib/gnatcoll_core/static/' '-L/root/.local/share/alire/builds/gnatcoll_gmp_26.0.0_dacec6f3/242aa4cd4e9577b95d7699186629be7359b559da44c5f7e45241e32597386b75/gmp/lib/static/' '-L/root/.local/share/alire/builds/gnatcoll_iconv_26.0.0_dacec6f3/d1258d23fa2c3c572b42d1be324729c01932fc26e134f4a60de50330d4eff2f2/iconv/lib/static/' '-L/root/.local/share/alire/builds/prettier_ada_26.0.0_8fa12a56/c0e16bed926013cab9ac8f3d9d0b612e53cc00341e92e2693612f48f1dc73df9/lib/static/prod/' '-L/root/.local/share/alire/builds/vss_text_26.0.0_940443ab/807d489dad549ca7a529f99d7e6d6f87b7990eb047774ea5ac8de549979fa662/.libs/release/static/' '-L/root/.local/share/alire/builds/langkit_support_26.0.0_1745168f/9d34587aee544995b29cdedd6d270e9ca0911ed365294b345a3cbc4ff1e7487c/langkit/support/lib/static/prod/' '-L/root/.local/share/alire/builds/adasat_26.0.0_37336738/2a5845590e1303cdf58f2ded562f527208b1bf04f9b02c04b9df45521f807b00/lib/static/dev/' '-L/root/.local/share/alire/builds/gnatcoll_projects_26.0.0_cc5dd0a1/820330ee961417df4d70c7352c62718516bbbbb09e9a8aea75f5f0c6fadd0e1b/projects/lib/gnatcoll_projects/static/' '-L/root/.local/share/alire/builds/libgpr_26.0.0_600d4a7b/898697edbd36c8afcc5f7e7d8b54549034786b2dfc89e605e8215445ca6daf73/gpr/lib/production/static/' '-L/root/.local/share/alire/builds/xmlada_26.0.0_b140ed4a/54b8410df82982d5b212b4b593da38f8a47a2b381e690b580ca8e3b2e5b32e2b/unicode/lib/static/' '-L/root/.local/share/alire/builds/xmlada_26.0.0_b140ed4a/54b8410df82982d5b212b4b593da38f8a47a2b381e690b580ca8e3b2e5b32e2b/sax/lib/static/' '-L/root/.local/share/alire/builds/xmlada_26.0.0_b140ed4a/54b8410df82982d5b212b4b593da38f8a47a2b381e690b580ca8e3b2e5b32e2b/input_sources/lib/static/' '-L/root/.local/share/alire/builds/xmlada_26.0.0_b140ed4a/54b8410df82982d5b212b4b593da38f8a47a2b381e690b580ca8e3b2e5b32e2b/dom/lib/static/' '-L/root/.local/share/alire/builds/xmlada_26.0.0_b140ed4a/54b8410df82982d5b212b4b593da38f8a47a2b381e690b580ca8e3b2e5b32e2b/schema/lib/static/' '-L/root/.local/share/alire/builds/libgpr2_26.0.0_99e9d2cd/e447d89df14cf9038978ecabd6a8e2a8f95d33e0d40a6d61acf440174b2837fc/.build/release/lib-static/' '-L/root/.local/share/alire/builds/templates_parser_26.0.0_bc2b9480/d93a14a07b6fecda15ecbe5d252834a410780ef4d2b8acc421e8fbce732af5a6/.build/lib/' '-L/root/.local/share/alire/toolchains/gnat_native_15.2.1_4640d4b3/lib/gcc/x86_64-pc-linux-gnu/15.2.0/adalib/' '-static-libgcc' '-L/root/.local/share/alire/builds/libadalang_26.0.0_75276b8d/17865b44eacec0955b7c3fabbe55137abc7f3af670d17550f47c0e6c562460a9/obj/prod/' '-L/root/.local/share/alire/builds/libgpr2_26.0.0_99e9d2cd/e447d89df14cf9038978ecabd6a8e2a8f95d33e0d40a6d61acf440174b2837fc/.build/release/lib-static/' '-L/root/.local/share/alire/builds/xmlada_26.0.0_b140ed4a/54b8410df82982d5b212b4b593da38f8a47a2b381e690b580ca8e3b2e5b32e2b/schema/lib/static/' '-L/root/.local/share/alire/builds/xmlada_26.0.0_b140ed4a/54b8410df82982d5b212b4b593da38f8a47a2b381e690b580ca8e3b2e5b32e2b/dom/lib/static/' '-L/root/.local/share/alire/builds/xmlada_26.0.0_b140ed4a/54b8410df82982d5b212b4b593da38f8a47a2b381e690b580ca8e3b2e5b32e2b/input_sources/lib/static/' '-L/root/.local/share/alire/builds/xmlada_26.0.0_b140ed4a/54b8410df82982d5b212b4b593da38f8a47a2b381e690b580ca8e3b2e5b32e2b/sax/lib/static/' '-L/root/.local/share/alire/builds/xmlada_26.0.0_b140ed4a/54b8410df82982d5b212b4b593da38f8a47a2b381e690b580ca8e3b2e5b32e2b/unicode/lib/static/' '-L/root/.local/share/alire/builds/libgpr_26.0.0_600d4a7b/898697edbd36c8afcc5f7e7d8b54549034786b2dfc89e605e8215445ca6daf73/gpr/lib/production/static/' '-L/root/.local/share/alire/builds/gnatcoll_projects_26.0.0_cc5dd0a1/820330ee961417df4d70c7352c62718516bbbbb09e9a8aea75f5f0c6fadd0e1b/projects/lib/gnatcoll_projects/static/' '-L/root/.local/share/alire/builds/adasat_26.0.0_37336738/2a5845590e1303cdf58f2ded562f527208b1bf04f9b02c04b9df45521f807b00/lib/static/dev/' '-L/root/.local/share/alire/builds/langkit_support_26.0.0_1745168f/9d34587aee544995b29cdedd6d270e9ca0911ed365294b345a3cbc4ff1e7487c/langkit/support/lib/static/prod/' '-L/root/.local/share/alire/builds/vss_text_26.0.0_940443ab/807d489dad549ca7a529f99d7e6d6f87b7990eb047774ea5ac8de549979fa662/.libs/release/static/' '-L/root/.local/share/alire/builds/prettier_ada_26.0.0_8fa12a56/c0e16bed926013cab9ac8f3d9d0b612e53cc00341e92e2693612f48f1dc73df9/lib/static/prod/' '-L/root/.local/share/alire/builds/gnatcoll_iconv_26.0.0_dacec6f3/d1258d23fa2c3c572b42d1be324729c01932fc26e134f4a60de50330d4eff2f2/iconv/lib/static/' '-L/root/.local/share/alire/builds/gnatcoll_gmp_26.0.0_dacec6f3/242aa4cd4e9577b95d7699186629be7359b559da44c5f7e45241e32597386b75/gmp/lib/static/' '-L/root/.local/share/alire/builds/gnatcoll_minimal_26.0.0_cc5dd0a1/d137b4ee70b6031ff2799d79fd7375d2fb07b14760e1adabd5016578ac166b27/minimal/lib/gnatcoll_core/static/' '-L/root/.local/share/alire/builds/gnatcoll_26.0.0_cc5dd0a1/7ccbed38d8b88fe1ce3c718d0f0a1da149c4b5af155bbe12ed9d190dcda52463/core/lib/gnatcoll_core/static/' '-L/root/.local/share/alire/toolchains/gnat_native_15.2.1_4640d4b3/lib/gcc/x86_64-pc-linux-gnu/15.2.0/adalib/' '-L/root/.local/share/alire/builds/langkit_support_26.0.0_1745168f/9d34587aee544995b29cdedd6d270e9ca0911ed365294b345a3cbc4ff1e7487c/langkit/support/obj/prod/' '-o' '/home/runner/work/alire-crates-ci/alire-crates-ci/test/9ee51c62-9323-4915-a1d0-609ebee72f7a/libadalang_tools_26.0.0_5e58b568/bin//gnatstub' '-mtune=generic' '-march=x86-64' '-dumpdir' '/home/runner/work/alire-crates-ci/alire-crates-ci/test/9ee51c62-9323-4915-a1d0-609ebee72f7a/libadalang_tools_26.0.0_5e58b568/bin//gnatstub.'
Success: Build finished successfully in 1643.20 seconds.
Found declared GPR file: src/lal_tools.gpr
Found declared GPR file: src/build.gpr
[alr test] Test completed SUCCESSFULLY
