Test ran at 2025-05-02 01:32:49.843770+00:00

SOLUTION:
bingada=1.0.0: Bingo application in GTKAda with sound in ASFML
Origin: commit a25771e2de2d5abbc7058e442ef7c8cdbeca8600 from https://github.com/jfuica/bingada.git
Properties:
   Author: Javier Fuica Fernández
   Author: Manuel Gómez
   Description: Bingo application in GTKAda with sound in ASFML
   Executable: bingada
   License: MIT
   Maintainer: Manuel Gómez <mgrojo@gmail.com>
   Maintainers_Logins: mgrojo
   Name: bingada
   Tag: bingo
   Tag: game
   Tag: chance
   Tag: family
   Tag: sound
   Tag: gtk
   Tag: sfml
   Version: 1.0.0
   Website: https://github.com/jfuica/bingada
Dependencies (direct):
   asfml^2.5.0
   gtkada^21.0.0
Dependencies (solution):
   asfml=2.5.4
   gtkada=21.0.0
   libcsfml=2.5.0
   libgtk3=3.24.38
   make=4.3.0
   pkg_config=1.8.1
Dependencies (graph):
   asfml=2.5.4   --> libcsfml=2.5.0 (^2.5)
   bingada=1.0.0 --> asfml=2.5.4 (^2.5.0)
   bingada=1.0.0 --> gtkada=21.0.0 (^21.0.0)
   gtkada=21.0.0 --> libgtk3=3.24.38 (^3)
   gtkada=21.0.0 --> make=4.3.0 (*)
   gtkada=21.0.0 --> pkg_config=1.8.1 (*)


LOG:
Spawning: alr -d -n get --build bingada=1.0.0
Note: Deploying bingada=1.0.0...
Note: Deploying libcsfml=2.5.0...
The system package 'libcsfml-dev' is about to be installed.
This action might require admin privileges and impact your system installation.
Do you want Alire to install this system package?
Using default: Yes
debconf: delaying package configuration, since apt-utils is not installed
Selecting previously unselected package libdbus-1-3:amd64.
(Reading database ... 
(Reading database ... 5%
(Reading database ... 10%
(Reading database ... 15%
(Reading database ... 20%
(Reading database ... 25%
(Reading database ... 30%
(Reading database ... 35%
(Reading database ... 40%
(Reading database ... 45%
(Reading database ... 50%
(Reading database ... 55%
(Reading database ... 60%
(Reading database ... 65%
(Reading database ... 70%
(Reading database ... 75%
(Reading database ... 80%
(Reading database ... 85%
(Reading database ... 90%
(Reading database ... 95%
(Reading database ... 100%
(Reading database ... 24428 files and directories currently installed.)
Preparing to unpack .../00-libdbus-1-3_1.14.10-1~deb12u1_amd64.deb ...
Unpacking libdbus-1-3:amd64 (1.14.10-1~deb12u1) ...
Selecting previously unselected package dbus-bin.
Preparing to unpack .../01-dbus-bin_1.14.10-1~deb12u1_amd64.deb ...
Unpacking dbus-bin (1.14.10-1~deb12u1) ...
Selecting previously unselected package dbus-session-bus-common.
Preparing to unpack .../02-dbus-session-bus-common_1.14.10-1~deb12u1_all.deb ...
Unpacking dbus-session-bus-common (1.14.10-1~deb12u1) ...
Selecting previously unselected package libapparmor1:amd64.
Preparing to unpack .../03-libapparmor1_3.0.8-3_amd64.deb ...
Unpacking libapparmor1:amd64 (3.0.8-3) ...
Selecting previously unselected package dbus-daemon.
Preparing to unpack .../04-dbus-daemon_1.14.10-1~deb12u1_amd64.deb ...
Unpacking dbus-daemon (1.14.10-1~deb12u1) ...
Selecting previously unselected package dbus-system-bus-common.
Preparing to unpack .../05-dbus-system-bus-common_1.14.10-1~deb12u1_all.deb ...
Unpacking dbus-system-bus-common (1.14.10-1~deb12u1) ...
Selecting previously unselected package dbus.
Preparing to unpack .../06-dbus_1.14.10-1~deb12u1_amd64.deb ...
Unpacking dbus (1.14.10-1~deb12u1) ...
Selecting previously unselected package alsa-topology-conf.
Preparing to unpack .../07-alsa-topology-conf_1.2.5.1-2_all.deb ...
Unpacking alsa-topology-conf (1.2.5.1-2) ...
Selecting previously unselected package libasound2-data.
Preparing to unpack .../08-libasound2-data_1.2.8-1_all.deb ...
Unpacking libasound2-data (1.2.8-1) ...
Selecting previously unselected package libasound2:amd64.
Preparing to unpack .../09-libasound2_1.2.8-1+b1_amd64.deb ...
Unpacking libasound2:amd64 (1.2.8-1+b1) ...
Selecting previously unselected package alsa-ucm-conf.
Preparing to unpack .../10-alsa-ucm-conf_1.2.8-1_all.deb ...
Unpacking alsa-ucm-conf (1.2.8-1) ...
Selecting previously unselected package libasyncns0:amd64.
Preparing to unpack .../11-libasyncns0_0.8-6+b3_amd64.deb ...
Unpacking libasyncns0:amd64 (0.8-6+b3) ...
Selecting previously unselected package libogg0:amd64.
Preparing to unpack .../12-libogg0_1.3.5-3_amd64.deb ...
Unpacking libogg0:amd64 (1.3.5-3) ...
Selecting previously unselected package libflac12:amd64.
Preparing to unpack .../13-libflac12_1.4.2+ds-2_amd64.deb ...
Unpacking libflac12:amd64 (1.4.2+ds-2) ...
Selecting previously unselected package libopenal-data.
Preparing to unpack .../14-libopenal-data_1%3a1.19.1-2_all.deb ...
Unpacking libopenal-data (1:1.19.1-2) ...
Selecting previously unselected package libsndio7.0:amd64.
Preparing to unpack .../15-libsndio7.0_1.9.0-0.3+b2_amd64.deb ...
Unpacking libsndio7.0:amd64 (1.9.0-0.3+b2) ...
Selecting previously unselected package libopenal1:amd64.
Preparing to unpack .../16-libopenal1_1%3a1.19.1-2_amd64.deb ...
Unpacking libopenal1:amd64 (1:1.19.1-2) ...
Selecting previously unselected package libsfml-system2.5:amd64.
Preparing to unpack .../17-libsfml-system2.5_2.5.1+dfsg-2+b2_amd64.deb ...
Unpacking libsfml-system2.5:amd64 (2.5.1+dfsg-2+b2) ...
Selecting previously unselected package libvorbis0a:amd64.
Preparing to unpack .../18-libvorbis0a_1.3.7-1_amd64.deb ...
Unpacking libvorbis0a:amd64 (1.3.7-1) ...
Selecting previously unselected package libvorbisenc2:amd64.
Preparing to unpack .../19-libvorbisenc2_1.3.7-1_amd64.deb ...
Unpacking libvorbisenc2:amd64 (1.3.7-1) ...
Selecting previously unselected package libvorbisfile3:amd64.
Preparing to unpack .../20-libvorbisfile3_1.3.7-1_amd64.deb ...
Unpacking libvorbisfile3:amd64 (1.3.7-1) ...
Selecting previously unselected package libsfml-audio2.5:amd64.
Preparing to unpack .../21-libsfml-audio2.5_2.5.1+dfsg-2+b2_amd64.deb ...
Unpacking libsfml-audio2.5:amd64 (2.5.1+dfsg-2+b2) ...
Selecting previously unselected package libcsfml-audio2.5:amd64.
Preparing to unpack .../22-libcsfml-audio2.5_2.5-1.1_amd64.deb ...
Unpacking libcsfml-audio2.5:amd64 (2.5-1.1) ...
Selecting previously unselected package libglvnd0:amd64.
Preparing to unpack .../23-libglvnd0_1.6.0-1_amd64.deb ...
Unpacking libglvnd0:amd64 (1.6.0-1) ...
Selecting previously unselected package libdrm-common.
Preparing to unpack .../24-libdrm-common_2.4.114-1_all.deb ...
Unpacking libdrm-common (2.4.114-1) ...
Selecting previously unselected package libdrm2:amd64.
Preparing to unpack .../25-libdrm2_2.4.114-1+b1_amd64.deb ...
Unpacking libdrm2:amd64 (2.4.114-1+b1) ...
Selecting previously unselected package libglapi-mesa:amd64.
Preparing to unpack .../26-libglapi-mesa_22.3.6-1+deb12u1_amd64.deb ...
Unpacking libglapi-mesa:amd64 (22.3.6-1+deb12u1) ...
Selecting previously unselected package libx11-xcb1:amd64.
Preparing to unpack .../27-libx11-xcb1_2%3a1.8.4-2+deb12u2_amd64.deb ...
Unpacking libx11-xcb1:amd64 (2:1.8.4-2+deb12u2) ...
Selecting previously unselected package libxcb-dri2-0:amd64.
Preparing to unpack .../28-libxcb-dri2-0_1.15-1_amd64.deb ...
Unpacking libxcb-dri2-0:amd64 (1.15-1) ...
Selecting previously unselected package libxcb-dri3-0:amd64.
Preparing to unpack .../29-libxcb-dri3-0_1.15-1_amd64.deb ...
Unpacking libxcb-dri3-0:amd64 (1.15-1) ...
Selecting previously unselected package libxcb-glx0:amd64.
Preparing to unpack .../30-libxcb-glx0_1.15-1_amd64.deb ...
Unpacking libxcb-glx0:amd64 (1.15-1) ...
Selecting previously unselected package libxcb-present0:amd64.
Preparing to unpack .../31-libxcb-present0_1.15-1_amd64.deb ...
Unpacking libxcb-present0:amd64 (1.15-1) ...
Selecting previously unselected package libxcb-randr0:amd64.
Preparing to unpack .../32-libxcb-randr0_1.15-1_amd64.deb ...
Unpacking libxcb-randr0:amd64 (1.15-1) ...
Selecting previously unselected package libxcb-shm0:amd64.
Preparing to unpack .../33-libxcb-shm0_1.15-1_amd64.deb ...
Unpacking libxcb-shm0:amd64 (1.15-1) ...
Selecting previously unselected package libxcb-sync1:amd64.
Preparing to unpack .../34-libxcb-sync1_1.15-1_amd64.deb ...
Unpacking libxcb-sync1:amd64 (1.15-1) ...
Selecting previously unselected package libxcb-xfixes0:amd64.
Preparing to unpack .../35-libxcb-xfixes0_1.15-1_amd64.deb ...
Unpacking libxcb-xfixes0:amd64 (1.15-1) ...
Selecting previously unselected package libxfixes3:amd64.
Preparing to unpack .../36-libxfixes3_1%3a6.0.0-2_amd64.deb ...
Unpacking libxfixes3:amd64 (1:6.0.0-2) ...
Selecting previously unselected package libxshmfence1:amd64.
Preparing to unpack .../37-libxshmfence1_1.3-1_amd64.deb ...
Unpacking libxshmfence1:amd64 (1.3-1) ...
Selecting previously unselected package libxxf86vm1:amd64.
Preparing to unpack .../38-libxxf86vm1_1%3a1.1.4-1+b2_amd64.deb ...
Unpacking libxxf86vm1:amd64 (1:1.1.4-1+b2) ...
Selecting previously unselected package libdrm-amdgpu1:amd64.
Preparing to unpack .../39-libdrm-amdgpu1_2.4.114-1+b1_amd64.deb ...
Unpacking libdrm-amdgpu1:amd64 (2.4.114-1+b1) ...
Selecting previously unselected package libpciaccess0:amd64.
Preparing to unpack .../40-libpciaccess0_0.17-2_amd64.deb ...
Unpacking libpciaccess0:amd64 (0.17-2) ...
Selecting previously unselected package libdrm-intel1:amd64.
Preparing to unpack .../41-libdrm-intel1_2.4.114-1+b1_amd64.deb ...
Unpacking libdrm-intel1:amd64 (2.4.114-1+b1) ...
Selecting previously unselected package libdrm-nouveau2:amd64.
Preparing to unpack .../42-libdrm-nouveau2_2.4.114-1+b1_amd64.deb ...
Unpacking libdrm-nouveau2:amd64 (2.4.114-1+b1) ...
Selecting previously unselected package libdrm-radeon1:amd64.
Preparing to unpack .../43-libdrm-radeon1_2.4.114-1+b1_amd64.deb ...
Unpacking libdrm-radeon1:amd64 (2.4.114-1+b1) ...
Selecting previously unselected package libelf1:amd64.
Preparing to unpack .../44-libelf1_0.188-2.1_amd64.deb ...
Unpacking libelf1:amd64 (0.188-2.1) ...
Selecting previously unselected package libicu72:amd64.
Preparing to unpack .../45-libicu72_72.1-3_amd64.deb ...
Unpacking libicu72:amd64 (72.1-3) ...
Selecting previously unselected package libxml2:amd64.
Preparing to unpack .../46-libxml2_2.9.14+dfsg-1.3~deb12u1_amd64.deb ...
Unpacking libxml2:amd64 (2.9.14+dfsg-1.3~deb12u1) ...
Selecting previously unselected package libz3-4:amd64.
Preparing to unpack .../47-libz3-4_4.8.12-3.1_amd64.deb ...
Unpacking libz3-4:amd64 (4.8.12-3.1) ...
Selecting previously unselected package libllvm15:amd64.
Preparing to unpack .../48-libllvm15_1%3a15.0.6-4+b1_amd64.deb ...
Unpacking libllvm15:amd64 (1:15.0.6-4+b1) ...
Selecting previously unselected package libsensors-config.
Preparing to unpack .../49-libsensors-config_1%3a3.6.0-7.1_all.deb ...
Unpacking libsensors-config (1:3.6.0-7.1) ...
Selecting previously unselected package libsensors5:amd64.
Preparing to unpack .../50-libsensors5_1%3a3.6.0-7.1_amd64.deb ...
Unpacking libsensors5:amd64 (1:3.6.0-7.1) ...
Selecting previously unselected package libgl1-mesa-dri:amd64.
Preparing to unpack .../51-libgl1-mesa-dri_22.3.6-1+deb12u1_amd64.deb ...
Unpacking libgl1-mesa-dri:amd64 (22.3.6-1+deb12u1) ...
Selecting previously unselected package libglx-mesa0:amd64.
Preparing to unpack .../52-libglx-mesa0_22.3.6-1+deb12u1_amd64.deb ...
Unpacking libglx-mesa0:amd64 (22.3.6-1+deb12u1) ...
Selecting previously unselected package libglx0:amd64.
Preparing to unpack .../53-libglx0_1.6.0-1_amd64.deb ...
Unpacking libglx0:amd64 (1.6.0-1) ...
Selecting previously unselected package libgl1:amd64.
Preparing to unpack .../54-libgl1_1.6.0-1_amd64.deb ...
Unpacking libgl1:amd64 (1.6.0-1) ...
Selecting previously unselected package libxrender1:amd64.
Preparing to unpack .../55-libxrender1_1%3a0.9.10-1.1_amd64.deb ...
Unpacking libxrender1:amd64 (1:0.9.10-1.1) ...
Selecting previously unselected package libxrandr2:amd64.
Preparing to unpack .../56-libxrandr2_2%3a1.5.2-2+b1_amd64.deb ...
Unpacking libxrandr2:amd64 (2:1.5.2-2+b1) ...
Selecting previously unselected package libsfml-window2.5:amd64.
Preparing to unpack .../57-libsfml-window2.5_2.5.1+dfsg-2+b2_amd64.deb ...
Unpacking libsfml-window2.5:amd64 (2.5.1+dfsg-2+b2) ...
Selecting previously unselected package libsfml-graphics2.5:amd64.
Preparing to unpack .../58-libsfml-graphics2.5_2.5.1+dfsg-2+b2_amd64.deb ...
Unpacking libsfml-graphics2.5:amd64 (2.5.1+dfsg-2+b2) ...
Selecting previously unselected package libcsfml-graphics2.5:amd64.
Preparing to unpack .../59-libcsfml-graphics2.5_2.5-1.1_amd64.deb ...
Unpacking libcsfml-graphics2.5:amd64 (2.5-1.1) ...
Selecting previously unselected package libsfml-network2.5:amd64.
Preparing to unpack .../60-libsfml-network2.5_2.5.1+dfsg-2+b2_amd64.deb ...
Unpacking libsfml-network2.5:amd64 (2.5.1+dfsg-2+b2) ...
Selecting previously unselected package libcsfml-network2.5:amd64.
Preparing to unpack .../61-libcsfml-network2.5_2.5-1.1_amd64.deb ...
Unpacking libcsfml-network2.5:amd64 (2.5-1.1) ...
Selecting previously unselected package libcsfml-system2.5:amd64.
Preparing to unpack .../62-libcsfml-system2.5_2.5-1.1_amd64.deb ...
Unpacking libcsfml-system2.5:amd64 (2.5-1.1) ...
Selecting previously unselected package libcsfml-window2.5:amd64.
Preparing to unpack .../63-libcsfml-window2.5_2.5-1.1_amd64.deb ...
Unpacking libcsfml-window2.5:amd64 (2.5-1.1) ...
Selecting previously unselected package xorg-sgml-doctools.
Preparing to unpack .../64-xorg-sgml-doctools_1%3a1.11-1.1_all.deb ...
Unpacking xorg-sgml-doctools (1:1.11-1.1) ...
Selecting previously unselected package x11proto-dev.
Preparing to unpack .../65-x11proto-dev_2022.1-1_all.deb ...
Unpacking x11proto-dev (2022.1-1) ...
Selecting previously unselected package libxau-dev:amd64.
Preparing to unpack .../66-libxau-dev_1%3a1.0.9-1_amd64.deb ...
Unpacking libxau-dev:amd64 (1:1.0.9-1) ...
Selecting previously unselected package libxdmcp-dev:amd64.
Preparing to unpack .../67-libxdmcp-dev_1%3a1.1.2-3_amd64.deb ...
Unpacking libxdmcp-dev:amd64 (1:1.1.2-3) ...
Selecting previously unselected package xtrans-dev.
Preparing to unpack .../68-xtrans-dev_1.4.0-1_all.deb ...
Unpacking xtrans-dev (1.4.0-1) ...
Selecting previously unselected package libpthread-stubs0-dev:amd64.
Preparing to unpack .../69-libpthread-stubs0-dev_0.4-1_amd64.deb ...
Unpacking libpthread-stubs0-dev:amd64 (0.4-1) ...
Selecting previously unselected package libxcb1-dev:amd64.
Preparing to unpack .../70-libxcb1-dev_1.15-1_amd64.deb ...
Unpacking libxcb1-dev:amd64 (1.15-1) ...
Selecting previously unselected package libx11-dev:amd64.
Preparing to unpack .../71-libx11-dev_2%3a1.8.4-2+deb12u2_amd64.deb ...
Unpacking libx11-dev:amd64 (2:1.8.4-2+deb12u2) ...
Selecting previously unselected package libglx-dev:amd64.
Preparing to unpack .../72-libglx-dev_1.6.0-1_amd64.deb ...
Unpacking libglx-dev:amd64 (1.6.0-1) ...
Selecting previously unselected package libgl-dev:amd64.
Preparing to unpack .../73-libgl-dev_1.6.0-1_amd64.deb ...
Unpacking libgl-dev:amd64 (1.6.0-1) ...
Selecting previously unselected package libglvnd-core-dev:amd64.
Preparing to unpack .../74-libglvnd-core-dev_1.6.0-1_amd64.deb ...
Unpacking libglvnd-core-dev:amd64 (1.6.0-1) ...
Selecting previously unselected package libwayland-server0:amd64.
Preparing to unpack .../75-libwayland-server0_1.21.0-1_amd64.deb ...
Unpacking libwayland-server0:amd64 (1.21.0-1) ...
Selecting previously unselected package libgbm1:amd64.
Preparing to unpack .../76-libgbm1_22.3.6-1+deb12u1_amd64.deb ...
Unpacking libgbm1:amd64 (22.3.6-1+deb12u1) ...
Selecting previously unselected package libwayland-client0:amd64.
Preparing to unpack .../77-libwayland-client0_1.21.0-1_amd64.deb ...
Unpacking libwayland-client0:amd64 (1.21.0-1) ...
Selecting previously unselected package libegl-mesa0:amd64.
Preparing to unpack .../78-libegl-mesa0_22.3.6-1+deb12u1_amd64.deb ...
Unpacking libegl-mesa0:amd64 (22.3.6-1+deb12u1) ...
Selecting previously unselected package libegl1:amd64.
Preparing to unpack .../79-libegl1_1.6.0-1_amd64.deb ...
Unpacking libegl1:amd64 (1.6.0-1) ...
Selecting previously unselected package libegl-dev:amd64.
Preparing to unpack .../80-libegl-dev_1.6.0-1_amd64.deb ...
Unpacking libegl-dev:amd64 (1.6.0-1) ...
Selecting previously unselected package libgles1:amd64.
Preparing to unpack .../81-libgles1_1.6.0-1_amd64.deb ...
Unpacking libgles1:amd64 (1.6.0-1) ...
Selecting previously unselected package libgles2:amd64.
Preparing to unpack .../82-libgles2_1.6.0-1_amd64.deb ...
Unpacking libgles2:amd64 (1.6.0-1) ...
Selecting previously unselected package libgles-dev:amd64.
Preparing to unpack .../83-libgles-dev_1.6.0-1_amd64.deb ...
Unpacking libgles-dev:amd64 (1.6.0-1) ...
Selecting previously unselected package libopengl0:amd64.
Preparing to unpack .../84-libopengl0_1.6.0-1_amd64.deb ...
Unpacking libopengl0:amd64 (1.6.0-1) ...
Selecting previously unselected package libopengl-dev:amd64.
Preparing to unpack .../85-libopengl-dev_1.6.0-1_amd64.deb ...
Unpacking libopengl-dev:amd64 (1.6.0-1) ...
Selecting previously unselected package libglvnd-dev:amd64.
Preparing to unpack .../86-libglvnd-dev_1.6.0-1_amd64.deb ...
Unpacking libglvnd-dev:amd64 (1.6.0-1) ...
Selecting previously unselected package libgl1-mesa-dev:amd64.
Preparing to unpack .../87-libgl1-mesa-dev_22.3.6-1+deb12u1_amd64.deb ...
Unpacking libgl1-mesa-dev:amd64 (22.3.6-1+deb12u1) ...
Selecting previously unselected package libglu1-mesa:amd64.
Preparing to unpack .../88-libglu1-mesa_9.0.2-1.1_amd64.deb ...
Unpacking libglu1-mesa:amd64 (9.0.2-1.1) ...
Selecting previously unselected package libglu1-mesa-dev:amd64.
Preparing to unpack .../89-libglu1-mesa-dev_9.0.2-1.1_amd64.deb ...
Unpacking libglu1-mesa-dev:amd64 (9.0.2-1.1) ...
Selecting previously unselected package libcsfml-dev:amd64.
Preparing to unpack .../90-libcsfml-dev_2.5-1.1_amd64.deb ...
Unpacking libcsfml-dev:amd64 (2.5-1.1) ...
Selecting previously unselected package libmp3lame0:amd64.
Preparing to unpack .../91-libmp3lame0_3.100-6_amd64.deb ...
Unpacking libmp3lame0:amd64 (3.100-6) ...
Selecting previously unselected package libmpg123-0:amd64.
Preparing to unpack .../92-libmpg123-0_1.31.2-1+deb12u1_amd64.deb ...
Unpacking libmpg123-0:amd64 (1.31.2-1+deb12u1) ...
Selecting previously unselected package libopus0:amd64.
Preparing to unpack .../93-libopus0_1.3.1-3_amd64.deb ...
Unpacking libopus0:amd64 (1.3.1-3) ...
Selecting previously unselected package libsndfile1:amd64.
Preparing to unpack .../94-libsndfile1_1.2.0-1_amd64.deb ...
Unpacking libsndfile1:amd64 (1.2.0-1) ...
Selecting previously unselected package libpulse0:amd64.
Preparing to unpack .../95-libpulse0_16.1+dfsg1-2+b1_amd64.deb ...
Unpacking libpulse0:amd64 (16.1+dfsg1-2+b1) ...
Setting up libxcb-dri3-0:amd64 (1.15-1) ...
Setting up libwayland-server0:amd64 (1.21.0-1) ...
Setting up libx11-xcb1:amd64 (2:1.8.4-2+deb12u2) ...
Setting up libpciaccess0:amd64 (0.17-2) ...
Setting up libapparmor1:amd64 (3.0.8-3) ...
Setting up libicu72:amd64 (72.1-3) ...
Setting up libmpg123-0:amd64 (1.31.2-1+deb12u1) ...
Setting up libxcb-xfixes0:amd64 (1.15-1) ...
Setting up libogg0:amd64 (1.3.5-3) ...
Setting up libglvnd-core-dev:amd64 (1.6.0-1) ...
Setting up libxrender1:amd64 (1:0.9.10-1.1) ...
Setting up libglvnd0:amd64 (1.6.0-1) ...
Setting up libxcb-glx0:amd64 (1.15-1) ...
Setting up libsensors-config (1:3.6.0-7.1) ...
Setting up libxcb-shm0:amd64 (1.15-1) ...
Setting up libpthread-stubs0-dev:amd64 (0.4-1) ...
Setting up libopengl0:amd64 (1.6.0-1) ...
Setting up libxxf86vm1:amd64 (1:1.1.4-1+b2) ...
Setting up libxcb-present0:amd64 (1.15-1) ...
Setting up libasound2-data (1.2.8-1) ...
Setting up xtrans-dev (1.4.0-1) ...
Setting up libz3-4:amd64 (4.8.12-3.1) ...
Setting up libflac12:amd64 (1.4.2+ds-2) ...
Setting up libgles2:amd64 (1.6.0-1) ...
Setting up libxfixes3:amd64 (1:6.0.0-2) ...
Setting up libxcb-sync1:amd64 (1.15-1) ...
Setting up libgles1:amd64 (1.6.0-1) ...
Setting up libdbus-1-3:amd64 (1.14.10-1~deb12u1) ...
Setting up libopus0:amd64 (1.3.1-3) ...
Setting up libvorbis0a:amd64 (1.3.7-1) ...
Setting up libxrandr2:amd64 (2:1.5.2-2+b1) ...
Setting up libsensors5:amd64 (1:3.6.0-7.1) ...
Setting up libsfml-system2.5:amd64 (2.5.1+dfsg-2+b2) ...
Setting up libglapi-mesa:amd64 (22.3.6-1+deb12u1) ...
Setting up libxcb-dri2-0:amd64 (1.15-1) ...
Setting up alsa-topology-conf (1.2.5.1-2) ...
Setting up libasyncns0:amd64 (0.8-6+b3) ...
Setting up libxshmfence1:amd64 (1.3-1) ...
Setting up libxcb-randr0:amd64 (1.15-1) ...
Setting up dbus-session-bus-common (1.14.10-1~deb12u1) ...
Setting up libasound2:amd64 (1.2.8-1+b1) ...
Setting up libopenal-data (1:1.19.1-2) ...
Setting up xorg-sgml-doctools (1:1.11-1.1) ...
Setting up libglu1-mesa:amd64 (9.0.2-1.1) ...
Setting up libopengl-dev:amd64 (1.6.0-1) ...
Setting up libcsfml-system2.5:amd64 (2.5-1.1) ...
Setting up dbus-system-bus-common (1.14.10-1~deb12u1) ...
Setting up libdrm-common (2.4.114-1) ...
Setting up libelf1:amd64 (0.188-2.1) ...
Setting up libxml2:amd64 (2.9.14+dfsg-1.3~deb12u1) ...
Setting up dbus-bin (1.14.10-1~deb12u1) ...
Setting up libmp3lame0:amd64 (3.100-6) ...
Setting up libvorbisenc2:amd64 (1.3.7-1) ...
Setting up libsfml-network2.5:amd64 (2.5.1+dfsg-2+b2) ...
Setting up libwayland-client0:amd64 (1.21.0-1) ...
Setting up x11proto-dev (2022.1-1) ...
Setting up libxau-dev:amd64 (1:1.0.9-1) ...
Setting up alsa-ucm-conf (1.2.8-1) ...
Setting up dbus-daemon (1.14.10-1~deb12u1) ...
Setting up libvorbisfile3:amd64 (1.3.7-1) ...
Setting up libxdmcp-dev:amd64 (1:1.1.2-3) ...
Setting up dbus (1.14.10-1~deb12u1) ...
invoke-rc.d: could not determine current runlevel
invoke-rc.d: policy-rc.d denied execution of start.
Setting up libsndio7.0:amd64 (1.9.0-0.3+b2) ...
Setting up libcsfml-network2.5:amd64 (2.5-1.1) ...
Setting up libdrm2:amd64 (2.4.114-1+b1) ...
Setting up libllvm15:amd64 (1:15.0.6-4+b1) ...
Setting up libsndfile1:amd64 (1.2.0-1) ...
Setting up libdrm-amdgpu1:amd64 (2.4.114-1+b1) ...
Setting up libdrm-nouveau2:amd64 (2.4.114-1+b1) ...
Setting up libxcb1-dev:amd64 (1.15-1) ...
Setting up libgbm1:amd64 (22.3.6-1+deb12u1) ...
Setting up libpulse0:amd64 (16.1+dfsg1-2+b1) ...
Setting up libdrm-radeon1:amd64 (2.4.114-1+b1) ...
Setting up libdrm-intel1:amd64 (2.4.114-1+b1) ...
Setting up libgl1-mesa-dri:amd64 (22.3.6-1+deb12u1) ...
Setting up libx11-dev:amd64 (2:1.8.4-2+deb12u2) ...
Setting up libopenal1:amd64 (1:1.19.1-2) ...
Setting up libegl-mesa0:amd64 (22.3.6-1+deb12u1) ...
Setting up libsfml-audio2.5:amd64 (2.5.1+dfsg-2+b2) ...
Setting up libegl1:amd64 (1.6.0-1) ...
Setting up libcsfml-audio2.5:amd64 (2.5-1.1) ...
Setting up libglx-mesa0:amd64 (22.3.6-1+deb12u1) ...
Setting up libglx0:amd64 (1.6.0-1) ...
Setting up libgl1:amd64 (1.6.0-1) ...
Setting up libsfml-window2.5:amd64 (2.5.1+dfsg-2+b2) ...
Setting up libglx-dev:amd64 (1.6.0-1) ...
Setting up libgl-dev:amd64 (1.6.0-1) ...
Setting up libcsfml-window2.5:amd64 (2.5-1.1) ...
Setting up libsfml-graphics2.5:amd64 (2.5.1+dfsg-2+b2) ...
Setting up libegl-dev:amd64 (1.6.0-1) ...
Setting up libcsfml-graphics2.5:amd64 (2.5-1.1) ...
Setting up libglu1-mesa-dev:amd64 (9.0.2-1.1) ...
Setting up libgles-dev:amd64 (1.6.0-1) ...
Setting up libcsfml-dev:amd64 (2.5-1.1) ...
Setting up libglvnd-dev:amd64 (1.6.0-1) ...
Setting up libgl1-mesa-dev:amd64 (22.3.6-1+deb12u1) ...
Processing triggers for libc-bin (2.36-9+deb12u8) ...
Note: Deploying libgtk3=3.24.38...
The system package 'libgtk-3-dev' is about to be installed.
This action might require admin privileges and impact your system installation.
Do you want Alire to install this system package?
Using default: Yes
debconf: delaying package configuration, since apt-utils is not installed
(Reading database ... 
(Reading database ... 5%
(Reading database ... 10%
(Reading database ... 15%
(Reading database ... 20%
(Reading database ... 25%
(Reading database ... 30%
(Reading database ... 35%
(Reading database ... 40%
(Reading database ... 45%
(Reading database ... 50%
(Reading database ... 55%
(Reading database ... 60%
(Reading database ... 65%
(Reading database ... 70%
(Reading database ... 75%
(Reading database ... 80%
(Reading database ... 85%
(Reading database ... 90%
(Reading database ... 95%
(Reading database ... 100%
(Reading database ... 26134 files and directories currently installed.)
Preparing to unpack .../bsdutils_1%3a2.38.1-5+deb12u3_amd64.deb ...
Unpacking bsdutils (1:2.38.1-5+deb12u3) over (1:2.38.1-5+deb12u1) ...
Setting up bsdutils (1:2.38.1-5+deb12u3) ...
(Reading database ... 
(Reading database ... 5%
(Reading database ... 10%
(Reading database ... 15%
(Reading database ... 20%
(Reading database ... 25%
(Reading database ... 30%
(Reading database ... 35%
(Reading database ... 40%
(Reading database ... 45%
(Reading database ... 50%
(Reading database ... 55%
(Reading database ... 60%
(Reading database ... 65%
(Reading database ... 70%
(Reading database ... 75%
(Reading database ... 80%
(Reading database ... 85%
(Reading database ... 90%
(Reading database ... 95%
(Reading database ... 100%
(Reading database ... 26134 files and directories currently installed.)
Preparing to unpack .../libsmartcols1_2.38.1-5+deb12u3_amd64.deb ...
Unpacking libsmartcols1:amd64 (2.38.1-5+deb12u3) over (2.38.1-5+deb12u1) ...
Setting up libsmartcols1:amd64 (2.38.1-5+deb12u3) ...
(Reading database ... 
(Reading database ... 5%
(Reading database ... 10%
(Reading database ... 15%
(Reading database ... 20%
(Reading database ... 25%
(Reading database ... 30%
(Reading database ... 35%
(Reading database ... 40%
(Reading database ... 45%
(Reading database ... 50%
(Reading database ... 55%
(Reading database ... 60%
(Reading database ... 65%
(Reading database ... 70%
(Reading database ... 75%
(Reading database ... 80%
(Reading database ... 85%
(Reading database ... 90%
(Reading database ... 95%
(Reading database ... 100%
(Reading database ... 26134 files and directories currently installed.)
Preparing to unpack .../util-linux-extra_2.38.1-5+deb12u3_amd64.deb ...
Unpacking util-linux-extra (2.38.1-5+deb12u3) over (2.38.1-5+deb12u1) ...
Setting up util-linux-extra (2.38.1-5+deb12u3) ...
(Reading database ... 
(Reading database ... 5%
(Reading database ... 10%
(Reading database ... 15%
(Reading database ... 20%
(Reading database ... 25%
(Reading database ... 30%
(Reading database ... 35%
(Reading database ... 40%
(Reading database ... 45%
(Reading database ... 50%
(Reading database ... 55%
(Reading database ... 60%
(Reading database ... 65%
(Reading database ... 70%
(Reading database ... 75%
(Reading database ... 80%
(Reading database ... 85%
(Reading database ... 90%
(Reading database ... 95%
(Reading database ... 100%
(Reading database ... 26134 files and directories currently installed.)
Preparing to unpack .../util-linux_2.38.1-5+deb12u3_amd64.deb ...
Unpacking util-linux (2.38.1-5+deb12u3) over (2.38.1-5+deb12u1) ...
Setting up util-linux (2.38.1-5+deb12u3) ...
(Reading database ... 
(Reading database ... 5%
(Reading database ... 10%
(Reading database ... 15%
(Reading database ... 20%
(Reading database ... 25%
(Reading database ... 30%
(Reading database ... 35%
(Reading database ... 40%
(Reading database ... 45%
(Reading database ... 50%
(Reading database ... 55%
(Reading database ... 60%
(Reading database ... 65%
(Reading database ... 70%
(Reading database ... 75%
(Reading database ... 80%
(Reading database ... 85%
(Reading database ... 90%
(Reading database ... 95%
(Reading database ... 100%
(Reading database ... 26134 files and directories currently installed.)
Preparing to unpack .../mount_2.38.1-5+deb12u3_amd64.deb ...
Unpacking mount (2.38.1-5+deb12u3) over (2.38.1-5+deb12u1) ...
Preparing to unpack .../libblkid1_2.38.1-5+deb12u3_amd64.deb ...
Unpacking libblkid1:amd64 (2.38.1-5+deb12u3) over (2.38.1-5+deb12u1) ...
Setting up libblkid1:amd64 (2.38.1-5+deb12u3) ...
Selecting previously unselected package libargon2-1:amd64.
(Reading database ... 
(Reading database ... 5%
(Reading database ... 10%
(Reading database ... 15%
(Reading database ... 20%
(Reading database ... 25%
(Reading database ... 30%
(Reading database ... 35%
(Reading database ... 40%
(Reading database ... 45%
(Reading database ... 50%
(Reading database ... 55%
(Reading database ... 60%
(Reading database ... 65%
(Reading database ... 70%
(Reading database ... 75%
(Reading database ... 80%
(Reading database ... 85%
(Reading database ... 90%
(Reading database ... 95%
(Reading database ... 100%
(Reading database ... 26134 files and directories currently installed.)
Preparing to unpack .../libargon2-1_0~20171227-0.3+deb12u1_amd64.deb ...
Unpacking libargon2-1:amd64 (0~20171227-0.3+deb12u1) ...
Preparing to unpack .../libudev1_252.36-1~deb12u1_amd64.deb ...
Unpacking libudev1:amd64 (252.36-1~deb12u1) over (252.30-1~deb12u2) ...
Setting up libudev1:amd64 (252.36-1~deb12u1) ...
Selecting previously unselected package dmsetup.
(Reading database ... 
(Reading database ... 5%
(Reading database ... 10%
(Reading database ... 15%
(Reading database ... 20%
(Reading database ... 25%
(Reading database ... 30%
(Reading database ... 35%
(Reading database ... 40%
(Reading database ... 45%
(Reading database ... 50%
(Reading database ... 55%
(Reading database ... 60%
(Reading database ... 65%
(Reading database ... 70%
(Reading database ... 75%
(Reading database ... 80%
(Reading database ... 85%
(Reading database ... 90%
(Reading database ... 95%
(Reading database ... 100%
(Reading database ... 26139 files and directories currently installed.)
Preparing to unpack .../dmsetup_2%3a1.02.185-2_amd64.deb ...
Unpacking dmsetup (2:1.02.185-2) ...
Selecting previously unselected package libdevmapper1.02.1:amd64.
Preparing to unpack .../libdevmapper1.02.1_2%3a1.02.185-2_amd64.deb ...
Unpacking libdevmapper1.02.1:amd64 (2:1.02.185-2) ...
Selecting previously unselected package libjson-c5:amd64.
Preparing to unpack .../libjson-c5_0.16-2_amd64.deb ...
Unpacking libjson-c5:amd64 (0.16-2) ...
Preparing to unpack .../libuuid1_2.38.1-5+deb12u3_amd64.deb ...
Unpacking libuuid1:amd64 (2.38.1-5+deb12u3) over (2.38.1-5+deb12u1) ...
Setting up libuuid1:amd64 (2.38.1-5+deb12u3) ...
Selecting previously unselected package libcryptsetup12:amd64.
(Reading database ... 
(Reading database ... 5%
(Reading database ... 10%
(Reading database ... 15%
(Reading database ... 20%
(Reading database ... 25%
(Reading database ... 30%
(Reading database ... 35%
(Reading database ... 40%
(Reading database ... 45%
(Reading database ... 50%
(Reading database ... 55%
(Reading database ... 60%
(Reading database ... 65%
(Reading database ... 70%
(Reading database ... 75%
(Reading database ... 80%
(Reading database ... 85%
(Reading database ... 90%
(Reading database ... 95%
(Reading database ... 100%
(Reading database ... 26168 files and directories currently installed.)
Preparing to unpack .../libcryptsetup12_2%3a2.6.1-4~deb12u2_amd64.deb ...
Unpacking libcryptsetup12:amd64 (2:2.6.1-4~deb12u2) ...
Selecting previously unselected package libfdisk1:amd64.
Preparing to unpack .../libfdisk1_2.38.1-5+deb12u3_amd64.deb ...
Unpacking libfdisk1:amd64 (2.38.1-5+deb12u3) ...
Preparing to unpack .../liblzma5_5.4.1-1_amd64.deb ...
Unpacking liblzma5:amd64 (5.4.1-1) over (5.4.1-0.2) ...
Setting up liblzma5:amd64 (5.4.1-1) ...
Selecting previously unselected package libkmod2:amd64.
(Reading database ... 
(Reading database ... 5%
(Reading database ... 10%
(Reading database ... 15%
(Reading database ... 20%
(Reading database ... 25%
(Reading database ... 30%
(Reading database ... 35%
(Reading database ... 40%
(Reading database ... 45%
(Reading database ... 50%
(Reading database ... 55%
(Reading database ... 60%
(Reading database ... 65%
(Reading database ... 70%
(Reading database ... 75%
(Reading database ... 80%
(Reading database ... 85%
(Reading database ... 90%
(Reading database ... 95%
(Reading database ... 100%
(Reading database ... 26183 files and directories currently installed.)
Preparing to unpack .../libkmod2_30+20221128-1_amd64.deb ...
Unpacking libkmod2:amd64 (30+20221128-1) ...
Selecting previously unselected package libip4tc2:amd64.
Preparing to unpack .../libip4tc2_1.8.9-2_amd64.deb ...
Unpacking libip4tc2:amd64 (1.8.9-2) ...
Preparing to unpack .../libmount1_2.38.1-5+deb12u3_amd64.deb ...
Unpacking libmount1:amd64 (2.38.1-5+deb12u3) over (2.38.1-5+deb12u1) ...
Setting up libmount1:amd64 (2.38.1-5+deb12u3) ...
Selecting previously unselected package libsystemd-shared:amd64.
(Reading database ... 
(Reading database ... 5%
(Reading database ... 10%
(Reading database ... 15%
(Reading database ... 20%
(Reading database ... 25%
(Reading database ... 30%
(Reading database ... 35%
(Reading database ... 40%
(Reading database ... 45%
(Reading database ... 50%
(Reading database ... 55%
(Reading database ... 60%
(Reading database ... 65%
(Reading database ... 70%
(Reading database ... 75%
(Reading database ... 80%
(Reading database ... 85%
(Reading database ... 90%
(Reading database ... 95%
(Reading database ... 100%
(Reading database ... 26195 files and directories currently installed.)
Preparing to unpack .../libsystemd-shared_252.36-1~deb12u1_amd64.deb ...
Unpacking libsystemd-shared:amd64 (252.36-1~deb12u1) ...
Preparing to unpack .../libsystemd0_252.36-1~deb12u1_amd64.deb ...
Unpacking libsystemd0:amd64 (252.36-1~deb12u1) over (252.30-1~deb12u2) ...
Setting up libsystemd0:amd64 (252.36-1~deb12u1) ...
Selecting previously unselected package systemd.
(Reading database ... 
(Reading database ... 5%
(Reading database ... 10%
(Reading database ... 15%
(Reading database ... 20%
(Reading database ... 25%
(Reading database ... 30%
(Reading database ... 35%
(Reading database ... 40%
(Reading database ... 45%
(Reading database ... 50%
(Reading database ... 55%
(Reading database ... 60%
(Reading database ... 65%
(Reading database ... 70%
(Reading database ... 75%
(Reading database ... 80%
(Reading database ... 85%
(Reading database ... 90%
(Reading database ... 95%
(Reading database ... 100%
(Reading database ... 26203 files and directories currently installed.)
Preparing to unpack .../systemd_252.36-1~deb12u1_amd64.deb ...
Unpacking systemd (252.36-1~deb12u1) ...
Setting up libargon2-1:amd64 (0~20171227-0.3+deb12u1) ...
Setting up libjson-c5:amd64 (0.16-2) ...
Setting up libfdisk1:amd64 (2.38.1-5+deb12u3) ...
Setting up libkmod2:amd64 (30+20221128-1) ...
Setting up libip4tc2:amd64 (1.8.9-2) ...
Setting up libsystemd-shared:amd64 (252.36-1~deb12u1) ...
Setting up mount (2.38.1-5+deb12u3) ...
Setting up libdevmapper1.02.1:amd64 (2:1.02.185-2) ...
Setting up libcryptsetup12:amd64 (2:2.6.1-4~deb12u2) ...
Setting up systemd (252.36-1~deb12u1) ...
Created symlink /etc/systemd/system/getty.target.wants/getty@tty1.service → /lib/systemd/system/getty@.service.

Created symlink /etc/systemd/system/multi-user.target.wants/remote-fs.target → /lib/systemd/system/remote-fs.target.

Created symlink /etc/systemd/system/sysinit.target.wants/systemd-pstore.service → /lib/systemd/system/systemd-pstore.service.

Initializing machine ID from D-Bus machine ID.

Creating group 'systemd-journal' with GID 999.

Creating group 'systemd-network' with GID 998.

Creating user 'systemd-network' (systemd Network Management) with UID 998 and GID 998.

Setting up dmsetup (2:1.02.185-2) ...
Selecting previously unselected package systemd-sysv.
(Reading database ... 
(Reading database ... 5%
(Reading database ... 10%
(Reading database ... 15%
(Reading database ... 20%
(Reading database ... 25%
(Reading database ... 30%
(Reading database ... 35%
(Reading database ... 40%
(Reading database ... 45%
(Reading database ... 50%
(Reading database ... 55%
(Reading database ... 60%
(Reading database ... 65%
(Reading database ... 70%
(Reading database ... 75%
(Reading database ... 80%
(Reading database ... 85%
(Reading database ... 90%
(Reading database ... 95%
(Reading database ... 100%
(Reading database ... 27038 files and directories currently installed.)
Preparing to unpack .../000-systemd-sysv_252.36-1~deb12u1_amd64.deb ...
Unpacking systemd-sysv (252.36-1~deb12u1) ...
Selecting previously unselected package sgml-base.
Preparing to unpack .../001-sgml-base_1.31_all.deb ...
Unpacking sgml-base (1.31) ...
Selecting previously unselected package libproc2-0:amd64.
Preparing to unpack .../002-libproc2-0_2%3a4.0.2-3_amd64.deb ...
Unpacking libproc2-0:amd64 (2:4.0.2-3) ...
Selecting previously unselected package procps.
Preparing to unpack .../003-procps_2%3a4.0.2-3_amd64.deb ...
Unpacking procps (2:4.0.2-3) ...
Selecting previously unselected package libnss-systemd:amd64.
Preparing to unpack .../004-libnss-systemd_252.36-1~deb12u1_amd64.deb ...
Unpacking libnss-systemd:amd64 (252.36-1~deb12u1) ...
Selecting previously unselected package libpam-systemd:amd64.
Preparing to unpack .../005-libpam-systemd_252.36-1~deb12u1_amd64.deb ...
Unpacking libpam-systemd:amd64 (252.36-1~deb12u1) ...
Selecting previously unselected package systemd-timesyncd.
Preparing to unpack .../006-systemd-timesyncd_252.36-1~deb12u1_amd64.deb ...
Unpacking systemd-timesyncd (252.36-1~deb12u1) ...
Preparing to unpack .../007-xz-utils_5.4.1-1_amd64.deb ...
Unpacking xz-utils (5.4.1-1) over (5.4.1-0.2) ...
Selecting previously unselected package hicolor-icon-theme.
Preparing to unpack .../008-hicolor-icon-theme_0.17-2_all.deb ...
Unpacking hicolor-icon-theme (0.17-2) ...
Selecting previously unselected package libgdk-pixbuf2.0-common.
Preparing to unpack .../009-libgdk-pixbuf2.0-common_2.42.10+dfsg-1+deb12u1_all.deb ...
Unpacking libgdk-pixbuf2.0-common (2.42.10+dfsg-1+deb12u1) ...
Selecting previously unselected package libglib2.0-0:amd64.
Preparing to unpack .../010-libglib2.0-0_2.74.6-2+deb12u5_amd64.deb ...
Unpacking libglib2.0-0:amd64 (2.74.6-2+deb12u5) ...
Selecting previously unselected package shared-mime-info.
Preparing to unpack .../011-shared-mime-info_2.2-1_amd64.deb ...
Unpacking shared-mime-info (2.2-1) ...
Preparing to unpack .../012-libtiff6_4.5.0-6+deb12u2_amd64.deb ...
Unpacking libtiff6:amd64 (4.5.0-6+deb12u2) over (4.5.0-6+deb12u1) ...
Selecting previously unselected package libgdk-pixbuf-2.0-0:amd64.
Preparing to unpack .../013-libgdk-pixbuf-2.0-0_2.42.10+dfsg-1+deb12u1_amd64.deb ...
Unpacking libgdk-pixbuf-2.0-0:amd64 (2.42.10+dfsg-1+deb12u1) ...
Selecting previously unselected package gtk-update-icon-cache.
Preparing to unpack .../014-gtk-update-icon-cache_3.24.38-2~deb12u3_amd64.deb ...
Unpacking gtk-update-icon-cache (3.24.38-2~deb12u3) ...
Selecting previously unselected package adwaita-icon-theme.
Preparing to unpack .../015-adwaita-icon-theme_43-1_all.deb ...
Unpacking adwaita-icon-theme (43-1) ...
Selecting previously unselected package at-spi2-common.
Preparing to unpack .../016-at-spi2-common_2.46.0-5_all.deb ...
Unpacking at-spi2-common (2.46.0-5) ...
Selecting previously unselected package libxi6:amd64.
Preparing to unpack .../017-libxi6_2%3a1.8-1+b1_amd64.deb ...
Unpacking libxi6:amd64 (2:1.8-1+b1) ...
Selecting previously unselected package libatspi2.0-0:amd64.
Preparing to unpack .../018-libatspi2.0-0_2.46.0-5_amd64.deb ...
Unpacking libatspi2.0-0:amd64 (2.46.0-5) ...
Selecting previously unselected package x11-common.
Preparing to unpack .../019-x11-common_1%3a7.7+23_all.deb ...
Unpacking x11-common (1:7.7+23) ...
Selecting previously unselected package libxtst6:amd64.
Preparing to unpack .../020-libxtst6_2%3a1.2.3-1.1_amd64.deb ...
Unpacking libxtst6:amd64 (2:1.2.3-1.1) ...
Selecting previously unselected package dbus-user-session.
Preparing to unpack .../021-dbus-user-session_1.14.10-1~deb12u1_amd64.deb ...
Unpacking dbus-user-session (1.14.10-1~deb12u1) ...
Selecting previously unselected package libdconf1:amd64.
Preparing to unpack .../022-libdconf1_0.40.0-4_amd64.deb ...
Unpacking libdconf1:amd64 (0.40.0-4) ...
Selecting previously unselected package dconf-service.
Preparing to unpack .../023-dconf-service_0.40.0-4_amd64.deb ...
Unpacking dconf-service (0.40.0-4) ...
Selecting previously unselected package dconf-gsettings-backend:amd64.
Preparing to unpack .../024-dconf-gsettings-backend_0.40.0-4_amd64.deb ...
Unpacking dconf-gsettings-backend:amd64 (0.40.0-4) ...
Selecting previously unselected package gsettings-desktop-schemas.
Preparing to unpack .../025-gsettings-desktop-schemas_43.0-1_all.deb ...
Unpacking gsettings-desktop-schemas (43.0-1) ...
Selecting previously unselected package at-spi2-core.
Preparing to unpack .../026-at-spi2-core_2.46.0-5_amd64.deb ...
Unpacking at-spi2-core (2.46.0-5) ...
Preparing to unpack .../027-libfreetype6_2.12.1+dfsg-5+deb12u4_amd64.deb ...
Unpacking libfreetype6:amd64 (2.12.1+dfsg-5+deb12u4) over (2.12.1+dfsg-5+deb12u3) ...
Selecting previously unselected package fontconfig.
Preparing to unpack .../028-fontconfig_2.14.1-4_amd64.deb ...
Unpacking fontconfig (2.14.1-4) ...
Selecting previously unselected package libgirepository-1.0-1:amd64.
Preparing to unpack .../029-libgirepository-1.0-1_1.74.0-3_amd64.deb ...
Unpacking libgirepository-1.0-1:amd64 (1.74.0-3) ...
Selecting previously unselected package gir1.2-glib-2.0:amd64.
Preparing to unpack .../030-gir1.2-glib-2.0_1.74.0-3_amd64.deb ...
Unpacking gir1.2-glib-2.0:amd64 (1.74.0-3) ...
Selecting previously unselected package libatk1.0-0:amd64.
Preparing to unpack .../031-libatk1.0-0_2.46.0-5_amd64.deb ...
Unpacking libatk1.0-0:amd64 (2.46.0-5) ...
Selecting previously unselected package gir1.2-atk-1.0:amd64.
Preparing to unpack .../032-gir1.2-atk-1.0_2.46.0-5_amd64.deb ...
Unpacking gir1.2-atk-1.0:amd64 (2.46.0-5) ...
Selecting previously unselected package gir1.2-freedesktop:amd64.
Preparing to unpack .../033-gir1.2-freedesktop_1.74.0-3_amd64.deb ...
Unpacking gir1.2-freedesktop:amd64 (1.74.0-3) ...
Selecting previously unselected package gir1.2-atspi-2.0:amd64.
Preparing to unpack .../034-gir1.2-atspi-2.0_2.46.0-5_amd64.deb ...
Unpacking gir1.2-atspi-2.0:amd64 (2.46.0-5) ...
Selecting previously unselected package gir1.2-gdkpixbuf-2.0:amd64.
Preparing to unpack .../035-gir1.2-gdkpixbuf-2.0_2.42.10+dfsg-1+deb12u1_amd64.deb ...
Unpacking gir1.2-gdkpixbuf-2.0:amd64 (2.42.10+dfsg-1+deb12u1) ...
Selecting previously unselected package gir1.2-harfbuzz-0.0:amd64.
Preparing to unpack .../036-gir1.2-harfbuzz-0.0_6.0.0+dfsg-3_amd64.deb ...
Unpacking gir1.2-harfbuzz-0.0:amd64 (6.0.0+dfsg-3) ...
Selecting previously unselected package libfribidi0:amd64.
Preparing to unpack .../037-libfribidi0_1.0.8-2.1_amd64.deb ...
Unpacking libfribidi0:amd64 (1.0.8-2.1) ...
Selecting previously unselected package libgraphite2-3:amd64.
Preparing to unpack .../038-libgraphite2-3_1.3.14-1_amd64.deb ...
Unpacking libgraphite2-3:amd64 (1.3.14-1) ...
Selecting previously unselected package libharfbuzz0b:amd64.
Preparing to unpack .../039-libharfbuzz0b_6.0.0+dfsg-3_amd64.deb ...
Unpacking libharfbuzz0b:amd64 (6.0.0+dfsg-3) ...
Selecting previously unselected package libthai-data.
Preparing to unpack .../040-libthai-data_0.1.29-1_all.deb ...
Unpacking libthai-data (0.1.29-1) ...
Selecting previously unselected package libdatrie1:amd64.
Preparing to unpack .../041-libdatrie1_0.2.13-2+b1_amd64.deb ...
Unpacking libdatrie1:amd64 (0.2.13-2+b1) ...
Selecting previously unselected package libthai0:amd64.
Preparing to unpack .../042-libthai0_0.1.29-1_amd64.deb ...
Unpacking libthai0:amd64 (0.1.29-1) ...
Selecting previously unselected package libpango-1.0-0:amd64.
Preparing to unpack .../043-libpango-1.0-0_1.50.12+ds-1_amd64.deb ...
Unpacking libpango-1.0-0:amd64 (1.50.12+ds-1) ...
Selecting previously unselected package libpixman-1-0:amd64.
Preparing to unpack .../044-libpixman-1-0_0.42.2-1_amd64.deb ...
Unpacking libpixman-1-0:amd64 (0.42.2-1) ...
Selecting previously unselected package libxcb-render0:amd64.
Preparing to unpack .../045-libxcb-render0_1.15-1_amd64.deb ...
Unpacking libxcb-render0:amd64 (1.15-1) ...
Selecting previously unselected package libcairo2:amd64.
Preparing to unpack .../046-libcairo2_1.16.0-7_amd64.deb ...
Unpacking libcairo2:amd64 (1.16.0-7) ...
Selecting previously unselected package libpangoft2-1.0-0:amd64.
Preparing to unpack .../047-libpangoft2-1.0-0_1.50.12+ds-1_amd64.deb ...
Unpacking libpangoft2-1.0-0:amd64 (1.50.12+ds-1) ...
Selecting previously unselected package libpangocairo-1.0-0:amd64.
Preparing to unpack .../048-libpangocairo-1.0-0_1.50.12+ds-1_amd64.deb ...
Unpacking libpangocairo-1.0-0:amd64 (1.50.12+ds-1) ...
Selecting previously unselected package libxft2:amd64.
Preparing to unpack .../049-libxft2_2.3.6-1_amd64.deb ...
Unpacking libxft2:amd64 (2.3.6-1) ...
Selecting previously unselected package libpangoxft-1.0-0:amd64.
Preparing to unpack .../050-libpangoxft-1.0-0_1.50.12+ds-1_amd64.deb ...
Unpacking libpangoxft-1.0-0:amd64 (1.50.12+ds-1) ...
Selecting previously unselected package gir1.2-pango-1.0:amd64.
Preparing to unpack .../051-gir1.2-pango-1.0_1.50.12+ds-1_amd64.deb ...
Unpacking gir1.2-pango-1.0:amd64 (1.50.12+ds-1) ...
Selecting previously unselected package libatk-bridge2.0-0:amd64.
Preparing to unpack .../052-libatk-bridge2.0-0_2.46.0-5_amd64.deb ...
Unpacking libatk-bridge2.0-0:amd64 (2.46.0-5) ...
Selecting previously unselected package libcairo-gobject2:amd64.
Preparing to unpack .../053-libcairo-gobject2_1.16.0-7_amd64.deb ...
Unpacking libcairo-gobject2:amd64 (1.16.0-7) ...
Selecting previously unselected package liblcms2-2:amd64.
Preparing to unpack .../054-liblcms2-2_2.14-2_amd64.deb ...
Unpacking liblcms2-2:amd64 (2.14-2) ...
Selecting previously unselected package libcolord2:amd64.
Preparing to unpack .../055-libcolord2_1.4.6-2.2_amd64.deb ...
Unpacking libcolord2:amd64 (1.4.6-2.2) ...
Selecting previously unselected package libavahi-common-data:amd64.
Preparing to unpack .../056-libavahi-common-data_0.8-10+deb12u1_amd64.deb ...
Unpacking libavahi-common-data:amd64 (0.8-10+deb12u1) ...
Selecting previously unselected package libavahi-common3:amd64.
Preparing to unpack .../057-libavahi-common3_0.8-10+deb12u1_amd64.deb ...
Unpacking libavahi-common3:amd64 (0.8-10+deb12u1) ...
Selecting previously unselected package libavahi-client3:amd64.
Preparing to unpack .../058-libavahi-client3_0.8-10+deb12u1_amd64.deb ...
Unpacking libavahi-client3:amd64 (0.8-10+deb12u1) ...
Selecting previously unselected package libcups2:amd64.
Preparing to unpack .../059-libcups2_2.4.2-3+deb12u8_amd64.deb ...
Unpacking libcups2:amd64 (2.4.2-3+deb12u8) ...
Selecting previously unselected package libepoxy0:amd64.
Preparing to unpack .../060-libepoxy0_1.5.10-1_amd64.deb ...
Unpacking libepoxy0:amd64 (1.5.10-1) ...
Selecting previously unselected package libwayland-cursor0:amd64.
Preparing to unpack .../061-libwayland-cursor0_1.21.0-1_amd64.deb ...
Unpacking libwayland-cursor0:amd64 (1.21.0-1) ...
Selecting previously unselected package libwayland-egl1:amd64.
Preparing to unpack .../062-libwayland-egl1_1.21.0-1_amd64.deb ...
Unpacking libwayland-egl1:amd64 (1.21.0-1) ...
Selecting previously unselected package libxcomposite1:amd64.
Preparing to unpack .../063-libxcomposite1_1%3a0.4.5-1_amd64.deb ...
Unpacking libxcomposite1:amd64 (1:0.4.5-1) ...
Selecting previously unselected package libxcursor1:amd64.
Preparing to unpack .../064-libxcursor1_1%3a1.2.1-1_amd64.deb ...
Unpacking libxcursor1:amd64 (1:1.2.1-1) ...
Selecting previously unselected package libxdamage1:amd64.
Preparing to unpack .../065-libxdamage1_1%3a1.1.6-1_amd64.deb ...
Unpacking libxdamage1:amd64 (1:1.1.6-1) ...
Selecting previously unselected package libxinerama1:amd64.
Preparing to unpack .../066-libxinerama1_2%3a1.1.4-3_amd64.deb ...
Unpacking libxinerama1:amd64 (2:1.1.4-3) ...
Selecting previously unselected package xkb-data.
Preparing to unpack .../067-xkb-data_2.35.1-1_all.deb ...
Unpacking xkb-data (2.35.1-1) ...
Selecting previously unselected package libxkbcommon0:amd64.
Preparing to unpack .../068-libxkbcommon0_1.5.0-1_amd64.deb ...
Unpacking libxkbcommon0:amd64 (1.5.0-1) ...
Selecting previously unselected package libgtk-3-common.
Preparing to unpack .../069-libgtk-3-common_3.24.38-2~deb12u3_all.deb ...
Unpacking libgtk-3-common (3.24.38-2~deb12u3) ...
Selecting previously unselected package libgtk-3-0:amd64.
Preparing to unpack .../070-libgtk-3-0_3.24.38-2~deb12u3_amd64.deb ...
Unpacking libgtk-3-0:amd64 (3.24.38-2~deb12u3) ...
Selecting previously unselected package gir1.2-gtk-3.0:amd64.
Preparing to unpack .../071-gir1.2-gtk-3.0_3.24.38-2~deb12u3_amd64.deb ...
Unpacking gir1.2-gtk-3.0:amd64 (3.24.38-2~deb12u3) ...
Selecting previously unselected package icu-devtools.
Preparing to unpack .../072-icu-devtools_72.1-3_amd64.deb ...
Unpacking icu-devtools (72.1-3) ...
Selecting previously unselected package libpkgconf3:amd64.
Preparing to unpack .../073-libpkgconf3_1.8.1-1_amd64.deb ...
Unpacking libpkgconf3:amd64 (1.8.1-1) ...
Selecting previously unselected package pkgconf-bin.
Preparing to unpack .../074-pkgconf-bin_1.8.1-1_amd64.deb ...
Unpacking pkgconf-bin (1.8.1-1) ...
Selecting previously unselected package pkgconf:amd64.
Preparing to unpack .../075-pkgconf_1.8.1-1_amd64.deb ...
Unpacking pkgconf:amd64 (1.8.1-1) ...
Selecting previously unselected package pkg-config:amd64.
Preparing to unpack .../076-pkg-config_1.8.1-1_amd64.deb ...
Unpacking pkg-config:amd64 (1.8.1-1) ...
Selecting previously unselected package libffi-dev:amd64.
Preparing to unpack .../077-libffi-dev_3.4.4-1_amd64.deb ...
Unpacking libffi-dev:amd64 (3.4.4-1) ...
Selecting previously unselected package libglib2.0-data.
Preparing to unpack .../078-libglib2.0-data_2.74.6-2+deb12u5_all.deb ...
Unpacking libglib2.0-data (2.74.6-2+deb12u5) ...
Selecting previously unselected package libglib2.0-bin.
Preparing to unpack .../079-libglib2.0-bin_2.74.6-2+deb12u5_amd64.deb ...
Unpacking libglib2.0-bin (2.74.6-2+deb12u5) ...
Selecting previously unselected package libglib2.0-dev-bin.
Preparing to unpack .../080-libglib2.0-dev-bin_2.74.6-2+deb12u5_amd64.deb ...
Unpacking libglib2.0-dev-bin (2.74.6-2+deb12u5) ...
Selecting previously unselected package uuid-dev:amd64.
Preparing to unpack .../081-uuid-dev_2.38.1-5+deb12u3_amd64.deb ...
Unpacking uuid-dev:amd64 (2.38.1-5+deb12u3) ...
Selecting previously unselected package libblkid-dev:amd64.
Preparing to unpack .../082-libblkid-dev_2.38.1-5+deb12u3_amd64.deb ...
Unpacking libblkid-dev:amd64 (2.38.1-5+deb12u3) ...
Selecting previously unselected package libsepol-dev:amd64.
Preparing to unpack .../083-libsepol-dev_3.4-2.1_amd64.deb ...
Unpacking libsepol-dev:amd64 (3.4-2.1) ...
Selecting previously unselected package libpcre2-16-0:amd64.
Preparing to unpack .../084-libpcre2-16-0_10.42-1_amd64.deb ...
Unpacking libpcre2-16-0:amd64 (10.42-1) ...
Selecting previously unselected package libpcre2-32-0:amd64.
Preparing to unpack .../085-libpcre2-32-0_10.42-1_amd64.deb ...
Unpacking libpcre2-32-0:amd64 (10.42-1) ...
Selecting previously unselected package libpcre2-posix3:amd64.
Preparing to unpack .../086-libpcre2-posix3_10.42-1_amd64.deb ...
Unpacking libpcre2-posix3:amd64 (10.42-1) ...
Selecting previously unselected package libpcre2-dev:amd64.
Preparing to unpack .../087-libpcre2-dev_10.42-1_amd64.deb ...
Unpacking libpcre2-dev:amd64 (10.42-1) ...
Selecting previously unselected package libselinux1-dev:amd64.
Preparing to unpack .../088-libselinux1-dev_3.4-1+b6_amd64.deb ...
Unpacking libselinux1-dev:amd64 (3.4-1+b6) ...
Selecting previously unselected package libmount-dev:amd64.
Preparing to unpack .../089-libmount-dev_2.38.1-5+deb12u3_amd64.deb ...
Unpacking libmount-dev:amd64 (2.38.1-5+deb12u3) ...
Selecting previously unselected package libglib2.0-dev:amd64.
Preparing to unpack .../090-libglib2.0-dev_2.74.6-2+deb12u5_amd64.deb ...
Unpacking libglib2.0-dev:amd64 (2.74.6-2+deb12u5) ...
Selecting previously unselected package libatk1.0-dev:amd64.
Preparing to unpack .../091-libatk1.0-dev_2.46.0-5_amd64.deb ...
Unpacking libatk1.0-dev:amd64 (2.46.0-5) ...
Selecting previously unselected package xml-core.
Preparing to unpack .../092-xml-core_0.18+nmu1_all.deb ...
Unpacking xml-core (0.18+nmu1) ...
Selecting previously unselected package libdbus-1-dev:amd64.
Preparing to unpack .../093-libdbus-1-dev_1.14.10-1~deb12u1_amd64.deb ...
Unpacking libdbus-1-dev:amd64 (1.14.10-1~deb12u1) ...
Selecting previously unselected package libxext-dev:amd64.
Preparing to unpack .../094-libxext-dev_2%3a1.3.4-1+b1_amd64.deb ...
Unpacking libxext-dev:amd64 (2:1.3.4-1+b1) ...
Selecting previously unselected package libxfixes-dev:amd64.
Preparing to unpack .../095-libxfixes-dev_1%3a6.0.0-2_amd64.deb ...
Unpacking libxfixes-dev:amd64 (1:6.0.0-2) ...
Selecting previously unselected package libxi-dev:amd64.
Preparing to unpack .../096-libxi-dev_2%3a1.8-1+b1_amd64.deb ...
Unpacking libxi-dev:amd64 (2:1.8-1+b1) ...
Selecting previously unselected package libxtst-dev:amd64.
Preparing to unpack .../097-libxtst-dev_2%3a1.2.3-1.1_amd64.deb ...
Unpacking libxtst-dev:amd64 (2:1.2.3-1.1) ...
Selecting previously unselected package libatspi2.0-dev:amd64.
Preparing to unpack .../098-libatspi2.0-dev_2.46.0-5_amd64.deb ...
Unpacking libatspi2.0-dev:amd64 (2.46.0-5) ...
Selecting previously unselected package libatk-bridge2.0-dev:amd64.
Preparing to unpack .../099-libatk-bridge2.0-dev_2.46.0-5_amd64.deb ...
Unpacking libatk-bridge2.0-dev:amd64 (2.46.0-5) ...
Selecting previously unselected package libbrotli-dev:amd64.
Preparing to unpack .../100-libbrotli-dev_1.0.9-2+b6_amd64.deb ...
Unpacking libbrotli-dev:amd64 (1.0.9-2+b6) ...
Selecting previously unselected package liblzo2-2:amd64.
Preparing to unpack .../101-liblzo2-2_2.10-2_amd64.deb ...
Unpacking liblzo2-2:amd64 (2.10-2) ...
Selecting previously unselected package libcairo-script-interpreter2:amd64.
Preparing to unpack .../102-libcairo-script-interpreter2_1.16.0-7_amd64.deb ...
Unpacking libcairo-script-interpreter2:amd64 (1.16.0-7) ...
Selecting previously unselected package libpng-dev:amd64.
Preparing to unpack .../103-libpng-dev_1.6.39-2_amd64.deb ...
Unpacking libpng-dev:amd64 (1.6.39-2) ...
Selecting previously unselected package libfreetype-dev:amd64.
Preparing to unpack .../104-libfreetype-dev_2.12.1+dfsg-5+deb12u4_amd64.deb ...
Unpacking libfreetype-dev:amd64 (2.12.1+dfsg-5+deb12u4) ...
Selecting previously unselected package libfontconfig-dev:amd64.
Preparing to unpack .../105-libfontconfig-dev_2.14.1-4_amd64.deb ...
Unpacking libfontconfig-dev:amd64 (2.14.1-4) ...
Selecting previously unselected package libpixman-1-dev:amd64.
Preparing to unpack .../106-libpixman-1-dev_0.42.2-1_amd64.deb ...
Unpacking libpixman-1-dev:amd64 (0.42.2-1) ...
Selecting previously unselected package libice6:amd64.
Preparing to unpack .../107-libice6_2%3a1.0.10-1_amd64.deb ...
Unpacking libice6:amd64 (2:1.0.10-1) ...
Selecting previously unselected package libsm6:amd64.
Preparing to unpack .../108-libsm6_2%3a1.2.3-1_amd64.deb ...
Unpacking libsm6:amd64 (2:1.2.3-1) ...
Selecting previously unselected package libice-dev:amd64.
Preparing to unpack .../109-libice-dev_2%3a1.0.10-1_amd64.deb ...
Unpacking libice-dev:amd64 (2:1.0.10-1) ...
Selecting previously unselected package libsm-dev:amd64.
Preparing to unpack .../110-libsm-dev_2%3a1.2.3-1_amd64.deb ...
Unpacking libsm-dev:amd64 (2:1.2.3-1) ...
Selecting previously unselected package libxcb-render0-dev:amd64.
Preparing to unpack .../111-libxcb-render0-dev_1.15-1_amd64.deb ...
Unpacking libxcb-render0-dev:amd64 (1.15-1) ...
Selecting previously unselected package libxcb-shm0-dev:amd64.
Preparing to unpack .../112-libxcb-shm0-dev_1.15-1_amd64.deb ...
Unpacking libxcb-shm0-dev:amd64 (1.15-1) ...
Selecting previously unselected package libxrender-dev:amd64.
Preparing to unpack .../113-libxrender-dev_1%3a0.9.10-1.1_amd64.deb ...
Unpacking libxrender-dev:amd64 (1:0.9.10-1.1) ...
Selecting previously unselected package libcairo2-dev:amd64.
Preparing to unpack .../114-libcairo2-dev_1.16.0-7_amd64.deb ...
Unpacking libcairo2-dev:amd64 (1.16.0-7) ...
Selecting previously unselected package libdatrie-dev:amd64.
Preparing to unpack .../115-libdatrie-dev_0.2.13-2+b1_amd64.deb ...
Unpacking libdatrie-dev:amd64 (0.2.13-2+b1) ...
Selecting previously unselected package libdeflate-dev:amd64.
Preparing to unpack .../116-libdeflate-dev_1.14-1_amd64.deb ...
Unpacking libdeflate-dev:amd64 (1.14-1) ...
Selecting previously unselected package libegl1-mesa-dev:amd64.
Preparing to unpack .../117-libegl1-mesa-dev_22.3.6-1+deb12u1_amd64.deb ...
Unpacking libegl1-mesa-dev:amd64 (22.3.6-1+deb12u1) ...
Selecting previously unselected package libepoxy-dev:amd64.
Preparing to unpack .../118-libepoxy-dev_1.5.10-1_amd64.deb ...
Unpacking libepoxy-dev:amd64 (1.5.10-1) ...
Selecting previously unselected package libfribidi-dev:amd64.
Preparing to unpack .../119-libfribidi-dev_1.0.8-2.1_amd64.deb ...
Unpacking libfribidi-dev:amd64 (1.0.8-2.1) ...
Selecting previously unselected package libgdk-pixbuf2.0-bin.
Preparing to unpack .../120-libgdk-pixbuf2.0-bin_2.42.10+dfsg-1+deb12u1_amd64.deb ...
Unpacking libgdk-pixbuf2.0-bin (2.42.10+dfsg-1+deb12u1) ...
Selecting previously unselected package libjpeg62-turbo-dev:amd64.
Preparing to unpack .../121-libjpeg62-turbo-dev_1%3a2.1.5-2_amd64.deb ...
Unpacking libjpeg62-turbo-dev:amd64 (1:2.1.5-2) ...
Selecting previously unselected package libjpeg-dev:amd64.
Preparing to unpack .../122-libjpeg-dev_1%3a2.1.5-2_amd64.deb ...
Unpacking libjpeg-dev:amd64 (1:2.1.5-2) ...
Selecting previously unselected package libjbig-dev:amd64.
Preparing to unpack .../123-libjbig-dev_2.1-6.1_amd64.deb ...
Unpacking libjbig-dev:amd64 (2.1-6.1) ...
Selecting previously unselected package liblzma-dev:amd64.
Preparing to unpack .../124-liblzma-dev_5.4.1-1_amd64.deb ...
Unpacking liblzma-dev:amd64 (5.4.1-1) ...
Selecting previously unselected package libzstd-dev:amd64.
Preparing to unpack .../125-libzstd-dev_1.5.4+dfsg2-5_amd64.deb ...
Unpacking libzstd-dev:amd64 (1.5.4+dfsg2-5) ...
Selecting previously unselected package libwebpmux3:amd64.
Preparing to unpack .../126-libwebpmux3_1.2.4-0.2+deb12u1_amd64.deb ...
Unpacking libwebpmux3:amd64 (1.2.4-0.2+deb12u1) ...
Selecting previously unselected package libwebpdemux2:amd64.
Preparing to unpack .../127-libwebpdemux2_1.2.4-0.2+deb12u1_amd64.deb ...
Unpacking libwebpdemux2:amd64 (1.2.4-0.2+deb12u1) ...
Selecting previously unselected package libwebp-dev:amd64.
Preparing to unpack .../128-libwebp-dev_1.2.4-0.2+deb12u1_amd64.deb ...
Unpacking libwebp-dev:amd64 (1.2.4-0.2+deb12u1) ...
Selecting previously unselected package libtiffxx6:amd64.
Preparing to unpack .../129-libtiffxx6_4.5.0-6+deb12u2_amd64.deb ...
Unpacking libtiffxx6:amd64 (4.5.0-6+deb12u2) ...
Selecting previously unselected package liblerc-dev:amd64.
Preparing to unpack .../130-liblerc-dev_4.0.0+ds-2_amd64.deb ...
Unpacking liblerc-dev:amd64 (4.0.0+ds-2) ...
Selecting previously unselected package libtiff-dev:amd64.
Preparing to unpack .../131-libtiff-dev_4.5.0-6+deb12u2_amd64.deb ...
Unpacking libtiff-dev:amd64 (4.5.0-6+deb12u2) ...
Selecting previously unselected package libgdk-pixbuf-2.0-dev:amd64.
Preparing to unpack .../132-libgdk-pixbuf-2.0-dev_2.42.10+dfsg-1+deb12u1_amd64.deb ...
Unpacking libgdk-pixbuf-2.0-dev:amd64 (2.42.10+dfsg-1+deb12u1) ...
Selecting previously unselected package libgraphite2-dev:amd64.
Preparing to unpack .../133-libgraphite2-dev_1.3.14-1_amd64.deb ...
Unpacking libgraphite2-dev:amd64 (1.3.14-1) ...
Selecting previously unselected package libgtk-3-bin.
Preparing to unpack .../134-libgtk-3-bin_3.24.38-2~deb12u3_amd64.deb ...
Unpacking libgtk-3-bin (3.24.38-2~deb12u3) ...
Selecting previously unselected package libharfbuzz-icu0:amd64.
Preparing to unpack .../135-libharfbuzz-icu0_6.0.0+dfsg-3_amd64.deb ...
Unpacking libharfbuzz-icu0:amd64 (6.0.0+dfsg-3) ...
Selecting previously unselected package libharfbuzz-gobject0:amd64.
Preparing to unpack .../136-libharfbuzz-gobject0_6.0.0+dfsg-3_amd64.deb ...
Unpacking libharfbuzz-gobject0:amd64 (6.0.0+dfsg-3) ...
Selecting previously unselected package libharfbuzz-subset0:amd64.
Preparing to unpack .../137-libharfbuzz-subset0_6.0.0+dfsg-3_amd64.deb ...
Unpacking libharfbuzz-subset0:amd64 (6.0.0+dfsg-3) ...
Selecting previously unselected package libicu-dev:amd64.
Preparing to unpack .../138-libicu-dev_72.1-3_amd64.deb ...
Unpacking libicu-dev:amd64 (72.1-3) ...
Selecting previously unselected package libharfbuzz-dev:amd64.
Preparing to unpack .../139-libharfbuzz-dev_6.0.0+dfsg-3_amd64.deb ...
Unpacking libharfbuzz-dev:amd64 (6.0.0+dfsg-3) ...
Selecting previously unselected package libthai-dev:amd64.
Preparing to unpack .../140-libthai-dev_0.1.29-1_amd64.deb ...
Unpacking libthai-dev:amd64 (0.1.29-1) ...
Selecting previously unselected package libxft-dev:amd64.
Preparing to unpack .../141-libxft-dev_2.3.6-1_amd64.deb ...
Unpacking libxft-dev:amd64 (2.3.6-1) ...
Selecting previously unselected package pango1.0-tools.
Preparing to unpack .../142-pango1.0-tools_1.50.12+ds-1_amd64.deb ...
Unpacking pango1.0-tools (1.50.12+ds-1) ...
Selecting previously unselected package libpango1.0-dev:amd64.
Preparing to unpack .../143-libpango1.0-dev_1.50.12+ds-1_amd64.deb ...
Unpacking libpango1.0-dev:amd64 (1.50.12+ds-1) ...
Selecting previously unselected package libwayland-bin.
Preparing to unpack .../144-libwayland-bin_1.21.0-1_amd64.deb ...
Unpacking libwayland-bin (1.21.0-1) ...
Selecting previously unselected package libwayland-dev:amd64.
Preparing to unpack .../145-libwayland-dev_1.21.0-1_amd64.deb ...
Unpacking libwayland-dev:amd64 (1.21.0-1) ...
Selecting previously unselected package libxcomposite-dev:amd64.
Preparing to unpack .../146-libxcomposite-dev_1%3a0.4.5-1_amd64.deb ...
Unpacking libxcomposite-dev:amd64 (1:0.4.5-1) ...
Selecting previously unselected package libxcursor-dev:amd64.
Preparing to unpack .../147-libxcursor-dev_1%3a1.2.1-1_amd64.deb ...
Unpacking libxcursor-dev:amd64 (1:1.2.1-1) ...
Selecting previously unselected package libxdamage-dev:amd64.
Preparing to unpack .../148-libxdamage-dev_1%3a1.1.6-1_amd64.deb ...
Unpacking libxdamage-dev:amd64 (1:1.1.6-1) ...
Selecting previously unselected package libxinerama-dev:amd64.
Preparing to unpack .../149-libxinerama-dev_2%3a1.1.4-3_amd64.deb ...
Unpacking libxinerama-dev:amd64 (2:1.1.4-3) ...
Selecting previously unselected package libxkbcommon-dev:amd64.
Preparing to unpack .../150-libxkbcommon-dev_1.5.0-1_amd64.deb ...
Unpacking libxkbcommon-dev:amd64 (1.5.0-1) ...
Selecting previously unselected package libxrandr-dev:amd64.
Preparing to unpack .../151-libxrandr-dev_2%3a1.5.2-2+b1_amd64.deb ...
Unpacking libxrandr-dev:amd64 (2:1.5.2-2+b1) ...
Selecting previously unselected package wayland-protocols.
Preparing to unpack .../152-wayland-protocols_1.31-1_all.deb ...
Unpacking wayland-protocols (1.31-1) ...
Selecting previously unselected package libgtk-3-dev:amd64.
Preparing to unpack .../153-libgtk-3-dev_3.24.38-2~deb12u3_amd64.deb ...
Unpacking libgtk-3-dev:amd64 (3.24.38-2~deb12u3) ...
Selecting previously unselected package libpng-tools.
Preparing to unpack .../154-libpng-tools_1.6.39-2_amd64.deb ...
Unpacking libpng-tools (1.6.39-2) ...
Selecting previously unselected package librsvg2-2:amd64.
Preparing to unpack .../155-librsvg2-2_2.54.7+dfsg-1~deb12u1_amd64.deb ...
Unpacking librsvg2-2:amd64 (2.54.7+dfsg-1~deb12u1) ...
Selecting previously unselected package librsvg2-common:amd64.
Preparing to unpack .../156-librsvg2-common_2.54.7+dfsg-1~deb12u1_amd64.deb ...
Unpacking librsvg2-common:amd64 (2.54.7+dfsg-1~deb12u1) ...
Selecting previously unselected package psmisc.
Preparing to unpack .../157-psmisc_23.6-1_amd64.deb ...
Unpacking psmisc (23.6-1) ...
Selecting previously unselected package xdg-user-dirs.
Preparing to unpack .../158-xdg-user-dirs_0.18-1_amd64.deb ...
Unpacking xdg-user-dirs (0.18-1) ...
Setting up libgraphite2-3:amd64 (1.3.14-1) ...
Setting up liblcms2-2:amd64 (2.14-2) ...
Setting up libpixman-1-0:amd64 (0.42.2-1) ...
Setting up systemd-sysv (252.36-1~deb12u1) ...
Setting up libpixman-1-dev:amd64 (0.42.2-1) ...
Setting up libxdamage1:amd64 (1:1.1.6-1) ...
Setting up libzstd-dev:amd64 (1.5.4+dfsg2-5) ...
Setting up hicolor-icon-theme (0.17-2) ...
Setting up libxi6:amd64 (2:1.8-1+b1) ...
Setting up libdatrie1:amd64 (0.2.13-2+b1) ...
Setting up xdg-user-dirs (0.18-1) ...
Setting up libpng-tools (1.6.39-2) ...
Setting up psmisc (23.6-1) ...
Setting up libxcb-render0:amd64 (1.15-1) ...
Setting up libglib2.0-0:amd64 (2.74.6-2+deb12u5) ...
Setting up libwebpdemux2:amd64 (1.2.4-0.2+deb12u1) ...
Setting up libxcursor1:amd64 (1:1.2.1-1) ...
Setting up libgdk-pixbuf2.0-common (2.42.10+dfsg-1+deb12u1) ...
Setting up libpng-dev:amd64 (1.6.39-2) ...
Setting up x11-common (1:7.7+23) ...
debconf: unable to initialize frontend: Dialog
debconf: (Dialog frontend will not work on a dumb terminal, an emacs shell buffer, or without a controlling terminal.)
debconf: falling back to frontend: Readline
debconf: unable to initialize frontend: Readline
debconf: (This frontend requires a controlling tty.)
debconf: falling back to frontend: Teletype
invoke-rc.d: could not determine current runlevel
invoke-rc.d: policy-rc.d denied execution of restart.
Setting up libjbig-dev:amd64 (2.1-6.1) ...
Setting up libnss-systemd:amd64 (252.36-1~deb12u1) ...
Setting up xkb-data (2.35.1-1) ...
Setting up liblzo2-2:amd64 (2.10-2) ...
Setting up libatspi2.0-0:amd64 (2.46.0-5) ...
Setting up libffi-dev:amd64 (3.4.4-1) ...
Setting up libpcre2-16-0:amd64 (10.42-1) ...
Setting up libcolord2:amd64 (1.4.6-2.2) ...
Setting up libdconf1:amd64 (0.40.0-4) ...
Setting up libxfixes-dev:amd64 (1:6.0.0-2) ...
Setting up libxcb-shm0-dev:amd64 (1.15-1) ...
Setting up libwayland-bin (1.21.0-1) ...
Setting up libgraphite2-dev:amd64 (1.3.14-1) ...
Setting up libpcre2-32-0:amd64 (10.42-1) ...
Setting up libglib2.0-data (2.74.6-2+deb12u5) ...
Setting up libpkgconf3:amd64 (1.8.1-1) ...
Setting up libfreetype6:amd64 (2.12.1+dfsg-5+deb12u4) ...
Setting up libjpeg62-turbo-dev:amd64 (1:2.1.5-2) ...
Setting up libepoxy0:amd64 (1.5.10-1) ...
Setting up uuid-dev:amd64 (2.38.1-5+deb12u3) ...
Setting up libavahi-common-data:amd64 (0.8-10+deb12u1) ...
Setting up xz-utils (5.4.1-1) ...
Setting up libfribidi0:amd64 (1.0.8-2.1) ...
Setting up shared-mime-info (2.2-1) ...
Setting up libxinerama1:amd64 (2:1.1.4-3) ...
Setting up libproc2-0:amd64 (2:4.0.2-3) ...
Setting up systemd-timesyncd (252.36-1~deb12u1) ...
Creating group 'systemd-timesync' with GID 997.

Creating user 'systemd-timesync' (systemd Time Synchronization) with UID 997 and GID 997.

Created symlink /etc/systemd/system/dbus-org.freedesktop.timesync1.service → /lib/systemd/system/systemd-timesyncd.service.

Created symlink /etc/systemd/system/sysinit.target.wants/systemd-timesyncd.service → /lib/systemd/system/systemd-timesyncd.service.

Setting up icu-devtools (72.1-3) ...
Setting up libsepol-dev:amd64 (3.4-2.1) ...
Setting up libxcb-render0-dev:amd64 (1.15-1) ...
Setting up pkgconf-bin (1.8.1-1) ...
Setting up liblerc-dev:amd64 (4.0.0+ds-2) ...
Setting up libxext-dev:amd64 (2:1.3.4-1+b1) ...
Setting up liblzma-dev:amd64 (5.4.1-1) ...
Setting up libpcre2-posix3:amd64 (10.42-1) ...
Setting up wayland-protocols (1.31-1) ...
Setting up at-spi2-common (2.46.0-5) ...
Setting up libtiff6:amd64 (4.5.0-6+deb12u2) ...
Setting up libwayland-cursor0:amd64 (1.21.0-1) ...
Setting up procps (2:4.0.2-3) ...
Setting up libpam-systemd:amd64 (252.36-1~deb12u1) ...
debconf: unable to initialize frontend: Dialog
debconf: (Dialog frontend will not work on a dumb terminal, an emacs shell buffer, or without a controlling terminal.)
debconf: falling back to frontend: Readline
debconf: unable to initialize frontend: Readline
debconf: (This frontend requires a controlling tty.)
debconf: falling back to frontend: Teletype
Setting up libharfbuzz0b:amd64 (6.0.0+dfsg-3) ...
Setting up libthai-data (0.1.29-1) ...
Setting up libgirepository-1.0-1:amd64 (1.74.0-3) ...
Setting up libgdk-pixbuf-2.0-0:amd64 (2.42.10+dfsg-1+deb12u1) ...
Setting up sgml-base (1.31) ...
Setting up libatk1.0-0:amd64 (2.46.0-5) ...
Setting up libwayland-egl1:amd64 (1.21.0-1) ...
Setting up libxi-dev:amd64 (2:1.8-1+b1) ...
Setting up libwebpmux3:amd64 (1.2.4-0.2+deb12u1) ...
Setting up libtiffxx6:amd64 (4.5.0-6+deb12u2) ...
Setting up libdeflate-dev:amd64 (1.14-1) ...
Setting up libxcomposite1:amd64 (1:0.4.5-1) ...
Setting up libxrender-dev:amd64 (1:0.9.10-1.1) ...
Setting up libicu-dev:amd64 (72.1-3) ...
Setting up libbrotli-dev:amd64 (1.0.9-2+b6) ...
Setting up libxkbcommon0:amd64 (1.5.0-1) ...
Setting up libegl1-mesa-dev:amd64 (22.3.6-1+deb12u1) ...
Setting up libxdamage-dev:amd64 (1:1.1.6-1) ...
Setting up libglib2.0-dev-bin (2.74.6-2+deb12u5) ...
Setting up libblkid-dev:amd64 (2.38.1-5+deb12u3) ...
Setting up gtk-update-icon-cache (3.24.38-2~deb12u3) ...
Setting up libice6:amd64 (2:1.0.10-1) ...
Setting up fontconfig (2.14.1-4) ...
Regenerating fonts cache... done.
Setting up libxft2:amd64 (2.3.6-1) ...
Setting up libharfbuzz-icu0:amd64 (6.0.0+dfsg-3) ...
Setting up libpcre2-dev:amd64 (10.42-1) ...
Setting up libice-dev:amd64 (2:1.0.10-1) ...
Setting up libselinux1-dev:amd64 (3.4-1+b6) ...
Setting up libxcomposite-dev:amd64 (1:0.4.5-1) ...
Setting up libxcursor-dev:amd64 (1:1.2.1-1) ...
Setting up libxtst6:amd64 (2:1.2.3-1.1) ...
Setting up libfribidi-dev:amd64 (1.0.8-2.1) ...
Setting up libxkbcommon-dev:amd64 (1.5.0-1) ...
Setting up libepoxy-dev:amd64 (1.5.10-1) ...
Setting up libavahi-common3:amd64 (0.8-10+deb12u1) ...
Setting up libjpeg-dev:amd64 (1:2.1.5-2) ...
Setting up libglib2.0-bin (2.74.6-2+deb12u5) ...
Setting up libharfbuzz-gobject0:amd64 (6.0.0+dfsg-3) ...
Setting up libwayland-dev:amd64 (1.21.0-1) ...
Setting up libcairo2:amd64 (1.16.0-7) ...
Setting up pkgconf:amd64 (1.8.1-1) ...
Setting up libfreetype-dev:amd64 (2.12.1+dfsg-5+deb12u4) ...
Setting up libatk-bridge2.0-0:amd64 (2.46.0-5) ...
Setting up libthai0:amd64 (0.1.29-1) ...
Setting up dbus-user-session (1.14.10-1~deb12u1) ...
Setting up libxrandr-dev:amd64 (2:1.5.2-2+b1) ...
Setting up libwebp-dev:amd64 (1.2.4-0.2+deb12u1) ...
Setting up adwaita-icon-theme (43-1) ...
update-alternatives: using /usr/share/icons/Adwaita/cursor.theme to provide /usr/share/icons/default/index.theme (x-cursor-theme) in auto mode
Setting up libtiff-dev:amd64 (4.5.0-6+deb12u2) ...
Setting up pkg-config:amd64 (1.8.1-1) ...
Setting up libxinerama-dev:amd64 (2:1.1.4-3) ...
Setting up gir1.2-glib-2.0:amd64 (1.74.0-3) ...
Setting up libdatrie-dev:amd64 (0.2.13-2+b1) ...
Setting up libgdk-pixbuf2.0-bin (2.42.10+dfsg-1+deb12u1) ...
Setting up xml-core (0.18+nmu1) ...
Setting up libharfbuzz-subset0:amd64 (6.0.0+dfsg-3) ...
Setting up libcairo-gobject2:amd64 (1.16.0-7) ...
Setting up libsm6:amd64 (2:1.2.3-1) ...
Setting up libavahi-client3:amd64 (0.8-10+deb12u1) ...
Setting up libmount-dev:amd64 (2.38.1-5+deb12u3) ...
Setting up libxtst-dev:amd64 (2:1.2.3-1.1) ...
Setting up libcairo-script-interpreter2:amd64 (1.16.0-7) ...
Setting up gir1.2-freedesktop:amd64 (1.74.0-3) ...
Setting up gir1.2-gdkpixbuf-2.0:amd64 (2.42.10+dfsg-1+deb12u1) ...
Setting up libfontconfig-dev:amd64 (2.14.1-4) ...
Setting up gir1.2-atk-1.0:amd64 (2.46.0-5) ...
Setting up libsm-dev:amd64 (2:1.2.3-1) ...
Setting up libpango-1.0-0:amd64 (1.50.12+ds-1) ...
Setting up dconf-service (0.40.0-4) ...
Setting up gir1.2-atspi-2.0:amd64 (2.46.0-5) ...
Setting up gir1.2-harfbuzz-0.0:amd64 (6.0.0+dfsg-3) ...
Setting up libglib2.0-dev:amd64 (2.74.6-2+deb12u5) ...
Setting up libthai-dev:amd64 (0.1.29-1) ...
Setting up libcups2:amd64 (2.4.2-3+deb12u8) ...
Setting up libcairo2-dev:amd64 (1.16.0-7) ...
Setting up libpangoft2-1.0-0:amd64 (1.50.12+ds-1) ...
Setting up libatk1.0-dev:amd64 (2.46.0-5) ...
Setting up libpangocairo-1.0-0:amd64 (1.50.12+ds-1) ...
Setting up libxft-dev:amd64 (2.3.6-1) ...
Setting up libgdk-pixbuf-2.0-dev:amd64 (2.42.10+dfsg-1+deb12u1) ...
Setting up libharfbuzz-dev:amd64 (6.0.0+dfsg-3) ...
Setting up libpangoxft-1.0-0:amd64 (1.50.12+ds-1) ...
Setting up dconf-gsettings-backend:amd64 (0.40.0-4) ...
Setting up pango1.0-tools (1.50.12+ds-1) ...
Setting up librsvg2-2:amd64 (2.54.7+dfsg-1~deb12u1) ...
Setting up gir1.2-pango-1.0:amd64 (1.50.12+ds-1) ...
Setting up libpango1.0-dev:amd64 (1.50.12+ds-1) ...
Setting up librsvg2-common:amd64 (2.54.7+dfsg-1~deb12u1) ...
Setting up libgtk-3-common (3.24.38-2~deb12u3) ...
Setting up gsettings-desktop-schemas (43.0-1) ...
Setting up libgtk-3-0:amd64 (3.24.38-2~deb12u3) ...
Setting up gir1.2-gtk-3.0:amd64 (3.24.38-2~deb12u3) ...
Setting up libgtk-3-bin (3.24.38-2~deb12u3) ...
Setting up at-spi2-core (2.46.0-5) ...
Processing triggers for libc-bin (2.36-9+deb12u8) ...
Processing triggers for dbus (1.14.10-1~deb12u1) ...
Processing triggers for sgml-base (1.31) ...
Setting up libdbus-1-dev:amd64 (1.14.10-1~deb12u1) ...
Setting up libatspi2.0-dev:amd64 (2.46.0-5) ...
Setting up libatk-bridge2.0-dev:amd64 (2.46.0-5) ...
Setting up libgtk-3-dev:amd64 (3.24.38-2~deb12u3) ...
Processing triggers for libgdk-pixbuf-2.0-0:amd64 (2.42.10+dfsg-1+deb12u1) ...
Note: Deploying asfml=2.5.4...
Note: Deploying gtkada=21.0.0...
#=#=#                                                                         
##O#-#                                                                        
##=O#- #                                                                      
# #=O#- #                                                                     
 # #=O#-  #                                                                   
  # #=O=#   #                                                                 
   # #=O=#   #                                                                
    # -#O=-#   #                                                              
Note: Running post-fetch actions for gtkada=21.0.0...
checking build system type... x86_64-unknown-linux-gnu
checking host system type... x86_64-unknown-linux-gnu
checking target system type... x86_64-unknown-linux-gnu
checking for gcc... gcc
checking whether the C compiler works... yes
checking for C compiler default output file name... a.out
checking for suffix of executables... 
checking whether we are cross compiling... no
checking for suffix of object files... o
checking whether we are using the GNU C compiler... yes
checking whether gcc accepts -g... yes
checking for gcc option to accept ISO C89... none needed
checking for gprbuild... /root/.local/share/alire/toolchains/gprbuild_22.0.1_24dfc1b5/bin/gprbuild
checking for gprinstall... /root/.local/share/alire/toolchains/gprbuild_22.0.1_24dfc1b5/bin/gprinstall
checking that your gnat compiler works with a simple example... yes
checking whether NLS is requested... yes
checking for gettext in libc... yes
checking for pkg-config... /usr/bin/pkg-config
checking for GTK - version >= 3.14.0... yes
configure: creating ./config.status
config.status: creating Makefile
config.status: creating shared.gpr
config.status: creating po/Makefile
config.status: creating docs/gtkada_rm/html/static/index.html
configure: --------- Summary for Gtkada 18.0w -----------------
configure:   Shared libraries:       yes (default: static)
configure:   OpenGL:                 False
configure: --------------------------------------------
gnatprep -DGETTEXT_INTL=False -DHAVE_GETTEXT=True src/gtkada-intl.gpb src/gtkada-intl.adb
====== Building static libraries =====
/root/.local/share/alire/toolchains/gprbuild_22.0.1_24dfc1b5/bin/gprbuild  -j0 -m -p  -XLIBRARY_TYPE=static -Psrc/gtkada.gpr
Setup
   [mkdir]        object directory for project GtkAda
   [mkdir]        library directory for project GtkAda
Compile
   [Ada]          gtkada-handlers.ads
   [Ada]          gtkada-intl.adb
   [Ada]          fontconfig.adb
   [Ada]          glib-module.adb
   [Ada]          pango.ads
   [Ada]          gdk-pixbuf.adb
   [Ada]          gdk-cairo.adb
   [Ada]          glib-type_conversion_hooks.adb
   [Ada]          glib-error.adb
   [Ada]          gtkada-abstract_tree_model.adb
   [Ada]          glib-properties-creation.adb
   [Ada]          glib-convert.adb
   [Ada]          glib-graphs-layouts.adb
   [Ada]          gtkada-abstract_list_model.adb
   [Ada]          pango-cairo.adb
   [Ada]          gtkada-multi_paned.adb
   [Ada]          glib-properties.adb
   [Ada]          gtkada-canvas_view-astar.adb
gtkada-abstract_tree_model.adb:24:09: warning: unit "Ada.Unchecked_Conversion" is not referenced [-gnatwu]
   [Ada]          gdk-types-keysyms.ads
   [Ada]          glib-main.adb
   [Ada]          cairo-surface.adb
   [Ada]          cairo-image_surface.adb
   [Ada]          gtkada-canvas_view-links.adb
   [Ada]          cairo-svg.adb
   [Ada]          gtk-dnd.adb
   [Ada]          glib-types.adb
   [Ada]          gtk-text_child.adb
   [Ada]          gtkada-application.adb
   [Ada]          cairo.adb
   [Ada]          gdk-visual.adb
gdk-visual.ads:33:06: warning: renamed predefined unit is an obsolescent feature (RM J.1) [-gnatwj]
   [Ada]          gdk-rectangle.adb
   [Ada]          gtkada-pixmaps.ads
gtk-text_child.ads:32:06: warning: unnecessary with of ancestor [-gnatwr]
   [Ada]          gtkada-printing.adb
   [Ada]          gtk-marshallers.adb
   [Ada]          gdk.ads
   [Ada]          gtkada-builder.adb
   [Ada]          gtk.ads
   [Ada]          glib-messages.adb
   [Ada]          gtkada-multiline_entry.adb
   [Ada]          gdk-color.adb
   [Ada]          glib-unicode.adb
gtkada-printing.adb:26:06: warning: renamed predefined unit is an obsolescent feature (RM J.1) [-gnatwj]
   [Ada]          glib-glist.adb
   [Ada]          gdk-types.ads
   [Ada]          cairo-matrix.ads
   [Ada]          gtkada-mdi.adb
   [Ada]          cairo-pdf.adb
   [Ada]          cairo-region.adb
   [Ada]          gtkada-file_selection.adb
   [Ada]          gtk-bindings.adb
   [Ada]          cairo-scaled_font.ads
   [Ada]          gtkada-canvas_view-models-layers.adb
   [Ada]          gdk-window_attr.adb
   [Ada]          glib-enums.ads
   [Ada]          gdk-threads.ads
   [Ada]          gdk-keyval.adb
   [Ada]          glib-xml_int.ads
   [Ada]          gtkada-canvas_view-views.adb
   [Ada]          glib-gslist.adb
   [Ada]          gtkada-canvas_view-models.adb
   [Ada]          cairo-font_options.adb
   [Ada]          gtkada-canvas_view-rtrees.adb
   [Ada]          gdk-main.adb
   [Ada]          gdk-display_manager.adb
   [Ada]          gdk-dnd.adb
   [Ada]          cairo-png.adb
   [Ada]          glib-object.adb
gdk-dnd.adb:28:06: warning: unnecessary with of ancestor [-gnatwr]
   [Ada]          gtkada-dialogs.adb
glib-object.adb:24:06: warning: renamed predefined unit is an obsolescent feature (RM J.1) [-gnatwj]
glib-object.adb:25:06: warning: renamed predefined unit is an obsolescent feature (RM J.1) [-gnatwj]
glib-object.adb:322:33: warning: aspect Unreferenced specified for "Ignored" [enabled by default]
   [Ada]          glib.adb
   [Ada]          gtkada-canvas_view.adb
   [Ada]          glib-values.adb
   [Ada]          gtkada-c.adb
   [Ada]          gtkada-canvas.adb
   [Ada]          cairo-font_face.ads
   [Ada]          gtk-arguments.adb
   [Ada]          gtk-type_conversion.adb
   [Ada]          gtk-handlers.adb
gtk-handlers.adb:27:06: warning: renamed predefined unit is an obsolescent feature (RM J.1) [-gnatwj]
gtk-handlers.ads:179:06: warning: renamed predefined unit is an obsolescent feature (RM J.1) [-gnatwj]
   [Ada]          glib-generic_properties.adb
glib-generic_properties.adb:26:06: warning: renamed predefined unit is an obsolescent feature (RM J.1) [-gnatwj]
   [Ada]          gtkada-style.adb
   [Ada]          gtkada.ads
   [Ada]          gdk-property.adb
   [Ada]          glib-graphs.adb
gtkada-canvas.adb:28:06: warning: renamed predefined unit is an obsolescent feature (RM J.1) [-gnatwj]
gtkada-canvas.adb:77:04: warning: use clause for type "Gdk_Window" defined at gdk.ads:43 has no effect [-gnatwu]
   [Ada]          gtkada-bindings.adb
   [Ada]          gdk-input.ads
   [Ada]          glib-gnodes.adb
glib-gnodes.adb:25:06: warning: renamed predefined unit is an obsolescent feature (RM J.1) [-gnatwj]
   [Ada]          gtk-rc.adb
   [Ada]          cairo-pattern.ads
glib-graphs.adb:24:06: warning: renamed predefined unit is an obsolescent feature (RM J.1) [-gnatwj]
   [Ada]          glib-xml.adb
   [Ada]          gtk-tree_model-utils.adb
glib-xml.adb:662:28: warning: aspect Unreferenced specified for "Success" [enabled by default]
glib-xml.ads:33:06: warning: renamed predefined unit is an obsolescent feature (RM J.1) [-gnatwj]
   [Ada]          gtkada-types.adb
   [Ada]          gtkada-canvas_view-objects.adb
   [Ada]          glib-key_file.adb
   [Ada]          gtk-check_menu_item.adb
   [Ada]          gtk-tree_drag_source.adb
   [Ada]          gtk-search_entry.adb
gtk-tree_drag_source.ads:159:80: (style) this line is too long [-gnatyM]
gtk-tree_drag_source.ads:164:80: (style) this line is too long [-gnatyM]
gtk-tree_drag_source.ads:169:80: (style) this line is too long [-gnatyM]
gtk-tree_drag_source.ads:174:80: (style) this line is too long [-gnatyM]
gtk-tree_drag_source.ads:179:01: (style) incorrect layout [-gnatyl]
   [Ada]          gtk-list_store.adb
gtk-check_menu_item.ads:49:80: (style) this line is too long [-gnatyM]
gtk-check_menu_item.ads:255:80: (style) this line is too long [-gnatyM]
gtk-check_menu_item.ads:266:80: (style) this line is too long [-gnatyM]
gtk-check_menu_item.ads:277:80: (style) this line is too long [-gnatyM]
   [Ada]          gtk-text_attributes.adb
gtk-text_attributes.ads:53:80: (style) this line is too long [-gnatyM]
gtk-text_attributes.ads:82:80: (style) this line is too long [-gnatyM]
   [Ada]          gtk-file_chooser_button.adb
gtk-search_entry.ads:197:80: (style) this line is too long [-gnatyM]
   [Ada]          gtk-print_operation.adb
gtk-list_store.adb:536:07: warning: useless assignment to "Iter", value overwritten at line 538 [-gnatwm]
gtk-list_store.ads:138:80: (style) this line is too long [-gnatyM]
gtk-list_store.ads:361:80: (style) this line is too long [-gnatyM]
gtk-list_store.ads:397:80: (style) this line is too long [-gnatyM]
gtk-list_store.ads:398:80: (style) this line is too long [-gnatyM]
gtk-list_store.ads:401:80: (style) this line is too long [-gnatyM]
gtk-list_store.ads:413:80: (style) this line is too long [-gnatyM]
gtk-list_store.ads:451:80: (style) this line is too long [-gnatyM]
gtk-list_store.ads:452:80: (style) this line is too long [-gnatyM]
gtk-list_store.ads:455:80: (style) this line is too long [-gnatyM]
gtk-list_store.ads:467:80: (style) this line is too long [-gnatyM]
gtk-list_store.ads:708:80: (style) this line is too long [-gnatyM]
gtk-list_store.ads:719:80: (style) this line is too long [-gnatyM]
gtk-list_store.ads:741:80: (style) this line is too long [-gnatyM]
   [Ada]          gtk-gesture_rotate.adb
gtk-file_chooser_button.ads:70:80: (style) this line is too long [-gnatyM]
gtk-file_chooser_button.ads:250:80: (style) this line is too long [-gnatyM]
gtk-file_chooser_button.ads:462:80: (style) this line is too long [-gnatyM]
gtk-file_chooser_button.ads:473:80: (style) this line is too long [-gnatyM]
gtk-file_chooser_button.ads:484:80: (style) this line is too long [-gnatyM]
   [Ada]          gtk-box.adb
gtk-box.ads:358:80: (style) this line is too long [-gnatyM]
gtk-box.ads:400:80: (style) this line is too long [-gnatyM]
   [Ada]          gtk-main.adb
gtk-gesture_rotate.ads:108:06: (style) trailing spaces not permitted [-gnatyb]
   [Ada]          gtk-theming_engine.adb
gtk-print_operation.ads:150:80: (style) this line is too long [-gnatyM]
gtk-print_operation.ads:154:80: (style) this line is too long [-gnatyM]
gtk-print_operation.ads:281:80: (style) this line is too long [-gnatyM]
gtk-print_operation.ads:641:80: (style) this line is too long [-gnatyM]
gtk-print_operation.ads:643:80: (style) this line is too long [-gnatyM]
gtk-print_operation.ads:647:80: (style) this line is too long [-gnatyM]
gtk-print_operation.ads:675:80: (style) this line is too long [-gnatyM]
gtk-print_operation.ads:696:06: (style) trailing spaces not permitted [-gnatyb]
gtk-print_operation.ads:709:80: (style) this line is too long [-gnatyM]
gtk-print_operation.ads:726:80: (style) this line is too long [-gnatyM]
gtk-print_operation.ads:755:80: (style) this line is too long [-gnatyM]
gtk-print_operation.ads:757:80: (style) this line is too long [-gnatyM]
gtk-print_operation.ads:762:80: (style) this line is too long [-gnatyM]
gtk-print_operation.ads:798:06: (style) trailing spaces not permitted [-gnatyb]
gtk-print_operation.ads:818:80: (style) this line is too long [-gnatyM]
gtk-print_operation.ads:820:80: (style) this line is too long [-gnatyM]
gtk-print_operation.ads:825:80: (style) this line is too long [-gnatyM]
gtk-print_operation.ads:850:06: (style) trailing spaces not permitted [-gnatyb]
gtk-print_operation.ads:856:80: (style) this line is too long [-gnatyM]
gtk-print_operation.ads:859:80: (style) this line is too long [-gnatyM]
gtk-print_operation.ads:863:80: (style) this line is too long [-gnatyM]
gtk-print_operation.ads:866:80: (style) this line is too long [-gnatyM]
gtk-print_operation.ads:873:80: (style) this line is too long [-gnatyM]
gtk-print_operation.ads:877:80: (style) this line is too long [-gnatyM]
gtk-print_operation.ads:896:06: (style) trailing spaces not permitted [-gnatyb]
gtk-print_operation.ads:898:80: (style) this line is too long [-gnatyM]
gtk-print_operation.ads:900:80: (style) this line is too long [-gnatyM]
gtk-print_operation.ads:901:80: (style) this line is too long [-gnatyM]
gtk-print_operation.ads:902:80: (style) this line is too long [-gnatyM]
gtk-print_operation.ads:904:80: (style) this line is too long [-gnatyM]
gtk-print_operation.ads:906:80: (style) this line is too long [-gnatyM]
gtk-print_operation.ads:910:80: (style) this line is too long [-gnatyM]
gtk-print_operation.ads:912:80: (style) this line is too long [-gnatyM]
gtk-print_operation.ads:916:80: (style) this line is too long [-gnatyM]
gtk-print_operation.ads:919:80: (style) this line is too long [-gnatyM]
gtk-print_operation.ads:929:06: (style) trailing spaces not permitted [-gnatyb]
gtk-print_operation.ads:957:80: (style) this line is too long [-gnatyM]
gtk-print_operation.ads:961:80: (style) this line is too long [-gnatyM]
gtk-print_operation.ads:963:80: (style) this line is too long [-gnatyM]
gtk-print_operation.ads:967:80: (style) this line is too long [-gnatyM]
gtk-print_operation.ads:969:80: (style) this line is too long [-gnatyM]
gtk-print_operation.ads:972:80: (style) this line is too long [-gnatyM]
gtk-print_operation.ads:982:06: (style) trailing spaces not permitted [-gnatyb]
gtk-print_operation.ads:996:80: (style) this line is too long [-gnatyM]
   [Ada]          gtk-color_selection.adb
   [Ada]          gtk-cell_editable.adb
   [Ada]          gdk-frame_clock.adb
   [Ada]          gtk-cell_renderer_spinner.adb
gtk-cell_renderer_spinner.ads:47:80: (style) this line is too long [-gnatyM]
gtk-cell_renderer_spinner.ads:48:80: (style) this line is too long [-gnatyM]
   [Ada]          gtk-cell_renderer.adb
gtk-cell_editable.ads:85:80: (style) this line is too long [-gnatyM]
gtk-cell_editable.ads:146:80: (style) this line is too long [-gnatyM]
gtk-cell_editable.ads:150:80: (style) this line is too long [-gnatyM]
gtk-cell_editable.ads:168:80: (style) this line is too long [-gnatyM]
gtk-cell_editable.ads:173:80: (style) this line is too long [-gnatyM]
gtk-cell_editable.ads:178:80: (style) this line is too long [-gnatyM]
gtk-cell_editable.ads:185:01: (style) incorrect layout [-gnatyl]
   [Ada]          gtk-separator.adb
gtk-color_selection.ads:203:33: (style) space required [-gnatyt]
gtk-color_selection.ads:306:80: (style) this line is too long [-gnatyM]
gtk-color_selection.ads:317:80: (style) this line is too long [-gnatyM]
   [Ada]          gtk-orientable.adb
gtk-orientable.ads:95:01: (style) incorrect layout [-gnatyl]
   [Ada]          gtk-button_box.adb
gdk-frame_clock.ads:93:80: (style) this line is too long [-gnatyM]
   [Ada]          gtk-event_controller.adb
   [Ada]          gtk-font_chooser.adb
gtk-event_controller.ads:98:80: (style) this line is too long [-gnatyM]
gtk-event_controller.ads:108:80: (style) this line is too long [-gnatyM]
   [Ada]          gtk-im_multi_context.adb
   [Ada]          gtk-bin.adb
gtk-cell_renderer.ads:104:80: (style) this line is too long [-gnatyM]
gtk-cell_renderer.ads:105:80: (style) this line is too long [-gnatyM]
gtk-cell_renderer.ads:106:80: (style) this line is too long [-gnatyM]
gtk-cell_renderer.ads:114:80: (style) this line is too long [-gnatyM]
gtk-cell_renderer.ads:118:80: (style) this line is too long [-gnatyM]
gtk-cell_renderer.ads:482:80: (style) this line is too long [-gnatyM]
gtk-cell_renderer.ads:487:80: (style) this line is too long [-gnatyM]
gtk-cell_renderer.ads:515:06: (style) trailing spaces not permitted [-gnatyb]
gtk-cell_renderer.ads:535:80: (style) this line is too long [-gnatyM]
   [Ada]          gtk-clipboard.adb
gtk-im_multi_context.ads:32:80: (style) this line is too long [-gnatyM]
   [Ada]          pango-font_face.adb
   [Ada]          gtk-container.adb
   [Ada]          gtk-calendar.adb
gtk-font_chooser.ads:42:16: (style) space required [-gnatyt]
gtk-font_chooser.ads:44:16: (style) space required [-gnatyt]
gtk-font_chooser.ads:56:80: (style) this line is too long [-gnatyM]
gtk-font_chooser.ads:165:80: (style) this line is too long [-gnatyM]
gtk-font_chooser.ads:168:80: (style) this line is too long [-gnatyM]
gtk-font_chooser.ads:251:80: (style) this line is too long [-gnatyM]
gtk-font_chooser.ads:258:80: (style) this line is too long [-gnatyM]
gtk-font_chooser.ads:265:80: (style) this line is too long [-gnatyM]
gtk-font_chooser.ads:288:80: (style) this line is too long [-gnatyM]
gtk-font_chooser.ads:293:80: (style) this line is too long [-gnatyM]
gtk-font_chooser.ads:298:80: (style) this line is too long [-gnatyM]
gtk-font_chooser.ads:303:80: (style) this line is too long [-gnatyM]
gtk-font_chooser.ads:308:80: (style) this line is too long [-gnatyM]
gtk-font_chooser.ads:321:01: (style) incorrect layout [-gnatyl]
   [Ada]          gtk-file_filter.adb
gtk-file_filter.ads:91:80: (style) this line is too long [-gnatyM]
gtk-file_filter.ads:100:80: (style) this line is too long [-gnatyM]
gtk-file_filter.ads:112:80: (style) this line is too long [-gnatyM]
gtk-file_filter.ads:179:80: (style) this line is too long [-gnatyM]
   [Ada]          gtk-activatable.adb
gtk-activatable.ads:321:80: (style) this line is too long [-gnatyM]
gtk-activatable.ads:326:01: (style) incorrect layout [-gnatyl]
   [Ada]          gtk-file_chooser_dialog.adb
gtk-clipboard.ads:464:80: (style) this line is too long [-gnatyM]
   [Ada]          gtk-switch.adb
gtk-calendar.ads:101:80: (style) this line is too long [-gnatyM]
gtk-calendar.ads:235:80: (style) this line is too long [-gnatyM]
gtk-calendar.ads:320:80: (style) this line is too long [-gnatyM]
gtk-calendar.ads:337:80: (style) this line is too long [-gnatyM]
   [Ada]          gtk-style.adb
gtk-container.ads:301:80: (style) this line is too long [-gnatyM]
gtk-container.ads:338:80: (style) this line is too long [-gnatyM]
gtk-container.ads:403:80: (style) this line is too long [-gnatyM]
gtk-container.ads:423:80: (style) this line is too long [-gnatyM]
gtk-container.ads:568:80: (style) this line is too long [-gnatyM]
   [Ada]          gtk-tree_model_sort.adb
gtk-file_chooser_dialog.ads:130:80: (style) this line is too long [-gnatyM]
gtk-file_chooser_dialog.ads:153:80: (style) this line is too long [-gnatyM]
gtk-file_chooser_dialog.ads:154:80: (style) this line is too long [-gnatyM]
gtk-file_chooser_dialog.ads:258:80: (style) this line is too long [-gnatyM]
gtk-file_chooser_dialog.ads:413:80: (style) this line is too long [-gnatyM]
gtk-file_chooser_dialog.ads:424:80: (style) this line is too long [-gnatyM]
   [Ada]          gtk-file_chooser_widget.adb
gtk-switch.ads:173:80: (style) this line is too long [-gnatyM]
gtk-switch.ads:224:06: (style) trailing spaces not permitted [-gnatyb]
   [Ada]          gtk-recent_chooser_widget.adb
gtk-style.ads:199:80: (style) this line is too long [-gnatyM]
   [Ada]          gtk-arrow.adb
gtk-tree_model_sort.ads:111:80: (style) this line is too long [-gnatyM]
gtk-tree_model_sort.ads:274:80: (style) this line is too long [-gnatyM]
gtk-tree_model_sort.ads:310:80: (style) this line is too long [-gnatyM]
gtk-tree_model_sort.ads:311:80: (style) this line is too long [-gnatyM]
gtk-tree_model_sort.ads:314:80: (style) this line is too long [-gnatyM]
gtk-tree_model_sort.ads:326:80: (style) this line is too long [-gnatyM]
gtk-tree_model_sort.ads:364:80: (style) this line is too long [-gnatyM]
gtk-tree_model_sort.ads:365:80: (style) this line is too long [-gnatyM]
gtk-tree_model_sort.ads:368:80: (style) this line is too long [-gnatyM]
gtk-tree_model_sort.ads:380:80: (style) this line is too long [-gnatyM]
gtk-tree_model_sort.ads:560:80: (style) this line is too long [-gnatyM]
gtk-tree_model_sort.ads:571:80: (style) this line is too long [-gnatyM]
gtk-tree_model_sort.ads:582:80: (style) this line is too long [-gnatyM]
   [Ada]          gtk-font_selection.adb
   [Ada]          glib-simple_action_group.adb
gtk-file_chooser_widget.ads:46:80: (style) this line is too long [-gnatyM]
gtk-file_chooser_widget.ads:144:80: (style) this line is too long [-gnatyM]
gtk-file_chooser_widget.ads:364:80: (style) this line is too long [-gnatyM]
gtk-file_chooser_widget.ads:395:80: (style) this line is too long [-gnatyM]
gtk-file_chooser_widget.ads:413:80: (style) this line is too long [-gnatyM]
gtk-file_chooser_widget.ads:543:80: (style) this line is too long [-gnatyM]
gtk-file_chooser_widget.ads:554:80: (style) this line is too long [-gnatyM]
gtk-file_chooser_widget.ads:565:80: (style) this line is too long [-gnatyM]
   [Ada]          glib-spawn.adb
glib-simple_action_group.ads:33:06: warning: unnecessary with of ancestor [-gnatwr]
glib-simple_action_group.ads:214:80: (style) this line is too long [-gnatyM]
glib-simple_action_group.ads:225:80: (style) this line is too long [-gnatyM]
   [Ada]          gdk-device_manager.adb
gtk-recent_chooser_widget.ads:54:80: (style) this line is too long [-gnatyM]
gtk-recent_chooser_widget.ads:55:80: (style) this line is too long [-gnatyM]
gtk-recent_chooser_widget.ads:87:80: (style) this line is too long [-gnatyM]
gtk-recent_chooser_widget.ads:90:80: (style) this line is too long [-gnatyM]
gtk-recent_chooser_widget.ads:102:80: (style) this line is too long [-gnatyM]
gtk-recent_chooser_widget.ads:146:80: (style) this line is too long [-gnatyM]
gtk-recent_chooser_widget.ads:182:80: (style) this line is too long [-gnatyM]
gtk-recent_chooser_widget.ads:278:80: (style) this line is too long [-gnatyM]
gtk-recent_chooser_widget.ads:306:80: (style) this line is too long [-gnatyM]
gtk-recent_chooser_widget.ads:317:80: (style) this line is too long [-gnatyM]
gtk-recent_chooser_widget.ads:328:80: (style) this line is too long [-gnatyM]
   [Ada]          gtk-flow_box_child.adb
   [Ada]          gtk-gesture_pan.adb
gtk-font_selection.ads:207:80: (style) this line is too long [-gnatyM]
gtk-font_selection.ads:218:80: (style) this line is too long [-gnatyM]
   [Ada]          gtk-tree_view.adb
   [Ada]          gtk-list_box_row.adb
gtk-flow_box_child.ads:126:80: (style) this line is too long [-gnatyM]
   [Ada]          gtk-buildable.adb
gtk-gesture_pan.ads:116:80: (style) this line is too long [-gnatyM]
gtk-gesture_pan.ads:138:06: (style) trailing spaces not permitted [-gnatyb]
   [Ada]          gtk-color_chooser_dialog.adb
gtk-buildable.ads:168:01: (style) incorrect layout [-gnatyl]
   [Ada]          gtk-vbutton_box.adb
gtk-list_box_row.ads:40:80: (style) this line is too long [-gnatyM]
gtk-list_box_row.ads:41:80: (style) this line is too long [-gnatyM]
gtk-list_box_row.ads:42:80: (style) this line is too long [-gnatyM]
   [Ada]          gtk-gesture_long_press.adb
   [Ada]          gtk-scrolled_window.adb
gtk-color_chooser_dialog.ads:44:80: (style) this line is too long [-gnatyM]
gtk-color_chooser_dialog.ads:45:80: (style) this line is too long [-gnatyM]
gtk-color_chooser_dialog.ads:126:80: (style) this line is too long [-gnatyM]
gtk-color_chooser_dialog.ads:137:80: (style) this line is too long [-gnatyM]
   [Ada]          pango-tabs.adb
pango-tabs.ads:40:80: (style) this line is too long [-gnatyM]
pango-tabs.ads:128:80: (style) this line is too long [-gnatyM]
   [Ada]          gtk-recent_action.adb
gtk-tree_view.ads:118:80: (style) this line is too long [-gnatyM]
gtk-tree_view.ads:119:80: (style) this line is too long [-gnatyM]
gtk-tree_view.ads:143:80: (style) this line is too long [-gnatyM]
gtk-tree_view.ads:144:80: (style) this line is too long [-gnatyM]
gtk-tree_view.ads:145:80: (style) this line is too long [-gnatyM]
gtk-tree_view.ads:202:80: (style) this line is too long [-gnatyM]
gtk-tree_view.ads:245:80: (style) this line is too long [-gnatyM]
gtk-tree_view.ads:413:80: (style) this line is too long [-gnatyM]
gtk-tree_view.ads:441:80: (style) this line is too long [-gnatyM]
gtk-tree_view.ads:489:80: (style) this line is too long [-gnatyM]
gtk-tree_view.ads:573:80: (style) this line is too long [-gnatyM]
gtk-tree_view.ads:974:80: (style) this line is too long [-gnatyM]
gtk-tree_view.ads:987:80: (style) this line is too long [-gnatyM]
gtk-tree_view.ads:1009:80: (style) this line is too long [-gnatyM]
gtk-tree_view.ads:1010:80: (style) this line is too long [-gnatyM]
gtk-tree_view.ads:1021:80: (style) this line is too long [-gnatyM]
gtk-tree_view.ads:1031:80: (style) this line is too long [-gnatyM]
gtk-tree_view.ads:1124:80: (style) this line is too long [-gnatyM]
gtk-tree_view.ads:1125:80: (style) this line is too long [-gnatyM]
gtk-tree_view.ads:1134:80: (style) this line is too long [-gnatyM]
gtk-tree_view.ads:1142:80: (style) this line is too long [-gnatyM]
gtk-tree_view.ads:1157:80: (style) this line is too long [-gnatyM]
gtk-tree_view.ads:1219:80: (style) this line is too long [-gnatyM]
gtk-tree_view.ads:1220:80: (style) this line is too long [-gnatyM]
gtk-tree_view.ads:1221:80: (style) this line is too long [-gnatyM]
gtk-tree_view.ads:1222:80: (style) this line is too long [-gnatyM]
gtk-tree_view.ads:1225:80: (style) this line is too long [-gnatyM]
gtk-tree_view.ads:1226:80: (style) this line is too long [-gnatyM]
gtk-tree_view.ads:1228:80: (style) this line is too long [-gnatyM]
gtk-tree_view.ads:1230:80: (style) this line is too long [-gnatyM]
gtk-tree_view.ads:1234:80: (style) this line is too long [-gnatyM]
gtk-tree_view.ads:1236:80: (style) this line is too long [-gnatyM]
gtk-tree_view.ads:1264:80: (style) this line is too long [-gnatyM]
gtk-tree_view.ads:1330:80: (style) this line is too long [-gnatyM]
gtk-tree_view.ads:1331:80: (style) this line is too long [-gnatyM]
gtk-tree_view.ads:1363:80: (style) this line is too long [-gnatyM]
gtk-tree_view.ads:1364:80: (style) this line is too long [-gnatyM]
gtk-tree_view.ads:1374:80: (style) this line is too long [-gnatyM]
gtk-tree_view.ads:1393:80: (style) this line is too long [-gnatyM]
gtk-tree_view.ads:1413:80: (style) this line is too long [-gnatyM]
gtk-tree_view.ads:1506:80: (style) this line is too long [-gnatyM]
gtk-tree_view.ads:1510:80: (style) this line is too long [-gnatyM]
gtk-tree_view.ads:1572:80: (style) this line is too long [-gnatyM]
gtk-tree_view.ads:1601:80: (style) this line is too long [-gnatyM]
gtk-tree_view.ads:1613:80: (style) this line is too long [-gnatyM]
gtk-tree_view.ads:1623:06: (style) trailing spaces not permitted [-gnatyb]
gtk-tree_view.ads:1626:80: (style) this line is too long [-gnatyM]
gtk-tree_view.ads:1656:06: (style) trailing spaces not permitted [-gnatyb]
gtk-tree_view.ads:1658:80: (style) this line is too long [-gnatyM]
gtk-tree_view.ads:1660:80: (style) this line is too long [-gnatyM]
gtk-tree_view.ads:1664:80: (style) this line is too long [-gnatyM]
gtk-tree_view.ads:1665:80: (style) this line is too long [-gnatyM]
gtk-tree_view.ads:1668:80: (style) this line is too long [-gnatyM]
gtk-tree_view.ads:1671:80: (style) this line is too long [-gnatyM]
gtk-tree_view.ads:1673:80: (style) this line is too long [-gnatyM]
gtk-tree_view.ads:1676:80: (style) this line is too long [-gnatyM]
gtk-tree_view.ads:1698:06: (style) trailing spaces not permitted [-gnatyb]
gtk-tree_view.ads:1701:80: (style) this line is too long [-gnatyM]
gtk-tree_view.ads:1704:80: (style) this line is too long [-gnatyM]
gtk-tree_view.ads:1709:80: (style) this line is too long [-gnatyM]
gtk-tree_view.ads:1725:06: (style) trailing spaces not permitted [-gnatyb]
gtk-tree_view.ads:1741:06: (style) trailing spaces not permitted [-gnatyb]
gtk-tree_view.ads:1764:80: (style) this line is too long [-gnatyM]
gtk-tree_view.ads:1794:80: (style) this line is too long [-gnatyM]
gtk-tree_view.ads:1805:80: (style) this line is too long [-gnatyM]
gtk-tree_view.ads:1810:80: (style) this line is too long [-gnatyM]
gtk-tree_view.ads:1828:06: (style) trailing spaces not permitted [-gnatyb]
gtk-tree_view.ads:1846:06: (style) trailing spaces not permitted [-gnatyb]
gtk-tree_view.ads:1938:80: (style) this line is too long [-gnatyM]
gtk-tree_view.ads:1940:80: (style) this line is too long [-gnatyM]
   [Ada]          gtk-font_chooser_dialog.adb
gtk-gesture_long_press.ads:45:80: (style) this line is too long [-gnatyM]
gtk-gesture_long_press.ads:46:80: (style) this line is too long [-gnatyM]
gtk-gesture_long_press.ads:99:80: (style) this line is too long [-gnatyM]
gtk-gesture_long_press.ads:121:06: (style) trailing spaces not permitted [-gnatyb]
gtk-gesture_long_press.ads:123:80: (style) this line is too long [-gnatyM]
gtk-gesture_long_press.ads:125:80: (style) this line is too long [-gnatyM]
   [Ada]          glib-iochannel.adb
glib-iochannel.ads:33:06: warning: unnecessary with of ancestor [-gnatwr]
glib-iochannel.ads:149:80: (style) this line is too long [-gnatyM]
glib-iochannel.ads:233:80: (style) this line is too long [-gnatyM]
   [Ada]          gtk-css_section.adb
gtk-css_section.ads:41:80: (style) this line is too long [-gnatyM]
gtk-css_section.ads:69:80: (style) this line is too long [-gnatyM]
gtk-css_section.ads:138:80: (style) this line is too long [-gnatyM]
   [Ada]          gtk-hsv.adb
gtk-font_chooser_dialog.ads:50:80: (style) this line is too long [-gnatyM]
gtk-font_chooser_dialog.ads:51:80: (style) this line is too long [-gnatyM]
gtk-font_chooser_dialog.ads:58:80: (style) this line is too long [-gnatyM]
gtk-font_chooser_dialog.ads:116:80: (style) this line is too long [-gnatyM]
gtk-font_chooser_dialog.ads:119:80: (style) this line is too long [-gnatyM]
gtk-font_chooser_dialog.ads:127:80: (style) this line is too long [-gnatyM]
gtk-font_chooser_dialog.ads:198:80: (style) this line is too long [-gnatyM]
gtk-font_chooser_dialog.ads:209:80: (style) this line is too long [-gnatyM]
   [Ada]          gtk-alignment.adb
gtk-scrolled_window.ads:177:80: (style) this line is too long [-gnatyM]
gtk-scrolled_window.ads:297:80: (style) this line is too long [-gnatyM]
gtk-scrolled_window.ads:354:80: (style) this line is too long [-gnatyM]
gtk-scrolled_window.ads:379:80: (style) this line is too long [-gnatyM]
gtk-scrolled_window.ads:403:06: (style) trailing spaces not permitted [-gnatyb]
gtk-scrolled_window.ads:405:80: (style) this line is too long [-gnatyM]
gtk-scrolled_window.ads:406:80: (style) this line is too long [-gnatyM]
gtk-scrolled_window.ads:417:80: (style) this line is too long [-gnatyM]
   [Ada]          gtk-scale.adb
gtk-recent_action.ads:111:80: (style) this line is too long [-gnatyM]
gtk-recent_action.ads:118:80: (style) this line is too long [-gnatyM]
gtk-recent_action.ads:138:80: (style) this line is too long [-gnatyM]
gtk-recent_action.ads:205:80: (style) this line is too long [-gnatyM]
gtk-recent_action.ads:233:80: (style) this line is too long [-gnatyM]
gtk-recent_action.ads:322:80: (style) this line is too long [-gnatyM]
gtk-recent_action.ads:356:80: (style) this line is too long [-gnatyM]
gtk-recent_action.ads:367:80: (style) this line is too long [-gnatyM]
   [Ada]          glib-notification.adb
   [Ada]          gdk-screen.adb
glib-notification.ads:49:06: warning: unnecessary with of ancestor [-gnatwr]
glib-notification.ads:74:80: (style) this line is too long [-gnatyM]
   [Ada]          gtk-cell_renderer_text.adb
gdk-screen.ads:42:06: warning: unnecessary with of ancestor [-gnatwr]
gdk-screen.ads:372:43: (style) space required [-gnatyt]
gdk-screen.ads:381:80: (style) this line is too long [-gnatyM]
   [Ada]          pango-font.adb
gtk-hsv.ads:147:80: (style) this line is too long [-gnatyM]
   [Ada]          gtk-tooltip.adb
pango-font.ads:110:80: (style) this line is too long [-gnatyM]
pango-font.ads:320:80: (style) this line is too long [-gnatyM]
pango-font.ads:375:07: (style) space required [-gnatyt]
pango-font.ads:379:07: (style) space required [-gnatyt]
   [Ada]          glib-action.adb
gtk-scale.ads:429:06: (style) trailing spaces not permitted [-gnatyb]
   [Ada]          gtk-hbutton_box.adb
   [Ada]          gtk-accel_label.adb
glib-action.ads:56:06: warning: unnecessary with of ancestor [-gnatwr]
glib-action.ads:61:16: (style) space required [-gnatyt]
glib-action.ads:63:16: (style) space required [-gnatyt]
glib-action.ads:238:80: (style) this line is too long [-gnatyM]
glib-action.ads:248:80: (style) this line is too long [-gnatyM]
glib-action.ads:260:80: (style) this line is too long [-gnatyM]
glib-action.ads:267:80: (style) this line is too long [-gnatyM]
glib-action.ads:272:80: (style) this line is too long [-gnatyM]
glib-action.ads:283:80: (style) this line is too long [-gnatyM]
glib-action.ads:293:80: (style) this line is too long [-gnatyM]
glib-action.ads:311:80: (style) this line is too long [-gnatyM]
glib-action.ads:350:80: (style) this line is too long [-gnatyM]
glib-action.ads:380:01: (style) incorrect layout [-gnatyl]
   [Ada]          gtk-text_tag.adb
gtk-cell_renderer_text.ads:50:80: (style) this line is too long [-gnatyM]
gtk-cell_renderer_text.ads:51:80: (style) this line is too long [-gnatyM]
gtk-cell_renderer_text.ads:268:80: (style) this line is too long [-gnatyM]
gtk-cell_renderer_text.ads:292:06: (style) trailing spaces not permitted [-gnatyb]
gtk-cell_renderer_text.ads:336:80: (style) this line is too long [-gnatyM]
   [Ada]          gtk-settings.adb
   [Ada]          pango-language.adb
gtk-text_tag.ads:133:80: (style) this line is too long [-gnatyM]
gtk-text_tag.ads:222:80: (style) this line is too long [-gnatyM]
gtk-text_tag.ads:306:06: (style) trailing spaces not permitted [-gnatyb]
gtk-text_tag.ads:314:07: (style) space required [-gnatyt]
gtk-text_tag.ads:367:80: (style) this line is too long [-gnatyM]
gtk-text_tag.ads:371:80: (style) this line is too long [-gnatyM]
gtk-text_tag.ads:375:80: (style) this line is too long [-gnatyM]
gtk-text_tag.ads:379:80: (style) this line is too long [-gnatyM]
gtk-text_tag.ads:437:80: (style) this line is too long [-gnatyM]
gtk-text_tag.ads:439:80: (style) this line is too long [-gnatyM]
   [Ada]          gtk-print_operation_preview.adb
pango-language.ads:43:80: (style) this line is too long [-gnatyM]
pango-language.ads:358:80: (style) this line is too long [-gnatyM]
   [Ada]          pango-font_metrics.adb
gtk-accel_label.ads:177:44: (style) space required [-gnatyt]
   [Ada]          gtk-combo_box.adb
pango-font_metrics.ads:42:80: (style) this line is too long [-gnatyM]
pango-font_metrics.ads:128:80: (style) this line is too long [-gnatyM]
   [Ada]          gtk-tree_model.adb
gtk-settings.ads:167:80: (style) this line is too long [-gnatyM]
gtk-settings.ads:169:80: (style) this line is too long [-gnatyM]
gtk-settings.ads:174:80: (style) this line is too long [-gnatyM]
gtk-settings.ads:273:80: (style) this line is too long [-gnatyM]
gtk-settings.ads:277:80: (style) this line is too long [-gnatyM]
gtk-settings.ads:283:80: (style) this line is too long [-gnatyM]
gtk-settings.ads:287:80: (style) this line is too long [-gnatyM]
gtk-settings.ads:297:80: (style) this line is too long [-gnatyM]
gtk-settings.ads:304:80: (style) this line is too long [-gnatyM]
gtk-settings.ads:309:80: (style) this line is too long [-gnatyM]
gtk-settings.ads:320:80: (style) this line is too long [-gnatyM]
gtk-settings.ads:369:80: (style) this line is too long [-gnatyM]
gtk-settings.ads:392:80: (style) this line is too long [-gnatyM]
gtk-settings.ads:401:80: (style) this line is too long [-gnatyM]
gtk-settings.ads:411:80: (style) this line is too long [-gnatyM]
gtk-settings.ads:427:80: (style) this line is too long [-gnatyM]
gtk-settings.ads:431:80: (style) this line is too long [-gnatyM]
gtk-settings.ads:433:80: (style) this line is too long [-gnatyM]
gtk-settings.ads:435:80: (style) this line is too long [-gnatyM]
gtk-settings.ads:437:80: (style) this line is too long [-gnatyM]
gtk-settings.ads:445:80: (style) this line is too long [-gnatyM]
gtk-settings.ads:461:80: (style) this line is too long [-gnatyM]
gtk-settings.ads:467:80: (style) this line is too long [-gnatyM]
gtk-settings.ads:473:80: (style) this line is too long [-gnatyM]
gtk-settings.ads:485:80: (style) this line is too long [-gnatyM]
gtk-settings.ads:534:80: (style) this line is too long [-gnatyM]
gtk-settings.ads:561:80: (style) this line is too long [-gnatyM]
gtk-settings.ads:563:80: (style) this line is too long [-gnatyM]
gtk-settings.ads:565:80: (style) this line is too long [-gnatyM]
gtk-settings.ads:567:80: (style) this line is too long [-gnatyM]
gtk-settings.ads:569:80: (style) this line is too long [-gnatyM]
gtk-settings.ads:571:80: (style) this line is too long [-gnatyM]
gtk-settings.ads:573:80: (style) this line is too long [-gnatyM]
gtk-settings.ads:587:80: (style) this line is too long [-gnatyM]
gtk-settings.ads:589:80: (style) this line is too long [-gnatyM]
gtk-settings.ads:591:80: (style) this line is too long [-gnatyM]
gtk-settings.ads:593:80: (style) this line is too long [-gnatyM]
gtk-settings.ads:595:80: (style) this line is too long [-gnatyM]
gtk-settings.ads:597:80: (style) this line is too long [-gnatyM]
gtk-settings.ads:603:80: (style) this line is too long [-gnatyM]
gtk-settings.ads:605:80: (style) this line is too long [-gnatyM]
gtk-settings.ads:609:80: (style) this line is too long [-gnatyM]
gtk-settings.ads:625:80: (style) this line is too long [-gnatyM]
gtk-settings.ads:627:80: (style) this line is too long [-gnatyM]
gtk-settings.ads:629:80: (style) this line is too long [-gnatyM]
gtk-settings.ads:643:80: (style) this line is too long [-gnatyM]
gtk-settings.ads:647:80: (style) this line is too long [-gnatyM]
gtk-settings.ads:649:80: (style) this line is too long [-gnatyM]
gtk-settings.ads:653:80: (style) this line is too long [-gnatyM]
gtk-settings.ads:655:80: (style) this line is too long [-gnatyM]
gtk-settings.ads:659:80: (style) this line is too long [-gnatyM]
gtk-settings.ads:663:80: (style) this line is too long [-gnatyM]
gtk-settings.ads:665:80: (style) this line is too long [-gnatyM]
gtk-settings.ads:667:80: (style) this line is too long [-gnatyM]
gtk-settings.ads:673:80: (style) this line is too long [-gnatyM]
gtk-settings.ads:677:80: (style) this line is too long [-gnatyM]
gtk-settings.ads:695:80: (style) this line is too long [-gnatyM]
gtk-settings.ads:701:80: (style) this line is too long [-gnatyM]
gtk-settings.ads:703:80: (style) this line is too long [-gnatyM]
gtk-settings.ads:705:80: (style) this line is too long [-gnatyM]
   [Ada]          gtk-toggle_action.adb
gtk-print_operation_preview.ads:80:80: (style) this line is too long [-gnatyM]
gtk-print_operation_preview.ads:82:80: (style) this line is too long [-gnatyM]
gtk-print_operation_preview.ads:85:80: (style) this line is too long [-gnatyM]
gtk-print_operation_preview.ads:87:80: (style) this line is too long [-gnatyM]
gtk-print_operation_preview.ads:93:80: (style) this line is too long [-gnatyM]
gtk-print_operation_preview.ads:106:06: (style) trailing spaces not permitted [-gnatyb]
gtk-print_operation_preview.ads:109:80: (style) this line is too long [-gnatyM]
gtk-print_operation_preview.ads:111:80: (style) this line is too long [-gnatyM]
gtk-print_operation_preview.ads:113:80: (style) this line is too long [-gnatyM]
gtk-print_operation_preview.ads:117:80: (style) this line is too long [-gnatyM]
gtk-print_operation_preview.ads:141:80: (style) this line is too long [-gnatyM]
gtk-print_operation_preview.ads:148:80: (style) this line is too long [-gnatyM]
gtk-print_operation_preview.ads:188:80: (style) this line is too long [-gnatyM]
gtk-print_operation_preview.ads:193:80: (style) this line is too long [-gnatyM]
gtk-print_operation_preview.ads:198:80: (style) this line is too long [-gnatyM]
gtk-print_operation_preview.ads:203:80: (style) this line is too long [-gnatyM]
gtk-print_operation_preview.ads:213:80: (style) this line is too long [-gnatyM]
gtk-print_operation_preview.ads:218:01: (style) incorrect layout [-gnatyl]
   [Ada]          gtk-menu_button.adb
gtk-tree_model.adb:1109:04: warning: use clause for private type "System.Address" has no effect [-gnatwu]
gtk-tree_model.ads:225:80: (style) this line is too long [-gnatyM]
gtk-tree_model.ads:810:80: (style) this line is too long [-gnatyM]
gtk-tree_model.ads:816:80: (style) this line is too long [-gnatyM]
gtk-tree_model.ads:821:80: (style) this line is too long [-gnatyM]
gtk-tree_model.ads:837:06: (style) trailing spaces not permitted [-gnatyb]
gtk-tree_model.ads:839:80: (style) this line is too long [-gnatyM]
gtk-tree_model.ads:841:80: (style) this line is too long [-gnatyM]
gtk-tree_model.ads:871:80: (style) this line is too long [-gnatyM]
gtk-tree_model.ads:883:06: (style) trailing spaces not permitted [-gnatyb]
gtk-tree_model.ads:886:80: (style) this line is too long [-gnatyM]
gtk-tree_model.ads:903:06: (style) trailing spaces not permitted [-gnatyb]
gtk-tree_model.ads:905:80: (style) this line is too long [-gnatyM]
gtk-tree_model.ads:906:80: (style) this line is too long [-gnatyM]
gtk-tree_model.ads:909:80: (style) this line is too long [-gnatyM]
gtk-tree_model.ads:915:80: (style) this line is too long [-gnatyM]
gtk-tree_model.ads:936:06: (style) trailing spaces not permitted [-gnatyb]
gtk-tree_model.ads:938:80: (style) this line is too long [-gnatyM]
gtk-tree_model.ads:940:80: (style) this line is too long [-gnatyM]
gtk-tree_model.ads:941:80: (style) this line is too long [-gnatyM]
gtk-tree_model.ads:943:80: (style) this line is too long [-gnatyM]
gtk-tree_model.ads:968:80: (style) this line is too long [-gnatyM]
gtk-tree_model.ads:985:80: (style) this line is too long [-gnatyM]
gtk-tree_model.ads:1090:80: (style) this line is too long [-gnatyM]
gtk-tree_model.ads:1119:80: (style) this line is too long [-gnatyM]
gtk-tree_model.ads:1174:80: (style) this line is too long [-gnatyM]
gtk-tree_model.ads:1189:80: (style) this line is too long [-gnatyM]
gtk-tree_model.ads:1224:80: (style) this line is too long [-gnatyM]
gtk-tree_model.ads:1229:80: (style) this line is too long [-gnatyM]
gtk-tree_model.ads:1239:80: (style) this line is too long [-gnatyM]
gtk-tree_model.ads:1269:80: (style) this line is too long [-gnatyM]
gtk-tree_model.ads:1279:80: (style) this line is too long [-gnatyM]
gtk-tree_model.ads:1288:01: (style) incorrect layout [-gnatyl]
gtk-tree_model.ads:1297:01: (style) incorrect layout [-gnatyl]
gtk-tree_model.ads:1302:01: (style) trailing spaces not permitted [-gnatyb]
gtk-tree_model.ads:1304:80: (style) this line is too long [-gnatyM]
   [Ada]          pango-attributes.adb
gtk-combo_box.ads:89:80: (style) this line is too long [-gnatyM]
gtk-combo_box.ads:480:80: (style) this line is too long [-gnatyM]
gtk-combo_box.ads:481:80: (style) this line is too long [-gnatyM]
gtk-combo_box.ads:503:80: (style) this line is too long [-gnatyM]
gtk-combo_box.ads:521:80: (style) this line is too long [-gnatyM]
gtk-combo_box.ads:525:80: (style) this line is too long [-gnatyM]
gtk-combo_box.ads:535:80: (style) this line is too long [-gnatyM]
gtk-combo_box.ads:536:80: (style) this line is too long [-gnatyM]
gtk-combo_box.ads:584:80: (style) this line is too long [-gnatyM]
gtk-combo_box.ads:592:80: (style) this line is too long [-gnatyM]
gtk-combo_box.ads:600:80: (style) this line is too long [-gnatyM]
gtk-combo_box.ads:605:80: (style) this line is too long [-gnatyM]
gtk-combo_box.ads:610:80: (style) this line is too long [-gnatyM]
gtk-combo_box.ads:635:80: (style) this line is too long [-gnatyM]
gtk-combo_box.ads:706:80: (style) this line is too long [-gnatyM]
gtk-combo_box.ads:765:06: (style) trailing spaces not permitted [-gnatyb]
gtk-combo_box.ads:767:80: (style) this line is too long [-gnatyM]
gtk-combo_box.ads:770:07: (style) space required [-gnatyt]
gtk-combo_box.ads:853:80: (style) this line is too long [-gnatyM]
gtk-combo_box.ads:901:80: (style) this line is too long [-gnatyM]
   [Ada]          gtk-menu_bar.adb
pango-attributes.ads:41:80: (style) this line is too long [-gnatyM]
pango-attributes.ads:55:80: (style) this line is too long [-gnatyM]
pango-attributes.ads:62:80: (style) this line is too long [-gnatyM]
pango-attributes.ads:245:80: (style) this line is too long [-gnatyM]
   [Ada]          gtk-paper_size.adb
gtk-menu_button.ads:126:80: (style) this line is too long [-gnatyM]
gtk-menu_button.ads:383:80: (style) this line is too long [-gnatyM]
   [Ada]          gtk-action.adb
gtk-toggle_action.ads:179:80: (style) this line is too long [-gnatyM]
   [Ada]          gtk-revealer.adb
gtk-paper_size.ads:52:80: (style) this line is too long [-gnatyM]
gtk-paper_size.ads:61:80: (style) this line is too long [-gnatyM]
gtk-paper_size.ads:71:80: (style) this line is too long [-gnatyM]
gtk-paper_size.ads:283:80: (style) this line is too long [-gnatyM]
gtk-paper_size.ads:299:80: (style) this line is too long [-gnatyM]
   [Ada]          gtk-message_dialog.adb
gtk-menu_bar.ads:128:80: (style) this line is too long [-gnatyM]
gtk-menu_bar.ads:157:80: (style) this line is too long [-gnatyM]
   [Ada]          gtk-menu.adb
gtk-revealer.ads:68:80: (style) this line is too long [-gnatyM]
gtk-revealer.ads:156:80: (style) this line is too long [-gnatyM]
gtk-revealer.ads:178:80: (style) this line is too long [-gnatyM]
   [Ada]          gtk-builder.adb
gtk-message_dialog.ads:316:80: (style) this line is too long [-gnatyM]
gtk-message_dialog.ads:343:80: (style) this line is too long [-gnatyM]
gtk-message_dialog.ads:362:80: (style) this line is too long [-gnatyM]
   [Ada]          gtk-editable.adb
   [Ada]          glib-menu_model.adb
gtk-action.ads:588:80: (style) this line is too long [-gnatyM]
   [Ada]          gtk-gradient.adb
gtk-editable.ads:59:16: (style) space required [-gnatyt]
gtk-editable.ads:61:16: (style) space required [-gnatyt]
gtk-editable.ads:201:80: (style) this line is too long [-gnatyM]
gtk-editable.ads:251:06: (style) trailing spaces not permitted [-gnatyb]
gtk-editable.ads:283:06: (style) trailing spaces not permitted [-gnatyb]
gtk-editable.ads:288:80: (style) this line is too long [-gnatyM]
gtk-editable.ads:362:80: (style) this line is too long [-gnatyM]
gtk-editable.ads:394:80: (style) this line is too long [-gnatyM]
gtk-editable.ads:452:80: (style) this line is too long [-gnatyM]
gtk-editable.ads:467:80: (style) this line is too long [-gnatyM]
gtk-editable.ads:472:01: (style) incorrect layout [-gnatyl]
   [Ada]          gtk-font_button.adb
glib-menu_model.ads:140:06: warning: unnecessary with of ancestor [-gnatwr]
glib-menu_model.ads:163:80: (style) this line is too long [-gnatyM]
glib-menu_model.ads:349:06: (style) trailing spaces not permitted [-gnatyb]
   [Ada]          gtk-entry_completion.adb
gtk-gradient.ads:56:80: (style) this line is too long [-gnatyM]
gtk-gradient.ads:155:80: (style) this line is too long [-gnatyM]
gtk-gradient.ads:170:80: (style) this line is too long [-gnatyM]
gtk-gradient.ads:188:80: (style) this line is too long [-gnatyM]
   [Ada]          gtk-entry_buffer.adb
gtk-menu.ads:92:80: (style) this line is too long [-gnatyM]
gtk-menu.ads:398:80: (style) this line is too long [-gnatyM]
gtk-menu.ads:406:80: (style) this line is too long [-gnatyM]
gtk-menu.ads:408:80: (style) this line is too long [-gnatyM]
gtk-menu.ads:409:80: (style) this line is too long [-gnatyM]
gtk-menu.ads:410:80: (style) this line is too long [-gnatyM]
gtk-menu.ads:411:80: (style) this line is too long [-gnatyM]
gtk-menu.ads:413:80: (style) this line is too long [-gnatyM]
gtk-menu.ads:414:80: (style) this line is too long [-gnatyM]
gtk-menu.ads:415:80: (style) this line is too long [-gnatyM]
gtk-menu.ads:416:80: (style) this line is too long [-gnatyM]
gtk-menu.ads:500:80: (style) this line is too long [-gnatyM]
gtk-menu.ads:508:80: (style) this line is too long [-gnatyM]
gtk-menu.ads:510:80: (style) this line is too long [-gnatyM]
gtk-menu.ads:511:80: (style) this line is too long [-gnatyM]
gtk-menu.ads:512:80: (style) this line is too long [-gnatyM]
gtk-menu.ads:513:80: (style) this line is too long [-gnatyM]
gtk-menu.ads:515:80: (style) this line is too long [-gnatyM]
gtk-menu.ads:516:80: (style) this line is too long [-gnatyM]
gtk-menu.ads:517:80: (style) this line is too long [-gnatyM]
gtk-menu.ads:518:80: (style) this line is too long [-gnatyM]
   [Ada]          gtk-tool_palette.adb
gtk-tool_palette.ads:124:80: (style) this line is too long [-gnatyM]
gtk-tool_palette.ads:128:80: (style) this line is too long [-gnatyM]
gtk-tool_palette.ads:201:80: (style) this line is too long [-gnatyM]
gtk-tool_palette.ads:211:80: (style) this line is too long [-gnatyM]
gtk-tool_palette.ads:222:80: (style) this line is too long [-gnatyM]
gtk-tool_palette.ads:232:80: (style) this line is too long [-gnatyM]
gtk-tool_palette.ads:242:80: (style) this line is too long [-gnatyM]
gtk-tool_palette.ads:251:80: (style) this line is too long [-gnatyM]
gtk-tool_palette.ads:416:80: (style) this line is too long [-gnatyM]
gtk-tool_palette.ads:427:80: (style) this line is too long [-gnatyM]
   [Ada]          gtk-check_button.adb
gtk-entry_buffer.ads:223:06: (style) trailing spaces not permitted [-gnatyb]
gtk-entry_buffer.ads:228:80: (style) this line is too long [-gnatyM]
gtk-entry_buffer.ads:251:06: (style) trailing spaces not permitted [-gnatyb]
   [Ada]          gtk-gesture.adb
gtk-font_button.ads:58:80: (style) this line is too long [-gnatyM]
gtk-font_button.ads:205:80: (style) this line is too long [-gnatyM]
gtk-font_button.ads:208:80: (style) this line is too long [-gnatyM]
gtk-font_button.ads:216:80: (style) this line is too long [-gnatyM]
gtk-font_button.ads:405:80: (style) this line is too long [-gnatyM]
gtk-font_button.ads:427:80: (style) this line is too long [-gnatyM]
   [Ada]          gtk-text_buffer.adb
gtk-entry_completion.ads:111:80: (style) this line is too long [-gnatyM]
gtk-entry_completion.ads:374:80: (style) this line is too long [-gnatyM]
gtk-entry_completion.ads:390:80: (style) this line is too long [-gnatyM]
gtk-entry_completion.ads:404:80: (style) this line is too long [-gnatyM]
gtk-entry_completion.ads:422:80: (style) this line is too long [-gnatyM]
gtk-entry_completion.ads:426:80: (style) this line is too long [-gnatyM]
gtk-entry_completion.ads:436:80: (style) this line is too long [-gnatyM]
gtk-entry_completion.ads:437:80: (style) this line is too long [-gnatyM]
gtk-entry_completion.ads:461:80: (style) this line is too long [-gnatyM]
gtk-entry_completion.ads:470:80: (style) this line is too long [-gnatyM]
gtk-entry_completion.ads:478:80: (style) this line is too long [-gnatyM]
gtk-entry_completion.ads:483:80: (style) this line is too long [-gnatyM]
gtk-entry_completion.ads:488:80: (style) this line is too long [-gnatyM]
gtk-entry_completion.ads:561:80: (style) this line is too long [-gnatyM]
gtk-entry_completion.ads:566:80: (style) this line is too long [-gnatyM]
gtk-entry_completion.ads:587:06: (style) trailing spaces not permitted [-gnatyb]
gtk-entry_completion.ads:590:80: (style) this line is too long [-gnatyM]
gtk-entry_completion.ads:619:06: (style) trailing spaces not permitted [-gnatyb]
gtk-entry_completion.ads:640:06: (style) trailing spaces not permitted [-gnatyb]
gtk-entry_completion.ads:643:80: (style) this line is too long [-gnatyM]
gtk-entry_completion.ads:676:80: (style) this line is too long [-gnatyM]
gtk-entry_completion.ads:687:80: (style) this line is too long [-gnatyM]
   [Ada]          gtk-handle_box.adb
gtk-check_button.ads:51:80: (style) this line is too long [-gnatyM]
gtk-check_button.ads:170:80: (style) this line is too long [-gnatyM]
gtk-check_button.ads:181:80: (style) this line is too long [-gnatyM]
   [Ada]          gtk-grange.adb
gtk-gesture.ads:162:80: (style) this line is too long [-gnatyM]
gtk-gesture.ads:269:80: (style) this line is too long [-gnatyM]
gtk-gesture.ads:463:80: (style) this line is too long [-gnatyM]
gtk-gesture.ads:468:80: (style) this line is too long [-gnatyM]
gtk-gesture.ads:473:80: (style) this line is too long [-gnatyM]
gtk-gesture.ads:486:06: (style) trailing spaces not permitted [-gnatyb]
   [Ada]          glib-action_group.adb
   [Ada]          gtk-accel_group.adb
gtk-grange.ads:75:80: (style) this line is too long [-gnatyM]
gtk-grange.ads:322:80: (style) this line is too long [-gnatyM]
gtk-grange.ads:338:80: (style) this line is too long [-gnatyM]
gtk-grange.ads:365:80: (style) this line is too long [-gnatyM]
gtk-grange.ads:399:06: (style) trailing spaces not permitted [-gnatyb]
gtk-grange.ads:426:80: (style) this line is too long [-gnatyM]
gtk-grange.ads:475:80: (style) this line is too long [-gnatyM]
gtk-grange.ads:481:80: (style) this line is too long [-gnatyM]
gtk-grange.ads:483:80: (style) this line is too long [-gnatyM]
   [Ada]          gdk-rgba.adb
gtk-text_buffer.ads:203:80: (style) this line is too long [-gnatyM]
gtk-text_buffer.ads:372:80: (style) this line is too long [-gnatyM]
gtk-text_buffer.ads:562:80: (style) this line is too long [-gnatyM]
gtk-text_buffer.ads:670:80: (style) this line is too long [-gnatyM]
gtk-text_buffer.ads:901:80: (style) this line is too long [-gnatyM]
gtk-text_buffer.ads:907:80: (style) this line is too long [-gnatyM]
gtk-text_buffer.ads:916:80: (style) this line is too long [-gnatyM]
gtk-text_buffer.ads:932:06: (style) trailing spaces not permitted [-gnatyb]
gtk-text_buffer.ads:976:80: (style) this line is too long [-gnatyM]
gtk-text_buffer.ads:981:80: (style) this line is too long [-gnatyM]
gtk-text_buffer.ads:1007:06: (style) trailing spaces not permitted [-gnatyb]
gtk-text_buffer.ads:1031:80: (style) this line is too long [-gnatyM]
gtk-text_buffer.ads:1034:80: (style) this line is too long [-gnatyM]
gtk-text_buffer.ads:1036:80: (style) this line is too long [-gnatyM]
gtk-text_buffer.ads:1039:80: (style) this line is too long [-gnatyM]
gtk-text_buffer.ads:1041:80: (style) this line is too long [-gnatyM]
gtk-text_buffer.ads:1061:06: (style) trailing spaces not permitted [-gnatyb]
gtk-text_buffer.ads:1067:80: (style) this line is too long [-gnatyM]
gtk-text_buffer.ads:1096:06: (style) trailing spaces not permitted [-gnatyb]
gtk-text_buffer.ads:1101:80: (style) this line is too long [-gnatyM]
gtk-text_buffer.ads:1107:80: (style) this line is too long [-gnatyM]
gtk-text_buffer.ads:1132:06: (style) trailing spaces not permitted [-gnatyb]
gtk-text_buffer.ads:1161:80: (style) this line is too long [-gnatyM]
gtk-text_buffer.ads:1166:80: (style) this line is too long [-gnatyM]
gtk-text_buffer.ads:1185:06: (style) trailing spaces not permitted [-gnatyb]
gtk-text_buffer.ads:1230:80: (style) this line is too long [-gnatyM]
gtk-text_buffer.ads:1245:06: (style) trailing spaces not permitted [-gnatyb]
   [Ada]          gtk-stock.adb
   [Ada]          gtk-action_bar.adb
gtk-stock.ads:46:80: (style) this line is too long [-gnatyM]
gtk-stock.ads:98:80: (style) this line is too long [-gnatyM]
gtk-stock.ads:99:80: (style) this line is too long [-gnatyM]
gtk-stock.ads:100:80: (style) this line is too long [-gnatyM]
gtk-stock.ads:101:80: (style) this line is too long [-gnatyM]
gtk-stock.ads:212:01: (style) incorrect layout [-gnatyl]
   [Ada]          pango-matrix.adb
pango-matrix.ads:86:80: (style) this line is too long [-gnatyM]
pango-matrix.ads:134:80: (style) this line is too long [-gnatyM]
   [Ada]          gtk-size_group.adb
glib-action_group.ads:74:06: warning: unnecessary with of ancestor [-gnatwr]
glib-action_group.ads:78:16: (style) space required [-gnatyt]
glib-action_group.ads:81:16: (style) space required [-gnatyt]
glib-action_group.ads:332:80: (style) this line is too long [-gnatyM]
glib-action_group.ads:343:06: (style) trailing spaces not permitted [-gnatyb]
glib-action_group.ads:372:80: (style) this line is too long [-gnatyM]
glib-action_group.ads:383:06: (style) trailing spaces not permitted [-gnatyb]
glib-action_group.ads:571:80: (style) this line is too long [-gnatyM]
glib-action_group.ads:627:80: (style) this line is too long [-gnatyM]
glib-action_group.ads:632:80: (style) this line is too long [-gnatyM]
glib-action_group.ads:637:80: (style) this line is too long [-gnatyM]
glib-action_group.ads:642:80: (style) this line is too long [-gnatyM]
glib-action_group.ads:647:80: (style) this line is too long [-gnatyM]
glib-action_group.ads:652:80: (style) this line is too long [-gnatyM]
glib-action_group.ads:657:80: (style) this line is too long [-gnatyM]
glib-action_group.ads:662:80: (style) this line is too long [-gnatyM]
glib-action_group.ads:667:80: (style) this line is too long [-gnatyM]
glib-action_group.ads:672:80: (style) this line is too long [-gnatyM]
glib-action_group.ads:692:01: (style) incorrect layout [-gnatyl]
   [Ada]          gtk-cell_renderer_progress.adb
   [Ada]          gtk-font_chooser_widget.adb
gtk-accel_group.ads:334:80: (style) this line is too long [-gnatyM]
gtk-accel_group.ads:340:80: (style) this line is too long [-gnatyM]
gtk-accel_group.ads:359:06: (style) trailing spaces not permitted [-gnatyb]
gtk-accel_group.ads:366:80: (style) this line is too long [-gnatyM]
gtk-accel_group.ads:372:80: (style) this line is too long [-gnatyM]
gtk-accel_group.ads:394:06: (style) trailing spaces not permitted [-gnatyb]
   [Ada]          gtk-about_dialog.adb
gtk-cell_renderer_progress.ads:44:80: (style) this line is too long [-gnatyM]
gtk-cell_renderer_progress.ads:45:80: (style) this line is too long [-gnatyM]
gtk-cell_renderer_progress.ads:124:80: (style) this line is too long [-gnatyM]
   [Ada]          gtk-file_chooser.adb
gtk-font_chooser_widget.ads:56:80: (style) this line is too long [-gnatyM]
gtk-font_chooser_widget.ads:63:80: (style) this line is too long [-gnatyM]
gtk-font_chooser_widget.ads:109:80: (style) this line is too long [-gnatyM]
gtk-font_chooser_widget.ads:112:80: (style) this line is too long [-gnatyM]
gtk-font_chooser_widget.ads:120:80: (style) this line is too long [-gnatyM]
gtk-font_chooser_widget.ads:201:80: (style) this line is too long [-gnatyM]
gtk-font_chooser_widget.ads:212:80: (style) this line is too long [-gnatyM]
gtk-font_chooser_widget.ads:223:80: (style) this line is too long [-gnatyM]
   [Ada]          gtk-stack.adb
   [Ada]          gtk-tree_selection.adb
gtk-stack.ads:86:80: (style) this line is too long [-gnatyM]
gtk-stack.ads:252:80: (style) this line is too long [-gnatyM]
gtk-stack.ads:283:80: (style) this line is too long [-gnatyM]
   [Ada]          gtk-label.adb
gtk-about_dialog.ads:356:38: (style) space required [-gnatyt]
gtk-about_dialog.ads:359:38: (style) space required [-gnatyt]
gtk-about_dialog.ads:362:42: (style) space required [-gnatyt]
gtk-about_dialog.ads:456:06: (style) trailing spaces not permitted [-gnatyb]
   [Ada]          gdk-event.adb
gtk-file_chooser.ads:184:80: (style) this line is too long [-gnatyM]
gtk-file_chooser.ads:188:80: (style) this line is too long [-gnatyM]
gtk-file_chooser.ads:192:80: (style) this line is too long [-gnatyM]
gtk-file_chooser.ads:401:80: (style) this line is too long [-gnatyM]
gtk-file_chooser.ads:562:80: (style) this line is too long [-gnatyM]
gtk-file_chooser.ads:689:80: (style) this line is too long [-gnatyM]
gtk-file_chooser.ads:696:80: (style) this line is too long [-gnatyM]
gtk-file_chooser.ads:724:80: (style) this line is too long [-gnatyM]
gtk-file_chooser.ads:791:06: (style) trailing spaces not permitted [-gnatyb]
gtk-file_chooser.ads:793:80: (style) this line is too long [-gnatyM]
gtk-file_chooser.ads:796:80: (style) this line is too long [-gnatyM]
gtk-file_chooser.ads:801:80: (style) this line is too long [-gnatyM]
gtk-file_chooser.ads:922:80: (style) this line is too long [-gnatyM]
gtk-file_chooser.ads:932:80: (style) this line is too long [-gnatyM]
gtk-file_chooser.ads:936:80: (style) this line is too long [-gnatyM]
gtk-file_chooser.ads:939:01: (style) incorrect layout [-gnatyl]
   [Ada]          gtk-radio_menu_item.adb
gdk-event.ads:50:06: warning: unnecessary with of ancestor [-gnatwr]
gdk-event.ads:289:80: (style) this line is too long [-gnatyM]
gdk-event.ads:322:80: (style) this line is too long [-gnatyM]
gdk-event.ads:363:80: (style) this line is too long [-gnatyM]
gdk-event.ads:376:80: (style) this line is too long [-gnatyM]
gdk-event.ads:396:80: (style) this line is too long [-gnatyM]
gdk-event.ads:417:80: (style) this line is too long [-gnatyM]
gdk-event.ads:464:80: (style) this line is too long [-gnatyM]
gdk-event.ads:476:80: (style) this line is too long [-gnatyM]
gdk-event.ads:491:80: (style) this line is too long [-gnatyM]
gdk-event.ads:505:80: (style) this line is too long [-gnatyM]
gdk-event.ads:521:80: (style) this line is too long [-gnatyM]
gdk-event.ads:538:80: (style) this line is too long [-gnatyM]
gdk-event.ads:553:80: (style) this line is too long [-gnatyM]
gdk-event.ads:589:80: (style) this line is too long [-gnatyM]
gdk-event.ads:602:80: (style) this line is too long [-gnatyM]
gdk-event.ads:623:80: (style) this line is too long [-gnatyM]
gdk-event.ads:645:80: (style) this line is too long [-gnatyM]
gdk-event.ads:653:80: (style) this line is too long [-gnatyM]
gdk-event.ads:737:26: (style) space required [-gnatyt]
gdk-event.ads:739:80: (style) this line is too long [-gnatyM]
gdk-event.ads:787:80: (style) this line is too long [-gnatyM]
gdk-event.ads:791:80: (style) this line is too long [-gnatyM]
gdk-event.ads:799:80: (style) this line is too long [-gnatyM]
gdk-event.ads:803:80: (style) this line is too long [-gnatyM]
gdk-event.ads:811:80: (style) this line is too long [-gnatyM]
gdk-event.ads:1001:80: (style) this line is too long [-gnatyM]
   [Ada]          gtk-css_provider.adb
gtk-tree_selection.ads:81:80: (style) this line is too long [-gnatyM]
gtk-tree_selection.ads:227:80: (style) this line is too long [-gnatyM]
gtk-tree_selection.ads:244:80: (style) this line is too long [-gnatyM]
gtk-tree_selection.ads:251:80: (style) this line is too long [-gnatyM]
gtk-tree_selection.ads:260:80: (style) this line is too long [-gnatyM]
   [Ada]          gtk-scrollbar.adb
gtk-css_provider.ads:913:06: (style) trailing spaces not permitted [-gnatyb]
gtk-css_provider.ads:926:80: (style) this line is too long [-gnatyM]
   [Ada]          gtk-aspect_frame.adb
   [Ada]          gtk-text_child_anchor.adb
   [Ada]          pango-context.adb
gtk-label.ads:113:80: (style) this line is too long [-gnatyM]
gtk-label.ads:717:80: (style) this line is too long [-gnatyM]
gtk-label.ads:722:80: (style) this line is too long [-gnatyM]
gtk-label.ads:761:06: (style) trailing spaces not permitted [-gnatyb]
gtk-label.ads:781:80: (style) this line is too long [-gnatyM]
gtk-label.ads:787:80: (style) this line is too long [-gnatyM]
gtk-label.ads:818:06: (style) trailing spaces not permitted [-gnatyb]
gtk-label.ads:820:80: (style) this line is too long [-gnatyM]
   [Ada]          gtk-cell_area.adb
   [Ada]          gtk-status_bar.adb
gtk-radio_menu_item.ads:61:80: (style) this line is too long [-gnatyM]
gtk-radio_menu_item.ads:246:80: (style) this line is too long [-gnatyM]
gtk-radio_menu_item.ads:257:80: (style) this line is too long [-gnatyM]
gtk-radio_menu_item.ads:268:80: (style) this line is too long [-gnatyM]
   [Ada]          glib-string.adb
glib-string.ads:30:06: warning: unnecessary with of ancestor [-gnatwr]
   [Ada]          pango-font_map.adb
   [Ada]          gtk-tearoff_menu_item.adb
   [Ada]          gtk-style_context.adb
gtk-status_bar.ads:166:80: (style) this line is too long [-gnatyM]
gtk-status_bar.ads:187:06: (style) trailing spaces not permitted [-gnatyb]
gtk-status_bar.ads:203:06: (style) trailing spaces not permitted [-gnatyb]
   [Ada]          gtk-button.adb
gtk-tearoff_menu_item.ads:56:80: (style) this line is too long [-gnatyM]
gtk-tearoff_menu_item.ads:144:80: (style) this line is too long [-gnatyM]
gtk-tearoff_menu_item.ads:155:80: (style) this line is too long [-gnatyM]
gtk-tearoff_menu_item.ads:166:80: (style) this line is too long [-gnatyM]
   [Ada]          gtk-search_bar.adb
gtk-cell_area.ads:306:80: (style) this line is too long [-gnatyM]
gtk-cell_area.ads:313:80: (style) this line is too long [-gnatyM]
gtk-cell_area.ads:327:80: (style) this line is too long [-gnatyM]
gtk-cell_area.ads:351:80: (style) this line is too long [-gnatyM]
gtk-cell_area.ads:373:80: (style) this line is too long [-gnatyM]
gtk-cell_area.ads:391:80: (style) this line is too long [-gnatyM]
gtk-cell_area.ads:398:80: (style) this line is too long [-gnatyM]
gtk-cell_area.ads:399:80: (style) this line is too long [-gnatyM]
gtk-cell_area.ads:428:80: (style) this line is too long [-gnatyM]
gtk-cell_area.ads:442:80: (style) this line is too long [-gnatyM]
gtk-cell_area.ads:453:80: (style) this line is too long [-gnatyM]
gtk-cell_area.ads:463:80: (style) this line is too long [-gnatyM]
gtk-cell_area.ads:474:80: (style) this line is too long [-gnatyM]
gtk-cell_area.ads:485:80: (style) this line is too long [-gnatyM]
gtk-cell_area.ads:513:80: (style) this line is too long [-gnatyM]
gtk-cell_area.ads:554:80: (style) this line is too long [-gnatyM]
gtk-cell_area.ads:557:80: (style) this line is too long [-gnatyM]
gtk-cell_area.ads:562:80: (style) this line is too long [-gnatyM]
gtk-cell_area.ads:575:80: (style) this line is too long [-gnatyM]
gtk-cell_area.ads:597:80: (style) this line is too long [-gnatyM]
gtk-cell_area.ads:612:80: (style) this line is too long [-gnatyM]
gtk-cell_area.ads:613:80: (style) this line is too long [-gnatyM]
gtk-cell_area.ads:635:80: (style) this line is too long [-gnatyM]
gtk-cell_area.ads:637:80: (style) this line is too long [-gnatyM]
gtk-cell_area.ads:681:80: (style) this line is too long [-gnatyM]
gtk-cell_area.ads:692:80: (style) this line is too long [-gnatyM]
gtk-cell_area.ads:705:80: (style) this line is too long [-gnatyM]
gtk-cell_area.ads:714:80: (style) this line is too long [-gnatyM]
gtk-cell_area.ads:733:80: (style) this line is too long [-gnatyM]
gtk-cell_area.ads:760:80: (style) this line is too long [-gnatyM]
gtk-cell_area.ads:779:80: (style) this line is too long [-gnatyM]
gtk-cell_area.ads:813:80: (style) this line is too long [-gnatyM]
gtk-cell_area.ads:842:80: (style) this line is too long [-gnatyM]
gtk-cell_area.ads:843:80: (style) this line is too long [-gnatyM]
gtk-cell_area.ads:855:80: (style) this line is too long [-gnatyM]
gtk-cell_area.ads:862:80: (style) this line is too long [-gnatyM]
gtk-cell_area.ads:863:80: (style) this line is too long [-gnatyM]
gtk-cell_area.ads:874:80: (style) this line is too long [-gnatyM]
gtk-cell_area.ads:898:80: (style) this line is too long [-gnatyM]
gtk-cell_area.ads:931:80: (style) this line is too long [-gnatyM]
gtk-cell_area.ads:949:80: (style) this line is too long [-gnatyM]
gtk-cell_area.ads:953:80: (style) this line is too long [-gnatyM]
gtk-cell_area.ads:963:80: (style) this line is too long [-gnatyM]
gtk-cell_area.ads:964:80: (style) this line is too long [-gnatyM]
gtk-cell_area.ads:1004:80: (style) this line is too long [-gnatyM]
gtk-cell_area.ads:1034:80: (style) this line is too long [-gnatyM]
gtk-cell_area.ads:1042:80: (style) this line is too long [-gnatyM]
gtk-cell_area.ads:1050:80: (style) this line is too long [-gnatyM]
gtk-cell_area.ads:1055:80: (style) this line is too long [-gnatyM]
gtk-cell_area.ads:1060:80: (style) this line is too long [-gnatyM]
gtk-cell_area.ads:1091:80: (style) this line is too long [-gnatyM]
gtk-cell_area.ads:1093:80: (style) this line is too long [-gnatyM]
gtk-cell_area.ads:1098:80: (style) this line is too long [-gnatyM]
gtk-cell_area.ads:1100:80: (style) this line is too long [-gnatyM]
gtk-cell_area.ads:1108:80: (style) this line is too long [-gnatyM]
gtk-cell_area.ads:1112:80: (style) this line is too long [-gnatyM]
gtk-cell_area.ads:1117:06: (style) trailing spaces not permitted [-gnatyb]
gtk-cell_area.ads:1119:80: (style) this line is too long [-gnatyM]
gtk-cell_area.ads:1123:80: (style) this line is too long [-gnatyM]
gtk-cell_area.ads:1124:80: (style) this line is too long [-gnatyM]
gtk-cell_area.ads:1127:80: (style) this line is too long [-gnatyM]
gtk-cell_area.ads:1134:80: (style) this line is too long [-gnatyM]
gtk-cell_area.ads:1144:80: (style) this line is too long [-gnatyM]
gtk-cell_area.ads:1152:06: (style) trailing spaces not permitted [-gnatyb]
gtk-cell_area.ads:1154:80: (style) this line is too long [-gnatyM]
gtk-cell_area.ads:1155:80: (style) this line is too long [-gnatyM]
gtk-cell_area.ads:1158:80: (style) this line is too long [-gnatyM]
gtk-cell_area.ads:1161:80: (style) this line is too long [-gnatyM]
gtk-cell_area.ads:1163:80: (style) this line is too long [-gnatyM]
gtk-cell_area.ads:1166:80: (style) this line is too long [-gnatyM]
gtk-cell_area.ads:1168:80: (style) this line is too long [-gnatyM]
gtk-cell_area.ads:1187:06: (style) trailing spaces not permitted [-gnatyb]
gtk-cell_area.ads:1190:80: (style) this line is too long [-gnatyM]
gtk-cell_area.ads:1192:80: (style) this line is too long [-gnatyM]
gtk-cell_area.ads:1194:80: (style) this line is too long [-gnatyM]
gtk-cell_area.ads:1197:80: (style) this line is too long [-gnatyM]
gtk-cell_area.ads:1199:80: (style) this line is too long [-gnatyM]
gtk-cell_area.ads:1214:06: (style) trailing spaces not permitted [-gnatyb]
gtk-cell_area.ads:1218:80: (style) this line is too long [-gnatyM]
   [Ada]          gtk-icon_factory.adb
   [Ada]          gtk-style_provider.adb
   [Ada]          gtk-progress_bar.adb
gtk-style_provider.ads:102:01: (style) incorrect layout [-gnatyl]
   [Ada]          gtk-dialog.adb
gtk-style_context.ads:299:80: (style) this line is too long [-gnatyM]
   [Ada]          gtk-cell_renderer_toggle.adb
gtk-progress_bar.ads:264:80: (style) this line is too long [-gnatyM]
   [Ada]          gtk-list_box.adb
gtk-button.ads:450:80: (style) this line is too long [-gnatyM]
   [Ada]          pango-enums.adb
   [Ada]          gtk-menu_tool_button.adb
gtk-cell_renderer_toggle.ads:41:80: (style) this line is too long [-gnatyM]
gtk-cell_renderer_toggle.ads:42:80: (style) this line is too long [-gnatyM]
gtk-cell_renderer_toggle.ads:140:80: (style) this line is too long [-gnatyM]
   [Ada]          gtk-stack_switcher.adb
gtk-dialog.ads:439:80: (style) this line is too long [-gnatyM]
   [Ada]          gtk-cell_layout.adb
gtk-cell_layout.ads:124:80: (style) this line is too long [-gnatyM]
gtk-cell_layout.ads:148:80: (style) this line is too long [-gnatyM]
gtk-cell_layout.ads:170:80: (style) this line is too long [-gnatyM]
gtk-cell_layout.ads:185:80: (style) this line is too long [-gnatyM]
gtk-cell_layout.ads:198:80: (style) this line is too long [-gnatyM]
gtk-cell_layout.ads:211:80: (style) this line is too long [-gnatyM]
gtk-cell_layout.ads:222:80: (style) this line is too long [-gnatyM]
gtk-cell_layout.ads:240:80: (style) this line is too long [-gnatyM]
gtk-cell_layout.ads:244:80: (style) this line is too long [-gnatyM]
gtk-cell_layout.ads:255:80: (style) this line is too long [-gnatyM]
gtk-cell_layout.ads:282:01: (style) incorrect layout [-gnatyl]
   [Ada]          gtk-color_selection_dialog.adb
gtk-stack_switcher.ads:124:80: (style) this line is too long [-gnatyM]
gtk-stack_switcher.ads:135:80: (style) this line is too long [-gnatyM]
   [Ada]          gtk-menu_item.adb
gtk-list_box.ads:288:80: (style) this line is too long [-gnatyM]
gtk-list_box.ads:290:80: (style) this line is too long [-gnatyM]
gtk-list_box.ads:329:80: (style) this line is too long [-gnatyM]
gtk-list_box.ads:385:80: (style) this line is too long [-gnatyM]
gtk-list_box.ads:388:80: (style) this line is too long [-gnatyM]
gtk-list_box.ads:389:80: (style) this line is too long [-gnatyM]
gtk-list_box.ads:390:80: (style) this line is too long [-gnatyM]
gtk-list_box.ads:398:80: (style) this line is too long [-gnatyM]
gtk-list_box.ads:452:80: (style) this line is too long [-gnatyM]
gtk-list_box.ads:453:80: (style) this line is too long [-gnatyM]
gtk-list_box.ads:494:80: (style) this line is too long [-gnatyM]
gtk-list_box.ads:502:80: (style) this line is too long [-gnatyM]
gtk-list_box.ads:507:80: (style) this line is too long [-gnatyM]
gtk-list_box.ads:518:80: (style) this line is too long [-gnatyM]
gtk-list_box.ads:538:06: (style) trailing spaces not permitted [-gnatyb]
gtk-list_box.ads:595:80: (style) this line is too long [-gnatyM]
gtk-list_box.ads:656:80: (style) this line is too long [-gnatyM]
   [Ada]          gtk-image_menu_item.adb
gtk-menu_tool_button.ads:61:80: (style) this line is too long [-gnatyM]
gtk-menu_tool_button.ads:263:80: (style) this line is too long [-gnatyM]
gtk-menu_tool_button.ads:274:80: (style) this line is too long [-gnatyM]
gtk-menu_tool_button.ads:285:80: (style) this line is too long [-gnatyM]
   [Ada]          gtk-frame.adb
gtk-color_selection_dialog.ads:42:80: (style) this line is too long [-gnatyM]
gtk-color_selection_dialog.ads:43:80: (style) this line is too long [-gnatyM]
gtk-color_selection_dialog.ads:53:80: (style) this line is too long [-gnatyM]
gtk-color_selection_dialog.ads:73:80: (style) this line is too long [-gnatyM]
gtk-color_selection_dialog.ads:105:80: (style) this line is too long [-gnatyM]
   [Ada]          gtk-scrollable.adb
gtk-scrollable.ads:177:80: (style) this line is too long [-gnatyM]
gtk-scrollable.ads:181:80: (style) this line is too long [-gnatyM]
gtk-scrollable.ads:186:01: (style) incorrect layout [-gnatyl]
   [Ada]          gtk-tree_row_reference.adb
gtk-image_menu_item.ads:48:80: (style) this line is too long [-gnatyM]
gtk-image_menu_item.ads:210:80: (style) this line is too long [-gnatyM]
gtk-image_menu_item.ads:314:80: (style) this line is too long [-gnatyM]
gtk-image_menu_item.ads:325:80: (style) this line is too long [-gnatyM]
gtk-image_menu_item.ads:336:80: (style) this line is too long [-gnatyM]
   [Ada]          gtk-toggle_tool_button.adb
   [Ada]          gtk-color_chooser_widget.adb
gtk-menu_item.ads:356:80: (style) this line is too long [-gnatyM]
gtk-menu_item.ads:417:80: (style) this line is too long [-gnatyM]
gtk-menu_item.ads:436:80: (style) this line is too long [-gnatyM]
   [Ada]          gtk-selection_data.adb
gtk-color_chooser_widget.ads:58:80: (style) this line is too long [-gnatyM]
gtk-color_chooser_widget.ads:140:80: (style) this line is too long [-gnatyM]
gtk-color_chooser_widget.ads:151:80: (style) this line is too long [-gnatyM]
gtk-color_chooser_widget.ads:162:80: (style) this line is too long [-gnatyM]
   [Ada]          gtk-overlay.adb
gtk-selection_data.ads:38:80: (style) this line is too long [-gnatyM]
gtk-selection_data.ads:215:80: (style) this line is too long [-gnatyM]
   [Ada]          gtk-cell_renderer_spin.adb
gtk-tree_row_reference.ads:41:80: (style) this line is too long [-gnatyM]
gtk-tree_row_reference.ads:42:80: (style) this line is too long [-gnatyM]
gtk-tree_row_reference.ads:195:80: (style) this line is too long [-gnatyM]
   [Ada]          gtk-icon_set.adb
gtk-toggle_tool_button.ads:47:80: (style) this line is too long [-gnatyM]
gtk-toggle_tool_button.ads:48:80: (style) this line is too long [-gnatyM]
gtk-toggle_tool_button.ads:213:80: (style) this line is too long [-gnatyM]
gtk-toggle_tool_button.ads:224:80: (style) this line is too long [-gnatyM]
gtk-toggle_tool_button.ads:235:80: (style) this line is too long [-gnatyM]
   [Ada]          gtk-recent_filter.adb
gtk-cell_renderer_spin.ads:53:80: (style) this line is too long [-gnatyM]
gtk-cell_renderer_spin.ads:54:80: (style) this line is too long [-gnatyM]
   [Ada]          gtk-icon_view.adb
gtk-icon_set.ads:52:80: (style) this line is too long [-gnatyM]
gtk-icon_set.ads:183:80: (style) this line is too long [-gnatyM]
gtk-icon_set.ads:200:80: (style) this line is too long [-gnatyM]
gtk-icon_set.ads:237:80: (style) this line is too long [-gnatyM]
   [Ada]          gdk-window.adb
gtk-recent_filter.ads:102:80: (style) this line is too long [-gnatyM]
gtk-recent_filter.ads:107:80: (style) this line is too long [-gnatyM]
gtk-recent_filter.ads:108:80: (style) this line is too long [-gnatyM]
gtk-recent_filter.ads:109:80: (style) this line is too long [-gnatyM]
gtk-recent_filter.ads:115:80: (style) this line is too long [-gnatyM]
gtk-recent_filter.ads:128:80: (style) this line is too long [-gnatyM]
gtk-recent_filter.ads:217:80: (style) this line is too long [-gnatyM]
gtk-recent_filter.ads:315:80: (style) this line is too long [-gnatyM]
   [Ada]          gtk-tree_store.adb
gtk-overlay.ads:98:80: (style) this line is too long [-gnatyM]
gtk-overlay.ads:110:80: (style) this line is too long [-gnatyM]
gtk-overlay.ads:131:06: (style) trailing spaces not permitted [-gnatyb]
   [Ada]          glib-option.adb
gdk-window.ads:28:06: warning: unnecessary with of ancestor [-gnatwr]
gdk-window.ads:288:80: (style) this line is too long [-gnatyM]
gdk-window.ads:326:80: (style) this line is too long [-gnatyM]
gdk-window.ads:334:80: (style) this line is too long [-gnatyM]
gdk-window.ads:350:80: (style) this line is too long [-gnatyM]
gdk-window.ads:591:80: (style) this line is too long [-gnatyM]
gdk-window.ads:607:80: (style) this line is too long [-gnatyM]
gdk-window.ads:643:80: (style) this line is too long [-gnatyM]
gdk-window.ads:679:80: (style) this line is too long [-gnatyM]
gdk-window.ads:734:80: (style) this line is too long [-gnatyM]
gdk-window.ads:743:80: (style) this line is too long [-gnatyM]
gdk-window.ads:930:80: (style) this line is too long [-gnatyM]
gdk-window.ads:1326:80: (style) this line is too long [-gnatyM]
gdk-window.ads:1480:80: (style) this line is too long [-gnatyM]
gdk-window.ads:1651:80: (style) this line is too long [-gnatyM]
gdk-window.ads:1971:80: (style) this line is too long [-gnatyM]
gdk-window.ads:2130:06: (style) trailing spaces not permitted [-gnatyb]
gdk-window.ads:2147:06: (style) trailing spaces not permitted [-gnatyb]
gdk-window.ads:2151:80: (style) this line is too long [-gnatyM]
gdk-window.ads:2153:80: (style) this line is too long [-gnatyM]
gdk-window.ads:2156:80: (style) this line is too long [-gnatyM]
gdk-window.ads:2163:06: (style) trailing spaces not permitted [-gnatyb]
gdk-window.ads:2181:06: (style) trailing spaces not permitted [-gnatyb]
   [Ada]          gtk-toolbar.adb
glib-option.ads:32:06: warning: unnecessary with of ancestor [-gnatwr]
glib-option.ads:45:80: (style) this line is too long [-gnatyM]
glib-option.ads:119:80: (style) this line is too long [-gnatyM]
glib-option.ads:284:80: (style) this line is too long [-gnatyM]
glib-option.ads:331:80: (style) this line is too long [-gnatyM]
glib-option.ads:340:52: (style) space required [-gnatyt]
glib-option.ads:343:80: (style) this line is too long [-gnatyM]
glib-option.ads:372:80: (style) this line is too long [-gnatyM]
glib-option.ads:376:56: (style) space required [-gnatyt]
glib-option.ads:379:01: (style) trailing spaces not permitted [-gnatyb]
   [Ada]          gtk-cell_view.adb
gtk-tree_store.ads:60:80: (style) this line is too long [-gnatyM]
gtk-tree_store.ads:326:80: (style) this line is too long [-gnatyM]
gtk-tree_store.ads:362:80: (style) this line is too long [-gnatyM]
gtk-tree_store.ads:363:80: (style) this line is too long [-gnatyM]
gtk-tree_store.ads:366:80: (style) this line is too long [-gnatyM]
gtk-tree_store.ads:378:80: (style) this line is too long [-gnatyM]
gtk-tree_store.ads:416:80: (style) this line is too long [-gnatyM]
gtk-tree_store.ads:417:80: (style) this line is too long [-gnatyM]
gtk-tree_store.ads:420:80: (style) this line is too long [-gnatyM]
gtk-tree_store.ads:432:80: (style) this line is too long [-gnatyM]
gtk-tree_store.ads:730:80: (style) this line is too long [-gnatyM]
gtk-tree_store.ads:741:80: (style) this line is too long [-gnatyM]
gtk-tree_store.ads:763:80: (style) this line is too long [-gnatyM]
   [Ada]          gdk-cursor.adb
gtk-icon_view.ads:91:80: (style) this line is too long [-gnatyM]
gtk-icon_view.ads:108:80: (style) this line is too long [-gnatyM]
gtk-icon_view.ads:747:80: (style) this line is too long [-gnatyM]
gtk-icon_view.ads:765:80: (style) this line is too long [-gnatyM]
gtk-icon_view.ads:769:80: (style) this line is too long [-gnatyM]
gtk-icon_view.ads:779:80: (style) this line is too long [-gnatyM]
gtk-icon_view.ads:780:80: (style) this line is too long [-gnatyM]
gtk-icon_view.ads:823:80: (style) this line is too long [-gnatyM]
gtk-icon_view.ads:831:80: (style) this line is too long [-gnatyM]
gtk-icon_view.ads:839:80: (style) this line is too long [-gnatyM]
gtk-icon_view.ads:844:80: (style) this line is too long [-gnatyM]
gtk-icon_view.ads:849:80: (style) this line is too long [-gnatyM]
gtk-icon_view.ads:890:80: (style) this line is too long [-gnatyM]
gtk-icon_view.ads:981:80: (style) this line is too long [-gnatyM]
gtk-icon_view.ads:1025:80: (style) this line is too long [-gnatyM]
gtk-icon_view.ads:1056:06: (style) trailing spaces not permitted [-gnatyb]
gtk-icon_view.ads:1058:80: (style) this line is too long [-gnatyM]
gtk-icon_view.ads:1061:80: (style) this line is too long [-gnatyM]
gtk-icon_view.ads:1085:80: (style) this line is too long [-gnatyM]
gtk-icon_view.ads:1117:80: (style) this line is too long [-gnatyM]
gtk-icon_view.ads:1233:80: (style) this line is too long [-gnatyM]
   [Ada]          gtk-layout.adb
   [Ada]          gtk-gesture_single.adb
gtk-toolbar.ads:281:06: (style) trailing spaces not permitted [-gnatyb]
gtk-toolbar.ads:294:80: (style) this line is too long [-gnatyM]
gtk-toolbar.ads:318:80: (style) this line is too long [-gnatyM]
gtk-toolbar.ads:336:06: (style) trailing spaces not permitted [-gnatyb]
   [Ada]          gtk-info_bar.adb
gtk-cell_view.ads:73:80: (style) this line is too long [-gnatyM]
gtk-cell_view.ads:103:80: (style) this line is too long [-gnatyM]
gtk-cell_view.ads:107:80: (style) this line is too long [-gnatyM]
gtk-cell_view.ads:123:80: (style) this line is too long [-gnatyM]
gtk-cell_view.ads:309:80: (style) this line is too long [-gnatyM]
gtk-cell_view.ads:327:80: (style) this line is too long [-gnatyM]
gtk-cell_view.ads:331:80: (style) this line is too long [-gnatyM]
gtk-cell_view.ads:341:80: (style) this line is too long [-gnatyM]
gtk-cell_view.ads:342:80: (style) this line is too long [-gnatyM]
gtk-cell_view.ads:366:80: (style) this line is too long [-gnatyM]
gtk-cell_view.ads:374:80: (style) this line is too long [-gnatyM]
gtk-cell_view.ads:382:80: (style) this line is too long [-gnatyM]
gtk-cell_view.ads:387:80: (style) this line is too long [-gnatyM]
gtk-cell_view.ads:392:80: (style) this line is too long [-gnatyM]
   [Ada]          gdk-drag_contexts.adb
   [Ada]          glib-action_map.adb
   [Ada]          glib-application.adb
gdk-drag_contexts.ads:26:06: warning: unnecessary with of ancestor [-gnatwr]
gdk-drag_contexts.ads:72:80: (style) this line is too long [-gnatyM]
   [Ada]          gtk-tool_shell.adb
glib-action_map.ads:38:06: warning: unnecessary with of ancestor [-gnatwr]
glib-action_map.ads:44:16: (style) space required [-gnatyt]
glib-action_map.ads:46:16: (style) space required [-gnatyt]
glib-action_map.ads:177:80: (style) this line is too long [-gnatyM]
glib-action_map.ads:195:80: (style) this line is too long [-gnatyM]
glib-action_map.ads:221:01: (style) incorrect layout [-gnatyl]
glib-action_map.ads:232:01: (style) incorrect layout [-gnatyl]
   [Ada]          gtk-radio_tool_button.adb
gtk-tool_shell.ads:103:80: (style) this line is too long [-gnatyM]
gtk-tool_shell.ads:147:80: (style) this line is too long [-gnatyM]
gtk-tool_shell.ads:150:80: (style) this line is too long [-gnatyM]
gtk-tool_shell.ads:157:80: (style) this line is too long [-gnatyM]
gtk-tool_shell.ads:164:80: (style) this line is too long [-gnatyM]
gtk-tool_shell.ads:171:80: (style) this line is too long [-gnatyM]
gtk-tool_shell.ads:178:80: (style) this line is too long [-gnatyM]
gtk-tool_shell.ads:185:80: (style) this line is too long [-gnatyM]
gtk-tool_shell.ads:206:80: (style) this line is too long [-gnatyM]
gtk-tool_shell.ads:216:80: (style) this line is too long [-gnatyM]
gtk-tool_shell.ads:221:80: (style) this line is too long [-gnatyM]
gtk-tool_shell.ads:231:80: (style) this line is too long [-gnatyM]
gtk-tool_shell.ads:236:80: (style) this line is too long [-gnatyM]
gtk-tool_shell.ads:241:80: (style) this line is too long [-gnatyM]
gtk-tool_shell.ads:251:01: (style) incorrect layout [-gnatyl]
   [Ada]          gtk-symbolic_color.adb
gtk-symbolic_color.ads:51:80: (style) this line is too long [-gnatyM]
gtk-symbolic_color.ads:205:80: (style) this line is too long [-gnatyM]
   [Ada]          gtk-assistant.adb
gtk-info_bar.ads:229:80: (style) this line is too long [-gnatyM]
gtk-info_bar.ads:242:80: (style) this line is too long [-gnatyM]
gtk-info_bar.ads:318:80: (style) this line is too long [-gnatyM]
   [Ada]          gtk-radio_action.adb
glib-application.ads:63:80: (style) this line is too long [-gnatyM]
glib-application.ads:131:80: (style) this line is too long [-gnatyM]
glib-application.ads:134:80: (style) this line is too long [-gnatyM]
glib-application.ads:137:80: (style) this line is too long [-gnatyM]
glib-application.ads:143:06: warning: unnecessary with of ancestor [-gnatwr]
glib-application.ads:173:80: (style) this line is too long [-gnatyM]
glib-application.ads:174:80: (style) this line is too long [-gnatyM]
glib-application.ads:182:80: (style) this line is too long [-gnatyM]
glib-application.ads:232:80: (style) this line is too long [-gnatyM]
glib-application.ads:514:80: (style) this line is too long [-gnatyM]
glib-application.ads:844:80: (style) this line is too long [-gnatyM]
glib-application.ads:862:80: (style) this line is too long [-gnatyM]
glib-application.ads:886:06: (style) trailing spaces not permitted [-gnatyb]
glib-application.ads:893:80: (style) this line is too long [-gnatyM]
glib-application.ads:938:06: (style) trailing spaces not permitted [-gnatyb]
glib-application.ads:942:07: (style) space required [-gnatyt]
glib-application.ads:943:07: (style) space required [-gnatyt]
glib-application.ads:944:07: (style) space required [-gnatyt]
glib-application.ads:954:06: (style) trailing spaces not permitted [-gnatyb]
glib-application.ads:1052:80: (style) this line is too long [-gnatyM]
   [Ada]          gdk-device.adb
gtk-assistant.ads:93:80: (style) this line is too long [-gnatyM]
gtk-assistant.ads:106:80: (style) this line is too long [-gnatyM]
gtk-assistant.ads:354:80: (style) this line is too long [-gnatyM]
gtk-assistant.ads:405:80: (style) this line is too long [-gnatyM]
   [Ada]          pango-coverage.adb
gtk-radio_tool_button.ads:52:80: (style) this line is too long [-gnatyM]
gtk-radio_tool_button.ads:209:80: (style) this line is too long [-gnatyM]
gtk-radio_tool_button.ads:220:80: (style) this line is too long [-gnatyM]
gtk-radio_tool_button.ads:231:80: (style) this line is too long [-gnatyM]
   [Ada]          gdk-display.adb
gdk-device.ads:35:06: warning: unnecessary with of ancestor [-gnatwr]
   [Ada]          gtk-header_bar.adb
pango-coverage.ads:41:80: (style) this line is too long [-gnatyM]
pango-coverage.ads:90:80: (style) this line is too long [-gnatyM]
   [Ada]          gtk-offscreen_window.adb
gtk-header_bar.ads:255:80: (style) this line is too long [-gnatyM]
   [Ada]          gtk-adjustment.adb
gtk-offscreen_window.ads:107:80: (style) this line is too long [-gnatyM]
   [Ada]          gtk-action_group.adb
gtk-radio_action.ads:44:80: (style) this line is too long [-gnatyM]
   [Ada]          gtk-cell_renderer_pixbuf.adb
gdk-display.ads:46:06: warning: unnecessary with of ancestor [-gnatwr]
gdk-display.ads:360:80: (style) this line is too long [-gnatyM]
   [Ada]          gtk-text_iter.adb
gtk-cell_renderer_pixbuf.ads:52:80: (style) this line is too long [-gnatyM]
gtk-cell_renderer_pixbuf.ads:53:80: (style) this line is too long [-gnatyM]
gtk-cell_renderer_pixbuf.ads:134:80: (style) this line is too long [-gnatyM]
   [Ada]          gtk-cell_renderer_combo.adb
gtk-text_iter.ads:71:80: (style) this line is too long [-gnatyM]
gtk-text_iter.ads:724:80: (style) this line is too long [-gnatyM]
gtk-text_iter.ads:732:80: (style) this line is too long [-gnatyM]
gtk-text_iter.ads:738:80: (style) this line is too long [-gnatyM]
gtk-text_iter.ads:746:80: (style) this line is too long [-gnatyM]
gtk-text_iter.ads:896:01: (style) incorrect layout [-gnatyl]
gtk-text_iter.ads:919:01: (style) trailing spaces not permitted [-gnatyb]
   [Ada]          gtk-gesture_multi_press.adb
gtk-adjustment.ads:320:80: (style) this line is too long [-gnatyM]
   [Ada]          gtk-page_setup.adb
   [Ada]          gtk-scale_button.adb
gtk-action_group.ads:96:80: (style) this line is too long [-gnatyM]
gtk-action_group.ads:275:80: (style) this line is too long [-gnatyM]
gtk-action_group.ads:281:80: (style) this line is too long [-gnatyM]
gtk-action_group.ads:480:80: (style) this line is too long [-gnatyM]
gtk-action_group.ads:511:06: (style) trailing spaces not permitted [-gnatyb]
gtk-action_group.ads:532:06: (style) trailing spaces not permitted [-gnatyb]
   [Ada]          glib-poll.adb
glib-poll.ads:26:06: warning: unnecessary with of ancestor [-gnatwr]
   [Ada]          gtk-cell_renderer_accel.adb
gtk-cell_renderer_combo.ads:54:80: (style) this line is too long [-gnatyM]
gtk-cell_renderer_combo.ads:55:80: (style) this line is too long [-gnatyM]
gtk-cell_renderer_combo.ads:119:80: (style) this line is too long [-gnatyM]
gtk-cell_renderer_combo.ads:150:06: (style) trailing spaces not permitted [-gnatyb]
gtk-cell_renderer_combo.ads:154:80: (style) this line is too long [-gnatyM]
   [Ada]          gtk-recent_chooser_dialog.adb
gtk-gesture_multi_press.ads:48:80: (style) this line is too long [-gnatyM]
gtk-gesture_multi_press.ads:49:80: (style) this line is too long [-gnatyM]
gtk-gesture_multi_press.ads:110:80: (style) this line is too long [-gnatyM]
gtk-gesture_multi_press.ads:133:06: (style) trailing spaces not permitted [-gnatyb]
gtk-gesture_multi_press.ads:154:06: (style) trailing spaces not permitted [-gnatyb]
   [Ada]          gtk-font_selection_dialog.adb
gtk-cell_renderer_accel.ads:44:80: (style) this line is too long [-gnatyM]
gtk-cell_renderer_accel.ads:45:80: (style) this line is too long [-gnatyM]
gtk-cell_renderer_accel.ads:95:80: (style) this line is too long [-gnatyM]
gtk-cell_renderer_accel.ads:115:80: (style) this line is too long [-gnatyM]
gtk-cell_renderer_accel.ads:122:80: (style) this line is too long [-gnatyM]
gtk-cell_renderer_accel.ads:132:80: (style) this line is too long [-gnatyM]
gtk-cell_renderer_accel.ads:136:80: (style) this line is too long [-gnatyM]
gtk-cell_renderer_accel.ads:140:06: (style) trailing spaces not permitted [-gnatyb]
   [Ada]          glib-variant.adb
gtk-font_selection_dialog.ads:42:80: (style) this line is too long [-gnatyM]
gtk-font_selection_dialog.ads:43:80: (style) this line is too long [-gnatyM]
gtk-font_selection_dialog.ads:141:80: (style) this line is too long [-gnatyM]
   [Ada]          gtk-recent_chooser_menu.adb
gtk-scale_button.ads:120:80: (style) this line is too long [-gnatyM]
gtk-scale_button.ads:239:36: (style) space required [-gnatyt]
gtk-scale_button.ads:323:80: (style) this line is too long [-gnatyM]
gtk-scale_button.ads:334:80: (style) this line is too long [-gnatyM]
gtk-scale_button.ads:356:80: (style) this line is too long [-gnatyM]
   [Ada]          gtk-paned.adb
gtk-recent_chooser_dialog.ads:73:80: (style) this line is too long [-gnatyM]
gtk-recent_chooser_dialog.ads:74:80: (style) this line is too long [-gnatyM]
gtk-recent_chooser_dialog.ads:157:80: (style) this line is too long [-gnatyM]
gtk-recent_chooser_dialog.ads:185:80: (style) this line is too long [-gnatyM]
gtk-recent_chooser_dialog.ads:281:80: (style) this line is too long [-gnatyM]
gtk-recent_chooser_dialog.ads:307:80: (style) this line is too long [-gnatyM]
gtk-recent_chooser_dialog.ads:318:80: (style) this line is too long [-gnatyM]
   [Ada]          gtk-flow_box.adb
glib-variant.ads:237:06: warning: unnecessary with of ancestor [-gnatwr]
glib-variant.ads:1270:51: (style) space required [-gnatyt]
glib-variant.ads:1271:51: (style) space required [-gnatyt]
glib-variant.ads:1272:51: (style) space required [-gnatyt]
glib-variant.ads:1273:51: (style) space required [-gnatyt]
   [Ada]          pango-layout.adb
pango-layout.ads:79:80: (style) this line is too long [-gnatyM]
pango-layout.ads:83:80: (style) this line is too long [-gnatyM]
pango-layout.ads:101:80: (style) this line is too long [-gnatyM]
pango-layout.ads:799:01: (style) incorrect layout [-gnatyl]
pango-layout.ads:810:80: (style) this line is too long [-gnatyM]
   [Ada]          gtk-ui_manager.adb
gtk-paned.ads:325:80: (style) this line is too long [-gnatyM]
gtk-paned.ads:364:80: (style) this line is too long [-gnatyM]
   [Ada]          gtk-accel_map.adb
gtk-recent_chooser_menu.ads:66:80: (style) this line is too long [-gnatyM]
gtk-recent_chooser_menu.ads:112:80: (style) this line is too long [-gnatyM]
gtk-recent_chooser_menu.ads:115:80: (style) this line is too long [-gnatyM]
gtk-recent_chooser_menu.ads:129:80: (style) this line is too long [-gnatyM]
gtk-recent_chooser_menu.ads:190:80: (style) this line is too long [-gnatyM]
gtk-recent_chooser_menu.ads:247:80: (style) this line is too long [-gnatyM]
gtk-recent_chooser_menu.ads:343:80: (style) this line is too long [-gnatyM]
gtk-recent_chooser_menu.ads:381:80: (style) this line is too long [-gnatyM]
gtk-recent_chooser_menu.ads:392:80: (style) this line is too long [-gnatyM]
gtk-recent_chooser_menu.ads:403:80: (style) this line is too long [-gnatyM]
   [Ada]          gtk-style_properties.adb
gtk-style_properties.ads:165:80: (style) this line is too long [-gnatyM]
   [Ada]          gtk-event_box.adb
gtk-flow_box.ads:74:80: (style) this line is too long [-gnatyM]
gtk-flow_box.ads:82:80: (style) this line is too long [-gnatyM]
gtk-flow_box.ads:90:80: (style) this line is too long [-gnatyM]
gtk-flow_box.ads:91:80: (style) this line is too long [-gnatyM]
gtk-flow_box.ads:266:80: (style) this line is too long [-gnatyM]
gtk-flow_box.ads:286:80: (style) this line is too long [-gnatyM]
gtk-flow_box.ads:288:80: (style) this line is too long [-gnatyM]
gtk-flow_box.ads:327:80: (style) this line is too long [-gnatyM]
gtk-flow_box.ads:354:80: (style) this line is too long [-gnatyM]
gtk-flow_box.ads:384:80: (style) this line is too long [-gnatyM]
gtk-flow_box.ads:385:80: (style) this line is too long [-gnatyM]
gtk-flow_box.ads:412:80: (style) this line is too long [-gnatyM]
gtk-flow_box.ads:430:80: (style) this line is too long [-gnatyM]
gtk-flow_box.ads:456:80: (style) this line is too long [-gnatyM]
gtk-flow_box.ads:487:80: (style) this line is too long [-gnatyM]
gtk-flow_box.ads:492:80: (style) this line is too long [-gnatyM]
gtk-flow_box.ads:508:80: (style) this line is too long [-gnatyM]
gtk-flow_box.ads:512:80: (style) this line is too long [-gnatyM]
gtk-flow_box.ads:527:80: (style) this line is too long [-gnatyM]
gtk-flow_box.ads:561:06: (style) trailing spaces not permitted [-gnatyb]
gtk-flow_box.ads:563:80: (style) this line is too long [-gnatyM]
gtk-flow_box.ads:582:80: (style) this line is too long [-gnatyM]
gtk-flow_box.ads:598:80: (style) this line is too long [-gnatyM]
gtk-flow_box.ads:674:80: (style) this line is too long [-gnatyM]
   [Ada]          gtk-link_button.adb
gtk-accel_map.ads:142:80: (style) this line is too long [-gnatyM]
gtk-accel_map.ads:184:80: (style) this line is too long [-gnatyM]
gtk-accel_map.ads:315:80: (style) this line is too long [-gnatyM]
gtk-accel_map.ads:321:80: (style) this line is too long [-gnatyM]
gtk-accel_map.ads:330:80: (style) this line is too long [-gnatyM]
gtk-accel_map.ads:340:06: (style) trailing spaces not permitted [-gnatyb]
   [Ada]          gtk-gesture_swipe.adb
   [Ada]          gtk-level_bar.adb
gtk-ui_manager.ads:241:80: (style) this line is too long [-gnatyM]
gtk-ui_manager.ads:429:80: (style) this line is too long [-gnatyM]
gtk-ui_manager.ads:452:80: (style) this line is too long [-gnatyM]
gtk-ui_manager.ads:488:80: (style) this line is too long [-gnatyM]
gtk-ui_manager.ads:528:80: (style) this line is too long [-gnatyM]
gtk-ui_manager.ads:554:06: (style) trailing spaces not permitted [-gnatyb]
gtk-ui_manager.ads:571:06: (style) trailing spaces not permitted [-gnatyb]
   [Ada]          gtk-widget.adb
gtk-link_button.ads:263:80: (style) this line is too long [-gnatyM]
   [Ada]          gtk-drawing_area.adb
gtk-gesture_swipe.ads:48:80: (style) this line is too long [-gnatyM]
gtk-gesture_swipe.ads:120:06: (style) trailing spaces not permitted [-gnatyb]
   [Ada]          gtk-application.adb
   [Ada]          gdk-frame_timings.adb
   [Ada]          gtk-image.adb
gdk-frame_timings.ads:44:80: (style) this line is too long [-gnatyM]
gdk-frame_timings.ads:115:80: (style) this line is too long [-gnatyM]
   [Ada]          gtk-text_view.adb
   [Ada]          gtk-misc.adb
   [Ada]          gtk-enums.adb
gtk-application.ads:126:80: (style) this line is too long [-gnatyM]
gtk-application.ads:632:80: (style) this line is too long [-gnatyM]
   [Ada]          glib-simple_action.adb
gtk-text_view.ads:72:80: (style) this line is too long [-gnatyM]
gtk-text_view.ads:130:80: (style) this line is too long [-gnatyM]
gtk-text_view.ads:694:80: (style) this line is too long [-gnatyM]
gtk-text_view.ads:839:80: (style) this line is too long [-gnatyM]
gtk-text_view.ads:899:80: (style) this line is too long [-gnatyM]
gtk-text_view.ads:919:06: (style) trailing spaces not permitted [-gnatyb]
gtk-text_view.ads:921:80: (style) this line is too long [-gnatyM]
gtk-text_view.ads:948:80: (style) this line is too long [-gnatyM]
gtk-text_view.ads:954:80: (style) this line is too long [-gnatyM]
gtk-text_view.ads:986:06: (style) trailing spaces not permitted [-gnatyb]
gtk-text_view.ads:988:80: (style) this line is too long [-gnatyM]
gtk-text_view.ads:1018:06: (style) trailing spaces not permitted [-gnatyb]
gtk-text_view.ads:1020:80: (style) this line is too long [-gnatyM]
gtk-text_view.ads:1130:80: (style) this line is too long [-gnatyM]
   [Ada]          glib-utils.adb
   [Ada]          gtk-target_list.adb
gtk-target_list.ads:42:80: (style) this line is too long [-gnatyM]
gtk-target_list.ads:158:80: (style) this line is too long [-gnatyM]
   [Ada]          gtk-grid.adb
gtk-enums.adb:38:04: warning: possible aliasing problem for type "Chars_Ptr" [enabled by default]
gtk-enums.adb:38:04: warning: use -fno-strict-aliasing switch for references [enabled by default]
gtk-enums.adb:38:04: warning: or use "pragma No_Strict_Aliasing (Chars_Ptr);" [enabled by default]
gtk-enums.ads:643:80: (style) this line is too long [-gnatyM]
gtk-enums.ads:647:80: (style) this line is too long [-gnatyM]
gtk-enums.ads:659:80: (style) this line is too long [-gnatyM]
gtk-enums.ads:667:80: (style) this line is too long [-gnatyM]
gtk-enums.ads:675:80: (style) this line is too long [-gnatyM]
gtk-enums.ads:679:80: (style) this line is too long [-gnatyM]
gtk-enums.ads:683:80: (style) this line is too long [-gnatyM]
gtk-enums.ads:687:80: (style) this line is too long [-gnatyM]
gtk-enums.ads:691:80: (style) this line is too long [-gnatyM]
gtk-enums.ads:699:80: (style) this line is too long [-gnatyM]
gtk-enums.ads:703:80: (style) this line is too long [-gnatyM]
gtk-enums.ads:711:80: (style) this line is too long [-gnatyM]
gtk-enums.ads:719:80: (style) this line is too long [-gnatyM]
gtk-enums.ads:727:80: (style) this line is too long [-gnatyM]
gtk-enums.ads:731:80: (style) this line is too long [-gnatyM]
gtk-enums.ads:735:80: (style) this line is too long [-gnatyM]
gtk-enums.ads:739:80: (style) this line is too long [-gnatyM]
gtk-enums.ads:743:80: (style) this line is too long [-gnatyM]
gtk-enums.ads:755:80: (style) this line is too long [-gnatyM]
gtk-enums.ads:767:80: (style) this line is too long [-gnatyM]
gtk-enums.ads:791:80: (style) this line is too long [-gnatyM]
gtk-enums.ads:795:80: (style) this line is too long [-gnatyM]
gtk-enums.ads:799:80: (style) this line is too long [-gnatyM]
gtk-enums.ads:807:80: (style) this line is too long [-gnatyM]
gtk-enums.ads:827:80: (style) this line is too long [-gnatyM]
gtk-enums.ads:831:80: (style) this line is too long [-gnatyM]
gtk-enums.ads:835:80: (style) this line is too long [-gnatyM]
gtk-enums.ads:839:80: (style) this line is too long [-gnatyM]
gtk-enums.ads:843:80: (style) this line is too long [-gnatyM]
gtk-enums.ads:851:80: (style) this line is too long [-gnatyM]
   [Ada]          gtk-tree_view_column.adb
glib-simple_action.ads:35:06: warning: unnecessary with of ancestor [-gnatwr]
   [Ada]          gtk-cell_area_context.adb
   [Ada]          gtk-im_context.adb
   [Ada]          gtk-text_mark.adb
   [Ada]          gtk-notebook.adb
gtk-widget.ads:382:80: (style) this line is too long [-gnatyM]
gtk-widget.ads:389:80: (style) this line is too long [-gnatyM]
gtk-widget.ads:445:80: (style) this line is too long [-gnatyM]
gtk-widget.ads:486:80: (style) this line is too long [-gnatyM]
gtk-widget.ads:509:80: (style) this line is too long [-gnatyM]
gtk-widget.ads:588:80: (style) this line is too long [-gnatyM]
gtk-widget.ads:2779:80: (style) this line is too long [-gnatyM]
gtk-widget.ads:3144:80: (style) this line is too long [-gnatyM]
gtk-widget.ads:3178:80: (style) this line is too long [-gnatyM]
gtk-widget.ads:3179:80: (style) this line is too long [-gnatyM]
gtk-widget.ads:3181:80: (style) this line is too long [-gnatyM]
gtk-widget.ads:3269:32: (style) space required [-gnatyt]
gtk-widget.ads:3322:80: (style) this line is too long [-gnatyM]
gtk-widget.ads:3618:80: (style) this line is too long [-gnatyM]
gtk-widget.ads:3623:80: (style) this line is too long [-gnatyM]
gtk-widget.ads:3642:80: (style) this line is too long [-gnatyM]
gtk-widget.ads:3659:06: (style) trailing spaces not permitted [-gnatyb]
gtk-widget.ads:3661:80: (style) this line is too long [-gnatyM]
gtk-widget.ads:3662:80: (style) this line is too long [-gnatyM]
gtk-widget.ads:3665:80: (style) this line is too long [-gnatyM]
gtk-widget.ads:3682:06: (style) trailing spaces not permitted [-gnatyb]
gtk-widget.ads:3684:80: (style) this line is too long [-gnatyM]
gtk-widget.ads:3685:80: (style) this line is too long [-gnatyM]
gtk-widget.ads:3696:80: (style) this line is too long [-gnatyM]
gtk-widget.ads:3711:06: (style) trailing spaces not permitted [-gnatyb]
gtk-widget.ads:3738:80: (style) this line is too long [-gnatyM]
gtk-widget.ads:3775:06: (style) trailing spaces not permitted [-gnatyb]
gtk-widget.ads:3777:80: (style) this line is too long [-gnatyM]
gtk-widget.ads:3778:80: (style) this line is too long [-gnatyM]
gtk-widget.ads:3802:06: (style) trailing spaces not permitted [-gnatyb]
gtk-widget.ads:3805:80: (style) this line is too long [-gnatyM]
gtk-widget.ads:3831:06: (style) trailing spaces not permitted [-gnatyb]
gtk-widget.ads:3834:80: (style) this line is too long [-gnatyM]
gtk-widget.ads:3869:06: (style) trailing spaces not permitted [-gnatyb]
gtk-widget.ads:3872:80: (style) this line is too long [-gnatyM]
gtk-widget.ads:3938:80: (style) this line is too long [-gnatyM]
gtk-widget.ads:3945:80: (style) this line is too long [-gnatyM]
gtk-widget.ads:3967:06: (style) trailing spaces not permitted [-gnatyb]
gtk-widget.ads:3970:80: (style) this line is too long [-gnatyM]
gtk-widget.ads:3976:80: (style) this line is too long [-gnatyM]
gtk-widget.ads:3985:80: (style) this line is too long [-gnatyM]
gtk-widget.ads:3994:80: (style) this line is too long [-gnatyM]
gtk-widget.ads:3997:80: (style) this line is too long [-gnatyM]
gtk-widget.ads:4001:80: (style) this line is too long [-gnatyM]
gtk-widget.ads:4040:06: (style) trailing spaces not permitted [-gnatyb]
gtk-widget.ads:4050:80: (style) this line is too long [-gnatyM]
gtk-widget.ads:4057:80: (style) this line is too long [-gnatyM]
gtk-widget.ads:4084:06: (style) trailing spaces not permitted [-gnatyb]
gtk-widget.ads:4106:80: (style) this line is too long [-gnatyM]
gtk-widget.ads:4111:80: (style) this line is too long [-gnatyM]
gtk-widget.ads:4131:06: (style) trailing spaces not permitted [-gnatyb]
gtk-widget.ads:4135:80: (style) this line is too long [-gnatyM]
gtk-widget.ads:4166:06: (style) trailing spaces not permitted [-gnatyb]
gtk-widget.ads:4233:06: (style) trailing spaces not permitted [-gnatyb]
gtk-widget.ads:4275:06: (style) trailing spaces not permitted [-gnatyb]
gtk-widget.ads:4278:80: (style) this line is too long [-gnatyM]
gtk-widget.ads:4289:80: (style) this line is too long [-gnatyM]
gtk-widget.ads:4306:06: (style) trailing spaces not permitted [-gnatyb]
gtk-widget.ads:4308:80: (style) this line is too long [-gnatyM]
gtk-widget.ads:4309:80: (style) this line is too long [-gnatyM]
gtk-widget.ads:4327:06: (style) trailing spaces not permitted [-gnatyb]
gtk-widget.ads:4330:80: (style) this line is too long [-gnatyM]
gtk-widget.ads:4331:07: (style) space required [-gnatyt]
gtk-widget.ads:4376:06: (style) trailing spaces not permitted [-gnatyb]
gtk-widget.ads:4378:80: (style) this line is too long [-gnatyM]
gtk-widget.ads:4403:06: (style) trailing spaces not permitted [-gnatyb]
gtk-widget.ads:4405:80: (style) this line is too long [-gnatyM]
gtk-widget.ads:4406:80: (style) this line is too long [-gnatyM]
gtk-widget.ads:4424:06: (style) trailing spaces not permitted [-gnatyb]
gtk-widget.ads:4426:80: (style) this line is too long [-gnatyM]
gtk-widget.ads:4427:80: (style) this line is too long [-gnatyM]
gtk-widget.ads:4454:06: (style) trailing spaces not permitted [-gnatyb]
gtk-widget.ads:4558:06: (style) trailing spaces not permitted [-gnatyb]
gtk-widget.ads:4561:80: (style) this line is too long [-gnatyM]
gtk-widget.ads:4580:06: (style) trailing spaces not permitted [-gnatyb]
gtk-widget.ads:4583:80: (style) this line is too long [-gnatyM]
gtk-widget.ads:4598:06: (style) trailing spaces not permitted [-gnatyb]
gtk-widget.ads:4605:80: (style) this line is too long [-gnatyM]
gtk-widget.ads:4622:06: (style) trailing spaces not permitted [-gnatyb]
gtk-widget.ads:4624:80: (style) this line is too long [-gnatyM]
gtk-widget.ads:4625:80: (style) this line is too long [-gnatyM]
gtk-widget.ads:4672:06: (style) trailing spaces not permitted [-gnatyb]
gtk-widget.ads:4675:80: (style) this line is too long [-gnatyM]
gtk-widget.ads:4696:06: (style) trailing spaces not permitted [-gnatyb]
gtk-widget.ads:4698:80: (style) this line is too long [-gnatyM]
gtk-widget.ads:4699:07: (style) space required [-gnatyt]
gtk-widget.ads:4709:80: (style) this line is too long [-gnatyM]
gtk-widget.ads:4726:06: (style) trailing spaces not permitted [-gnatyb]
gtk-widget.ads:4728:80: (style) this line is too long [-gnatyM]
gtk-widget.ads:4729:80: (style) this line is too long [-gnatyM]
gtk-widget.ads:4788:06: (style) trailing spaces not permitted [-gnatyb]
gtk-widget.ads:4800:80: (style) this line is too long [-gnatyM]
gtk-widget.ads:4815:06: (style) trailing spaces not permitted [-gnatyb]
gtk-widget.ads:4817:80: (style) this line is too long [-gnatyM]
gtk-widget.ads:4818:80: (style) this line is too long [-gnatyM]
gtk-widget.ads:4829:80: (style) this line is too long [-gnatyM]
gtk-widget.ads:4843:06: (style) trailing spaces not permitted [-gnatyb]
gtk-widget.ads:4845:80: (style) this line is too long [-gnatyM]
gtk-widget.ads:4846:80: (style) this line is too long [-gnatyM]
gtk-widget.ads:4849:80: (style) this line is too long [-gnatyM]
gtk-widget.ads:4863:06: (style) trailing spaces not permitted [-gnatyb]
gtk-widget.ads:4865:80: (style) this line is too long [-gnatyM]
gtk-widget.ads:4866:80: (style) this line is too long [-gnatyM]
gtk-widget.ads:4869:80: (style) this line is too long [-gnatyM]
gtk-widget.ads:4877:80: (style) this line is too long [-gnatyM]
gtk-widget.ads:4906:06: (style) trailing spaces not permitted [-gnatyb]
gtk-widget.ads:4908:80: (style) this line is too long [-gnatyM]
gtk-widget.ads:4910:80: (style) this line is too long [-gnatyM]
gtk-widget.ads:4912:80: (style) this line is too long [-gnatyM]
gtk-widget.ads:4914:80: (style) this line is too long [-gnatyM]
gtk-widget.ads:4977:06: (style) trailing spaces not permitted [-gnatyb]
gtk-widget.ads:4979:80: (style) this line is too long [-gnatyM]
gtk-widget.ads:4980:80: (style) this line is too long [-gnatyM]
gtk-widget.ads:4991:80: (style) this line is too long [-gnatyM]
gtk-widget.ads:5003:06: (style) trailing spaces not permitted [-gnatyb]
gtk-widget.ads:5005:80: (style) this line is too long [-gnatyM]
gtk-widget.ads:5006:80: (style) this line is too long [-gnatyM]
gtk-widget.ads:5009:80: (style) this line is too long [-gnatyM]
gtk-widget.ads:5015:80: (style) this line is too long [-gnatyM]
gtk-widget.ads:5031:06: (style) trailing spaces not permitted [-gnatyb]
gtk-widget.ads:5034:80: (style) this line is too long [-gnatyM]
gtk-widget.ads:5044:06: (style) trailing spaces not permitted [-gnatyb]
gtk-widget.ads:5046:80: (style) this line is too long [-gnatyM]
gtk-widget.ads:5048:80: (style) this line is too long [-gnatyM]
gtk-widget.ads:5058:80: (style) this line is too long [-gnatyM]
gtk-widget.ads:5068:06: (style) trailing spaces not permitted [-gnatyb]
gtk-widget.ads:5071:80: (style) this line is too long [-gnatyM]
gtk-widget.ads:5083:06: (style) trailing spaces not permitted [-gnatyb]
gtk-widget.ads:5085:80: (style) this line is too long [-gnatyM]
gtk-widget.ads:5086:80: (style) this line is too long [-gnatyM]
gtk-widget.ads:5120:06: (style) trailing spaces not permitted [-gnatyb]
gtk-widget.ads:5122:80: (style) this line is too long [-gnatyM]
gtk-widget.ads:5123:07: (style) space required [-gnatyt]
gtk-widget.ads:5173:80: (style) this line is too long [-gnatyM]
gtk-widget.ads:5272:06: (style) trailing spaces not permitted [-gnatyb]
gtk-widget.ads:5275:80: (style) this line is too long [-gnatyM]
gtk-widget.ads:5301:80: (style) this line is too long [-gnatyM]
gtk-widget.ads:5316:06: (style) trailing spaces not permitted [-gnatyb]
gtk-widget.ads:5320:80: (style) this line is too long [-gnatyM]
gtk-widget.ads:5323:80: (style) this line is too long [-gnatyM]
gtk-widget.ads:5331:80: (style) this line is too long [-gnatyM]
gtk-widget.ads:5347:06: (style) trailing spaces not permitted [-gnatyb]
   [Ada]          gtk-expander.adb
gtk-tree_view_column.ads:66:80: (style) this line is too long [-gnatyM]
gtk-tree_view_column.ads:67:80: (style) this line is too long [-gnatyM]
gtk-tree_view_column.ads:68:80: (style) this line is too long [-gnatyM]
gtk-tree_view_column.ads:76:80: (style) this line is too long [-gnatyM]
gtk-tree_view_column.ads:93:80: (style) this line is too long [-gnatyM]
gtk-tree_view_column.ads:141:80: (style) this line is too long [-gnatyM]
gtk-tree_view_column.ads:201:80: (style) this line is too long [-gnatyM]
gtk-tree_view_column.ads:469:80: (style) this line is too long [-gnatyM]
gtk-tree_view_column.ads:487:80: (style) this line is too long [-gnatyM]
gtk-tree_view_column.ads:491:80: (style) this line is too long [-gnatyM]
gtk-tree_view_column.ads:501:80: (style) this line is too long [-gnatyM]
gtk-tree_view_column.ads:502:80: (style) this line is too long [-gnatyM]
gtk-tree_view_column.ads:526:80: (style) this line is too long [-gnatyM]
gtk-tree_view_column.ads:535:80: (style) this line is too long [-gnatyM]
gtk-tree_view_column.ads:543:80: (style) this line is too long [-gnatyM]
gtk-tree_view_column.ads:548:80: (style) this line is too long [-gnatyM]
gtk-tree_view_column.ads:553:80: (style) this line is too long [-gnatyM]
gtk-tree_view_column.ads:587:80: (style) this line is too long [-gnatyM]
gtk-tree_view_column.ads:643:80: (style) this line is too long [-gnatyM]
gtk-tree_view_column.ads:654:80: (style) this line is too long [-gnatyM]
gtk-tree_view_column.ads:683:80: (style) this line is too long [-gnatyM]
   [Ada]          gtk-separator_menu_item.adb
gtk-im_context.ads:242:80: (style) this line is too long [-gnatyM]
gtk-im_context.ads:254:06: (style) trailing spaces not permitted [-gnatyb]
gtk-im_context.ads:256:80: (style) this line is too long [-gnatyM]
gtk-im_context.ads:257:80: (style) this line is too long [-gnatyM]
gtk-im_context.ads:261:80: (style) this line is too long [-gnatyM]
gtk-im_context.ads:314:80: (style) this line is too long [-gnatyM]
gtk-im_context.ads:328:06: (style) trailing spaces not permitted [-gnatyb]
   [Ada]          glib-g_icon.adb
glib-g_icon.ads:59:06: warning: unnecessary with of ancestor [-gnatwr]
glib-g_icon.ads:144:01: (style) incorrect layout [-gnatyl]
   [Ada]          pango-font_family.adb
pango-font_family.ads:41:80: (style) this line is too long [-gnatyM]
   [Ada]          gtk-icon_source.adb
gtk-separator_menu_item.ads:44:80: (style) this line is too long [-gnatyM]
gtk-separator_menu_item.ads:45:80: (style) this line is too long [-gnatyM]
gtk-separator_menu_item.ads:132:80: (style) this line is too long [-gnatyM]
gtk-separator_menu_item.ads:143:80: (style) this line is too long [-gnatyM]
gtk-separator_menu_item.ads:154:80: (style) this line is too long [-gnatyM]
   [Ada]          gtk-print_context.adb
gtk-icon_source.ads:63:80: (style) this line is too long [-gnatyM]
gtk-icon_source.ads:313:80: (style) this line is too long [-gnatyM]
   [Ada]          gtk-radio_button.adb
gtk-notebook.ads:526:80: (style) this line is too long [-gnatyM]
gtk-notebook.ads:537:80: (style) this line is too long [-gnatyM]
gtk-notebook.ads:543:80: (style) this line is too long [-gnatyM]
gtk-notebook.ads:566:06: (style) trailing spaces not permitted [-gnatyb]
gtk-notebook.ads:634:06: (style) trailing spaces not permitted [-gnatyb]
gtk-notebook.ads:651:06: (style) trailing spaces not permitted [-gnatyb]
gtk-notebook.ads:668:06: (style) trailing spaces not permitted [-gnatyb]
gtk-notebook.ads:673:80: (style) this line is too long [-gnatyM]
gtk-notebook.ads:678:80: (style) this line is too long [-gnatyM]
gtk-notebook.ads:693:06: (style) trailing spaces not permitted [-gnatyb]
gtk-notebook.ads:726:06: (style) trailing spaces not permitted [-gnatyb]
   [Ada]          gtk-spin_button.adb
gtk-expander.ads:296:80: (style) this line is too long [-gnatyM]
   [Ada]          gtk-tool_button.adb
   [Ada]          gtk-print_settings.adb
gtk-print_settings.ads:57:80: (style) this line is too long [-gnatyM]
gtk-print_settings.ads:65:80: (style) this line is too long [-gnatyM]
gtk-print_settings.ads:171:80: (style) this line is too long [-gnatyM]
   [Ada]          gtk-separator_tool_item.adb
gtk-spin_button.ads:135:80: (style) this line is too long [-gnatyM]
gtk-spin_button.ads:237:80: (style) this line is too long [-gnatyM]
gtk-spin_button.ads:467:80: (style) this line is too long [-gnatyM]
gtk-spin_button.ads:531:06: (style) trailing spaces not permitted [-gnatyb]
gtk-spin_button.ads:565:06: (style) trailing spaces not permitted [-gnatyb]
gtk-spin_button.ads:627:80: (style) this line is too long [-gnatyM]
gtk-spin_button.ads:664:80: (style) this line is too long [-gnatyM]
   [Ada]          glib-menu.adb
gtk-tool_button.ads:362:80: (style) this line is too long [-gnatyM]
   [Ada]          gtk-tree_drag_dest.adb
gtk-separator_tool_item.ads:52:80: (style) this line is too long [-gnatyM]
gtk-separator_tool_item.ads:53:80: (style) this line is too long [-gnatyM]
gtk-separator_tool_item.ads:147:80: (style) this line is too long [-gnatyM]
gtk-separator_tool_item.ads:158:80: (style) this line is too long [-gnatyM]
   [Ada]          gtk-status_icon.adb
gtk-tree_drag_dest.ads:121:80: (style) this line is too long [-gnatyM]
gtk-tree_drag_dest.ads:126:80: (style) this line is too long [-gnatyM]
gtk-tree_drag_dest.ads:131:01: (style) incorrect layout [-gnatyl]
   [Ada]          gtk-icon_theme.adb
gtk-radio_button.ads:104:80: (style) this line is too long [-gnatyM]
gtk-radio_button.ads:374:80: (style) this line is too long [-gnatyM]
gtk-radio_button.ads:385:80: (style) this line is too long [-gnatyM]
   [Ada]          gtk-volume_button.adb
glib-menu.ads:37:06: warning: unnecessary with of ancestor [-gnatwr]
   [Ada]          gtk-table.adb
   [Ada]          gtk-gesture_zoom.adb
gtk-volume_button.ads:46:80: (style) this line is too long [-gnatyM]
gtk-volume_button.ads:160:80: (style) this line is too long [-gnatyM]
gtk-volume_button.ads:171:80: (style) this line is too long [-gnatyM]
gtk-volume_button.ads:182:80: (style) this line is too long [-gnatyM]
gtk-volume_button.ads:193:80: (style) this line is too long [-gnatyM]
   [Ada]          gtk-recent_manager.adb
gtk-icon_theme.ads:124:80: (style) this line is too long [-gnatyM]
gtk-icon_theme.ads:627:80: (style) this line is too long [-gnatyM]
gtk-icon_theme.ads:734:80: (style) this line is too long [-gnatyM]
   [Ada]          gtk-tree_model_filter.adb
gtk-status_icon.ads:40:80: (style) this line is too long [-gnatyM]
gtk-status_icon.ads:623:80: (style) this line is too long [-gnatyM]
gtk-status_icon.ads:638:06: (style) trailing spaces not permitted [-gnatyb]
gtk-status_icon.ads:640:80: (style) this line is too long [-gnatyM]
gtk-status_icon.ads:642:07: (style) space required [-gnatyt]
gtk-status_icon.ads:644:80: (style) this line is too long [-gnatyM]
gtk-status_icon.ads:659:06: (style) trailing spaces not permitted [-gnatyb]
gtk-status_icon.ads:661:80: (style) this line is too long [-gnatyM]
gtk-status_icon.ads:663:07: (style) space required [-gnatyt]
gtk-status_icon.ads:694:06: (style) trailing spaces not permitted [-gnatyb]
gtk-status_icon.ads:698:80: (style) this line is too long [-gnatyM]
gtk-status_icon.ads:701:80: (style) this line is too long [-gnatyM]
gtk-status_icon.ads:709:80: (style) this line is too long [-gnatyM]
gtk-status_icon.ads:742:06: (style) trailing spaces not permitted [-gnatyb]
gtk-status_icon.ads:744:80: (style) this line is too long [-gnatyM]
gtk-status_icon.ads:746:80: (style) this line is too long [-gnatyM]
gtk-status_icon.ads:748:80: (style) this line is too long [-gnatyM]
gtk-status_icon.ads:750:80: (style) this line is too long [-gnatyM]
gtk-status_icon.ads:775:06: (style) trailing spaces not permitted [-gnatyb]
gtk-status_icon.ads:777:80: (style) this line is too long [-gnatyM]
gtk-status_icon.ads:778:80: (style) this line is too long [-gnatyM]
gtk-status_icon.ads:801:06: (style) trailing spaces not permitted [-gnatyb]
gtk-status_icon.ads:805:07: (style) space required [-gnatyt]
   [Ada]          gtk-gentry.adb
   [Ada]          gtk-binding_set.adb
gtk-binding_set.ads:55:80: (style) this line is too long [-gnatyM]
   [Ada]          gtk-combo_box_text.adb
gtk-recent_manager.ads:79:03: (style) trailing spaces not permitted [-gnatyb]
gtk-recent_manager.ads:88:03: (style) trailing spaces not permitted [-gnatyb]
gtk-recent_manager.ads:104:03: (style) trailing spaces not permitted [-gnatyb]
gtk-recent_manager.ads:133:80: (style) this line is too long [-gnatyM]
gtk-recent_manager.ads:138:80: (style) this line is too long [-gnatyM]
gtk-recent_manager.ads:139:80: (style) this line is too long [-gnatyM]
gtk-recent_manager.ads:140:80: (style) this line is too long [-gnatyM]
   [Ada]          gtk-toggle_button.adb
gtk-tree_model_filter.ads:107:80: (style) this line is too long [-gnatyM]
gtk-tree_model_filter.ads:282:80: (style) this line is too long [-gnatyM]
gtk-tree_model_filter.ads:289:80: (style) this line is too long [-gnatyM]
gtk-tree_model_filter.ads:295:80: (style) this line is too long [-gnatyM]
gtk-tree_model_filter.ads:363:80: (style) this line is too long [-gnatyM]
gtk-tree_model_filter.ads:371:80: (style) this line is too long [-gnatyM]
gtk-tree_model_filter.ads:426:80: (style) this line is too long [-gnatyM]
gtk-tree_model_filter.ads:589:80: (style) this line is too long [-gnatyM]
gtk-tree_model_filter.ads:600:80: (style) this line is too long [-gnatyM]
   [Ada]          gtk-fixed.adb
gtk-combo_box_text.ads:81:80: (style) this line is too long [-gnatyM]
gtk-combo_box_text.ads:221:80: (style) this line is too long [-gnatyM]
gtk-combo_box_text.ads:239:80: (style) this line is too long [-gnatyM]
gtk-combo_box_text.ads:243:80: (style) this line is too long [-gnatyM]
gtk-combo_box_text.ads:253:80: (style) this line is too long [-gnatyM]
gtk-combo_box_text.ads:254:80: (style) this line is too long [-gnatyM]
gtk-combo_box_text.ads:288:80: (style) this line is too long [-gnatyM]
gtk-combo_box_text.ads:296:80: (style) this line is too long [-gnatyM]
gtk-combo_box_text.ads:304:80: (style) this line is too long [-gnatyM]
gtk-combo_box_text.ads:309:80: (style) this line is too long [-gnatyM]
gtk-combo_box_text.ads:314:80: (style) this line is too long [-gnatyM]
gtk-combo_box_text.ads:329:80: (style) this line is too long [-gnatyM]
gtk-combo_box_text.ads:340:80: (style) this line is too long [-gnatyM]
gtk-combo_box_text.ads:351:80: (style) this line is too long [-gnatyM]
   [Ada]          gtk-recent_info.adb
   [Ada]          gtk-tool_item_group.adb
gtk-recent_info.ads:44:80: (style) this line is too long [-gnatyM]
gtk-recent_info.ads:188:80: (style) this line is too long [-gnatyM]
   [Ada]          gtk-popover.adb
gtk-toggle_button.ads:310:80: (style) this line is too long [-gnatyM]
gtk-toggle_button.ads:321:80: (style) this line is too long [-gnatyM]
gtk-toggle_button.ads:332:80: (style) this line is too long [-gnatyM]
   [Ada]          gtk-recent_chooser.adb
gtk-gentry.ads:115:80: (style) this line is too long [-gnatyM]
gtk-gentry.ads:132:80: (style) this line is too long [-gnatyM]
gtk-gentry.ads:135:80: (style) this line is too long [-gnatyM]
gtk-gentry.ads:211:80: (style) this line is too long [-gnatyM]
gtk-gentry.ads:225:80: (style) this line is too long [-gnatyM]
gtk-gentry.ads:250:80: (style) this line is too long [-gnatyM]
gtk-gentry.ads:996:80: (style) this line is too long [-gnatyM]
gtk-gentry.ads:1030:80: (style) this line is too long [-gnatyM]
gtk-gentry.ads:1034:80: (style) this line is too long [-gnatyM]
gtk-gentry.ads:1040:80: (style) this line is too long [-gnatyM]
gtk-gentry.ads:1056:80: (style) this line is too long [-gnatyM]
gtk-gentry.ads:1077:80: (style) this line is too long [-gnatyM]
gtk-gentry.ads:1090:80: (style) this line is too long [-gnatyM]
gtk-gentry.ads:1094:80: (style) this line is too long [-gnatyM]
gtk-gentry.ads:1100:80: (style) this line is too long [-gnatyM]
gtk-gentry.ads:1134:80: (style) this line is too long [-gnatyM]
gtk-gentry.ads:1212:80: (style) this line is too long [-gnatyM]
gtk-gentry.ads:1231:06: (style) trailing spaces not permitted [-gnatyb]
gtk-gentry.ads:1233:80: (style) this line is too long [-gnatyM]
gtk-gentry.ads:1236:80: (style) this line is too long [-gnatyM]
gtk-gentry.ads:1241:80: (style) this line is too long [-gnatyM]
gtk-gentry.ads:1257:06: (style) trailing spaces not permitted [-gnatyb]
gtk-gentry.ads:1274:06: (style) trailing spaces not permitted [-gnatyb]
gtk-gentry.ads:1303:80: (style) this line is too long [-gnatyM]
gtk-gentry.ads:1309:80: (style) this line is too long [-gnatyM]
gtk-gentry.ads:1340:06: (style) trailing spaces not permitted [-gnatyb]
gtk-gentry.ads:1342:80: (style) this line is too long [-gnatyM]
gtk-gentry.ads:1485:80: (style) this line is too long [-gnatyM]
gtk-gentry.ads:1487:80: (style) this line is too long [-gnatyM]
gtk-gentry.ads:1489:80: (style) this line is too long [-gnatyM]
gtk-gentry.ads:1493:80: (style) this line is too long [-gnatyM]
gtk-gentry.ads:1501:80: (style) this line is too long [-gnatyM]
gtk-gentry.ads:1509:80: (style) this line is too long [-gnatyM]
gtk-gentry.ads:1511:80: (style) this line is too long [-gnatyM]
gtk-gentry.ads:1513:80: (style) this line is too long [-gnatyM]
gtk-gentry.ads:1517:80: (style) this line is too long [-gnatyM]
gtk-gentry.ads:1525:80: (style) this line is too long [-gnatyM]
   [Ada]          gtk-actionable.adb
gtk-actionable.ads:49:16: (style) space required [-gnatyt]
gtk-actionable.ads:51:16: (style) space required [-gnatyt]
gtk-actionable.ads:159:80: (style) this line is too long [-gnatyM]
gtk-actionable.ads:165:80: (style) this line is too long [-gnatyM]
gtk-actionable.ads:189:80: (style) this line is too long [-gnatyM]
gtk-actionable.ads:216:80: (style) this line is too long [-gnatyM]
gtk-actionable.ads:221:80: (style) this line is too long [-gnatyM]
gtk-actionable.ads:226:80: (style) this line is too long [-gnatyM]
gtk-actionable.ads:231:80: (style) this line is too long [-gnatyM]
gtk-actionable.ads:240:01: (style) incorrect layout [-gnatyl]
   [Ada]          gtk-window.adb
gtk-tool_item_group.ads:46:80: (style) this line is too long [-gnatyM]
gtk-tool_item_group.ads:263:80: (style) this line is too long [-gnatyM]
gtk-tool_item_group.ads:274:80: (style) this line is too long [-gnatyM]
   [Ada]          pango-fontset.adb
pango-fontset.ads:91:80: (style) this line is too long [-gnatyM]
   [Ada]          gtk-tree_sortable.adb
gtk-popover.ads:272:80: (style) this line is too long [-gnatyM]
   [Ada]          gtk-spinner.adb
gtk-recent_chooser.ads:74:80: (style) this line is too long [-gnatyM]
gtk-recent_chooser.ads:89:80: (style) this line is too long [-gnatyM]
gtk-recent_chooser.ads:252:80: (style) this line is too long [-gnatyM]
gtk-recent_chooser.ads:372:80: (style) this line is too long [-gnatyM]
gtk-recent_chooser.ads:380:80: (style) this line is too long [-gnatyM]
gtk-recent_chooser.ads:425:80: (style) this line is too long [-gnatyM]
gtk-recent_chooser.ads:446:01: (style) incorrect layout [-gnatyl]
   [Ada]          gtk-gesture_drag.adb
   [Ada]          glib-cancellable.adb
gtk-tree_sortable.ads:80:80: (style) this line is too long [-gnatyM]
gtk-tree_sortable.ads:92:80: (style) this line is too long [-gnatyM]
gtk-tree_sortable.ads:135:80: (style) this line is too long [-gnatyM]
gtk-tree_sortable.ads:136:80: (style) this line is too long [-gnatyM]
gtk-tree_sortable.ads:139:80: (style) this line is too long [-gnatyM]
gtk-tree_sortable.ads:189:80: (style) this line is too long [-gnatyM]
gtk-tree_sortable.ads:190:80: (style) this line is too long [-gnatyM]
gtk-tree_sortable.ads:193:80: (style) this line is too long [-gnatyM]
gtk-tree_sortable.ads:219:80: (style) this line is too long [-gnatyM]
gtk-tree_sortable.ads:235:80: (style) this line is too long [-gnatyM]
gtk-tree_sortable.ads:240:80: (style) this line is too long [-gnatyM]
gtk-tree_sortable.ads:280:80: (style) this line is too long [-gnatyM]
gtk-tree_sortable.ads:336:80: (style) this line is too long [-gnatyM]
gtk-tree_sortable.ads:346:80: (style) this line is too long [-gnatyM]
gtk-tree_sortable.ads:351:80: (style) this line is too long [-gnatyM]
gtk-tree_sortable.ads:356:80: (style) this line is too long [-gnatyM]
gtk-tree_sortable.ads:361:80: (style) this line is too long [-gnatyM]
gtk-tree_sortable.ads:366:80: (style) this line is too long [-gnatyM]
gtk-tree_sortable.ads:371:80: (style) this line is too long [-gnatyM]
gtk-tree_sortable.ads:376:01: (style) incorrect layout [-gnatyl]
   [Ada]          gtk-invisible.adb
gtk-gesture_drag.ads:43:80: (style) this line is too long [-gnatyM]
gtk-gesture_drag.ads:122:06: (style) trailing spaces not permitted [-gnatyb]
gtk-gesture_drag.ads:138:06: (style) trailing spaces not permitted [-gnatyb]
gtk-gesture_drag.ads:154:06: (style) trailing spaces not permitted [-gnatyb]
   [Ada]          gtk-im_context_simple.adb
   [Ada]          gtk-text_tag_table.adb
gtk-im_context_simple.ads:31:80: (style) this line is too long [-gnatyM]
   [Ada]          gtk-application_window.adb
glib-cancellable.ads:31:06: warning: unnecessary with of ancestor [-gnatwr]
glib-cancellable.ads:133:80: (style) this line is too long [-gnatyM]
glib-cancellable.ads:134:80: (style) this line is too long [-gnatyM]
glib-cancellable.ads:135:80: (style) this line is too long [-gnatyM]
glib-cancellable.ads:136:80: (style) this line is too long [-gnatyM]
glib-cancellable.ads:140:80: (style) this line is too long [-gnatyM]
glib-cancellable.ads:255:80: (style) this line is too long [-gnatyM]
   [Ada]          gtk-viewport.adb
gtk-window.ads:178:80: (style) this line is too long [-gnatyM]
gtk-window.ads:1029:80: (style) this line is too long [-gnatyM]
gtk-window.ads:1435:80: (style) this line is too long [-gnatyM]
gtk-window.ads:1496:80: (style) this line is too long [-gnatyM]
gtk-window.ads:1554:06: (style) trailing spaces not permitted [-gnatyb]
gtk-window.ads:1610:80: (style) this line is too long [-gnatyM]
gtk-window.ads:1648:80: (style) this line is too long [-gnatyM]
   [Ada]          gtk-color_button.adb
   [Ada]          gtk-color_chooser.adb
gtk-application_window.ads:118:80: (style) this line is too long [-gnatyM]
gtk-application_window.ads:119:80: (style) this line is too long [-gnatyM]
gtk-application_window.ads:127:80: (style) this line is too long [-gnatyM]
gtk-application_window.ads:130:80: (style) this line is too long [-gnatyM]
gtk-application_window.ads:138:80: (style) this line is too long [-gnatyM]
gtk-application_window.ads:286:80: (style) this line is too long [-gnatyM]
gtk-application_window.ads:297:80: (style) this line is too long [-gnatyM]
gtk-application_window.ads:308:80: (style) this line is too long [-gnatyM]
   [Ada]          gtk-cell_area_box.adb
gtk-text_tag_table.ads:113:80: (style) this line is too long [-gnatyM]
gtk-text_tag_table.ads:166:80: (style) this line is too long [-gnatyM]
gtk-text_tag_table.ads:186:06: (style) trailing spaces not permitted [-gnatyb]
gtk-text_tag_table.ads:210:80: (style) this line is too long [-gnatyM]
   [Ada]          gtk-target_entry.adb
gtk-target_entry.ads:45:80: (style) this line is too long [-gnatyM]
   [Ada]          gtk-menu_shell.adb
gtk-cell_area_box.ads:68:80: (style) this line is too long [-gnatyM]
gtk-cell_area_box.ads:116:80: (style) this line is too long [-gnatyM]
gtk-cell_area_box.ads:133:80: (style) this line is too long [-gnatyM]
gtk-cell_area_box.ads:150:80: (style) this line is too long [-gnatyM]
gtk-cell_area_box.ads:168:80: (style) this line is too long [-gnatyM]
gtk-cell_area_box.ads:172:80: (style) this line is too long [-gnatyM]
gtk-cell_area_box.ads:182:80: (style) this line is too long [-gnatyM]
gtk-cell_area_box.ads:183:80: (style) this line is too long [-gnatyM]
gtk-cell_area_box.ads:207:80: (style) this line is too long [-gnatyM]
gtk-cell_area_box.ads:215:80: (style) this line is too long [-gnatyM]
gtk-cell_area_box.ads:223:80: (style) this line is too long [-gnatyM]
gtk-cell_area_box.ads:228:80: (style) this line is too long [-gnatyM]
gtk-cell_area_box.ads:233:80: (style) this line is too long [-gnatyM]
gtk-cell_area_box.ads:265:80: (style) this line is too long [-gnatyM]
gtk-cell_area_box.ads:276:80: (style) this line is too long [-gnatyM]
gtk-cell_area_box.ads:287:80: (style) this line is too long [-gnatyM]
   [Ada]          gtk-tool_item.adb
gtk-color_button.ads:314:80: (style) this line is too long [-gnatyM]
gtk-color_button.ads:325:80: (style) this line is too long [-gnatyM]
gtk-color_button.ads:347:80: (style) this line is too long [-gnatyM]
   [C]            misc.c
gtk-color_chooser.ads:197:80: (style) this line is too long [-gnatyM]
gtk-color_chooser.ads:200:80: (style) this line is too long [-gnatyM]
gtk-color_chooser.ads:206:80: (style) this line is too long [-gnatyM]
gtk-color_chooser.ads:222:80: (style) this line is too long [-gnatyM]
gtk-color_chooser.ads:241:01: (style) incorrect layout [-gnatyl]
   [C]            misc_generated.c
gtk-menu_shell.ads:262:80: (style) this line is too long [-gnatyM]
gtk-menu_shell.ads:339:06: (style) trailing spaces not permitted [-gnatyb]
gtk-menu_shell.ads:344:80: (style) this line is too long [-gnatyM]
gtk-menu_shell.ads:385:06: (style) trailing spaces not permitted [-gnatyb]
gtk-menu_shell.ads:387:80: (style) this line is too long [-gnatyM]
gtk-tool_item.ads:174:80: (style) this line is too long [-gnatyM]
gtk-tool_item.ads:407:06: (style) trailing spaces not permitted [-gnatyb]
gtk-tool_item.ads:411:80: (style) this line is too long [-gnatyM]
gtk-tool_item.ads:416:80: (style) this line is too long [-gnatyM]
Build Libraries
   [gprlib]       gtkada.lexch
   [archive]      libgtkada.a
   [index]        libgtkada.a
====== Building static-pic libraries =====
/root/.local/share/alire/toolchains/gprbuild_22.0.1_24dfc1b5/bin/gprbuild  -j0 -m -p  -XLIBRARY_TYPE=static-pic -Psrc/gtkada.gpr
Setup
   [mkdir]        object directory for project GtkAda
   [mkdir]        library directory for project GtkAda
Compile
   [Ada]          gtkada-handlers.ads
   [Ada]          gtkada-intl.adb
   [Ada]          fontconfig.adb
   [Ada]          glib-module.adb
   [Ada]          pango.ads
   [Ada]          gdk-pixbuf.adb
   [Ada]          gdk-cairo.adb
   [Ada]          glib-type_conversion_hooks.adb
   [Ada]          glib-error.adb
   [Ada]          gtkada-abstract_tree_model.adb
   [Ada]          glib-properties-creation.adb
   [Ada]          glib-convert.adb
   [Ada]          glib-graphs-layouts.adb
   [Ada]          gtkada-abstract_list_model.adb
   [Ada]          pango-cairo.adb
   [Ada]          gtkada-multi_paned.adb
   [Ada]          glib-properties.adb
   [Ada]          gtkada-canvas_view-astar.adb
   [Ada]          gdk-types-keysyms.ads
gtkada-abstract_tree_model.adb:24:09: warning: unit "Ada.Unchecked_Conversion" is not referenced [-gnatwu]
   [Ada]          glib-main.adb
   [Ada]          cairo-surface.adb
   [Ada]          cairo-image_surface.adb
   [Ada]          gtkada-canvas_view-links.adb
   [Ada]          cairo-svg.adb
   [Ada]          gtk-dnd.adb
   [Ada]          glib-types.adb
   [Ada]          gtk-text_child.adb
   [Ada]          gtkada-application.adb
   [Ada]          cairo.adb
gtk-text_child.ads:32:06: warning: unnecessary with of ancestor [-gnatwr]
   [Ada]          gdk-visual.adb
   [Ada]          gdk-rectangle.adb
   [Ada]          gtkada-pixmaps.ads
gdk-visual.ads:33:06: warning: renamed predefined unit is an obsolescent feature (RM J.1) [-gnatwj]
   [Ada]          gtkada-printing.adb
   [Ada]          gtk-marshallers.adb
   [Ada]          gdk.ads
   [Ada]          gtkada-builder.adb
   [Ada]          gtk.ads
   [Ada]          glib-messages.adb
   [Ada]          gtkada-multiline_entry.adb
   [Ada]          gdk-color.adb
   [Ada]          glib-unicode.adb
   [Ada]          glib-glist.adb
   [Ada]          gdk-types.ads
gtkada-printing.adb:26:06: warning: renamed predefined unit is an obsolescent feature (RM J.1) [-gnatwj]
   [Ada]          cairo-matrix.ads
   [Ada]          gtkada-mdi.adb
   [Ada]          cairo-pdf.adb
   [Ada]          cairo-region.adb
   [Ada]          gtkada-file_selection.adb
   [Ada]          gtk-bindings.adb
   [Ada]          cairo-scaled_font.ads
   [Ada]          gtkada-canvas_view-models-layers.adb
   [Ada]          gdk-window_attr.adb
   [Ada]          glib-enums.ads
   [Ada]          gdk-threads.ads
   [Ada]          gdk-keyval.adb
   [Ada]          glib-xml_int.ads
   [Ada]          gtkada-canvas_view-views.adb
   [Ada]          glib-gslist.adb
   [Ada]          gtkada-canvas_view-models.adb
   [Ada]          cairo-font_options.adb
   [Ada]          gtkada-canvas_view-rtrees.adb
   [Ada]          gdk-main.adb
   [Ada]          gdk-display_manager.adb
   [Ada]          gdk-dnd.adb
   [Ada]          cairo-png.adb
   [Ada]          glib-object.adb
gdk-dnd.adb:28:06: warning: unnecessary with of ancestor [-gnatwr]
   [Ada]          gtkada-dialogs.adb
glib-object.adb:24:06: warning: renamed predefined unit is an obsolescent feature (RM J.1) [-gnatwj]
glib-object.adb:25:06: warning: renamed predefined unit is an obsolescent feature (RM J.1) [-gnatwj]
glib-object.adb:322:33: warning: aspect Unreferenced specified for "Ignored" [enabled by default]
   [Ada]          glib.adb
   [Ada]          gtkada-canvas_view.adb
   [Ada]          glib-values.adb
   [Ada]          gtkada-c.adb
   [Ada]          gtkada-canvas.adb
   [Ada]          cairo-font_face.ads
   [Ada]          gtk-arguments.adb
   [Ada]          gtk-type_conversion.adb
   [Ada]          gtk-handlers.adb
gtk-handlers.adb:27:06: warning: renamed predefined unit is an obsolescent feature (RM J.1) [-gnatwj]
gtk-handlers.ads:179:06: warning: renamed predefined unit is an obsolescent feature (RM J.1) [-gnatwj]
   [Ada]          glib-generic_properties.adb
glib-generic_properties.adb:26:06: warning: renamed predefined unit is an obsolescent feature (RM J.1) [-gnatwj]
   [Ada]          gtkada-style.adb
   [Ada]          gtkada.ads
   [Ada]          gdk-property.adb
gtkada-canvas.adb:28:06: warning: renamed predefined unit is an obsolescent feature (RM J.1) [-gnatwj]
gtkada-canvas.adb:77:04: warning: use clause for type "Gdk_Window" defined at gdk.ads:43 has no effect [-gnatwu]
   [Ada]          glib-graphs.adb
   [Ada]          gtkada-bindings.adb
   [Ada]          gdk-input.ads
   [Ada]          glib-gnodes.adb
glib-gnodes.adb:25:06: warning: renamed predefined unit is an obsolescent feature (RM J.1) [-gnatwj]
   [Ada]          gtk-rc.adb
   [Ada]          cairo-pattern.ads
glib-graphs.adb:24:06: warning: renamed predefined unit is an obsolescent feature (RM J.1) [-gnatwj]
   [Ada]          glib-xml.adb
   [Ada]          gtk-tree_model-utils.adb
glib-xml.adb:662:28: warning: aspect Unreferenced specified for "Success" [enabled by default]
glib-xml.ads:33:06: warning: renamed predefined unit is an obsolescent feature (RM J.1) [-gnatwj]
   [Ada]          gtkada-types.adb
   [Ada]          gtkada-canvas_view-objects.adb
   [Ada]          glib-key_file.adb
   [Ada]          gtk-check_menu_item.adb
   [Ada]          gtk-tree_drag_source.adb
   [Ada]          gtk-search_entry.adb
gtk-tree_drag_source.ads:159:80: (style) this line is too long [-gnatyM]
gtk-tree_drag_source.ads:164:80: (style) this line is too long [-gnatyM]
gtk-tree_drag_source.ads:169:80: (style) this line is too long [-gnatyM]
gtk-tree_drag_source.ads:174:80: (style) this line is too long [-gnatyM]
gtk-tree_drag_source.ads:179:01: (style) incorrect layout [-gnatyl]
   [Ada]          gtk-list_store.adb
gtk-check_menu_item.ads:49:80: (style) this line is too long [-gnatyM]
gtk-check_menu_item.ads:255:80: (style) this line is too long [-gnatyM]
gtk-check_menu_item.ads:266:80: (style) this line is too long [-gnatyM]
gtk-check_menu_item.ads:277:80: (style) this line is too long [-gnatyM]
   [Ada]          gtk-text_attributes.adb
gtk-text_attributes.ads:53:80: (style) this line is too long [-gnatyM]
gtk-text_attributes.ads:82:80: (style) this line is too long [-gnatyM]
   [Ada]          gtk-file_chooser_button.adb
gtk-search_entry.ads:197:80: (style) this line is too long [-gnatyM]
   [Ada]          gtk-print_operation.adb
gtk-list_store.adb:536:07: warning: useless assignment to "Iter", value overwritten at line 538 [-gnatwm]
gtk-list_store.ads:138:80: (style) this line is too long [-gnatyM]
gtk-list_store.ads:361:80: (style) this line is too long [-gnatyM]
gtk-list_store.ads:397:80: (style) this line is too long [-gnatyM]
gtk-list_store.ads:398:80: (style) this line is too long [-gnatyM]
gtk-list_store.ads:401:80: (style) this line is too long [-gnatyM]
gtk-list_store.ads:413:80: (style) this line is too long [-gnatyM]
gtk-list_store.ads:451:80: (style) this line is too long [-gnatyM]
gtk-list_store.ads:452:80: (style) this line is too long [-gnatyM]
gtk-list_store.ads:455:80: (style) this line is too long [-gnatyM]
gtk-list_store.ads:467:80: (style) this line is too long [-gnatyM]
gtk-list_store.ads:708:80: (style) this line is too long [-gnatyM]
gtk-list_store.ads:719:80: (style) this line is too long [-gnatyM]
gtk-list_store.ads:741:80: (style) this line is too long [-gnatyM]
   [Ada]          gtk-gesture_rotate.adb
gtk-file_chooser_button.ads:70:80: (style) this line is too long [-gnatyM]
gtk-file_chooser_button.ads:250:80: (style) this line is too long [-gnatyM]
gtk-file_chooser_button.ads:462:80: (style) this line is too long [-gnatyM]
gtk-file_chooser_button.ads:473:80: (style) this line is too long [-gnatyM]
gtk-file_chooser_button.ads:484:80: (style) this line is too long [-gnatyM]
   [Ada]          gtk-box.adb
gtk-gesture_rotate.ads:108:06: (style) trailing spaces not permitted [-gnatyb]
   [Ada]          gtk-main.adb
gtk-box.ads:358:80: (style) this line is too long [-gnatyM]
gtk-box.ads:400:80: (style) this line is too long [-gnatyM]
   [Ada]          gtk-theming_engine.adb
   [Ada]          gtk-color_selection.adb
   [Ada]          gtk-cell_editable.adb
gtk-print_operation.ads:150:80: (style) this line is too long [-gnatyM]
gtk-print_operation.ads:154:80: (style) this line is too long [-gnatyM]
gtk-print_operation.ads:281:80: (style) this line is too long [-gnatyM]
gtk-print_operation.ads:641:80: (style) this line is too long [-gnatyM]
gtk-print_operation.ads:643:80: (style) this line is too long [-gnatyM]
gtk-print_operation.ads:647:80: (style) this line is too long [-gnatyM]
gtk-print_operation.ads:675:80: (style) this line is too long [-gnatyM]
gtk-print_operation.ads:696:06: (style) trailing spaces not permitted [-gnatyb]
gtk-print_operation.ads:709:80: (style) this line is too long [-gnatyM]
gtk-print_operation.ads:726:80: (style) this line is too long [-gnatyM]
gtk-print_operation.ads:755:80: (style) this line is too long [-gnatyM]
gtk-print_operation.ads:757:80: (style) this line is too long [-gnatyM]
gtk-print_operation.ads:762:80: (style) this line is too long [-gnatyM]
gtk-print_operation.ads:798:06: (style) trailing spaces not permitted [-gnatyb]
gtk-print_operation.ads:818:80: (style) this line is too long [-gnatyM]
gtk-print_operation.ads:820:80: (style) this line is too long [-gnatyM]
gtk-print_operation.ads:825:80: (style) this line is too long [-gnatyM]
gtk-print_operation.ads:850:06: (style) trailing spaces not permitted [-gnatyb]
gtk-print_operation.ads:856:80: (style) this line is too long [-gnatyM]
gtk-print_operation.ads:859:80: (style) this line is too long [-gnatyM]
gtk-print_operation.ads:863:80: (style) this line is too long [-gnatyM]
gtk-print_operation.ads:866:80: (style) this line is too long [-gnatyM]
gtk-print_operation.ads:873:80: (style) this line is too long [-gnatyM]
gtk-print_operation.ads:877:80: (style) this line is too long [-gnatyM]
gtk-print_operation.ads:896:06: (style) trailing spaces not permitted [-gnatyb]
gtk-print_operation.ads:898:80: (style) this line is too long [-gnatyM]
gtk-print_operation.ads:900:80: (style) this line is too long [-gnatyM]
gtk-print_operation.ads:901:80: (style) this line is too long [-gnatyM]
gtk-print_operation.ads:902:80: (style) this line is too long [-gnatyM]
gtk-print_operation.ads:904:80: (style) this line is too long [-gnatyM]
gtk-print_operation.ads:906:80: (style) this line is too long [-gnatyM]
gtk-print_operation.ads:910:80: (style) this line is too long [-gnatyM]
gtk-print_operation.ads:912:80: (style) this line is too long [-gnatyM]
gtk-print_operation.ads:916:80: (style) this line is too long [-gnatyM]
gtk-print_operation.ads:919:80: (style) this line is too long [-gnatyM]
gtk-print_operation.ads:929:06: (style) trailing spaces not permitted [-gnatyb]
gtk-print_operation.ads:957:80: (style) this line is too long [-gnatyM]
gtk-print_operation.ads:961:80: (style) this line is too long [-gnatyM]
gtk-print_operation.ads:963:80: (style) this line is too long [-gnatyM]
gtk-print_operation.ads:967:80: (style) this line is too long [-gnatyM]
gtk-print_operation.ads:969:80: (style) this line is too long [-gnatyM]
gtk-print_operation.ads:972:80: (style) this line is too long [-gnatyM]
gtk-print_operation.ads:982:06: (style) trailing spaces not permitted [-gnatyb]
gtk-print_operation.ads:996:80: (style) this line is too long [-gnatyM]
   [Ada]          gdk-frame_clock.adb
   [Ada]          gtk-cell_renderer_spinner.adb
gtk-cell_renderer_spinner.ads:47:80: (style) this line is too long [-gnatyM]
gtk-cell_renderer_spinner.ads:48:80: (style) this line is too long [-gnatyM]
   [Ada]          gtk-cell_renderer.adb
gtk-cell_editable.ads:85:80: (style) this line is too long [-gnatyM]
gtk-cell_editable.ads:146:80: (style) this line is too long [-gnatyM]
gtk-cell_editable.ads:150:80: (style) this line is too long [-gnatyM]
gtk-cell_editable.ads:168:80: (style) this line is too long [-gnatyM]
gtk-cell_editable.ads:173:80: (style) this line is too long [-gnatyM]
gtk-cell_editable.ads:178:80: (style) this line is too long [-gnatyM]
gtk-cell_editable.ads:185:01: (style) incorrect layout [-gnatyl]
   [Ada]          gtk-separator.adb
gtk-color_selection.ads:203:33: (style) space required [-gnatyt]
gtk-color_selection.ads:306:80: (style) this line is too long [-gnatyM]
gtk-color_selection.ads:317:80: (style) this line is too long [-gnatyM]
   [Ada]          gtk-orientable.adb
gdk-frame_clock.ads:93:80: (style) this line is too long [-gnatyM]
   [Ada]          gtk-button_box.adb
gtk-orientable.ads:95:01: (style) incorrect layout [-gnatyl]
   [Ada]          gtk-event_controller.adb
   [Ada]          gtk-font_chooser.adb
gtk-event_controller.ads:98:80: (style) this line is too long [-gnatyM]
gtk-event_controller.ads:108:80: (style) this line is too long [-gnatyM]
   [Ada]          gtk-im_multi_context.adb
   [Ada]          gtk-bin.adb
gtk-cell_renderer.ads:104:80: (style) this line is too long [-gnatyM]
gtk-cell_renderer.ads:105:80: (style) this line is too long [-gnatyM]
gtk-cell_renderer.ads:106:80: (style) this line is too long [-gnatyM]
gtk-cell_renderer.ads:114:80: (style) this line is too long [-gnatyM]
gtk-cell_renderer.ads:118:80: (style) this line is too long [-gnatyM]
gtk-cell_renderer.ads:482:80: (style) this line is too long [-gnatyM]
gtk-cell_renderer.ads:487:80: (style) this line is too long [-gnatyM]
gtk-cell_renderer.ads:515:06: (style) trailing spaces not permitted [-gnatyb]
gtk-cell_renderer.ads:535:80: (style) this line is too long [-gnatyM]
   [Ada]          gtk-clipboard.adb
gtk-im_multi_context.ads:32:80: (style) this line is too long [-gnatyM]
   [Ada]          pango-font_face.adb
   [Ada]          gtk-container.adb
   [Ada]          gtk-calendar.adb
gtk-font_chooser.ads:42:16: (style) space required [-gnatyt]
gtk-font_chooser.ads:44:16: (style) space required [-gnatyt]
gtk-font_chooser.ads:56:80: (style) this line is too long [-gnatyM]
gtk-font_chooser.ads:165:80: (style) this line is too long [-gnatyM]
gtk-font_chooser.ads:168:80: (style) this line is too long [-gnatyM]
gtk-font_chooser.ads:251:80: (style) this line is too long [-gnatyM]
gtk-font_chooser.ads:258:80: (style) this line is too long [-gnatyM]
gtk-font_chooser.ads:265:80: (style) this line is too long [-gnatyM]
gtk-font_chooser.ads:288:80: (style) this line is too long [-gnatyM]
gtk-font_chooser.ads:293:80: (style) this line is too long [-gnatyM]
gtk-font_chooser.ads:298:80: (style) this line is too long [-gnatyM]
gtk-font_chooser.ads:303:80: (style) this line is too long [-gnatyM]
gtk-font_chooser.ads:308:80: (style) this line is too long [-gnatyM]
gtk-font_chooser.ads:321:01: (style) incorrect layout [-gnatyl]
   [Ada]          gtk-file_filter.adb
gtk-file_filter.ads:91:80: (style) this line is too long [-gnatyM]
gtk-file_filter.ads:100:80: (style) this line is too long [-gnatyM]
gtk-file_filter.ads:112:80: (style) this line is too long [-gnatyM]
gtk-file_filter.ads:179:80: (style) this line is too long [-gnatyM]
   [Ada]          gtk-activatable.adb
gtk-activatable.ads:321:80: (style) this line is too long [-gnatyM]
gtk-activatable.ads:326:01: (style) incorrect layout [-gnatyl]
   [Ada]          gtk-file_chooser_dialog.adb
gtk-clipboard.ads:464:80: (style) this line is too long [-gnatyM]
   [Ada]          gtk-switch.adb
gtk-calendar.ads:101:80: (style) this line is too long [-gnatyM]
gtk-calendar.ads:235:80: (style) this line is too long [-gnatyM]
gtk-calendar.ads:320:80: (style) this line is too long [-gnatyM]
gtk-calendar.ads:337:80: (style) this line is too long [-gnatyM]
   [Ada]          gtk-style.adb
gtk-container.ads:301:80: (style) this line is too long [-gnatyM]
gtk-container.ads:338:80: (style) this line is too long [-gnatyM]
gtk-container.ads:403:80: (style) this line is too long [-gnatyM]
gtk-container.ads:423:80: (style) this line is too long [-gnatyM]
gtk-container.ads:568:80: (style) this line is too long [-gnatyM]
   [Ada]          gtk-tree_model_sort.adb
gtk-file_chooser_dialog.ads:130:80: (style) this line is too long [-gnatyM]
gtk-file_chooser_dialog.ads:153:80: (style) this line is too long [-gnatyM]
gtk-file_chooser_dialog.ads:154:80: (style) this line is too long [-gnatyM]
gtk-file_chooser_dialog.ads:258:80: (style) this line is too long [-gnatyM]
gtk-file_chooser_dialog.ads:413:80: (style) this line is too long [-gnatyM]
gtk-file_chooser_dialog.ads:424:80: (style) this line is too long [-gnatyM]
   [Ada]          gtk-file_chooser_widget.adb
gtk-switch.ads:173:80: (style) this line is too long [-gnatyM]
gtk-switch.ads:224:06: (style) trailing spaces not permitted [-gnatyb]
   [Ada]          gtk-recent_chooser_widget.adb
gtk-style.ads:199:80: (style) this line is too long [-gnatyM]
   [Ada]          gtk-arrow.adb
gtk-tree_model_sort.ads:111:80: (style) this line is too long [-gnatyM]
gtk-tree_model_sort.ads:274:80: (style) this line is too long [-gnatyM]
gtk-tree_model_sort.ads:310:80: (style) this line is too long [-gnatyM]
gtk-tree_model_sort.ads:311:80: (style) this line is too long [-gnatyM]
gtk-tree_model_sort.ads:314:80: (style) this line is too long [-gnatyM]
gtk-tree_model_sort.ads:326:80: (style) this line is too long [-gnatyM]
gtk-tree_model_sort.ads:364:80: (style) this line is too long [-gnatyM]
gtk-tree_model_sort.ads:365:80: (style) this line is too long [-gnatyM]
gtk-tree_model_sort.ads:368:80: (style) this line is too long [-gnatyM]
gtk-tree_model_sort.ads:380:80: (style) this line is too long [-gnatyM]
gtk-tree_model_sort.ads:560:80: (style) this line is too long [-gnatyM]
gtk-tree_model_sort.ads:571:80: (style) this line is too long [-gnatyM]
gtk-tree_model_sort.ads:582:80: (style) this line is too long [-gnatyM]
   [Ada]          gtk-font_selection.adb
   [Ada]          glib-simple_action_group.adb
gtk-file_chooser_widget.ads:46:80: (style) this line is too long [-gnatyM]
gtk-file_chooser_widget.ads:144:80: (style) this line is too long [-gnatyM]
gtk-file_chooser_widget.ads:364:80: (style) this line is too long [-gnatyM]
gtk-file_chooser_widget.ads:395:80: (style) this line is too long [-gnatyM]
gtk-file_chooser_widget.ads:413:80: (style) this line is too long [-gnatyM]
gtk-file_chooser_widget.ads:543:80: (style) this line is too long [-gnatyM]
gtk-file_chooser_widget.ads:554:80: (style) this line is too long [-gnatyM]
gtk-file_chooser_widget.ads:565:80: (style) this line is too long [-gnatyM]
   [Ada]          glib-spawn.adb
glib-simple_action_group.ads:33:06: warning: unnecessary with of ancestor [-gnatwr]
glib-simple_action_group.ads:214:80: (style) this line is too long [-gnatyM]
glib-simple_action_group.ads:225:80: (style) this line is too long [-gnatyM]
   [Ada]          gdk-device_manager.adb
gtk-recent_chooser_widget.ads:54:80: (style) this line is too long [-gnatyM]
gtk-recent_chooser_widget.ads:55:80: (style) this line is too long [-gnatyM]
gtk-recent_chooser_widget.ads:87:80: (style) this line is too long [-gnatyM]
gtk-recent_chooser_widget.ads:90:80: (style) this line is too long [-gnatyM]
gtk-recent_chooser_widget.ads:102:80: (style) this line is too long [-gnatyM]
gtk-recent_chooser_widget.ads:146:80: (style) this line is too long [-gnatyM]
gtk-recent_chooser_widget.ads:182:80: (style) this line is too long [-gnatyM]
gtk-recent_chooser_widget.ads:278:80: (style) this line is too long [-gnatyM]
gtk-recent_chooser_widget.ads:306:80: (style) this line is too long [-gnatyM]
gtk-recent_chooser_widget.ads:317:80: (style) this line is too long [-gnatyM]
gtk-recent_chooser_widget.ads:328:80: (style) this line is too long [-gnatyM]
   [Ada]          gtk-flow_box_child.adb
   [Ada]          gtk-gesture_pan.adb
gtk-font_selection.ads:207:80: (style) this line is too long [-gnatyM]
gtk-font_selection.ads:218:80: (style) this line is too long [-gnatyM]
   [Ada]          gtk-tree_view.adb
   [Ada]          gtk-list_box_row.adb
gtk-flow_box_child.ads:126:80: (style) this line is too long [-gnatyM]
   [Ada]          gtk-buildable.adb
gtk-gesture_pan.ads:116:80: (style) this line is too long [-gnatyM]
gtk-gesture_pan.ads:138:06: (style) trailing spaces not permitted [-gnatyb]
   [Ada]          gtk-color_chooser_dialog.adb
gtk-buildable.ads:168:01: (style) incorrect layout [-gnatyl]
   [Ada]          gtk-vbutton_box.adb
gtk-list_box_row.ads:40:80: (style) this line is too long [-gnatyM]
gtk-list_box_row.ads:41:80: (style) this line is too long [-gnatyM]
gtk-list_box_row.ads:42:80: (style) this line is too long [-gnatyM]
   [Ada]          gtk-gesture_long_press.adb
   [Ada]          gtk-scrolled_window.adb
gtk-color_chooser_dialog.ads:44:80: (style) this line is too long [-gnatyM]
gtk-color_chooser_dialog.ads:45:80: (style) this line is too long [-gnatyM]
gtk-color_chooser_dialog.ads:126:80: (style) this line is too long [-gnatyM]
gtk-color_chooser_dialog.ads:137:80: (style) this line is too long [-gnatyM]
   [Ada]          pango-tabs.adb
pango-tabs.ads:40:80: (style) this line is too long [-gnatyM]
pango-tabs.ads:128:80: (style) this line is too long [-gnatyM]
   [Ada]          gtk-recent_action.adb
gtk-tree_view.ads:118:80: (style) this line is too long [-gnatyM]
gtk-tree_view.ads:119:80: (style) this line is too long [-gnatyM]
gtk-tree_view.ads:143:80: (style) this line is too long [-gnatyM]
gtk-tree_view.ads:144:80: (style) this line is too long [-gnatyM]
gtk-tree_view.ads:145:80: (style) this line is too long [-gnatyM]
gtk-tree_view.ads:202:80: (style) this line is too long [-gnatyM]
gtk-tree_view.ads:245:80: (style) this line is too long [-gnatyM]
gtk-tree_view.ads:413:80: (style) this line is too long [-gnatyM]
gtk-tree_view.ads:441:80: (style) this line is too long [-gnatyM]
gtk-tree_view.ads:489:80: (style) this line is too long [-gnatyM]
gtk-tree_view.ads:573:80: (style) this line is too long [-gnatyM]
gtk-tree_view.ads:974:80: (style) this line is too long [-gnatyM]
gtk-tree_view.ads:987:80: (style) this line is too long [-gnatyM]
gtk-tree_view.ads:1009:80: (style) this line is too long [-gnatyM]
gtk-tree_view.ads:1010:80: (style) this line is too long [-gnatyM]
gtk-tree_view.ads:1021:80: (style) this line is too long [-gnatyM]
gtk-tree_view.ads:1031:80: (style) this line is too long [-gnatyM]
gtk-tree_view.ads:1124:80: (style) this line is too long [-gnatyM]
gtk-tree_view.ads:1125:80: (style) this line is too long [-gnatyM]
gtk-tree_view.ads:1134:80: (style) this line is too long [-gnatyM]
gtk-tree_view.ads:1142:80: (style) this line is too long [-gnatyM]
gtk-tree_view.ads:1157:80: (style) this line is too long [-gnatyM]
gtk-tree_view.ads:1219:80: (style) this line is too long [-gnatyM]
gtk-tree_view.ads:1220:80: (style) this line is too long [-gnatyM]
gtk-tree_view.ads:1221:80: (style) this line is too long [-gnatyM]
gtk-tree_view.ads:1222:80: (style) this line is too long [-gnatyM]
gtk-tree_view.ads:1225:80: (style) this line is too long [-gnatyM]
gtk-tree_view.ads:1226:80: (style) this line is too long [-gnatyM]
gtk-tree_view.ads:1228:80: (style) this line is too long [-gnatyM]
gtk-tree_view.ads:1230:80: (style) this line is too long [-gnatyM]
gtk-tree_view.ads:1234:80: (style) this line is too long [-gnatyM]
gtk-tree_view.ads:1236:80: (style) this line is too long [-gnatyM]
gtk-tree_view.ads:1264:80: (style) this line is too long [-gnatyM]
gtk-tree_view.ads:1330:80: (style) this line is too long [-gnatyM]
gtk-tree_view.ads:1331:80: (style) this line is too long [-gnatyM]
gtk-tree_view.ads:1363:80: (style) this line is too long [-gnatyM]
gtk-tree_view.ads:1364:80: (style) this line is too long [-gnatyM]
gtk-tree_view.ads:1374:80: (style) this line is too long [-gnatyM]
gtk-tree_view.ads:1393:80: (style) this line is too long [-gnatyM]
gtk-tree_view.ads:1413:80: (style) this line is too long [-gnatyM]
gtk-tree_view.ads:1506:80: (style) this line is too long [-gnatyM]
gtk-tree_view.ads:1510:80: (style) this line is too long [-gnatyM]
gtk-tree_view.ads:1572:80: (style) this line is too long [-gnatyM]
gtk-tree_view.ads:1601:80: (style) this line is too long [-gnatyM]
gtk-tree_view.ads:1613:80: (style) this line is too long [-gnatyM]
gtk-tree_view.ads:1623:06: (style) trailing spaces not permitted [-gnatyb]
gtk-tree_view.ads:1626:80: (style) this line is too long [-gnatyM]
gtk-tree_view.ads:1656:06: (style) trailing spaces not permitted [-gnatyb]
gtk-tree_view.ads:1658:80: (style) this line is too long [-gnatyM]
gtk-tree_view.ads:1660:80: (style) this line is too long [-gnatyM]
gtk-tree_view.ads:1664:80: (style) this line is too long [-gnatyM]
gtk-tree_view.ads:1665:80: (style) this line is too long [-gnatyM]
gtk-tree_view.ads:1668:80: (style) this line is too long [-gnatyM]
gtk-tree_view.ads:1671:80: (style) this line is too long [-gnatyM]
gtk-tree_view.ads:1673:80: (style) this line is too long [-gnatyM]
gtk-tree_view.ads:1676:80: (style) this line is too long [-gnatyM]
gtk-tree_view.ads:1698:06: (style) trailing spaces not permitted [-gnatyb]
gtk-tree_view.ads:1701:80: (style) this line is too long [-gnatyM]
gtk-tree_view.ads:1704:80: (style) this line is too long [-gnatyM]
gtk-tree_view.ads:1709:80: (style) this line is too long [-gnatyM]
gtk-tree_view.ads:1725:06: (style) trailing spaces not permitted [-gnatyb]
gtk-tree_view.ads:1741:06: (style) trailing spaces not permitted [-gnatyb]
gtk-tree_view.ads:1764:80: (style) this line is too long [-gnatyM]
gtk-tree_view.ads:1794:80: (style) this line is too long [-gnatyM]
gtk-tree_view.ads:1805:80: (style) this line is too long [-gnatyM]
gtk-tree_view.ads:1810:80: (style) this line is too long [-gnatyM]
gtk-tree_view.ads:1828:06: (style) trailing spaces not permitted [-gnatyb]
gtk-tree_view.ads:1846:06: (style) trailing spaces not permitted [-gnatyb]
gtk-tree_view.ads:1938:80: (style) this line is too long [-gnatyM]
gtk-tree_view.ads:1940:80: (style) this line is too long [-gnatyM]
   [Ada]          gtk-font_chooser_dialog.adb
gtk-gesture_long_press.ads:45:80: (style) this line is too long [-gnatyM]
gtk-gesture_long_press.ads:46:80: (style) this line is too long [-gnatyM]
gtk-gesture_long_press.ads:99:80: (style) this line is too long [-gnatyM]
gtk-gesture_long_press.ads:121:06: (style) trailing spaces not permitted [-gnatyb]
gtk-gesture_long_press.ads:123:80: (style) this line is too long [-gnatyM]
gtk-gesture_long_press.ads:125:80: (style) this line is too long [-gnatyM]
   [Ada]          glib-iochannel.adb
glib-iochannel.ads:33:06: warning: unnecessary with of ancestor [-gnatwr]
glib-iochannel.ads:149:80: (style) this line is too long [-gnatyM]
glib-iochannel.ads:233:80: (style) this line is too long [-gnatyM]
   [Ada]          gtk-css_section.adb
gtk-css_section.ads:41:80: (style) this line is too long [-gnatyM]
gtk-css_section.ads:69:80: (style) this line is too long [-gnatyM]
gtk-css_section.ads:138:80: (style) this line is too long [-gnatyM]
   [Ada]          gtk-hsv.adb
gtk-scrolled_window.ads:177:80: (style) this line is too long [-gnatyM]
gtk-scrolled_window.ads:297:80: (style) this line is too long [-gnatyM]
gtk-scrolled_window.ads:354:80: (style) this line is too long [-gnatyM]
gtk-scrolled_window.ads:379:80: (style) this line is too long [-gnatyM]
gtk-scrolled_window.ads:403:06: (style) trailing spaces not permitted [-gnatyb]
gtk-scrolled_window.ads:405:80: (style) this line is too long [-gnatyM]
gtk-scrolled_window.ads:406:80: (style) this line is too long [-gnatyM]
gtk-scrolled_window.ads:417:80: (style) this line is too long [-gnatyM]
   [Ada]          gtk-alignment.adb
gtk-font_chooser_dialog.ads:50:80: (style) this line is too long [-gnatyM]
gtk-font_chooser_dialog.ads:51:80: (style) this line is too long [-gnatyM]
gtk-font_chooser_dialog.ads:58:80: (style) this line is too long [-gnatyM]
gtk-font_chooser_dialog.ads:116:80: (style) this line is too long [-gnatyM]
gtk-font_chooser_dialog.ads:119:80: (style) this line is too long [-gnatyM]
gtk-font_chooser_dialog.ads:127:80: (style) this line is too long [-gnatyM]
gtk-font_chooser_dialog.ads:198:80: (style) this line is too long [-gnatyM]
gtk-font_chooser_dialog.ads:209:80: (style) this line is too long [-gnatyM]
   [Ada]          gtk-scale.adb
gtk-recent_action.ads:111:80: (style) this line is too long [-gnatyM]
gtk-recent_action.ads:118:80: (style) this line is too long [-gnatyM]
gtk-recent_action.ads:138:80: (style) this line is too long [-gnatyM]
gtk-recent_action.ads:205:80: (style) this line is too long [-gnatyM]
gtk-recent_action.ads:233:80: (style) this line is too long [-gnatyM]
gtk-recent_action.ads:322:80: (style) this line is too long [-gnatyM]
gtk-recent_action.ads:356:80: (style) this line is too long [-gnatyM]
gtk-recent_action.ads:367:80: (style) this line is too long [-gnatyM]
   [Ada]          glib-notification.adb
glib-notification.ads:49:06: warning: unnecessary with of ancestor [-gnatwr]
glib-notification.ads:74:80: (style) this line is too long [-gnatyM]
   [Ada]          gdk-screen.adb
   [Ada]          gtk-cell_renderer_text.adb
gdk-screen.ads:42:06: warning: unnecessary with of ancestor [-gnatwr]
gdk-screen.ads:372:43: (style) space required [-gnatyt]
gdk-screen.ads:381:80: (style) this line is too long [-gnatyM]
   [Ada]          pango-font.adb
gtk-hsv.ads:147:80: (style) this line is too long [-gnatyM]
   [Ada]          gtk-tooltip.adb
pango-font.ads:110:80: (style) this line is too long [-gnatyM]
pango-font.ads:320:80: (style) this line is too long [-gnatyM]
pango-font.ads:375:07: (style) space required [-gnatyt]
pango-font.ads:379:07: (style) space required [-gnatyt]
   [Ada]          glib-action.adb
glib-action.ads:56:06: warning: unnecessary with of ancestor [-gnatwr]
glib-action.ads:61:16: (style) space required [-gnatyt]
glib-action.ads:63:16: (style) space required [-gnatyt]
glib-action.ads:238:80: (style) this line is too long [-gnatyM]
glib-action.ads:248:80: (style) this line is too long [-gnatyM]
glib-action.ads:260:80: (style) this line is too long [-gnatyM]
glib-action.ads:267:80: (style) this line is too long [-gnatyM]
glib-action.ads:272:80: (style) this line is too long [-gnatyM]
glib-action.ads:283:80: (style) this line is too long [-gnatyM]
glib-action.ads:293:80: (style) this line is too long [-gnatyM]
glib-action.ads:311:80: (style) this line is too long [-gnatyM]
glib-action.ads:350:80: (style) this line is too long [-gnatyM]
glib-action.ads:380:01: (style) incorrect layout [-gnatyl]
   [Ada]          gtk-hbutton_box.adb
gtk-scale.ads:429:06: (style) trailing spaces not permitted [-gnatyb]
   [Ada]          gtk-accel_label.adb
   [Ada]          gtk-text_tag.adb
   [Ada]          gtk-settings.adb
gtk-cell_renderer_text.ads:50:80: (style) this line is too long [-gnatyM]
gtk-cell_renderer_text.ads:51:80: (style) this line is too long [-gnatyM]
gtk-cell_renderer_text.ads:268:80: (style) this line is too long [-gnatyM]
gtk-cell_renderer_text.ads:292:06: (style) trailing spaces not permitted [-gnatyb]
gtk-cell_renderer_text.ads:336:80: (style) this line is too long [-gnatyM]
   [Ada]          pango-language.adb
gtk-accel_label.ads:177:44: (style) space required [-gnatyt]
   [Ada]          gtk-print_operation_preview.adb
gtk-text_tag.ads:133:80: (style) this line is too long [-gnatyM]
gtk-text_tag.ads:222:80: (style) this line is too long [-gnatyM]
gtk-text_tag.ads:306:06: (style) trailing spaces not permitted [-gnatyb]
gtk-text_tag.ads:314:07: (style) space required [-gnatyt]
gtk-text_tag.ads:367:80: (style) this line is too long [-gnatyM]
gtk-text_tag.ads:371:80: (style) this line is too long [-gnatyM]
gtk-text_tag.ads:375:80: (style) this line is too long [-gnatyM]
gtk-text_tag.ads:379:80: (style) this line is too long [-gnatyM]
gtk-text_tag.ads:437:80: (style) this line is too long [-gnatyM]
gtk-text_tag.ads:439:80: (style) this line is too long [-gnatyM]
   [Ada]          pango-font_metrics.adb
pango-language.ads:43:80: (style) this line is too long [-gnatyM]
pango-language.ads:358:80: (style) this line is too long [-gnatyM]
   [Ada]          gtk-combo_box.adb
pango-font_metrics.ads:42:80: (style) this line is too long [-gnatyM]
pango-font_metrics.ads:128:80: (style) this line is too long [-gnatyM]
   [Ada]          gtk-tree_model.adb
gtk-settings.ads:167:80: (style) this line is too long [-gnatyM]
gtk-settings.ads:169:80: (style) this line is too long [-gnatyM]
gtk-settings.ads:174:80: (style) this line is too long [-gnatyM]
gtk-settings.ads:273:80: (style) this line is too long [-gnatyM]
gtk-settings.ads:277:80: (style) this line is too long [-gnatyM]
gtk-settings.ads:283:80: (style) this line is too long [-gnatyM]
gtk-settings.ads:287:80: (style) this line is too long [-gnatyM]
gtk-settings.ads:297:80: (style) this line is too long [-gnatyM]
gtk-settings.ads:304:80: (style) this line is too long [-gnatyM]
gtk-settings.ads:309:80: (style) this line is too long [-gnatyM]
gtk-settings.ads:320:80: (style) this line is too long [-gnatyM]
gtk-settings.ads:369:80: (style) this line is too long [-gnatyM]
gtk-settings.ads:392:80: (style) this line is too long [-gnatyM]
gtk-settings.ads:401:80: (style) this line is too long [-gnatyM]
gtk-settings.ads:411:80: (style) this line is too long [-gnatyM]
gtk-settings.ads:427:80: (style) this line is too long [-gnatyM]
gtk-settings.ads:431:80: (style) this line is too long [-gnatyM]
gtk-settings.ads:433:80: (style) this line is too long [-gnatyM]
gtk-settings.ads:435:80: (style) this line is too long [-gnatyM]
gtk-settings.ads:437:80: (style) this line is too long [-gnatyM]
gtk-settings.ads:445:80: (style) this line is too long [-gnatyM]
gtk-settings.ads:461:80: (style) this line is too long [-gnatyM]
gtk-settings.ads:467:80: (style) this line is too long [-gnatyM]
gtk-settings.ads:473:80: (style) this line is too long [-gnatyM]
gtk-settings.ads:485:80: (style) this line is too long [-gnatyM]
gtk-settings.ads:534:80: (style) this line is too long [-gnatyM]
gtk-settings.ads:561:80: (style) this line is too long [-gnatyM]
gtk-settings.ads:563:80: (style) this line is too long [-gnatyM]
gtk-settings.ads:565:80: (style) this line is too long [-gnatyM]
gtk-settings.ads:567:80: (style) this line is too long [-gnatyM]
gtk-settings.ads:569:80: (style) this line is too long [-gnatyM]
gtk-settings.ads:571:80: (style) this line is too long [-gnatyM]
gtk-settings.ads:573:80: (style) this line is too long [-gnatyM]
gtk-settings.ads:587:80: (style) this line is too long [-gnatyM]
gtk-settings.ads:589:80: (style) this line is too long [-gnatyM]
gtk-settings.ads:591:80: (style) this line is too long [-gnatyM]
gtk-settings.ads:593:80: (style) this line is too long [-gnatyM]
gtk-settings.ads:595:80: (style) this line is too long [-gnatyM]
gtk-settings.ads:597:80: (style) this line is too long [-gnatyM]
gtk-settings.ads:603:80: (style) this line is too long [-gnatyM]
gtk-settings.ads:605:80: (style) this line is too long [-gnatyM]
gtk-settings.ads:609:80: (style) this line is too long [-gnatyM]
gtk-settings.ads:625:80: (style) this line is too long [-gnatyM]
gtk-settings.ads:627:80: (style) this line is too long [-gnatyM]
gtk-settings.ads:629:80: (style) this line is too long [-gnatyM]
gtk-settings.ads:643:80: (style) this line is too long [-gnatyM]
gtk-settings.ads:647:80: (style) this line is too long [-gnatyM]
gtk-settings.ads:649:80: (style) this line is too long [-gnatyM]
gtk-settings.ads:653:80: (style) this line is too long [-gnatyM]
gtk-settings.ads:655:80: (style) this line is too long [-gnatyM]
gtk-settings.ads:659:80: (style) this line is too long [-gnatyM]
gtk-settings.ads:663:80: (style) this line is too long [-gnatyM]
gtk-settings.ads:665:80: (style) this line is too long [-gnatyM]
gtk-settings.ads:667:80: (style) this line is too long [-gnatyM]
gtk-settings.ads:673:80: (style) this line is too long [-gnatyM]
gtk-settings.ads:677:80: (style) this line is too long [-gnatyM]
gtk-settings.ads:695:80: (style) this line is too long [-gnatyM]
gtk-settings.ads:701:80: (style) this line is too long [-gnatyM]
gtk-settings.ads:703:80: (style) this line is too long [-gnatyM]
gtk-settings.ads:705:80: (style) this line is too long [-gnatyM]
   [Ada]          gtk-toggle_action.adb
gtk-print_operation_preview.ads:80:80: (style) this line is too long [-gnatyM]
gtk-print_operation_preview.ads:82:80: (style) this line is too long [-gnatyM]
gtk-print_operation_preview.ads:85:80: (style) this line is too long [-gnatyM]
gtk-print_operation_preview.ads:87:80: (style) this line is too long [-gnatyM]
gtk-print_operation_preview.ads:93:80: (style) this line is too long [-gnatyM]
gtk-print_operation_preview.ads:106:06: (style) trailing spaces not permitted [-gnatyb]
gtk-print_operation_preview.ads:109:80: (style) this line is too long [-gnatyM]
gtk-print_operation_preview.ads:111:80: (style) this line is too long [-gnatyM]
gtk-print_operation_preview.ads:113:80: (style) this line is too long [-gnatyM]
gtk-print_operation_preview.ads:117:80: (style) this line is too long [-gnatyM]
gtk-print_operation_preview.ads:141:80: (style) this line is too long [-gnatyM]
gtk-print_operation_preview.ads:148:80: (style) this line is too long [-gnatyM]
gtk-print_operation_preview.ads:188:80: (style) this line is too long [-gnatyM]
gtk-print_operation_preview.ads:193:80: (style) this line is too long [-gnatyM]
gtk-print_operation_preview.ads:198:80: (style) this line is too long [-gnatyM]
gtk-print_operation_preview.ads:203:80: (style) this line is too long [-gnatyM]
gtk-print_operation_preview.ads:213:80: (style) this line is too long [-gnatyM]
gtk-print_operation_preview.ads:218:01: (style) incorrect layout [-gnatyl]
   [Ada]          gtk-menu_button.adb
gtk-tree_model.adb:1109:04: warning: use clause for private type "System.Address" has no effect [-gnatwu]
gtk-tree_model.ads:225:80: (style) this line is too long [-gnatyM]
gtk-tree_model.ads:810:80: (style) this line is too long [-gnatyM]
gtk-tree_model.ads:816:80: (style) this line is too long [-gnatyM]
gtk-tree_model.ads:821:80: (style) this line is too long [-gnatyM]
gtk-tree_model.ads:837:06: (style) trailing spaces not permitted [-gnatyb]
gtk-tree_model.ads:839:80: (style) this line is too long [-gnatyM]
gtk-tree_model.ads:841:80: (style) this line is too long [-gnatyM]
gtk-tree_model.ads:871:80: (style) this line is too long [-gnatyM]
gtk-tree_model.ads:883:06: (style) trailing spaces not permitted [-gnatyb]
gtk-tree_model.ads:886:80: (style) this line is too long [-gnatyM]
gtk-tree_model.ads:903:06: (style) trailing spaces not permitted [-gnatyb]
gtk-tree_model.ads:905:80: (style) this line is too long [-gnatyM]
gtk-tree_model.ads:906:80: (style) this line is too long [-gnatyM]
gtk-tree_model.ads:909:80: (style) this line is too long [-gnatyM]
gtk-tree_model.ads:915:80: (style) this line is too long [-gnatyM]
gtk-tree_model.ads:936:06: (style) trailing spaces not permitted [-gnatyb]
gtk-tree_model.ads:938:80: (style) this line is too long [-gnatyM]
gtk-tree_model.ads:940:80: (style) this line is too long [-gnatyM]
gtk-tree_model.ads:941:80: (style) this line is too long [-gnatyM]
gtk-tree_model.ads:943:80: (style) this line is too long [-gnatyM]
gtk-tree_model.ads:968:80: (style) this line is too long [-gnatyM]
gtk-tree_model.ads:985:80: (style) this line is too long [-gnatyM]
gtk-tree_model.ads:1090:80: (style) this line is too long [-gnatyM]
gtk-tree_model.ads:1119:80: (style) this line is too long [-gnatyM]
gtk-tree_model.ads:1174:80: (style) this line is too long [-gnatyM]
gtk-tree_model.ads:1189:80: (style) this line is too long [-gnatyM]
gtk-tree_model.ads:1224:80: (style) this line is too long [-gnatyM]
gtk-tree_model.ads:1229:80: (style) this line is too long [-gnatyM]
gtk-tree_model.ads:1239:80: (style) this line is too long [-gnatyM]
gtk-tree_model.ads:1269:80: (style) this line is too long [-gnatyM]
gtk-tree_model.ads:1279:80: (style) this line is too long [-gnatyM]
gtk-tree_model.ads:1288:01: (style) incorrect layout [-gnatyl]
gtk-tree_model.ads:1297:01: (style) incorrect layout [-gnatyl]
gtk-tree_model.ads:1302:01: (style) trailing spaces not permitted [-gnatyb]
gtk-tree_model.ads:1304:80: (style) this line is too long [-gnatyM]
   [Ada]          pango-attributes.adb
pango-attributes.ads:41:80: (style) this line is too long [-gnatyM]
pango-attributes.ads:55:80: (style) this line is too long [-gnatyM]
pango-attributes.ads:62:80: (style) this line is too long [-gnatyM]
pango-attributes.ads:245:80: (style) this line is too long [-gnatyM]
   [Ada]          gtk-menu_bar.adb
gtk-combo_box.ads:89:80: (style) this line is too long [-gnatyM]
gtk-combo_box.ads:480:80: (style) this line is too long [-gnatyM]
gtk-combo_box.ads:481:80: (style) this line is too long [-gnatyM]
gtk-combo_box.ads:503:80: (style) this line is too long [-gnatyM]
gtk-combo_box.ads:521:80: (style) this line is too long [-gnatyM]
gtk-combo_box.ads:525:80: (style) this line is too long [-gnatyM]
gtk-combo_box.ads:535:80: (style) this line is too long [-gnatyM]
gtk-combo_box.ads:536:80: (style) this line is too long [-gnatyM]
gtk-combo_box.ads:584:80: (style) this line is too long [-gnatyM]
gtk-combo_box.ads:592:80: (style) this line is too long [-gnatyM]
gtk-combo_box.ads:600:80: (style) this line is too long [-gnatyM]
gtk-combo_box.ads:605:80: (style) this line is too long [-gnatyM]
gtk-combo_box.ads:610:80: (style) this line is too long [-gnatyM]
gtk-combo_box.ads:635:80: (style) this line is too long [-gnatyM]
gtk-combo_box.ads:706:80: (style) this line is too long [-gnatyM]
gtk-combo_box.ads:765:06: (style) trailing spaces not permitted [-gnatyb]
gtk-combo_box.ads:767:80: (style) this line is too long [-gnatyM]
gtk-combo_box.ads:770:07: (style) space required [-gnatyt]
gtk-combo_box.ads:853:80: (style) this line is too long [-gnatyM]
gtk-combo_box.ads:901:80: (style) this line is too long [-gnatyM]
   [Ada]          gtk-paper_size.adb
gtk-menu_button.ads:126:80: (style) this line is too long [-gnatyM]
gtk-menu_button.ads:383:80: (style) this line is too long [-gnatyM]
   [Ada]          gtk-action.adb
gtk-toggle_action.ads:179:80: (style) this line is too long [-gnatyM]
   [Ada]          gtk-revealer.adb
gtk-paper_size.ads:52:80: (style) this line is too long [-gnatyM]
gtk-paper_size.ads:61:80: (style) this line is too long [-gnatyM]
gtk-paper_size.ads:71:80: (style) this line is too long [-gnatyM]
gtk-paper_size.ads:283:80: (style) this line is too long [-gnatyM]
gtk-paper_size.ads:299:80: (style) this line is too long [-gnatyM]
   [Ada]          gtk-message_dialog.adb
gtk-menu_bar.ads:128:80: (style) this line is too long [-gnatyM]
gtk-menu_bar.ads:157:80: (style) this line is too long [-gnatyM]
   [Ada]          gtk-menu.adb
gtk-revealer.ads:68:80: (style) this line is too long [-gnatyM]
gtk-revealer.ads:156:80: (style) this line is too long [-gnatyM]
gtk-revealer.ads:178:80: (style) this line is too long [-gnatyM]
   [Ada]          gtk-builder.adb
gtk-message_dialog.ads:316:80: (style) this line is too long [-gnatyM]
gtk-message_dialog.ads:343:80: (style) this line is too long [-gnatyM]
gtk-message_dialog.ads:362:80: (style) this line is too long [-gnatyM]
   [Ada]          gtk-editable.adb
   [Ada]          glib-menu_model.adb
gtk-action.ads:588:80: (style) this line is too long [-gnatyM]
   [Ada]          gtk-gradient.adb
gtk-editable.ads:59:16: (style) space required [-gnatyt]
gtk-editable.ads:61:16: (style) space required [-gnatyt]
gtk-editable.ads:201:80: (style) this line is too long [-gnatyM]
gtk-editable.ads:251:06: (style) trailing spaces not permitted [-gnatyb]
gtk-editable.ads:283:06: (style) trailing spaces not permitted [-gnatyb]
gtk-editable.ads:288:80: (style) this line is too long [-gnatyM]
gtk-editable.ads:362:80: (style) this line is too long [-gnatyM]
gtk-editable.ads:394:80: (style) this line is too long [-gnatyM]
gtk-editable.ads:452:80: (style) this line is too long [-gnatyM]
gtk-editable.ads:467:80: (style) this line is too long [-gnatyM]
gtk-editable.ads:472:01: (style) incorrect layout [-gnatyl]
   [Ada]          gtk-font_button.adb
gtk-menu.ads:92:80: (style) this line is too long [-gnatyM]
gtk-menu.ads:398:80: (style) this line is too long [-gnatyM]
gtk-menu.ads:406:80: (style) this line is too long [-gnatyM]
gtk-menu.ads:408:80: (style) this line is too long [-gnatyM]
gtk-menu.ads:409:80: (style) this line is too long [-gnatyM]
gtk-menu.ads:410:80: (style) this line is too long [-gnatyM]
gtk-menu.ads:411:80: (style) this line is too long [-gnatyM]
gtk-menu.ads:413:80: (style) this line is too long [-gnatyM]
gtk-menu.ads:414:80: (style) this line is too long [-gnatyM]
gtk-menu.ads:415:80: (style) this line is too long [-gnatyM]
gtk-menu.ads:416:80: (style) this line is too long [-gnatyM]
gtk-menu.ads:500:80: (style) this line is too long [-gnatyM]
gtk-menu.ads:508:80: (style) this line is too long [-gnatyM]
gtk-menu.ads:510:80: (style) this line is too long [-gnatyM]
gtk-menu.ads:511:80: (style) this line is too long [-gnatyM]
gtk-menu.ads:512:80: (style) this line is too long [-gnatyM]
gtk-menu.ads:513:80: (style) this line is too long [-gnatyM]
gtk-menu.ads:515:80: (style) this line is too long [-gnatyM]
gtk-menu.ads:516:80: (style) this line is too long [-gnatyM]
gtk-menu.ads:517:80: (style) this line is too long [-gnatyM]
gtk-menu.ads:518:80: (style) this line is too long [-gnatyM]
   [Ada]          gtk-entry_completion.adb
gtk-gradient.ads:56:80: (style) this line is too long [-gnatyM]
gtk-gradient.ads:155:80: (style) this line is too long [-gnatyM]
gtk-gradient.ads:170:80: (style) this line is too long [-gnatyM]
gtk-gradient.ads:188:80: (style) this line is too long [-gnatyM]
   [Ada]          gtk-entry_buffer.adb
glib-menu_model.ads:140:06: warning: unnecessary with of ancestor [-gnatwr]
glib-menu_model.ads:163:80: (style) this line is too long [-gnatyM]
glib-menu_model.ads:349:06: (style) trailing spaces not permitted [-gnatyb]
   [Ada]          gtk-tool_palette.adb
gtk-tool_palette.ads:124:80: (style) this line is too long [-gnatyM]
gtk-tool_palette.ads:128:80: (style) this line is too long [-gnatyM]
gtk-tool_palette.ads:201:80: (style) this line is too long [-gnatyM]
gtk-tool_palette.ads:211:80: (style) this line is too long [-gnatyM]
gtk-tool_palette.ads:222:80: (style) this line is too long [-gnatyM]
gtk-tool_palette.ads:232:80: (style) this line is too long [-gnatyM]
gtk-tool_palette.ads:242:80: (style) this line is too long [-gnatyM]
gtk-tool_palette.ads:251:80: (style) this line is too long [-gnatyM]
gtk-tool_palette.ads:416:80: (style) this line is too long [-gnatyM]
gtk-tool_palette.ads:427:80: (style) this line is too long [-gnatyM]
   [Ada]          gtk-check_button.adb
gtk-entry_buffer.ads:223:06: (style) trailing spaces not permitted [-gnatyb]
gtk-entry_buffer.ads:228:80: (style) this line is too long [-gnatyM]
gtk-entry_buffer.ads:251:06: (style) trailing spaces not permitted [-gnatyb]
   [Ada]          gtk-gesture.adb
gtk-font_button.ads:58:80: (style) this line is too long [-gnatyM]
gtk-font_button.ads:205:80: (style) this line is too long [-gnatyM]
gtk-font_button.ads:208:80: (style) this line is too long [-gnatyM]
gtk-font_button.ads:216:80: (style) this line is too long [-gnatyM]
gtk-font_button.ads:405:80: (style) this line is too long [-gnatyM]
gtk-font_button.ads:427:80: (style) this line is too long [-gnatyM]
   [Ada]          gtk-text_buffer.adb
gtk-entry_completion.ads:111:80: (style) this line is too long [-gnatyM]
gtk-entry_completion.ads:374:80: (style) this line is too long [-gnatyM]
gtk-entry_completion.ads:390:80: (style) this line is too long [-gnatyM]
gtk-entry_completion.ads:404:80: (style) this line is too long [-gnatyM]
gtk-entry_completion.ads:422:80: (style) this line is too long [-gnatyM]
gtk-entry_completion.ads:426:80: (style) this line is too long [-gnatyM]
gtk-entry_completion.ads:436:80: (style) this line is too long [-gnatyM]
gtk-entry_completion.ads:437:80: (style) this line is too long [-gnatyM]
gtk-entry_completion.ads:461:80: (style) this line is too long [-gnatyM]
gtk-entry_completion.ads:470:80: (style) this line is too long [-gnatyM]
gtk-entry_completion.ads:478:80: (style) this line is too long [-gnatyM]
gtk-entry_completion.ads:483:80: (style) this line is too long [-gnatyM]
gtk-entry_completion.ads:488:80: (style) this line is too long [-gnatyM]
gtk-entry_completion.ads:561:80: (style) this line is too long [-gnatyM]
gtk-entry_completion.ads:566:80: (style) this line is too long [-gnatyM]
gtk-entry_completion.ads:587:06: (style) trailing spaces not permitted [-gnatyb]
gtk-entry_completion.ads:590:80: (style) this line is too long [-gnatyM]
gtk-entry_completion.ads:619:06: (style) trailing spaces not permitted [-gnatyb]
gtk-entry_completion.ads:640:06: (style) trailing spaces not permitted [-gnatyb]
gtk-entry_completion.ads:643:80: (style) this line is too long [-gnatyM]
gtk-entry_completion.ads:676:80: (style) this line is too long [-gnatyM]
gtk-entry_completion.ads:687:80: (style) this line is too long [-gnatyM]
   [Ada]          gtk-handle_box.adb
gtk-check_button.ads:51:80: (style) this line is too long [-gnatyM]
gtk-check_button.ads:170:80: (style) this line is too long [-gnatyM]
gtk-check_button.ads:181:80: (style) this line is too long [-gnatyM]
   [Ada]          gtk-grange.adb
gtk-gesture.ads:162:80: (style) this line is too long [-gnatyM]
gtk-gesture.ads:269:80: (style) this line is too long [-gnatyM]
gtk-gesture.ads:463:80: (style) this line is too long [-gnatyM]
gtk-gesture.ads:468:80: (style) this line is too long [-gnatyM]
gtk-gesture.ads:473:80: (style) this line is too long [-gnatyM]
gtk-gesture.ads:486:06: (style) trailing spaces not permitted [-gnatyb]
   [Ada]          glib-action_group.adb
   [Ada]          gtk-accel_group.adb
gtk-grange.ads:75:80: (style) this line is too long [-gnatyM]
gtk-grange.ads:322:80: (style) this line is too long [-gnatyM]
gtk-grange.ads:338:80: (style) this line is too long [-gnatyM]
gtk-grange.ads:365:80: (style) this line is too long [-gnatyM]
gtk-grange.ads:399:06: (style) trailing spaces not permitted [-gnatyb]
gtk-grange.ads:426:80: (style) this line is too long [-gnatyM]
gtk-grange.ads:475:80: (style) this line is too long [-gnatyM]
gtk-grange.ads:481:80: (style) this line is too long [-gnatyM]
gtk-grange.ads:483:80: (style) this line is too long [-gnatyM]
   [Ada]          gdk-rgba.adb
gtk-text_buffer.ads:203:80: (style) this line is too long [-gnatyM]
gtk-text_buffer.ads:372:80: (style) this line is too long [-gnatyM]
gtk-text_buffer.ads:562:80: (style) this line is too long [-gnatyM]
gtk-text_buffer.ads:670:80: (style) this line is too long [-gnatyM]
gtk-text_buffer.ads:901:80: (style) this line is too long [-gnatyM]
gtk-text_buffer.ads:907:80: (style) this line is too long [-gnatyM]
gtk-text_buffer.ads:916:80: (style) this line is too long [-gnatyM]
gtk-text_buffer.ads:932:06: (style) trailing spaces not permitted [-gnatyb]
gtk-text_buffer.ads:976:80: (style) this line is too long [-gnatyM]
gtk-text_buffer.ads:981:80: (style) this line is too long [-gnatyM]
gtk-text_buffer.ads:1007:06: (style) trailing spaces not permitted [-gnatyb]
gtk-text_buffer.ads:1031:80: (style) this line is too long [-gnatyM]
gtk-text_buffer.ads:1034:80: (style) this line is too long [-gnatyM]
gtk-text_buffer.ads:1036:80: (style) this line is too long [-gnatyM]
gtk-text_buffer.ads:1039:80: (style) this line is too long [-gnatyM]
gtk-text_buffer.ads:1041:80: (style) this line is too long [-gnatyM]
gtk-text_buffer.ads:1061:06: (style) trailing spaces not permitted [-gnatyb]
gtk-text_buffer.ads:1067:80: (style) this line is too long [-gnatyM]
gtk-text_buffer.ads:1096:06: (style) trailing spaces not permitted [-gnatyb]
gtk-text_buffer.ads:1101:80: (style) this line is too long [-gnatyM]
gtk-text_buffer.ads:1107:80: (style) this line is too long [-gnatyM]
gtk-text_buffer.ads:1132:06: (style) trailing spaces not permitted [-gnatyb]
gtk-text_buffer.ads:1161:80: (style) this line is too long [-gnatyM]
gtk-text_buffer.ads:1166:80: (style) this line is too long [-gnatyM]
gtk-text_buffer.ads:1185:06: (style) trailing spaces not permitted [-gnatyb]
gtk-text_buffer.ads:1230:80: (style) this line is too long [-gnatyM]
gtk-text_buffer.ads:1245:06: (style) trailing spaces not permitted [-gnatyb]
   [Ada]          gtk-stock.adb
   [Ada]          gtk-action_bar.adb
gtk-stock.ads:46:80: (style) this line is too long [-gnatyM]
gtk-stock.ads:98:80: (style) this line is too long [-gnatyM]
gtk-stock.ads:99:80: (style) this line is too long [-gnatyM]
gtk-stock.ads:100:80: (style) this line is too long [-gnatyM]
gtk-stock.ads:101:80: (style) this line is too long [-gnatyM]
gtk-stock.ads:212:01: (style) incorrect layout [-gnatyl]
   [Ada]          pango-matrix.adb
pango-matrix.ads:86:80: (style) this line is too long [-gnatyM]
pango-matrix.ads:134:80: (style) this line is too long [-gnatyM]
   [Ada]          gtk-size_group.adb
glib-action_group.ads:74:06: warning: unnecessary with of ancestor [-gnatwr]
glib-action_group.ads:78:16: (style) space required [-gnatyt]
glib-action_group.ads:81:16: (style) space required [-gnatyt]
glib-action_group.ads:332:80: (style) this line is too long [-gnatyM]
glib-action_group.ads:343:06: (style) trailing spaces not permitted [-gnatyb]
glib-action_group.ads:372:80: (style) this line is too long [-gnatyM]
glib-action_group.ads:383:06: (style) trailing spaces not permitted [-gnatyb]
glib-action_group.ads:571:80: (style) this line is too long [-gnatyM]
glib-action_group.ads:627:80: (style) this line is too long [-gnatyM]
glib-action_group.ads:632:80: (style) this line is too long [-gnatyM]
glib-action_group.ads:637:80: (style) this line is too long [-gnatyM]
glib-action_group.ads:642:80: (style) this line is too long [-gnatyM]
glib-action_group.ads:647:80: (style) this line is too long [-gnatyM]
glib-action_group.ads:652:80: (style) this line is too long [-gnatyM]
glib-action_group.ads:657:80: (style) this line is too long [-gnatyM]
glib-action_group.ads:662:80: (style) this line is too long [-gnatyM]
glib-action_group.ads:667:80: (style) this line is too long [-gnatyM]
glib-action_group.ads:672:80: (style) this line is too long [-gnatyM]
glib-action_group.ads:692:01: (style) incorrect layout [-gnatyl]
   [Ada]          gtk-cell_renderer_progress.adb
   [Ada]          gtk-font_chooser_widget.adb
gtk-accel_group.ads:334:80: (style) this line is too long [-gnatyM]
gtk-accel_group.ads:340:80: (style) this line is too long [-gnatyM]
gtk-accel_group.ads:359:06: (style) trailing spaces not permitted [-gnatyb]
gtk-accel_group.ads:366:80: (style) this line is too long [-gnatyM]
gtk-accel_group.ads:372:80: (style) this line is too long [-gnatyM]
gtk-accel_group.ads:394:06: (style) trailing spaces not permitted [-gnatyb]
   [Ada]          gtk-about_dialog.adb
gtk-cell_renderer_progress.ads:44:80: (style) this line is too long [-gnatyM]
gtk-cell_renderer_progress.ads:45:80: (style) this line is too long [-gnatyM]
gtk-cell_renderer_progress.ads:124:80: (style) this line is too long [-gnatyM]
   [Ada]          gtk-file_chooser.adb
gtk-font_chooser_widget.ads:56:80: (style) this line is too long [-gnatyM]
gtk-font_chooser_widget.ads:63:80: (style) this line is too long [-gnatyM]
gtk-font_chooser_widget.ads:109:80: (style) this line is too long [-gnatyM]
gtk-font_chooser_widget.ads:112:80: (style) this line is too long [-gnatyM]
gtk-font_chooser_widget.ads:120:80: (style) this line is too long [-gnatyM]
gtk-font_chooser_widget.ads:201:80: (style) this line is too long [-gnatyM]
gtk-font_chooser_widget.ads:212:80: (style) this line is too long [-gnatyM]
gtk-font_chooser_widget.ads:223:80: (style) this line is too long [-gnatyM]
   [Ada]          gtk-stack.adb
   [Ada]          gtk-tree_selection.adb
gtk-stack.ads:86:80: (style) this line is too long [-gnatyM]
gtk-stack.ads:252:80: (style) this line is too long [-gnatyM]
gtk-stack.ads:283:80: (style) this line is too long [-gnatyM]
   [Ada]          gtk-label.adb
gtk-about_dialog.ads:356:38: (style) space required [-gnatyt]
gtk-about_dialog.ads:359:38: (style) space required [-gnatyt]
gtk-about_dialog.ads:362:42: (style) space required [-gnatyt]
gtk-about_dialog.ads:456:06: (style) trailing spaces not permitted [-gnatyb]
   [Ada]          gdk-event.adb
gtk-file_chooser.ads:184:80: (style) this line is too long [-gnatyM]
gtk-file_chooser.ads:188:80: (style) this line is too long [-gnatyM]
gtk-file_chooser.ads:192:80: (style) this line is too long [-gnatyM]
gtk-file_chooser.ads:401:80: (style) this line is too long [-gnatyM]
gtk-file_chooser.ads:562:80: (style) this line is too long [-gnatyM]
gtk-file_chooser.ads:689:80: (style) this line is too long [-gnatyM]
gtk-file_chooser.ads:696:80: (style) this line is too long [-gnatyM]
gtk-file_chooser.ads:724:80: (style) this line is too long [-gnatyM]
gtk-file_chooser.ads:791:06: (style) trailing spaces not permitted [-gnatyb]
gtk-file_chooser.ads:793:80: (style) this line is too long [-gnatyM]
gtk-file_chooser.ads:796:80: (style) this line is too long [-gnatyM]
gtk-file_chooser.ads:801:80: (style) this line is too long [-gnatyM]
gtk-file_chooser.ads:922:80: (style) this line is too long [-gnatyM]
gtk-file_chooser.ads:932:80: (style) this line is too long [-gnatyM]
gtk-file_chooser.ads:936:80: (style) this line is too long [-gnatyM]
gtk-file_chooser.ads:939:01: (style) incorrect layout [-gnatyl]
   [Ada]          gtk-radio_menu_item.adb
gdk-event.ads:50:06: warning: unnecessary with of ancestor [-gnatwr]
gdk-event.ads:289:80: (style) this line is too long [-gnatyM]
gdk-event.ads:322:80: (style) this line is too long [-gnatyM]
gdk-event.ads:363:80: (style) this line is too long [-gnatyM]
gdk-event.ads:376:80: (style) this line is too long [-gnatyM]
gdk-event.ads:396:80: (style) this line is too long [-gnatyM]
gdk-event.ads:417:80: (style) this line is too long [-gnatyM]
gdk-event.ads:464:80: (style) this line is too long [-gnatyM]
gdk-event.ads:476:80: (style) this line is too long [-gnatyM]
gdk-event.ads:491:80: (style) this line is too long [-gnatyM]
gdk-event.ads:505:80: (style) this line is too long [-gnatyM]
gdk-event.ads:521:80: (style) this line is too long [-gnatyM]
gdk-event.ads:538:80: (style) this line is too long [-gnatyM]
gdk-event.ads:553:80: (style) this line is too long [-gnatyM]
gdk-event.ads:589:80: (style) this line is too long [-gnatyM]
gdk-event.ads:602:80: (style) this line is too long [-gnatyM]
gdk-event.ads:623:80: (style) this line is too long [-gnatyM]
gdk-event.ads:645:80: (style) this line is too long [-gnatyM]
gdk-event.ads:653:80: (style) this line is too long [-gnatyM]
gdk-event.ads:737:26: (style) space required [-gnatyt]
gdk-event.ads:739:80: (style) this line is too long [-gnatyM]
gdk-event.ads:787:80: (style) this line is too long [-gnatyM]
gdk-event.ads:791:80: (style) this line is too long [-gnatyM]
gdk-event.ads:799:80: (style) this line is too long [-gnatyM]
gdk-event.ads:803:80: (style) this line is too long [-gnatyM]
gdk-event.ads:811:80: (style) this line is too long [-gnatyM]
gdk-event.ads:1001:80: (style) this line is too long [-gnatyM]
   [Ada]          gtk-css_provider.adb
gtk-tree_selection.ads:81:80: (style) this line is too long [-gnatyM]
gtk-tree_selection.ads:227:80: (style) this line is too long [-gnatyM]
gtk-tree_selection.ads:244:80: (style) this line is too long [-gnatyM]
gtk-tree_selection.ads:251:80: (style) this line is too long [-gnatyM]
gtk-tree_selection.ads:260:80: (style) this line is too long [-gnatyM]
   [Ada]          gtk-scrollbar.adb
gtk-css_provider.ads:913:06: (style) trailing spaces not permitted [-gnatyb]
gtk-css_provider.ads:926:80: (style) this line is too long [-gnatyM]
   [Ada]          gtk-aspect_frame.adb
   [Ada]          gtk-text_child_anchor.adb
   [Ada]          pango-context.adb
gtk-label.ads:113:80: (style) this line is too long [-gnatyM]
gtk-label.ads:717:80: (style) this line is too long [-gnatyM]
gtk-label.ads:722:80: (style) this line is too long [-gnatyM]
gtk-label.ads:761:06: (style) trailing spaces not permitted [-gnatyb]
gtk-label.ads:781:80: (style) this line is too long [-gnatyM]
gtk-label.ads:787:80: (style) this line is too long [-gnatyM]
gtk-label.ads:818:06: (style) trailing spaces not permitted [-gnatyb]
gtk-label.ads:820:80: (style) this line is too long [-gnatyM]
   [Ada]          gtk-cell_area.adb
   [Ada]          gtk-status_bar.adb
gtk-radio_menu_item.ads:61:80: (style) this line is too long [-gnatyM]
gtk-radio_menu_item.ads:246:80: (style) this line is too long [-gnatyM]
gtk-radio_menu_item.ads:257:80: (style) this line is too long [-gnatyM]
gtk-radio_menu_item.ads:268:80: (style) this line is too long [-gnatyM]
   [Ada]          glib-string.adb
glib-string.ads:30:06: warning: unnecessary with of ancestor [-gnatwr]
   [Ada]          pango-font_map.adb
   [Ada]          gtk-tearoff_menu_item.adb
   [Ada]          gtk-style_context.adb
gtk-status_bar.ads:166:80: (style) this line is too long [-gnatyM]
gtk-status_bar.ads:187:06: (style) trailing spaces not permitted [-gnatyb]
gtk-status_bar.ads:203:06: (style) trailing spaces not permitted [-gnatyb]
   [Ada]          gtk-button.adb
gtk-tearoff_menu_item.ads:56:80: (style) this line is too long [-gnatyM]
gtk-tearoff_menu_item.ads:144:80: (style) this line is too long [-gnatyM]
gtk-tearoff_menu_item.ads:155:80: (style) this line is too long [-gnatyM]
gtk-tearoff_menu_item.ads:166:80: (style) this line is too long [-gnatyM]
   [Ada]          gtk-search_bar.adb
gtk-cell_area.ads:306:80: (style) this line is too long [-gnatyM]
gtk-cell_area.ads:313:80: (style) this line is too long [-gnatyM]
gtk-cell_area.ads:327:80: (style) this line is too long [-gnatyM]
gtk-cell_area.ads:351:80: (style) this line is too long [-gnatyM]
gtk-cell_area.ads:373:80: (style) this line is too long [-gnatyM]
gtk-cell_area.ads:391:80: (style) this line is too long [-gnatyM]
gtk-cell_area.ads:398:80: (style) this line is too long [-gnatyM]
gtk-cell_area.ads:399:80: (style) this line is too long [-gnatyM]
gtk-cell_area.ads:428:80: (style) this line is too long [-gnatyM]
gtk-cell_area.ads:442:80: (style) this line is too long [-gnatyM]
gtk-cell_area.ads:453:80: (style) this line is too long [-gnatyM]
gtk-cell_area.ads:463:80: (style) this line is too long [-gnatyM]
gtk-cell_area.ads:474:80: (style) this line is too long [-gnatyM]
gtk-cell_area.ads:485:80: (style) this line is too long [-gnatyM]
gtk-cell_area.ads:513:80: (style) this line is too long [-gnatyM]
gtk-cell_area.ads:554:80: (style) this line is too long [-gnatyM]
gtk-cell_area.ads:557:80: (style) this line is too long [-gnatyM]
gtk-cell_area.ads:562:80: (style) this line is too long [-gnatyM]
gtk-cell_area.ads:575:80: (style) this line is too long [-gnatyM]
gtk-cell_area.ads:597:80: (style) this line is too long [-gnatyM]
gtk-cell_area.ads:612:80: (style) this line is too long [-gnatyM]
gtk-cell_area.ads:613:80: (style) this line is too long [-gnatyM]
gtk-cell_area.ads:635:80: (style) this line is too long [-gnatyM]
gtk-cell_area.ads:637:80: (style) this line is too long [-gnatyM]
gtk-cell_area.ads:681:80: (style) this line is too long [-gnatyM]
gtk-cell_area.ads:692:80: (style) this line is too long [-gnatyM]
gtk-cell_area.ads:705:80: (style) this line is too long [-gnatyM]
gtk-cell_area.ads:714:80: (style) this line is too long [-gnatyM]
gtk-cell_area.ads:733:80: (style) this line is too long [-gnatyM]
gtk-cell_area.ads:760:80: (style) this line is too long [-gnatyM]
gtk-cell_area.ads:779:80: (style) this line is too long [-gnatyM]
gtk-cell_area.ads:813:80: (style) this line is too long [-gnatyM]
gtk-cell_area.ads:842:80: (style) this line is too long [-gnatyM]
gtk-cell_area.ads:843:80: (style) this line is too long [-gnatyM]
gtk-cell_area.ads:855:80: (style) this line is too long [-gnatyM]
gtk-cell_area.ads:862:80: (style) this line is too long [-gnatyM]
gtk-cell_area.ads:863:80: (style) this line is too long [-gnatyM]
gtk-cell_area.ads:874:80: (style) this line is too long [-gnatyM]
gtk-cell_area.ads:898:80: (style) this line is too long [-gnatyM]
gtk-cell_area.ads:931:80: (style) this line is too long [-gnatyM]
gtk-cell_area.ads:949:80: (style) this line is too long [-gnatyM]
gtk-cell_area.ads:953:80: (style) this line is too long [-gnatyM]
gtk-cell_area.ads:963:80: (style) this line is too long [-gnatyM]
gtk-cell_area.ads:964:80: (style) this line is too long [-gnatyM]
gtk-cell_area.ads:1004:80: (style) this line is too long [-gnatyM]
gtk-cell_area.ads:1034:80: (style) this line is too long [-gnatyM]
gtk-cell_area.ads:1042:80: (style) this line is too long [-gnatyM]
gtk-cell_area.ads:1050:80: (style) this line is too long [-gnatyM]
gtk-cell_area.ads:1055:80: (style) this line is too long [-gnatyM]
gtk-cell_area.ads:1060:80: (style) this line is too long [-gnatyM]
gtk-cell_area.ads:1091:80: (style) this line is too long [-gnatyM]
gtk-cell_area.ads:1093:80: (style) this line is too long [-gnatyM]
gtk-cell_area.ads:1098:80: (style) this line is too long [-gnatyM]
gtk-cell_area.ads:1100:80: (style) this line is too long [-gnatyM]
gtk-cell_area.ads:1108:80: (style) this line is too long [-gnatyM]
gtk-cell_area.ads:1112:80: (style) this line is too long [-gnatyM]
gtk-cell_area.ads:1117:06: (style) trailing spaces not permitted [-gnatyb]
gtk-cell_area.ads:1119:80: (style) this line is too long [-gnatyM]
gtk-cell_area.ads:1123:80: (style) this line is too long [-gnatyM]
gtk-cell_area.ads:1124:80: (style) this line is too long [-gnatyM]
gtk-cell_area.ads:1127:80: (style) this line is too long [-gnatyM]
gtk-cell_area.ads:1134:80: (style) this line is too long [-gnatyM]
gtk-cell_area.ads:1144:80: (style) this line is too long [-gnatyM]
gtk-cell_area.ads:1152:06: (style) trailing spaces not permitted [-gnatyb]
gtk-cell_area.ads:1154:80: (style) this line is too long [-gnatyM]
gtk-cell_area.ads:1155:80: (style) this line is too long [-gnatyM]
gtk-cell_area.ads:1158:80: (style) this line is too long [-gnatyM]
gtk-cell_area.ads:1161:80: (style) this line is too long [-gnatyM]
gtk-cell_area.ads:1163:80: (style) this line is too long [-gnatyM]
gtk-cell_area.ads:1166:80: (style) this line is too long [-gnatyM]
gtk-cell_area.ads:1168:80: (style) this line is too long [-gnatyM]
gtk-cell_area.ads:1187:06: (style) trailing spaces not permitted [-gnatyb]
gtk-cell_area.ads:1190:80: (style) this line is too long [-gnatyM]
gtk-cell_area.ads:1192:80: (style) this line is too long [-gnatyM]
gtk-cell_area.ads:1194:80: (style) this line is too long [-gnatyM]
gtk-cell_area.ads:1197:80: (style) this line is too long [-gnatyM]
gtk-cell_area.ads:1199:80: (style) this line is too long [-gnatyM]
gtk-cell_area.ads:1214:06: (style) trailing spaces not permitted [-gnatyb]
gtk-cell_area.ads:1218:80: (style) this line is too long [-gnatyM]
   [Ada]          gtk-icon_factory.adb
   [Ada]          gtk-style_provider.adb
   [Ada]          gtk-progress_bar.adb
gtk-style_provider.ads:102:01: (style) incorrect layout [-gnatyl]
   [Ada]          gtk-dialog.adb
gtk-style_context.ads:299:80: (style) this line is too long [-gnatyM]
   [Ada]          gtk-cell_renderer_toggle.adb
gtk-progress_bar.ads:264:80: (style) this line is too long [-gnatyM]
   [Ada]          gtk-list_box.adb
gtk-button.ads:450:80: (style) this line is too long [-gnatyM]
   [Ada]          pango-enums.adb
   [Ada]          gtk-menu_tool_button.adb
gtk-cell_renderer_toggle.ads:41:80: (style) this line is too long [-gnatyM]
gtk-cell_renderer_toggle.ads:42:80: (style) this line is too long [-gnatyM]
gtk-cell_renderer_toggle.ads:140:80: (style) this line is too long [-gnatyM]
   [Ada]          gtk-stack_switcher.adb
gtk-dialog.ads:439:80: (style) this line is too long [-gnatyM]
   [Ada]          gtk-cell_layout.adb
gtk-cell_layout.ads:124:80: (style) this line is too long [-gnatyM]
gtk-cell_layout.ads:148:80: (style) this line is too long [-gnatyM]
gtk-cell_layout.ads:170:80: (style) this line is too long [-gnatyM]
gtk-cell_layout.ads:185:80: (style) this line is too long [-gnatyM]
gtk-cell_layout.ads:198:80: (style) this line is too long [-gnatyM]
gtk-cell_layout.ads:211:80: (style) this line is too long [-gnatyM]
gtk-cell_layout.ads:222:80: (style) this line is too long [-gnatyM]
gtk-cell_layout.ads:240:80: (style) this line is too long [-gnatyM]
gtk-cell_layout.ads:244:80: (style) this line is too long [-gnatyM]
gtk-cell_layout.ads:255:80: (style) this line is too long [-gnatyM]
gtk-cell_layout.ads:282:01: (style) incorrect layout [-gnatyl]
   [Ada]          gtk-color_selection_dialog.adb
gtk-list_box.ads:288:80: (style) this line is too long [-gnatyM]
gtk-list_box.ads:290:80: (style) this line is too long [-gnatyM]
gtk-list_box.ads:329:80: (style) this line is too long [-gnatyM]
gtk-list_box.ads:385:80: (style) this line is too long [-gnatyM]
gtk-list_box.ads:388:80: (style) this line is too long [-gnatyM]
gtk-list_box.ads:389:80: (style) this line is too long [-gnatyM]
gtk-list_box.ads:390:80: (style) this line is too long [-gnatyM]
gtk-list_box.ads:398:80: (style) this line is too long [-gnatyM]
gtk-list_box.ads:452:80: (style) this line is too long [-gnatyM]
gtk-list_box.ads:453:80: (style) this line is too long [-gnatyM]
gtk-list_box.ads:494:80: (style) this line is too long [-gnatyM]
gtk-list_box.ads:502:80: (style) this line is too long [-gnatyM]
gtk-list_box.ads:507:80: (style) this line is too long [-gnatyM]
gtk-list_box.ads:518:80: (style) this line is too long [-gnatyM]
gtk-list_box.ads:538:06: (style) trailing spaces not permitted [-gnatyb]
gtk-list_box.ads:595:80: (style) this line is too long [-gnatyM]
gtk-list_box.ads:656:80: (style) this line is too long [-gnatyM]
   [Ada]          gtk-menu_item.adb
gtk-stack_switcher.ads:124:80: (style) this line is too long [-gnatyM]
gtk-stack_switcher.ads:135:80: (style) this line is too long [-gnatyM]
   [Ada]          gtk-image_menu_item.adb
gtk-menu_tool_button.ads:61:80: (style) this line is too long [-gnatyM]
gtk-menu_tool_button.ads:263:80: (style) this line is too long [-gnatyM]
gtk-menu_tool_button.ads:274:80: (style) this line is too long [-gnatyM]
gtk-menu_tool_button.ads:285:80: (style) this line is too long [-gnatyM]
   [Ada]          gtk-frame.adb
gtk-color_selection_dialog.ads:42:80: (style) this line is too long [-gnatyM]
gtk-color_selection_dialog.ads:43:80: (style) this line is too long [-gnatyM]
gtk-color_selection_dialog.ads:53:80: (style) this line is too long [-gnatyM]
gtk-color_selection_dialog.ads:73:80: (style) this line is too long [-gnatyM]
gtk-color_selection_dialog.ads:105:80: (style) this line is too long [-gnatyM]
   [Ada]          gtk-scrollable.adb
gtk-scrollable.ads:177:80: (style) this line is too long [-gnatyM]
gtk-scrollable.ads:181:80: (style) this line is too long [-gnatyM]
gtk-scrollable.ads:186:01: (style) incorrect layout [-gnatyl]
   [Ada]          gtk-tree_row_reference.adb
gtk-image_menu_item.ads:48:80: (style) this line is too long [-gnatyM]
gtk-image_menu_item.ads:210:80: (style) this line is too long [-gnatyM]
gtk-image_menu_item.ads:314:80: (style) this line is too long [-gnatyM]
gtk-image_menu_item.ads:325:80: (style) this line is too long [-gnatyM]
gtk-image_menu_item.ads:336:80: (style) this line is too long [-gnatyM]
   [Ada]          gtk-toggle_tool_button.adb
   [Ada]          gtk-color_chooser_widget.adb
gtk-menu_item.ads:356:80: (style) this line is too long [-gnatyM]
gtk-menu_item.ads:417:80: (style) this line is too long [-gnatyM]
gtk-menu_item.ads:436:80: (style) this line is too long [-gnatyM]
   [Ada]          gtk-selection_data.adb
gtk-color_chooser_widget.ads:58:80: (style) this line is too long [-gnatyM]
gtk-color_chooser_widget.ads:140:80: (style) this line is too long [-gnatyM]
gtk-color_chooser_widget.ads:151:80: (style) this line is too long [-gnatyM]
gtk-color_chooser_widget.ads:162:80: (style) this line is too long [-gnatyM]
   [Ada]          gtk-overlay.adb
gtk-selection_data.ads:38:80: (style) this line is too long [-gnatyM]
gtk-selection_data.ads:215:80: (style) this line is too long [-gnatyM]
   [Ada]          gtk-cell_renderer_spin.adb
gtk-tree_row_reference.ads:41:80: (style) this line is too long [-gnatyM]
gtk-tree_row_reference.ads:42:80: (style) this line is too long [-gnatyM]
gtk-tree_row_reference.ads:195:80: (style) this line is too long [-gnatyM]
   [Ada]          gtk-icon_set.adb
gtk-toggle_tool_button.ads:47:80: (style) this line is too long [-gnatyM]
gtk-toggle_tool_button.ads:48:80: (style) this line is too long [-gnatyM]
gtk-toggle_tool_button.ads:213:80: (style) this line is too long [-gnatyM]
gtk-toggle_tool_button.ads:224:80: (style) this line is too long [-gnatyM]
gtk-toggle_tool_button.ads:235:80: (style) this line is too long [-gnatyM]
   [Ada]          gtk-recent_filter.adb
gtk-cell_renderer_spin.ads:53:80: (style) this line is too long [-gnatyM]
gtk-cell_renderer_spin.ads:54:80: (style) this line is too long [-gnatyM]
   [Ada]          gtk-icon_view.adb
gtk-icon_set.ads:52:80: (style) this line is too long [-gnatyM]
gtk-icon_set.ads:183:80: (style) this line is too long [-gnatyM]
gtk-icon_set.ads:200:80: (style) this line is too long [-gnatyM]
gtk-icon_set.ads:237:80: (style) this line is too long [-gnatyM]
   [Ada]          gdk-window.adb
gtk-recent_filter.ads:102:80: (style) this line is too long [-gnatyM]
gtk-recent_filter.ads:107:80: (style) this line is too long [-gnatyM]
gtk-recent_filter.ads:108:80: (style) this line is too long [-gnatyM]
gtk-recent_filter.ads:109:80: (style) this line is too long [-gnatyM]
gtk-recent_filter.ads:115:80: (style) this line is too long [-gnatyM]
gtk-recent_filter.ads:128:80: (style) this line is too long [-gnatyM]
gtk-recent_filter.ads:217:80: (style) this line is too long [-gnatyM]
gtk-recent_filter.ads:315:80: (style) this line is too long [-gnatyM]
   [Ada]          gtk-tree_store.adb
gtk-overlay.ads:98:80: (style) this line is too long [-gnatyM]
gtk-overlay.ads:110:80: (style) this line is too long [-gnatyM]
gtk-overlay.ads:131:06: (style) trailing spaces not permitted [-gnatyb]
   [Ada]          glib-option.adb
gdk-window.ads:28:06: warning: unnecessary with of ancestor [-gnatwr]
gdk-window.ads:288:80: (style) this line is too long [-gnatyM]
gdk-window.ads:326:80: (style) this line is too long [-gnatyM]
gdk-window.ads:334:80: (style) this line is too long [-gnatyM]
gdk-window.ads:350:80: (style) this line is too long [-gnatyM]
gdk-window.ads:591:80: (style) this line is too long [-gnatyM]
gdk-window.ads:607:80: (style) this line is too long [-gnatyM]
gdk-window.ads:643:80: (style) this line is too long [-gnatyM]
gdk-window.ads:679:80: (style) this line is too long [-gnatyM]
gdk-window.ads:734:80: (style) this line is too long [-gnatyM]
gdk-window.ads:743:80: (style) this line is too long [-gnatyM]
gdk-window.ads:930:80: (style) this line is too long [-gnatyM]
gdk-window.ads:1326:80: (style) this line is too long [-gnatyM]
gdk-window.ads:1480:80: (style) this line is too long [-gnatyM]
gdk-window.ads:1651:80: (style) this line is too long [-gnatyM]
gdk-window.ads:1971:80: (style) this line is too long [-gnatyM]
gdk-window.ads:2130:06: (style) trailing spaces not permitted [-gnatyb]
gdk-window.ads:2147:06: (style) trailing spaces not permitted [-gnatyb]
gdk-window.ads:2151:80: (style) this line is too long [-gnatyM]
gdk-window.ads:2153:80: (style) this line is too long [-gnatyM]
gdk-window.ads:2156:80: (style) this line is too long [-gnatyM]
gdk-window.ads:2163:06: (style) trailing spaces not permitted [-gnatyb]
gdk-window.ads:2181:06: (style) trailing spaces not permitted [-gnatyb]
   [Ada]          gtk-toolbar.adb
glib-option.ads:32:06: warning: unnecessary with of ancestor [-gnatwr]
glib-option.ads:45:80: (style) this line is too long [-gnatyM]
glib-option.ads:119:80: (style) this line is too long [-gnatyM]
glib-option.ads:284:80: (style) this line is too long [-gnatyM]
glib-option.ads:331:80: (style) this line is too long [-gnatyM]
glib-option.ads:340:52: (style) space required [-gnatyt]
glib-option.ads:343:80: (style) this line is too long [-gnatyM]
glib-option.ads:372:80: (style) this line is too long [-gnatyM]
glib-option.ads:376:56: (style) space required [-gnatyt]
glib-option.ads:379:01: (style) trailing spaces not permitted [-gnatyb]
   [Ada]          gtk-cell_view.adb
gtk-tree_store.ads:60:80: (style) this line is too long [-gnatyM]
gtk-tree_store.ads:326:80: (style) this line is too long [-gnatyM]
gtk-tree_store.ads:362:80: (style) this line is too long [-gnatyM]
gtk-tree_store.ads:363:80: (style) this line is too long [-gnatyM]
gtk-tree_store.ads:366:80: (style) this line is too long [-gnatyM]
gtk-tree_store.ads:378:80: (style) this line is too long [-gnatyM]
gtk-tree_store.ads:416:80: (style) this line is too long [-gnatyM]
gtk-tree_store.ads:417:80: (style) this line is too long [-gnatyM]
gtk-tree_store.ads:420:80: (style) this line is too long [-gnatyM]
gtk-tree_store.ads:432:80: (style) this line is too long [-gnatyM]
gtk-tree_store.ads:730:80: (style) this line is too long [-gnatyM]
gtk-tree_store.ads:741:80: (style) this line is too long [-gnatyM]
gtk-tree_store.ads:763:80: (style) this line is too long [-gnatyM]
   [Ada]          gdk-cursor.adb
gtk-icon_view.ads:91:80: (style) this line is too long [-gnatyM]
gtk-icon_view.ads:108:80: (style) this line is too long [-gnatyM]
gtk-icon_view.ads:747:80: (style) this line is too long [-gnatyM]
gtk-icon_view.ads:765:80: (style) this line is too long [-gnatyM]
gtk-icon_view.ads:769:80: (style) this line is too long [-gnatyM]
gtk-icon_view.ads:779:80: (style) this line is too long [-gnatyM]
gtk-icon_view.ads:780:80: (style) this line is too long [-gnatyM]
gtk-icon_view.ads:823:80: (style) this line is too long [-gnatyM]
gtk-icon_view.ads:831:80: (style) this line is too long [-gnatyM]
gtk-icon_view.ads:839:80: (style) this line is too long [-gnatyM]
gtk-icon_view.ads:844:80: (style) this line is too long [-gnatyM]
gtk-icon_view.ads:849:80: (style) this line is too long [-gnatyM]
gtk-icon_view.ads:890:80: (style) this line is too long [-gnatyM]
gtk-icon_view.ads:981:80: (style) this line is too long [-gnatyM]
gtk-icon_view.ads:1025:80: (style) this line is too long [-gnatyM]
gtk-icon_view.ads:1056:06: (style) trailing spaces not permitted [-gnatyb]
gtk-icon_view.ads:1058:80: (style) this line is too long [-gnatyM]
gtk-icon_view.ads:1061:80: (style) this line is too long [-gnatyM]
gtk-icon_view.ads:1085:80: (style) this line is too long [-gnatyM]
gtk-icon_view.ads:1117:80: (style) this line is too long [-gnatyM]
gtk-icon_view.ads:1233:80: (style) this line is too long [-gnatyM]
   [Ada]          gtk-layout.adb
   [Ada]          gtk-gesture_single.adb
gtk-toolbar.ads:281:06: (style) trailing spaces not permitted [-gnatyb]
gtk-toolbar.ads:294:80: (style) this line is too long [-gnatyM]
gtk-toolbar.ads:318:80: (style) this line is too long [-gnatyM]
gtk-toolbar.ads:336:06: (style) trailing spaces not permitted [-gnatyb]
   [Ada]          gtk-info_bar.adb
gtk-cell_view.ads:73:80: (style) this line is too long [-gnatyM]
gtk-cell_view.ads:103:80: (style) this line is too long [-gnatyM]
gtk-cell_view.ads:107:80: (style) this line is too long [-gnatyM]
gtk-cell_view.ads:123:80: (style) this line is too long [-gnatyM]
gtk-cell_view.ads:309:80: (style) this line is too long [-gnatyM]
gtk-cell_view.ads:327:80: (style) this line is too long [-gnatyM]
gtk-cell_view.ads:331:80: (style) this line is too long [-gnatyM]
gtk-cell_view.ads:341:80: (style) this line is too long [-gnatyM]
gtk-cell_view.ads:342:80: (style) this line is too long [-gnatyM]
gtk-cell_view.ads:366:80: (style) this line is too long [-gnatyM]
gtk-cell_view.ads:374:80: (style) this line is too long [-gnatyM]
gtk-cell_view.ads:382:80: (style) this line is too long [-gnatyM]
gtk-cell_view.ads:387:80: (style) this line is too long [-gnatyM]
gtk-cell_view.ads:392:80: (style) this line is too long [-gnatyM]
   [Ada]          gdk-drag_contexts.adb
   [Ada]          glib-action_map.adb
   [Ada]          glib-application.adb
gdk-drag_contexts.ads:26:06: warning: unnecessary with of ancestor [-gnatwr]
gdk-drag_contexts.ads:72:80: (style) this line is too long [-gnatyM]
   [Ada]          gtk-tool_shell.adb
glib-action_map.ads:38:06: warning: unnecessary with of ancestor [-gnatwr]
glib-action_map.ads:44:16: (style) space required [-gnatyt]
glib-action_map.ads:46:16: (style) space required [-gnatyt]
glib-action_map.ads:177:80: (style) this line is too long [-gnatyM]
glib-action_map.ads:195:80: (style) this line is too long [-gnatyM]
glib-action_map.ads:221:01: (style) incorrect layout [-gnatyl]
glib-action_map.ads:232:01: (style) incorrect layout [-gnatyl]
   [Ada]          gtk-radio_tool_button.adb
gtk-tool_shell.ads:103:80: (style) this line is too long [-gnatyM]
gtk-tool_shell.ads:147:80: (style) this line is too long [-gnatyM]
gtk-tool_shell.ads:150:80: (style) this line is too long [-gnatyM]
gtk-tool_shell.ads:157:80: (style) this line is too long [-gnatyM]
gtk-tool_shell.ads:164:80: (style) this line is too long [-gnatyM]
gtk-tool_shell.ads:171:80: (style) this line is too long [-gnatyM]
gtk-tool_shell.ads:178:80: (style) this line is too long [-gnatyM]
gtk-tool_shell.ads:185:80: (style) this line is too long [-gnatyM]
gtk-tool_shell.ads:206:80: (style) this line is too long [-gnatyM]
gtk-tool_shell.ads:216:80: (style) this line is too long [-gnatyM]
gtk-tool_shell.ads:221:80: (style) this line is too long [-gnatyM]
gtk-tool_shell.ads:231:80: (style) this line is too long [-gnatyM]
gtk-tool_shell.ads:236:80: (style) this line is too long [-gnatyM]
gtk-tool_shell.ads:241:80: (style) this line is too long [-gnatyM]
gtk-tool_shell.ads:251:01: (style) incorrect layout [-gnatyl]
   [Ada]          gtk-symbolic_color.adb
gtk-symbolic_color.ads:51:80: (style) this line is too long [-gnatyM]
gtk-symbolic_color.ads:205:80: (style) this line is too long [-gnatyM]
   [Ada]          gtk-assistant.adb
gtk-info_bar.ads:229:80: (style) this line is too long [-gnatyM]
gtk-info_bar.ads:242:80: (style) this line is too long [-gnatyM]
gtk-info_bar.ads:318:80: (style) this line is too long [-gnatyM]
   [Ada]          gtk-radio_action.adb
glib-application.ads:63:80: (style) this line is too long [-gnatyM]
glib-application.ads:131:80: (style) this line is too long [-gnatyM]
glib-application.ads:134:80: (style) this line is too long [-gnatyM]
glib-application.ads:137:80: (style) this line is too long [-gnatyM]
glib-application.ads:143:06: warning: unnecessary with of ancestor [-gnatwr]
glib-application.ads:173:80: (style) this line is too long [-gnatyM]
glib-application.ads:174:80: (style) this line is too long [-gnatyM]
glib-application.ads:182:80: (style) this line is too long [-gnatyM]
glib-application.ads:232:80: (style) this line is too long [-gnatyM]
glib-application.ads:514:80: (style) this line is too long [-gnatyM]
glib-application.ads:844:80: (style) this line is too long [-gnatyM]
glib-application.ads:862:80: (style) this line is too long [-gnatyM]
glib-application.ads:886:06: (style) trailing spaces not permitted [-gnatyb]
glib-application.ads:893:80: (style) this line is too long [-gnatyM]
glib-application.ads:938:06: (style) trailing spaces not permitted [-gnatyb]
glib-application.ads:942:07: (style) space required [-gnatyt]
glib-application.ads:943:07: (style) space required [-gnatyt]
glib-application.ads:944:07: (style) space required [-gnatyt]
glib-application.ads:954:06: (style) trailing spaces not permitted [-gnatyb]
glib-application.ads:1052:80: (style) this line is too long [-gnatyM]
   [Ada]          gdk-device.adb
gtk-assistant.ads:93:80: (style) this line is too long [-gnatyM]
gtk-assistant.ads:106:80: (style) this line is too long [-gnatyM]
gtk-assistant.ads:354:80: (style) this line is too long [-gnatyM]
gtk-assistant.ads:405:80: (style) this line is too long [-gnatyM]
   [Ada]          pango-coverage.adb
gdk-device.ads:35:06: warning: unnecessary with of ancestor [-gnatwr]
   [Ada]          gdk-display.adb
gtk-radio_tool_button.ads:52:80: (style) this line is too long [-gnatyM]
gtk-radio_tool_button.ads:209:80: (style) this line is too long [-gnatyM]
gtk-radio_tool_button.ads:220:80: (style) this line is too long [-gnatyM]
gtk-radio_tool_button.ads:231:80: (style) this line is too long [-gnatyM]
   [Ada]          gtk-header_bar.adb
pango-coverage.ads:41:80: (style) this line is too long [-gnatyM]
pango-coverage.ads:90:80: (style) this line is too long [-gnatyM]
   [Ada]          gtk-offscreen_window.adb
gtk-radio_action.ads:44:80: (style) this line is too long [-gnatyM]
   [Ada]          gtk-adjustment.adb
gtk-header_bar.ads:255:80: (style) this line is too long [-gnatyM]
   [Ada]          gtk-action_group.adb
gtk-offscreen_window.ads:107:80: (style) this line is too long [-gnatyM]
   [Ada]          gtk-cell_renderer_pixbuf.adb
gdk-display.ads:46:06: warning: unnecessary with of ancestor [-gnatwr]
gdk-display.ads:360:80: (style) this line is too long [-gnatyM]
   [Ada]          gtk-text_iter.adb
gtk-cell_renderer_pixbuf.ads:52:80: (style) this line is too long [-gnatyM]
gtk-cell_renderer_pixbuf.ads:53:80: (style) this line is too long [-gnatyM]
gtk-cell_renderer_pixbuf.ads:134:80: (style) this line is too long [-gnatyM]
   [Ada]          gtk-cell_renderer_combo.adb
gtk-text_iter.ads:71:80: (style) this line is too long [-gnatyM]
gtk-text_iter.ads:724:80: (style) this line is too long [-gnatyM]
gtk-text_iter.ads:732:80: (style) this line is too long [-gnatyM]
gtk-text_iter.ads:738:80: (style) this line is too long [-gnatyM]
gtk-text_iter.ads:746:80: (style) this line is too long [-gnatyM]
gtk-text_iter.ads:896:01: (style) incorrect layout [-gnatyl]
gtk-text_iter.ads:919:01: (style) trailing spaces not permitted [-gnatyb]
   [Ada]          gtk-gesture_multi_press.adb
gtk-adjustment.ads:320:80: (style) this line is too long [-gnatyM]
   [Ada]          gtk-page_setup.adb
   [Ada]          gtk-scale_button.adb
gtk-action_group.ads:96:80: (style) this line is too long [-gnatyM]
gtk-action_group.ads:275:80: (style) this line is too long [-gnatyM]
gtk-action_group.ads:281:80: (style) this line is too long [-gnatyM]
gtk-action_group.ads:480:80: (style) this line is too long [-gnatyM]
gtk-action_group.ads:511:06: (style) trailing spaces not permitted [-gnatyb]
gtk-action_group.ads:532:06: (style) trailing spaces not permitted [-gnatyb]
   [Ada]          glib-poll.adb
glib-poll.ads:26:06: warning: unnecessary with of ancestor [-gnatwr]
   [Ada]          gtk-cell_renderer_accel.adb
gtk-cell_renderer_combo.ads:54:80: (style) this line is too long [-gnatyM]
gtk-cell_renderer_combo.ads:55:80: (style) this line is too long [-gnatyM]
gtk-cell_renderer_combo.ads:119:80: (style) this line is too long [-gnatyM]
gtk-cell_renderer_combo.ads:150:06: (style) trailing spaces not permitted [-gnatyb]
gtk-cell_renderer_combo.ads:154:80: (style) this line is too long [-gnatyM]
   [Ada]          gtk-recent_chooser_dialog.adb
gtk-gesture_multi_press.ads:48:80: (style) this line is too long [-gnatyM]
gtk-gesture_multi_press.ads:49:80: (style) this line is too long [-gnatyM]
gtk-gesture_multi_press.ads:110:80: (style) this line is too long [-gnatyM]
gtk-gesture_multi_press.ads:133:06: (style) trailing spaces not permitted [-gnatyb]
gtk-gesture_multi_press.ads:154:06: (style) trailing spaces not permitted [-gnatyb]
   [Ada]          gtk-font_selection_dialog.adb
gtk-cell_renderer_accel.ads:44:80: (style) this line is too long [-gnatyM]
gtk-cell_renderer_accel.ads:45:80: (style) this line is too long [-gnatyM]
gtk-cell_renderer_accel.ads:95:80: (style) this line is too long [-gnatyM]
gtk-cell_renderer_accel.ads:115:80: (style) this line is too long [-gnatyM]
gtk-cell_renderer_accel.ads:122:80: (style) this line is too long [-gnatyM]
gtk-cell_renderer_accel.ads:132:80: (style) this line is too long [-gnatyM]
gtk-cell_renderer_accel.ads:136:80: (style) this line is too long [-gnatyM]
gtk-cell_renderer_accel.ads:140:06: (style) trailing spaces not permitted [-gnatyb]
   [Ada]          glib-variant.adb
gtk-scale_button.ads:120:80: (style) this line is too long [-gnatyM]
gtk-scale_button.ads:239:36: (style) space required [-gnatyt]
gtk-scale_button.ads:323:80: (style) this line is too long [-gnatyM]
gtk-scale_button.ads:334:80: (style) this line is too long [-gnatyM]
gtk-scale_button.ads:356:80: (style) this line is too long [-gnatyM]
   [Ada]          gtk-recent_chooser_menu.adb
gtk-font_selection_dialog.ads:42:80: (style) this line is too long [-gnatyM]
gtk-font_selection_dialog.ads:43:80: (style) this line is too long [-gnatyM]
gtk-font_selection_dialog.ads:141:80: (style) this line is too long [-gnatyM]
   [Ada]          gtk-paned.adb
gtk-recent_chooser_dialog.ads:73:80: (style) this line is too long [-gnatyM]
gtk-recent_chooser_dialog.ads:74:80: (style) this line is too long [-gnatyM]
gtk-recent_chooser_dialog.ads:157:80: (style) this line is too long [-gnatyM]
gtk-recent_chooser_dialog.ads:185:80: (style) this line is too long [-gnatyM]
gtk-recent_chooser_dialog.ads:281:80: (style) this line is too long [-gnatyM]
gtk-recent_chooser_dialog.ads:307:80: (style) this line is too long [-gnatyM]
gtk-recent_chooser_dialog.ads:318:80: (style) this line is too long [-gnatyM]
   [Ada]          gtk-flow_box.adb
glib-variant.ads:237:06: warning: unnecessary with of ancestor [-gnatwr]
glib-variant.ads:1270:51: (style) space required [-gnatyt]
glib-variant.ads:1271:51: (style) space required [-gnatyt]
glib-variant.ads:1272:51: (style) space required [-gnatyt]
glib-variant.ads:1273:51: (style) space required [-gnatyt]
   [Ada]          pango-layout.adb
pango-layout.ads:79:80: (style) this line is too long [-gnatyM]
pango-layout.ads:83:80: (style) this line is too long [-gnatyM]
pango-layout.ads:101:80: (style) this line is too long [-gnatyM]
pango-layout.ads:799:01: (style) incorrect layout [-gnatyl]
pango-layout.ads:810:80: (style) this line is too long [-gnatyM]
   [Ada]          gtk-ui_manager.adb
gtk-paned.ads:325:80: (style) this line is too long [-gnatyM]
gtk-paned.ads:364:80: (style) this line is too long [-gnatyM]
   [Ada]          gtk-accel_map.adb
gtk-recent_chooser_menu.ads:66:80: (style) this line is too long [-gnatyM]
gtk-recent_chooser_menu.ads:112:80: (style) this line is too long [-gnatyM]
gtk-recent_chooser_menu.ads:115:80: (style) this line is too long [-gnatyM]
gtk-recent_chooser_menu.ads:129:80: (style) this line is too long [-gnatyM]
gtk-recent_chooser_menu.ads:190:80: (style) this line is too long [-gnatyM]
gtk-recent_chooser_menu.ads:247:80: (style) this line is too long [-gnatyM]
gtk-recent_chooser_menu.ads:343:80: (style) this line is too long [-gnatyM]
gtk-recent_chooser_menu.ads:381:80: (style) this line is too long [-gnatyM]
gtk-recent_chooser_menu.ads:392:80: (style) this line is too long [-gnatyM]
gtk-recent_chooser_menu.ads:403:80: (style) this line is too long [-gnatyM]
   [Ada]          gtk-style_properties.adb
gtk-style_properties.ads:165:80: (style) this line is too long [-gnatyM]
   [Ada]          gtk-event_box.adb
gtk-flow_box.ads:74:80: (style) this line is too long [-gnatyM]
gtk-flow_box.ads:82:80: (style) this line is too long [-gnatyM]
gtk-flow_box.ads:90:80: (style) this line is too long [-gnatyM]
gtk-flow_box.ads:91:80: (style) this line is too long [-gnatyM]
gtk-flow_box.ads:266:80: (style) this line is too long [-gnatyM]
gtk-flow_box.ads:286:80: (style) this line is too long [-gnatyM]
gtk-flow_box.ads:288:80: (style) this line is too long [-gnatyM]
gtk-flow_box.ads:327:80: (style) this line is too long [-gnatyM]
gtk-flow_box.ads:354:80: (style) this line is too long [-gnatyM]
gtk-flow_box.ads:384:80: (style) this line is too long [-gnatyM]
gtk-flow_box.ads:385:80: (style) this line is too long [-gnatyM]
gtk-flow_box.ads:412:80: (style) this line is too long [-gnatyM]
gtk-flow_box.ads:430:80: (style) this line is too long [-gnatyM]
gtk-flow_box.ads:456:80: (style) this line is too long [-gnatyM]
gtk-flow_box.ads:487:80: (style) this line is too long [-gnatyM]
gtk-flow_box.ads:492:80: (style) this line is too long [-gnatyM]
gtk-flow_box.ads:508:80: (style) this line is too long [-gnatyM]
gtk-flow_box.ads:512:80: (style) this line is too long [-gnatyM]
gtk-flow_box.ads:527:80: (style) this line is too long [-gnatyM]
gtk-flow_box.ads:561:06: (style) trailing spaces not permitted [-gnatyb]
gtk-flow_box.ads:563:80: (style) this line is too long [-gnatyM]
gtk-flow_box.ads:582:80: (style) this line is too long [-gnatyM]
gtk-flow_box.ads:598:80: (style) this line is too long [-gnatyM]
gtk-flow_box.ads:674:80: (style) this line is too long [-gnatyM]
   [Ada]          gtk-link_button.adb
gtk-accel_map.ads:142:80: (style) this line is too long [-gnatyM]
gtk-accel_map.ads:184:80: (style) this line is too long [-gnatyM]
gtk-accel_map.ads:315:80: (style) this line is too long [-gnatyM]
gtk-accel_map.ads:321:80: (style) this line is too long [-gnatyM]
gtk-accel_map.ads:330:80: (style) this line is too long [-gnatyM]
gtk-accel_map.ads:340:06: (style) trailing spaces not permitted [-gnatyb]
   [Ada]          gtk-gesture_swipe.adb
   [Ada]          gtk-level_bar.adb
gtk-ui_manager.ads:241:80: (style) this line is too long [-gnatyM]
gtk-ui_manager.ads:429:80: (style) this line is too long [-gnatyM]
gtk-ui_manager.ads:452:80: (style) this line is too long [-gnatyM]
gtk-ui_manager.ads:488:80: (style) this line is too long [-gnatyM]
gtk-ui_manager.ads:528:80: (style) this line is too long [-gnatyM]
gtk-ui_manager.ads:554:06: (style) trailing spaces not permitted [-gnatyb]
gtk-ui_manager.ads:571:06: (style) trailing spaces not permitted [-gnatyb]
   [Ada]          gtk-widget.adb
gtk-link_button.ads:263:80: (style) this line is too long [-gnatyM]
   [Ada]          gtk-drawing_area.adb
gtk-gesture_swipe.ads:48:80: (style) this line is too long [-gnatyM]
gtk-gesture_swipe.ads:120:06: (style) trailing spaces not permitted [-gnatyb]
   [Ada]          gtk-application.adb
   [Ada]          gdk-frame_timings.adb
   [Ada]          gtk-image.adb
gdk-frame_timings.ads:44:80: (style) this line is too long [-gnatyM]
gdk-frame_timings.ads:115:80: (style) this line is too long [-gnatyM]
   [Ada]          gtk-text_view.adb
   [Ada]          gtk-misc.adb
   [Ada]          gtk-enums.adb
gtk-application.ads:126:80: (style) this line is too long [-gnatyM]
gtk-application.ads:632:80: (style) this line is too long [-gnatyM]
   [Ada]          glib-simple_action.adb
gtk-text_view.ads:72:80: (style) this line is too long [-gnatyM]
gtk-text_view.ads:130:80: (style) this line is too long [-gnatyM]
gtk-text_view.ads:694:80: (style) this line is too long [-gnatyM]
gtk-text_view.ads:839:80: (style) this line is too long [-gnatyM]
gtk-text_view.ads:899:80: (style) this line is too long [-gnatyM]
gtk-text_view.ads:919:06: (style) trailing spaces not permitted [-gnatyb]
gtk-text_view.ads:921:80: (style) this line is too long [-gnatyM]
gtk-text_view.ads:948:80: (style) this line is too long [-gnatyM]
gtk-text_view.ads:954:80: (style) this line is too long [-gnatyM]
gtk-text_view.ads:986:06: (style) trailing spaces not permitted [-gnatyb]
gtk-text_view.ads:988:80: (style) this line is too long [-gnatyM]
gtk-text_view.ads:1018:06: (style) trailing spaces not permitted [-gnatyb]
gtk-text_view.ads:1020:80: (style) this line is too long [-gnatyM]
gtk-text_view.ads:1130:80: (style) this line is too long [-gnatyM]
   [Ada]          glib-utils.adb
   [Ada]          gtk-target_list.adb
gtk-target_list.ads:42:80: (style) this line is too long [-gnatyM]
gtk-target_list.ads:158:80: (style) this line is too long [-gnatyM]
   [Ada]          gtk-grid.adb
gtk-enums.adb:38:04: warning: possible aliasing problem for type "Chars_Ptr" [enabled by default]
gtk-enums.adb:38:04: warning: use -fno-strict-aliasing switch for references [enabled by default]
gtk-enums.adb:38:04: warning: or use "pragma No_Strict_Aliasing (Chars_Ptr);" [enabled by default]
gtk-enums.ads:643:80: (style) this line is too long [-gnatyM]
gtk-enums.ads:647:80: (style) this line is too long [-gnatyM]
gtk-enums.ads:659:80: (style) this line is too long [-gnatyM]
gtk-enums.ads:667:80: (style) this line is too long [-gnatyM]
gtk-enums.ads:675:80: (style) this line is too long [-gnatyM]
gtk-enums.ads:679:80: (style) this line is too long [-gnatyM]
gtk-enums.ads:683:80: (style) this line is too long [-gnatyM]
gtk-enums.ads:687:80: (style) this line is too long [-gnatyM]
gtk-enums.ads:691:80: (style) this line is too long [-gnatyM]
gtk-enums.ads:699:80: (style) this line is too long [-gnatyM]
gtk-enums.ads:703:80: (style) this line is too long [-gnatyM]
gtk-enums.ads:711:80: (style) this line is too long [-gnatyM]
gtk-enums.ads:719:80: (style) this line is too long [-gnatyM]
gtk-enums.ads:727:80: (style) this line is too long [-gnatyM]
gtk-enums.ads:731:80: (style) this line is too long [-gnatyM]
gtk-enums.ads:735:80: (style) this line is too long [-gnatyM]
gtk-enums.ads:739:80: (style) this line is too long [-gnatyM]
gtk-enums.ads:743:80: (style) this line is too long [-gnatyM]
gtk-enums.ads:755:80: (style) this line is too long [-gnatyM]
gtk-enums.ads:767:80: (style) this line is too long [-gnatyM]
gtk-enums.ads:791:80: (style) this line is too long [-gnatyM]
gtk-enums.ads:795:80: (style) this line is too long [-gnatyM]
gtk-enums.ads:799:80: (style) this line is too long [-gnatyM]
gtk-enums.ads:807:80: (style) this line is too long [-gnatyM]
gtk-enums.ads:827:80: (style) this line is too long [-gnatyM]
gtk-enums.ads:831:80: (style) this line is too long [-gnatyM]
gtk-enums.ads:835:80: (style) this line is too long [-gnatyM]
gtk-enums.ads:839:80: (style) this line is too long [-gnatyM]
gtk-enums.ads:843:80: (style) this line is too long [-gnatyM]
gtk-enums.ads:851:80: (style) this line is too long [-gnatyM]
   [Ada]          gtk-tree_view_column.adb
glib-simple_action.ads:35:06: warning: unnecessary with of ancestor [-gnatwr]
   [Ada]          gtk-cell_area_context.adb
   [Ada]          gtk-im_context.adb
   [Ada]          gtk-text_mark.adb
   [Ada]          gtk-notebook.adb
gtk-tree_view_column.ads:66:80: (style) this line is too long [-gnatyM]
gtk-tree_view_column.ads:67:80: (style) this line is too long [-gnatyM]
gtk-tree_view_column.ads:68:80: (style) this line is too long [-gnatyM]
gtk-tree_view_column.ads:76:80: (style) this line is too long [-gnatyM]
gtk-tree_view_column.ads:93:80: (style) this line is too long [-gnatyM]
gtk-tree_view_column.ads:141:80: (style) this line is too long [-gnatyM]
gtk-tree_view_column.ads:201:80: (style) this line is too long [-gnatyM]
gtk-tree_view_column.ads:469:80: (style) this line is too long [-gnatyM]
gtk-tree_view_column.ads:487:80: (style) this line is too long [-gnatyM]
gtk-tree_view_column.ads:491:80: (style) this line is too long [-gnatyM]
gtk-tree_view_column.ads:501:80: (style) this line is too long [-gnatyM]
gtk-tree_view_column.ads:502:80: (style) this line is too long [-gnatyM]
gtk-tree_view_column.ads:526:80: (style) this line is too long [-gnatyM]
gtk-tree_view_column.ads:535:80: (style) this line is too long [-gnatyM]
gtk-tree_view_column.ads:543:80: (style) this line is too long [-gnatyM]
gtk-tree_view_column.ads:548:80: (style) this line is too long [-gnatyM]
gtk-tree_view_column.ads:553:80: (style) this line is too long [-gnatyM]
gtk-tree_view_column.ads:587:80: (style) this line is too long [-gnatyM]
gtk-tree_view_column.ads:643:80: (style) this line is too long [-gnatyM]
gtk-tree_view_column.ads:654:80: (style) this line is too long [-gnatyM]
gtk-tree_view_column.ads:683:80: (style) this line is too long [-gnatyM]
   [Ada]          gtk-expander.adb
gtk-widget.ads:382:80: (style) this line is too long [-gnatyM]
gtk-widget.ads:389:80: (style) this line is too long [-gnatyM]
gtk-widget.ads:445:80: (style) this line is too long [-gnatyM]
gtk-widget.ads:486:80: (style) this line is too long [-gnatyM]
gtk-widget.ads:509:80: (style) this line is too long [-gnatyM]
gtk-widget.ads:588:80: (style) this line is too long [-gnatyM]
gtk-widget.ads:2779:80: (style) this line is too long [-gnatyM]
gtk-widget.ads:3144:80: (style) this line is too long [-gnatyM]
gtk-widget.ads:3178:80: (style) this line is too long [-gnatyM]
gtk-widget.ads:3179:80: (style) this line is too long [-gnatyM]
gtk-widget.ads:3181:80: (style) this line is too long [-gnatyM]
gtk-widget.ads:3269:32: (style) space required [-gnatyt]
gtk-widget.ads:3322:80: (style) this line is too long [-gnatyM]
gtk-widget.ads:3618:80: (style) this line is too long [-gnatyM]
gtk-widget.ads:3623:80: (style) this line is too long [-gnatyM]
gtk-widget.ads:3642:80: (style) this line is too long [-gnatyM]
gtk-widget.ads:3659:06: (style) trailing spaces not permitted [-gnatyb]
gtk-widget.ads:3661:80: (style) this line is too long [-gnatyM]
gtk-widget.ads:3662:80: (style) this line is too long [-gnatyM]
gtk-widget.ads:3665:80: (style) this line is too long [-gnatyM]
gtk-widget.ads:3682:06: (style) trailing spaces not permitted [-gnatyb]
gtk-widget.ads:3684:80: (style) this line is too long [-gnatyM]
gtk-widget.ads:3685:80: (style) this line is too long [-gnatyM]
gtk-widget.ads:3696:80: (style) this line is too long [-gnatyM]
gtk-widget.ads:3711:06: (style) trailing spaces not permitted [-gnatyb]
gtk-widget.ads:3738:80: (style) this line is too long [-gnatyM]
gtk-widget.ads:3775:06: (style) trailing spaces not permitted [-gnatyb]
gtk-widget.ads:3777:80: (style) this line is too long [-gnatyM]
gtk-widget.ads:3778:80: (style) this line is too long [-gnatyM]
gtk-widget.ads:3802:06: (style) trailing spaces not permitted [-gnatyb]
gtk-widget.ads:3805:80: (style) this line is too long [-gnatyM]
gtk-widget.ads:3831:06: (style) trailing spaces not permitted [-gnatyb]
gtk-widget.ads:3834:80: (style) this line is too long [-gnatyM]
gtk-widget.ads:3869:06: (style) trailing spaces not permitted [-gnatyb]
gtk-widget.ads:3872:80: (style) this line is too long [-gnatyM]
gtk-widget.ads:3938:80: (style) this line is too long [-gnatyM]
gtk-widget.ads:3945:80: (style) this line is too long [-gnatyM]
gtk-widget.ads:3967:06: (style) trailing spaces not permitted [-gnatyb]
gtk-widget.ads:3970:80: (style) this line is too long [-gnatyM]
gtk-widget.ads:3976:80: (style) this line is too long [-gnatyM]
gtk-widget.ads:3985:80: (style) this line is too long [-gnatyM]
gtk-widget.ads:3994:80: (style) this line is too long [-gnatyM]
gtk-widget.ads:3997:80: (style) this line is too long [-gnatyM]
gtk-widget.ads:4001:80: (style) this line is too long [-gnatyM]
gtk-widget.ads:4040:06: (style) trailing spaces not permitted [-gnatyb]
gtk-widget.ads:4050:80: (style) this line is too long [-gnatyM]
gtk-widget.ads:4057:80: (style) this line is too long [-gnatyM]
gtk-widget.ads:4084:06: (style) trailing spaces not permitted [-gnatyb]
gtk-widget.ads:4106:80: (style) this line is too long [-gnatyM]
gtk-widget.ads:4111:80: (style) this line is too long [-gnatyM]
gtk-widget.ads:4131:06: (style) trailing spaces not permitted [-gnatyb]
gtk-widget.ads:4135:80: (style) this line is too long [-gnatyM]
gtk-widget.ads:4166:06: (style) trailing spaces not permitted [-gnatyb]
gtk-widget.ads:4233:06: (style) trailing spaces not permitted [-gnatyb]
gtk-widget.ads:4275:06: (style) trailing spaces not permitted [-gnatyb]
gtk-widget.ads:4278:80: (style) this line is too long [-gnatyM]
gtk-widget.ads:4289:80: (style) this line is too long [-gnatyM]
gtk-widget.ads:4306:06: (style) trailing spaces not permitted [-gnatyb]
gtk-widget.ads:4308:80: (style) this line is too long [-gnatyM]
gtk-widget.ads:4309:80: (style) this line is too long [-gnatyM]
gtk-widget.ads:4327:06: (style) trailing spaces not permitted [-gnatyb]
gtk-widget.ads:4330:80: (style) this line is too long [-gnatyM]
gtk-widget.ads:4331:07: (style) space required [-gnatyt]
gtk-widget.ads:4376:06: (style) trailing spaces not permitted [-gnatyb]
gtk-widget.ads:4378:80: (style) this line is too long [-gnatyM]
gtk-widget.ads:4403:06: (style) trailing spaces not permitted [-gnatyb]
gtk-widget.ads:4405:80: (style) this line is too long [-gnatyM]
gtk-widget.ads:4406:80: (style) this line is too long [-gnatyM]
gtk-widget.ads:4424:06: (style) trailing spaces not permitted [-gnatyb]
gtk-widget.ads:4426:80: (style) this line is too long [-gnatyM]
gtk-widget.ads:4427:80: (style) this line is too long [-gnatyM]
gtk-widget.ads:4454:06: (style) trailing spaces not permitted [-gnatyb]
gtk-widget.ads:4558:06: (style) trailing spaces not permitted [-gnatyb]
gtk-widget.ads:4561:80: (style) this line is too long [-gnatyM]
gtk-widget.ads:4580:06: (style) trailing spaces not permitted [-gnatyb]
gtk-widget.ads:4583:80: (style) this line is too long [-gnatyM]
gtk-widget.ads:4598:06: (style) trailing spaces not permitted [-gnatyb]
gtk-widget.ads:4605:80: (style) this line is too long [-gnatyM]
gtk-widget.ads:4622:06: (style) trailing spaces not permitted [-gnatyb]
gtk-widget.ads:4624:80: (style) this line is too long [-gnatyM]
gtk-widget.ads:4625:80: (style) this line is too long [-gnatyM]
gtk-widget.ads:4672:06: (style) trailing spaces not permitted [-gnatyb]
gtk-widget.ads:4675:80: (style) this line is too long [-gnatyM]
gtk-widget.ads:4696:06: (style) trailing spaces not permitted [-gnatyb]
gtk-widget.ads:4698:80: (style) this line is too long [-gnatyM]
gtk-widget.ads:4699:07: (style) space required [-gnatyt]
gtk-widget.ads:4709:80: (style) this line is too long [-gnatyM]
gtk-widget.ads:4726:06: (style) trailing spaces not permitted [-gnatyb]
gtk-widget.ads:4728:80: (style) this line is too long [-gnatyM]
gtk-widget.ads:4729:80: (style) this line is too long [-gnatyM]
gtk-widget.ads:4788:06: (style) trailing spaces not permitted [-gnatyb]
gtk-widget.ads:4800:80: (style) this line is too long [-gnatyM]
gtk-widget.ads:4815:06: (style) trailing spaces not permitted [-gnatyb]
gtk-widget.ads:4817:80: (style) this line is too long [-gnatyM]
gtk-widget.ads:4818:80: (style) this line is too long [-gnatyM]
gtk-widget.ads:4829:80: (style) this line is too long [-gnatyM]
gtk-widget.ads:4843:06: (style) trailing spaces not permitted [-gnatyb]
gtk-widget.ads:4845:80: (style) this line is too long [-gnatyM]
gtk-widget.ads:4846:80: (style) this line is too long [-gnatyM]
gtk-widget.ads:4849:80: (style) this line is too long [-gnatyM]
gtk-widget.ads:4863:06: (style) trailing spaces not permitted [-gnatyb]
gtk-widget.ads:4865:80: (style) this line is too long [-gnatyM]
gtk-widget.ads:4866:80: (style) this line is too long [-gnatyM]
gtk-widget.ads:4869:80: (style) this line is too long [-gnatyM]
gtk-widget.ads:4877:80: (style) this line is too long [-gnatyM]
gtk-widget.ads:4906:06: (style) trailing spaces not permitted [-gnatyb]
gtk-widget.ads:4908:80: (style) this line is too long [-gnatyM]
gtk-widget.ads:4910:80: (style) this line is too long [-gnatyM]
gtk-widget.ads:4912:80: (style) this line is too long [-gnatyM]
gtk-widget.ads:4914:80: (style) this line is too long [-gnatyM]
gtk-widget.ads:4977:06: (style) trailing spaces not permitted [-gnatyb]
gtk-widget.ads:4979:80: (style) this line is too long [-gnatyM]
gtk-widget.ads:4980:80: (style) this line is too long [-gnatyM]
gtk-widget.ads:4991:80: (style) this line is too long [-gnatyM]
gtk-widget.ads:5003:06: (style) trailing spaces not permitted [-gnatyb]
gtk-widget.ads:5005:80: (style) this line is too long [-gnatyM]
gtk-widget.ads:5006:80: (style) this line is too long [-gnatyM]
gtk-widget.ads:5009:80: (style) this line is too long [-gnatyM]
gtk-widget.ads:5015:80: (style) this line is too long [-gnatyM]
gtk-widget.ads:5031:06: (style) trailing spaces not permitted [-gnatyb]
gtk-widget.ads:5034:80: (style) this line is too long [-gnatyM]
gtk-widget.ads:5044:06: (style) trailing spaces not permitted [-gnatyb]
gtk-widget.ads:5046:80: (style) this line is too long [-gnatyM]
gtk-widget.ads:5048:80: (style) this line is too long [-gnatyM]
gtk-widget.ads:5058:80: (style) this line is too long [-gnatyM]
gtk-widget.ads:5068:06: (style) trailing spaces not permitted [-gnatyb]
gtk-widget.ads:5071:80: (style) this line is too long [-gnatyM]
gtk-widget.ads:5083:06: (style) trailing spaces not permitted [-gnatyb]
gtk-widget.ads:5085:80: (style) this line is too long [-gnatyM]
gtk-widget.ads:5086:80: (style) this line is too long [-gnatyM]
gtk-widget.ads:5120:06: (style) trailing spaces not permitted [-gnatyb]
gtk-widget.ads:5122:80: (style) this line is too long [-gnatyM]
gtk-widget.ads:5123:07: (style) space required [-gnatyt]
gtk-widget.ads:5173:80: (style) this line is too long [-gnatyM]
gtk-widget.ads:5272:06: (style) trailing spaces not permitted [-gnatyb]
gtk-widget.ads:5275:80: (style) this line is too long [-gnatyM]
gtk-widget.ads:5301:80: (style) this line is too long [-gnatyM]
gtk-widget.ads:5316:06: (style) trailing spaces not permitted [-gnatyb]
gtk-widget.ads:5320:80: (style) this line is too long [-gnatyM]
gtk-widget.ads:5323:80: (style) this line is too long [-gnatyM]
gtk-widget.ads:5331:80: (style) this line is too long [-gnatyM]
gtk-widget.ads:5347:06: (style) trailing spaces not permitted [-gnatyb]
   [Ada]          gtk-separator_menu_item.adb
gtk-im_context.ads:242:80: (style) this line is too long [-gnatyM]
gtk-im_context.ads:254:06: (style) trailing spaces not permitted [-gnatyb]
gtk-im_context.ads:256:80: (style) this line is too long [-gnatyM]
gtk-im_context.ads:257:80: (style) this line is too long [-gnatyM]
gtk-im_context.ads:261:80: (style) this line is too long [-gnatyM]
gtk-im_context.ads:314:80: (style) this line is too long [-gnatyM]
gtk-im_context.ads:328:06: (style) trailing spaces not permitted [-gnatyb]
   [Ada]          glib-g_icon.adb
glib-g_icon.ads:59:06: warning: unnecessary with of ancestor [-gnatwr]
glib-g_icon.ads:144:01: (style) incorrect layout [-gnatyl]
   [Ada]          pango-font_family.adb
pango-font_family.ads:41:80: (style) this line is too long [-gnatyM]
   [Ada]          gtk-icon_source.adb
gtk-icon_source.ads:63:80: (style) this line is too long [-gnatyM]
gtk-icon_source.ads:313:80: (style) this line is too long [-gnatyM]
   [Ada]          gtk-print_context.adb
gtk-separator_menu_item.ads:44:80: (style) this line is too long [-gnatyM]
gtk-separator_menu_item.ads:45:80: (style) this line is too long [-gnatyM]
gtk-separator_menu_item.ads:132:80: (style) this line is too long [-gnatyM]
gtk-separator_menu_item.ads:143:80: (style) this line is too long [-gnatyM]
gtk-separator_menu_item.ads:154:80: (style) this line is too long [-gnatyM]
   [Ada]          gtk-radio_button.adb
gtk-notebook.ads:526:80: (style) this line is too long [-gnatyM]
gtk-notebook.ads:537:80: (style) this line is too long [-gnatyM]
gtk-notebook.ads:543:80: (style) this line is too long [-gnatyM]
gtk-notebook.ads:566:06: (style) trailing spaces not permitted [-gnatyb]
gtk-notebook.ads:634:06: (style) trailing spaces not permitted [-gnatyb]
gtk-notebook.ads:651:06: (style) trailing spaces not permitted [-gnatyb]
gtk-notebook.ads:668:06: (style) trailing spaces not permitted [-gnatyb]
gtk-notebook.ads:673:80: (style) this line is too long [-gnatyM]
gtk-notebook.ads:678:80: (style) this line is too long [-gnatyM]
gtk-notebook.ads:693:06: (style) trailing spaces not permitted [-gnatyb]
gtk-notebook.ads:726:06: (style) trailing spaces not permitted [-gnatyb]
   [Ada]          gtk-spin_button.adb
   [Ada]          gtk-tool_button.adb
gtk-expander.ads:296:80: (style) this line is too long [-gnatyM]
   [Ada]          gtk-print_settings.adb
gtk-print_settings.ads:57:80: (style) this line is too long [-gnatyM]
gtk-print_settings.ads:65:80: (style) this line is too long [-gnatyM]
gtk-print_settings.ads:171:80: (style) this line is too long [-gnatyM]
   [Ada]          gtk-separator_tool_item.adb
gtk-spin_button.ads:135:80: (style) this line is too long [-gnatyM]
gtk-spin_button.ads:237:80: (style) this line is too long [-gnatyM]
gtk-spin_button.ads:467:80: (style) this line is too long [-gnatyM]
gtk-spin_button.ads:531:06: (style) trailing spaces not permitted [-gnatyb]
gtk-spin_button.ads:565:06: (style) trailing spaces not permitted [-gnatyb]
gtk-spin_button.ads:627:80: (style) this line is too long [-gnatyM]
gtk-spin_button.ads:664:80: (style) this line is too long [-gnatyM]
   [Ada]          glib-menu.adb
gtk-tool_button.ads:362:80: (style) this line is too long [-gnatyM]
   [Ada]          gtk-tree_drag_dest.adb
gtk-separator_tool_item.ads:52:80: (style) this line is too long [-gnatyM]
gtk-separator_tool_item.ads:53:80: (style) this line is too long [-gnatyM]
gtk-separator_tool_item.ads:147:80: (style) this line is too long [-gnatyM]
gtk-separator_tool_item.ads:158:80: (style) this line is too long [-gnatyM]
   [Ada]          gtk-status_icon.adb
gtk-radio_button.ads:104:80: (style) this line is too long [-gnatyM]
gtk-radio_button.ads:374:80: (style) this line is too long [-gnatyM]
gtk-radio_button.ads:385:80: (style) this line is too long [-gnatyM]
   [Ada]          gtk-icon_theme.adb
gtk-tree_drag_dest.ads:121:80: (style) this line is too long [-gnatyM]
gtk-tree_drag_dest.ads:126:80: (style) this line is too long [-gnatyM]
gtk-tree_drag_dest.ads:131:01: (style) incorrect layout [-gnatyl]
   [Ada]          gtk-volume_button.adb
glib-menu.ads:37:06: warning: unnecessary with of ancestor [-gnatwr]
   [Ada]          gtk-table.adb
gtk-volume_button.ads:46:80: (style) this line is too long [-gnatyM]
gtk-volume_button.ads:160:80: (style) this line is too long [-gnatyM]
gtk-volume_button.ads:171:80: (style) this line is too long [-gnatyM]
gtk-volume_button.ads:182:80: (style) this line is too long [-gnatyM]
gtk-volume_button.ads:193:80: (style) this line is too long [-gnatyM]
   [Ada]          gtk-gesture_zoom.adb
   [Ada]          gtk-recent_manager.adb
gtk-icon_theme.ads:124:80: (style) this line is too long [-gnatyM]
gtk-icon_theme.ads:627:80: (style) this line is too long [-gnatyM]
gtk-icon_theme.ads:734:80: (style) this line is too long [-gnatyM]
   [Ada]          gtk-tree_model_filter.adb
gtk-status_icon.ads:40:80: (style) this line is too long [-gnatyM]
gtk-status_icon.ads:623:80: (style) this line is too long [-gnatyM]
gtk-status_icon.ads:638:06: (style) trailing spaces not permitted [-gnatyb]
gtk-status_icon.ads:640:80: (style) this line is too long [-gnatyM]
gtk-status_icon.ads:642:07: (style) space required [-gnatyt]
gtk-status_icon.ads:644:80: (style) this line is too long [-gnatyM]
gtk-status_icon.ads:659:06: (style) trailing spaces not permitted [-gnatyb]
gtk-status_icon.ads:661:80: (style) this line is too long [-gnatyM]
gtk-status_icon.ads:663:07: (style) space required [-gnatyt]
gtk-status_icon.ads:694:06: (style) trailing spaces not permitted [-gnatyb]
gtk-status_icon.ads:698:80: (style) this line is too long [-gnatyM]
gtk-status_icon.ads:701:80: (style) this line is too long [-gnatyM]
gtk-status_icon.ads:709:80: (style) this line is too long [-gnatyM]
gtk-status_icon.ads:742:06: (style) trailing spaces not permitted [-gnatyb]
gtk-status_icon.ads:744:80: (style) this line is too long [-gnatyM]
gtk-status_icon.ads:746:80: (style) this line is too long [-gnatyM]
gtk-status_icon.ads:748:80: (style) this line is too long [-gnatyM]
gtk-status_icon.ads:750:80: (style) this line is too long [-gnatyM]
gtk-status_icon.ads:775:06: (style) trailing spaces not permitted [-gnatyb]
gtk-status_icon.ads:777:80: (style) this line is too long [-gnatyM]
gtk-status_icon.ads:778:80: (style) this line is too long [-gnatyM]
gtk-status_icon.ads:801:06: (style) trailing spaces not permitted [-gnatyb]
gtk-status_icon.ads:805:07: (style) space required [-gnatyt]
   [Ada]          gtk-gentry.adb
   [Ada]          gtk-binding_set.adb
gtk-binding_set.ads:55:80: (style) this line is too long [-gnatyM]
   [Ada]          gtk-combo_box_text.adb
gtk-recent_manager.ads:79:03: (style) trailing spaces not permitted [-gnatyb]
gtk-recent_manager.ads:88:03: (style) trailing spaces not permitted [-gnatyb]
gtk-recent_manager.ads:104:03: (style) trailing spaces not permitted [-gnatyb]
gtk-recent_manager.ads:133:80: (style) this line is too long [-gnatyM]
gtk-recent_manager.ads:138:80: (style) this line is too long [-gnatyM]
gtk-recent_manager.ads:139:80: (style) this line is too long [-gnatyM]
gtk-recent_manager.ads:140:80: (style) this line is too long [-gnatyM]
   [Ada]          gtk-toggle_button.adb
gtk-tree_model_filter.ads:107:80: (style) this line is too long [-gnatyM]
gtk-tree_model_filter.ads:282:80: (style) this line is too long [-gnatyM]
gtk-tree_model_filter.ads:289:80: (style) this line is too long [-gnatyM]
gtk-tree_model_filter.ads:295:80: (style) this line is too long [-gnatyM]
gtk-tree_model_filter.ads:363:80: (style) this line is too long [-gnatyM]
gtk-tree_model_filter.ads:371:80: (style) this line is too long [-gnatyM]
gtk-tree_model_filter.ads:426:80: (style) this line is too long [-gnatyM]
gtk-tree_model_filter.ads:589:80: (style) this line is too long [-gnatyM]
gtk-tree_model_filter.ads:600:80: (style) this line is too long [-gnatyM]
   [Ada]          gtk-fixed.adb
gtk-combo_box_text.ads:81:80: (style) this line is too long [-gnatyM]
gtk-combo_box_text.ads:221:80: (style) this line is too long [-gnatyM]
gtk-combo_box_text.ads:239:80: (style) this line is too long [-gnatyM]
gtk-combo_box_text.ads:243:80: (style) this line is too long [-gnatyM]
gtk-combo_box_text.ads:253:80: (style) this line is too long [-gnatyM]
gtk-combo_box_text.ads:254:80: (style) this line is too long [-gnatyM]
gtk-combo_box_text.ads:288:80: (style) this line is too long [-gnatyM]
gtk-combo_box_text.ads:296:80: (style) this line is too long [-gnatyM]
gtk-combo_box_text.ads:304:80: (style) this line is too long [-gnatyM]
gtk-combo_box_text.ads:309:80: (style) this line is too long [-gnatyM]
gtk-combo_box_text.ads:314:80: (style) this line is too long [-gnatyM]
gtk-combo_box_text.ads:329:80: (style) this line is too long [-gnatyM]
gtk-combo_box_text.ads:340:80: (style) this line is too long [-gnatyM]
gtk-combo_box_text.ads:351:80: (style) this line is too long [-gnatyM]
   [Ada]          gtk-recent_info.adb
   [Ada]          gtk-tool_item_group.adb
gtk-recent_info.ads:44:80: (style) this line is too long [-gnatyM]
gtk-recent_info.ads:188:80: (style) this line is too long [-gnatyM]
   [Ada]          gtk-popover.adb
gtk-toggle_button.ads:310:80: (style) this line is too long [-gnatyM]
gtk-toggle_button.ads:321:80: (style) this line is too long [-gnatyM]
gtk-toggle_button.ads:332:80: (style) this line is too long [-gnatyM]
   [Ada]          gtk-recent_chooser.adb
gtk-gentry.ads:115:80: (style) this line is too long [-gnatyM]
gtk-gentry.ads:132:80: (style) this line is too long [-gnatyM]
gtk-gentry.ads:135:80: (style) this line is too long [-gnatyM]
gtk-gentry.ads:211:80: (style) this line is too long [-gnatyM]
gtk-gentry.ads:225:80: (style) this line is too long [-gnatyM]
gtk-gentry.ads:250:80: (style) this line is too long [-gnatyM]
gtk-gentry.ads:996:80: (style) this line is too long [-gnatyM]
gtk-gentry.ads:1030:80: (style) this line is too long [-gnatyM]
gtk-gentry.ads:1034:80: (style) this line is too long [-gnatyM]
gtk-gentry.ads:1040:80: (style) this line is too long [-gnatyM]
gtk-gentry.ads:1056:80: (style) this line is too long [-gnatyM]
gtk-gentry.ads:1077:80: (style) this line is too long [-gnatyM]
gtk-gentry.ads:1090:80: (style) this line is too long [-gnatyM]
gtk-gentry.ads:1094:80: (style) this line is too long [-gnatyM]
gtk-gentry.ads:1100:80: (style) this line is too long [-gnatyM]
gtk-gentry.ads:1134:80: (style) this line is too long [-gnatyM]
gtk-gentry.ads:1212:80: (style) this line is too long [-gnatyM]
gtk-gentry.ads:1231:06: (style) trailing spaces not permitted [-gnatyb]
gtk-gentry.ads:1233:80: (style) this line is too long [-gnatyM]
gtk-gentry.ads:1236:80: (style) this line is too long [-gnatyM]
gtk-gentry.ads:1241:80: (style) this line is too long [-gnatyM]
gtk-gentry.ads:1257:06: (style) trailing spaces not permitted [-gnatyb]
gtk-gentry.ads:1274:06: (style) trailing spaces not permitted [-gnatyb]
gtk-gentry.ads:1303:80: (style) this line is too long [-gnatyM]
gtk-gentry.ads:1309:80: (style) this line is too long [-gnatyM]
gtk-gentry.ads:1340:06: (style) trailing spaces not permitted [-gnatyb]
gtk-gentry.ads:1342:80: (style) this line is too long [-gnatyM]
gtk-gentry.ads:1485:80: (style) this line is too long [-gnatyM]
gtk-gentry.ads:1487:80: (style) this line is too long [-gnatyM]
gtk-gentry.ads:1489:80: (style) this line is too long [-gnatyM]
gtk-gentry.ads:1493:80: (style) this line is too long [-gnatyM]
gtk-gentry.ads:1501:80: (style) this line is too long [-gnatyM]
gtk-gentry.ads:1509:80: (style) this line is too long [-gnatyM]
gtk-gentry.ads:1511:80: (style) this line is too long [-gnatyM]
gtk-gentry.ads:1513:80: (style) this line is too long [-gnatyM]
gtk-gentry.ads:1517:80: (style) this line is too long [-gnatyM]
gtk-gentry.ads:1525:80: (style) this line is too long [-gnatyM]
   [Ada]          gtk-actionable.adb
gtk-actionable.ads:49:16: (style) space required [-gnatyt]
gtk-actionable.ads:51:16: (style) space required [-gnatyt]
gtk-actionable.ads:159:80: (style) this line is too long [-gnatyM]
gtk-actionable.ads:165:80: (style) this line is too long [-gnatyM]
gtk-actionable.ads:189:80: (style) this line is too long [-gnatyM]
gtk-actionable.ads:216:80: (style) this line is too long [-gnatyM]
gtk-actionable.ads:221:80: (style) this line is too long [-gnatyM]
gtk-actionable.ads:226:80: (style) this line is too long [-gnatyM]
gtk-actionable.ads:231:80: (style) this line is too long [-gnatyM]
gtk-actionable.ads:240:01: (style) incorrect layout [-gnatyl]
   [Ada]          gtk-window.adb
gtk-tool_item_group.ads:46:80: (style) this line is too long [-gnatyM]
gtk-tool_item_group.ads:263:80: (style) this line is too long [-gnatyM]
gtk-tool_item_group.ads:274:80: (style) this line is too long [-gnatyM]
   [Ada]          pango-fontset.adb
pango-fontset.ads:91:80: (style) this line is too long [-gnatyM]
   [Ada]          gtk-tree_sortable.adb
gtk-recent_chooser.ads:74:80: (style) this line is too long [-gnatyM]
gtk-recent_chooser.ads:89:80: (style) this line is too long [-gnatyM]
gtk-recent_chooser.ads:252:80: (style) this line is too long [-gnatyM]
gtk-recent_chooser.ads:372:80: (style) this line is too long [-gnatyM]
gtk-recent_chooser.ads:380:80: (style) this line is too long [-gnatyM]
gtk-recent_chooser.ads:425:80: (style) this line is too long [-gnatyM]
gtk-recent_chooser.ads:446:01: (style) incorrect layout [-gnatyl]
   [Ada]          gtk-spinner.adb
gtk-popover.ads:272:80: (style) this line is too long [-gnatyM]
   [Ada]          gtk-gesture_drag.adb
   [Ada]          glib-cancellable.adb
gtk-tree_sortable.ads:80:80: (style) this line is too long [-gnatyM]
gtk-tree_sortable.ads:92:80: (style) this line is too long [-gnatyM]
gtk-tree_sortable.ads:135:80: (style) this line is too long [-gnatyM]
gtk-tree_sortable.ads:136:80: (style) this line is too long [-gnatyM]
gtk-tree_sortable.ads:139:80: (style) this line is too long [-gnatyM]
gtk-tree_sortable.ads:189:80: (style) this line is too long [-gnatyM]
gtk-tree_sortable.ads:190:80: (style) this line is too long [-gnatyM]
gtk-tree_sortable.ads:193:80: (style) this line is too long [-gnatyM]
gtk-tree_sortable.ads:219:80: (style) this line is too long [-gnatyM]
gtk-tree_sortable.ads:235:80: (style) this line is too long [-gnatyM]
gtk-tree_sortable.ads:240:80: (style) this line is too long [-gnatyM]
gtk-tree_sortable.ads:280:80: (style) this line is too long [-gnatyM]
gtk-tree_sortable.ads:336:80: (style) this line is too long [-gnatyM]
gtk-tree_sortable.ads:346:80: (style) this line is too long [-gnatyM]
gtk-tree_sortable.ads:351:80: (style) this line is too long [-gnatyM]
gtk-tree_sortable.ads:356:80: (style) this line is too long [-gnatyM]
gtk-tree_sortable.ads:361:80: (style) this line is too long [-gnatyM]
gtk-tree_sortable.ads:366:80: (style) this line is too long [-gnatyM]
gtk-tree_sortable.ads:371:80: (style) this line is too long [-gnatyM]
gtk-tree_sortable.ads:376:01: (style) incorrect layout [-gnatyl]
   [Ada]          gtk-invisible.adb
gtk-gesture_drag.ads:43:80: (style) this line is too long [-gnatyM]
gtk-gesture_drag.ads:122:06: (style) trailing spaces not permitted [-gnatyb]
gtk-gesture_drag.ads:138:06: (style) trailing spaces not permitted [-gnatyb]
gtk-gesture_drag.ads:154:06: (style) trailing spaces not permitted [-gnatyb]
   [Ada]          gtk-im_context_simple.adb
   [Ada]          gtk-text_tag_table.adb
gtk-im_context_simple.ads:31:80: (style) this line is too long [-gnatyM]
   [Ada]          gtk-application_window.adb
glib-cancellable.ads:31:06: warning: unnecessary with of ancestor [-gnatwr]
glib-cancellable.ads:133:80: (style) this line is too long [-gnatyM]
glib-cancellable.ads:134:80: (style) this line is too long [-gnatyM]
glib-cancellable.ads:135:80: (style) this line is too long [-gnatyM]
glib-cancellable.ads:136:80: (style) this line is too long [-gnatyM]
glib-cancellable.ads:140:80: (style) this line is too long [-gnatyM]
glib-cancellable.ads:255:80: (style) this line is too long [-gnatyM]
   [Ada]          gtk-viewport.adb
gtk-window.ads:178:80: (style) this line is too long [-gnatyM]
gtk-window.ads:1029:80: (style) this line is too long [-gnatyM]
gtk-window.ads:1435:80: (style) this line is too long [-gnatyM]
gtk-window.ads:1496:80: (style) this line is too long [-gnatyM]
gtk-window.ads:1554:06: (style) trailing spaces not permitted [-gnatyb]
gtk-window.ads:1610:80: (style) this line is too long [-gnatyM]
gtk-window.ads:1648:80: (style) this line is too long [-gnatyM]
   [Ada]          gtk-color_button.adb
   [Ada]          gtk-color_chooser.adb
gtk-application_window.ads:118:80: (style) this line is too long [-gnatyM]
gtk-application_window.ads:119:80: (style) this line is too long [-gnatyM]
gtk-application_window.ads:127:80: (style) this line is too long [-gnatyM]
gtk-application_window.ads:130:80: (style) this line is too long [-gnatyM]
gtk-application_window.ads:138:80: (style) this line is too long [-gnatyM]
gtk-application_window.ads:286:80: (style) this line is too long [-gnatyM]
gtk-application_window.ads:297:80: (style) this line is too long [-gnatyM]
gtk-application_window.ads:308:80: (style) this line is too long [-gnatyM]
   [Ada]          gtk-cell_area_box.adb
gtk-text_tag_table.ads:113:80: (style) this line is too long [-gnatyM]
gtk-text_tag_table.ads:166:80: (style) this line is too long [-gnatyM]
gtk-text_tag_table.ads:186:06: (style) trailing spaces not permitted [-gnatyb]
gtk-text_tag_table.ads:210:80: (style) this line is too long [-gnatyM]
   [Ada]          gtk-target_entry.adb
gtk-target_entry.ads:45:80: (style) this line is too long [-gnatyM]
   [Ada]          gtk-menu_shell.adb
gtk-cell_area_box.ads:68:80: (style) this line is too long [-gnatyM]
gtk-cell_area_box.ads:116:80: (style) this line is too long [-gnatyM]
gtk-cell_area_box.ads:133:80: (style) this line is too long [-gnatyM]
gtk-cell_area_box.ads:150:80: (style) this line is too long [-gnatyM]
gtk-cell_area_box.ads:168:80: (style) this line is too long [-gnatyM]
gtk-cell_area_box.ads:172:80: (style) this line is too long [-gnatyM]
gtk-cell_area_box.ads:182:80: (style) this line is too long [-gnatyM]
gtk-cell_area_box.ads:183:80: (style) this line is too long [-gnatyM]
gtk-cell_area_box.ads:207:80: (style) this line is too long [-gnatyM]
gtk-cell_area_box.ads:215:80: (style) this line is too long [-gnatyM]
gtk-cell_area_box.ads:223:80: (style) this line is too long [-gnatyM]
gtk-cell_area_box.ads:228:80: (style) this line is too long [-gnatyM]
gtk-cell_area_box.ads:233:80: (style) this line is too long [-gnatyM]
gtk-cell_area_box.ads:265:80: (style) this line is too long [-gnatyM]
gtk-cell_area_box.ads:276:80: (style) this line is too long [-gnatyM]
gtk-cell_area_box.ads:287:80: (style) this line is too long [-gnatyM]
   [Ada]          gtk-tool_item.adb
gtk-color_button.ads:314:80: (style) this line is too long [-gnatyM]
gtk-color_button.ads:325:80: (style) this line is too long [-gnatyM]
gtk-color_button.ads:347:80: (style) this line is too long [-gnatyM]
   [C]            misc.c
gtk-color_chooser.ads:197:80: (style) this line is too long [-gnatyM]
gtk-color_chooser.ads:200:80: (style) this line is too long [-gnatyM]
gtk-color_chooser.ads:206:80: (style) this line is too long [-gnatyM]
gtk-color_chooser.ads:222:80: (style) this line is too long [-gnatyM]
gtk-color_chooser.ads:241:01: (style) incorrect layout [-gnatyl]
   [C]            misc_generated.c
gtk-menu_shell.ads:262:80: (style) this line is too long [-gnatyM]
gtk-menu_shell.ads:339:06: (style) trailing spaces not permitted [-gnatyb]
gtk-menu_shell.ads:344:80: (style) this line is too long [-gnatyM]
gtk-menu_shell.ads:385:06: (style) trailing spaces not permitted [-gnatyb]
gtk-menu_shell.ads:387:80: (style) this line is too long [-gnatyM]
gtk-tool_item.ads:174:80: (style) this line is too long [-gnatyM]
gtk-tool_item.ads:407:06: (style) trailing spaces not permitted [-gnatyb]
gtk-tool_item.ads:411:80: (style) this line is too long [-gnatyM]
gtk-tool_item.ads:416:80: (style) this line is too long [-gnatyM]
Build Libraries
   [gprlib]       gtkada.lexch
   [archive]      libgtkada.a
   [index]        libgtkada.a
====== Building relocatable libraries =====
/root/.local/share/alire/toolchains/gprbuild_22.0.1_24dfc1b5/bin/gprbuild  -j0 -m -p  -XLIBRARY_TYPE=relocatable -Psrc/gtkada.gpr
Build Libraries
   [gprlib]       gtkada.lexch
   [link library] libgtkada.so
====== Building tools =====
/root/.local/share/alire/toolchains/gprbuild_22.0.1_24dfc1b5/bin/gprbuild  -j0 -m -p  -XLIBRARY_TYPE=static -Psrc/tools/tools.gpr
Setup
   [mkdir]        object directory for project Tools
Compile
   [Ada]          gdialog.adb
   [Ada]          gtkada-handlers.ads
   [Ada]          gtkada-intl.adb
   [Ada]          fontconfig.adb
   [Ada]          glib-module.adb
   [Ada]          pango.ads
   [Ada]          gdk-pixbuf.adb
   [Ada]          gdk-cairo.adb
   [Ada]          glib-type_conversion_hooks.adb
   [Ada]          glib-error.adb
   [Ada]          gtkada-abstract_tree_model.adb
   [Ada]          glib-properties-creation.adb
   [Ada]          glib-convert.adb
   [Ada]          glib-graphs-layouts.adb
   [Ada]          gtkada-abstract_list_model.adb
   [Ada]          pango-cairo.adb
   [Ada]          gtkada-multi_paned.adb
   [Ada]          glib-properties.adb
   [Ada]          gtkada-canvas_view-astar.adb
   [Ada]          gdk-types-keysyms.ads
gtkada-abstract_tree_model.adb:24:09: warning: unit "Ada.Unchecked_Conversion" is not referenced [-gnatwu]
   [Ada]          glib-main.adb
   [Ada]          cairo-surface.adb
   [Ada]          cairo-image_surface.adb
   [Ada]          gtkada-canvas_view-links.adb
   [Ada]          cairo-svg.adb
   [Ada]          gtk-dnd.adb
   [Ada]          glib-types.adb
   [Ada]          gtk-text_child.adb
   [Ada]          gtkada-application.adb
   [Ada]          cairo.adb
   [Ada]          gdk-visual.adb
gtk-text_child.ads:32:06: warning: unnecessary with of ancestor [-gnatwr]
   [Ada]          gdk-rectangle.adb
   [Ada]          gtkada-pixmaps.ads
gdk-visual.ads:33:06: warning: renamed predefined unit is an obsolescent feature (RM J.1) [-gnatwj]
   [Ada]          gtkada-printing.adb
   [Ada]          gtk-marshallers.adb
   [Ada]          gdk.ads
   [Ada]          gtkada-builder.adb
   [Ada]          gtk.ads
   [Ada]          glib-messages.adb
   [Ada]          gtkada-multiline_entry.adb
   [Ada]          gdk-color.adb
   [Ada]          glib-unicode.adb
   [Ada]          glib-glist.adb
   [Ada]          gdk-types.ads
   [Ada]          cairo-matrix.ads
   [Ada]          gtkada-mdi.adb
   [Ada]          cairo-pdf.adb
gtkada-printing.adb:26:06: warning: renamed predefined unit is an obsolescent feature (RM J.1) [-gnatwj]
   [Ada]          cairo-region.adb
   [Ada]          gtkada-file_selection.adb
   [Ada]          gtk-bindings.adb
   [Ada]          cairo-scaled_font.ads
   [Ada]          gtkada-canvas_view-models-layers.adb
   [Ada]          gdk-window_attr.adb
   [Ada]          glib-enums.ads
   [Ada]          gdk-threads.ads
   [Ada]          gdk-keyval.adb
   [Ada]          glib-xml_int.ads
   [Ada]          gtkada-canvas_view-views.adb
   [Ada]          glib-gslist.adb
   [Ada]          gtkada-canvas_view-models.adb
   [Ada]          cairo-font_options.adb
   [Ada]          gtkada-canvas_view-rtrees.adb
   [Ada]          gdk-main.adb
   [Ada]          gdk-display_manager.adb
   [Ada]          gdk-dnd.adb
gdk-dnd.adb:28:06: warning: unnecessary with of ancestor [-gnatwr]
   [Ada]          cairo-png.adb
   [Ada]          glib-object.adb
   [Ada]          gtkada-dialogs.adb
glib-object.adb:24:06: warning: renamed predefined unit is an obsolescent feature (RM J.1) [-gnatwj]
glib-object.adb:25:06: warning: renamed predefined unit is an obsolescent feature (RM J.1) [-gnatwj]
glib-object.adb:322:33: warning: aspect Unreferenced specified for "Ignored" [enabled by default]
   [Ada]          glib.adb
   [Ada]          gtkada-canvas_view.adb
   [Ada]          glib-values.adb
   [Ada]          gtkada-c.adb
   [Ada]          gtkada-canvas.adb
   [Ada]          cairo-font_face.ads
   [Ada]          gtk-arguments.adb
   [Ada]          gtk-type_conversion.adb
   [Ada]          gtk-handlers.adb
gtk-handlers.adb:27:06: warning: renamed predefined unit is an obsolescent feature (RM J.1) [-gnatwj]
gtk-handlers.ads:179:06: warning: renamed predefined unit is an obsolescent feature (RM J.1) [-gnatwj]
   [Ada]          glib-generic_properties.adb
glib-generic_properties.adb:26:06: warning: renamed predefined unit is an obsolescent feature (RM J.1) [-gnatwj]
   [Ada]          gtkada-style.adb
   [Ada]          gtkada.ads
   [Ada]          gdk-property.adb
gtkada-canvas.adb:28:06: warning: renamed predefined unit is an obsolescent feature (RM J.1) [-gnatwj]
gtkada-canvas.adb:77:04: warning: use clause for type "Gdk_Window" defined at gdk.ads:43 has no effect [-gnatwu]
   [Ada]          glib-graphs.adb
   [Ada]          gtkada-bindings.adb
   [Ada]          gdk-input.ads
   [Ada]          glib-gnodes.adb
glib-gnodes.adb:25:06: warning: renamed predefined unit is an obsolescent feature (RM J.1) [-gnatwj]
   [Ada]          gtk-rc.adb
glib-graphs.adb:24:06: warning: renamed predefined unit is an obsolescent feature (RM J.1) [-gnatwj]
   [Ada]          cairo-pattern.ads
   [Ada]          glib-xml.adb
glib-xml.adb:662:28: warning: aspect Unreferenced specified for "Success" [enabled by default]
glib-xml.ads:33:06: warning: renamed predefined unit is an obsolescent feature (RM J.1) [-gnatwj]
   [Ada]          gtk-tree_model-utils.adb
   [Ada]          gtkada-types.adb
   [Ada]          gtkada-canvas_view-objects.adb
   [Ada]          glib-key_file.adb
   [Ada]          gtk-check_menu_item.adb
   [Ada]          gtk-tree_drag_source.adb
   [Ada]          gtk-search_entry.adb
gtk-tree_drag_source.ads:159:80: (style) this line is too long [-gnatyM]
gtk-tree_drag_source.ads:164:80: (style) this line is too long [-gnatyM]
gtk-tree_drag_source.ads:169:80: (style) this line is too long [-gnatyM]
gtk-tree_drag_source.ads:174:80: (style) this line is too long [-gnatyM]
gtk-tree_drag_source.ads:179:01: (style) incorrect layout [-gnatyl]
   [Ada]          gtk-list_store.adb
gtk-check_menu_item.ads:49:80: (style) this line is too long [-gnatyM]
gtk-check_menu_item.ads:255:80: (style) this line is too long [-gnatyM]
gtk-check_menu_item.ads:266:80: (style) this line is too long [-gnatyM]
gtk-check_menu_item.ads:277:80: (style) this line is too long [-gnatyM]
   [Ada]          gtk-text_attributes.adb
gtk-text_attributes.ads:53:80: (style) this line is too long [-gnatyM]
gtk-text_attributes.ads:82:80: (style) this line is too long [-gnatyM]
   [Ada]          gtk-file_chooser_button.adb
gtk-search_entry.ads:197:80: (style) this line is too long [-gnatyM]
   [Ada]          gtk-print_operation.adb
gtk-list_store.adb:536:07: warning: useless assignment to "Iter", value overwritten at line 538 [-gnatwm]
gtk-list_store.ads:138:80: (style) this line is too long [-gnatyM]
gtk-list_store.ads:361:80: (style) this line is too long [-gnatyM]
gtk-list_store.ads:397:80: (style) this line is too long [-gnatyM]
gtk-list_store.ads:398:80: (style) this line is too long [-gnatyM]
gtk-list_store.ads:401:80: (style) this line is too long [-gnatyM]
gtk-list_store.ads:413:80: (style) this line is too long [-gnatyM]
gtk-list_store.ads:451:80: (style) this line is too long [-gnatyM]
gtk-list_store.ads:452:80: (style) this line is too long [-gnatyM]
gtk-list_store.ads:455:80: (style) this line is too long [-gnatyM]
gtk-list_store.ads:467:80: (style) this line is too long [-gnatyM]
gtk-list_store.ads:708:80: (style) this line is too long [-gnatyM]
gtk-list_store.ads:719:80: (style) this line is too long [-gnatyM]
gtk-list_store.ads:741:80: (style) this line is too long [-gnatyM]
   [Ada]          gtk-gesture_rotate.adb
gtk-file_chooser_button.ads:70:80: (style) this line is too long [-gnatyM]
gtk-file_chooser_button.ads:250:80: (style) this line is too long [-gnatyM]
gtk-file_chooser_button.ads:462:80: (style) this line is too long [-gnatyM]
gtk-file_chooser_button.ads:473:80: (style) this line is too long [-gnatyM]
gtk-file_chooser_button.ads:484:80: (style) this line is too long [-gnatyM]
   [Ada]          gtk-box.adb
gtk-gesture_rotate.ads:108:06: (style) trailing spaces not permitted [-gnatyb]
   [Ada]          gtk-main.adb
gtk-box.ads:358:80: (style) this line is too long [-gnatyM]
gtk-box.ads:400:80: (style) this line is too long [-gnatyM]
   [Ada]          gtk-theming_engine.adb
gtk-print_operation.ads:150:80: (style) this line is too long [-gnatyM]
gtk-print_operation.ads:154:80: (style) this line is too long [-gnatyM]
gtk-print_operation.ads:281:80: (style) this line is too long [-gnatyM]
gtk-print_operation.ads:641:80: (style) this line is too long [-gnatyM]
gtk-print_operation.ads:643:80: (style) this line is too long [-gnatyM]
gtk-print_operation.ads:647:80: (style) this line is too long [-gnatyM]
gtk-print_operation.ads:675:80: (style) this line is too long [-gnatyM]
gtk-print_operation.ads:696:06: (style) trailing spaces not permitted [-gnatyb]
gtk-print_operation.ads:709:80: (style) this line is too long [-gnatyM]
gtk-print_operation.ads:726:80: (style) this line is too long [-gnatyM]
gtk-print_operation.ads:755:80: (style) this line is too long [-gnatyM]
gtk-print_operation.ads:757:80: (style) this line is too long [-gnatyM]
gtk-print_operation.ads:762:80: (style) this line is too long [-gnatyM]
gtk-print_operation.ads:798:06: (style) trailing spaces not permitted [-gnatyb]
gtk-print_operation.ads:818:80: (style) this line is too long [-gnatyM]
gtk-print_operation.ads:820:80: (style) this line is too long [-gnatyM]
gtk-print_operation.ads:825:80: (style) this line is too long [-gnatyM]
gtk-print_operation.ads:850:06: (style) trailing spaces not permitted [-gnatyb]
gtk-print_operation.ads:856:80: (style) this line is too long [-gnatyM]
gtk-print_operation.ads:859:80: (style) this line is too long [-gnatyM]
gtk-print_operation.ads:863:80: (style) this line is too long [-gnatyM]
gtk-print_operation.ads:866:80: (style) this line is too long [-gnatyM]
gtk-print_operation.ads:873:80: (style) this line is too long [-gnatyM]
gtk-print_operation.ads:877:80: (style) this line is too long [-gnatyM]
gtk-print_operation.ads:896:06: (style) trailing spaces not permitted [-gnatyb]
gtk-print_operation.ads:898:80: (style) this line is too long [-gnatyM]
gtk-print_operation.ads:900:80: (style) this line is too long [-gnatyM]
gtk-print_operation.ads:901:80: (style) this line is too long [-gnatyM]
gtk-print_operation.ads:902:80: (style) this line is too long [-gnatyM]
gtk-print_operation.ads:904:80: (style) this line is too long [-gnatyM]
gtk-print_operation.ads:906:80: (style) this line is too long [-gnatyM]
gtk-print_operation.ads:910:80: (style) this line is too long [-gnatyM]
gtk-print_operation.ads:912:80: (style) this line is too long [-gnatyM]
gtk-print_operation.ads:916:80: (style) this line is too long [-gnatyM]
gtk-print_operation.ads:919:80: (style) this line is too long [-gnatyM]
gtk-print_operation.ads:929:06: (style) trailing spaces not permitted [-gnatyb]
gtk-print_operation.ads:957:80: (style) this line is too long [-gnatyM]
gtk-print_operation.ads:961:80: (style) this line is too long [-gnatyM]
gtk-print_operation.ads:963:80: (style) this line is too long [-gnatyM]
gtk-print_operation.ads:967:80: (style) this line is too long [-gnatyM]
gtk-print_operation.ads:969:80: (style) this line is too long [-gnatyM]
gtk-print_operation.ads:972:80: (style) this line is too long [-gnatyM]
gtk-print_operation.ads:982:06: (style) trailing spaces not permitted [-gnatyb]
gtk-print_operation.ads:996:80: (style) this line is too long [-gnatyM]
   [Ada]          gtk-color_selection.adb
   [Ada]          gtk-cell_editable.adb
   [Ada]          gdk-frame_clock.adb
   [Ada]          gtk-cell_renderer_spinner.adb
gtk-cell_renderer_spinner.ads:47:80: (style) this line is too long [-gnatyM]
gtk-cell_renderer_spinner.ads:48:80: (style) this line is too long [-gnatyM]
   [Ada]          gtk-cell_renderer.adb
gtk-cell_editable.ads:85:80: (style) this line is too long [-gnatyM]
gtk-cell_editable.ads:146:80: (style) this line is too long [-gnatyM]
gtk-cell_editable.ads:150:80: (style) this line is too long [-gnatyM]
gtk-cell_editable.ads:168:80: (style) this line is too long [-gnatyM]
gtk-cell_editable.ads:173:80: (style) this line is too long [-gnatyM]
gtk-cell_editable.ads:178:80: (style) this line is too long [-gnatyM]
gtk-cell_editable.ads:185:01: (style) incorrect layout [-gnatyl]
   [Ada]          gtk-separator.adb
gtk-color_selection.ads:203:33: (style) space required [-gnatyt]
gtk-color_selection.ads:306:80: (style) this line is too long [-gnatyM]
gtk-color_selection.ads:317:80: (style) this line is too long [-gnatyM]
   [Ada]          gtk-orientable.adb
gtk-orientable.ads:95:01: (style) incorrect layout [-gnatyl]
   [Ada]          gtk-button_box.adb
gdk-frame_clock.ads:93:80: (style) this line is too long [-gnatyM]
   [Ada]          gtk-event_controller.adb
   [Ada]          gtk-font_chooser.adb
gtk-event_controller.ads:98:80: (style) this line is too long [-gnatyM]
gtk-event_controller.ads:108:80: (style) this line is too long [-gnatyM]
   [Ada]          gtk-im_multi_context.adb
   [Ada]          gtk-bin.adb
gtk-cell_renderer.ads:104:80: (style) this line is too long [-gnatyM]
gtk-cell_renderer.ads:105:80: (style) this line is too long [-gnatyM]
gtk-cell_renderer.ads:106:80: (style) this line is too long [-gnatyM]
gtk-cell_renderer.ads:114:80: (style) this line is too long [-gnatyM]
gtk-cell_renderer.ads:118:80: (style) this line is too long [-gnatyM]
gtk-cell_renderer.ads:482:80: (style) this line is too long [-gnatyM]
gtk-cell_renderer.ads:487:80: (style) this line is too long [-gnatyM]
gtk-cell_renderer.ads:515:06: (style) trailing spaces not permitted [-gnatyb]
gtk-cell_renderer.ads:535:80: (style) this line is too long [-gnatyM]
   [Ada]          gtk-clipboard.adb
gtk-im_multi_context.ads:32:80: (style) this line is too long [-gnatyM]
   [Ada]          pango-font_face.adb
   [Ada]          gtk-container.adb
gtk-font_chooser.ads:42:16: (style) space required [-gnatyt]
gtk-font_chooser.ads:44:16: (style) space required [-gnatyt]
gtk-font_chooser.ads:56:80: (style) this line is too long [-gnatyM]
gtk-font_chooser.ads:165:80: (style) this line is too long [-gnatyM]
gtk-font_chooser.ads:168:80: (style) this line is too long [-gnatyM]
gtk-font_chooser.ads:251:80: (style) this line is too long [-gnatyM]
gtk-font_chooser.ads:258:80: (style) this line is too long [-gnatyM]
gtk-font_chooser.ads:265:80: (style) this line is too long [-gnatyM]
gtk-font_chooser.ads:288:80: (style) this line is too long [-gnatyM]
gtk-font_chooser.ads:293:80: (style) this line is too long [-gnatyM]
gtk-font_chooser.ads:298:80: (style) this line is too long [-gnatyM]
gtk-font_chooser.ads:303:80: (style) this line is too long [-gnatyM]
gtk-font_chooser.ads:308:80: (style) this line is too long [-gnatyM]
gtk-font_chooser.ads:321:01: (style) incorrect layout [-gnatyl]
   [Ada]          gtk-calendar.adb
   [Ada]          gtk-file_filter.adb
gtk-file_filter.ads:91:80: (style) this line is too long [-gnatyM]
gtk-file_filter.ads:100:80: (style) this line is too long [-gnatyM]
gtk-file_filter.ads:112:80: (style) this line is too long [-gnatyM]
gtk-file_filter.ads:179:80: (style) this line is too long [-gnatyM]
   [Ada]          gtk-activatable.adb
gtk-activatable.ads:321:80: (style) this line is too long [-gnatyM]
gtk-activatable.ads:326:01: (style) incorrect layout [-gnatyl]
   [Ada]          gtk-file_chooser_dialog.adb
gtk-clipboard.ads:464:80: (style) this line is too long [-gnatyM]
   [Ada]          gtk-switch.adb
gtk-calendar.ads:101:80: (style) this line is too long [-gnatyM]
gtk-calendar.ads:235:80: (style) this line is too long [-gnatyM]
gtk-calendar.ads:320:80: (style) this line is too long [-gnatyM]
gtk-calendar.ads:337:80: (style) this line is too long [-gnatyM]
   [Ada]          gtk-style.adb
gtk-container.ads:301:80: (style) this line is too long [-gnatyM]
gtk-container.ads:338:80: (style) this line is too long [-gnatyM]
gtk-container.ads:403:80: (style) this line is too long [-gnatyM]
gtk-container.ads:423:80: (style) this line is too long [-gnatyM]
gtk-container.ads:568:80: (style) this line is too long [-gnatyM]
   [Ada]          gtk-tree_model_sort.adb
gtk-file_chooser_dialog.ads:130:80: (style) this line is too long [-gnatyM]
gtk-file_chooser_dialog.ads:153:80: (style) this line is too long [-gnatyM]
gtk-file_chooser_dialog.ads:154:80: (style) this line is too long [-gnatyM]
gtk-file_chooser_dialog.ads:258:80: (style) this line is too long [-gnatyM]
gtk-file_chooser_dialog.ads:413:80: (style) this line is too long [-gnatyM]
gtk-file_chooser_dialog.ads:424:80: (style) this line is too long [-gnatyM]
   [Ada]          gtk-file_chooser_widget.adb
gtk-switch.ads:173:80: (style) this line is too long [-gnatyM]
gtk-switch.ads:224:06: (style) trailing spaces not permitted [-gnatyb]
   [Ada]          gtk-recent_chooser_widget.adb
gtk-style.ads:199:80: (style) this line is too long [-gnatyM]
   [Ada]          gtk-arrow.adb
   [Ada]          gtk-font_selection.adb
gtk-tree_model_sort.ads:111:80: (style) this line is too long [-gnatyM]
gtk-tree_model_sort.ads:274:80: (style) this line is too long [-gnatyM]
gtk-tree_model_sort.ads:310:80: (style) this line is too long [-gnatyM]
gtk-tree_model_sort.ads:311:80: (style) this line is too long [-gnatyM]
gtk-tree_model_sort.ads:314:80: (style) this line is too long [-gnatyM]
gtk-tree_model_sort.ads:326:80: (style) this line is too long [-gnatyM]
gtk-tree_model_sort.ads:364:80: (style) this line is too long [-gnatyM]
gtk-tree_model_sort.ads:365:80: (style) this line is too long [-gnatyM]
gtk-tree_model_sort.ads:368:80: (style) this line is too long [-gnatyM]
gtk-tree_model_sort.ads:380:80: (style) this line is too long [-gnatyM]
gtk-tree_model_sort.ads:560:80: (style) this line is too long [-gnatyM]
gtk-tree_model_sort.ads:571:80: (style) this line is too long [-gnatyM]
gtk-tree_model_sort.ads:582:80: (style) this line is too long [-gnatyM]
   [Ada]          glib-simple_action_group.adb
gtk-file_chooser_widget.ads:46:80: (style) this line is too long [-gnatyM]
gtk-file_chooser_widget.ads:144:80: (style) this line is too long [-gnatyM]
gtk-file_chooser_widget.ads:364:80: (style) this line is too long [-gnatyM]
gtk-file_chooser_widget.ads:395:80: (style) this line is too long [-gnatyM]
gtk-file_chooser_widget.ads:413:80: (style) this line is too long [-gnatyM]
gtk-file_chooser_widget.ads:543:80: (style) this line is too long [-gnatyM]
gtk-file_chooser_widget.ads:554:80: (style) this line is too long [-gnatyM]
gtk-file_chooser_widget.ads:565:80: (style) this line is too long [-gnatyM]
   [Ada]          glib-spawn.adb
glib-simple_action_group.ads:33:06: warning: unnecessary with of ancestor [-gnatwr]
glib-simple_action_group.ads:214:80: (style) this line is too long [-gnatyM]
glib-simple_action_group.ads:225:80: (style) this line is too long [-gnatyM]
   [Ada]          gdk-device_manager.adb
gtk-recent_chooser_widget.ads:54:80: (style) this line is too long [-gnatyM]
gtk-recent_chooser_widget.ads:55:80: (style) this line is too long [-gnatyM]
gtk-recent_chooser_widget.ads:87:80: (style) this line is too long [-gnatyM]
gtk-recent_chooser_widget.ads:90:80: (style) this line is too long [-gnatyM]
gtk-recent_chooser_widget.ads:102:80: (style) this line is too long [-gnatyM]
gtk-recent_chooser_widget.ads:146:80: (style) this line is too long [-gnatyM]
gtk-recent_chooser_widget.ads:182:80: (style) this line is too long [-gnatyM]
gtk-recent_chooser_widget.ads:278:80: (style) this line is too long [-gnatyM]
gtk-recent_chooser_widget.ads:306:80: (style) this line is too long [-gnatyM]
gtk-recent_chooser_widget.ads:317:80: (style) this line is too long [-gnatyM]
gtk-recent_chooser_widget.ads:328:80: (style) this line is too long [-gnatyM]
   [Ada]          gtk-flow_box_child.adb
   [Ada]          gtk-gesture_pan.adb
gtk-font_selection.ads:207:80: (style) this line is too long [-gnatyM]
gtk-font_selection.ads:218:80: (style) this line is too long [-gnatyM]
   [Ada]          gtk-tree_view.adb
   [Ada]          gtk-list_box_row.adb
gtk-flow_box_child.ads:126:80: (style) this line is too long [-gnatyM]
   [Ada]          gtk-buildable.adb
gtk-gesture_pan.ads:116:80: (style) this line is too long [-gnatyM]
gtk-gesture_pan.ads:138:06: (style) trailing spaces not permitted [-gnatyb]
   [Ada]          gtk-color_chooser_dialog.adb
gtk-buildable.ads:168:01: (style) incorrect layout [-gnatyl]
   [Ada]          gtk-vbutton_box.adb
gtk-list_box_row.ads:40:80: (style) this line is too long [-gnatyM]
gtk-list_box_row.ads:41:80: (style) this line is too long [-gnatyM]
gtk-list_box_row.ads:42:80: (style) this line is too long [-gnatyM]
   [Ada]          gtk-gesture_long_press.adb
   [Ada]          gtk-scrolled_window.adb
gtk-color_chooser_dialog.ads:44:80: (style) this line is too long [-gnatyM]
gtk-color_chooser_dialog.ads:45:80: (style) this line is too long [-gnatyM]
gtk-color_chooser_dialog.ads:126:80: (style) this line is too long [-gnatyM]
gtk-color_chooser_dialog.ads:137:80: (style) this line is too long [-gnatyM]
   [Ada]          pango-tabs.adb
pango-tabs.ads:40:80: (style) this line is too long [-gnatyM]
pango-tabs.ads:128:80: (style) this line is too long [-gnatyM]
   [Ada]          gtk-recent_action.adb
gtk-tree_view.ads:118:80: (style) this line is too long [-gnatyM]
gtk-tree_view.ads:119:80: (style) this line is too long [-gnatyM]
gtk-tree_view.ads:143:80: (style) this line is too long [-gnatyM]
gtk-tree_view.ads:144:80: (style) this line is too long [-gnatyM]
gtk-tree_view.ads:145:80: (style) this line is too long [-gnatyM]
gtk-tree_view.ads:202:80: (style) this line is too long [-gnatyM]
gtk-tree_view.ads:245:80: (style) this line is too long [-gnatyM]
gtk-tree_view.ads:413:80: (style) this line is too long [-gnatyM]
gtk-tree_view.ads:441:80: (style) this line is too long [-gnatyM]
gtk-tree_view.ads:489:80: (style) this line is too long [-gnatyM]
gtk-tree_view.ads:573:80: (style) this line is too long [-gnatyM]
gtk-tree_view.ads:974:80: (style) this line is too long [-gnatyM]
gtk-tree_view.ads:987:80: (style) this line is too long [-gnatyM]
gtk-tree_view.ads:1009:80: (style) this line is too long [-gnatyM]
gtk-tree_view.ads:1010:80: (style) this line is too long [-gnatyM]
gtk-tree_view.ads:1021:80: (style) this line is too long [-gnatyM]
gtk-tree_view.ads:1031:80: (style) this line is too long [-gnatyM]
gtk-tree_view.ads:1124:80: (style) this line is too long [-gnatyM]
gtk-tree_view.ads:1125:80: (style) this line is too long [-gnatyM]
gtk-tree_view.ads:1134:80: (style) this line is too long [-gnatyM]
gtk-tree_view.ads:1142:80: (style) this line is too long [-gnatyM]
gtk-tree_view.ads:1157:80: (style) this line is too long [-gnatyM]
gtk-tree_view.ads:1219:80: (style) this line is too long [-gnatyM]
gtk-tree_view.ads:1220:80: (style) this line is too long [-gnatyM]
gtk-tree_view.ads:1221:80: (style) this line is too long [-gnatyM]
gtk-tree_view.ads:1222:80: (style) this line is too long [-gnatyM]
gtk-tree_view.ads:1225:80: (style) this line is too long [-gnatyM]
gtk-tree_view.ads:1226:80: (style) this line is too long [-gnatyM]
gtk-tree_view.ads:1228:80: (style) this line is too long [-gnatyM]
gtk-tree_view.ads:1230:80: (style) this line is too long [-gnatyM]
gtk-tree_view.ads:1234:80: (style) this line is too long [-gnatyM]
gtk-tree_view.ads:1236:80: (style) this line is too long [-gnatyM]
gtk-tree_view.ads:1264:80: (style) this line is too long [-gnatyM]
gtk-tree_view.ads:1330:80: (style) this line is too long [-gnatyM]
gtk-tree_view.ads:1331:80: (style) this line is too long [-gnatyM]
gtk-tree_view.ads:1363:80: (style) this line is too long [-gnatyM]
gtk-tree_view.ads:1364:80: (style) this line is too long [-gnatyM]
gtk-tree_view.ads:1374:80: (style) this line is too long [-gnatyM]
gtk-tree_view.ads:1393:80: (style) this line is too long [-gnatyM]
gtk-tree_view.ads:1413:80: (style) this line is too long [-gnatyM]
gtk-tree_view.ads:1506:80: (style) this line is too long [-gnatyM]
gtk-tree_view.ads:1510:80: (style) this line is too long [-gnatyM]
gtk-tree_view.ads:1572:80: (style) this line is too long [-gnatyM]
gtk-tree_view.ads:1601:80: (style) this line is too long [-gnatyM]
gtk-tree_view.ads:1613:80: (style) this line is too long [-gnatyM]
gtk-tree_view.ads:1623:06: (style) trailing spaces not permitted [-gnatyb]
gtk-tree_view.ads:1626:80: (style) this line is too long [-gnatyM]
gtk-tree_view.ads:1656:06: (style) trailing spaces not permitted [-gnatyb]
gtk-tree_view.ads:1658:80: (style) this line is too long [-gnatyM]
gtk-tree_view.ads:1660:80: (style) this line is too long [-gnatyM]
gtk-tree_view.ads:1664:80: (style) this line is too long [-gnatyM]
gtk-tree_view.ads:1665:80: (style) this line is too long [-gnatyM]
gtk-tree_view.ads:1668:80: (style) this line is too long [-gnatyM]
gtk-tree_view.ads:1671:80: (style) this line is too long [-gnatyM]
gtk-tree_view.ads:1673:80: (style) this line is too long [-gnatyM]
gtk-tree_view.ads:1676:80: (style) this line is too long [-gnatyM]
gtk-tree_view.ads:1698:06: (style) trailing spaces not permitted [-gnatyb]
gtk-tree_view.ads:1701:80: (style) this line is too long [-gnatyM]
gtk-tree_view.ads:1704:80: (style) this line is too long [-gnatyM]
gtk-tree_view.ads:1709:80: (style) this line is too long [-gnatyM]
gtk-tree_view.ads:1725:06: (style) trailing spaces not permitted [-gnatyb]
gtk-tree_view.ads:1741:06: (style) trailing spaces not permitted [-gnatyb]
gtk-tree_view.ads:1764:80: (style) this line is too long [-gnatyM]
gtk-tree_view.ads:1794:80: (style) this line is too long [-gnatyM]
gtk-tree_view.ads:1805:80: (style) this line is too long [-gnatyM]
gtk-tree_view.ads:1810:80: (style) this line is too long [-gnatyM]
gtk-tree_view.ads:1828:06: (style) trailing spaces not permitted [-gnatyb]
gtk-tree_view.ads:1846:06: (style) trailing spaces not permitted [-gnatyb]
gtk-tree_view.ads:1938:80: (style) this line is too long [-gnatyM]
gtk-tree_view.ads:1940:80: (style) this line is too long [-gnatyM]
   [Ada]          gtk-font_chooser_dialog.adb
gtk-gesture_long_press.ads:45:80: (style) this line is too long [-gnatyM]
gtk-gesture_long_press.ads:46:80: (style) this line is too long [-gnatyM]
gtk-gesture_long_press.ads:99:80: (style) this line is too long [-gnatyM]
gtk-gesture_long_press.ads:121:06: (style) trailing spaces not permitted [-gnatyb]
gtk-gesture_long_press.ads:123:80: (style) this line is too long [-gnatyM]
gtk-gesture_long_press.ads:125:80: (style) this line is too long [-gnatyM]
   [Ada]          glib-iochannel.adb
glib-iochannel.ads:33:06: warning: unnecessary with of ancestor [-gnatwr]
glib-iochannel.ads:149:80: (style) this line is too long [-gnatyM]
glib-iochannel.ads:233:80: (style) this line is too long [-gnatyM]
   [Ada]          gtk-css_section.adb
gtk-css_section.ads:41:80: (style) this line is too long [-gnatyM]
gtk-css_section.ads:69:80: (style) this line is too long [-gnatyM]
gtk-css_section.ads:138:80: (style) this line is too long [-gnatyM]
   [Ada]          gtk-hsv.adb
gtk-font_chooser_dialog.ads:50:80: (style) this line is too long [-gnatyM]
gtk-font_chooser_dialog.ads:51:80: (style) this line is too long [-gnatyM]
gtk-font_chooser_dialog.ads:58:80: (style) this line is too long [-gnatyM]
gtk-font_chooser_dialog.ads:116:80: (style) this line is too long [-gnatyM]
gtk-font_chooser_dialog.ads:119:80: (style) this line is too long [-gnatyM]
gtk-font_chooser_dialog.ads:127:80: (style) this line is too long [-gnatyM]
gtk-font_chooser_dialog.ads:198:80: (style) this line is too long [-gnatyM]
gtk-font_chooser_dialog.ads:209:80: (style) this line is too long [-gnatyM]
   [Ada]          gtk-alignment.adb
gtk-scrolled_window.ads:177:80: (style) this line is too long [-gnatyM]
gtk-scrolled_window.ads:297:80: (style) this line is too long [-gnatyM]
gtk-scrolled_window.ads:354:80: (style) this line is too long [-gnatyM]
gtk-scrolled_window.ads:379:80: (style) this line is too long [-gnatyM]
gtk-scrolled_window.ads:403:06: (style) trailing spaces not permitted [-gnatyb]
gtk-scrolled_window.ads:405:80: (style) this line is too long [-gnatyM]
gtk-scrolled_window.ads:406:80: (style) this line is too long [-gnatyM]
gtk-scrolled_window.ads:417:80: (style) this line is too long [-gnatyM]
   [Ada]          gtk-scale.adb
gtk-recent_action.ads:111:80: (style) this line is too long [-gnatyM]
gtk-recent_action.ads:118:80: (style) this line is too long [-gnatyM]
gtk-recent_action.ads:138:80: (style) this line is too long [-gnatyM]
gtk-recent_action.ads:205:80: (style) this line is too long [-gnatyM]
gtk-recent_action.ads:233:80: (style) this line is too long [-gnatyM]
gtk-recent_action.ads:322:80: (style) this line is too long [-gnatyM]
gtk-recent_action.ads:356:80: (style) this line is too long [-gnatyM]
gtk-recent_action.ads:367:80: (style) this line is too long [-gnatyM]
   [Ada]          glib-notification.adb
glib-notification.ads:49:06: warning: unnecessary with of ancestor [-gnatwr]
glib-notification.ads:74:80: (style) this line is too long [-gnatyM]
   [Ada]          gdk-screen.adb
   [Ada]          gtk-cell_renderer_text.adb
gdk-screen.ads:42:06: warning: unnecessary with of ancestor [-gnatwr]
gdk-screen.ads:372:43: (style) space required [-gnatyt]
gdk-screen.ads:381:80: (style) this line is too long [-gnatyM]
   [Ada]          pango-font.adb
gtk-hsv.ads:147:80: (style) this line is too long [-gnatyM]
   [Ada]          gtk-tooltip.adb
pango-font.ads:110:80: (style) this line is too long [-gnatyM]
pango-font.ads:320:80: (style) this line is too long [-gnatyM]
pango-font.ads:375:07: (style) space required [-gnatyt]
pango-font.ads:379:07: (style) space required [-gnatyt]
   [Ada]          glib-action.adb
gtk-scale.ads:429:06: (style) trailing spaces not permitted [-gnatyb]
   [Ada]          gtk-hbutton_box.adb
   [Ada]          gtk-accel_label.adb
glib-action.ads:56:06: warning: unnecessary with of ancestor [-gnatwr]
glib-action.ads:61:16: (style) space required [-gnatyt]
glib-action.ads:63:16: (style) space required [-gnatyt]
glib-action.ads:238:80: (style) this line is too long [-gnatyM]
glib-action.ads:248:80: (style) this line is too long [-gnatyM]
glib-action.ads:260:80: (style) this line is too long [-gnatyM]
glib-action.ads:267:80: (style) this line is too long [-gnatyM]
glib-action.ads:272:80: (style) this line is too long [-gnatyM]
glib-action.ads:283:80: (style) this line is too long [-gnatyM]
glib-action.ads:293:80: (style) this line is too long [-gnatyM]
glib-action.ads:311:80: (style) this line is too long [-gnatyM]
glib-action.ads:350:80: (style) this line is too long [-gnatyM]
glib-action.ads:380:01: (style) incorrect layout [-gnatyl]
   [Ada]          gtk-text_tag.adb
   [Ada]          gtk-settings.adb
gtk-cell_renderer_text.ads:50:80: (style) this line is too long [-gnatyM]
gtk-cell_renderer_text.ads:51:80: (style) this line is too long [-gnatyM]
gtk-cell_renderer_text.ads:268:80: (style) this line is too long [-gnatyM]
gtk-cell_renderer_text.ads:292:06: (style) trailing spaces not permitted [-gnatyb]
gtk-cell_renderer_text.ads:336:80: (style) this line is too long [-gnatyM]
   [Ada]          pango-language.adb
gtk-accel_label.ads:177:44: (style) space required [-gnatyt]
   [Ada]          gtk-print_operation_preview.adb
gtk-text_tag.ads:133:80: (style) this line is too long [-gnatyM]
gtk-text_tag.ads:222:80: (style) this line is too long [-gnatyM]
gtk-text_tag.ads:306:06: (style) trailing spaces not permitted [-gnatyb]
gtk-text_tag.ads:314:07: (style) space required [-gnatyt]
gtk-text_tag.ads:367:80: (style) this line is too long [-gnatyM]
gtk-text_tag.ads:371:80: (style) this line is too long [-gnatyM]
gtk-text_tag.ads:375:80: (style) this line is too long [-gnatyM]
gtk-text_tag.ads:379:80: (style) this line is too long [-gnatyM]
gtk-text_tag.ads:437:80: (style) this line is too long [-gnatyM]
gtk-text_tag.ads:439:80: (style) this line is too long [-gnatyM]
   [Ada]          pango-font_metrics.adb
pango-font_metrics.ads:42:80: (style) this line is too long [-gnatyM]
pango-font_metrics.ads:128:80: (style) this line is too long [-gnatyM]
   [Ada]          gtk-combo_box.adb
pango-language.ads:43:80: (style) this line is too long [-gnatyM]
pango-language.ads:358:80: (style) this line is too long [-gnatyM]
   [Ada]          gtk-tree_model.adb
gtk-settings.ads:167:80: (style) this line is too long [-gnatyM]
gtk-settings.ads:169:80: (style) this line is too long [-gnatyM]
gtk-settings.ads:174:80: (style) this line is too long [-gnatyM]
gtk-settings.ads:273:80: (style) this line is too long [-gnatyM]
gtk-settings.ads:277:80: (style) this line is too long [-gnatyM]
gtk-settings.ads:283:80: (style) this line is too long [-gnatyM]
gtk-settings.ads:287:80: (style) this line is too long [-gnatyM]
gtk-settings.ads:297:80: (style) this line is too long [-gnatyM]
gtk-settings.ads:304:80: (style) this line is too long [-gnatyM]
gtk-settings.ads:309:80: (style) this line is too long [-gnatyM]
gtk-settings.ads:320:80: (style) this line is too long [-gnatyM]
gtk-settings.ads:369:80: (style) this line is too long [-gnatyM]
gtk-settings.ads:392:80: (style) this line is too long [-gnatyM]
gtk-settings.ads:401:80: (style) this line is too long [-gnatyM]
gtk-settings.ads:411:80: (style) this line is too long [-gnatyM]
gtk-settings.ads:427:80: (style) this line is too long [-gnatyM]
gtk-settings.ads:431:80: (style) this line is too long [-gnatyM]
gtk-settings.ads:433:80: (style) this line is too long [-gnatyM]
gtk-settings.ads:435:80: (style) this line is too long [-gnatyM]
gtk-settings.ads:437:80: (style) this line is too long [-gnatyM]
gtk-settings.ads:445:80: (style) this line is too long [-gnatyM]
gtk-settings.ads:461:80: (style) this line is too long [-gnatyM]
gtk-settings.ads:467:80: (style) this line is too long [-gnatyM]
gtk-settings.ads:473:80: (style) this line is too long [-gnatyM]
gtk-settings.ads:485:80: (style) this line is too long [-gnatyM]
gtk-settings.ads:534:80: (style) this line is too long [-gnatyM]
gtk-settings.ads:561:80: (style) this line is too long [-gnatyM]
gtk-settings.ads:563:80: (style) this line is too long [-gnatyM]
gtk-settings.ads:565:80: (style) this line is too long [-gnatyM]
gtk-settings.ads:567:80: (style) this line is too long [-gnatyM]
gtk-settings.ads:569:80: (style) this line is too long [-gnatyM]
gtk-settings.ads:571:80: (style) this line is too long [-gnatyM]
gtk-settings.ads:573:80: (style) this line is too long [-gnatyM]
gtk-settings.ads:587:80: (style) this line is too long [-gnatyM]
gtk-settings.ads:589:80: (style) this line is too long [-gnatyM]
gtk-settings.ads:591:80: (style) this line is too long [-gnatyM]
gtk-settings.ads:593:80: (style) this line is too long [-gnatyM]
gtk-settings.ads:595:80: (style) this line is too long [-gnatyM]
gtk-settings.ads:597:80: (style) this line is too long [-gnatyM]
gtk-settings.ads:603:80: (style) this line is too long [-gnatyM]
gtk-settings.ads:605:80: (style) this line is too long [-gnatyM]
gtk-settings.ads:609:80: (style) this line is too long [-gnatyM]
gtk-settings.ads:625:80: (style) this line is too long [-gnatyM]
gtk-settings.ads:627:80: (style) this line is too long [-gnatyM]
gtk-settings.ads:629:80: (style) this line is too long [-gnatyM]
gtk-settings.ads:643:80: (style) this line is too long [-gnatyM]
gtk-settings.ads:647:80: (style) this line is too long [-gnatyM]
gtk-settings.ads:649:80: (style) this line is too long [-gnatyM]
gtk-settings.ads:653:80: (style) this line is too long [-gnatyM]
gtk-settings.ads:655:80: (style) this line is too long [-gnatyM]
gtk-settings.ads:659:80: (style) this line is too long [-gnatyM]
gtk-settings.ads:663:80: (style) this line is too long [-gnatyM]
gtk-settings.ads:665:80: (style) this line is too long [-gnatyM]
gtk-settings.ads:667:80: (style) this line is too long [-gnatyM]
gtk-settings.ads:673:80: (style) this line is too long [-gnatyM]
gtk-settings.ads:677:80: (style) this line is too long [-gnatyM]
gtk-settings.ads:695:80: (style) this line is too long [-gnatyM]
gtk-settings.ads:701:80: (style) this line is too long [-gnatyM]
gtk-settings.ads:703:80: (style) this line is too long [-gnatyM]
gtk-settings.ads:705:80: (style) this line is too long [-gnatyM]
   [Ada]          gtk-toggle_action.adb
gtk-print_operation_preview.ads:80:80: (style) this line is too long [-gnatyM]
gtk-print_operation_preview.ads:82:80: (style) this line is too long [-gnatyM]
gtk-print_operation_preview.ads:85:80: (style) this line is too long [-gnatyM]
gtk-print_operation_preview.ads:87:80: (style) this line is too long [-gnatyM]
gtk-print_operation_preview.ads:93:80: (style) this line is too long [-gnatyM]
gtk-print_operation_preview.ads:106:06: (style) trailing spaces not permitted [-gnatyb]
gtk-print_operation_preview.ads:109:80: (style) this line is too long [-gnatyM]
gtk-print_operation_preview.ads:111:80: (style) this line is too long [-gnatyM]
gtk-print_operation_preview.ads:113:80: (style) this line is too long [-gnatyM]
gtk-print_operation_preview.ads:117:80: (style) this line is too long [-gnatyM]
gtk-print_operation_preview.ads:141:80: (style) this line is too long [-gnatyM]
gtk-print_operation_preview.ads:148:80: (style) this line is too long [-gnatyM]
gtk-print_operation_preview.ads:188:80: (style) this line is too long [-gnatyM]
gtk-print_operation_preview.ads:193:80: (style) this line is too long [-gnatyM]
gtk-print_operation_preview.ads:198:80: (style) this line is too long [-gnatyM]
gtk-print_operation_preview.ads:203:80: (style) this line is too long [-gnatyM]
gtk-print_operation_preview.ads:213:80: (style) this line is too long [-gnatyM]
gtk-print_operation_preview.ads:218:01: (style) incorrect layout [-gnatyl]
   [Ada]          gtk-menu_button.adb
gtk-tree_model.adb:1109:04: warning: use clause for private type "System.Address" has no effect [-gnatwu]
gtk-tree_model.ads:225:80: (style) this line is too long [-gnatyM]
gtk-tree_model.ads:810:80: (style) this line is too long [-gnatyM]
gtk-tree_model.ads:816:80: (style) this line is too long [-gnatyM]
gtk-tree_model.ads:821:80: (style) this line is too long [-gnatyM]
gtk-tree_model.ads:837:06: (style) trailing spaces not permitted [-gnatyb]
gtk-tree_model.ads:839:80: (style) this line is too long [-gnatyM]
gtk-tree_model.ads:841:80: (style) this line is too long [-gnatyM]
gtk-tree_model.ads:871:80: (style) this line is too long [-gnatyM]
gtk-tree_model.ads:883:06: (style) trailing spaces not permitted [-gnatyb]
gtk-tree_model.ads:886:80: (style) this line is too long [-gnatyM]
gtk-tree_model.ads:903:06: (style) trailing spaces not permitted [-gnatyb]
gtk-tree_model.ads:905:80: (style) this line is too long [-gnatyM]
gtk-tree_model.ads:906:80: (style) this line is too long [-gnatyM]
gtk-tree_model.ads:909:80: (style) this line is too long [-gnatyM]
gtk-tree_model.ads:915:80: (style) this line is too long [-gnatyM]
gtk-tree_model.ads:936:06: (style) trailing spaces not permitted [-gnatyb]
gtk-tree_model.ads:938:80: (style) this line is too long [-gnatyM]
gtk-tree_model.ads:940:80: (style) this line is too long [-gnatyM]
gtk-tree_model.ads:941:80: (style) this line is too long [-gnatyM]
gtk-tree_model.ads:943:80: (style) this line is too long [-gnatyM]
gtk-tree_model.ads:968:80: (style) this line is too long [-gnatyM]
gtk-tree_model.ads:985:80: (style) this line is too long [-gnatyM]
gtk-tree_model.ads:1090:80: (style) this line is too long [-gnatyM]
gtk-tree_model.ads:1119:80: (style) this line is too long [-gnatyM]
gtk-tree_model.ads:1174:80: (style) this line is too long [-gnatyM]
gtk-tree_model.ads:1189:80: (style) this line is too long [-gnatyM]
gtk-tree_model.ads:1224:80: (style) this line is too long [-gnatyM]
gtk-tree_model.ads:1229:80: (style) this line is too long [-gnatyM]
gtk-tree_model.ads:1239:80: (style) this line is too long [-gnatyM]
gtk-tree_model.ads:1269:80: (style) this line is too long [-gnatyM]
gtk-tree_model.ads:1279:80: (style) this line is too long [-gnatyM]
gtk-tree_model.ads:1288:01: (style) incorrect layout [-gnatyl]
gtk-tree_model.ads:1297:01: (style) incorrect layout [-gnatyl]
gtk-tree_model.ads:1302:01: (style) trailing spaces not permitted [-gnatyb]
gtk-tree_model.ads:1304:80: (style) this line is too long [-gnatyM]
   [Ada]          pango-attributes.adb
pango-attributes.ads:41:80: (style) this line is too long [-gnatyM]
pango-attributes.ads:55:80: (style) this line is too long [-gnatyM]
pango-attributes.ads:62:80: (style) this line is too long [-gnatyM]
pango-attributes.ads:245:80: (style) this line is too long [-gnatyM]
   [Ada]          gtk-menu_bar.adb
gtk-combo_box.ads:89:80: (style) this line is too long [-gnatyM]
gtk-combo_box.ads:480:80: (style) this line is too long [-gnatyM]
gtk-combo_box.ads:481:80: (style) this line is too long [-gnatyM]
gtk-combo_box.ads:503:80: (style) this line is too long [-gnatyM]
gtk-combo_box.ads:521:80: (style) this line is too long [-gnatyM]
gtk-combo_box.ads:525:80: (style) this line is too long [-gnatyM]
gtk-combo_box.ads:535:80: (style) this line is too long [-gnatyM]
gtk-combo_box.ads:536:80: (style) this line is too long [-gnatyM]
gtk-combo_box.ads:584:80: (style) this line is too long [-gnatyM]
gtk-combo_box.ads:592:80: (style) this line is too long [-gnatyM]
gtk-combo_box.ads:600:80: (style) this line is too long [-gnatyM]
gtk-combo_box.ads:605:80: (style) this line is too long [-gnatyM]
gtk-combo_box.ads:610:80: (style) this line is too long [-gnatyM]
gtk-combo_box.ads:635:80: (style) this line is too long [-gnatyM]
gtk-combo_box.ads:706:80: (style) this line is too long [-gnatyM]
gtk-combo_box.ads:765:06: (style) trailing spaces not permitted [-gnatyb]
gtk-combo_box.ads:767:80: (style) this line is too long [-gnatyM]
gtk-combo_box.ads:770:07: (style) space required [-gnatyt]
gtk-combo_box.ads:853:80: (style) this line is too long [-gnatyM]
gtk-combo_box.ads:901:80: (style) this line is too long [-gnatyM]
   [Ada]          gtk-paper_size.adb
gtk-menu_button.ads:126:80: (style) this line is too long [-gnatyM]
gtk-menu_button.ads:383:80: (style) this line is too long [-gnatyM]
   [Ada]          gtk-action.adb
gtk-toggle_action.ads:179:80: (style) this line is too long [-gnatyM]
   [Ada]          gtk-revealer.adb
gtk-paper_size.ads:52:80: (style) this line is too long [-gnatyM]
gtk-paper_size.ads:61:80: (style) this line is too long [-gnatyM]
gtk-paper_size.ads:71:80: (style) this line is too long [-gnatyM]
gtk-paper_size.ads:283:80: (style) this line is too long [-gnatyM]
gtk-paper_size.ads:299:80: (style) this line is too long [-gnatyM]
   [Ada]          gtk-message_dialog.adb
gtk-menu_bar.ads:128:80: (style) this line is too long [-gnatyM]
gtk-menu_bar.ads:157:80: (style) this line is too long [-gnatyM]
   [Ada]          gtk-menu.adb
gtk-revealer.ads:68:80: (style) this line is too long [-gnatyM]
gtk-revealer.ads:156:80: (style) this line is too long [-gnatyM]
gtk-revealer.ads:178:80: (style) this line is too long [-gnatyM]
   [Ada]          gtk-builder.adb
   [Ada]          gtk-editable.adb
gtk-message_dialog.ads:316:80: (style) this line is too long [-gnatyM]
gtk-message_dialog.ads:343:80: (style) this line is too long [-gnatyM]
gtk-message_dialog.ads:362:80: (style) this line is too long [-gnatyM]
   [Ada]          glib-menu_model.adb
gtk-action.ads:588:80: (style) this line is too long [-gnatyM]
   [Ada]          gtk-gradient.adb
gtk-editable.ads:59:16: (style) space required [-gnatyt]
gtk-editable.ads:61:16: (style) space required [-gnatyt]
gtk-editable.ads:201:80: (style) this line is too long [-gnatyM]
gtk-editable.ads:251:06: (style) trailing spaces not permitted [-gnatyb]
gtk-editable.ads:283:06: (style) trailing spaces not permitted [-gnatyb]
gtk-editable.ads:288:80: (style) this line is too long [-gnatyM]
gtk-editable.ads:362:80: (style) this line is too long [-gnatyM]
gtk-editable.ads:394:80: (style) this line is too long [-gnatyM]
gtk-editable.ads:452:80: (style) this line is too long [-gnatyM]
gtk-editable.ads:467:80: (style) this line is too long [-gnatyM]
gtk-editable.ads:472:01: (style) incorrect layout [-gnatyl]
   [Ada]          gtk-font_button.adb
gtk-menu.ads:92:80: (style) this line is too long [-gnatyM]
gtk-menu.ads:398:80: (style) this line is too long [-gnatyM]
gtk-menu.ads:406:80: (style) this line is too long [-gnatyM]
gtk-menu.ads:408:80: (style) this line is too long [-gnatyM]
gtk-menu.ads:409:80: (style) this line is too long [-gnatyM]
gtk-menu.ads:410:80: (style) this line is too long [-gnatyM]
gtk-menu.ads:411:80: (style) this line is too long [-gnatyM]
gtk-menu.ads:413:80: (style) this line is too long [-gnatyM]
gtk-menu.ads:414:80: (style) this line is too long [-gnatyM]
gtk-menu.ads:415:80: (style) this line is too long [-gnatyM]
gtk-menu.ads:416:80: (style) this line is too long [-gnatyM]
gtk-menu.ads:500:80: (style) this line is too long [-gnatyM]
gtk-menu.ads:508:80: (style) this line is too long [-gnatyM]
gtk-menu.ads:510:80: (style) this line is too long [-gnatyM]
gtk-menu.ads:511:80: (style) this line is too long [-gnatyM]
gtk-menu.ads:512:80: (style) this line is too long [-gnatyM]
gtk-menu.ads:513:80: (style) this line is too long [-gnatyM]
gtk-menu.ads:515:80: (style) this line is too long [-gnatyM]
gtk-menu.ads:516:80: (style) this line is too long [-gnatyM]
gtk-menu.ads:517:80: (style) this line is too long [-gnatyM]
gtk-menu.ads:518:80: (style) this line is too long [-gnatyM]
   [Ada]          gtk-entry_completion.adb
gtk-gradient.ads:56:80: (style) this line is too long [-gnatyM]
gtk-gradient.ads:155:80: (style) this line is too long [-gnatyM]
gtk-gradient.ads:170:80: (style) this line is too long [-gnatyM]
gtk-gradient.ads:188:80: (style) this line is too long [-gnatyM]
   [Ada]          gtk-entry_buffer.adb
glib-menu_model.ads:140:06: warning: unnecessary with of ancestor [-gnatwr]
glib-menu_model.ads:163:80: (style) this line is too long [-gnatyM]
glib-menu_model.ads:349:06: (style) trailing spaces not permitted [-gnatyb]
   [Ada]          gtk-tool_palette.adb
gtk-tool_palette.ads:124:80: (style) this line is too long [-gnatyM]
gtk-tool_palette.ads:128:80: (style) this line is too long [-gnatyM]
gtk-tool_palette.ads:201:80: (style) this line is too long [-gnatyM]
gtk-tool_palette.ads:211:80: (style) this line is too long [-gnatyM]
gtk-tool_palette.ads:222:80: (style) this line is too long [-gnatyM]
gtk-tool_palette.ads:232:80: (style) this line is too long [-gnatyM]
gtk-tool_palette.ads:242:80: (style) this line is too long [-gnatyM]
gtk-tool_palette.ads:251:80: (style) this line is too long [-gnatyM]
gtk-tool_palette.ads:416:80: (style) this line is too long [-gnatyM]
gtk-tool_palette.ads:427:80: (style) this line is too long [-gnatyM]
   [Ada]          gtk-check_button.adb
gtk-entry_buffer.ads:223:06: (style) trailing spaces not permitted [-gnatyb]
gtk-entry_buffer.ads:228:80: (style) this line is too long [-gnatyM]
gtk-entry_buffer.ads:251:06: (style) trailing spaces not permitted [-gnatyb]
   [Ada]          gtk-gesture.adb
gtk-font_button.ads:58:80: (style) this line is too long [-gnatyM]
gtk-font_button.ads:205:80: (style) this line is too long [-gnatyM]
gtk-font_button.ads:208:80: (style) this line is too long [-gnatyM]
gtk-font_button.ads:216:80: (style) this line is too long [-gnatyM]
gtk-font_button.ads:405:80: (style) this line is too long [-gnatyM]
gtk-font_button.ads:427:80: (style) this line is too long [-gnatyM]
   [Ada]          gtk-text_buffer.adb
gtk-entry_completion.ads:111:80: (style) this line is too long [-gnatyM]
gtk-entry_completion.ads:374:80: (style) this line is too long [-gnatyM]
gtk-entry_completion.ads:390:80: (style) this line is too long [-gnatyM]
gtk-entry_completion.ads:404:80: (style) this line is too long [-gnatyM]
gtk-entry_completion.ads:422:80: (style) this line is too long [-gnatyM]
gtk-entry_completion.ads:426:80: (style) this line is too long [-gnatyM]
gtk-entry_completion.ads:436:80: (style) this line is too long [-gnatyM]
gtk-entry_completion.ads:437:80: (style) this line is too long [-gnatyM]
gtk-entry_completion.ads:461:80: (style) this line is too long [-gnatyM]
gtk-entry_completion.ads:470:80: (style) this line is too long [-gnatyM]
gtk-entry_completion.ads:478:80: (style) this line is too long [-gnatyM]
gtk-entry_completion.ads:483:80: (style) this line is too long [-gnatyM]
gtk-entry_completion.ads:488:80: (style) this line is too long [-gnatyM]
gtk-entry_completion.ads:561:80: (style) this line is too long [-gnatyM]
gtk-entry_completion.ads:566:80: (style) this line is too long [-gnatyM]
gtk-entry_completion.ads:587:06: (style) trailing spaces not permitted [-gnatyb]
gtk-entry_completion.ads:590:80: (style) this line is too long [-gnatyM]
gtk-entry_completion.ads:619:06: (style) trailing spaces not permitted [-gnatyb]
gtk-entry_completion.ads:640:06: (style) trailing spaces not permitted [-gnatyb]
gtk-entry_completion.ads:643:80: (style) this line is too long [-gnatyM]
gtk-entry_completion.ads:676:80: (style) this line is too long [-gnatyM]
gtk-entry_completion.ads:687:80: (style) this line is too long [-gnatyM]
   [Ada]          gtk-handle_box.adb
gtk-check_button.ads:51:80: (style) this line is too long [-gnatyM]
gtk-check_button.ads:170:80: (style) this line is too long [-gnatyM]
gtk-check_button.ads:181:80: (style) this line is too long [-gnatyM]
   [Ada]          gtk-grange.adb
gtk-gesture.ads:162:80: (style) this line is too long [-gnatyM]
gtk-gesture.ads:269:80: (style) this line is too long [-gnatyM]
gtk-gesture.ads:463:80: (style) this line is too long [-gnatyM]
gtk-gesture.ads:468:80: (style) this line is too long [-gnatyM]
gtk-gesture.ads:473:80: (style) this line is too long [-gnatyM]
gtk-gesture.ads:486:06: (style) trailing spaces not permitted [-gnatyb]
   [Ada]          glib-action_group.adb
   [Ada]          gtk-accel_group.adb
gtk-grange.ads:75:80: (style) this line is too long [-gnatyM]
gtk-grange.ads:322:80: (style) this line is too long [-gnatyM]
gtk-grange.ads:338:80: (style) this line is too long [-gnatyM]
gtk-grange.ads:365:80: (style) this line is too long [-gnatyM]
gtk-grange.ads:399:06: (style) trailing spaces not permitted [-gnatyb]
gtk-grange.ads:426:80: (style) this line is too long [-gnatyM]
gtk-grange.ads:475:80: (style) this line is too long [-gnatyM]
gtk-grange.ads:481:80: (style) this line is too long [-gnatyM]
gtk-grange.ads:483:80: (style) this line is too long [-gnatyM]
   [Ada]          gdk-rgba.adb
gtk-text_buffer.ads:203:80: (style) this line is too long [-gnatyM]
gtk-text_buffer.ads:372:80: (style) this line is too long [-gnatyM]
gtk-text_buffer.ads:562:80: (style) this line is too long [-gnatyM]
gtk-text_buffer.ads:670:80: (style) this line is too long [-gnatyM]
gtk-text_buffer.ads:901:80: (style) this line is too long [-gnatyM]
gtk-text_buffer.ads:907:80: (style) this line is too long [-gnatyM]
gtk-text_buffer.ads:916:80: (style) this line is too long [-gnatyM]
gtk-text_buffer.ads:932:06: (style) trailing spaces not permitted [-gnatyb]
gtk-text_buffer.ads:976:80: (style) this line is too long [-gnatyM]
gtk-text_buffer.ads:981:80: (style) this line is too long [-gnatyM]
gtk-text_buffer.ads:1007:06: (style) trailing spaces not permitted [-gnatyb]
gtk-text_buffer.ads:1031:80: (style) this line is too long [-gnatyM]
gtk-text_buffer.ads:1034:80: (style) this line is too long [-gnatyM]
gtk-text_buffer.ads:1036:80: (style) this line is too long [-gnatyM]
gtk-text_buffer.ads:1039:80: (style) this line is too long [-gnatyM]
gtk-text_buffer.ads:1041:80: (style) this line is too long [-gnatyM]
gtk-text_buffer.ads:1061:06: (style) trailing spaces not permitted [-gnatyb]
gtk-text_buffer.ads:1067:80: (style) this line is too long [-gnatyM]
gtk-text_buffer.ads:1096:06: (style) trailing spaces not permitted [-gnatyb]
gtk-text_buffer.ads:1101:80: (style) this line is too long [-gnatyM]
gtk-text_buffer.ads:1107:80: (style) this line is too long [-gnatyM]
gtk-text_buffer.ads:1132:06: (style) trailing spaces not permitted [-gnatyb]
gtk-text_buffer.ads:1161:80: (style) this line is too long [-gnatyM]
gtk-text_buffer.ads:1166:80: (style) this line is too long [-gnatyM]
gtk-text_buffer.ads:1185:06: (style) trailing spaces not permitted [-gnatyb]
gtk-text_buffer.ads:1230:80: (style) this line is too long [-gnatyM]
gtk-text_buffer.ads:1245:06: (style) trailing spaces not permitted [-gnatyb]
   [Ada]          gtk-stock.adb
   [Ada]          gtk-action_bar.adb
gtk-stock.ads:46:80: (style) this line is too long [-gnatyM]
gtk-stock.ads:98:80: (style) this line is too long [-gnatyM]
gtk-stock.ads:99:80: (style) this line is too long [-gnatyM]
gtk-stock.ads:100:80: (style) this line is too long [-gnatyM]
gtk-stock.ads:101:80: (style) this line is too long [-gnatyM]
gtk-stock.ads:212:01: (style) incorrect layout [-gnatyl]
   [Ada]          pango-matrix.adb
pango-matrix.ads:86:80: (style) this line is too long [-gnatyM]
pango-matrix.ads:134:80: (style) this line is too long [-gnatyM]
   [Ada]          gtk-size_group.adb
glib-action_group.ads:74:06: warning: unnecessary with of ancestor [-gnatwr]
glib-action_group.ads:78:16: (style) space required [-gnatyt]
glib-action_group.ads:81:16: (style) space required [-gnatyt]
glib-action_group.ads:332:80: (style) this line is too long [-gnatyM]
glib-action_group.ads:343:06: (style) trailing spaces not permitted [-gnatyb]
glib-action_group.ads:372:80: (style) this line is too long [-gnatyM]
glib-action_group.ads:383:06: (style) trailing spaces not permitted [-gnatyb]
glib-action_group.ads:571:80: (style) this line is too long [-gnatyM]
glib-action_group.ads:627:80: (style) this line is too long [-gnatyM]
glib-action_group.ads:632:80: (style) this line is too long [-gnatyM]
glib-action_group.ads:637:80: (style) this line is too long [-gnatyM]
glib-action_group.ads:642:80: (style) this line is too long [-gnatyM]
glib-action_group.ads:647:80: (style) this line is too long [-gnatyM]
glib-action_group.ads:652:80: (style) this line is too long [-gnatyM]
glib-action_group.ads:657:80: (style) this line is too long [-gnatyM]
glib-action_group.ads:662:80: (style) this line is too long [-gnatyM]
glib-action_group.ads:667:80: (style) this line is too long [-gnatyM]
glib-action_group.ads:672:80: (style) this line is too long [-gnatyM]
glib-action_group.ads:692:01: (style) incorrect layout [-gnatyl]
   [Ada]          gtk-cell_renderer_progress.adb
gtk-accel_group.ads:334:80: (style) this line is too long [-gnatyM]
gtk-accel_group.ads:340:80: (style) this line is too long [-gnatyM]
gtk-accel_group.ads:359:06: (style) trailing spaces not permitted [-gnatyb]
gtk-accel_group.ads:366:80: (style) this line is too long [-gnatyM]
gtk-accel_group.ads:372:80: (style) this line is too long [-gnatyM]
gtk-accel_group.ads:394:06: (style) trailing spaces not permitted [-gnatyb]
   [Ada]          gtk-font_chooser_widget.adb
   [Ada]          gtk-about_dialog.adb
gtk-cell_renderer_progress.ads:44:80: (style) this line is too long [-gnatyM]
gtk-cell_renderer_progress.ads:45:80: (style) this line is too long [-gnatyM]
gtk-cell_renderer_progress.ads:124:80: (style) this line is too long [-gnatyM]
   [Ada]          gtk-file_chooser.adb
gtk-font_chooser_widget.ads:56:80: (style) this line is too long [-gnatyM]
gtk-font_chooser_widget.ads:63:80: (style) this line is too long [-gnatyM]
gtk-font_chooser_widget.ads:109:80: (style) this line is too long [-gnatyM]
gtk-font_chooser_widget.ads:112:80: (style) this line is too long [-gnatyM]
gtk-font_chooser_widget.ads:120:80: (style) this line is too long [-gnatyM]
gtk-font_chooser_widget.ads:201:80: (style) this line is too long [-gnatyM]
gtk-font_chooser_widget.ads:212:80: (style) this line is too long [-gnatyM]
gtk-font_chooser_widget.ads:223:80: (style) this line is too long [-gnatyM]
   [Ada]          gtk-stack.adb
   [Ada]          gtk-tree_selection.adb
gtk-stack.ads:86:80: (style) this line is too long [-gnatyM]
gtk-stack.ads:252:80: (style) this line is too long [-gnatyM]
gtk-stack.ads:283:80: (style) this line is too long [-gnatyM]
   [Ada]          gtk-label.adb
gtk-about_dialog.ads:356:38: (style) space required [-gnatyt]
gtk-about_dialog.ads:359:38: (style) space required [-gnatyt]
gtk-about_dialog.ads:362:42: (style) space required [-gnatyt]
gtk-about_dialog.ads:456:06: (style) trailing spaces not permitted [-gnatyb]
   [Ada]          gdk-event.adb
gtk-file_chooser.ads:184:80: (style) this line is too long [-gnatyM]
gtk-file_chooser.ads:188:80: (style) this line is too long [-gnatyM]
gtk-file_chooser.ads:192:80: (style) this line is too long [-gnatyM]
gtk-file_chooser.ads:401:80: (style) this line is too long [-gnatyM]
gtk-file_chooser.ads:562:80: (style) this line is too long [-gnatyM]
gtk-file_chooser.ads:689:80: (style) this line is too long [-gnatyM]
gtk-file_chooser.ads:696:80: (style) this line is too long [-gnatyM]
gtk-file_chooser.ads:724:80: (style) this line is too long [-gnatyM]
gtk-file_chooser.ads:791:06: (style) trailing spaces not permitted [-gnatyb]
gtk-file_chooser.ads:793:80: (style) this line is too long [-gnatyM]
gtk-file_chooser.ads:796:80: (style) this line is too long [-gnatyM]
gtk-file_chooser.ads:801:80: (style) this line is too long [-gnatyM]
gtk-file_chooser.ads:922:80: (style) this line is too long [-gnatyM]
gtk-file_chooser.ads:932:80: (style) this line is too long [-gnatyM]
gtk-file_chooser.ads:936:80: (style) this line is too long [-gnatyM]
gtk-file_chooser.ads:939:01: (style) incorrect layout [-gnatyl]
   [Ada]          gtk-radio_menu_item.adb
gdk-event.ads:50:06: warning: unnecessary with of ancestor [-gnatwr]
gdk-event.ads:289:80: (style) this line is too long [-gnatyM]
gdk-event.ads:322:80: (style) this line is too long [-gnatyM]
gdk-event.ads:363:80: (style) this line is too long [-gnatyM]
gdk-event.ads:376:80: (style) this line is too long [-gnatyM]
gdk-event.ads:396:80: (style) this line is too long [-gnatyM]
gdk-event.ads:417:80: (style) this line is too long [-gnatyM]
gdk-event.ads:464:80: (style) this line is too long [-gnatyM]
gdk-event.ads:476:80: (style) this line is too long [-gnatyM]
gdk-event.ads:491:80: (style) this line is too long [-gnatyM]
gdk-event.ads:505:80: (style) this line is too long [-gnatyM]
gdk-event.ads:521:80: (style) this line is too long [-gnatyM]
gdk-event.ads:538:80: (style) this line is too long [-gnatyM]
gdk-event.ads:553:80: (style) this line is too long [-gnatyM]
gdk-event.ads:589:80: (style) this line is too long [-gnatyM]
gdk-event.ads:602:80: (style) this line is too long [-gnatyM]
gdk-event.ads:623:80: (style) this line is too long [-gnatyM]
gdk-event.ads:645:80: (style) this line is too long [-gnatyM]
gdk-event.ads:653:80: (style) this line is too long [-gnatyM]
gdk-event.ads:737:26: (style) space required [-gnatyt]
gdk-event.ads:739:80: (style) this line is too long [-gnatyM]
gdk-event.ads:787:80: (style) this line is too long [-gnatyM]
gdk-event.ads:791:80: (style) this line is too long [-gnatyM]
gdk-event.ads:799:80: (style) this line is too long [-gnatyM]
gdk-event.ads:803:80: (style) this line is too long [-gnatyM]
gdk-event.ads:811:80: (style) this line is too long [-gnatyM]
gdk-event.ads:1001:80: (style) this line is too long [-gnatyM]
   [Ada]          gtk-css_provider.adb
gtk-tree_selection.ads:81:80: (style) this line is too long [-gnatyM]
gtk-tree_selection.ads:227:80: (style) this line is too long [-gnatyM]
gtk-tree_selection.ads:244:80: (style) this line is too long [-gnatyM]
gtk-tree_selection.ads:251:80: (style) this line is too long [-gnatyM]
gtk-tree_selection.ads:260:80: (style) this line is too long [-gnatyM]
   [Ada]          gtk-scrollbar.adb
gtk-css_provider.ads:913:06: (style) trailing spaces not permitted [-gnatyb]
gtk-css_provider.ads:926:80: (style) this line is too long [-gnatyM]
   [Ada]          gtk-aspect_frame.adb
gtk-label.ads:113:80: (style) this line is too long [-gnatyM]
gtk-label.ads:717:80: (style) this line is too long [-gnatyM]
gtk-label.ads:722:80: (style) this line is too long [-gnatyM]
gtk-label.ads:761:06: (style) trailing spaces not permitted [-gnatyb]
gtk-label.ads:781:80: (style) this line is too long [-gnatyM]
gtk-label.ads:787:80: (style) this line is too long [-gnatyM]
gtk-label.ads:818:06: (style) trailing spaces not permitted [-gnatyb]
gtk-label.ads:820:80: (style) this line is too long [-gnatyM]
   [Ada]          gtk-text_child_anchor.adb
   [Ada]          pango-context.adb
   [Ada]          gtk-cell_area.adb
   [Ada]          gtk-status_bar.adb
gtk-radio_menu_item.ads:61:80: (style) this line is too long [-gnatyM]
gtk-radio_menu_item.ads:246:80: (style) this line is too long [-gnatyM]
gtk-radio_menu_item.ads:257:80: (style) this line is too long [-gnatyM]
gtk-radio_menu_item.ads:268:80: (style) this line is too long [-gnatyM]
   [Ada]          glib-string.adb
glib-string.ads:30:06: warning: unnecessary with of ancestor [-gnatwr]
   [Ada]          pango-font_map.adb
   [Ada]          gtk-tearoff_menu_item.adb
   [Ada]          gtk-style_context.adb
gtk-tearoff_menu_item.ads:56:80: (style) this line is too long [-gnatyM]
gtk-tearoff_menu_item.ads:144:80: (style) this line is too long [-gnatyM]
gtk-tearoff_menu_item.ads:155:80: (style) this line is too long [-gnatyM]
gtk-tearoff_menu_item.ads:166:80: (style) this line is too long [-gnatyM]
   [Ada]          gtk-button.adb
gtk-status_bar.ads:166:80: (style) this line is too long [-gnatyM]
gtk-status_bar.ads:187:06: (style) trailing spaces not permitted [-gnatyb]
gtk-status_bar.ads:203:06: (style) trailing spaces not permitted [-gnatyb]
   [Ada]          gtk-search_bar.adb
gtk-cell_area.ads:306:80: (style) this line is too long [-gnatyM]
gtk-cell_area.ads:313:80: (style) this line is too long [-gnatyM]
gtk-cell_area.ads:327:80: (style) this line is too long [-gnatyM]
gtk-cell_area.ads:351:80: (style) this line is too long [-gnatyM]
gtk-cell_area.ads:373:80: (style) this line is too long [-gnatyM]
gtk-cell_area.ads:391:80: (style) this line is too long [-gnatyM]
gtk-cell_area.ads:398:80: (style) this line is too long [-gnatyM]
gtk-cell_area.ads:399:80: (style) this line is too long [-gnatyM]
gtk-cell_area.ads:428:80: (style) this line is too long [-gnatyM]
gtk-cell_area.ads:442:80: (style) this line is too long [-gnatyM]
gtk-cell_area.ads:453:80: (style) this line is too long [-gnatyM]
gtk-cell_area.ads:463:80: (style) this line is too long [-gnatyM]
gtk-cell_area.ads:474:80: (style) this line is too long [-gnatyM]
gtk-cell_area.ads:485:80: (style) this line is too long [-gnatyM]
gtk-cell_area.ads:513:80: (style) this line is too long [-gnatyM]
gtk-cell_area.ads:554:80: (style) this line is too long [-gnatyM]
gtk-cell_area.ads:557:80: (style) this line is too long [-gnatyM]
gtk-cell_area.ads:562:80: (style) this line is too long [-gnatyM]
gtk-cell_area.ads:575:80: (style) this line is too long [-gnatyM]
gtk-cell_area.ads:597:80: (style) this line is too long [-gnatyM]
gtk-cell_area.ads:612:80: (style) this line is too long [-gnatyM]
gtk-cell_area.ads:613:80: (style) this line is too long [-gnatyM]
gtk-cell_area.ads:635:80: (style) this line is too long [-gnatyM]
gtk-cell_area.ads:637:80: (style) this line is too long [-gnatyM]
gtk-cell_area.ads:681:80: (style) this line is too long [-gnatyM]
gtk-cell_area.ads:692:80: (style) this line is too long [-gnatyM]
gtk-cell_area.ads:705:80: (style) this line is too long [-gnatyM]
gtk-cell_area.ads:714:80: (style) this line is too long [-gnatyM]
gtk-cell_area.ads:733:80: (style) this line is too long [-gnatyM]
gtk-cell_area.ads:760:80: (style) this line is too long [-gnatyM]
gtk-cell_area.ads:779:80: (style) this line is too long [-gnatyM]
gtk-cell_area.ads:813:80: (style) this line is too long [-gnatyM]
gtk-cell_area.ads:842:80: (style) this line is too long [-gnatyM]
gtk-cell_area.ads:843:80: (style) this line is too long [-gnatyM]
gtk-cell_area.ads:855:80: (style) this line is too long [-gnatyM]
gtk-cell_area.ads:862:80: (style) this line is too long [-gnatyM]
gtk-cell_area.ads:863:80: (style) this line is too long [-gnatyM]
gtk-cell_area.ads:874:80: (style) this line is too long [-gnatyM]
gtk-cell_area.ads:898:80: (style) this line is too long [-gnatyM]
gtk-cell_area.ads:931:80: (style) this line is too long [-gnatyM]
gtk-cell_area.ads:949:80: (style) this line is too long [-gnatyM]
gtk-cell_area.ads:953:80: (style) this line is too long [-gnatyM]
gtk-cell_area.ads:963:80: (style) this line is too long [-gnatyM]
gtk-cell_area.ads:964:80: (style) this line is too long [-gnatyM]
gtk-cell_area.ads:1004:80: (style) this line is too long [-gnatyM]
gtk-cell_area.ads:1034:80: (style) this line is too long [-gnatyM]
gtk-cell_area.ads:1042:80: (style) this line is too long [-gnatyM]
gtk-cell_area.ads:1050:80: (style) this line is too long [-gnatyM]
gtk-cell_area.ads:1055:80: (style) this line is too long [-gnatyM]
gtk-cell_area.ads:1060:80: (style) this line is too long [-gnatyM]
gtk-cell_area.ads:1091:80: (style) this line is too long [-gnatyM]
gtk-cell_area.ads:1093:80: (style) this line is too long [-gnatyM]
gtk-cell_area.ads:1098:80: (style) this line is too long [-gnatyM]
gtk-cell_area.ads:1100:80: (style) this line is too long [-gnatyM]
gtk-cell_area.ads:1108:80: (style) this line is too long [-gnatyM]
gtk-cell_area.ads:1112:80: (style) this line is too long [-gnatyM]
gtk-cell_area.ads:1117:06: (style) trailing spaces not permitted [-gnatyb]
gtk-cell_area.ads:1119:80: (style) this line is too long [-gnatyM]
gtk-cell_area.ads:1123:80: (style) this line is too long [-gnatyM]
gtk-cell_area.ads:1124:80: (style) this line is too long [-gnatyM]
gtk-cell_area.ads:1127:80: (style) this line is too long [-gnatyM]
gtk-cell_area.ads:1134:80: (style) this line is too long [-gnatyM]
gtk-cell_area.ads:1144:80: (style) this line is too long [-gnatyM]
gtk-cell_area.ads:1152:06: (style) trailing spaces not permitted [-gnatyb]
gtk-cell_area.ads:1154:80: (style) this line is too long [-gnatyM]
gtk-cell_area.ads:1155:80: (style) this line is too long [-gnatyM]
gtk-cell_area.ads:1158:80: (style) this line is too long [-gnatyM]
gtk-cell_area.ads:1161:80: (style) this line is too long [-gnatyM]
gtk-cell_area.ads:1163:80: (style) this line is too long [-gnatyM]
gtk-cell_area.ads:1166:80: (style) this line is too long [-gnatyM]
gtk-cell_area.ads:1168:80: (style) this line is too long [-gnatyM]
gtk-cell_area.ads:1187:06: (style) trailing spaces not permitted [-gnatyb]
gtk-cell_area.ads:1190:80: (style) this line is too long [-gnatyM]
gtk-cell_area.ads:1192:80: (style) this line is too long [-gnatyM]
gtk-cell_area.ads:1194:80: (style) this line is too long [-gnatyM]
gtk-cell_area.ads:1197:80: (style) this line is too long [-gnatyM]
gtk-cell_area.ads:1199:80: (style) this line is too long [-gnatyM]
gtk-cell_area.ads:1214:06: (style) trailing spaces not permitted [-gnatyb]
gtk-cell_area.ads:1218:80: (style) this line is too long [-gnatyM]
   [Ada]          gtk-icon_factory.adb
   [Ada]          gtk-style_provider.adb
   [Ada]          gtk-progress_bar.adb
gtk-style_provider.ads:102:01: (style) incorrect layout [-gnatyl]
   [Ada]          gtk-dialog.adb
gtk-style_context.ads:299:80: (style) this line is too long [-gnatyM]
   [Ada]          gtk-cell_renderer_toggle.adb
gtk-progress_bar.ads:264:80: (style) this line is too long [-gnatyM]
   [Ada]          gtk-list_box.adb
gtk-button.ads:450:80: (style) this line is too long [-gnatyM]
   [Ada]          pango-enums.adb
   [Ada]          gtk-menu_tool_button.adb
gtk-dialog.ads:439:80: (style) this line is too long [-gnatyM]
   [Ada]          gtk-stack_switcher.adb
gtk-cell_renderer_toggle.ads:41:80: (style) this line is too long [-gnatyM]
gtk-cell_renderer_toggle.ads:42:80: (style) this line is too long [-gnatyM]
gtk-cell_renderer_toggle.ads:140:80: (style) this line is too long [-gnatyM]
   [Ada]          gtk-cell_layout.adb
gtk-cell_layout.ads:124:80: (style) this line is too long [-gnatyM]
gtk-cell_layout.ads:148:80: (style) this line is too long [-gnatyM]
gtk-cell_layout.ads:170:80: (style) this line is too long [-gnatyM]
gtk-cell_layout.ads:185:80: (style) this line is too long [-gnatyM]
gtk-cell_layout.ads:198:80: (style) this line is too long [-gnatyM]
gtk-cell_layout.ads:211:80: (style) this line is too long [-gnatyM]
gtk-cell_layout.ads:222:80: (style) this line is too long [-gnatyM]
gtk-cell_layout.ads:240:80: (style) this line is too long [-gnatyM]
gtk-cell_layout.ads:244:80: (style) this line is too long [-gnatyM]
gtk-cell_layout.ads:255:80: (style) this line is too long [-gnatyM]
gtk-cell_layout.ads:282:01: (style) incorrect layout [-gnatyl]
   [Ada]          gtk-color_selection_dialog.adb
gtk-list_box.ads:288:80: (style) this line is too long [-gnatyM]
gtk-list_box.ads:290:80: (style) this line is too long [-gnatyM]
gtk-list_box.ads:329:80: (style) this line is too long [-gnatyM]
gtk-list_box.ads:385:80: (style) this line is too long [-gnatyM]
gtk-list_box.ads:388:80: (style) this line is too long [-gnatyM]
gtk-list_box.ads:389:80: (style) this line is too long [-gnatyM]
gtk-list_box.ads:390:80: (style) this line is too long [-gnatyM]
gtk-list_box.ads:398:80: (style) this line is too long [-gnatyM]
gtk-list_box.ads:452:80: (style) this line is too long [-gnatyM]
gtk-list_box.ads:453:80: (style) this line is too long [-gnatyM]
gtk-list_box.ads:494:80: (style) this line is too long [-gnatyM]
gtk-list_box.ads:502:80: (style) this line is too long [-gnatyM]
gtk-list_box.ads:507:80: (style) this line is too long [-gnatyM]
gtk-list_box.ads:518:80: (style) this line is too long [-gnatyM]
gtk-list_box.ads:538:06: (style) trailing spaces not permitted [-gnatyb]
gtk-list_box.ads:595:80: (style) this line is too long [-gnatyM]
gtk-list_box.ads:656:80: (style) this line is too long [-gnatyM]
   [Ada]          gtk-menu_item.adb
gtk-stack_switcher.ads:124:80: (style) this line is too long [-gnatyM]
gtk-stack_switcher.ads:135:80: (style) this line is too long [-gnatyM]
   [Ada]          gtk-image_menu_item.adb
gtk-menu_tool_button.ads:61:80: (style) this line is too long [-gnatyM]
gtk-menu_tool_button.ads:263:80: (style) this line is too long [-gnatyM]
gtk-menu_tool_button.ads:274:80: (style) this line is too long [-gnatyM]
gtk-menu_tool_button.ads:285:80: (style) this line is too long [-gnatyM]
   [Ada]          gtk-frame.adb
gtk-color_selection_dialog.ads:42:80: (style) this line is too long [-gnatyM]
gtk-color_selection_dialog.ads:43:80: (style) this line is too long [-gnatyM]
gtk-color_selection_dialog.ads:53:80: (style) this line is too long [-gnatyM]
gtk-color_selection_dialog.ads:73:80: (style) this line is too long [-gnatyM]
gtk-color_selection_dialog.ads:105:80: (style) this line is too long [-gnatyM]
   [Ada]          gtk-scrollable.adb
gtk-scrollable.ads:177:80: (style) this line is too long [-gnatyM]
gtk-scrollable.ads:181:80: (style) this line is too long [-gnatyM]
gtk-scrollable.ads:186:01: (style) incorrect layout [-gnatyl]
   [Ada]          gtk-tree_row_reference.adb
gtk-image_menu_item.ads:48:80: (style) this line is too long [-gnatyM]
gtk-image_menu_item.ads:210:80: (style) this line is too long [-gnatyM]
gtk-image_menu_item.ads:314:80: (style) this line is too long [-gnatyM]
gtk-image_menu_item.ads:325:80: (style) this line is too long [-gnatyM]
gtk-image_menu_item.ads:336:80: (style) this line is too long [-gnatyM]
   [Ada]          gtk-toggle_tool_button.adb
   [Ada]          gtk-color_chooser_widget.adb
gtk-menu_item.ads:356:80: (style) this line is too long [-gnatyM]
gtk-menu_item.ads:417:80: (style) this line is too long [-gnatyM]
gtk-menu_item.ads:436:80: (style) this line is too long [-gnatyM]
   [Ada]          gtk-selection_data.adb
gtk-color_chooser_widget.ads:58:80: (style) this line is too long [-gnatyM]
gtk-color_chooser_widget.ads:140:80: (style) this line is too long [-gnatyM]
gtk-color_chooser_widget.ads:151:80: (style) this line is too long [-gnatyM]
gtk-color_chooser_widget.ads:162:80: (style) this line is too long [-gnatyM]
   [Ada]          gtk-overlay.adb
gtk-selection_data.ads:38:80: (style) this line is too long [-gnatyM]
gtk-selection_data.ads:215:80: (style) this line is too long [-gnatyM]
   [Ada]          gtk-cell_renderer_spin.adb
gtk-tree_row_reference.ads:41:80: (style) this line is too long [-gnatyM]
gtk-tree_row_reference.ads:42:80: (style) this line is too long [-gnatyM]
gtk-tree_row_reference.ads:195:80: (style) this line is too long [-gnatyM]
   [Ada]          gtk-icon_set.adb
gtk-cell_renderer_spin.ads:53:80: (style) this line is too long [-gnatyM]
gtk-cell_renderer_spin.ads:54:80: (style) this line is too long [-gnatyM]
   [Ada]          gtk-recent_filter.adb
gtk-toggle_tool_button.ads:47:80: (style) this line is too long [-gnatyM]
gtk-toggle_tool_button.ads:48:80: (style) this line is too long [-gnatyM]
gtk-toggle_tool_button.ads:213:80: (style) this line is too long [-gnatyM]
gtk-toggle_tool_button.ads:224:80: (style) this line is too long [-gnatyM]
gtk-toggle_tool_button.ads:235:80: (style) this line is too long [-gnatyM]
   [Ada]          gtk-icon_view.adb
gtk-icon_set.ads:52:80: (style) this line is too long [-gnatyM]
gtk-icon_set.ads:183:80: (style) this line is too long [-gnatyM]
gtk-icon_set.ads:200:80: (style) this line is too long [-gnatyM]
gtk-icon_set.ads:237:80: (style) this line is too long [-gnatyM]
   [Ada]          gdk-window.adb
gtk-recent_filter.ads:102:80: (style) this line is too long [-gnatyM]
gtk-recent_filter.ads:107:80: (style) this line is too long [-gnatyM]
gtk-recent_filter.ads:108:80: (style) this line is too long [-gnatyM]
gtk-recent_filter.ads:109:80: (style) this line is too long [-gnatyM]
gtk-recent_filter.ads:115:80: (style) this line is too long [-gnatyM]
gtk-recent_filter.ads:128:80: (style) this line is too long [-gnatyM]
gtk-recent_filter.ads:217:80: (style) this line is too long [-gnatyM]
gtk-recent_filter.ads:315:80: (style) this line is too long [-gnatyM]
   [Ada]          gtk-tree_store.adb
gtk-overlay.ads:98:80: (style) this line is too long [-gnatyM]
gtk-overlay.ads:110:80: (style) this line is too long [-gnatyM]
gtk-overlay.ads:131:06: (style) trailing spaces not permitted [-gnatyb]
   [Ada]          glib-option.adb
gdk-window.ads:28:06: warning: unnecessary with of ancestor [-gnatwr]
gdk-window.ads:288:80: (style) this line is too long [-gnatyM]
gdk-window.ads:326:80: (style) this line is too long [-gnatyM]
gdk-window.ads:334:80: (style) this line is too long [-gnatyM]
gdk-window.ads:350:80: (style) this line is too long [-gnatyM]
gdk-window.ads:591:80: (style) this line is too long [-gnatyM]
gdk-window.ads:607:80: (style) this line is too long [-gnatyM]
gdk-window.ads:643:80: (style) this line is too long [-gnatyM]
gdk-window.ads:679:80: (style) this line is too long [-gnatyM]
gdk-window.ads:734:80: (style) this line is too long [-gnatyM]
gdk-window.ads:743:80: (style) this line is too long [-gnatyM]
gdk-window.ads:930:80: (style) this line is too long [-gnatyM]
gdk-window.ads:1326:80: (style) this line is too long [-gnatyM]
gdk-window.ads:1480:80: (style) this line is too long [-gnatyM]
gdk-window.ads:1651:80: (style) this line is too long [-gnatyM]
gdk-window.ads:1971:80: (style) this line is too long [-gnatyM]
gdk-window.ads:2130:06: (style) trailing spaces not permitted [-gnatyb]
gdk-window.ads:2147:06: (style) trailing spaces not permitted [-gnatyb]
gdk-window.ads:2151:80: (style) this line is too long [-gnatyM]
gdk-window.ads:2153:80: (style) this line is too long [-gnatyM]
gdk-window.ads:2156:80: (style) this line is too long [-gnatyM]
gdk-window.ads:2163:06: (style) trailing spaces not permitted [-gnatyb]
gdk-window.ads:2181:06: (style) trailing spaces not permitted [-gnatyb]
   [Ada]          gtk-toolbar.adb
glib-option.ads:32:06: warning: unnecessary with of ancestor [-gnatwr]
glib-option.ads:45:80: (style) this line is too long [-gnatyM]
glib-option.ads:119:80: (style) this line is too long [-gnatyM]
glib-option.ads:284:80: (style) this line is too long [-gnatyM]
glib-option.ads:331:80: (style) this line is too long [-gnatyM]
glib-option.ads:340:52: (style) space required [-gnatyt]
glib-option.ads:343:80: (style) this line is too long [-gnatyM]
glib-option.ads:372:80: (style) this line is too long [-gnatyM]
glib-option.ads:376:56: (style) space required [-gnatyt]
glib-option.ads:379:01: (style) trailing spaces not permitted [-gnatyb]
   [Ada]          gtk-cell_view.adb
gtk-tree_store.ads:60:80: (style) this line is too long [-gnatyM]
gtk-tree_store.ads:326:80: (style) this line is too long [-gnatyM]
gtk-tree_store.ads:362:80: (style) this line is too long [-gnatyM]
gtk-tree_store.ads:363:80: (style) this line is too long [-gnatyM]
gtk-tree_store.ads:366:80: (style) this line is too long [-gnatyM]
gtk-tree_store.ads:378:80: (style) this line is too long [-gnatyM]
gtk-tree_store.ads:416:80: (style) this line is too long [-gnatyM]
gtk-tree_store.ads:417:80: (style) this line is too long [-gnatyM]
gtk-tree_store.ads:420:80: (style) this line is too long [-gnatyM]
gtk-tree_store.ads:432:80: (style) this line is too long [-gnatyM]
gtk-tree_store.ads:730:80: (style) this line is too long [-gnatyM]
gtk-tree_store.ads:741:80: (style) this line is too long [-gnatyM]
gtk-tree_store.ads:763:80: (style) this line is too long [-gnatyM]
   [Ada]          gdk-cursor.adb
gtk-icon_view.ads:91:80: (style) this line is too long [-gnatyM]
gtk-icon_view.ads:108:80: (style) this line is too long [-gnatyM]
gtk-icon_view.ads:747:80: (style) this line is too long [-gnatyM]
gtk-icon_view.ads:765:80: (style) this line is too long [-gnatyM]
gtk-icon_view.ads:769:80: (style) this line is too long [-gnatyM]
gtk-icon_view.ads:779:80: (style) this line is too long [-gnatyM]
gtk-icon_view.ads:780:80: (style) this line is too long [-gnatyM]
gtk-icon_view.ads:823:80: (style) this line is too long [-gnatyM]
gtk-icon_view.ads:831:80: (style) this line is too long [-gnatyM]
gtk-icon_view.ads:839:80: (style) this line is too long [-gnatyM]
gtk-icon_view.ads:844:80: (style) this line is too long [-gnatyM]
gtk-icon_view.ads:849:80: (style) this line is too long [-gnatyM]
gtk-icon_view.ads:890:80: (style) this line is too long [-gnatyM]
gtk-icon_view.ads:981:80: (style) this line is too long [-gnatyM]
gtk-icon_view.ads:1025:80: (style) this line is too long [-gnatyM]
gtk-icon_view.ads:1056:06: (style) trailing spaces not permitted [-gnatyb]
gtk-icon_view.ads:1058:80: (style) this line is too long [-gnatyM]
gtk-icon_view.ads:1061:80: (style) this line is too long [-gnatyM]
gtk-icon_view.ads:1085:80: (style) this line is too long [-gnatyM]
gtk-icon_view.ads:1117:80: (style) this line is too long [-gnatyM]
gtk-icon_view.ads:1233:80: (style) this line is too long [-gnatyM]
   [Ada]          gtk-layout.adb
   [Ada]          gtk-gesture_single.adb
gtk-cell_view.ads:73:80: (style) this line is too long [-gnatyM]
gtk-cell_view.ads:103:80: (style) this line is too long [-gnatyM]
gtk-cell_view.ads:107:80: (style) this line is too long [-gnatyM]
gtk-cell_view.ads:123:80: (style) this line is too long [-gnatyM]
gtk-cell_view.ads:309:80: (style) this line is too long [-gnatyM]
gtk-cell_view.ads:327:80: (style) this line is too long [-gnatyM]
gtk-cell_view.ads:331:80: (style) this line is too long [-gnatyM]
gtk-cell_view.ads:341:80: (style) this line is too long [-gnatyM]
gtk-cell_view.ads:342:80: (style) this line is too long [-gnatyM]
gtk-cell_view.ads:366:80: (style) this line is too long [-gnatyM]
gtk-cell_view.ads:374:80: (style) this line is too long [-gnatyM]
gtk-cell_view.ads:382:80: (style) this line is too long [-gnatyM]
gtk-cell_view.ads:387:80: (style) this line is too long [-gnatyM]
gtk-cell_view.ads:392:80: (style) this line is too long [-gnatyM]
   [Ada]          gtk-info_bar.adb
gtk-toolbar.ads:281:06: (style) trailing spaces not permitted [-gnatyb]
gtk-toolbar.ads:294:80: (style) this line is too long [-gnatyM]
gtk-toolbar.ads:318:80: (style) this line is too long [-gnatyM]
gtk-toolbar.ads:336:06: (style) trailing spaces not permitted [-gnatyb]
   [Ada]          gdk-drag_contexts.adb
gdk-drag_contexts.ads:26:06: warning: unnecessary with of ancestor [-gnatwr]
gdk-drag_contexts.ads:72:80: (style) this line is too long [-gnatyM]
   [Ada]          glib-action_map.adb
   [Ada]          glib-application.adb
glib-action_map.ads:38:06: warning: unnecessary with of ancestor [-gnatwr]
glib-action_map.ads:44:16: (style) space required [-gnatyt]
glib-action_map.ads:46:16: (style) space required [-gnatyt]
glib-action_map.ads:177:80: (style) this line is too long [-gnatyM]
glib-action_map.ads:195:80: (style) this line is too long [-gnatyM]
glib-action_map.ads:221:01: (style) incorrect layout [-gnatyl]
glib-action_map.ads:232:01: (style) incorrect layout [-gnatyl]
   [Ada]          gtk-tool_shell.adb
   [Ada]          gtk-radio_tool_button.adb
gtk-tool_shell.ads:103:80: (style) this line is too long [-gnatyM]
gtk-tool_shell.ads:147:80: (style) this line is too long [-gnatyM]
gtk-tool_shell.ads:150:80: (style) this line is too long [-gnatyM]
gtk-tool_shell.ads:157:80: (style) this line is too long [-gnatyM]
gtk-tool_shell.ads:164:80: (style) this line is too long [-gnatyM]
gtk-tool_shell.ads:171:80: (style) this line is too long [-gnatyM]
gtk-tool_shell.ads:178:80: (style) this line is too long [-gnatyM]
gtk-tool_shell.ads:185:80: (style) this line is too long [-gnatyM]
gtk-tool_shell.ads:206:80: (style) this line is too long [-gnatyM]
gtk-tool_shell.ads:216:80: (style) this line is too long [-gnatyM]
gtk-tool_shell.ads:221:80: (style) this line is too long [-gnatyM]
gtk-tool_shell.ads:231:80: (style) this line is too long [-gnatyM]
gtk-tool_shell.ads:236:80: (style) this line is too long [-gnatyM]
gtk-tool_shell.ads:241:80: (style) this line is too long [-gnatyM]
gtk-tool_shell.ads:251:01: (style) incorrect layout [-gnatyl]
   [Ada]          gtk-symbolic_color.adb
gtk-symbolic_color.ads:51:80: (style) this line is too long [-gnatyM]
gtk-symbolic_color.ads:205:80: (style) this line is too long [-gnatyM]
   [Ada]          gtk-assistant.adb
gtk-info_bar.ads:229:80: (style) this line is too long [-gnatyM]
gtk-info_bar.ads:242:80: (style) this line is too long [-gnatyM]
gtk-info_bar.ads:318:80: (style) this line is too long [-gnatyM]
   [Ada]          gtk-radio_action.adb
glib-application.ads:63:80: (style) this line is too long [-gnatyM]
glib-application.ads:131:80: (style) this line is too long [-gnatyM]
glib-application.ads:134:80: (style) this line is too long [-gnatyM]
glib-application.ads:137:80: (style) this line is too long [-gnatyM]
glib-application.ads:143:06: warning: unnecessary with of ancestor [-gnatwr]
glib-application.ads:173:80: (style) this line is too long [-gnatyM]
glib-application.ads:174:80: (style) this line is too long [-gnatyM]
glib-application.ads:182:80: (style) this line is too long [-gnatyM]
glib-application.ads:232:80: (style) this line is too long [-gnatyM]
glib-application.ads:514:80: (style) this line is too long [-gnatyM]
glib-application.ads:844:80: (style) this line is too long [-gnatyM]
glib-application.ads:862:80: (style) this line is too long [-gnatyM]
glib-application.ads:886:06: (style) trailing spaces not permitted [-gnatyb]
glib-application.ads:893:80: (style) this line is too long [-gnatyM]
glib-application.ads:938:06: (style) trailing spaces not permitted [-gnatyb]
glib-application.ads:942:07: (style) space required [-gnatyt]
glib-application.ads:943:07: (style) space required [-gnatyt]
glib-application.ads:944:07: (style) space required [-gnatyt]
glib-application.ads:954:06: (style) trailing spaces not permitted [-gnatyb]
glib-application.ads:1052:80: (style) this line is too long [-gnatyM]
   [Ada]          gdk-device.adb
gtk-radio_tool_button.ads:52:80: (style) this line is too long [-gnatyM]
gtk-radio_tool_button.ads:209:80: (style) this line is too long [-gnatyM]
gtk-radio_tool_button.ads:220:80: (style) this line is too long [-gnatyM]
gtk-radio_tool_button.ads:231:80: (style) this line is too long [-gnatyM]
   [Ada]          pango-coverage.adb
gtk-assistant.ads:93:80: (style) this line is too long [-gnatyM]
gtk-assistant.ads:106:80: (style) this line is too long [-gnatyM]
gtk-assistant.ads:354:80: (style) this line is too long [-gnatyM]
gtk-assistant.ads:405:80: (style) this line is too long [-gnatyM]
   [Ada]          gdk-display.adb
gdk-device.ads:35:06: warning: unnecessary with of ancestor [-gnatwr]
   [Ada]          gtk-header_bar.adb
pango-coverage.ads:41:80: (style) this line is too long [-gnatyM]
pango-coverage.ads:90:80: (style) this line is too long [-gnatyM]
   [Ada]          gtk-offscreen_window.adb
gtk-radio_action.ads:44:80: (style) this line is too long [-gnatyM]
   [Ada]          gtk-adjustment.adb
gtk-header_bar.ads:255:80: (style) this line is too long [-gnatyM]
   [Ada]          gtk-action_group.adb
gtk-offscreen_window.ads:107:80: (style) this line is too long [-gnatyM]
   [Ada]          gtk-cell_renderer_pixbuf.adb
gdk-display.ads:46:06: warning: unnecessary with of ancestor [-gnatwr]
gdk-display.ads:360:80: (style) this line is too long [-gnatyM]
   [Ada]          gtk-text_iter.adb
gtk-cell_renderer_pixbuf.ads:52:80: (style) this line is too long [-gnatyM]
gtk-cell_renderer_pixbuf.ads:53:80: (style) this line is too long [-gnatyM]
gtk-cell_renderer_pixbuf.ads:134:80: (style) this line is too long [-gnatyM]
   [Ada]          gtk-cell_renderer_combo.adb
gtk-text_iter.ads:71:80: (style) this line is too long [-gnatyM]
gtk-text_iter.ads:724:80: (style) this line is too long [-gnatyM]
gtk-text_iter.ads:732:80: (style) this line is too long [-gnatyM]
gtk-text_iter.ads:738:80: (style) this line is too long [-gnatyM]
gtk-text_iter.ads:746:80: (style) this line is too long [-gnatyM]
gtk-text_iter.ads:896:01: (style) incorrect layout [-gnatyl]
gtk-text_iter.ads:919:01: (style) trailing spaces not permitted [-gnatyb]
   [Ada]          gtk-gesture_multi_press.adb
gtk-adjustment.ads:320:80: (style) this line is too long [-gnatyM]
   [Ada]          gtk-page_setup.adb
   [Ada]          gtk-scale_button.adb
gtk-action_group.ads:96:80: (style) this line is too long [-gnatyM]
gtk-action_group.ads:275:80: (style) this line is too long [-gnatyM]
gtk-action_group.ads:281:80: (style) this line is too long [-gnatyM]
gtk-action_group.ads:480:80: (style) this line is too long [-gnatyM]
gtk-action_group.ads:511:06: (style) trailing spaces not permitted [-gnatyb]
gtk-action_group.ads:532:06: (style) trailing spaces not permitted [-gnatyb]
   [Ada]          glib-poll.adb
glib-poll.ads:26:06: warning: unnecessary with of ancestor [-gnatwr]
   [Ada]          gtk-cell_renderer_accel.adb
gtk-cell_renderer_combo.ads:54:80: (style) this line is too long [-gnatyM]
gtk-cell_renderer_combo.ads:55:80: (style) this line is too long [-gnatyM]
gtk-cell_renderer_combo.ads:119:80: (style) this line is too long [-gnatyM]
gtk-cell_renderer_combo.ads:150:06: (style) trailing spaces not permitted [-gnatyb]
gtk-cell_renderer_combo.ads:154:80: (style) this line is too long [-gnatyM]
   [Ada]          gtk-recent_chooser_dialog.adb
gtk-gesture_multi_press.ads:48:80: (style) this line is too long [-gnatyM]
gtk-gesture_multi_press.ads:49:80: (style) this line is too long [-gnatyM]
gtk-gesture_multi_press.ads:110:80: (style) this line is too long [-gnatyM]
gtk-gesture_multi_press.ads:133:06: (style) trailing spaces not permitted [-gnatyb]
gtk-gesture_multi_press.ads:154:06: (style) trailing spaces not permitted [-gnatyb]
   [Ada]          gtk-font_selection_dialog.adb
gtk-cell_renderer_accel.ads:44:80: (style) this line is too long [-gnatyM]
gtk-cell_renderer_accel.ads:45:80: (style) this line is too long [-gnatyM]
gtk-cell_renderer_accel.ads:95:80: (style) this line is too long [-gnatyM]
gtk-cell_renderer_accel.ads:115:80: (style) this line is too long [-gnatyM]
gtk-cell_renderer_accel.ads:122:80: (style) this line is too long [-gnatyM]
gtk-cell_renderer_accel.ads:132:80: (style) this line is too long [-gnatyM]
gtk-cell_renderer_accel.ads:136:80: (style) this line is too long [-gnatyM]
gtk-cell_renderer_accel.ads:140:06: (style) trailing spaces not permitted [-gnatyb]
   [Ada]          glib-variant.adb
gtk-scale_button.ads:120:80: (style) this line is too long [-gnatyM]
gtk-scale_button.ads:239:36: (style) space required [-gnatyt]
gtk-scale_button.ads:323:80: (style) this line is too long [-gnatyM]
gtk-scale_button.ads:334:80: (style) this line is too long [-gnatyM]
gtk-scale_button.ads:356:80: (style) this line is too long [-gnatyM]
   [Ada]          gtk-recent_chooser_menu.adb
gtk-font_selection_dialog.ads:42:80: (style) this line is too long [-gnatyM]
gtk-font_selection_dialog.ads:43:80: (style) this line is too long [-gnatyM]
gtk-font_selection_dialog.ads:141:80: (style) this line is too long [-gnatyM]
   [Ada]          gtk-paned.adb
gtk-recent_chooser_dialog.ads:73:80: (style) this line is too long [-gnatyM]
gtk-recent_chooser_dialog.ads:74:80: (style) this line is too long [-gnatyM]
gtk-recent_chooser_dialog.ads:157:80: (style) this line is too long [-gnatyM]
gtk-recent_chooser_dialog.ads:185:80: (style) this line is too long [-gnatyM]
gtk-recent_chooser_dialog.ads:281:80: (style) this line is too long [-gnatyM]
gtk-recent_chooser_dialog.ads:307:80: (style) this line is too long [-gnatyM]
gtk-recent_chooser_dialog.ads:318:80: (style) this line is too long [-gnatyM]
   [Ada]          gtk-flow_box.adb
glib-variant.ads:237:06: warning: unnecessary with of ancestor [-gnatwr]
glib-variant.ads:1270:51: (style) space required [-gnatyt]
glib-variant.ads:1271:51: (style) space required [-gnatyt]
glib-variant.ads:1272:51: (style) space required [-gnatyt]
glib-variant.ads:1273:51: (style) space required [-gnatyt]
   [Ada]          pango-layout.adb
pango-layout.ads:79:80: (style) this line is too long [-gnatyM]
pango-layout.ads:83:80: (style) this line is too long [-gnatyM]
pango-layout.ads:101:80: (style) this line is too long [-gnatyM]
pango-layout.ads:799:01: (style) incorrect layout [-gnatyl]
pango-layout.ads:810:80: (style) this line is too long [-gnatyM]
   [Ada]          gtk-ui_manager.adb
gtk-paned.ads:325:80: (style) this line is too long [-gnatyM]
gtk-paned.ads:364:80: (style) this line is too long [-gnatyM]
   [Ada]          gtk-accel_map.adb
gtk-recent_chooser_menu.ads:66:80: (style) this line is too long [-gnatyM]
gtk-recent_chooser_menu.ads:112:80: (style) this line is too long [-gnatyM]
gtk-recent_chooser_menu.ads:115:80: (style) this line is too long [-gnatyM]
gtk-recent_chooser_menu.ads:129:80: (style) this line is too long [-gnatyM]
gtk-recent_chooser_menu.ads:190:80: (style) this line is too long [-gnatyM]
gtk-recent_chooser_menu.ads:247:80: (style) this line is too long [-gnatyM]
gtk-recent_chooser_menu.ads:343:80: (style) this line is too long [-gnatyM]
gtk-recent_chooser_menu.ads:381:80: (style) this line is too long [-gnatyM]
gtk-recent_chooser_menu.ads:392:80: (style) this line is too long [-gnatyM]
gtk-recent_chooser_menu.ads:403:80: (style) this line is too long [-gnatyM]
   [Ada]          gtk-style_properties.adb
gtk-style_properties.ads:165:80: (style) this line is too long [-gnatyM]
   [Ada]          gtk-event_box.adb
gtk-flow_box.ads:74:80: (style) this line is too long [-gnatyM]
gtk-flow_box.ads:82:80: (style) this line is too long [-gnatyM]
gtk-flow_box.ads:90:80: (style) this line is too long [-gnatyM]
gtk-flow_box.ads:91:80: (style) this line is too long [-gnatyM]
gtk-flow_box.ads:266:80: (style) this line is too long [-gnatyM]
gtk-flow_box.ads:286:80: (style) this line is too long [-gnatyM]
gtk-flow_box.ads:288:80: (style) this line is too long [-gnatyM]
gtk-flow_box.ads:327:80: (style) this line is too long [-gnatyM]
gtk-flow_box.ads:354:80: (style) this line is too long [-gnatyM]
gtk-flow_box.ads:384:80: (style) this line is too long [-gnatyM]
gtk-flow_box.ads:385:80: (style) this line is too long [-gnatyM]
gtk-flow_box.ads:412:80: (style) this line is too long [-gnatyM]
gtk-flow_box.ads:430:80: (style) this line is too long [-gnatyM]
gtk-flow_box.ads:456:80: (style) this line is too long [-gnatyM]
gtk-flow_box.ads:487:80: (style) this line is too long [-gnatyM]
gtk-flow_box.ads:492:80: (style) this line is too long [-gnatyM]
gtk-flow_box.ads:508:80: (style) this line is too long [-gnatyM]
gtk-flow_box.ads:512:80: (style) this line is too long [-gnatyM]
gtk-flow_box.ads:527:80: (style) this line is too long [-gnatyM]
gtk-flow_box.ads:561:06: (style) trailing spaces not permitted [-gnatyb]
gtk-flow_box.ads:563:80: (style) this line is too long [-gnatyM]
gtk-flow_box.ads:582:80: (style) this line is too long [-gnatyM]
gtk-flow_box.ads:598:80: (style) this line is too long [-gnatyM]
gtk-flow_box.ads:674:80: (style) this line is too long [-gnatyM]
   [Ada]          gtk-link_button.adb
gtk-accel_map.ads:142:80: (style) this line is too long [-gnatyM]
gtk-accel_map.ads:184:80: (style) this line is too long [-gnatyM]
gtk-accel_map.ads:315:80: (style) this line is too long [-gnatyM]
gtk-accel_map.ads:321:80: (style) this line is too long [-gnatyM]
gtk-accel_map.ads:330:80: (style) this line is too long [-gnatyM]
gtk-accel_map.ads:340:06: (style) trailing spaces not permitted [-gnatyb]
   [Ada]          gtk-gesture_swipe.adb
   [Ada]          gtk-level_bar.adb
gtk-ui_manager.ads:241:80: (style) this line is too long [-gnatyM]
gtk-ui_manager.ads:429:80: (style) this line is too long [-gnatyM]
gtk-ui_manager.ads:452:80: (style) this line is too long [-gnatyM]
gtk-ui_manager.ads:488:80: (style) this line is too long [-gnatyM]
gtk-ui_manager.ads:528:80: (style) this line is too long [-gnatyM]
gtk-ui_manager.ads:554:06: (style) trailing spaces not permitted [-gnatyb]
gtk-ui_manager.ads:571:06: (style) trailing spaces not permitted [-gnatyb]
   [Ada]          gtk-widget.adb
gtk-link_button.ads:263:80: (style) this line is too long [-gnatyM]
   [Ada]          gtk-drawing_area.adb
gtk-gesture_swipe.ads:48:80: (style) this line is too long [-gnatyM]
gtk-gesture_swipe.ads:120:06: (style) trailing spaces not permitted [-gnatyb]
   [Ada]          gtk-application.adb
   [Ada]          gdk-frame_timings.adb
gdk-frame_timings.ads:44:80: (style) this line is too long [-gnatyM]
gdk-frame_timings.ads:115:80: (style) this line is too long [-gnatyM]
   [Ada]          gtk-image.adb
   [Ada]          gtk-text_view.adb
   [Ada]          gtk-misc.adb
   [Ada]          gtk-enums.adb
gtk-application.ads:126:80: (style) this line is too long [-gnatyM]
gtk-application.ads:632:80: (style) this line is too long [-gnatyM]
   [Ada]          glib-simple_action.adb
gtk-text_view.ads:72:80: (style) this line is too long [-gnatyM]
gtk-text_view.ads:130:80: (style) this line is too long [-gnatyM]
gtk-text_view.ads:694:80: (style) this line is too long [-gnatyM]
gtk-text_view.ads:839:80: (style) this line is too long [-gnatyM]
gtk-text_view.ads:899:80: (style) this line is too long [-gnatyM]
gtk-text_view.ads:919:06: (style) trailing spaces not permitted [-gnatyb]
gtk-text_view.ads:921:80: (style) this line is too long [-gnatyM]
gtk-text_view.ads:948:80: (style) this line is too long [-gnatyM]
gtk-text_view.ads:954:80: (style) this line is too long [-gnatyM]
gtk-text_view.ads:986:06: (style) trailing spaces not permitted [-gnatyb]
gtk-text_view.ads:988:80: (style) this line is too long [-gnatyM]
gtk-text_view.ads:1018:06: (style) trailing spaces not permitted [-gnatyb]
gtk-text_view.ads:1020:80: (style) this line is too long [-gnatyM]
gtk-text_view.ads:1130:80: (style) this line is too long [-gnatyM]
   [Ada]          glib-utils.adb
   [Ada]          gtk-target_list.adb
gtk-target_list.ads:42:80: (style) this line is too long [-gnatyM]
gtk-target_list.ads:158:80: (style) this line is too long [-gnatyM]
   [Ada]          gtk-grid.adb
gtk-enums.adb:38:04: warning: possible aliasing problem for type "Chars_Ptr" [enabled by default]
gtk-enums.adb:38:04: warning: use -fno-strict-aliasing switch for references [enabled by default]
gtk-enums.adb:38:04: warning: or use "pragma No_Strict_Aliasing (Chars_Ptr);" [enabled by default]
gtk-enums.ads:643:80: (style) this line is too long [-gnatyM]
gtk-enums.ads:647:80: (style) this line is too long [-gnatyM]
gtk-enums.ads:659:80: (style) this line is too long [-gnatyM]
gtk-enums.ads:667:80: (style) this line is too long [-gnatyM]
gtk-enums.ads:675:80: (style) this line is too long [-gnatyM]
gtk-enums.ads:679:80: (style) this line is too long [-gnatyM]
gtk-enums.ads:683:80: (style) this line is too long [-gnatyM]
gtk-enums.ads:687:80: (style) this line is too long [-gnatyM]
gtk-enums.ads:691:80: (style) this line is too long [-gnatyM]
gtk-enums.ads:699:80: (style) this line is too long [-gnatyM]
gtk-enums.ads:703:80: (style) this line is too long [-gnatyM]
gtk-enums.ads:711:80: (style) this line is too long [-gnatyM]
gtk-enums.ads:719:80: (style) this line is too long [-gnatyM]
gtk-enums.ads:727:80: (style) this line is too long [-gnatyM]
gtk-enums.ads:731:80: (style) this line is too long [-gnatyM]
gtk-enums.ads:735:80: (style) this line is too long [-gnatyM]
gtk-enums.ads:739:80: (style) this line is too long [-gnatyM]
gtk-enums.ads:743:80: (style) this line is too long [-gnatyM]
gtk-enums.ads:755:80: (style) this line is too long [-gnatyM]
gtk-enums.ads:767:80: (style) this line is too long [-gnatyM]
gtk-enums.ads:791:80: (style) this line is too long [-gnatyM]
gtk-enums.ads:795:80: (style) this line is too long [-gnatyM]
gtk-enums.ads:799:80: (style) this line is too long [-gnatyM]
gtk-enums.ads:807:80: (style) this line is too long [-gnatyM]
gtk-enums.ads:827:80: (style) this line is too long [-gnatyM]
gtk-enums.ads:831:80: (style) this line is too long [-gnatyM]
gtk-enums.ads:835:80: (style) this line is too long [-gnatyM]
gtk-enums.ads:839:80: (style) this line is too long [-gnatyM]
gtk-enums.ads:843:80: (style) this line is too long [-gnatyM]
gtk-enums.ads:851:80: (style) this line is too long [-gnatyM]
   [Ada]          gtk-tree_view_column.adb
glib-simple_action.ads:35:06: warning: unnecessary with of ancestor [-gnatwr]
   [Ada]          gtk-cell_area_context.adb
   [Ada]          gtk-im_context.adb
   [Ada]          gtk-text_mark.adb
   [Ada]          gtk-notebook.adb
gtk-widget.ads:382:80: (style) this line is too long [-gnatyM]
gtk-widget.ads:389:80: (style) this line is too long [-gnatyM]
gtk-widget.ads:445:80: (style) this line is too long [-gnatyM]
gtk-widget.ads:486:80: (style) this line is too long [-gnatyM]
gtk-widget.ads:509:80: (style) this line is too long [-gnatyM]
gtk-widget.ads:588:80: (style) this line is too long [-gnatyM]
gtk-widget.ads:2779:80: (style) this line is too long [-gnatyM]
gtk-widget.ads:3144:80: (style) this line is too long [-gnatyM]
gtk-widget.ads:3178:80: (style) this line is too long [-gnatyM]
gtk-widget.ads:3179:80: (style) this line is too long [-gnatyM]
gtk-widget.ads:3181:80: (style) this line is too long [-gnatyM]
gtk-widget.ads:3269:32: (style) space required [-gnatyt]
gtk-widget.ads:3322:80: (style) this line is too long [-gnatyM]
gtk-widget.ads:3618:80: (style) this line is too long [-gnatyM]
gtk-widget.ads:3623:80: (style) this line is too long [-gnatyM]
gtk-widget.ads:3642:80: (style) this line is too long [-gnatyM]
gtk-widget.ads:3659:06: (style) trailing spaces not permitted [-gnatyb]
gtk-widget.ads:3661:80: (style) this line is too long [-gnatyM]
gtk-widget.ads:3662:80: (style) this line is too long [-gnatyM]
gtk-widget.ads:3665:80: (style) this line is too long [-gnatyM]
gtk-widget.ads:3682:06: (style) trailing spaces not permitted [-gnatyb]
gtk-widget.ads:3684:80: (style) this line is too long [-gnatyM]
gtk-widget.ads:3685:80: (style) this line is too long [-gnatyM]
gtk-widget.ads:3696:80: (style) this line is too long [-gnatyM]
gtk-widget.ads:3711:06: (style) trailing spaces not permitted [-gnatyb]
gtk-widget.ads:3738:80: (style) this line is too long [-gnatyM]
gtk-widget.ads:3775:06: (style) trailing spaces not permitted [-gnatyb]
gtk-widget.ads:3777:80: (style) this line is too long [-gnatyM]
gtk-widget.ads:3778:80: (style) this line is too long [-gnatyM]
gtk-widget.ads:3802:06: (style) trailing spaces not permitted [-gnatyb]
gtk-widget.ads:3805:80: (style) this line is too long [-gnatyM]
gtk-widget.ads:3831:06: (style) trailing spaces not permitted [-gnatyb]
gtk-widget.ads:3834:80: (style) this line is too long [-gnatyM]
gtk-widget.ads:3869:06: (style) trailing spaces not permitted [-gnatyb]
gtk-widget.ads:3872:80: (style) this line is too long [-gnatyM]
gtk-widget.ads:3938:80: (style) this line is too long [-gnatyM]
gtk-widget.ads:3945:80: (style) this line is too long [-gnatyM]
gtk-widget.ads:3967:06: (style) trailing spaces not permitted [-gnatyb]
gtk-widget.ads:3970:80: (style) this line is too long [-gnatyM]
gtk-widget.ads:3976:80: (style) this line is too long [-gnatyM]
gtk-widget.ads:3985:80: (style) this line is too long [-gnatyM]
gtk-widget.ads:3994:80: (style) this line is too long [-gnatyM]
gtk-widget.ads:3997:80: (style) this line is too long [-gnatyM]
gtk-widget.ads:4001:80: (style) this line is too long [-gnatyM]
gtk-widget.ads:4040:06: (style) trailing spaces not permitted [-gnatyb]
gtk-widget.ads:4050:80: (style) this line is too long [-gnatyM]
gtk-widget.ads:4057:80: (style) this line is too long [-gnatyM]
gtk-widget.ads:4084:06: (style) trailing spaces not permitted [-gnatyb]
gtk-widget.ads:4106:80: (style) this line is too long [-gnatyM]
gtk-widget.ads:4111:80: (style) this line is too long [-gnatyM]
gtk-widget.ads:4131:06: (style) trailing spaces not permitted [-gnatyb]
gtk-widget.ads:4135:80: (style) this line is too long [-gnatyM]
gtk-widget.ads:4166:06: (style) trailing spaces not permitted [-gnatyb]
gtk-widget.ads:4233:06: (style) trailing spaces not permitted [-gnatyb]
gtk-widget.ads:4275:06: (style) trailing spaces not permitted [-gnatyb]
gtk-widget.ads:4278:80: (style) this line is too long [-gnatyM]
gtk-widget.ads:4289:80: (style) this line is too long [-gnatyM]
gtk-widget.ads:4306:06: (style) trailing spaces not permitted [-gnatyb]
gtk-widget.ads:4308:80: (style) this line is too long [-gnatyM]
gtk-widget.ads:4309:80: (style) this line is too long [-gnatyM]
gtk-widget.ads:4327:06: (style) trailing spaces not permitted [-gnatyb]
gtk-widget.ads:4330:80: (style) this line is too long [-gnatyM]
gtk-widget.ads:4331:07: (style) space required [-gnatyt]
gtk-widget.ads:4376:06: (style) trailing spaces not permitted [-gnatyb]
gtk-widget.ads:4378:80: (style) this line is too long [-gnatyM]
gtk-widget.ads:4403:06: (style) trailing spaces not permitted [-gnatyb]
gtk-widget.ads:4405:80: (style) this line is too long [-gnatyM]
gtk-widget.ads:4406:80: (style) this line is too long [-gnatyM]
gtk-widget.ads:4424:06: (style) trailing spaces not permitted [-gnatyb]
gtk-widget.ads:4426:80: (style) this line is too long [-gnatyM]
gtk-widget.ads:4427:80: (style) this line is too long [-gnatyM]
gtk-widget.ads:4454:06: (style) trailing spaces not permitted [-gnatyb]
gtk-widget.ads:4558:06: (style) trailing spaces not permitted [-gnatyb]
gtk-widget.ads:4561:80: (style) this line is too long [-gnatyM]
gtk-widget.ads:4580:06: (style) trailing spaces not permitted [-gnatyb]
gtk-widget.ads:4583:80: (style) this line is too long [-gnatyM]
gtk-widget.ads:4598:06: (style) trailing spaces not permitted [-gnatyb]
gtk-widget.ads:4605:80: (style) this line is too long [-gnatyM]
gtk-widget.ads:4622:06: (style) trailing spaces not permitted [-gnatyb]
gtk-widget.ads:4624:80: (style) this line is too long [-gnatyM]
gtk-widget.ads:4625:80: (style) this line is too long [-gnatyM]
gtk-widget.ads:4672:06: (style) trailing spaces not permitted [-gnatyb]
gtk-widget.ads:4675:80: (style) this line is too long [-gnatyM]
gtk-widget.ads:4696:06: (style) trailing spaces not permitted [-gnatyb]
gtk-widget.ads:4698:80: (style) this line is too long [-gnatyM]
gtk-widget.ads:4699:07: (style) space required [-gnatyt]
gtk-widget.ads:4709:80: (style) this line is too long [-gnatyM]
gtk-widget.ads:4726:06: (style) trailing spaces not permitted [-gnatyb]
gtk-widget.ads:4728:80: (style) this line is too long [-gnatyM]
gtk-widget.ads:4729:80: (style) this line is too long [-gnatyM]
gtk-widget.ads:4788:06: (style) trailing spaces not permitted [-gnatyb]
gtk-widget.ads:4800:80: (style) this line is too long [-gnatyM]
gtk-widget.ads:4815:06: (style) trailing spaces not permitted [-gnatyb]
gtk-widget.ads:4817:80: (style) this line is too long [-gnatyM]
gtk-widget.ads:4818:80: (style) this line is too long [-gnatyM]
gtk-widget.ads:4829:80: (style) this line is too long [-gnatyM]
gtk-widget.ads:4843:06: (style) trailing spaces not permitted [-gnatyb]
gtk-widget.ads:4845:80: (style) this line is too long [-gnatyM]
gtk-widget.ads:4846:80: (style) this line is too long [-gnatyM]
gtk-widget.ads:4849:80: (style) this line is too long [-gnatyM]
gtk-widget.ads:4863:06: (style) trailing spaces not permitted [-gnatyb]
gtk-widget.ads:4865:80: (style) this line is too long [-gnatyM]
gtk-widget.ads:4866:80: (style) this line is too long [-gnatyM]
gtk-widget.ads:4869:80: (style) this line is too long [-gnatyM]
gtk-widget.ads:4877:80: (style) this line is too long [-gnatyM]
gtk-widget.ads:4906:06: (style) trailing spaces not permitted [-gnatyb]
gtk-widget.ads:4908:80: (style) this line is too long [-gnatyM]
gtk-widget.ads:4910:80: (style) this line is too long [-gnatyM]
gtk-widget.ads:4912:80: (style) this line is too long [-gnatyM]
gtk-widget.ads:4914:80: (style) this line is too long [-gnatyM]
gtk-widget.ads:4977:06: (style) trailing spaces not permitted [-gnatyb]
gtk-widget.ads:4979:80: (style) this line is too long [-gnatyM]
gtk-widget.ads:4980:80: (style) this line is too long [-gnatyM]
gtk-widget.ads:4991:80: (style) this line is too long [-gnatyM]
gtk-widget.ads:5003:06: (style) trailing spaces not permitted [-gnatyb]
gtk-widget.ads:5005:80: (style) this line is too long [-gnatyM]
gtk-widget.ads:5006:80: (style) this line is too long [-gnatyM]
gtk-widget.ads:5009:80: (style) this line is too long [-gnatyM]
gtk-widget.ads:5015:80: (style) this line is too long [-gnatyM]
gtk-widget.ads:5031:06: (style) trailing spaces not permitted [-gnatyb]
gtk-widget.ads:5034:80: (style) this line is too long [-gnatyM]
gtk-widget.ads:5044:06: (style) trailing spaces not permitted [-gnatyb]
gtk-widget.ads:5046:80: (style) this line is too long [-gnatyM]
gtk-widget.ads:5048:80: (style) this line is too long [-gnatyM]
gtk-widget.ads:5058:80: (style) this line is too long [-gnatyM]
gtk-widget.ads:5068:06: (style) trailing spaces not permitted [-gnatyb]
gtk-widget.ads:5071:80: (style) this line is too long [-gnatyM]
gtk-widget.ads:5083:06: (style) trailing spaces not permitted [-gnatyb]
gtk-widget.ads:5085:80: (style) this line is too long [-gnatyM]
gtk-widget.ads:5086:80: (style) this line is too long [-gnatyM]
gtk-widget.ads:5120:06: (style) trailing spaces not permitted [-gnatyb]
gtk-widget.ads:5122:80: (style) this line is too long [-gnatyM]
gtk-widget.ads:5123:07: (style) space required [-gnatyt]
gtk-widget.ads:5173:80: (style) this line is too long [-gnatyM]
gtk-widget.ads:5272:06: (style) trailing spaces not permitted [-gnatyb]
gtk-widget.ads:5275:80: (style) this line is too long [-gnatyM]
gtk-widget.ads:5301:80: (style) this line is too long [-gnatyM]
gtk-widget.ads:5316:06: (style) trailing spaces not permitted [-gnatyb]
gtk-widget.ads:5320:80: (style) this line is too long [-gnatyM]
gtk-widget.ads:5323:80: (style) this line is too long [-gnatyM]
gtk-widget.ads:5331:80: (style) this line is too long [-gnatyM]
gtk-widget.ads:5347:06: (style) trailing spaces not permitted [-gnatyb]
   [Ada]          gtk-expander.adb
gtk-im_context.ads:242:80: (style) this line is too long [-gnatyM]
gtk-im_context.ads:254:06: (style) trailing spaces not permitted [-gnatyb]
gtk-im_context.ads:256:80: (style) this line is too long [-gnatyM]
gtk-im_context.ads:257:80: (style) this line is too long [-gnatyM]
gtk-im_context.ads:261:80: (style) this line is too long [-gnatyM]
gtk-im_context.ads:314:80: (style) this line is too long [-gnatyM]
gtk-im_context.ads:328:06: (style) trailing spaces not permitted [-gnatyb]
   [Ada]          gtk-separator_menu_item.adb
gtk-tree_view_column.ads:66:80: (style) this line is too long [-gnatyM]
gtk-tree_view_column.ads:67:80: (style) this line is too long [-gnatyM]
gtk-tree_view_column.ads:68:80: (style) this line is too long [-gnatyM]
gtk-tree_view_column.ads:76:80: (style) this line is too long [-gnatyM]
gtk-tree_view_column.ads:93:80: (style) this line is too long [-gnatyM]
gtk-tree_view_column.ads:141:80: (style) this line is too long [-gnatyM]
gtk-tree_view_column.ads:201:80: (style) this line is too long [-gnatyM]
gtk-tree_view_column.ads:469:80: (style) this line is too long [-gnatyM]
gtk-tree_view_column.ads:487:80: (style) this line is too long [-gnatyM]
gtk-tree_view_column.ads:491:80: (style) this line is too long [-gnatyM]
gtk-tree_view_column.ads:501:80: (style) this line is too long [-gnatyM]
gtk-tree_view_column.ads:502:80: (style) this line is too long [-gnatyM]
gtk-tree_view_column.ads:526:80: (style) this line is too long [-gnatyM]
gtk-tree_view_column.ads:535:80: (style) this line is too long [-gnatyM]
gtk-tree_view_column.ads:543:80: (style) this line is too long [-gnatyM]
gtk-tree_view_column.ads:548:80: (style) this line is too long [-gnatyM]
gtk-tree_view_column.ads:553:80: (style) this line is too long [-gnatyM]
gtk-tree_view_column.ads:587:80: (style) this line is too long [-gnatyM]
gtk-tree_view_column.ads:643:80: (style) this line is too long [-gnatyM]
gtk-tree_view_column.ads:654:80: (style) this line is too long [-gnatyM]
gtk-tree_view_column.ads:683:80: (style) this line is too long [-gnatyM]
   [Ada]          glib-g_icon.adb
glib-g_icon.ads:59:06: warning: unnecessary with of ancestor [-gnatwr]
glib-g_icon.ads:144:01: (style) incorrect layout [-gnatyl]
   [Ada]          pango-font_family.adb
pango-font_family.ads:41:80: (style) this line is too long [-gnatyM]
   [Ada]          gtk-icon_source.adb
gtk-separator_menu_item.ads:44:80: (style) this line is too long [-gnatyM]
gtk-separator_menu_item.ads:45:80: (style) this line is too long [-gnatyM]
gtk-separator_menu_item.ads:132:80: (style) this line is too long [-gnatyM]
gtk-separator_menu_item.ads:143:80: (style) this line is too long [-gnatyM]
gtk-separator_menu_item.ads:154:80: (style) this line is too long [-gnatyM]
   [Ada]          gtk-print_context.adb
gtk-icon_source.ads:63:80: (style) this line is too long [-gnatyM]
gtk-icon_source.ads:313:80: (style) this line is too long [-gnatyM]
   [Ada]          gtk-radio_button.adb
gtk-notebook.ads:526:80: (style) this line is too long [-gnatyM]
gtk-notebook.ads:537:80: (style) this line is too long [-gnatyM]
gtk-notebook.ads:543:80: (style) this line is too long [-gnatyM]
gtk-notebook.ads:566:06: (style) trailing spaces not permitted [-gnatyb]
gtk-notebook.ads:634:06: (style) trailing spaces not permitted [-gnatyb]
gtk-notebook.ads:651:06: (style) trailing spaces not permitted [-gnatyb]
gtk-notebook.ads:668:06: (style) trailing spaces not permitted [-gnatyb]
gtk-notebook.ads:673:80: (style) this line is too long [-gnatyM]
gtk-notebook.ads:678:80: (style) this line is too long [-gnatyM]
gtk-notebook.ads:693:06: (style) trailing spaces not permitted [-gnatyb]
gtk-notebook.ads:726:06: (style) trailing spaces not permitted [-gnatyb]
   [Ada]          gtk-spin_button.adb
gtk-expander.ads:296:80: (style) this line is too long [-gnatyM]
   [Ada]          gtk-tool_button.adb
   [Ada]          gtk-print_settings.adb
gtk-print_settings.ads:57:80: (style) this line is too long [-gnatyM]
gtk-print_settings.ads:65:80: (style) this line is too long [-gnatyM]
gtk-print_settings.ads:171:80: (style) this line is too long [-gnatyM]
   [Ada]          gtk-separator_tool_item.adb
gtk-separator_tool_item.ads:52:80: (style) this line is too long [-gnatyM]
gtk-separator_tool_item.ads:53:80: (style) this line is too long [-gnatyM]
gtk-separator_tool_item.ads:147:80: (style) this line is too long [-gnatyM]
gtk-separator_tool_item.ads:158:80: (style) this line is too long [-gnatyM]
   [Ada]          glib-menu.adb
gtk-spin_button.ads:135:80: (style) this line is too long [-gnatyM]
gtk-spin_button.ads:237:80: (style) this line is too long [-gnatyM]
gtk-spin_button.ads:467:80: (style) this line is too long [-gnatyM]
gtk-spin_button.ads:531:06: (style) trailing spaces not permitted [-gnatyb]
gtk-spin_button.ads:565:06: (style) trailing spaces not permitted [-gnatyb]
gtk-spin_button.ads:627:80: (style) this line is too long [-gnatyM]
gtk-spin_button.ads:664:80: (style) this line is too long [-gnatyM]
   [Ada]          gtk-tree_drag_dest.adb
gtk-tool_button.ads:362:80: (style) this line is too long [-gnatyM]
   [Ada]          gtk-status_icon.adb
gtk-tree_drag_dest.ads:121:80: (style) this line is too long [-gnatyM]
gtk-tree_drag_dest.ads:126:80: (style) this line is too long [-gnatyM]
gtk-tree_drag_dest.ads:131:01: (style) incorrect layout [-gnatyl]
   [Ada]          gtk-icon_theme.adb
gtk-radio_button.ads:104:80: (style) this line is too long [-gnatyM]
gtk-radio_button.ads:374:80: (style) this line is too long [-gnatyM]
gtk-radio_button.ads:385:80: (style) this line is too long [-gnatyM]
   [Ada]          gtk-volume_button.adb
glib-menu.ads:37:06: warning: unnecessary with of ancestor [-gnatwr]
   [Ada]          gtk-table.adb
gtk-volume_button.ads:46:80: (style) this line is too long [-gnatyM]
gtk-volume_button.ads:160:80: (style) this line is too long [-gnatyM]
gtk-volume_button.ads:171:80: (style) this line is too long [-gnatyM]
gtk-volume_button.ads:182:80: (style) this line is too long [-gnatyM]
gtk-volume_button.ads:193:80: (style) this line is too long [-gnatyM]
   [Ada]          gtk-gesture_zoom.adb
   [Ada]          gtk-recent_manager.adb
gtk-icon_theme.ads:124:80: (style) this line is too long [-gnatyM]
gtk-icon_theme.ads:627:80: (style) this line is too long [-gnatyM]
gtk-icon_theme.ads:734:80: (style) this line is too long [-gnatyM]
   [Ada]          gtk-tree_model_filter.adb
gtk-status_icon.ads:40:80: (style) this line is too long [-gnatyM]
gtk-status_icon.ads:623:80: (style) this line is too long [-gnatyM]
gtk-status_icon.ads:638:06: (style) trailing spaces not permitted [-gnatyb]
gtk-status_icon.ads:640:80: (style) this line is too long [-gnatyM]
gtk-status_icon.ads:642:07: (style) space required [-gnatyt]
gtk-status_icon.ads:644:80: (style) this line is too long [-gnatyM]
gtk-status_icon.ads:659:06: (style) trailing spaces not permitted [-gnatyb]
gtk-status_icon.ads:661:80: (style) this line is too long [-gnatyM]
gtk-status_icon.ads:663:07: (style) space required [-gnatyt]
gtk-status_icon.ads:694:06: (style) trailing spaces not permitted [-gnatyb]
gtk-status_icon.ads:698:80: (style) this line is too long [-gnatyM]
gtk-status_icon.ads:701:80: (style) this line is too long [-gnatyM]
gtk-status_icon.ads:709:80: (style) this line is too long [-gnatyM]
gtk-status_icon.ads:742:06: (style) trailing spaces not permitted [-gnatyb]
gtk-status_icon.ads:744:80: (style) this line is too long [-gnatyM]
gtk-status_icon.ads:746:80: (style) this line is too long [-gnatyM]
gtk-status_icon.ads:748:80: (style) this line is too long [-gnatyM]
gtk-status_icon.ads:750:80: (style) this line is too long [-gnatyM]
gtk-status_icon.ads:775:06: (style) trailing spaces not permitted [-gnatyb]
gtk-status_icon.ads:777:80: (style) this line is too long [-gnatyM]
gtk-status_icon.ads:778:80: (style) this line is too long [-gnatyM]
gtk-status_icon.ads:801:06: (style) trailing spaces not permitted [-gnatyb]
gtk-status_icon.ads:805:07: (style) space required [-gnatyt]
   [Ada]          gtk-gentry.adb
   [Ada]          gtk-binding_set.adb
gtk-binding_set.ads:55:80: (style) this line is too long [-gnatyM]
   [Ada]          gtk-combo_box_text.adb
gtk-recent_manager.ads:79:03: (style) trailing spaces not permitted [-gnatyb]
gtk-recent_manager.ads:88:03: (style) trailing spaces not permitted [-gnatyb]
gtk-recent_manager.ads:104:03: (style) trailing spaces not permitted [-gnatyb]
gtk-recent_manager.ads:133:80: (style) this line is too long [-gnatyM]
gtk-recent_manager.ads:138:80: (style) this line is too long [-gnatyM]
gtk-recent_manager.ads:139:80: (style) this line is too long [-gnatyM]
gtk-recent_manager.ads:140:80: (style) this line is too long [-gnatyM]
   [Ada]          gtk-toggle_button.adb
gtk-tree_model_filter.ads:107:80: (style) this line is too long [-gnatyM]
gtk-tree_model_filter.ads:282:80: (style) this line is too long [-gnatyM]
gtk-tree_model_filter.ads:289:80: (style) this line is too long [-gnatyM]
gtk-tree_model_filter.ads:295:80: (style) this line is too long [-gnatyM]
gtk-tree_model_filter.ads:363:80: (style) this line is too long [-gnatyM]
gtk-tree_model_filter.ads:371:80: (style) this line is too long [-gnatyM]
gtk-tree_model_filter.ads:426:80: (style) this line is too long [-gnatyM]
gtk-tree_model_filter.ads:589:80: (style) this line is too long [-gnatyM]
gtk-tree_model_filter.ads:600:80: (style) this line is too long [-gnatyM]
   [Ada]          gtk-fixed.adb
gtk-combo_box_text.ads:81:80: (style) this line is too long [-gnatyM]
gtk-combo_box_text.ads:221:80: (style) this line is too long [-gnatyM]
gtk-combo_box_text.ads:239:80: (style) this line is too long [-gnatyM]
gtk-combo_box_text.ads:243:80: (style) this line is too long [-gnatyM]
gtk-combo_box_text.ads:253:80: (style) this line is too long [-gnatyM]
gtk-combo_box_text.ads:254:80: (style) this line is too long [-gnatyM]
gtk-combo_box_text.ads:288:80: (style) this line is too long [-gnatyM]
gtk-combo_box_text.ads:296:80: (style) this line is too long [-gnatyM]
gtk-combo_box_text.ads:304:80: (style) this line is too long [-gnatyM]
gtk-combo_box_text.ads:309:80: (style) this line is too long [-gnatyM]
gtk-combo_box_text.ads:314:80: (style) this line is too long [-gnatyM]
gtk-combo_box_text.ads:329:80: (style) this line is too long [-gnatyM]
gtk-combo_box_text.ads:340:80: (style) this line is too long [-gnatyM]
gtk-combo_box_text.ads:351:80: (style) this line is too long [-gnatyM]
   [Ada]          gtk-recent_info.adb
   [Ada]          gtk-tool_item_group.adb
gtk-recent_info.ads:44:80: (style) this line is too long [-gnatyM]
gtk-recent_info.ads:188:80: (style) this line is too long [-gnatyM]
   [Ada]          gtk-popover.adb
gtk-toggle_button.ads:310:80: (style) this line is too long [-gnatyM]
gtk-toggle_button.ads:321:80: (style) this line is too long [-gnatyM]
gtk-toggle_button.ads:332:80: (style) this line is too long [-gnatyM]
   [Ada]          gtk-recent_chooser.adb
gtk-gentry.ads:115:80: (style) this line is too long [-gnatyM]
gtk-gentry.ads:132:80: (style) this line is too long [-gnatyM]
gtk-gentry.ads:135:80: (style) this line is too long [-gnatyM]
gtk-gentry.ads:211:80: (style) this line is too long [-gnatyM]
gtk-gentry.ads:225:80: (style) this line is too long [-gnatyM]
gtk-gentry.ads:250:80: (style) this line is too long [-gnatyM]
gtk-gentry.ads:996:80: (style) this line is too long [-gnatyM]
gtk-gentry.ads:1030:80: (style) this line is too long [-gnatyM]
gtk-gentry.ads:1034:80: (style) this line is too long [-gnatyM]
gtk-gentry.ads:1040:80: (style) this line is too long [-gnatyM]
gtk-gentry.ads:1056:80: (style) this line is too long [-gnatyM]
gtk-gentry.ads:1077:80: (style) this line is too long [-gnatyM]
gtk-gentry.ads:1090:80: (style) this line is too long [-gnatyM]
gtk-gentry.ads:1094:80: (style) this line is too long [-gnatyM]
gtk-gentry.ads:1100:80: (style) this line is too long [-gnatyM]
gtk-gentry.ads:1134:80: (style) this line is too long [-gnatyM]
gtk-gentry.ads:1212:80: (style) this line is too long [-gnatyM]
gtk-gentry.ads:1231:06: (style) trailing spaces not permitted [-gnatyb]
gtk-gentry.ads:1233:80: (style) this line is too long [-gnatyM]
gtk-gentry.ads:1236:80: (style) this line is too long [-gnatyM]
gtk-gentry.ads:1241:80: (style) this line is too long [-gnatyM]
gtk-gentry.ads:1257:06: (style) trailing spaces not permitted [-gnatyb]
gtk-gentry.ads:1274:06: (style) trailing spaces not permitted [-gnatyb]
gtk-gentry.ads:1303:80: (style) this line is too long [-gnatyM]
gtk-gentry.ads:1309:80: (style) this line is too long [-gnatyM]
gtk-gentry.ads:1340:06: (style) trailing spaces not permitted [-gnatyb]
gtk-gentry.ads:1342:80: (style) this line is too long [-gnatyM]
gtk-gentry.ads:1485:80: (style) this line is too long [-gnatyM]
gtk-gentry.ads:1487:80: (style) this line is too long [-gnatyM]
gtk-gentry.ads:1489:80: (style) this line is too long [-gnatyM]
gtk-gentry.ads:1493:80: (style) this line is too long [-gnatyM]
gtk-gentry.ads:1501:80: (style) this line is too long [-gnatyM]
gtk-gentry.ads:1509:80: (style) this line is too long [-gnatyM]
gtk-gentry.ads:1511:80: (style) this line is too long [-gnatyM]
gtk-gentry.ads:1513:80: (style) this line is too long [-gnatyM]
gtk-gentry.ads:1517:80: (style) this line is too long [-gnatyM]
gtk-gentry.ads:1525:80: (style) this line is too long [-gnatyM]
   [Ada]          gtk-actionable.adb
gtk-actionable.ads:49:16: (style) space required [-gnatyt]
gtk-actionable.ads:51:16: (style) space required [-gnatyt]
gtk-actionable.ads:159:80: (style) this line is too long [-gnatyM]
gtk-actionable.ads:165:80: (style) this line is too long [-gnatyM]
gtk-actionable.ads:189:80: (style) this line is too long [-gnatyM]
gtk-actionable.ads:216:80: (style) this line is too long [-gnatyM]
gtk-actionable.ads:221:80: (style) this line is too long [-gnatyM]
gtk-actionable.ads:226:80: (style) this line is too long [-gnatyM]
gtk-actionable.ads:231:80: (style) this line is too long [-gnatyM]
gtk-actionable.ads:240:01: (style) incorrect layout [-gnatyl]
   [Ada]          gtk-window.adb
gtk-tool_item_group.ads:46:80: (style) this line is too long [-gnatyM]
gtk-tool_item_group.ads:263:80: (style) this line is too long [-gnatyM]
gtk-tool_item_group.ads:274:80: (style) this line is too long [-gnatyM]
   [Ada]          pango-fontset.adb
pango-fontset.ads:91:80: (style) this line is too long [-gnatyM]
   [Ada]          gtk-tree_sortable.adb
gtk-recent_chooser.ads:74:80: (style) this line is too long [-gnatyM]
gtk-recent_chooser.ads:89:80: (style) this line is too long [-gnatyM]
gtk-recent_chooser.ads:252:80: (style) this line is too long [-gnatyM]
gtk-recent_chooser.ads:372:80: (style) this line is too long [-gnatyM]
gtk-recent_chooser.ads:380:80: (style) this line is too long [-gnatyM]
gtk-recent_chooser.ads:425:80: (style) this line is too long [-gnatyM]
gtk-recent_chooser.ads:446:01: (style) incorrect layout [-gnatyl]
   [Ada]          gtk-spinner.adb
gtk-popover.ads:272:80: (style) this line is too long [-gnatyM]
   [Ada]          gtk-gesture_drag.adb
   [Ada]          glib-cancellable.adb
gtk-tree_sortable.ads:80:80: (style) this line is too long [-gnatyM]
gtk-tree_sortable.ads:92:80: (style) this line is too long [-gnatyM]
gtk-tree_sortable.ads:135:80: (style) this line is too long [-gnatyM]
gtk-tree_sortable.ads:136:80: (style) this line is too long [-gnatyM]
gtk-tree_sortable.ads:139:80: (style) this line is too long [-gnatyM]
gtk-tree_sortable.ads:189:80: (style) this line is too long [-gnatyM]
gtk-tree_sortable.ads:190:80: (style) this line is too long [-gnatyM]
gtk-tree_sortable.ads:193:80: (style) this line is too long [-gnatyM]
gtk-tree_sortable.ads:219:80: (style) this line is too long [-gnatyM]
gtk-tree_sortable.ads:235:80: (style) this line is too long [-gnatyM]
gtk-tree_sortable.ads:240:80: (style) this line is too long [-gnatyM]
gtk-tree_sortable.ads:280:80: (style) this line is too long [-gnatyM]
gtk-tree_sortable.ads:336:80: (style) this line is too long [-gnatyM]
gtk-tree_sortable.ads:346:80: (style) this line is too long [-gnatyM]
gtk-tree_sortable.ads:351:80: (style) this line is too long [-gnatyM]
gtk-tree_sortable.ads:356:80: (style) this line is too long [-gnatyM]
gtk-tree_sortable.ads:361:80: (style) this line is too long [-gnatyM]
gtk-tree_sortable.ads:366:80: (style) this line is too long [-gnatyM]
gtk-tree_sortable.ads:371:80: (style) this line is too long [-gnatyM]
gtk-tree_sortable.ads:376:01: (style) incorrect layout [-gnatyl]
   [Ada]          gtk-invisible.adb
gtk-gesture_drag.ads:43:80: (style) this line is too long [-gnatyM]
gtk-gesture_drag.ads:122:06: (style) trailing spaces not permitted [-gnatyb]
gtk-gesture_drag.ads:138:06: (style) trailing spaces not permitted [-gnatyb]
gtk-gesture_drag.ads:154:06: (style) trailing spaces not permitted [-gnatyb]
   [Ada]          gtk-im_context_simple.adb
   [Ada]          gtk-text_tag_table.adb
gtk-im_context_simple.ads:31:80: (style) this line is too long [-gnatyM]
   [Ada]          gtk-application_window.adb
glib-cancellable.ads:31:06: warning: unnecessary with of ancestor [-gnatwr]
glib-cancellable.ads:133:80: (style) this line is too long [-gnatyM]
glib-cancellable.ads:134:80: (style) this line is too long [-gnatyM]
glib-cancellable.ads:135:80: (style) this line is too long [-gnatyM]
glib-cancellable.ads:136:80: (style) this line is too long [-gnatyM]
glib-cancellable.ads:140:80: (style) this line is too long [-gnatyM]
glib-cancellable.ads:255:80: (style) this line is too long [-gnatyM]
   [Ada]          gtk-viewport.adb
gtk-window.ads:178:80: (style) this line is too long [-gnatyM]
gtk-window.ads:1029:80: (style) this line is too long [-gnatyM]
gtk-window.ads:1435:80: (style) this line is too long [-gnatyM]
gtk-window.ads:1496:80: (style) this line is too long [-gnatyM]
gtk-window.ads:1554:06: (style) trailing spaces not permitted [-gnatyb]
gtk-window.ads:1610:80: (style) this line is too long [-gnatyM]
gtk-window.ads:1648:80: (style) this line is too long [-gnatyM]
   [Ada]          gtk-color_button.adb
   [Ada]          gtk-color_chooser.adb
gtk-application_window.ads:118:80: (style) this line is too long [-gnatyM]
gtk-application_window.ads:119:80: (style) this line is too long [-gnatyM]
gtk-application_window.ads:127:80: (style) this line is too long [-gnatyM]
gtk-application_window.ads:130:80: (style) this line is too long [-gnatyM]
gtk-application_window.ads:138:80: (style) this line is too long [-gnatyM]
gtk-application_window.ads:286:80: (style) this line is too long [-gnatyM]
gtk-application_window.ads:297:80: (style) this line is too long [-gnatyM]
gtk-application_window.ads:308:80: (style) this line is too long [-gnatyM]
   [Ada]          gtk-cell_area_box.adb
gtk-text_tag_table.ads:113:80: (style) this line is too long [-gnatyM]
gtk-text_tag_table.ads:166:80: (style) this line is too long [-gnatyM]
gtk-text_tag_table.ads:186:06: (style) trailing spaces not permitted [-gnatyb]
gtk-text_tag_table.ads:210:80: (style) this line is too long [-gnatyM]
   [Ada]          gtk-target_entry.adb
gtk-target_entry.ads:45:80: (style) this line is too long [-gnatyM]
   [Ada]          gtk-menu_shell.adb
gtk-cell_area_box.ads:68:80: (style) this line is too long [-gnatyM]
gtk-cell_area_box.ads:116:80: (style) this line is too long [-gnatyM]
gtk-cell_area_box.ads:133:80: (style) this line is too long [-gnatyM]
gtk-cell_area_box.ads:150:80: (style) this line is too long [-gnatyM]
gtk-cell_area_box.ads:168:80: (style) this line is too long [-gnatyM]
gtk-cell_area_box.ads:172:80: (style) this line is too long [-gnatyM]
gtk-cell_area_box.ads:182:80: (style) this line is too long [-gnatyM]
gtk-cell_area_box.ads:183:80: (style) this line is too long [-gnatyM]
gtk-cell_area_box.ads:207:80: (style) this line is too long [-gnatyM]
gtk-cell_area_box.ads:215:80: (style) this line is too long [-gnatyM]
gtk-cell_area_box.ads:223:80: (style) this line is too long [-gnatyM]
gtk-cell_area_box.ads:228:80: (style) this line is too long [-gnatyM]
gtk-cell_area_box.ads:233:80: (style) this line is too long [-gnatyM]
gtk-cell_area_box.ads:265:80: (style) this line is too long [-gnatyM]
gtk-cell_area_box.ads:276:80: (style) this line is too long [-gnatyM]
gtk-cell_area_box.ads:287:80: (style) this line is too long [-gnatyM]
   [Ada]          gtk-tool_item.adb
gtk-color_button.ads:314:80: (style) this line is too long [-gnatyM]
gtk-color_button.ads:325:80: (style) this line is too long [-gnatyM]
gtk-color_button.ads:347:80: (style) this line is too long [-gnatyM]
gtk-color_chooser.ads:197:80: (style) this line is too long [-gnatyM]
gtk-color_chooser.ads:200:80: (style) this line is too long [-gnatyM]
gtk-color_chooser.ads:206:80: (style) this line is too long [-gnatyM]
gtk-color_chooser.ads:222:80: (style) this line is too long [-gnatyM]
gtk-color_chooser.ads:241:01: (style) incorrect layout [-gnatyl]
gtk-menu_shell.ads:262:80: (style) this line is too long [-gnatyM]
gtk-menu_shell.ads:339:06: (style) trailing spaces not permitted [-gnatyb]
gtk-menu_shell.ads:344:80: (style) this line is too long [-gnatyM]
gtk-menu_shell.ads:385:06: (style) trailing spaces not permitted [-gnatyb]
gtk-menu_shell.ads:387:80: (style) this line is too long [-gnatyM]
gtk-tool_item.ads:174:80: (style) this line is too long [-gnatyM]
gtk-tool_item.ads:407:06: (style) trailing spaces not permitted [-gnatyb]
gtk-tool_item.ads:411:80: (style) this line is too long [-gnatyM]
gtk-tool_item.ads:416:80: (style) this line is too long [-gnatyM]
Build Libraries
   [gprlib]       gtkada.lexch
   [archive]      libgtkada.a
   [index]        libgtkada.a
Bind
   [gprbind]      gdialog.bexch
   [Ada]          gdialog.ali
Link
   [link]         gdialog.adb
gnatprep -r -c -DHAVE_GL=False -DWIN32=False testgtk/opengl/view_gl.gpb testgtk/opengl/view_gl.adb
====== Building tests =====
cd testgtk; /root/.local/share/alire/toolchains/gprbuild_22.0.1_24dfc1b5/bin/gprbuild  -j0 -m -p  -XLIBRARY_TYPE=static -Ptestgtk.gpr -aP ../src
Setup
   [mkdir]        object directory for project GtkAda_GL
   [mkdir]        library directory for project GtkAda_GL
Compile
   [Ada]          testgtk.adb
   [Ada]          test_rtree.adb
   [Ada]          gtk-glarea.ads
   [Ada]          global_exception_handler.adb
   [Ada]          main_windows.adb
   [Ada]          common.adb
   [Ada]          create_about.adb
   [Ada]          create_alignment.adb
   [Ada]          create_application.adb
   [Ada]          create_arrow.adb
   [Ada]          create_assistant.adb
   [Ada]          create_box.adb
   [Ada]          create_builder.adb
   [Ada]          create_button_box.adb
   [Ada]          create_buttons.adb
   [Ada]          create_cairo.adb
   [Ada]          create_calendar.adb
   [Ada]          create_canvas.adb
   [Ada]          create_canvas_view_animate.adb
   [Ada]          create_canvas_view_composite.adb
   [Ada]          create_canvas_view_edit.adb
   [Ada]          create_canvas_view_events.adb
   [Ada]          create_canvas_view_items.adb
   [Ada]          create_canvas_view_links.adb
   [Ada]          create_canvas_view_minimap.adb
   [Ada]          create_canvas_view_routes.adb
   [Ada]          create_canvas_view_rtrees.adb
   [Ada]          create_cell_view.adb
   [Ada]          create_check_buttons.adb
   [Ada]          create_clipboard.adb
   [Ada]          create_color_chooser.adb
   [Ada]          create_color_selection.adb
   [Ada]          create_combo_box.adb
   [Ada]          create_css_accordion.adb
   [Ada]          create_css_editor.adb
   [Ada]          create_cursors.adb
   [Ada]          create_dialog.adb
   [Ada]          create_dnd.adb
   [Ada]          create_entry.adb
   [Ada]          create_file_chooser.adb
   [Ada]          create_file_selection.adb
   [Ada]          create_fixed.adb
   [Ada]          create_flow_box.adb
   [Ada]          create_font_chooser.adb
   [Ada]          create_font_selection.adb
   [Ada]          create_frame.adb
   [Ada]          create_gestures.adb
   [Ada]          create_gtkada_builder.adb
   [Ada]          create_gtkada_dialog.adb
   [Ada]          create_icon_view.adb
   [Ada]          create_label.adb
   [Ada]          create_layout.adb
   [Ada]          create_link_buttons.adb
   [Ada]          create_main_loop.adb
   [Ada]          create_mdi.adb
   [Ada]          create_menu.adb
   [Ada]          create_notebook.adb
   [Ada]          create_opacity.adb
   [Ada]          create_paned.adb
   [Ada]          create_pixbuf.adb
   [Ada]          create_print.adb
   [Ada]          create_progress.adb
   [Ada]          create_radio_button.adb
   [Ada]          create_range.adb
   [Ada]          create_reparent.adb
   [Ada]          create_revealer.adb
   [Ada]          create_scrolled.adb
   [Ada]          create_selection.adb
   [Ada]          create_size_groups.adb
   [Ada]          create_sources.adb
   [Ada]          create_spin.adb
   [Ada]          create_spinners.adb
   [Ada]          create_splittable.adb
   [Ada]          create_stack.adb
   [Ada]          create_status.adb
   [Ada]          create_status_icons.adb
   [Ada]          create_task_monitor.adb
   [Ada]          create_test_idle.adb
   [Ada]          create_test_timeout.adb
   [Ada]          create_text_view.adb
   [Ada]          create_toggle_buttons.adb
   [Ada]          create_toolbar.adb
   [Ada]          create_tooltips.adb
   [Ada]          create_tree_filter.adb
   [Ada]          create_tree_view.adb
   [Ada]          create_ui_manager.adb
   [Ada]          libart_demo.adb
   [Ada]          view_gl.adb
   [Ada]          testcairo_drawing.adb
   [Ada]          task_worker.adb
Build Libraries
   [gprlib]       gtkada_gl.lexch
   [archive]      libgtkada_gl.a
   [index]        libgtkada_gl.a
Bind
   [gprbind]      testgtk.bexch
   [Ada]          testgtk.ali
   [gprbind]      test_rtree.bexch
   [Ada]          test_rtree.ali
Link
   [link]         testgtk.adb
   [link]         test_rtree.adb
/root/.local/share/alire/toolchains/gnat_native_14.2.1_06bb3def/bin/../lib/gcc/x86_64-pc-linux-gnu/14.2.0/../../../../x86_64-pc-linux-gnu/bin/ld: warning: /root/.local/share/alire/builds/gtkada_21.0.0_3c1373c0/05561da954afaee17128f59bba699db2f2e4a4215317b2b818a8016192c82334/testgtk/obj/create_css_accordion.o: requires executable stack (because the .note.GNU-stack section is executable)
/root/.local/share/alire/toolchains/gprbuild_22.0.1_24dfc1b5/bin/gprinstall  -p -f --project-subdir=lib/gnat --build-var=GTKADA_BUILD,LIBRARY_TYPE --install-name=gtkada --prefix=install_dir -XGTK_PREFIX=install_dir -XLIBRARY_TYPE=static --build-name=static \
	--sources-subdir=include/gtkada/gtkada.static \
	--lib-subdir=lib/gtkada/gtkada.static \
	-Psrc/gtkada.gpr
Install project GtkAda - static
warning: file does not exist '/root/.local/share/alire/builds/gtkada_21.0.0_3c1373c0/05561da954afaee17128f59bba699db2f2e4a4215317b2b818a8016192c82334/src/../docs/gtkada_ug/_build/html/*'
warning: file does not exist '/root/.local/share/alire/builds/gtkada_21.0.0_3c1373c0/05561da954afaee17128f59bba699db2f2e4a4215317b2b818a8016192c82334/src/../docs/gtkada_ug/_build/latex/GtkAda.pdf'
/root/.local/share/alire/toolchains/gprbuild_22.0.1_24dfc1b5/bin/gprinstall  -p -f --project-subdir=lib/gnat --build-var=GTKADA_BUILD,LIBRARY_TYPE --install-name=gtkada --prefix=install_dir -XGTK_PREFIX=install_dir -XLIBRARY_TYPE=static-pic --build-name=static-pic \
	--sources-subdir=include/gtkada/gtkada.static-pic \
	--lib-subdir=lib/gtkada/gtkada.static-pic \
	-Psrc/gtkada.gpr
Install project GtkAda - static-pic
warning: file does not exist '/root/.local/share/alire/builds/gtkada_21.0.0_3c1373c0/05561da954afaee17128f59bba699db2f2e4a4215317b2b818a8016192c82334/src/../docs/gtkada_ug/_build/html/*'
warning: file does not exist '/root/.local/share/alire/builds/gtkada_21.0.0_3c1373c0/05561da954afaee17128f59bba699db2f2e4a4215317b2b818a8016192c82334/src/../docs/gtkada_ug/_build/latex/GtkAda.pdf'
/root/.local/share/alire/toolchains/gprbuild_22.0.1_24dfc1b5/bin/gprinstall  -p -f --project-subdir=lib/gnat --build-var=GTKADA_BUILD,LIBRARY_TYPE --install-name=gtkada --prefix=install_dir -XGTK_PREFIX=install_dir -XLIBRARY_TYPE=relocatable --build-name=relocatable \
	--sources-subdir=include/gtkada/gtkada.relocatable \
	--lib-subdir=lib/gtkada/gtkada.relocatable \
	-Psrc/gtkada.gpr
Install project GtkAda - relocatable
warning: file does not exist '/root/.local/share/alire/builds/gtkada_21.0.0_3c1373c0/05561da954afaee17128f59bba699db2f2e4a4215317b2b818a8016192c82334/src/../docs/gtkada_ug/_build/html/*'
warning: file does not exist '/root/.local/share/alire/builds/gtkada_21.0.0_3c1373c0/05561da954afaee17128f59bba699db2f2e4a4215317b2b818a8016192c82334/src/../docs/gtkada_ug/_build/latex/GtkAda.pdf'
/root/.local/share/alire/toolchains/gprbuild_22.0.1_24dfc1b5/bin/gprinstall  -p -f --project-subdir=lib/gnat --build-var=GTKADA_BUILD,LIBRARY_TYPE --install-name=gtkada --prefix=install_dir -XGTK_PREFIX=install_dir -XLIBRARY_TYPE=static \
	--mode=usage -Psrc/tools/tools.gpr
Install project Tools
cd testgtk; /root/.local/share/alire/toolchains/gprbuild_22.0.1_24dfc1b5/bin/gprinstall  -p -f --project-subdir=lib/gnat --build-var=GTKADA_BUILD,LIBRARY_TYPE --install-name=gtkada --prefix=install_dir -XGTK_PREFIX=install_dir -XLIBRARY_TYPE=static \
	--mode=usage --exec-subdir=install_dir/share/examples/gtkada/testgtk \
	-Ptestgtk.gpr -aP ../src
Install project TestGtk
-----------------------------------------------------------------------
--  GtkAda has now been installed.                                   --
--  To use the library, you may need to update LD_LIBRARY_PATH       --
--  or to run ldconfig. You may also need to update GPR_PROJECT_PATH --
--  to include                                                       --
--  install_dir/lib/gnat
-----------------------------------------------------------------------
Note: Building bingada=1.0.0/bingada.gpr...
Setup
   [mkdir]        object directory for project ASFML
   [mkdir]        library directory for project ASFML
   [mkdir]        object directory for project Bingada
   [mkdir]        exec directory for project Bingada
Compile
   [Ada]          bingada.adb
   [Ada]          sf-window-videomode.ads
   [Ada]          sf-audio-music.adb
   [Ada]          sf-graphics-circleshape.ads
   [Ada]          sf-graphics-view.ads
   [Ada]          sf-window-mouse.ads
   [Ada]          sf-system.ads
   [Ada]          sf-window-event.ads
   [Ada]          sf-audio-soundrecorder.adb
   [Ada]          sf-graphics-font.adb
   [Ada]          sf-window-gl.ads
   [Ada]          sf-window-windowhandle.ads
   [Ada]          sf-graphics-transform.ads
   [Ada]          sf-graphics-rectangleshape.ads
   [Ada]          sf-graphics-vertexarray.ads
   [Ada]          sf-network-socketstatus.ads
   [Ada]          sf-graphics-renderstates.ads
   [Ada]          sf-system-sleep.adb
   [Ada]          sf-network-socketselector.ads
   [Ada]          sf-network-tcpsocket.ads
   [Ada]          sf-graphics-shader.adb
   [Ada]          sf-window.ads
   [Ada]          sf-graphics-transformable.ads
   [Ada]          sf-audio-sound.ads
   [Ada]          sf-network-ftp.adb
   [Ada]          sf-graphics.ads
   [Ada]          sf-audio-soundstream.ads
   [Ada]          sf-window-touch.ads
   [Ada]          sf-network-http.adb
   [Ada]          sf-graphics-glyph.ads
   [Ada]          sf-window-joystickidentification.ads
   [Ada]          sf-window-keyboard.ads
   [Ada]          sf-audio-soundbufferrecorder.adb
   [Ada]          sf-graphics-sprite.ads
   [Ada]          sf-window-cursor.ads
   [Ada]          sf-network-ipaddress.adb
   [Ada]          sf-graphics-primitivetype.ads
   [Ada]          sf-graphics-fontinfo.ads
   [Ada]          sf-system-thread.ads
   [Ada]          sf-window-context.ads
   [Ada]          sf-graphics-rendertexture.ads
   [Ada]          sf-system-vector3.ads
   [Ada]          sf-graphics-texture.adb
   [Ada]          sf-system-clock.ads
   [Ada]          sf-graphics-image.adb
   [Ada]          sf-graphics-renderwindow.adb
   [Ada]          sf-graphics-rect.ads
   [Ada]          sf-system-inputstream.ads
   [Ada]          sf-audio.ads
   [Ada]          sf-graphics-glsl.ads
   [Ada]          sf-graphics-convexshape.ads
   [Ada]          sf-graphics-vertex.ads
   [Ada]          sf-graphics-blendmode.ads
   [Ada]          sf-window-joystick.ads
   [Ada]          sf-graphics-color.ads
   [Ada]          sf-audio-listener.ads
   [Ada]          sf-system-vector2.ads
   [Ada]          sf-graphics-vertexbuffer.ads
   [Ada]          sf-audio-soundbuffer.adb
   [Ada]          sf-window-glu.ads
   [Ada]          sf-system-time.ads
   [Ada]          sf-window-clipboard.adb
   [Ada]          sf-graphics-text.adb
   [Ada]          sf-network.ads
   [Ada]          sf-network-udpsocket.ads
   [Ada]          sf-window-sensor.ads
   [Ada]          sf-network-packet.adb
   [Ada]          sf.ads
   [Ada]          sf-audio-soundstatus.ads
   [Ada]          sf-system-mutex.ads
   [Ada]          sf-window-window.adb
   [Ada]          sf-graphics-shape.ads
   [Ada]          sf-network-tcplistener.ads
   [Ada]          q_bingada.adb
q_bingada.adb:12:06: warning: renamed predefined unit is an obsolescent feature (RM J.1) [-gnatwj]
   [Ada]          q_bingo.ads
   [Ada]          q_bingo-q_bombo.adb
   [Ada]          q_bingo-q_gtk.ads
   [Ada]          q_bingo-q_gtk-q_intl.adb
   [Ada]          q_bingo_help.adb
   [Ada]          q_csv.adb
q_bingo-q_gtk-q_intl.adb:13:06: warning: renamed predefined unit is an obsolescent feature (RM J.1) [-gnatwj]
   [Ada]          q_csv-q_read_file.adb
   [Ada]          q_sound.adb
   [Ada]          q_gen_shuffle.adb
q_csv-q_read_file.adb:13:06: warning: renamed predefined unit is an obsolescent feature (RM J.1) [-gnatwj]
Build Libraries
   [gprlib]       asfml.lexch
   [archive]      libasfml.a
   [index]        libasfml.a
Bind
   [gprbind]      bingada.bexch
   [Ada]          bingada.ali
Link
   [link]         bingada.adb

bingada=1.0.0 successfully retrieved and built.
Dependencies were solved as follows:

   +  asfml      2.5.4   (new)
   +  gtkada     21.0.0  (new)
   +b libcsfml   2.5.0   (new,indirect,system package)
   +b libgtk3    3.24.38 (new,indirect,system package)
   +b make       4.3.0   (new,indirect,system package)
   +b pkg_config 1.8.1   (new,indirect,system package)
Found declared GPR file: bingada.gpr
