Test ran at 2026-08-21 00:52:11.913292+00:00

SOLUTION:
emacs_ada_mode=8.1.0: Parser for Emacs ada-mode
Origin: commit 114ab44aa9ccfaa004f450426b7a14bff1ebe347 from https://git.savannah.nongnu.org/git/ada-mode.git
Properties:
   Pre_Build run: make -f Alire.make ada_annex_p_re2c.c (from ${CRATE_ROOT}/.)
   Author: Stephen Leake
   Description: Parser for Emacs ada-mode
   Executable: ada_mode_wisi_lalr_parse
   Executable: ada_mode_wisi_lr1_parse
   Executable: run_ada_lalr_parse
   Executable: run_ada_lr1_parse
   License: GPL-3.0-or-later
   Maintainer: Stephen Leake <stephen_leake@stephe-leake.org>
   Maintainers_Logins: stephe-ada-guru
   Name: emacs_ada_mode
   Project_File: emacs_ada_mode.gpr
   Tag: emacs
   Tag: ada-mode
   Version: 8.1.0
   Website: https://www.nongnu.org/ada-mode/
Dependencies (direct):
   emacs_wisi~4.3.0
   gnat(>=11 & <2000) | >=2021
   re2c>=2.0.3
   stephes_ada_library~3.7.3
   wisitoken~4.2.0
Dependencies (solution):
   emacs_wisi=4.3.2
   gnat=14.2.1 (gnat_native)
   gnatcoll=22.0.0
   libgpr=22.0.0
   re2c=4.4.0
   stephes_ada_library=3.7.3
   wisitoken=4.2.1
   xmlada=22.0.0
Dependencies (graph):
   emacs_ada_mode=8.1.0      --> emacs_wisi=4.3.2 (~4.3.0)
   emacs_ada_mode=8.1.0      --> gnat=14.2.1 (gnat_native) ((>=11 & <2000) | >=2021)
   emacs_ada_mode=8.1.0      --> re2c=4.4.0 (>=2.0.3)
   emacs_ada_mode=8.1.0      --> stephes_ada_library=3.7.3 (~3.7.3)
   emacs_ada_mode=8.1.0      --> wisitoken=4.2.1 (~4.2.0)
   emacs_wisi=4.3.2          --> gnat=14.2.1 (gnat_native) ((>=11 & <2000) | >=2021)
   emacs_wisi=4.3.2          --> stephes_ada_library=3.7.3 (~3.7.2)
   emacs_wisi=4.3.2          --> wisitoken=4.2.1 (~4.2.1)
   gnatcoll=22.0.0           --> libgpr=22.0.0 (~22.0.0)
   libgpr=22.0.0             --> gnat=14.2.1 (gnat_native) (/=2020)
   libgpr=22.0.0             --> xmlada=22.0.0 (~22.0.0)
   stephes_ada_library=3.7.3 --> gnat=14.2.1 (gnat_native) ((>=11 & <2000) | >=2021)
   wisitoken=4.2.1           --> gnat=14.2.1 (gnat_native) ((>=11 & <2000) | >=2021)
   wisitoken=4.2.1           --> gnatcoll=22.0.0 (^22.0.0)
   wisitoken=4.2.1           --> stephes_ada_library=3.7.3 (~3.7.2)
   xmlada=22.0.0             --> gnat=14.2.1 (gnat_native) (>=11)


LOG:
[alr test] Testing emacs_ada_mode=8.1.0
[alr test] Spawning retrieval for remote crate: alr -d -n get emacs_ada_mode=8.1.0
Note: Deploying emacs_ada_mode=8.1.0...
warning: remote HEAD refers to nonexistent ref, unable to checkout
Note: Deploying re2c=4.4.0...
The system package 're2c' is about to be installed.
This action might require admin privileges and impact your system installation.
Do you want Alire to install this system package?
Using default: Yes
resolving dependencies...
looking for conflicting packages...

Packages (1) re2c-4.4-1

Total Download Size:    0.80 MiB
Total Installed Size:  12.53 MiB

:: Proceed with installation? [Y/n] 
:: Retrieving packages...
 re2c-4.4-1-x86_64 downloading...
checking keyring...
checking package integrity...
loading package files...
checking for file conflicts...
checking available disk space...
:: Processing package changes...
installing re2c...
Note: Deploying stephes_ada_library=3.7.3...
warning: remote HEAD refers to nonexistent ref, unable to checkout
Note: Deploying xmlada=22.0.0...

#=#=#                                                                          
##O#-#                                                                         
##=O#- #                                                                       
Note: Deploying libgpr=22.0.0...

#=#=#                                                                          
##O#-#                                                                         
##=O#- #                                                                       
Note: Deploying gnatcoll=22.0.0...

#=#=#                                                                          
##O#-#                                                                         
Note: Deploying wisitoken=4.2.1...
warning: remote HEAD refers to nonexistent ref, unable to checkout
Note: Deploying emacs_wisi=4.3.2...
warning: remote HEAD refers to nonexistent ref, unable to checkout

emacs_ada_mode=8.1.0 successfully retrieved.
Dependencies were solved as follows:

   +  emacs_wisi          4.3.2  (new)
   +b gnat                14.2.1 (new,gnat_native,binary)
   +  gnatcoll            22.0.0 (new,indirect)
   +  libgpr              22.0.0 (new,indirect)
   +b re2c                4.4.0  (new,system package)
   +  stephes_ada_library 3.7.3  (new)
   +  wisitoken           4.2.1  (new)
   +  xmlada              22.0.0 (new,indirect)
[alr test] Spawning default test for remote crate: alr -d -n build --release -- -cargs:Ada -gnatwn
Note: Running post-fetch actions for xmlada=22.0.0...
configure: loading site script /usr/local/etc/config.site
checking build system type... x86_64-w64-mingw32
checking host system type... x86_64-w64-mingw32
checking target system type... x86_64-w64-mingw32
checking whether gnat can build shared libs... yes
checking for a BSD-compatible install... /usr/bin/install -c
checking whether ln -s works... no, using cp -pR
configure: creating ./config.status
config.status: creating xmlada_shared.gpr
config.status: creating Makefile
config.status: creating tests/dom/default.gpr
Note: Running post-fetch actions for wisitoken=4.2.1...
dos2unix: converting file memory/s-memory.adb to Unix format...
Note: Building wisitoken=4.2.1/build/wisitoken_alire.gpr (1/2)...
"..\..\..\stephes_ada_library_3.7.3_08b48307\4e42d859f17dcbc45249d130ea9d443a1aa9e421a654ab27567ae66392fc00cf\build\obj\release" created
"..\..\..\xmlada_22.0.0_b322ae27\c33f08a07ed1c73a52c7ed730533458892c080532e5997243afaaedc0bbf845e\sax\obj\static" created
"..\..\..\xmlada_22.0.0_b322ae27\c33f08a07ed1c73a52c7ed730533458892c080532e5997243afaaedc0bbf845e\sax\lib\static" created
"..\..\..\xmlada_22.0.0_b322ae27\c33f08a07ed1c73a52c7ed730533458892c080532e5997243afaaedc0bbf845e\schema\obj\static" created
"..\..\..\libgpr_22.0.0_30e39dcc\fb6c8c714610042ce088bf48b05bd769bb683a76bf6da38aa250b145ca980e94\gpr\libobj\production\static" created
"..\..\..\libgpr_22.0.0_30e39dcc\fb6c8c714610042ce088bf48b05bd769bb683a76bf6da38aa250b145ca980e94\gpr\lib\production\static" created
"..\..\..\gnatcoll_22.0.0_620c2f23\c1acbac35e968fa7b5b77d5f00913de5be27b2ffdeeb08e593db9a17960dd236\obj\gnatcoll\all" created
"..\..\..\gnatcoll_22.0.0_620c2f23\c1acbac35e968fa7b5b77d5f00913de5be27b2ffdeeb08e593db9a17960dd236\lib\gnatcoll\static" created
"obj\release" created
"lib" created
[Ada Compile]     gnatcoll-any_types.adb
[Ada Compile]     gnatcoll-arg_lists.adb
[Ada Compile]     gnatcoll-asserts.adb
[Ada Compile]     gnatcoll-atomic.adb
[Ada Compile]     gnatcoll-boyer_moore.adb
[Ada Compile]     gnatcoll-coders-base64.adb
[Ada Compile]     gnatcoll-coders-streams.adb
[Ada Compile]     gnatcoll-coders.adb
[Ada Compile]     gnatcoll-config.adb
[Ada Compile]     gnatcoll-damerau_levenshtein_distance.ads
[Ada Compile]     gnatcoll-damerau_levenshtein_generic.adb
[Ada Compile]     gnatcoll-email-mailboxes.adb
[Ada Compile]     gnatcoll-email-parser.adb
[Ada Compile]     gnatcoll-email-utils.adb
[Ada Compile]     gnatcoll-email.adb
[Ada Compile]     gnatcoll-format_columns_vertical.ads
[Ada Compile]     gnatcoll-formatters.adb
[Ada Compile]     gnatcoll-geometry.adb
[Ada Compile]     gnatcoll-io-native.adb
[Ada Compile]     gnatcoll-io-remote-unix.adb
[Ada Compile]     gnatcoll-io-remote-windows.adb
gnatcoll-io-remote-unix.adb:409:36: warning: aspect Unreferenced specified for "Status" [enabled by default]
gnatcoll-io-remote-unix.adb:434:36: warning: aspect Unreferenced specified for "Status" [enabled by default]
[Ada Compile]     gnatcoll-io-remote.adb
[Ada Compile]     gnatcoll-io.adb
gnatcoll-io-remote-windows.adb:496:36: warning: aspect Unreferenced specified for "Status" [enabled by default]
[Ada Compile]     gnatcoll-json-utility.adb
[Ada Compile]     gnatcoll-json.adb
gnatcoll-io-remote.adb:854:62: warning: aspect Unreferenced specified for "Dead" [enabled by default]
[Ada Compile]     gnatcoll-locks.adb
[Ada Compile]     gnatcoll-memory.adb
[Ada Compile]     gnatcoll-mmap-system__win32.adb
[Ada Compile]     gnatcoll-mmap.adb
[Ada Compile]     gnatcoll-opt_parse.adb
[Ada Compile]     gnatcoll-os-constants__windows.ads
[Ada Compile]     gnatcoll-os-dir.adb
[Ada Compile]     gnatcoll-os-dir_types__win32.ads
[Ada Compile]     gnatcoll-os-fs.adb
[Ada Compile]     gnatcoll-os-process.adb
[Ada Compile]     gnatcoll-os-process_types__win32.adb
[Ada Compile]     gnatcoll-os-stat.adb
[Ada Compile]     gnatcoll-os-win32-files.adb
[Ada Compile]     gnatcoll-os-win32-process.ads
[Ada Compile]     gnatcoll-os-win32-strings.adb
[Ada Compile]     gnatcoll-os-win32.adb
[Ada Compile]     gnatcoll-os.ads
[Ada Compile]     gnatcoll-paragraph_filling-badnesses.adb
[Ada Compile]     gnatcoll-paragraph_filling-words.adb
[Ada Compile]     gnatcoll-paragraph_filling.adb
[Ada Compile]     gnatcoll-path.adb
[Ada Compile]     gnatcoll-plugins__windows.adb
[Ada Compile]     gnatcoll-pools.adb
[Ada Compile]     gnatcoll-projects-aux.adb
[Ada Compile]     gnatcoll-projects-krunch.adb
[Ada Compile]     gnatcoll-projects-normalize.adb
[Ada Compile]     gnatcoll-projects.adb
[Ada Compile]     gnatcoll-promises.adb
[Ada Compile]     gnatcoll-refcount-weakref.adb
[Ada Compile]     gnatcoll-refcount.adb
gnatcoll-refcount.ads:90:04: warning: in instantiation at gnatcoll-storage_pools-headers.adb:57 [enabled by default]
gnatcoll-refcount.ads:90:04: warning: possible aliasing problem for type "Header_Access" [enabled by default]
gnatcoll-refcount.ads:90:04: warning: use -fno-strict-aliasing switch for references [enabled by default]
gnatcoll-refcount.ads:90:04: warning: or use "pragma No_Strict_Aliasing (Header_Access);" [enabled by default]
[Ada Compile]     gnatcoll-remote-db.adb
[Ada Compile]     gnatcoll-remote.ads
[Ada Compile]     gnatcoll-scripts-files.adb
[Ada Compile]     gnatcoll-scripts-impl.adb
[Ada Compile]     gnatcoll-scripts-projects.adb
gnatcoll-scripts-files.ads:25:06: warning: unnecessary with of ancestor [-gnatwr]
[Ada Compile]     gnatcoll-scripts-shell.adb
[Ada Compile]     gnatcoll-scripts-utils.adb
[Ada Compile]     gnatcoll-scripts.adb
[Ada Compile]     gnatcoll-storage_pools-alignment.adb
[Ada Compile]     gnatcoll-storage_pools-headers.adb
[Ada Compile]     gnatcoll-storage_pools.ads
[Ada Compile]     gnatcoll-string_builders.adb
[Ada Compile]     gnatcoll-string_list_builders.adb
[Ada Compile]     gnatcoll-strings.ads
[Ada Compile]     gnatcoll-strings_impl.adb
[Ada Compile]     gnatcoll-symbols.adb
[Ada Compile]     gnatcoll-templates.adb
[Ada Compile]     gnatcoll-terminal.adb
gnatcoll-scripts-shell.adb:38:06: warning: unnecessary with of ancestor [-gnatwr]
[Ada Compile]     gnatcoll-traces.adb
[Ada Compile]     gnatcoll-tribooleans.adb
[Ada Compile]     gnatcoll-utils.adb
[Ada Compile]     gnatcoll-vfs.adb
gnatcoll-utils.adb:642:34: warning: aspect Unreferenced specified for "Result" [enabled by default]
[Ada Compile]     gnatcoll-vfs_types.ads
[Ada Compile]     gnatcoll-vfs_utils.adb
[Ada Compile]     gnatcoll-wstring_builders.adb
[Ada Compile]     gnatcoll-wstring_list_builders.adb
[Ada Compile]     gnatcoll.ads
[C Compile]       executable_path.c
[C Compile]       getRSS.c
[C Compile]       gnatcoll_support.c
[C Compile]       link_max.c
[C Compile]       objlist_file.c
[C Compile]       run_path_option.c
[C Compile]       separate_run_path_option.c
[C Compile]       set_std_prefix.c
[C Compile]       terminals.c
[C Compile]       update_path.c
[C Compile]       win32-wrappers.c
[Ada Compile]     gpr-ali.adb
[Ada Compile]     gpr-attr-pm.adb
[Ada Compile]     gpr-attr.adb
[Ada Compile]     gpr-com.ads
[Ada Compile]     gpr-compilation-process-waiter.adb
[Ada Compile]     gpr-compilation-process.adb
gpr-attr.adb:1515:10: warning: unreachable code [enabled by default]
gpr-attr.adb:1523:10: warning: unreachable code [enabled by default]
gpr-attr.adb:1567:10: warning: unreachable code [enabled by default]
gpr-attr.adb:1575:10: warning: unreachable code [enabled by default]
gpr-attr.adb:1595:13: warning: unreachable code [enabled by default]
gpr-attr.adb:1648:13: warning: unreachable code [enabled by default]
gpr-attr.adb:1661:19: warning: unreachable code [enabled by default]
gpr-attr.adb:1698:10: warning: unreachable code [enabled by default]
gpr-attr.adb:1709:13: warning: unreachable code [enabled by default]
gpr-attr.adb:1725:16: warning: unreachable code [enabled by default]
[Ada Compile]     gpr-compilation-protocol.adb
[Ada Compile]     gpr-compilation-slave.adb
[Ada Compile]     gpr-compilation-sync.adb
[Ada Compile]     gpr-compilation.adb
[Ada Compile]     gpr-conf.adb
[Ada Compile]     gpr-cset.adb
[Ada Compile]     gpr-debug.adb
[Ada Compile]     gpr-dect.adb
[Ada Compile]     gpr-env.adb
[Ada Compile]     gpr-err.adb
[Ada Compile]     gpr-erroutc.adb
[Ada Compile]     gpr-ext.adb
[Ada Compile]     gpr-knowledge.adb
[Ada Compile]     gpr-names.adb
[Ada Compile]     gpr-nmsc.adb
[Ada Compile]     gpr-opt.ads
[Ada Compile]     gpr-osint.adb
gpr-osint.adb:32:06: warning: "System.CRTL" is an internal GNAT unit [-gnatwi]
gpr-osint.adb:32:06: warning: use of this unit is non-portable and version-dependent [-gnatwi]
gpr-osint.adb:33:06: warning: "System.OS_Constants" is an internal GNAT unit [-gnatwi]
gpr-osint.adb:33:06: warning: use of this unit is non-portable and version-dependent [-gnatwi]
[Ada Compile]     gpr-output.adb
[Ada Compile]     gpr-part.adb
[Ada Compile]     gpr-pp.adb
[Ada Compile]     gpr-proc.adb
[Ada Compile]     gpr-scans.adb
[Ada Compile]     gpr-script.adb
[Ada Compile]     gpr-sdefault.ads
gpr-sdefault.ads:25:06: warning: "System.OS_Constants" is an internal GNAT unit [-gnatwi]
gpr-sdefault.ads:25:06: warning: use of this unit is non-portable and version-dependent [-gnatwi]
[Ada Compile]     gpr-sinput.adb
gnatcoll-projects.adb:38:09: warning: unit "Ada.Unchecked_Conversion" is not referenced [-gnatwu]
[Archive]         libgnatcoll.a
[Ada Compile]     gpr-snames.adb
[Ada Compile]     gpr-strt.adb
[Ada Compile]     gpr-tempdir.adb
[Ada Compile]     gpr-tree.adb
[Ada Compile]     gpr-util-aux.adb
[Ada Compile]     gpr-util.adb
[Ada Compile]     gpr-version.adb
[Ada Compile]     gpr.adb
gpr-util-aux.adb:250:13: warning: aspect Unreferenced specified for "Success" [enabled by default]
[Ada Compile]     gpr_build_util.adb
[C Compile]       gpr_imports.c
[Ada Compile]     recover_stats.adb
[Ada Compile]     s-memory.adb
[Ada Compile]     wisitoken-bnf-generate_grammar.adb
[Ada Compile]     wisitoken-bnf-generate_packrat.adb
[Ada Compile]     wisitoken-bnf-generate_utils.adb
[Ada Compile]     wisitoken-bnf-output_ada.adb
gpr-util.adb:1160:25: warning: aspect Unreferenced specified for "Position" [enabled by default]
gpr-util.adb:1161:25: warning: aspect Unreferenced specified for "Inserted" [enabled by default]
gpr-util.adb:3330:26: warning: aspect Unreferenced specified for "Success" [enabled by default]
gpr-util.adb:3366:36: warning: aspect Unreferenced specified for "Success" [enabled by default]
gpr-util.adb:3388:36: warning: aspect Unreferenced specified for "Success" [enabled by default]
gpr-util.adb:3392:36: warning: aspect Unreferenced specified for "Success" [enabled by default]
[Ada Compile]     wisitoken-bnf-output_ada_common.adb
[Archive]         libgpr.a
[Ada Compile]     wisitoken-bnf-output_ada_emacs.adb
[Ada Compile]     wisitoken-bnf-output_elisp_common.adb
[Ada Compile]     wisitoken-bnf-utils.adb
[Ada Compile]     wisitoken-bnf.adb
[Ada Compile]     wisitoken-followed_by.adb
[Ada Compile]     wisitoken-gen_token_enum.adb
[Ada Compile]     wisitoken-generate-lr-lalr_generate.adb
[Ada Compile]     wisitoken-generate-lr-lr1_generate.adb
[Ada Compile]     wisitoken-generate-lr.adb
[Ada Compile]     wisitoken-generate-lr1_items.adb
[Ada Compile]     wisitoken-generate-packrat.adb
[Ada Compile]     wisitoken-generate-tree_sitter.adb
[Ada Compile]     wisitoken-generate.adb
[Ada Compile]     wisitoken-in_parse_actions.adb
[Ada Compile]     wisitoken-lexer-re2c.adb
[Ada Compile]     wisitoken-lexer-regexp.adb
[Ada Compile]     wisitoken-lexer.adb
[Ada Compile]     wisitoken-parse-lr-mckenzie_recover-base.adb
[Ada Compile]     wisitoken-parse-lr-mckenzie_recover-explore.adb
[Ada Compile]     wisitoken-parse-lr-mckenzie_recover-parse.adb
[Ada Compile]     wisitoken-parse-lr-mckenzie_recover.adb
[Ada Compile]     wisitoken-parse-lr-parser.adb
[Ada Compile]     wisitoken-parse-lr-parser_lists.adb
[Ada Compile]     wisitoken-parse-lr-parser_no_recover.adb
[Ada Compile]     wisitoken-parse-lr.adb
[Ada Compile]     wisitoken-parse-packrat-generated.adb
[Ada Compile]     wisitoken-parse-packrat-procedural.adb
[Ada Compile]     wisitoken-parse-packrat.adb
[Ada Compile]     wisitoken-parse-tree_sitter.adb
[Ada Compile]     wisitoken-parse.adb
[Ada Compile]     wisitoken-productions.adb
[Ada Compile]     wisitoken-regexp.adb
[Ada Compile]     wisitoken-syntax_trees-lr_utils.adb
[Ada Compile]     wisitoken-syntax_trees.adb
[Ada Compile]     wisitoken-text_io_trace.adb
[Ada Compile]     wisitoken-utf_8.adb
[Ada Compile]     wisitoken-wisi_ada.adb
[Ada Compile]     wisitoken.adb
[Ada Compile]     wisitoken_config.ads
[Ada Compile]     wisitoken_grammar_actions.adb
[Ada Compile]     wisitoken_grammar_editing.adb
[Ada Compile]     wisitoken_grammar_main.adb
[Ada Compile]     wisitoken_grammar_re2c_c.ads
[Ada Compile]     wisitoken_grammar_runtime.adb
[C Compile]       wisitoken_grammar_re2c.c
[Ada Compile]     dom-core-attrs.adb
[Ada Compile]     dom-core-cdata_sections.ads
[Ada Compile]     dom-core-character_datas.adb
[Ada Compile]     dom-core-comments.ads
[Ada Compile]     dom-core-document_fragments.ads
[Ada Compile]     dom-core-document_types.adb
[Ada Compile]     dom-core-documents.adb
[Ada Compile]     dom-core-elements.adb
[Ada Compile]     dom-core-entity_references.ads
[Ada Compile]     dom-core-nodes.adb
[Ada Compile]     dom-core-notations.adb
[Ada Compile]     dom-core-processing_instructions.ads
[Ada Compile]     dom-core-texts.adb
[Ada Compile]     dom-core.adb
[Ada Compile]     dom-readers.adb
[Ada Compile]     dom.ads
[Ada Compile]     input_sources-file.adb
[Ada Compile]     input_sources-http.adb
[Archive]         libxmlada_dom.a
[Ada Compile]     input_sources-socket.adb
[Ada Compile]     input_sources-strings.adb
[Ada Compile]     input_sources.adb
[Ada Compile]     sax-attributes.adb
[Archive]         libxmlada_input_sources.a
[Ada Compile]     sax-encodings.ads
[Ada Compile]     sax-exceptions.adb
[Ada Compile]     sax-htable.adb
sax-attributes.adb:26:06: warning: renamed predefined unit is an obsolescent feature (RM J.1) [-gnatwj]
[Ada Compile]     sax-locators.adb
[Ada Compile]     sax-models.adb
[Ada Compile]     sax-pointers.adb
[Ada Compile]     sax-readers.adb
[Ada Compile]     sax-state_machines.adb
[Ada Compile]     sax-symbols.adb
[Ada Compile]     sax-utils.adb
[Ada Compile]     sax.ads
[Ada Compile]     schema-date_time.adb
[Ada Compile]     schema-decimal.adb
[Ada Compile]     schema-dom_readers.adb
[Ada Compile]     schema-readers.adb
[Ada Compile]     schema-schema_readers.adb
[Ada Compile]     schema-simple_types.adb
sax-readers.adb:39:06: warning: renamed predefined unit is an obsolescent feature (RM J.1) [-gnatwj]
[Archive]         libxmlada_sax.a
[Ada Compile]     schema-validators-xsd_grammar.adb
schema-validators-xsd_grammar.adb:26:06: warning: unnecessary with of ancestor [-gnatwr]
schema-validators-xsd_grammar.ads:30:06: warning: unnecessary with of ancestor [-gnatwr]
[Ada Compile]     schema-validators.adb
[Archive]         libWisitoken.a
[Ada Compile]     schema.adb
[Ada Compile]     unicode-ccs-iso_8859_1.adb
[Ada Compile]     unicode-ccs-iso_8859_15.adb
[Ada Compile]     unicode-ccs-iso_8859_2.adb
[Ada Compile]     unicode-ccs-iso_8859_3.adb
[Ada Compile]     unicode-ccs-iso_8859_4.adb
[Ada Compile]     unicode-ccs-windows_1251.adb
[Ada Compile]     unicode-ccs-windows_1252.adb
[Ada Compile]     unicode-ccs.adb
[Ada Compile]     unicode-ces-basic_8bit.adb
unicode-ces-basic_8bit.ads:33:06: warning: renamed predefined unit is an obsolescent feature (RM J.1) [-gnatwj]
[Ada Compile]     unicode-ces-utf16.adb
[Ada Compile]     unicode-ces-utf32.adb
schema-schema_readers.adb:1629:33: warning: aspect Unreferenced specified for "Ignored" [enabled by default]
schema-schema_readers.adb:1629:42: warning: aspect Unreferenced specified for "Ignored_Index" [enabled by default]
[Ada Compile]     unicode-ces-utf8.adb
unicode-ces-utf16.ads:41:06: warning: renamed predefined unit is an obsolescent feature (RM J.1) [-gnatwj]
[Ada Compile]     unicode-ces.adb
unicode-ces-utf32.ads:37:06: warning: renamed predefined unit is an obsolescent feature (RM J.1) [-gnatwj]
[Ada Compile]     unicode-encodings.adb
unicode-ces.ads:33:06: warning: renamed predefined unit is an obsolescent feature (RM J.1) [-gnatwj]
[Ada Compile]     unicode-names-aegean_numbers.ads
[Ada Compile]     unicode-names-ahom.ads
unicode-ces-utf8.ads:48:06: warning: renamed predefined unit is an obsolescent feature (RM J.1) [-gnatwj]
[Ada Compile]     unicode-names-alchemical_symbols.ads
[Ada Compile]     unicode-names-alpha_presentation_forms.ads
[Ada Compile]     unicode-names-anatolian_hieroglyphs.ads
[Ada Compile]     unicode-names-ancient_greek_music.ads
[Ada Compile]     unicode-names-ancient_greek_numbers.ads
[Ada Compile]     unicode-names-ancient_symbols.ads
[Ada Compile]     unicode-names-arabic.ads
[Ada Compile]     unicode-names-arabic_extended_a.ads
[Ada Compile]     unicode-names-arabic_math_alpha_symb.ads
[Ada Compile]     unicode-names-arabic_present_formsa.ads
[Ada Compile]     unicode-names-arabic_present_formsb.ads
[Ada Compile]     unicode-names-arabic_supplement.ads
[Ada Compile]     unicode-names-armenian.ads
[Ada Compile]     unicode-names-arrows.ads
[Ada Compile]     unicode-names-avestan.ads
[Ada Compile]     unicode-names-balinese.ads
[Ada Compile]     unicode-names-bamum.ads
[Ada Compile]     unicode-names-bamum_supplement.ads
[Ada Compile]     unicode-names-basic_latin.ads
[Ada Compile]     unicode-names-bassa_vah.ads
[Ada Compile]     unicode-names-batak.ads
[Ada Compile]     unicode-names-bengali.ads
[Ada Compile]     unicode-names-block_elements.ads
[Ada Compile]     unicode-names-bopomofo.ads
[Ada Compile]     unicode-names-bopomofo_extended.ads
[Ada Compile]     unicode-names-box_drawing.ads
[Ada Compile]     unicode-names-brahmi.ads
[Ada Compile]     unicode-names-braille_patterns.ads
[Ada Compile]     unicode-names-buginese.ads
[Ada Compile]     unicode-names-buhid.ads
[Ada Compile]     unicode-names-byzantine_musical_symbols.ads
[Ada Compile]     unicode-names-canadian_aboriginal.ads
[Ada Compile]     unicode-names-canadian_aboriginal_ext.ads
[Ada Compile]     unicode-names-carian.ads
[Ada Compile]     unicode-names-caucasian_albanian.ads
[Ada Compile]     unicode-names-chakma.ads
[Ada Compile]     unicode-names-cham.ads
[Ada Compile]     unicode-names-cherokee.ads
[Ada Compile]     unicode-names-cherokee_supplement.ads
[Ada Compile]     unicode-names-cjk_compat_ideo_sup.ads
[Ada Compile]     unicode-names-cjk_compat_ideographs.ads
[Ada Compile]     unicode-names-cjk_compatibility.ads
[Ada Compile]     unicode-names-cjk_compatibility_forms.ads
[Ada Compile]     unicode-names-cjk_letters_months.ads
[Ada Compile]     unicode-names-cjk_radicals_supplement.ads
[Ada Compile]     unicode-names-cjk_strokes.ads
[Ada Compile]     unicode-names-cjk_symbols_and_punct.ads
[Ada Compile]     unicode-names-combining_diacritical.ads
[Ada Compile]     unicode-names-combining_diacritical_ext.ads
[Ada Compile]     unicode-names-combining_diacritical_sup.ads
[Ada Compile]     unicode-names-combining_diacritical_sym.ads
[Ada Compile]     unicode-names-combining_half_marks.ads
[Ada Compile]     unicode-names-common_indic_number_forms.ads
[Ada Compile]     unicode-names-control_pictures.ads
[Ada Compile]     unicode-names-coptic.ads
[Ada Compile]     unicode-names-coptic_epact_numbers.ads
[Ada Compile]     unicode-names-counting_rod_numerals.ads
[Ada Compile]     unicode-names-cuneiform.ads
[Ada Compile]     unicode-names-cuneiform_num_punctuation.ads
[Ada Compile]     unicode-names-currency_symbols.ads
[Ada Compile]     unicode-names-cypriot_syllabary.ads
[Ada Compile]     unicode-names-cyrillic.ads
[Ada Compile]     unicode-names-cyrillic_extended_a.ads
[Ada Compile]     unicode-names-cyrillic_extended_b.ads
[Ada Compile]     unicode-names-cyrillic_supplement.ads
[Ada Compile]     unicode-names-deseret.ads
[Ada Compile]     unicode-names-devanagari.ads
[Ada Compile]     unicode-names-devanagari_extended.ads
[Ada Compile]     unicode-names-dingbats.ads
[Ada Compile]     unicode-names-domino_tiles.ads
[Ada Compile]     unicode-names-duployan.ads
[Ada Compile]     unicode-names-early_dynastic_cuneiform.ads
[Ada Compile]     unicode-names-egyptian_hieroglyphs.ads
[Ada Compile]     unicode-names-elbasan.ads
[Ada Compile]     unicode-names-emoticons.ads
[Ada Compile]     unicode-names-enclosed_alphanum_sup.ads
[Ada Compile]     unicode-names-enclosed_alphanumerics.ads
[Ada Compile]     unicode-names-enclosed_ideographic_sup.ads
[Ada Compile]     unicode-names-ethiopic.ads
[Ada Compile]     unicode-names-ethiopic_extended.ads
[Ada Compile]     unicode-names-ethiopic_extended_a.ads
[Ada Compile]     unicode-names-ethiopic_supplement.ads
[Ada Compile]     unicode-names-general_punctuation.ads
[Ada Compile]     unicode-names-geometric_shapes.ads
[Ada Compile]     unicode-names-geometric_shapes_extended.ads
[Ada Compile]     unicode-names-georgian.ads
[Ada Compile]     unicode-names-georgian_supplement.ads
[Ada Compile]     unicode-names-glagolitic.ads
[Ada Compile]     unicode-names-gothic.ads
[Ada Compile]     unicode-names-grantha.ads
[Ada Compile]     unicode-names-greek_and_coptic.ads
[Ada Compile]     unicode-names-greek_extended.ads
[Ada Compile]     unicode-names-gujarati.ads
[Ada Compile]     unicode-names-gurmukhi.ads
[Ada Compile]     unicode-names-half_full_width_forms.ads
[Ada Compile]     unicode-names-hangul_compatibility_jamo.ads
[Ada Compile]     unicode-names-hangul_jamo.ads
[Ada Compile]     unicode-names-hangul_jamo_extended_a.ads
[Ada Compile]     unicode-names-hangul_jamo_extended_b.ads
[Ada Compile]     unicode-names-hanunoo.ads
[Ada Compile]     unicode-names-hatran.ads
[Ada Compile]     unicode-names-hebrew.ads
[Ada Compile]     unicode-names-hiragana.ads
[Ada Compile]     unicode-names-ideograph_descr_chars.ads
[Ada Compile]     unicode-names-imperial_aramaic.ads
[Ada Compile]     unicode-names-inscriptional_pahlavi.ads
[Ada Compile]     unicode-names-inscriptional_parthian.ads
[Ada Compile]     unicode-names-ipa_extensions.ads
[Ada Compile]     unicode-names-javanese.ads
[Ada Compile]     unicode-names-kaithi.ads
[Ada Compile]     unicode-names-kana_supplement.ads
[Ada Compile]     unicode-names-kanbun.ads
[Ada Compile]     unicode-names-kangxi_radicals.ads
[Ada Compile]     unicode-names-kannada.ads
[Ada Compile]     unicode-names-katakana.ads
[Ada Compile]     unicode-names-katakana_phonetic_ext.ads
[Ada Compile]     unicode-names-kayah_li.ads
[Ada Compile]     unicode-names-kharoshthi.ads
[Ada Compile]     unicode-names-khmer.ads
[Ada Compile]     unicode-names-khmer_symbols.ads
[Ada Compile]     unicode-names-khojki.ads
[Ada Compile]     unicode-names-khudawadi.ads
[Ada Compile]     unicode-names-lao.ads
[Ada Compile]     unicode-names-latin_1_supplement.ads
[Ada Compile]     unicode-names-latin_extended_a.ads
[Ada Compile]     unicode-names-latin_extended_additional.ads
[Ada Compile]     unicode-names-latin_extended_b.ads
[Ada Compile]     unicode-names-latin_extended_c.ads
[Ada Compile]     unicode-names-latin_extended_d.ads
[Ada Compile]     unicode-names-latin_extended_e.ads
[Ada Compile]     unicode-names-lepcha.ads
[Ada Compile]     unicode-names-letterlike_symbols.ads
[Ada Compile]     unicode-names-limbu.ads
[Ada Compile]     unicode-names-linear_a.ads
[Ada Compile]     unicode-names-linear_b_ideograms.ads
[Ada Compile]     unicode-names-linear_b_syllabary.ads
[Ada Compile]     unicode-names-lisu.ads
[Ada Compile]     unicode-names-lycian.ads
[Ada Compile]     unicode-names-lydian.ads
[Ada Compile]     unicode-names-mahajani.ads
[Ada Compile]     unicode-names-mahjong_tiles.ads
[Ada Compile]     unicode-names-malayalam.ads
[Ada Compile]     unicode-names-mandaic.ads
[Ada Compile]     unicode-names-manichaean.ads
[Ada Compile]     unicode-names-math_alphanumeric_symb.ads
[Ada Compile]     unicode-names-mathematical_operators.ads
[Ada Compile]     unicode-names-meetei_mayek.ads
[Ada Compile]     unicode-names-meetei_mayek_extensions.ads
[Ada Compile]     unicode-names-mende_kikakui.ads
[Ada Compile]     unicode-names-meroitic_cursive.ads
[Ada Compile]     unicode-names-meroitic_hieroglyphs.ads
[Ada Compile]     unicode-names-miao.ads
[Ada Compile]     unicode-names-misc_math_symbols_a.ads
[Ada Compile]     unicode-names-misc_math_symbols_b.ads
[Ada Compile]     unicode-names-misc_symbols_and_arrows.ads
[Ada Compile]     unicode-names-misc_symbols_pictographs.ads
[Ada Compile]     unicode-names-miscellaneous_symbols.ads
[Ada Compile]     unicode-names-miscellaneous_technical.ads
[Ada Compile]     unicode-names-modi.ads
[Ada Compile]     unicode-names-modifier_tone_letters.ads
[Ada Compile]     unicode-names-mongolian.ads
[Ada Compile]     unicode-names-mro.ads
[Ada Compile]     unicode-names-multani.ads
[Ada Compile]     unicode-names-musical_symbols.ads
[Ada Compile]     unicode-names-myanmar.ads
[Ada Compile]     unicode-names-myanmar_extended_a.ads
[Ada Compile]     unicode-names-myanmar_extended_b.ads
[Ada Compile]     unicode-names-nabataean.ads
[Ada Compile]     unicode-names-new_tai_lue.ads
[Ada Compile]     unicode-names-nko.ads
[Ada Compile]     unicode-names-number_forms.ads
[Ada Compile]     unicode-names-ogham.ads
[Ada Compile]     unicode-names-ol_chiki.ads
[Ada Compile]     unicode-names-old_hungarian.ads
[Ada Compile]     unicode-names-old_italic.ads
[Ada Compile]     unicode-names-old_north_arabian.ads
[Ada Compile]     unicode-names-old_permic.ads
[Ada Compile]     unicode-names-old_persian.ads
[Ada Compile]     unicode-names-old_south_arabian.ads
[Ada Compile]     unicode-names-old_turkic.ads
[Ada Compile]     unicode-names-optical_chars_recognition.ads
[Ada Compile]     unicode-names-oriya.ads
[Ada Compile]     unicode-names-ornamental_dingbats.ads
[Ada Compile]     unicode-names-osmanya.ads
[Ada Compile]     unicode-names-pahawh_hmong.ads
[Ada Compile]     unicode-names-palmyrene.ads
[Ada Compile]     unicode-names-pau_cin_hau.ads
[Ada Compile]     unicode-names-phags_pa.ads
[Ada Compile]     unicode-names-phaistos_disc.ads
[Ada Compile]     unicode-names-phoenician.ads
[Ada Compile]     unicode-names-phonetic_ext_sup.ads
[Ada Compile]     unicode-names-phonetic_extensions.ads
[Ada Compile]     unicode-names-playing_cards.ads
[Ada Compile]     unicode-names-psalter_pahlavi.ads
[Ada Compile]     unicode-names-rejang.ads
[Ada Compile]     unicode-names-rumi_numeral_symbols.ads
[Ada Compile]     unicode-names-runic.ads
[Ada Compile]     unicode-names-samaritan.ads
[Ada Compile]     unicode-names-saurashtra.ads
[Ada Compile]     unicode-names-sharada.ads
[Ada Compile]     unicode-names-shavian.ads
[Ada Compile]     unicode-names-shorthand_format_controls.ads
[Ada Compile]     unicode-names-siddham.ads
[Ada Compile]     unicode-names-sinhala.ads
[Ada Compile]     unicode-names-sinhala_archaic_numbers.ads
[Ada Compile]     unicode-names-small_form_variants.ads
[Ada Compile]     unicode-names-sora_sompeng.ads
[Ada Compile]     unicode-names-spacing_modifier_letters.ads
[Ada Compile]     unicode-names-specials.ads
[Ada Compile]     unicode-names-sundanese.ads
[Ada Compile]     unicode-names-sundanese_supplement.ads
[Ada Compile]     unicode-names-sup_math_operators.ads
[Ada Compile]     unicode-names-sup_symbols_pictographs.ads
[Ada Compile]     unicode-names-super_and_sub_scripts.ads
[Ada Compile]     unicode-names-supplemental_arrows_a.ads
[Ada Compile]     unicode-names-supplemental_arrows_b.ads
[Ada Compile]     unicode-names-supplemental_arrows_c.ads
[Ada Compile]     unicode-names-supplemental_punctuation.ads
[Ada Compile]     unicode-names-sutton_signwriting.ads
[Ada Compile]     unicode-names-syloti_nagri.ads
[Ada Compile]     unicode-names-syriac.ads
[Ada Compile]     unicode-names-tagalog.ads
[Ada Compile]     unicode-names-tagbanwa.ads
[Ada Compile]     unicode-names-tags.ads
[Archive]         libxmlada_schema.a
[Ada Compile]     unicode-names-tai_le.ads
[Ada Compile]     unicode-names-tai_tham.ads
[Ada Compile]     unicode-names-tai_viet.ads
[Ada Compile]     unicode-names-tai_xuan_jing_symbols.ads
[Ada Compile]     unicode-names-takri.ads
[Ada Compile]     unicode-names-tamil.ads
[Ada Compile]     unicode-names-telugu.ads
[Ada Compile]     unicode-names-thaana.ads
[Ada Compile]     unicode-names-thai.ads
[Ada Compile]     unicode-names-tibetan.ads
[Ada Compile]     unicode-names-tifinagh.ads
[Ada Compile]     unicode-names-tirhuta.ads
[Ada Compile]     unicode-names-transport_and_map_symbols.ads
[Ada Compile]     unicode-names-ugaritic.ads
[Ada Compile]     unicode-names-vai.ads
[Ada Compile]     unicode-names-variation_selectors.ads
[Ada Compile]     unicode-names-variation_selectors_sup.ads
[Ada Compile]     unicode-names-vedic_extensions.ads
[Ada Compile]     unicode-names-vertical_forms.ads
[Ada Compile]     unicode-names-warang_citi.ads
[Ada Compile]     unicode-names-yi_radicals.ads
[Ada Compile]     unicode-names-yi_syllables.ads
[Ada Compile]     unicode-names-yijing_hexagram_symbols.ads
[Ada Compile]     unicode-names.ads
[Ada Compile]     unicode.adb
[Archive]         libxmlada_unicode.a
Note: Building wisitoken=4.2.1/build/wisitoken_alire_mains.gpr (2/2)...
wisitoken_alire_mains.gpr:18:06: warning: duplicate with clause "wisitoken_config"
"bin" created
gnatcoll-io-remote-unix.adb:409:36: warning: aspect Unreferenced specified for "Status" [enabled by default]
gnatcoll-io-remote-unix.adb:434:36: warning: aspect Unreferenced specified for "Status" [enabled by default]
gnatcoll-io-remote-windows.adb:496:36: warning: aspect Unreferenced specified for "Status" [enabled by default]
gnatcoll-io-remote.adb:854:62: warning: aspect Unreferenced specified for "Dead" [enabled by default]
gnatcoll-projects.adb:38:09: warning: unit "Ada.Unchecked_Conversion" is not referenced [-gnatwu]
gnatcoll-refcount.ads:90:04: warning: in instantiation at gnatcoll-storage_pools-headers.adb:57 [enabled by default]
gnatcoll-refcount.ads:90:04: warning: possible aliasing problem for type "Header_Access" [enabled by default]
gnatcoll-refcount.ads:90:04: warning: use -fno-strict-aliasing switch for references [enabled by default]
gnatcoll-refcount.ads:90:04: warning: or use "pragma No_Strict_Aliasing (Header_Access);" [enabled by default]
gnatcoll-scripts-files.ads:25:06: warning: unnecessary with of ancestor [-gnatwr]
gnatcoll-scripts-shell.adb:38:06: warning: unnecessary with of ancestor [-gnatwr]
gnatcoll-utils.adb:642:34: warning: aspect Unreferenced specified for "Result" [enabled by default]
gpr-attr.adb:1515:10: warning: unreachable code [enabled by default]
gpr-attr.adb:1523:10: warning: unreachable code [enabled by default]
gpr-attr.adb:1567:10: warning: unreachable code [enabled by default]
gpr-attr.adb:1575:10: warning: unreachable code [enabled by default]
gpr-attr.adb:1595:13: warning: unreachable code [enabled by default]
gpr-attr.adb:1648:13: warning: unreachable code [enabled by default]
gpr-attr.adb:1661:19: warning: unreachable code [enabled by default]
gpr-attr.adb:1698:10: warning: unreachable code [enabled by default]
gpr-attr.adb:1709:13: warning: unreachable code [enabled by default]
gpr-attr.adb:1725:16: warning: unreachable code [enabled by default]
gpr-osint.adb:32:06: warning: "System.CRTL" is an internal GNAT unit [-gnatwi]
gpr-osint.adb:32:06: warning: use of this unit is non-portable and version-dependent [-gnatwi]
gpr-osint.adb:33:06: warning: "System.OS_Constants" is an internal GNAT unit [-gnatwi]
gpr-osint.adb:33:06: warning: use of this unit is non-portable and version-dependent [-gnatwi]
gpr-sdefault.ads:25:06: warning: "System.OS_Constants" is an internal GNAT unit [-gnatwi]
gpr-sdefault.ads:25:06: warning: use of this unit is non-portable and version-dependent [-gnatwi]
gpr-util-aux.adb:250:13: warning: aspect Unreferenced specified for "Success" [enabled by default]
gpr-util.adb:1160:25: warning: aspect Unreferenced specified for "Position" [enabled by default]
gpr-util.adb:1161:25: warning: aspect Unreferenced specified for "Inserted" [enabled by default]
gpr-util.adb:3330:26: warning: aspect Unreferenced specified for "Success" [enabled by default]
gpr-util.adb:3366:36: warning: aspect Unreferenced specified for "Success" [enabled by default]
gpr-util.adb:3388:36: warning: aspect Unreferenced specified for "Success" [enabled by default]
gpr-util.adb:3392:36: warning: aspect Unreferenced specified for "Success" [enabled by default]
[Ada Compile]     long_float_elementary_functions.ads
[Ada Compile]     sal-ada_containers-gen_doubly_linked_lists_image.adb
[Ada Compile]     sal-ada_containers.ads
[Ada Compile]     sal-gen_array_image.adb
[Ada Compile]     sal-gen_bounded_definite_doubly_linked_lists-gen_image_aux.adb
[Ada Compile]     sal-gen_bounded_definite_doubly_linked_lists.adb
[Ada Compile]     sal-gen_bounded_definite_queues.adb
[Ada Compile]     sal-gen_bounded_definite_stacks-gen_image_aux.adb
[Ada Compile]     sal-gen_bounded_definite_stacks.adb
[Ada Compile]     sal-gen_bounded_definite_vectors-gen_image_aux.adb
[Ada Compile]     sal-gen_bounded_definite_vectors-gen_refs.adb
[Ada Compile]     sal-gen_bounded_definite_vectors.adb
[Ada Compile]     sal-gen_definite_doubly_linked_lists-gen_image.adb
[Ada Compile]     sal-gen_definite_doubly_linked_lists-gen_image_aux.adb
[Ada Compile]     sal-gen_definite_doubly_linked_lists.adb
[Ada Compile]     sal-gen_definite_doubly_linked_lists_ref_count.adb
[Ada Compile]     sal-gen_definite_doubly_linked_lists_sorted.adb
[Ada Compile]     sal-gen_graphs.adb
[Ada Compile]     sal-gen_indefinite_doubly_linked_lists-gen_image_aux.adb
[Ada Compile]     sal-gen_indefinite_doubly_linked_lists.adb
[Ada Compile]     sal-gen_trimmed_image.adb
[Ada Compile]     sal-gen_unbounded_definite_hash_tables.adb
[Ada Compile]     sal-gen_unbounded_definite_min_heaps_fibonacci.adb
[Ada Compile]     sal-gen_unbounded_definite_queues.adb
[Ada Compile]     sal-gen_unbounded_definite_red_black_trees.adb
[Ada Compile]     sal-gen_unbounded_definite_stacks.adb
[Ada Compile]     sal-gen_unbounded_definite_vectors-gen_comparable.adb
[Ada Compile]     sal-gen_unbounded_definite_vectors-gen_image.adb
[Ada Compile]     sal-gen_unbounded_definite_vectors-gen_image_aux.adb
[Ada Compile]     sal-gen_unbounded_definite_vectors.adb
[Ada Compile]     sal-gen_unbounded_definite_vectors_sorted.adb
[Ada Compile]     sal-gen_unbounded_sparse_ordered_sets.adb
[Ada Compile]     sal-gen_unconstrained_array_image_aux.adb
[Ada Compile]     sal-generic_decimal_image.adb
[Ada Compile]     sal-unix_text_io.adb
[Ada Compile]     sal.adb
[Ada Compile]     wisitoken-bnf-generate.adb
sax-attributes.adb:26:06: warning: renamed predefined unit is an obsolescent feature (RM J.1) [-gnatwj]
sax-readers.adb:39:06: warning: renamed predefined unit is an obsolescent feature (RM J.1) [-gnatwj]
schema-schema_readers.adb:1629:33: warning: aspect Unreferenced specified for "Ignored" [enabled by default]
schema-schema_readers.adb:1629:42: warning: aspect Unreferenced specified for "Ignored_Index" [enabled by default]
schema-validators-xsd_grammar.adb:26:06: warning: unnecessary with of ancestor [-gnatwr]
schema-validators-xsd_grammar.ads:30:06: warning: unnecessary with of ancestor [-gnatwr]
unicode-ces-basic_8bit.ads:33:06: warning: renamed predefined unit is an obsolescent feature (RM J.1) [-gnatwj]
unicode-ces-utf16.ads:41:06: warning: renamed predefined unit is an obsolescent feature (RM J.1) [-gnatwj]
unicode-ces-utf32.ads:37:06: warning: renamed predefined unit is an obsolescent feature (RM J.1) [-gnatwj]
unicode-ces-utf8.ads:48:06: warning: renamed predefined unit is an obsolescent feature (RM J.1) [-gnatwj]
unicode-ces.ads:33:06: warning: renamed predefined unit is an obsolescent feature (RM J.1) [-gnatwj]
[Ada Bind]        wisitoken-bnf-generate
[Ada Post-Bind]   b__wisitoken-bnf-generate.adb
[Link]            wisitoken-bnf-generate.exe
Note: Running pre-build actions for emacs_ada_mode=8.1.0...
/c/Users/runneradmin/AppData/Local/alire/cache/builds/wisitoken_4.2.1_dc778486/a90f6259797d05444fec2c6a2d3b015153d5747a7142e0a8901c62f74ddf6088/build/bin/wisitoken-bnf-generate.exe  --output_bnf ada_annex_p.wy
if [ -f ada_annex_p_*parse_table.txt ]; then mkdir -p bin; for file in ada_annex_p_*parse_table.txt; do mv $file bin; done fi
re2c --no-generation-date --debug-output --input custom -W -Werror --utf-8 -o ada_annex_p_re2c.c ada_annex_p.re2c
rm ada_annex_p.re2c
Note: Building emacs_ada_mode=8.1.0/emacs_ada_mode.gpr...
wisitoken_alire_mains.gpr:18:06: warning: duplicate with clause "wisitoken_config"
"C:\Users\runneradmin\AppData\Local\alire\cache\builds\emacs_wisi_4.3.2_467a029c\6282f3a6e38146dcf91b8934109ef8124b546fafaead09d99058989e1701076f\obj\release" created
"C:\Users\runneradmin\AppData\Local\alire\cache\builds\emacs_wisi_4.3.2_467a029c\6282f3a6e38146dcf91b8934109ef8124b546fafaead09d99058989e1701076f\lib" created
"obj\release" created
[Ada Compile]     emacs_wisi_common_parse.adb
[Ada Compile]     emacs_wisi_config.ads
[Ada Compile]     gen_emacs_wisi_lr_parse.adb
[Ada Compile]     gen_emacs_wisi_lr_text_rep_parse.adb
[Ada Compile]     gen_run_wisi_lr_parse.adb
[Ada Compile]     gen_run_wisi_lr_text_rep_parse.adb
[Ada Compile]     run_wisi_common_parse.adb
[Ada Compile]     wisi-parse_context.adb
[Ada Compile]     wisi.adb
gnatcoll-io-remote-unix.adb:409:36: warning: aspect Unreferenced specified for "Status" [enabled by default]
gnatcoll-io-remote-unix.adb:434:36: warning: aspect Unreferenced specified for "Status" [enabled by default]
gnatcoll-io-remote-windows.adb:496:36: warning: aspect Unreferenced specified for "Status" [enabled by default]
gnatcoll-io-remote.adb:854:62: warning: aspect Unreferenced specified for "Dead" [enabled by default]
gnatcoll-projects.adb:38:09: warning: unit "Ada.Unchecked_Conversion" is not referenced [-gnatwu]
gnatcoll-refcount.ads:90:04: warning: in instantiation at gnatcoll-storage_pools-headers.adb:57 [enabled by default]
gnatcoll-refcount.ads:90:04: warning: possible aliasing problem for type "Header_Access" [enabled by default]
gnatcoll-refcount.ads:90:04: warning: use -fno-strict-aliasing switch for references [enabled by default]
gnatcoll-refcount.ads:90:04: warning: or use "pragma No_Strict_Aliasing (Header_Access);" [enabled by default]
gnatcoll-scripts-files.ads:25:06: warning: unnecessary with of ancestor [-gnatwr]
gnatcoll-scripts-shell.adb:38:06: warning: unnecessary with of ancestor [-gnatwr]
gnatcoll-utils.adb:642:34: warning: aspect Unreferenced specified for "Result" [enabled by default]
gpr-attr.adb:1515:10: warning: unreachable code [enabled by default]
gpr-attr.adb:1523:10: warning: unreachable code [enabled by default]
gpr-attr.adb:1567:10: warning: unreachable code [enabled by default]
gpr-attr.adb:1575:10: warning: unreachable code [enabled by default]
gpr-attr.adb:1595:13: warning: unreachable code [enabled by default]
gpr-attr.adb:1648:13: warning: unreachable code [enabled by default]
gpr-attr.adb:1661:19: warning: unreachable code [enabled by default]
gpr-attr.adb:1698:10: warning: unreachable code [enabled by default]
gpr-attr.adb:1709:13: warning: unreachable code [enabled by default]
gpr-attr.adb:1725:16: warning: unreachable code [enabled by default]
gpr-osint.adb:32:06: warning: "System.CRTL" is an internal GNAT unit [-gnatwi]
gpr-osint.adb:32:06: warning: use of this unit is non-portable and version-dependent [-gnatwi]
gpr-osint.adb:33:06: warning: "System.OS_Constants" is an internal GNAT unit [-gnatwi]
gpr-osint.adb:33:06: warning: use of this unit is non-portable and version-dependent [-gnatwi]
gpr-sdefault.ads:25:06: warning: "System.OS_Constants" is an internal GNAT unit [-gnatwi]
gpr-sdefault.ads:25:06: warning: use of this unit is non-portable and version-dependent [-gnatwi]
gpr-util-aux.adb:250:13: warning: aspect Unreferenced specified for "Success" [enabled by default]
gpr-util.adb:1160:25: warning: aspect Unreferenced specified for "Position" [enabled by default]
gpr-util.adb:1161:25: warning: aspect Unreferenced specified for "Inserted" [enabled by default]
gpr-util.adb:3330:26: warning: aspect Unreferenced specified for "Success" [enabled by default]
gpr-util.adb:3366:36: warning: aspect Unreferenced specified for "Success" [enabled by default]
gpr-util.adb:3388:36: warning: aspect Unreferenced specified for "Success" [enabled by default]
gpr-util.adb:3392:36: warning: aspect Unreferenced specified for "Success" [enabled by default]
sax-attributes.adb:26:06: warning: renamed predefined unit is an obsolescent feature (RM J.1) [-gnatwj]
sax-readers.adb:39:06: warning: renamed predefined unit is an obsolescent feature (RM J.1) [-gnatwj]
schema-schema_readers.adb:1629:33: warning: aspect Unreferenced specified for "Ignored" [enabled by default]
schema-schema_readers.adb:1629:42: warning: aspect Unreferenced specified for "Ignored_Index" [enabled by default]
schema-validators-xsd_grammar.adb:26:06: warning: unnecessary with of ancestor [-gnatwr]
schema-validators-xsd_grammar.ads:30:06: warning: unnecessary with of ancestor [-gnatwr]
unicode-ces-basic_8bit.ads:33:06: warning: renamed predefined unit is an obsolescent feature (RM J.1) [-gnatwj]
unicode-ces-utf16.ads:41:06: warning: renamed predefined unit is an obsolescent feature (RM J.1) [-gnatwj]
unicode-ces-utf32.ads:37:06: warning: renamed predefined unit is an obsolescent feature (RM J.1) [-gnatwj]
unicode-ces-utf8.ads:48:06: warning: renamed predefined unit is an obsolescent feature (RM J.1) [-gnatwj]
unicode-ces.ads:33:06: warning: renamed predefined unit is an obsolescent feature (RM J.1) [-gnatwj]
[Ada Compile]     ada_annex_p_process_lalr_actions.adb
[Ada Compile]     ada_annex_p_process_lalr_main.adb
[Ada Compile]     ada_annex_p_process_lr1_actions.adb
[Archive]         libEmacs_Wisi.a
[Ada Compile]     ada_annex_p_process_lr1_main.adb
[Ada Compile]     ada_annex_p_re2c_c.ads
[Ada Compile]     ada_mode_wisi_lalr_parse.ads
[Ada Compile]     ada_mode_wisi_lr1_parse.ads
[Ada Compile]     wisi-ada.adb
[Ada Compile]     wisitoken-parse-lr-mckenzie_recover-ada.adb
[C Compile]       ada_annex_p_re2c.c
ada_annex_p_re2c.c: In function 'ada_annex_p_next_token':
ada_annex_p_re2c.c:174:10: error: macro "YYDEBUG" requires 2 arguments, but only 1 given
ada_annex_p.re2c:105:9: note: macro "YYDEBUG" defined here
ada_annex_p_re2c.c:174:2: error: 'YYDEBUG' undeclared (first use in this function)
ada_annex_p_re2c.c:174:2: note: each undeclared identifier is reported only once for each function it appears in
ada_annex_p_re2c.c:333:10: error: macro "YYDEBUG" requires 2 arguments, but only 1 given
ada_annex_p.re2c:105:9: note: macro "YYDEBUG" defined here
ada_annex_p_re2c.c:339:10: error: macro "YYDEBUG" requires 2 arguments, but only 1 given
ada_annex_p.re2c:105:9: note: macro "YYDEBUG" defined here
ada_annex_p_re2c.c:360:10: error: macro "YYDEBUG" requires 2 arguments, but only 1 given
ada_annex_p.re2c:105:9: note: macro "YYDEBUG" defined here
ada_annex_p_re2c.c:368:10: error: macro "YYDEBUG" requires 2 arguments, but only 1 given
ada_annex_p.re2c:105:9: note: macro "YYDEBUG" defined here
ada_annex_p_re2c.c:374:10: error: macro "YYDEBUG" requires 2 arguments, but only 1 given
ada_annex_p.re2c:105:9: note: macro "YYDEBUG" defined here
ada_annex_p_re2c.c:380:10: error: macro "YYDEBUG" requires 2 arguments, but only 1 given
ada_annex_p.re2c:105:9: note: macro "YYDEBUG" defined here
ada_annex_p_re2c.c:390:10: error: macro "YYDEBUG" requires 2 arguments, but only 1 given
ada_annex_p.re2c:105:9: note: macro "YYDEBUG" defined here
ada_annex_p_re2c.c:393:10: error: macro "YYDEBUG" requires 2 arguments, but only 1 given
ada_annex_p.re2c:105:9: note: macro "YYDEBUG" defined here
ada_annex_p_re2c.c:398:10: error: macro "YYDEBUG" requires 2 arguments, but only 1 given
ada_annex_p.re2c:105:9: note: macro "YYDEBUG" defined here
ada_annex_p_re2c.c:554:10: error: macro "YYDEBUG" requires 2 arguments, but only 1 given
ada_annex_p.re2c:105:9: note: macro "YYDEBUG" defined here
ada_annex_p_re2c.c:567:10: error: macro "YYDEBUG" requires 2 arguments, but only 1 given
ada_annex_p.re2c:105:9: note: macro "YYDEBUG" defined here
ada_annex_p_re2c.c:573:10: error: macro "YYDEBUG" requires 2 arguments, but only 1 given
ada_annex_p.re2c:105:9: note: macro "YYDEBUG" defined here
ada_annex_p_re2c.c:693:10: error: macro "YYDEBUG" requires 2 arguments, but only 1 given
ada_annex_p.re2c:105:9: note: macro "YYDEBUG" defined here
ada_annex_p_re2c.c:698:10: error: macro "YYDEBUG" requires 2 arguments, but only 1 given
ada_annex_p.re2c:105:9: note: macro "YYDEBUG" defined here
ada_annex_p_re2c.c:704:10: error: macro "YYDEBUG" requires 2 arguments, but only 1 given
ada_annex_p.re2c:105:9: note: macro "YYDEBUG" defined here
ada_annex_p_re2c.c:862:10: error: macro "YYDEBUG" requires 2 arguments, but only 1 given
ada_annex_p.re2c:105:9: note: macro "YYDEBUG" defined here
ada_annex_p_re2c.c:867:10: error: macro "YYDEBUG" requires 2 arguments, but only 1 given
ada_annex_p.re2c:105:9: note: macro "YYDEBUG" defined here
ada_annex_p_re2c.c:873:10: error: macro "YYDEBUG" requires 2 arguments, but only 1 given
ada_annex_p.re2c:105:9: note: macro "YYDEBUG" defined here
ada_annex_p_re2c.c:879:10: error: macro "YYDEBUG" requires 2 arguments, but only 1 given
ada_annex_p.re2c:105:9: note: macro "YYDEBUG" defined here
ada_annex_p_re2c.c:887:10: error: macro "YYDEBUG" requires 2 arguments, but only 1 given
ada_annex_p.re2c:105:9: note: macro "YYDEBUG" defined here
ada_annex_p_re2c.c:892:10: error: macro "YYDEBUG" requires 2 arguments, but only 1 given
ada_annex_p.re2c:105:9: note: macro "YYDEBUG" defined here
ada_annex_p_re2c.c:898:10: error: macro "YYDEBUG" requires 2 arguments, but only 1 given
ada_annex_p.re2c:105:9: note: macro "YYDEBUG" defined here
ada_annex_p_re2c.c:904:10: error: macro "YYDEBUG" requires 2 arguments, but only 1 given
ada_annex_p.re2c:105:9: note: macro "YYDEBUG" defined here
ada_annex_p_re2c.c:914:10: error: macro "YYDEBUG" requires 2 arguments, but only 1 given
ada_annex_p.re2c:105:9: note: macro "YYDEBUG" defined here
ada_annex_p_re2c.c:919:10: error: macro "YYDEBUG" requires 2 arguments, but only 1 given
ada_annex_p.re2c:105:9: note: macro "YYDEBUG" defined here
ada_annex_p_re2c.c:927:10: error: macro "YYDEBUG" requires 2 arguments, but only 1 given
ada_annex_p.re2c:105:9: note: macro "YYDEBUG" defined here
ada_annex_p_re2c.c:932:10: error: macro "YYDEBUG" requires 2 arguments, but only 1 given
ada_annex_p.re2c:105:9: note: macro "YYDEBUG" defined here
ada_annex_p_re2c.c:940:10: error: macro "YYDEBUG" requires 2 arguments, but only 1 given
ada_annex_p.re2c:105:9: note: macro "YYDEBUG" defined here
ada_annex_p_re2c.c:945:10: error: macro "YYDEBUG" requires 2 arguments, but only 1 given
ada_annex_p.re2c:105:9: note: macro "YYDEBUG" defined here
ada_annex_p_re2c.c:969:10: error: macro "YYDEBUG" requires 2 arguments, but only 1 given
ada_annex_p.re2c:105:9: note: macro "YYDEBUG" defined here
ada_annex_p_re2c.c:974:10: error: macro "YYDEBUG" requires 2 arguments, but only 1 given
ada_annex_p.re2c:105:9: note: macro "YYDEBUG" defined here
ada_annex_p_re2c.c:982:10: error: macro "YYDEBUG" requires 2 arguments, but only 1 given
ada_annex_p.re2c:105:9: note: macro "YYDEBUG" defined here
ada_annex_p_re2c.c:987:10: error: macro "YYDEBUG" requires 2 arguments, but only 1 given
ada_annex_p.re2c:105:9: note: macro "YYDEBUG" defined here
ada_annex_p_re2c.c:993:10: error: macro "YYDEBUG" requires 2 arguments, but only 1 given
ada_annex_p.re2c:105:9: note: macro "YYDEBUG" defined here
ada_annex_p_re2c.c:1003:10: error: macro "YYDEBUG" requires 2 arguments, but only 1 given
ada_annex_p.re2c:105:9: note: macro "YYDEBUG" defined here
ada_annex_p_re2c.c:1008:10: error: macro "YYDEBUG" requires 2 arguments, but only 1 given
ada_annex_p.re2c:105:9: note: macro "YYDEBUG" defined here
ada_annex_p_re2c.c:1019:10: error: macro "YYDEBUG" requires 2 arguments, but only 1 given
ada_annex_p.re2c:105:9: note: macro "YYDEBUG" defined here
ada_annex_p_re2c.c:1024:10: error: macro "YYDEBUG" requires 2 arguments, but only 1 given
ada_annex_p.re2c:105:9: note: macro "YYDEBUG" defined here
ada_annex_p_re2c.c:1033:10: error: macro "YYDEBUG" requires 2 arguments, but only 1 given
ada_annex_p.re2c:105:9: note: macro "YYDEBUG" defined here
ada_annex_p_re2c.c:1038:10: error: macro "YYDEBUG" requires 2 arguments, but only 1 given
ada_annex_p.re2c:105:9: note: macro "YYDEBUG" defined here
ada_annex_p_re2c.c:1044:10: error: macro "YYDEBUG" requires 2 arguments, but only 1 given
ada_annex_p.re2c:105:9: note: macro "YYDEBUG" defined here
ada_annex_p_re2c.c:1065:10: error: macro "YYDEBUG" requires 2 arguments, but only 1 given
ada_annex_p.re2c:105:9: note: macro "YYDEBUG" defined here
ada_annex_p_re2c.c:1078:10: error: macro "YYDEBUG" requires 2 arguments, but only 1 given
ada_annex_p.re2c:105:9: note: macro "YYDEBUG" defined here
ada_annex_p_re2c.c:1091:10: error: macro "YYDEBUG" requires 2 arguments, but only 1 given
ada_annex_p.re2c:105:9: note: macro "YYDEBUG" defined here
ada_annex_p_re2c.c:1106:10: error: macro "YYDEBUG" requires 2 arguments, but only 1 given
ada_annex_p.re2c:105:9: note: macro "YYDEBUG" defined here
ada_annex_p_re2c.c:1121:10: error: macro "YYDEBUG" requires 2 arguments, but only 1 given
ada_annex_p.re2c:105:9: note: macro "YYDEBUG" defined here
ada_annex_p_re2c.c:1134:10: error: macro "YYDEBUG" requires 2 arguments, but only 1 given
ada_annex_p.re2c:105:9: note: macro "YYDEBUG" defined here
ada_annex_p_re2c.c:1147:10: error: macro "YYDEBUG" requires 2 arguments, but only 1 given
ada_annex_p.re2c:105:9: note: macro "YYDEBUG" defined here
ada_annex_p_re2c.c:1162:10: error: macro "YYDEBUG" requires 2 arguments, but only 1 given
ada_annex_p.re2c:105:9: note: macro "YYDEBUG" defined here
ada_annex_p_re2c.c:1175:10: error: macro "YYDEBUG" requires 2 arguments, but only 1 given
ada_annex_p.re2c:105:9: note: macro "YYDEBUG" defined here
ada_annex_p_re2c.c:1186:10: error: macro "YYDEBUG" requires 2 arguments, but only 1 given
ada_annex_p.re2c:105:9: note: macro "YYDEBUG" defined here
ada_annex_p_re2c.c:1201:10: error: macro "YYDEBUG" requires 2 arguments, but only 1 given
ada_annex_p.re2c:105:9: note: macro "YYDEBUG" defined here
ada_annex_p_re2c.c:1220:10: error: macro "YYDEBUG" requires 2 arguments, but only 1 given
ada_annex_p.re2c:105:9: note: macro "YYDEBUG" defined here
ada_annex_p_re2c.c:1233:10: error: macro "YYDEBUG" requires 2 arguments, but only 1 given
ada_annex_p.re2c:105:9: note: macro "YYDEBUG" defined here
ada_annex_p_re2c.c:1246:10: error: macro "YYDEBUG" requires 2 arguments, but only 1 given
ada_annex_p.re2c:105:9: note: macro "YYDEBUG" defined here
ada_annex_p_re2c.c:1263:10: error: macro "YYDEBUG" requires 2 arguments, but only 1 given
ada_annex_p.re2c:105:9: note: macro "YYDEBUG" defined here
ada_annex_p_re2c.c:1280:10: error: macro "YYDEBUG" requires 2 arguments, but only 1 given
ada_annex_p.re2c:105:9: note: macro "YYDEBUG" defined here
ada_annex_p_re2c.c:1293:10: error: macro "YYDEBUG" requires 2 arguments, but only 1 given
ada_annex_p.re2c:105:9: note: macro "YYDEBUG" defined here
ada_annex_p_re2c.c:1306:10: error: macro "YYDEBUG" requires 2 arguments, but only 1 given
ada_annex_p.re2c:105:9: note: macro "YYDEBUG" defined here
ada_annex_p_re2c.c:1317:10: error: macro "YYDEBUG" requires 2 arguments, but only 1 given
ada_annex_p.re2c:105:9: note: macro "YYDEBUG" defined here
ada_annex_p_re2c.c:1327:10: error: macro "YYDEBUG" requires 2 arguments, but only 1 given
ada_annex_p.re2c:105:9: note: macro "YYDEBUG" defined here
ada_annex_p_re2c.c:1332:10: error: macro "YYDEBUG" requires 2 arguments, but only 1 given
ada_annex_p.re2c:105:9: note: macro "YYDEBUG" defined here
ada_annex_p_re2c.c:1338:10: error: macro "YYDEBUG" requires 2 arguments, but only 1 given
ada_annex_p.re2c:105:9: note: macro "YYDEBUG" defined here
ada_annex_p_re2c.c:1361:10: error: macro "YYDEBUG" requires 2 arguments, but only 1 given
ada_annex_p.re2c:105:9: note: macro "YYDEBUG" defined here
ada_annex_p_re2c.c:1547:10: error: macro "YYDEBUG" requires 2 arguments, but only 1 given
ada_annex_p.re2c:105:9: note: macro "YYDEBUG" defined here
ada_annex_p_re2c.c:1553:10: error: macro "YYDEBUG" requires 2 arguments, but only 1 given
ada_annex_p.re2c:105:9: note: macro "YYDEBUG" defined here
ada_annex_p_re2c.c:1624:10: error: macro "YYDEBUG" requires 2 arguments, but only 1 given
ada_annex_p.re2c:105:9: note: macro "YYDEBUG" defined here
ada_annex_p_re2c.c:1695:10: error: macro "YYDEBUG" requires 2 arguments, but only 1 given
ada_annex_p.re2c:105:9: note: macro "YYDEBUG" defined here
ada_annex_p_re2c.c:1736:10: error: macro "YYDEBUG" requires 2 arguments, but only 1 given
ada_annex_p.re2c:105:9: note: macro "YYDEBUG" defined here
ada_annex_p_re2c.c:1809:10: error: macro "YYDEBUG" requires 2 arguments, but only 1 given
ada_annex_p.re2c:105:9: note: macro "YYDEBUG" defined here
ada_annex_p_re2c.c:1866:10: error: macro "YYDEBUG" requires 2 arguments, but only 1 given
ada_annex_p.re2c:105:9: note: macro "YYDEBUG" defined here
ada_annex_p_re2c.c:1939:10: error: macro "YYDEBUG" requires 2 arguments, but only 1 given
ada_annex_p.re2c:105:9: note: macro "YYDEBUG" defined here
ada_annex_p_re2c.c:1964:10: error: macro "YYDEBUG" requires 2 arguments, but only 1 given
ada_annex_p.re2c:105:9: note: macro "YYDEBUG" defined here
ada_annex_p_re2c.c:1972:10: error: macro "YYDEBUG" requires 2 arguments, but only 1 given
ada_annex_p.re2c:105:9: note: macro "YYDEBUG" defined here
ada_annex_p_re2c.c:2063:10: error: macro "YYDEBUG" requires 2 arguments, but only 1 given
ada_annex_p.re2c:105:9: note: macro "YYDEBUG" defined here
ada_annex_p_re2c.c:2067:10: error: macro "YYDEBUG" requires 2 arguments, but only 1 given
ada_annex_p.re2c:105:9: note: macro "YYDEBUG" defined here
ada_annex_p_re2c.c:2219:10: error: macro "YYDEBUG" requires 2 arguments, but only 1 given
ada_annex_p.re2c:105:9: note: macro "YYDEBUG" defined here
ada_annex_p_re2c.c:2229:10: error: macro "YYDEBUG" requires 2 arguments, but only 1 given
ada_annex_p.re2c:105:9: note: macro "YYDEBUG" defined here
ada_annex_p_re2c.c:2234:10: error: macro "YYDEBUG" requires 2 arguments, but only 1 given
ada_annex_p.re2c:105:9: note: macro "YYDEBUG" defined here
ada_annex_p_re2c.c:2388:10: error: macro "YYDEBUG" requires 2 arguments, but only 1 given
ada_annex_p.re2c:105:9: note: macro "YYDEBUG" defined here
ada_annex_p_re2c.c:2459:10: error: macro "YYDEBUG" requires 2 arguments, but only 1 given
ada_annex_p.re2c:105:9: note: macro "YYDEBUG" defined here
ada_annex_p_re2c.c:2498:10: error: macro "YYDEBUG" requires 2 arguments, but only 1 given
ada_annex_p.re2c:105:9: note: macro "YYDEBUG" defined here
ada_annex_p_re2c.c:2569:10: error: macro "YYDEBUG" requires 2 arguments, but only 1 given
ada_annex_p.re2c:105:9: note: macro "YYDEBUG" defined here
ada_annex_p_re2c.c:2624:10: error: macro "YYDEBUG" requires 2 arguments, but only 1 given
ada_annex_p.re2c:105:9: note: macro "YYDEBUG" defined here
ada_annex_p_re2c.c:2695:10: error: macro "YYDEBUG" requires 2 arguments, but only 1 given
ada_annex_p.re2c:105:9: note: macro "YYDEBUG" defined here
ada_annex_p_re2c.c:2718:10: error: macro "YYDEBUG" requires 2 arguments, but only 1 given
ada_annex_p.re2c:105:9: note: macro "YYDEBUG" defined here
ada_annex_p_re2c.c:2729:10: error: macro "YYDEBUG" requires 2 arguments, but only 1 given
ada_annex_p.re2c:105:9: note: macro "YYDEBUG" defined here
ada_annex_p_re2c.c:2738:10: error: macro "YYDEBUG" requires 2 arguments, but only 1 given
ada_annex_p.re2c:105:9: note: macro "YYDEBUG" defined here
ada_annex_p_re2c.c:2746:10: error: macro "YYDEBUG" requires 2 arguments, but only 1 given
ada_annex_p.re2c:105:9: note: macro "YYDEBUG" defined here
ada_annex_p_re2c.c:2817:10: error: macro "YYDEBUG" requires 2 arguments, but only 1 given
ada_annex_p.re2c:105:9: note: macro "YYDEBUG" defined here
ada_annex_p_re2c.c:2856:10: error: macro "YYDEBUG" requires 2 arguments, but only 1 given
ada_annex_p.re2c:105:9: note: macro "YYDEBUG" defined here
ada_annex_p_re2c.c:2927:10: error: macro "YYDEBUG" requires 2 arguments, but only 1 given
ada_annex_p.re2c:105:9: note: macro "YYDEBUG" defined here
ada_annex_p_re2c.c:2982:10: error: macro "YYDEBUG" requires 2 arguments, but only 1 given
ada_annex_p.re2c:105:9: note: macro "YYDEBUG" defined here
ada_annex_p_re2c.c:3053:10: error: macro "YYDEBUG" requires 2 arguments, but only 1 given
ada_annex_p.re2c:105:9: note: macro "YYDEBUG" defined here
ada_annex_p_re2c.c:3076:10: error: macro "YYDEBUG" requires 2 arguments, but only 1 given
ada_annex_p.re2c:105:9: note: macro "YYDEBUG" defined here
ada_annex_p_re2c.c:3084:10: error: macro "YYDEBUG" requires 2 arguments, but only 1 given
ada_annex_p.re2c:105:9: note: macro "YYDEBUG" defined here
ada_annex_p_re2c.c:3092:10: error: macro "YYDEBUG" requires 2 arguments, but only 1 given
ada_annex_p.re2c:105:9: note: macro "YYDEBUG" defined here
ada_annex_p_re2c.c:3101:10: error: macro "YYDEBUG" requires 2 arguments, but only 1 given
ada_annex_p.re2c:105:9: note: macro "YYDEBUG" defined here
ada_annex_p_re2c.c:3172:10: error: macro "YYDEBUG" requires 2 arguments, but only 1 given
ada_annex_p.re2c:105:9: note: macro "YYDEBUG" defined here
ada_annex_p_re2c.c:3211:10: error: macro "YYDEBUG" requires 2 arguments, but only 1 given
ada_annex_p.re2c:105:9: note: macro "YYDEBUG" defined here
ada_annex_p_re2c.c:3282:10: error: macro "YYDEBUG" requires 2 arguments, but only 1 given
ada_annex_p.re2c:105:9: note: macro "YYDEBUG" defined here
ada_annex_p_re2c.c:3337:10: error: macro "YYDEBUG" requires 2 arguments, but only 1 given
ada_annex_p.re2c:105:9: note: macro "YYDEBUG" defined here
ada_annex_p_re2c.c:3408:10: error: macro "YYDEBUG" requires 2 arguments, but only 1 given
ada_annex_p.re2c:105:9: note: macro "YYDEBUG" defined here
ada_annex_p_re2c.c:3431:10: error: macro "YYDEBUG" requires 2 arguments, but only 1 given
ada_annex_p.re2c:105:9: note: macro "YYDEBUG" defined here
ada_annex_p_re2c.c:3437:10: error: macro "YYDEBUG" requires 2 arguments, but only 1 given
ada_annex_p.re2c:105:9: note: macro "YYDEBUG" defined here
ada_annex_p_re2c.c:3623:10: error: macro "YYDEBUG" requires 2 arguments, but only 1 given
ada_annex_p.re2c:105:9: note: macro "YYDEBUG" defined here
ada_annex_p_re2c.c:3629:10: error: macro "YYDEBUG" requires 2 arguments, but only 1 given
ada_annex_p.re2c:105:9: note: macro "YYDEBUG" defined here
ada_annex_p_re2c.c:3635:10: error: macro "YYDEBUG" requires 2 arguments, but only 1 given
ada_annex_p.re2c:105:9: note: macro "YYDEBUG" defined here
ada_annex_p_re2c.c:3643:10: error: macro "YYDEBUG" requires 2 arguments, but only 1 given
ada_annex_p.re2c:105:9: note: macro "YYDEBUG" defined here
ada_annex_p_re2c.c:3660:10: error: macro "YYDEBUG" requires 2 arguments, but only 1 given
ada_annex_p.re2c:105:9: note: macro "YYDEBUG" defined here
ada_annex_p_re2c.c:3679:10: error: macro "YYDEBUG" requires 2 arguments, but only 1 given
ada_annex_p.re2c:105:9: note: macro "YYDEBUG" defined here
ada_annex_p_re2c.c:3685:10: error: macro "YYDEBUG" requires 2 arguments, but only 1 given
ada_annex_p.re2c:105:9: note: macro "YYDEBUG" defined here
ada_annex_p_re2c.c:3695:10: error: macro "YYDEBUG" requires 2 arguments, but only 1 given
ada_annex_p.re2c:105:9: note: macro "YYDEBUG" defined here
ada_annex_p_re2c.c:3700:10: error: macro "YYDEBUG" requires 2 arguments, but only 1 given
ada_annex_p.re2c:105:9: note: macro "YYDEBUG" defined here
ada_annex_p_re2c.c:3706:10: error: macro "YYDEBUG" requires 2 arguments, but only 1 given
ada_annex_p.re2c:105:9: note: macro "YYDEBUG" defined here
ada_annex_p_re2c.c:3712:10: error: macro "YYDEBUG" requires 2 arguments, but only 1 given
ada_annex_p.re2c:105:9: note: macro "YYDEBUG" defined here
ada_annex_p_re2c.c:3720:10: error: macro "YYDEBUG" requires 2 arguments, but only 1 given
ada_annex_p.re2c:105:9: note: macro "YYDEBUG" defined here
ada_annex_p_re2c.c:3726:10: error: macro "YYDEBUG" requires 2 arguments, but only 1 given
ada_annex_p.re2c:105:9: note: macro "YYDEBUG" defined here
ada_annex_p_re2c.c:3732:10: error: macro "YYDEBUG" requires 2 arguments, but only 1 given
ada_annex_p.re2c:105:9: note: macro "YYDEBUG" defined here
ada_annex_p_re2c.c:3742:10: error: macro "YYDEBUG" requires 2 arguments, but only 1 given
ada_annex_p.re2c:105:9: note: macro "YYDEBUG" defined here
ada_annex_p_re2c.c:3747:10: error: macro "YYDEBUG" requires 2 arguments, but only 1 given
ada_annex_p.re2c:105:9: note: macro "YYDEBUG" defined here
ada_annex_p_re2c.c:3760:10: error: macro "YYDEBUG" requires 2 arguments, but only 1 given
ada_annex_p.re2c:105:9: note: macro "YYDEBUG" defined here
ada_annex_p_re2c.c:3771:10: error: macro "YYDEBUG" requires 2 arguments, but only 1 given
ada_annex_p.re2c:105:9: note: macro "YYDEBUG" defined here
ada_annex_p_re2c.c:3784:10: error: macro "YYDEBUG" requires 2 arguments, but only 1 given
ada_annex_p.re2c:105:9: note: macro "YYDEBUG" defined here
ada_annex_p_re2c.c:3795:10: error: macro "YYDEBUG" requires 2 arguments, but only 1 given
ada_annex_p.re2c:105:9: note: macro "YYDEBUG" defined here
ada_annex_p_re2c.c:3806:10: error: macro "YYDEBUG" requires 2 arguments, but only 1 given
ada_annex_p.re2c:105:9: note: macro "YYDEBUG" defined here
ada_annex_p_re2c.c:3930:10: error: macro "YYDEBUG" requires 2 arguments, but only 1 given
ada_annex_p.re2c:105:9: note: macro "YYDEBUG" defined here
ada_annex_p_re2c.c:3935:10: error: macro "YYDEBUG" requires 2 arguments, but only 1 given
ada_annex_p.re2c:105:9: note: macro "YYDEBUG" defined here
ada_annex_p_re2c.c:3946:10: error: macro "YYDEBUG" requires 2 arguments, but only 1 given
ada_annex_p.re2c:105:9: note: macro "YYDEBUG" defined here
ada_annex_p_re2c.c:3957:10: error: macro "YYDEBUG" requires 2 arguments, but only 1 given
ada_annex_p.re2c:105:9: note: macro "YYDEBUG" defined here
ada_annex_p_re2c.c:3968:10: error: macro "YYDEBUG" requires 2 arguments, but only 1 given
ada_annex_p.re2c:105:9: note: macro "YYDEBUG" defined here
ada_annex_p_re2c.c:3979:10: error: macro "YYDEBUG" requires 2 arguments, but only 1 given
ada_annex_p.re2c:105:9: note: macro "YYDEBUG" defined here
ada_annex_p_re2c.c:3992:10: error: macro "YYDEBUG" requires 2 arguments, but only 1 given
ada_annex_p.re2c:105:9: note: macro "YYDEBUG" defined here
ada_annex_p_re2c.c:4003:10: error: macro "YYDEBUG" requires 2 arguments, but only 1 given
ada_annex_p.re2c:105:9: note: macro "YYDEBUG" defined here
ada_annex_p_re2c.c:4127:10: error: macro "YYDEBUG" requires 2 arguments, but only 1 given
ada_annex_p.re2c:105:9: note: macro "YYDEBUG" defined here
ada_annex_p_re2c.c:4132:10: error: macro "YYDEBUG" requires 2 arguments, but only 1 given
ada_annex_p.re2c:105:9: note: macro "YYDEBUG" defined here
ada_annex_p_re2c.c:4143:10: error: macro "YYDEBUG" requires 2 arguments, but only 1 given
ada_annex_p.re2c:105:9: note: macro "YYDEBUG" defined here
ada_annex_p_re2c.c:4156:10: error: macro "YYDEBUG" requires 2 arguments, but only 1 given
ada_annex_p.re2c:105:9: note: macro "YYDEBUG" defined here
ada_annex_p_re2c.c:4169:10: error: macro "YYDEBUG" requires 2 arguments, but only 1 given
ada_annex_p.re2c:105:9: note: macro "YYDEBUG" defined here
ada_annex_p_re2c.c:4180:10: error: macro "YYDEBUG" requires 2 arguments, but only 1 given
ada_annex_p.re2c:105:9: note: macro "YYDEBUG" defined here
ada_annex_p_re2c.c:4191:10: error: macro "YYDEBUG" requires 2 arguments, but only 1 given
ada_annex_p.re2c:105:9: note: macro "YYDEBUG" defined here
ada_annex_p_re2c.c:4202:10: error: macro "YYDEBUG" requires 2 arguments, but only 1 given
ada_annex_p.re2c:105:9: note: macro "YYDEBUG" defined here
ada_annex_p_re2c.c:4213:10: error: macro "YYDEBUG" requires 2 arguments, but only 1 given
ada_annex_p.re2c:105:9: note: macro "YYDEBUG" defined here
ada_annex_p_re2c.c:4337:10: error: macro "YYDEBUG" requires 2 arguments, but only 1 given
ada_annex_p.re2c:105:9: note: macro "YYDEBUG" defined here
ada_annex_p_re2c.c:4342:10: error: macro "YYDEBUG" requires 2 arguments, but only 1 given
ada_annex_p.re2c:105:9: note: macro "YYDEBUG" defined here
ada_annex_p_re2c.c:4466:10: error: macro "YYDEBUG" requires 2 arguments, but only 1 given
ada_annex_p.re2c:105:9: note: macro "YYDEBUG" defined here
ada_annex_p_re2c.c:4471:10: error: macro "YYDEBUG" requires 2 arguments, but only 1 given
ada_annex_p.re2c:105:9: note: macro "YYDEBUG" defined here
ada_annex_p_re2c.c:4595:10: error: macro "YYDEBUG" requires 2 arguments, but only 1 given
ada_annex_p.re2c:105:9: note: macro "YYDEBUG" defined here
ada_annex_p_re2c.c:4600:10: error: macro "YYDEBUG" requires 2 arguments, but only 1 given
ada_annex_p.re2c:105:9: note: macro "YYDEBUG" defined here
ada_annex_p_re2c.c:4611:10: error: macro "YYDEBUG" requires 2 arguments, but only 1 given
ada_annex_p.re2c:105:9: note: macro "YYDEBUG" defined here
ada_annex_p_re2c.c:4622:10: error: macro "YYDEBUG" requires 2 arguments, but only 1 given
ada_annex_p.re2c:105:9: note: macro "YYDEBUG" defined here
ada_annex_p_re2c.c:4633:10: error: macro "YYDEBUG" requires 2 arguments, but only 1 given
ada_annex_p.re2c:105:9: note: macro "YYDEBUG" defined here
ada_annex_p_re2c.c:4644:10: error: macro "YYDEBUG" requires 2 arguments, but only 1 given
ada_annex_p.re2c:105:9: note: macro "YYDEBUG" defined here
ada_annex_p_re2c.c:4655:10: error: macro "YYDEBUG" requires 2 arguments, but only 1 given
ada_annex_p.re2c:105:9: note: macro "YYDEBUG" defined here
ada_annex_p_re2c.c:4666:10: error: macro "YYDEBUG" requires 2 arguments, but only 1 given
ada_annex_p.re2c:105:9: note: macro "YYDEBUG" defined here
ada_annex_p_re2c.c:4790:10: error: macro "YYDEBUG" requires 2 arguments, but only 1 given
ada_annex_p.re2c:105:9: note: macro "YYDEBUG" defined here
ada_annex_p_re2c.c:4795:10: error: macro "YYDEBUG" requires 2 arguments, but only 1 given
ada_annex_p.re2c:105:9: note: macro "YYDEBUG" defined here
ada_annex_p_re2c.c:4919:10: error: macro "YYDEBUG" requires 2 arguments, but only 1 given
ada_annex_p.re2c:105:9: note: macro "YYDEBUG" defined here
ada_annex_p_re2c.c:4924:10: error: macro "YYDEBUG" requires 2 arguments, but only 1 given
ada_annex_p.re2c:105:9: note: macro "YYDEBUG" defined here
ada_annex_p_re2c.c:4935:10: error: macro "YYDEBUG" requires 2 arguments, but only 1 given
ada_annex_p.re2c:105:9: note: macro "YYDEBUG" defined here
ada_annex_p_re2c.c:4946:10: error: macro "YYDEBUG" requires 2 arguments, but only 1 given
ada_annex_p.re2c:105:9: note: macro "YYDEBUG" defined here
ada_annex_p_re2c.c:4957:10: error: macro "YYDEBUG" requires 2 arguments, but only 1 given
ada_annex_p.re2c:105:9: note: macro "YYDEBUG" defined here
ada_annex_p_re2c.c:4970:10: error: macro "YYDEBUG" requires 2 arguments, but only 1 given
ada_annex_p.re2c:105:9: note: macro "YYDEBUG" defined here
ada_annex_p_re2c.c:4985:10: error: macro "YYDEBUG" requires 2 arguments, but only 1 given
ada_annex_p.re2c:105:9: note: macro "YYDEBUG" defined here
ada_annex_p_re2c.c:4998:10: error: macro "YYDEBUG" requires 2 arguments, but only 1 given
ada_annex_p.re2c:105:9: note: macro "YYDEBUG" defined here
ada_annex_p_re2c.c:5019:10: error: macro "YYDEBUG" requires 2 arguments, but only 1 given
ada_annex_p.re2c:105:9: note: macro "YYDEBUG" defined here
ada_annex_p_re2c.c:5032:10: error: macro "YYDEBUG" requires 2 arguments, but only 1 given
ada_annex_p.re2c:105:9: note: macro "YYDEBUG" defined here
ada_annex_p_re2c.c:5043:10: error: macro "YYDEBUG" requires 2 arguments, but only 1 given
ada_annex_p.re2c:105:9: note: macro "YYDEBUG" defined here
ada_annex_p_re2c.c:5054:10: error: macro "YYDEBUG" requires 2 arguments, but only 1 given
ada_annex_p.re2c:105:9: note: macro "YYDEBUG" defined here
ada_annex_p_re2c.c:5065:10: error: macro "YYDEBUG" requires 2 arguments, but only 1 given
ada_annex_p.re2c:105:9: note: macro "YYDEBUG" defined here
ada_annex_p_re2c.c:5078:10: error: macro "YYDEBUG" requires 2 arguments, but only 1 given
ada_annex_p.re2c:105:9: note: macro "YYDEBUG" defined here
ada_annex_p_re2c.c:5089:10: error: macro "YYDEBUG" requires 2 arguments, but only 1 given
ada_annex_p.re2c:105:9: note: macro "YYDEBUG" defined here
ada_annex_p_re2c.c:5100:10: error: macro "YYDEBUG" requires 2 arguments, but only 1 given
ada_annex_p.re2c:105:9: note: macro "YYDEBUG" defined here
ada_annex_p_re2c.c:5111:10: error: macro "YYDEBUG" requires 2 arguments, but only 1 given
ada_annex_p.re2c:105:9: note: macro "YYDEBUG" defined here
ada_annex_p_re2c.c:5122:10: error: macro "YYDEBUG" requires 2 arguments, but only 1 given
ada_annex_p.re2c:105:9: note: macro "YYDEBUG" defined here
ada_annex_p_re2c.c:5133:10: error: macro "YYDEBUG" requires 2 arguments, but only 1 given
ada_annex_p.re2c:105:9: note: macro "YYDEBUG" defined here
ada_annex_p_re2c.c:5146:10: error: macro "YYDEBUG" requires 2 arguments, but only 1 given
ada_annex_p.re2c:105:9: note: macro "YYDEBUG" defined here
ada_annex_p_re2c.c:5157:10: error: macro "YYDEBUG" requires 2 arguments, but only 1 given
ada_annex_p.re2c:105:9: note: macro "YYDEBUG" defined here
ada_annex_p_re2c.c:5168:10: error: macro "YYDEBUG" requires 2 arguments, but only 1 given
ada_annex_p.re2c:105:9: note: macro "YYDEBUG" defined here
ada_annex_p_re2c.c:5197:10: error: macro "YYDEBUG" requires 2 arguments, but only 1 given
ada_annex_p.re2c:105:9: note: macro "YYDEBUG" defined here
ada_annex_p_re2c.c:5201:10: error: macro "YYDEBUG" requires 2 arguments, but only 1 given
ada_annex_p.re2c:105:9: note: macro "YYDEBUG" defined here
ada_annex_p_re2c.c:5383:10: error: macro "YYDEBUG" requires 2 arguments, but only 1 given
ada_annex_p.re2c:105:9: note: macro "YYDEBUG" defined here
ada_annex_p_re2c.c:5389:10: error: macro "YYDEBUG" requires 2 arguments, but only 1 given
ada_annex_p.re2c:105:9: note: macro "YYDEBUG" defined here
ada_annex_p_re2c.c:5460:10: error: macro "YYDEBUG" requires 2 arguments, but only 1 given
ada_annex_p.re2c:105:9: note: macro "YYDEBUG" defined here
ada_annex_p_re2c.c:5499:10: error: macro "YYDEBUG" requires 2 arguments, but only 1 given
ada_annex_p.re2c:105:9: note: macro "YYDEBUG" defined here
ada_annex_p_re2c.c:5570:10: error: macro "YYDEBUG" requires 2 arguments, but only 1 given
ada_annex_p.re2c:105:9: note: macro "YYDEBUG" defined here
ada_annex_p_re2c.c:5625:10: error: macro "YYDEBUG" requires 2 arguments, but only 1 given
ada_annex_p.re2c:105:9: note: macro "YYDEBUG" defined here
ada_annex_p_re2c.c:5696:10: error: macro "YYDEBUG" requires 2 arguments, but only 1 given
ada_annex_p.re2c:105:9: note: macro "YYDEBUG" defined here
ada_annex_p_re2c.c:5719:10: error: macro "YYDEBUG" requires 2 arguments, but only 1 given
ada_annex_p.re2c:105:9: note: macro "YYDEBUG" defined here
ada_annex_p_re2c.c:5858:10: error: macro "YYDEBUG" requires 2 arguments, but only 1 given
ada_annex_p.re2c:105:9: note: macro "YYDEBUG" defined here
ada_annex_p_re2c.c:5890:10: error: macro "YYDEBUG" requires 2 arguments, but only 1 given
ada_annex_p.re2c:105:9: note: macro "YYDEBUG" defined here
ada_annex_p_re2c.c:5899:10: error: macro "YYDEBUG" requires 2 arguments, but only 1 given
ada_annex_p.re2c:105:9: note: macro "YYDEBUG" defined here
ada_annex_p_re2c.c:5908:10: error: macro "YYDEBUG" requires 2 arguments, but only 1 given
ada_annex_p.re2c:105:9: note: macro "YYDEBUG" defined here
ada_annex_p_re2c.c:5914:10: error: macro "YYDEBUG" requires 2 arguments, but only 1 given
ada_annex_p.re2c:105:9: note: macro "YYDEBUG" defined here
ada_annex_p_re2c.c:5917:10: error: macro "YYDEBUG" requires 2 arguments, but only 1 given
ada_annex_p.re2c:105:9: note: macro "YYDEBUG" defined here
ada_annex_p_re2c.c:5922:10: error: macro "YYDEBUG" requires 2 arguments, but only 1 given
ada_annex_p.re2c:105:9: note: macro "YYDEBUG" defined here
ada_annex_p_re2c.c:6078:10: error: macro "YYDEBUG" requires 2 arguments, but only 1 given
ada_annex_p.re2c:105:9: note: macro "YYDEBUG" defined here
ada_annex_p_re2c.c:6086:10: error: macro "YYDEBUG" requires 2 arguments, but only 1 given
ada_annex_p.re2c:105:9: note: macro "YYDEBUG" defined here
ada_annex_p_re2c.c:6092:10: error: macro "YYDEBUG" requires 2 arguments, but only 1 given
ada_annex_p.re2c:105:9: note: macro "YYDEBUG" defined here
ada_annex_p_re2c.c:6163:10: error: macro "YYDEBUG" requires 2 arguments, but only 1 given
ada_annex_p.re2c:105:9: note: macro "YYDEBUG" defined here
ada_annex_p_re2c.c:6202:10: error: macro "YYDEBUG" requires 2 arguments, but only 1 given
ada_annex_p.re2c:105:9: note: macro "YYDEBUG" defined here
ada_annex_p_re2c.c:6273:10: error: macro "YYDEBUG" requires 2 arguments, but only 1 given
ada_annex_p.re2c:105:9: note: macro "YYDEBUG" defined here
ada_annex_p_re2c.c:6328:10: error: macro "YYDEBUG" requires 2 arguments, but only 1 given
ada_annex_p.re2c:105:9: note: macro "YYDEBUG" defined here
ada_annex_p_re2c.c:6399:10: error: macro "YYDEBUG" requires 2 arguments, but only 1 given
ada_annex_p.re2c:105:9: note: macro "YYDEBUG" defined here
ada_annex_p_re2c.c:6422:10: error: macro "YYDEBUG" requires 2 arguments, but only 1 given
ada_annex_p.re2c:105:9: note: macro "YYDEBUG" defined here
ada_annex_p_re2c.c:6426:10: error: macro "YYDEBUG" requires 2 arguments, but only 1 given
ada_annex_p.re2c:105:9: note: macro "YYDEBUG" defined here
ada_annex_p_re2c.c:6457:10: error: macro "YYDEBUG" requires 2 arguments, but only 1 given
ada_annex_p.re2c:105:9: note: macro "YYDEBUG" defined here
ada_annex_p_re2c.c:6478:10: error: macro "YYDEBUG" requires 2 arguments, but only 1 given
ada_annex_p.re2c:105:9: note: macro "YYDEBUG" defined here
ada_annex_p_re2c.c:6497:10: error: macro "YYDEBUG" requires 2 arguments, but only 1 given
ada_annex_p.re2c:105:9: note: macro "YYDEBUG" defined here
ada_annex_p_re2c.c:6505:10: error: macro "YYDEBUG" requires 2 arguments, but only 1 given
ada_annex_p.re2c:105:9: note: macro "YYDEBUG" defined here
ada_annex_p_re2c.c:6513:10: error: macro "YYDEBUG" requires 2 arguments, but only 1 given
ada_annex_p.re2c:105:9: note: macro "YYDEBUG" defined here
ada_annex_p_re2c.c:6521:10: error: macro "YYDEBUG" requires 2 arguments, but only 1 given
ada_annex_p.re2c:105:9: note: macro "YYDEBUG" defined here
ada_annex_p_re2c.c:6532:10: error: macro "YYDEBUG" requires 2 arguments, but only 1 given
ada_annex_p.re2c:105:9: note: macro "YYDEBUG" defined here
ada_annex_p_re2c.c:6656:10: error: macro "YYDEBUG" requires 2 arguments, but only 1 given
ada_annex_p.re2c:105:9: note: macro "YYDEBUG" defined here
ada_annex_p_re2c.c:6661:10: error: macro "YYDEBUG" requires 2 arguments, but only 1 given
ada_annex_p.re2c:105:9: note: macro "YYDEBUG" defined here
ada_annex_p_re2c.c:6672:10: error: macro "YYDEBUG" requires 2 arguments, but only 1 given
ada_annex_p.re2c:105:9: note: macro "YYDEBUG" defined here
ada_annex_p_re2c.c:6683:10: error: macro "YYDEBUG" requires 2 arguments, but only 1 given
ada_annex_p.re2c:105:9: note: macro "YYDEBUG" defined here
ada_annex_p_re2c.c:6807:10: error: macro "YYDEBUG" requires 2 arguments, but only 1 given
ada_annex_p.re2c:105:9: note: macro "YYDEBUG" defined here
ada_annex_p_re2c.c:6812:10: error: macro "YYDEBUG" requires 2 arguments, but only 1 given
ada_annex_p.re2c:105:9: note: macro "YYDEBUG" defined here
ada_annex_p_re2c.c:6936:10: error: macro "YYDEBUG" requires 2 arguments, but only 1 given
ada_annex_p.re2c:105:9: note: macro "YYDEBUG" defined here
ada_annex_p_re2c.c:6941:10: error: macro "YYDEBUG" requires 2 arguments, but only 1 given
ada_annex_p.re2c:105:9: note: macro "YYDEBUG" defined here
ada_annex_p_re2c.c:6952:10: error: macro "YYDEBUG" requires 2 arguments, but only 1 given
ada_annex_p.re2c:105:9: note: macro "YYDEBUG" defined here
ada_annex_p_re2c.c:6963:10: error: macro "YYDEBUG" requires 2 arguments, but only 1 given
ada_annex_p.re2c:105:9: note: macro "YYDEBUG" defined here
ada_annex_p_re2c.c:6974:10: error: macro "YYDEBUG" requires 2 arguments, but only 1 given
ada_annex_p.re2c:105:9: note: macro "YYDEBUG" defined here
ada_annex_p_re2c.c:6985:10: error: macro "YYDEBUG" requires 2 arguments, but only 1 given
ada_annex_p.re2c:105:9: note: macro "YYDEBUG" defined here
ada_annex_p_re2c.c:6996:10: error: macro "YYDEBUG" requires 2 arguments, but only 1 given
ada_annex_p.re2c:105:9: note: macro "YYDEBUG" defined here
ada_annex_p_re2c.c:7007:10: error: macro "YYDEBUG" requires 2 arguments, but only 1 given
ada_annex_p.re2c:105:9: note: macro "YYDEBUG" defined here
ada_annex_p_re2c.c:7020:10: error: macro "YYDEBUG" requires 2 arguments, but only 1 given
ada_annex_p.re2c:105:9: note: macro "YYDEBUG" defined here
ada_annex_p_re2c.c:7031:10: error: macro "YYDEBUG" requires 2 arguments, but only 1 given
ada_annex_p.re2c:105:9: note: macro "YYDEBUG" defined here
ada_annex_p_re2c.c:7044:10: error: macro "YYDEBUG" requires 2 arguments, but only 1 given
ada_annex_p.re2c:105:9: note: macro "YYDEBUG" defined here
ada_annex_p_re2c.c:7168:10: error: macro "YYDEBUG" requires 2 arguments, but only 1 given
ada_annex_p.re2c:105:9: note: macro "YYDEBUG" defined here
ada_annex_p_re2c.c:7173:10: error: macro "YYDEBUG" requires 2 arguments, but only 1 given
ada_annex_p.re2c:105:9: note: macro "YYDEBUG" defined here
ada_annex_p_re2c.c:7184:10: error: macro "YYDEBUG" requires 2 arguments, but only 1 given
ada_annex_p.re2c:105:9: note: macro "YYDEBUG" defined here
ada_annex_p_re2c.c:7195:10: error: macro "YYDEBUG" requires 2 arguments, but only 1 given
ada_annex_p.re2c:105:9: note: macro "YYDEBUG" defined here
ada_annex_p_re2c.c:7206:10: error: macro "YYDEBUG" requires 2 arguments, but only 1 given
ada_annex_p.re2c:105:9: note: macro "YYDEBUG" defined here
ada_annex_p_re2c.c:7330:10: error: macro "YYDEBUG" requires 2 arguments, but only 1 given
ada_annex_p.re2c:105:9: note: macro "YYDEBUG" defined here
ada_annex_p_re2c.c:7335:10: error: macro "YYDEBUG" requires 2 arguments, but only 1 given
ada_annex_p.re2c:105:9: note: macro "YYDEBUG" defined here
ada_annex_p_re2c.c:7346:10: error: macro "YYDEBUG" requires 2 arguments, but only 1 given
ada_annex_p.re2c:105:9: note: macro "YYDEBUG" defined here
ada_annex_p_re2c.c:7357:10: error: macro "YYDEBUG" requires 2 arguments, but only 1 given
ada_annex_p.re2c:105:9: note: macro "YYDEBUG" defined here
ada_annex_p_re2c.c:7368:10: error: macro "YYDEBUG" requires 2 arguments, but only 1 given
ada_annex_p.re2c:105:9: note: macro "YYDEBUG" defined here
ada_annex_p_re2c.c:7379:10: error: macro "YYDEBUG" requires 2 arguments, but only 1 given
ada_annex_p.re2c:105:9: note: macro "YYDEBUG" defined here
ada_annex_p_re2c.c:7390:10: error: macro "YYDEBUG" requires 2 arguments, but only 1 given
ada_annex_p.re2c:105:9: note: macro "YYDEBUG" defined here
ada_annex_p_re2c.c:7401:10: error: macro "YYDEBUG" requires 2 arguments, but only 1 given
ada_annex_p.re2c:105:9: note: macro "YYDEBUG" defined here
ada_annex_p_re2c.c:7525:10: error: macro "YYDEBUG" requires 2 arguments, but only 1 given
ada_annex_p.re2c:105:9: note: macro "YYDEBUG" defined here
ada_annex_p_re2c.c:7530:10: error: macro "YYDEBUG" requires 2 arguments, but only 1 given
ada_annex_p.re2c:105:9: note: macro "YYDEBUG" defined here
ada_annex_p_re2c.c:7654:10: error: macro "YYDEBUG" requires 2 arguments, but only 1 given
ada_annex_p.re2c:105:9: note: macro "YYDEBUG" defined here
ada_annex_p_re2c.c:7659:10: error: macro "YYDEBUG" requires 2 arguments, but only 1 given
ada_annex_p.re2c:105:9: note: macro "YYDEBUG" defined here
ada_annex_p_re2c.c:7783:10: error: macro "YYDEBUG" requires 2 arguments, but only 1 given
ada_annex_p.re2c:105:9: note: macro "YYDEBUG" defined here
ada_annex_p_re2c.c:7788:10: error: macro "YYDEBUG" requires 2 arguments, but only 1 given
ada_annex_p.re2c:105:9: note: macro "YYDEBUG" defined here
ada_annex_p_re2c.c:7799:10: error: macro "YYDEBUG" requires 2 arguments, but only 1 given
ada_annex_p.re2c:105:9: note: macro "YYDEBUG" defined here
ada_annex_p_re2c.c:7810:10: error: macro "YYDEBUG" requires 2 arguments, but only 1 given
ada_annex_p.re2c:105:9: note: macro "YYDEBUG" defined here
ada_annex_p_re2c.c:7934:10: error: macro "YYDEBUG" requires 2 arguments, but only 1 given
ada_annex_p.re2c:105:9: note: macro "YYDEBUG" defined here
ada_annex_p_re2c.c:7939:10: error: macro "YYDEBUG" requires 2 arguments, but only 1 given
ada_annex_p.re2c:105:9: note: macro "YYDEBUG" defined here
ada_annex_p_re2c.c:7950:10: error: macro "YYDEBUG" requires 2 arguments, but only 1 given
ada_annex_p.re2c:105:9: note: macro "YYDEBUG" defined here
ada_annex_p_re2c.c:7961:10: error: macro "YYDEBUG" requires 2 arguments, but only 1 given
ada_annex_p.re2c:105:9: note: macro "YYDEBUG" defined here
ada_annex_p_re2c.c:7972:10: error: macro "YYDEBUG" requires 2 arguments, but only 1 given
ada_annex_p.re2c:105:9: note: macro "YYDEBUG" defined here
ada_annex_p_re2c.c:7983:10: error: macro "YYDEBUG" requires 2 arguments, but only 1 given
ada_annex_p.re2c:105:9: note: macro "YYDEBUG" defined here
ada_annex_p_re2c.c:7994:10: error: macro "YYDEBUG" requires 2 arguments, but only 1 given
ada_annex_p.re2c:105:9: note: macro "YYDEBUG" defined here
ada_annex_p_re2c.c:8007:10: error: macro "YYDEBUG" requires 2 arguments, but only 1 given
ada_annex_p.re2c:105:9: note: macro "YYDEBUG" defined here
ada_annex_p_re2c.c:8018:10: error: macro "YYDEBUG" requires 2 arguments, but only 1 given
ada_annex_p.re2c:105:9: note: macro "YYDEBUG" defined here
ada_annex_p_re2c.c:8029:10: error: macro "YYDEBUG" requires 2 arguments, but only 1 given
ada_annex_p.re2c:105:9: note: macro "YYDEBUG" defined here
ada_annex_p_re2c.c:8040:10: error: macro "YYDEBUG" requires 2 arguments, but only 1 given
ada_annex_p.re2c:105:9: note: macro "YYDEBUG" defined here
ada_annex_p_re2c.c:8164:10: error: macro "YYDEBUG" requires 2 arguments, but only 1 given
ada_annex_p.re2c:105:9: note: macro "YYDEBUG" defined here
ada_annex_p_re2c.c:8169:10: error: macro "YYDEBUG" requires 2 arguments, but only 1 given
ada_annex_p.re2c:105:9: note: macro "YYDEBUG" defined here
ada_annex_p_re2c.c:8180:10: error: macro "YYDEBUG" requires 2 arguments, but only 1 given
ada_annex_p.re2c:105:9: note: macro "YYDEBUG" defined here
ada_annex_p_re2c.c:8191:10: error: macro "YYDEBUG" requires 2 arguments, but only 1 given
ada_annex_p.re2c:105:9: note: macro "YYDEBUG" defined here
ada_annex_p_re2c.c:8202:10: error: macro "YYDEBUG" requires 2 arguments, but only 1 given
ada_annex_p.re2c:105:9: note: macro "YYDEBUG" defined here
ada_annex_p_re2c.c:8213:10: error: macro "YYDEBUG" requires 2 arguments, but only 1 given
ada_annex_p.re2c:105:9: note: macro "YYDEBUG" defined here
ada_annex_p_re2c.c:8224:10: error: macro "YYDEBUG" requires 2 arguments, but only 1 given
ada_annex_p.re2c:105:9: note: macro "YYDEBUG" defined here
ada_annex_p_re2c.c:8235:10: error: macro "YYDEBUG" requires 2 arguments, but only 1 given
ada_annex_p.re2c:105:9: note: macro "YYDEBUG" defined here
ada_annex_p_re2c.c:8246:10: error: macro "YYDEBUG" requires 2 arguments, but only 1 given
ada_annex_p.re2c:105:9: note: macro "YYDEBUG" defined here
ada_annex_p_re2c.c:8257:10: error: macro "YYDEBUG" requires 2 arguments, but only 1 given
ada_annex_p.re2c:105:9: note: macro "YYDEBUG" defined here
ada_annex_p_re2c.c:8268:10: error: macro "YYDEBUG" requires 2 arguments, but only 1 given
ada_annex_p.re2c:105:9: note: macro "YYDEBUG" defined here
ada_annex_p_re2c.c:8279:10: error: macro "YYDEBUG" requires 2 arguments, but only 1 given
ada_annex_p.re2c:105:9: note: macro "YYDEBUG" defined here
ada_annex_p_re2c.c:8290:10: error: macro "YYDEBUG" requires 2 arguments, but only 1 given
ada_annex_p.re2c:105:9: note: macro "YYDEBUG" defined here
ada_annex_p_re2c.c:8301:10: error: macro "YYDEBUG" requires 2 arguments, but only 1 given
ada_annex_p.re2c:105:9: note: macro "YYDEBUG" defined here
ada_annex_p_re2c.c:8312:10: error: macro "YYDEBUG" requires 2 arguments, but only 1 given
ada_annex_p.re2c:105:9: note: macro "YYDEBUG" defined here
ada_annex_p_re2c.c:8323:10: error: macro "YYDEBUG" requires 2 arguments, but only 1 given
ada_annex_p.re2c:105:9: note: macro "YYDEBUG" defined here
ada_annex_p_re2c.c:8334:10: error: macro "YYDEBUG" requires 2 arguments, but only 1 given
ada_annex_p.re2c:105:9: note: macro "YYDEBUG" defined here
ada_annex_p_re2c.c:8458:10: error: macro "YYDEBUG" requires 2 arguments, but only 1 given
ada_annex_p.re2c:105:9: note: macro "YYDEBUG" defined here
ada_annex_p_re2c.c:8463:10: error: macro "YYDEBUG" requires 2 arguments, but only 1 given
ada_annex_p.re2c:105:9: note: macro "YYDEBUG" defined here
ada_annex_p_re2c.c:8474:10: error: macro "YYDEBUG" requires 2 arguments, but only 1 given
ada_annex_p.re2c:105:9: note: macro "YYDEBUG" defined here
ada_annex_p_re2c.c:8485:10: error: macro "YYDEBUG" requires 2 arguments, but only 1 given
ada_annex_p.re2c:105:9: note: macro "YYDEBUG" defined here
ada_annex_p_re2c.c:8496:10: error: macro "YYDEBUG" requires 2 arguments, but only 1 given
ada_annex_p.re2c:105:9: note: macro "YYDEBUG" defined here
ada_annex_p_re2c.c:8620:10: error: macro "YYDEBUG" requires 2 arguments, but only 1 given
ada_annex_p.re2c:105:9: note: macro "YYDEBUG" defined here
ada_annex_p_re2c.c:8625:10: error: macro "YYDEBUG" requires 2 arguments, but only 1 given
ada_annex_p.re2c:105:9: note: macro "YYDEBUG" defined here
ada_annex_p_re2c.c:8655:10: error: macro "YYDEBUG" requires 2 arguments, but only 1 given
ada_annex_p.re2c:105:9: note: macro "YYDEBUG" defined here
ada_annex_p_re2c.c:8726:10: error: macro "YYDEBUG" requires 2 arguments, but only 1 given
ada_annex_p.re2c:105:9: note: macro "YYDEBUG" defined here
ada_annex_p_re2c.c:8756:10: error: macro "YYDEBUG" requires 2 arguments, but only 1 given
ada_annex_p.re2c:105:9: note: macro "YYDEBUG" defined here
ada_annex_p_re2c.c:8767:10: error: macro "YYDEBUG" requires 2 arguments, but only 1 given
ada_annex_p.re2c:105:9: note: macro "YYDEBUG" defined here
ada_annex_p_re2c.c:8773:10: error: macro "YYDEBUG" requires 2 arguments, but only 1 given
ada_annex_p.re2c:105:9: note: macro "YYDEBUG" defined here
ada_annex_p_re2c.c:8781:10: error: macro "YYDEBUG" requires 2 arguments, but only 1 given
ada_annex_p.re2c:105:9: note: macro "YYDEBUG" defined here
ada_annex_p_re2c.c:8790:10: error: macro "YYDEBUG" requires 2 arguments, but only 1 given
ada_annex_p.re2c:105:9: note: macro "YYDEBUG" defined here
ada_annex_p_re2c.c:8861:10: error: macro "YYDEBUG" requires 2 arguments, but only 1 given
ada_annex_p.re2c:105:9: note: macro "YYDEBUG" defined here
ada_annex_p_re2c.c:8900:10: error: macro "YYDEBUG" requires 2 arguments, but only 1 given
ada_annex_p.re2c:105:9: note: macro "YYDEBUG" defined here
ada_annex_p_re2c.c:8971:10: error: macro "YYDEBUG" requires 2 arguments, but only 1 given
ada_annex_p.re2c:105:9: note: macro "YYDEBUG" defined here
ada_annex_p_re2c.c:9026:10: error: macro "YYDEBUG" requires 2 arguments, but only 1 given
ada_annex_p.re2c:105:9: note: macro "YYDEBUG" defined here
ada_annex_p_re2c.c:9097:10: error: macro "YYDEBUG" requires 2 arguments, but only 1 given
ada_annex_p.re2c:105:9: note: macro "YYDEBUG" defined here
ada_annex_p_re2c.c:9120:10: error: macro "YYDEBUG" requires 2 arguments, but only 1 given
ada_annex_p.re2c:105:9: note: macro "YYDEBUG" defined here
ada_annex_p_re2c.c:9124:10: error: macro "YYDEBUG" requires 2 arguments, but only 1 given
ada_annex_p.re2c:105:9: note: macro "YYDEBUG" defined here
ada_annex_p_re2c.c:9152:10: error: macro "YYDEBUG" requires 2 arguments, but only 1 given
ada_annex_p.re2c:105:9: note: macro "YYDEBUG" defined here
ada_annex_p_re2c.c:9156:10: error: macro "YYDEBUG" requires 2 arguments, but only 1 given
ada_annex_p.re2c:105:9: note: macro "YYDEBUG" defined here
ada_annex_p_re2c.c:9164:10: error: macro "YYDEBUG" requires 2 arguments, but only 1 given
ada_annex_p.re2c:105:9: note: macro "YYDEBUG" defined here
ada_annex_p_re2c.c:9172:10: error: macro "YYDEBUG" requires 2 arguments, but only 1 given
ada_annex_p.re2c:105:9: note: macro "YYDEBUG" defined here
ada_annex_p_re2c.c:9180:10: error: macro "YYDEBUG" requires 2 arguments, but only 1 given
ada_annex_p.re2c:105:9: note: macro "YYDEBUG" defined here
ada_annex_p_re2c.c:9191:10: error: macro "YYDEBUG" requires 2 arguments, but only 1 given
ada_annex_p.re2c:105:9: note: macro "YYDEBUG" defined here
ada_annex_p_re2c.c:9202:10: error: macro "YYDEBUG" requires 2 arguments, but only 1 given
ada_annex_p.re2c:105:9: note: macro "YYDEBUG" defined here
ada_annex_p_re2c.c:9215:10: error: macro "YYDEBUG" requires 2 arguments, but only 1 given
ada_annex_p.re2c:105:9: note: macro "YYDEBUG" defined here
ada_annex_p_re2c.c:9226:10: error: macro "YYDEBUG" requires 2 arguments, but only 1 given
ada_annex_p.re2c:105:9: note: macro "YYDEBUG" defined here
ada_annex_p_re2c.c:9237:10: error: macro "YYDEBUG" requires 2 arguments, but only 1 given
ada_annex_p.re2c:105:9: note: macro "YYDEBUG" defined here
ada_annex_p_re2c.c:9248:10: error: macro "YYDEBUG" requires 2 arguments, but only 1 given
ada_annex_p.re2c:105:9: note: macro "YYDEBUG" defined here
ada_annex_p_re2c.c:9372:10: error: macro "YYDEBUG" requires 2 arguments, but only 1 given
ada_annex_p.re2c:105:9: note: macro "YYDEBUG" defined here
ada_annex_p_re2c.c:9377:10: error: macro "YYDEBUG" requires 2 arguments, but only 1 given
ada_annex_p.re2c:105:9: note: macro "YYDEBUG" defined here
ada_annex_p_re2c.c:9501:10: error: macro "YYDEBUG" requires 2 arguments, but only 1 given
ada_annex_p.re2c:105:9: note: macro "YYDEBUG" defined here
ada_annex_p_re2c.c:9506:10: error: macro "YYDEBUG" requires 2 arguments, but only 1 given
ada_annex_p.re2c:105:9: note: macro "YYDEBUG" defined here
ada_annex_p_re2c.c:9517:10: error: macro "YYDEBUG" requires 2 arguments, but only 1 given
ada_annex_p.re2c:105:9: note: macro "YYDEBUG" defined here
ada_annex_p_re2c.c:9528:10: error: macro "YYDEBUG" requires 2 arguments, but only 1 given
ada_annex_p.re2c:105:9: note: macro "YYDEBUG" defined here
ada_annex_p_re2c.c:9539:10: error: macro "YYDEBUG" requires 2 arguments, but only 1 given
ada_annex_p.re2c:105:9: note: macro "YYDEBUG" defined here
ada_annex_p_re2c.c:9550:10: error: macro "YYDEBUG" requires 2 arguments, but only 1 given
ada_annex_p.re2c:105:9: note: macro "YYDEBUG" defined here
ada_annex_p_re2c.c:9561:10: error: macro "YYDEBUG" requires 2 arguments, but only 1 given
ada_annex_p.re2c:105:9: note: macro "YYDEBUG" defined here
ada_annex_p_re2c.c:9685:10: error: macro "YYDEBUG" requires 2 arguments, but only 1 given
ada_annex_p.re2c:105:9: note: macro "YYDEBUG" defined here
ada_annex_p_re2c.c:9690:10: error: macro "YYDEBUG" requires 2 arguments, but only 1 given
ada_annex_p.re2c:105:9: note: macro "YYDEBUG" defined here
ada_annex_p_re2c.c:9701:10: error: macro "YYDEBUG" requires 2 arguments, but only 1 given
ada_annex_p.re2c:105:9: note: macro "YYDEBUG" defined here
ada_annex_p_re2c.c:9712:10: error: macro "YYDEBUG" requires 2 arguments, but only 1 given
ada_annex_p.re2c:105:9: note: macro "YYDEBUG" defined here
ada_annex_p_re2c.c:9723:10: error: macro "YYDEBUG" requires 2 arguments, but only 1 given
ada_annex_p.re2c:105:9: note: macro "YYDEBUG" defined here
ada_annex_p_re2c.c:9847:10: error: macro "YYDEBUG" requires 2 arguments, but only 1 given
ada_annex_p.re2c:105:9: note: macro "YYDEBUG" defined here
ada_annex_p_re2c.c:9852:10: error: macro "YYDEBUG" requires 2 arguments, but only 1 given
ada_annex_p.re2c:105:9: note: macro "YYDEBUG" defined here
ada_annex_p_re2c.c:9863:10: error: macro "YYDEBUG" requires 2 arguments, but only 1 given
ada_annex_p.re2c:105:9: note: macro "YYDEBUG" defined here
ada_annex_p_re2c.c:9874:10: error: macro "YYDEBUG" requires 2 arguments, but only 1 given
ada_annex_p.re2c:105:9: note: macro "YYDEBUG" defined here
ada_annex_p_re2c.c:9998:10: error: macro "YYDEBUG" requires 2 arguments, but only 1 given
ada_annex_p.re2c:105:9: note: macro "YYDEBUG" defined here
ada_annex_p_re2c.c:10003:10: error: macro "YYDEBUG" requires 2 arguments, but only 1 given
ada_annex_p.re2c:105:9: note: macro "YYDEBUG" defined here
ada_annex_p_re2c.c:10014:10: error: macro "YYDEBUG" requires 2 arguments, but only 1 given
ada_annex_p.re2c:105:9: note: macro "YYDEBUG" defined here
ada_annex_p_re2c.c:10025:10: error: macro "YYDEBUG" requires 2 arguments, but only 1 given
ada_annex_p.re2c:105:9: note: macro "YYDEBUG" defined here
ada_annex_p_re2c.c:10149:10: error: macro "YYDEBUG" requires 2 arguments, but only 1 given
ada_annex_p.re2c:105:9: note: macro "YYDEBUG" defined here
ada_annex_p_re2c.c:10154:10: error: macro "YYDEBUG" requires 2 arguments, but only 1 given
ada_annex_p.re2c:105:9: note: macro "YYDEBUG" defined here
ada_annex_p_re2c.c:10278:10: error: macro "YYDEBUG" requires 2 arguments, but only 1 given
ada_annex_p.re2c:105:9: note: macro "YYDEBUG" defined here
ada_annex_p_re2c.c:10283:10: error: macro "YYDEBUG" requires 2 arguments, but only 1 given
ada_annex_p.re2c:105:9: note: macro "YYDEBUG" defined here
ada_annex_p_re2c.c:10294:10: error: macro "YYDEBUG" requires 2 arguments, but only 1 given
ada_annex_p.re2c:105:9: note: macro "YYDEBUG" defined here
ada_annex_p_re2c.c:10305:10: error: macro "YYDEBUG" requires 2 arguments, but only 1 given
ada_annex_p.re2c:105:9: note: macro "YYDEBUG" defined here
ada_annex_p_re2c.c:10316:10: error: macro "YYDEBUG" requires 2 arguments, but only 1 given
ada_annex_p.re2c:105:9: note: macro "YYDEBUG" defined here
ada_annex_p_re2c.c:10327:10: error: macro "YYDEBUG" requires 2 arguments, but only 1 given
ada_annex_p.re2c:105:9: note: macro "YYDEBUG" defined here
ada_annex_p_re2c.c:10338:10: error: macro "YYDEBUG" requires 2 arguments, but only 1 given
ada_annex_p.re2c:105:9: note: macro "YYDEBUG" defined here
ada_annex_p_re2c.c:10349:10: error: macro "YYDEBUG" requires 2 arguments, but only 1 given
ada_annex_p.re2c:105:9: note: macro "YYDEBUG" defined here
ada_annex_p_re2c.c:10360:10: error: macro "YYDEBUG" requires 2 arguments, but only 1 given
ada_annex_p.re2c:105:9: note: macro "YYDEBUG" defined here
ada_annex_p_re2c.c:10371:10: error: macro "YYDEBUG" requires 2 arguments, but only 1 given
ada_annex_p.re2c:105:9: note: macro "YYDEBUG" defined here
ada_annex_p_re2c.c:10382:10: error: macro "YYDEBUG" requires 2 arguments, but only 1 given
ada_annex_p.re2c:105:9: note: macro "YYDEBUG" defined here
ada_annex_p_re2c.c:10393:10: error: macro "YYDEBUG" requires 2 arguments, but only 1 given
ada_annex_p.re2c:105:9: note: macro "YYDEBUG" defined here
ada_annex_p_re2c.c:10404:10: error: macro "YYDEBUG" requires 2 arguments, but only 1 given
ada_annex_p.re2c:105:9: note: macro "YYDEBUG" defined here
ada_annex_p_re2c.c:10415:10: error: macro "YYDEBUG" requires 2 arguments, but only 1 given
ada_annex_p.re2c:105:9: note: macro "YYDEBUG" defined here
ada_annex_p_re2c.c:10426:10: error: macro "YYDEBUG" requires 2 arguments, but only 1 given
ada_annex_p.re2c:105:9: note: macro "YYDEBUG" defined here
ada_annex_p_re2c.c:10437:10: error: macro "YYDEBUG" requires 2 arguments, but only 1 given
ada_annex_p.re2c:105:9: note: macro "YYDEBUG" defined here
ada_annex_p_re2c.c:10448:10: error: macro "YYDEBUG" requires 2 arguments, but only 1 given
ada_annex_p.re2c:105:9: note: macro "YYDEBUG" defined here
ada_annex_p_re2c.c:10459:10: error: macro "YYDEBUG" requires 2 arguments, but only 1 given
ada_annex_p.re2c:105:9: note: macro "YYDEBUG" defined here
ada_annex_p_re2c.c:10470:10: error: macro "YYDEBUG" requires 2 arguments, but only 1 given
ada_annex_p.re2c:105:9: note: macro "YYDEBUG" defined here
ada_annex_p_re2c.c:10594:10: error: macro "YYDEBUG" requires 2 arguments, but only 1 given
ada_annex_p.re2c:105:9: note: macro "YYDEBUG" defined here
ada_annex_p_re2c.c:10599:10: error: macro "YYDEBUG" requires 2 arguments, but only 1 given
ada_annex_p.re2c:105:9: note: macro "YYDEBUG" defined here
ada_annex_p_re2c.c:10610:10: error: macro "YYDEBUG" requires 2 arguments, but only 1 given
ada_annex_p.re2c:105:9: note: macro "YYDEBUG" defined here
ada_annex_p_re2c.c:10621:10: error: macro "YYDEBUG" requires 2 arguments, but only 1 given
ada_annex_p.re2c:105:9: note: macro "YYDEBUG" defined here
ada_annex_p_re2c.c:10632:10: error: macro "YYDEBUG" requires 2 arguments, but only 1 given
ada_annex_p.re2c:105:9: note: macro "YYDEBUG" defined here
ada_annex_p_re2c.c:10756:10: error: macro "YYDEBUG" requires 2 arguments, but only 1 given
ada_annex_p.re2c:105:9: note: macro "YYDEBUG" defined here
ada_annex_p_re2c.c:10761:10: error: macro "YYDEBUG" requires 2 arguments, but only 1 given
ada_annex_p.re2c:105:9: note: macro "YYDEBUG" defined here
ada_annex_p_re2c.c:10772:10: error: macro "YYDEBUG" requires 2 arguments, but only 1 given
ada_annex_p.re2c:105:9: note: macro "YYDEBUG" defined here
ada_annex_p_re2c.c:10896:10: error: macro "YYDEBUG" requires 2 arguments, but only 1 given
ada_annex_p.re2c:105:9: note: macro "YYDEBUG" defined here
ada_annex_p_re2c.c:10901:10: error: macro "YYDEBUG" requires 2 arguments, but only 1 given
ada_annex_p.re2c:105:9: note: macro "YYDEBUG" defined here
ada_annex_p_re2c.c:11025:10: error: macro "YYDEBUG" requires 2 arguments, but only 1 given
ada_annex_p.re2c:105:9: note: macro "YYDEBUG" defined here
ada_annex_p_re2c.c:11030:10: error: macro "YYDEBUG" requires 2 arguments, but only 1 given
ada_annex_p.re2c:105:9: note: macro "YYDEBUG" defined here
ada_annex_p_re2c.c:11041:10: error: macro "YYDEBUG" requires 2 arguments, but only 1 given
ada_annex_p.re2c:105:9: note: macro "YYDEBUG" defined here
ada_annex_p_re2c.c:11165:10: error: macro "YYDEBUG" requires 2 arguments, but only 1 given
ada_annex_p.re2c:105:9: note: macro "YYDEBUG" defined here
ada_annex_p_re2c.c:11170:10: error: macro "YYDEBUG" requires 2 arguments, but only 1 given
ada_annex_p.re2c:105:9: note: macro "YYDEBUG" defined here
ada_annex_p_re2c.c:11181:10: error: macro "YYDEBUG" requires 2 arguments, but only 1 given
ada_annex_p.re2c:105:9: note: macro "YYDEBUG" defined here
ada_annex_p_re2c.c:11305:10: error: macro "YYDEBUG" requires 2 arguments, but only 1 given
ada_annex_p.re2c:105:9: note: macro "YYDEBUG" defined here
ada_annex_p_re2c.c:11310:10: error: macro "YYDEBUG" requires 2 arguments, but only 1 given
ada_annex_p.re2c:105:9: note: macro "YYDEBUG" defined here
ada_annex_p_re2c.c:11318:10: error: macro "YYDEBUG" requires 2 arguments, but only 1 given
ada_annex_p.re2c:105:9: note: macro "YYDEBUG" defined here
ada_annex_p_re2c.c:11326:10: error: macro "YYDEBUG" requires 2 arguments, but only 1 given
ada_annex_p.re2c:105:9: note: macro "YYDEBUG" defined here
ada_annex_p_re2c.c:11332:10: error: macro "YYDEBUG" requires 2 arguments, but only 1 given
ada_annex_p.re2c:105:9: note: macro "YYDEBUG" defined here
ada_annex_p_re2c.c:11341:10: error: macro "YYDEBUG" requires 2 arguments, but only 1 given
ada_annex_p.re2c:105:9: note: macro "YYDEBUG" defined here
ada_annex_p_re2c.c:11348:10: error: macro "YYDEBUG" requires 2 arguments, but only 1 given
ada_annex_p.re2c:105:9: note: macro "YYDEBUG" defined here
ada_annex_p_re2c.c:11356:10: error: macro "YYDEBUG" requires 2 arguments, but only 1 given
ada_annex_p.re2c:105:9: note: macro "YYDEBUG" defined here
ada_annex_p_re2c.c:11364:10: error: macro "YYDEBUG" requires 2 arguments, but only 1 given
ada_annex_p.re2c:105:9: note: macro "YYDEBUG" defined here
ada_annex_p_re2c.c:11372:10: error: macro "YYDEBUG" requires 2 arguments, but only 1 given
ada_annex_p.re2c:105:9: note: macro "YYDEBUG" defined here
ada_annex_p_re2c.c:11380:10: error: macro "YYDEBUG" requires 2 arguments, but only 1 given
ada_annex_p.re2c:105:9: note: macro "YYDEBUG" defined here
ada_annex_p_re2c.c:11388:10: error: macro "YYDEBUG" requires 2 arguments, but only 1 given
ada_annex_p.re2c:105:9: note: macro "YYDEBUG" defined here
ada_annex_p_re2c.c:11512:10: error: macro "YYDEBUG" requires 2 arguments, but only 1 given
ada_annex_p.re2c:105:9: note: macro "YYDEBUG" defined here
ada_annex_p_re2c.c:11517:10: error: macro "YYDEBUG" requires 2 arguments, but only 1 given
ada_annex_p.re2c:105:9: note: macro "YYDEBUG" defined here
ada_annex_p_re2c.c:11528:10: error: macro "YYDEBUG" requires 2 arguments, but only 1 given
ada_annex_p.re2c:105:9: note: macro "YYDEBUG" defined here
ada_annex_p_re2c.c:11539:10: error: macro "YYDEBUG" requires 2 arguments, but only 1 given
ada_annex_p.re2c:105:9: note: macro "YYDEBUG" defined here
ada_annex_p_re2c.c:11550:10: error: macro "YYDEBUG" requires 2 arguments, but only 1 given
ada_annex_p.re2c:105:9: note: macro "YYDEBUG" defined here
ada_annex_p_re2c.c:11561:10: error: macro "YYDEBUG" requires 2 arguments, but only 1 given
ada_annex_p.re2c:105:9: note: macro "YYDEBUG" defined here
ada_annex_p_re2c.c:11685:10: error: macro "YYDEBUG" requires 2 arguments, but only 1 given
ada_annex_p.re2c:105:9: note: macro "YYDEBUG" defined here
ada_annex_p_re2c.c:11690:10: error: macro "YYDEBUG" requires 2 arguments, but only 1 given
ada_annex_p.re2c:105:9: note: macro "YYDEBUG" defined here
ada_annex_p_re2c.c:11814:10: error: macro "YYDEBUG" requires 2 arguments, but only 1 given
ada_annex_p.re2c:105:9: note: macro "YYDEBUG" defined here
ada_annex_p_re2c.c:11819:10: error: macro "YYDEBUG" requires 2 arguments, but only 1 given
ada_annex_p.re2c:105:9: note: macro "YYDEBUG" defined here
ada_annex_p_re2c.c:11830:10: error: macro "YYDEBUG" requires 2 arguments, but only 1 given
ada_annex_p.re2c:105:9: note: macro "YYDEBUG" defined here
ada_annex_p_re2c.c:11841:10: error: macro "YYDEBUG" requires 2 arguments, but only 1 given
ada_annex_p.re2c:105:9: note: macro "YYDEBUG" defined here
ada_annex_p_re2c.c:11965:10: error: macro "YYDEBUG" requires 2 arguments, but only 1 given
ada_annex_p.re2c:105:9: note: macro "YYDEBUG" defined here
ada_annex_p_re2c.c:11970:10: error: macro "YYDEBUG" requires 2 arguments, but only 1 given
ada_annex_p.re2c:105:9: note: macro "YYDEBUG" defined here
ada_annex_p_re2c.c:12094:10: error: macro "YYDEBUG" requires 2 arguments, but only 1 given
ada_annex_p.re2c:105:9: note: macro "YYDEBUG" defined here
ada_annex_p_re2c.c:12099:10: error: macro "YYDEBUG" requires 2 arguments, but only 1 given
ada_annex_p.re2c:105:9: note: macro "YYDEBUG" defined here
ada_annex_p_re2c.c:12110:10: error: macro "YYDEBUG" requires 2 arguments, but only 1 given
ada_annex_p.re2c:105:9: note: macro "YYDEBUG" defined here
ada_annex_p_re2c.c:12234:10: error: macro "YYDEBUG" requires 2 arguments, but only 1 given
ada_annex_p.re2c:105:9: note: macro "YYDEBUG" defined here
ada_annex_p_re2c.c:12239:10: error: macro "YYDEBUG" requires 2 arguments, but only 1 given
ada_annex_p.re2c:105:9: note: macro "YYDEBUG" defined here
ada_annex_p_re2c.c:12363:10: error: macro "YYDEBUG" requires 2 arguments, but only 1 given
ada_annex_p.re2c:105:9: note: macro "YYDEBUG" defined here
ada_annex_p_re2c.c:12368:10: error: macro "YYDEBUG" requires 2 arguments, but only 1 given
ada_annex_p.re2c:105:9: note: macro "YYDEBUG" defined here
ada_annex_p_re2c.c:12379:10: error: macro "YYDEBUG" requires 2 arguments, but only 1 given
ada_annex_p.re2c:105:9: note: macro "YYDEBUG" defined here
ada_annex_p_re2c.c:12390:10: error: macro "YYDEBUG" requires 2 arguments, but only 1 given
ada_annex_p.re2c:105:9: note: macro "YYDEBUG" defined here
ada_annex_p_re2c.c:12401:10: error: macro "YYDEBUG" requires 2 arguments, but only 1 given
ada_annex_p.re2c:105:9: note: macro "YYDEBUG" defined here
ada_annex_p_re2c.c:12412:10: error: macro "YYDEBUG" requires 2 arguments, but only 1 given
ada_annex_p.re2c:105:9: note: macro "YYDEBUG" defined here
ada_annex_p_re2c.c:12423:10: error: macro "YYDEBUG" requires 2 arguments, but only 1 given
ada_annex_p.re2c:105:9: note: macro "YYDEBUG" defined here
ada_annex_p_re2c.c:12434:10: error: macro "YYDEBUG" requires 2 arguments, but only 1 given
ada_annex_p.re2c:105:9: note: macro "YYDEBUG" defined here
ada_annex_p_re2c.c:12445:10: error: macro "YYDEBUG" requires 2 arguments, but only 1 given
ada_annex_p.re2c:105:9: note: macro "YYDEBUG" defined here
ada_annex_p_re2c.c:12456:10: error: macro "YYDEBUG" requires 2 arguments, but only 1 given
ada_annex_p.re2c:105:9: note: macro "YYDEBUG" defined here
ada_annex_p_re2c.c:12467:10: error: macro "YYDEBUG" requires 2 arguments, but only 1 given
ada_annex_p.re2c:105:9: note: macro "YYDEBUG" defined here
ada_annex_p_re2c.c:12478:10: error: macro "YYDEBUG" requires 2 arguments, but only 1 given
ada_annex_p.re2c:105:9: note: macro "YYDEBUG" defined here
ada_annex_p_re2c.c:12489:10: error: macro "YYDEBUG" requires 2 arguments, but only 1 given
ada_annex_p.re2c:105:9: note: macro "YYDEBUG" defined here
ada_annex_p_re2c.c:12500:10: error: macro "YYDEBUG" requires 2 arguments, but only 1 given
ada_annex_p.re2c:105:9: note: macro "YYDEBUG" defined here
ada_annex_p_re2c.c:12511:10: error: macro "YYDEBUG" requires 2 arguments, but only 1 given
ada_annex_p.re2c:105:9: note: macro "YYDEBUG" defined here
ada_annex_p_re2c.c:12635:10: error: macro "YYDEBUG" requires 2 arguments, but only 1 given
ada_annex_p.re2c:105:9: note: macro "YYDEBUG" defined here
ada_annex_p_re2c.c:12640:10: error: macro "YYDEBUG" requires 2 arguments, but only 1 given
ada_annex_p.re2c:105:9: note: macro "YYDEBUG" defined here
ada_annex_p_re2c.c:12764:10: error: macro "YYDEBUG" requires 2 arguments, but only 1 given
ada_annex_p.re2c:105:9: note: macro "YYDEBUG" defined here
ada_annex_p_re2c.c:12769:10: error: macro "YYDEBUG" requires 2 arguments, but only 1 given
ada_annex_p.re2c:105:9: note: macro "YYDEBUG" defined here
ada_annex_p_re2c.c:12780:10: error: macro "YYDEBUG" requires 2 arguments, but only 1 given
ada_annex_p.re2c:105:9: note: macro "YYDEBUG" defined here
ada_annex_p_re2c.c:12791:10: error: macro "YYDEBUG" requires 2 arguments, but only 1 given
ada_annex_p.re2c:105:9: note: macro "YYDEBUG" defined here
ada_annex_p_re2c.c:12802:10: error: macro "YYDEBUG" requires 2 arguments, but only 1 given
ada_annex_p.re2c:105:9: note: macro "YYDEBUG" defined here
ada_annex_p_re2c.c:12813:10: error: macro "YYDEBUG" requires 2 arguments, but only 1 given
ada_annex_p.re2c:105:9: note: macro "YYDEBUG" defined here
ada_annex_p_re2c.c:12824:10: error: macro "YYDEBUG" requires 2 arguments, but only 1 given
ada_annex_p.re2c:105:9: note: macro "YYDEBUG" defined here
ada_annex_p_re2c.c:12835:10: error: macro "YYDEBUG" requires 2 arguments, but only 1 given
ada_annex_p.re2c:105:9: note: macro "YYDEBUG" defined here
ada_annex_p_re2c.c:12846:10: error: macro "YYDEBUG" requires 2 arguments, but only 1 given
ada_annex_p.re2c:105:9: note: macro "YYDEBUG" defined here
ada_annex_p_re2c.c:12857:10: error: macro "YYDEBUG" requires 2 arguments, but only 1 given
ada_annex_p.re2c:105:9: note: macro "YYDEBUG" defined here
ada_annex_p_re2c.c:12868:10: error: macro "YYDEBUG" requires 2 arguments, but only 1 given
ada_annex_p.re2c:105:9: note: macro "YYDEBUG" defined here
ada_annex_p_re2c.c:12879:10: error: macro "YYDEBUG" requires 2 arguments, but only 1 given
ada_annex_p.re2c:105:9: note: macro "YYDEBUG" defined here
ada_annex_p_re2c.c:12890:10: error: macro "YYDEBUG" requires 2 arguments, but only 1 given
ada_annex_p.re2c:105:9: note: macro "YYDEBUG" defined here
ada_annex_p_re2c.c:13014:10: error: macro "YYDEBUG" requires 2 arguments, but only 1 given
ada_annex_p.re2c:105:9: note: macro "YYDEBUG" defined here
ada_annex_p_re2c.c:13019:10: error: macro "YYDEBUG" requires 2 arguments, but only 1 given
ada_annex_p.re2c:105:9: note: macro "YYDEBUG" defined here
ada_annex_p_re2c.c:13143:10: error: macro "YYDEBUG" requires 2 arguments, but only 1 given
ada_annex_p.re2c:105:9: note: macro "YYDEBUG" defined here
ada_annex_p_re2c.c:13148:10: error: macro "YYDEBUG" requires 2 arguments, but only 1 given
ada_annex_p.re2c:105:9: note: macro "YYDEBUG" defined here
ada_annex_p_re2c.c:13154:10: error: macro "YYDEBUG" requires 2 arguments, but only 1 given
ada_annex_p.re2c:105:9: note: macro "YYDEBUG" defined here
ada_annex_p_re2c.c:13158:10: error: macro "YYDEBUG" requires 2 arguments, but only 1 given
ada_annex_p.re2c:105:9: note: macro "YYDEBUG" defined here
ada_annex_p_re2c.c:13186:10: error: macro "YYDEBUG" requires 2 arguments, but only 1 given
ada_annex_p.re2c:105:9: note: macro "YYDEBUG" defined here
ada_annex_p_re2c.c:13194:10: error: macro "YYDEBUG" requires 2 arguments, but only 1 given
ada_annex_p.re2c:105:9: note: macro "YYDEBUG" defined here
ada_annex_p_re2c.c:13202:10: error: macro "YYDEBUG" requires 2 arguments, but only 1 given
ada_annex_p.re2c:105:9: note: macro "YYDEBUG" defined here
ada_annex_p_re2c.c:13210:10: error: macro "YYDEBUG" requires 2 arguments, but only 1 given
ada_annex_p.re2c:105:9: note: macro "YYDEBUG" defined here
ada_annex_p_re2c.c:13221:10: error: macro "YYDEBUG" requires 2 arguments, but only 1 given
ada_annex_p.re2c:105:9: note: macro "YYDEBUG" defined here
ada_annex_p_re2c.c:13345:10: error: macro "YYDEBUG" requires 2 arguments, but only 1 given
ada_annex_p.re2c:105:9: note: macro "YYDEBUG" defined here
ada_annex_p_re2c.c:13350:10: error: macro "YYDEBUG" requires 2 arguments, but only 1 given
ada_annex_p.re2c:105:9: note: macro "YYDEBUG" defined here
ada_annex_p_re2c.c:13474:10: error: macro "YYDEBUG" requires 2 arguments, but only 1 given
ada_annex_p.re2c:105:9: note: macro "YYDEBUG" defined here
ada_annex_p_re2c.c:13479:10: error: macro "YYDEBUG" requires 2 arguments, but only 1 given
ada_annex_p.re2c:105:9: note: macro "YYDEBUG" defined here
ada_annex_p_re2c.c:13490:10: error: macro "YYDEBUG" requires 2 arguments, but only 1 given
ada_annex_p.re2c:105:9: note: macro "YYDEBUG" defined here
ada_annex_p_re2c.c:13501:10: error: macro "YYDEBUG" requires 2 arguments, but only 1 given
ada_annex_p.re2c:105:9: note: macro "YYDEBUG" defined here
ada_annex_p_re2c.c:13512:10: error: macro "YYDEBUG" requires 2 arguments, but only 1 given
ada_annex_p.re2c:105:9: note: macro "YYDEBUG" defined here
ada_annex_p_re2c.c:13636:10: error: macro "YYDEBUG" requires 2 arguments, but only 1 given
ada_annex_p.re2c:105:9: note: macro "YYDEBUG" defined here
ada_annex_p_re2c.c:13641:10: error: macro "YYDEBUG" requires 2 arguments, but only 1 given
ada_annex_p.re2c:105:9: note: macro "YYDEBUG" defined here
ada_annex_p_re2c.c:13652:10: error: macro "YYDEBUG" requires 2 arguments, but only 1 given
ada_annex_p.re2c:105:9: note: macro "YYDEBUG" defined here
ada_annex_p_re2c.c:13663:10: error: macro "YYDEBUG" requires 2 arguments, but only 1 given
ada_annex_p.re2c:105:9: note: macro "YYDEBUG" defined here
ada_annex_p_re2c.c:13674:10: error: macro "YYDEBUG" requires 2 arguments, but only 1 given
ada_annex_p.re2c:105:9: note: macro "YYDEBUG" defined here
ada_annex_p_re2c.c:13685:10: error: macro "YYDEBUG" requires 2 arguments, but only 1 given
ada_annex_p.re2c:105:9: note: macro "YYDEBUG" defined here
ada_annex_p_re2c.c:13696:10: error: macro "YYDEBUG" requires 2 arguments, but only 1 given
ada_annex_p.re2c:105:9: note: macro "YYDEBUG" defined here
ada_annex_p_re2c.c:13820:10: error: macro "YYDEBUG" requires 2 arguments, but only 1 given
ada_annex_p.re2c:105:9: note: macro "YYDEBUG" defined here
ada_annex_p_re2c.c:13825:10: error: macro "YYDEBUG" requires 2 arguments, but only 1 given
ada_annex_p.re2c:105:9: note: macro "YYDEBUG" defined here
ada_annex_p_re2c.c:13836:10: error: macro "YYDEBUG" requires 2 arguments, but only 1 given
ada_annex_p.re2c:105:9: note: macro "YYDEBUG" defined here
ada_annex_p_re2c.c:13847:10: error: macro "YYDEBUG" requires 2 arguments, but only 1 given
ada_annex_p.re2c:105:9: note: macro "YYDEBUG" defined here
ada_annex_p_re2c.c:13858:10: error: macro "YYDEBUG" requires 2 arguments, but only 1 given
ada_annex_p.re2c:105:9: note: macro "YYDEBUG" defined here
ada_annex_p_re2c.c:13982:10: error: macro "YYDEBUG" requires 2 arguments, but only 1 given
ada_annex_p.re2c:105:9: note: macro "YYDEBUG" defined here
ada_annex_p_re2c.c:13987:10: error: macro "YYDEBUG" requires 2 arguments, but only 1 given
ada_annex_p.re2c:105:9: note: macro "YYDEBUG" defined here
ada_annex_p_re2c.c:13998:10: error: macro "YYDEBUG" requires 2 arguments, but only 1 given
ada_annex_p.re2c:105:9: note: macro "YYDEBUG" defined here
ada_annex_p_re2c.c:14009:10: error: macro "YYDEBUG" requires 2 arguments, but only 1 given
ada_annex_p.re2c:105:9: note: macro "YYDEBUG" defined here
ada_annex_p_re2c.c:14020:10: error: macro "YYDEBUG" requires 2 arguments, but only 1 given
ada_annex_p.re2c:105:9: note: macro "YYDEBUG" defined here
ada_annex_p_re2c.c:14144:10: error: macro "YYDEBUG" requires 2 arguments, but only 1 given
ada_annex_p.re2c:105:9: note: macro "YYDEBUG" defined here
ada_annex_p_re2c.c:14149:10: error: macro "YYDEBUG" requires 2 arguments, but only 1 given
ada_annex_p.re2c:105:9: note: macro "YYDEBUG" defined here
ada_annex_p_re2c.c:14160:10: error: macro "YYDEBUG" requires 2 arguments, but only 1 given
ada_annex_p.re2c:105:9: note: macro "YYDEBUG" defined here
ada_annex_p_re2c.c:14171:10: error: macro "YYDEBUG" requires 2 arguments, but only 1 given
ada_annex_p.re2c:105:9: note: macro "YYDEBUG" defined here
ada_annex_p_re2c.c:14295:10: error: macro "YYDEBUG" requires 2 arguments, but only 1 given
ada_annex_p.re2c:105:9: note: macro "YYDEBUG" defined here
ada_annex_p_re2c.c:14300:10: error: macro "YYDEBUG" requires 2 arguments, but only 1 given
ada_annex_p.re2c:105:9: note: macro "YYDEBUG" defined here
ada_annex_p_re2c.c:14311:10: error: macro "YYDEBUG" requires 2 arguments, but only 1 given
ada_annex_p.re2c:105:9: note: macro "YYDEBUG" defined here
ada_annex_p_re2c.c:14435:10: error: macro "YYDEBUG" requires 2 arguments, but only 1 given
ada_annex_p.re2c:105:9: note: macro "YYDEBUG" defined here
ada_annex_p_re2c.c:14440:10: error: macro "YYDEBUG" requires 2 arguments, but only 1 given
ada_annex_p.re2c:105:9: note: macro "YYDEBUG" defined here
ada_annex_p_re2c.c:14451:10: error: macro "YYDEBUG" requires 2 arguments, but only 1 given
ada_annex_p.re2c:105:9: note: macro "YYDEBUG" defined here
ada_annex_p_re2c.c:14462:10: error: macro "YYDEBUG" requires 2 arguments, but only 1 given
ada_annex_p.re2c:105:9: note: macro "YYDEBUG" defined here
ada_annex_p_re2c.c:14473:10: error: macro "YYDEBUG" requires 2 arguments, but only 1 given
ada_annex_p.re2c:105:9: note: macro "YYDEBUG" defined here
ada_annex_p_re2c.c:14597:10: error: macro "YYDEBUG" requires 2 arguments, but only 1 given
ada_annex_p.re2c:105:9: note: macro "YYDEBUG" defined here
ada_annex_p_re2c.c:14602:10: error: macro "YYDEBUG" requires 2 arguments, but only 1 given
ada_annex_p.re2c:105:9: note: macro "YYDEBUG" defined here
ada_annex_p_re2c.c:14613:10: error: macro "YYDEBUG" requires 2 arguments, but only 1 given
ada_annex_p.re2c:105:9: note: macro "YYDEBUG" defined here
ada_annex_p_re2c.c:14621:10: error: macro "YYDEBUG" requires 2 arguments, but only 1 given
ada_annex_p.re2c:105:9: note: macro "YYDEBUG" defined here
ada_annex_p_re2c.c:14807:10: error: macro "YYDEBUG" requires 2 arguments, but only 1 given
ada_annex_p.re2c:105:9: note: macro "YYDEBUG" defined here
ada_annex_p_re2c.c:14993:10: error: macro "YYDEBUG" requires 2 arguments, but only 1 given
ada_annex_p.re2c:105:9: note: macro "YYDEBUG" defined here
ada_annex_p_re2c.c:15179:10: error: macro "YYDEBUG" requires 2 arguments, but only 1 given
ada_annex_p.re2c:105:9: note: macro "YYDEBUG" defined here
ada_annex_p_re2c.c:15190:10: error: macro "YYDEBUG" requires 2 arguments, but only 1 given
ada_annex_p.re2c:105:9: note: macro "YYDEBUG" defined here
ada_annex_p_re2c.c:15314:10: error: macro "YYDEBUG" requires 2 arguments, but only 1 given
ada_annex_p.re2c:105:9: note: macro "YYDEBUG" defined here
ada_annex_p_re2c.c:15319:10: error: macro "YYDEBUG" requires 2 arguments, but only 1 given
ada_annex_p.re2c:105:9: note: macro "YYDEBUG" defined here
ada_annex_p_re2c.c:15330:10: error: macro "YYDEBUG" requires 2 arguments, but only 1 given
ada_annex_p.re2c:105:9: note: macro "YYDEBUG" defined here
ada_annex_p_re2c.c:15454:10: error: macro "YYDEBUG" requires 2 arguments, but only 1 given
ada_annex_p.re2c:105:9: note: macro "YYDEBUG" defined here
ada_annex_p_re2c.c:15459:10: error: macro "YYDEBUG" requires 2 arguments, but only 1 given
ada_annex_p.re2c:105:9: note: macro "YYDEBUG" defined here
ada_annex_p_re2c.c:15470:10: error: macro "YYDEBUG" requires 2 arguments, but only 1 given
ada_annex_p.re2c:105:9: note: macro "YYDEBUG" defined here
ada_annex_p_re2c.c:15481:10: error: macro "YYDEBUG" requires 2 arguments, but only 1 given
ada_annex_p.re2c:105:9: note: macro "YYDEBUG" defined here
ada_annex_p_re2c.c:15605:10: error: macro "YYDEBUG" requires 2 arguments, but only 1 given
ada_annex_p.re2c:105:9: note: macro "YYDEBUG" defined here
ada_annex_p_re2c.c:15610:10: error: macro "YYDEBUG" requires 2 arguments, but only 1 given
ada_annex_p.re2c:105:9: note: macro "YYDEBUG" defined here
ada_annex_p_re2c.c:15621:10: error: macro "YYDEBUG" requires 2 arguments, but only 1 given
ada_annex_p.re2c:105:9: note: macro "YYDEBUG" defined here
ada_annex_p_re2c.c:15745:10: error: macro "YYDEBUG" requires 2 arguments, but only 1 given
ada_annex_p.re2c:105:9: note: macro "YYDEBUG" defined here
ada_annex_p_re2c.c:15750:10: error: macro "YYDEBUG" requires 2 arguments, but only 1 given
ada_annex_p.re2c:105:9: note: macro "YYDEBUG" defined here
ada_annex_p_re2c.c:15761:10: error: macro "YYDEBUG" requires 2 arguments, but only 1 given
ada_annex_p.re2c:105:9: note: macro "YYDEBUG" defined here
ada_annex_p_re2c.c:15885:10: error: macro "YYDEBUG" requires 2 arguments, but only 1 given
ada_annex_p.re2c:105:9: note: macro "YYDEBUG" defined here
ada_annex_p_re2c.c:15890:10: error: macro "YYDEBUG" requires 2 arguments, but only 1 given
ada_annex_p.re2c:105:9: note: macro "YYDEBUG" defined here
ada_annex_p_re2c.c:15901:10: error: macro "YYDEBUG" requires 2 arguments, but only 1 given
ada_annex_p.re2c:105:9: note: macro "YYDEBUG" defined here
ada_annex_p_re2c.c:16025:10: error: macro "YYDEBUG" requires 2 arguments, but only 1 given
ada_annex_p.re2c:105:9: note: macro "YYDEBUG" defined here
ada_annex_p_re2c.c:16030:10: error: macro "YYDEBUG" requires 2 arguments, but only 1 given
ada_annex_p.re2c:105:9: note: macro "YYDEBUG" defined here
ada_annex_p_re2c.c:16041:10: error: macro "YYDEBUG" requires 2 arguments, but only 1 given
ada_annex_p.re2c:105:9: note: macro "YYDEBUG" defined here
ada_annex_p_re2c.c:16052:10: error: macro "YYDEBUG" requires 2 arguments, but only 1 given
ada_annex_p.re2c:105:9: note: macro "YYDEBUG" defined here
ada_annex_p_re2c.c:16176:10: error: macro "YYDEBUG" requires 2 arguments, but only 1 given
ada_annex_p.re2c:105:9: note: macro "YYDEBUG" defined here
ada_annex_p_re2c.c:16181:10: error: macro "YYDEBUG" requires 2 arguments, but only 1 given
ada_annex_p.re2c:105:9: note: macro "YYDEBUG" defined here
ada_annex_p_re2c.c:16305:10: error: macro "YYDEBUG" requires 2 arguments, but only 1 given
ada_annex_p.re2c:105:9: note: macro "YYDEBUG" defined here
ada_annex_p_re2c.c:16310:10: error: macro "YYDEBUG" requires 2 arguments, but only 1 given
ada_annex_p.re2c:105:9: note: macro "YYDEBUG" defined here
ada_annex_p_re2c.c:16434:10: error: macro "YYDEBUG" requires 2 arguments, but only 1 given
ada_annex_p.re2c:105:9: note: macro "YYDEBUG" defined here
ada_annex_p_re2c.c:16439:10: error: macro "YYDEBUG" requires 2 arguments, but only 1 given
ada_annex_p.re2c:105:9: note: macro "YYDEBUG" defined here
ada_annex_p_re2c.c:16450:10: error: macro "YYDEBUG" requires 2 arguments, but only 1 given
ada_annex_p.re2c:105:9: note: macro "YYDEBUG" defined here
ada_annex_p_re2c.c:16574:10: error: macro "YYDEBUG" requires 2 arguments, but only 1 given
ada_annex_p.re2c:105:9: note: macro "YYDEBUG" defined here
ada_annex_p_re2c.c:16579:10: error: macro "YYDEBUG" requires 2 arguments, but only 1 given
ada_annex_p.re2c:105:9: note: macro "YYDEBUG" defined here
ada_annex_p_re2c.c:16590:10: error: macro "YYDEBUG" requires 2 arguments, but only 1 given
ada_annex_p.re2c:105:9: note: macro "YYDEBUG" defined here
ada_annex_p_re2c.c:16601:10: error: macro "YYDEBUG" requires 2 arguments, but only 1 given
ada_annex_p.re2c:105:9: note: macro "YYDEBUG" defined here
ada_annex_p_re2c.c:16607:10: error: macro "YYDEBUG" requires 2 arguments, but only 1 given
ada_annex_p.re2c:105:9: note: macro "YYDEBUG" defined here
ada_annex_p_re2c.c:16678:10: error: macro "YYDEBUG" requires 2 arguments, but only 1 given
ada_annex_p.re2c:105:9: note: macro "YYDEBUG" defined here
ada_annex_p_re2c.c:16717:10: error: macro "YYDEBUG" requires 2 arguments, but only 1 given
ada_annex_p.re2c:105:9: note: macro "YYDEBUG" defined here
ada_annex_p_re2c.c:16788:10: error: macro "YYDEBUG" requires 2 arguments, but only 1 given
ada_annex_p.re2c:105:9: note: macro "YYDEBUG" defined here
ada_annex_p_re2c.c:16843:10: error: macro "YYDEBUG" requires 2 arguments, but only 1 given
ada_annex_p.re2c:105:9: note: macro "YYDEBUG" defined here
ada_annex_p_re2c.c:16914:10: error: macro "YYDEBUG" requires 2 arguments, but only 1 given
ada_annex_p.re2c:105:9: note: macro "YYDEBUG" defined here
ada_annex_p_re2c.c:16937:10: error: macro "YYDEBUG" requires 2 arguments, but only 1 given
ada_annex_p.re2c:105:9: note: macro "YYDEBUG" defined here
ada_annex_p_re2c.c:16943:10: error: macro "YYDEBUG" requires 2 arguments, but only 1 given
ada_annex_p.re2c:105:9: note: macro "YYDEBUG" defined here
ada_annex_p_re2c.c:17014:10: error: macro "YYDEBUG" requires 2 arguments, but only 1 given
ada_annex_p.re2c:105:9: note: macro "YYDEBUG" defined here
ada_annex_p_re2c.c:17053:10: error: macro "YYDEBUG" requires 2 arguments, but only 1 given
ada_annex_p.re2c:105:9: note: macro "YYDEBUG" defined here
ada_annex_p_re2c.c:17124:10: error: macro "YYDEBUG" requires 2 arguments, but only 1 given
ada_annex_p.re2c:105:9: note: macro "YYDEBUG" defined here
ada_annex_p_re2c.c:17179:10: error: macro "YYDEBUG" requires 2 arguments, but only 1 given
ada_annex_p.re2c:105:9: note: macro "YYDEBUG" defined here
ada_annex_p_re2c.c:17250:10: error: macro "YYDEBUG" requires 2 arguments, but only 1 given
ada_annex_p.re2c:105:9: note: macro "YYDEBUG" defined here
ada_annex_p_re2c.c:17273:10: error: macro "YYDEBUG" requires 2 arguments, but only 1 given
ada_annex_p.re2c:105:9: note: macro "YYDEBUG" defined here
ada_annex_p_re2c.c:17279:10: error: macro "YYDEBUG" requires 2 arguments, but only 1 given
ada_annex_p.re2c:105:9: note: macro "YYDEBUG" defined here
ada_annex_p_re2c.c:17350:10: error: macro "YYDEBUG" requires 2 arguments, but only 1 given
ada_annex_p.re2c:105:9: note: macro "YYDEBUG" defined here
ada_annex_p_re2c.c:17389:10: error: macro "YYDEBUG" requires 2 arguments, but only 1 given
ada_annex_p.re2c:105:9: note: macro "YYDEBUG" defined here
ada_annex_p_re2c.c:17460:10: error: macro "YYDEBUG" requires 2 arguments, but only 1 given
ada_annex_p.re2c:105:9: note: macro "YYDEBUG" defined here
ada_annex_p_re2c.c:17515:10: error: macro "YYDEBUG" requires 2 arguments, but only 1 given
ada_annex_p.re2c:105:9: note: macro "YYDEBUG" defined here
ada_annex_p_re2c.c:17586:10: error: macro "YYDEBUG" requires 2 arguments, but only 1 given
ada_annex_p.re2c:105:9: note: macro "YYDEBUG" defined here
ada_annex_p_re2c.c:17609:10: error: macro "YYDEBUG" requires 2 arguments, but only 1 given
ada_annex_p.re2c:105:9: note: macro "YYDEBUG" defined here
ada_annex_p_re2c.c:17733:10: error: macro "YYDEBUG" requires 2 arguments, but only 1 given
ada_annex_p.re2c:105:9: note: macro "YYDEBUG" defined here
ada_annex_p_re2c.c:17738:10: error: macro "YYDEBUG" requires 2 arguments, but only 1 given
ada_annex_p.re2c:105:9: note: macro "YYDEBUG" defined here
ada_annex_p_re2c.c:17862:10: error: macro "YYDEBUG" requires 2 arguments, but only 1 given
ada_annex_p.re2c:105:9: note: macro "YYDEBUG" defined here
ada_annex_p_re2c.c:17867:10: error: macro "YYDEBUG" requires 2 arguments, but only 1 given
ada_annex_p.re2c:105:9: note: macro "YYDEBUG" defined here
ada_annex_p_re2c.c:17878:10: error: macro "YYDEBUG" requires 2 arguments, but only 1 given
ada_annex_p.re2c:105:9: note: macro "YYDEBUG" defined here
ada_annex_p_re2c.c:18002:10: error: macro "YYDEBUG" requires 2 arguments, but only 1 given
ada_annex_p.re2c:105:9: note: macro "YYDEBUG" defined here
ada_annex_p_re2c.c:18007:10: error: macro "YYDEBUG" requires 2 arguments, but only 1 given
ada_annex_p.re2c:105:9: note: macro "YYDEBUG" defined here
ada_annex_p_re2c.c:18018:10: error: macro "YYDEBUG" requires 2 arguments, but only 1 given
ada_annex_p.re2c:105:9: note: macro "YYDEBUG" defined here
ada_annex_p_re2c.c:18029:10: error: macro "YYDEBUG" requires 2 arguments, but only 1 given
ada_annex_p.re2c:105:9: note: macro "YYDEBUG" defined here
ada_annex_p_re2c.c:18153:10: error: macro "YYDEBUG" requires 2 arguments, but only 1 given
ada_annex_p.re2c:105:9: note: macro "YYDEBUG" defined here
ada_annex_p_re2c.c:18158:10: error: macro "YYDEBUG" requires 2 arguments, but only 1 given
ada_annex_p.re2c:105:9: note: macro "YYDEBUG" defined here
ada_annex_p_re2c.c:18169:10: error: macro "YYDEBUG" requires 2 arguments, but only 1 given
ada_annex_p.re2c:105:9: note: macro "YYDEBUG" defined here
ada_annex_p_re2c.c:18180:10: error: macro "YYDEBUG" requires 2 arguments, but only 1 given
ada_annex_p.re2c:105:9: note: macro "YYDEBUG" defined here
ada_annex_p_re2c.c:18304:10: error: macro "YYDEBUG" requires 2 arguments, but only 1 given
ada_annex_p.re2c:105:9: note: macro "YYDEBUG" defined here
ada_annex_p_re2c.c:18309:10: error: macro "YYDEBUG" requires 2 arguments, but only 1 given
ada_annex_p.re2c:105:9: note: macro "YYDEBUG" defined here
ada_annex_p_re2c.c:18320:10: error: macro "YYDEBUG" requires 2 arguments, but only 1 given
ada_annex_p.re2c:105:9: note: macro "YYDEBUG" defined here
ada_annex_p_re2c.c:18331:10: error: macro "YYDEBUG" requires 2 arguments, but only 1 given
ada_annex_p.re2c:105:9: note: macro "YYDEBUG" defined here
ada_annex_p_re2c.c:18455:10: error: macro "YYDEBUG" requires 2 arguments, but only 1 given
ada_annex_p.re2c:105:9: note: macro "YYDEBUG" defined here
ada_annex_p_re2c.c:18460:10: error: macro "YYDEBUG" requires 2 arguments, but only 1 given
ada_annex_p.re2c:105:9: note: macro "YYDEBUG" defined here
ada_annex_p_re2c.c:18584:10: error: macro "YYDEBUG" requires 2 arguments, but only 1 given
ada_annex_p.re2c:105:9: note: macro "YYDEBUG" defined here
ada_annex_p_re2c.c:18589:10: error: macro "YYDEBUG" requires 2 arguments, but only 1 given
ada_annex_p.re2c:105:9: note: macro "YYDEBUG" defined here
ada_annex_p_re2c.c:18600:10: error: macro "YYDEBUG" requires 2 arguments, but only 1 given
ada_annex_p.re2c:105:9: note: macro "YYDEBUG" defined here
ada_annex_p_re2c.c:18724:10: error: macro "YYDEBUG" requires 2 arguments, but only 1 given
ada_annex_p.re2c:105:9: note: macro "YYDEBUG" defined here
ada_annex_p_re2c.c:18729:10: error: macro "YYDEBUG" requires 2 arguments, but only 1 given
ada_annex_p.re2c:105:9: note: macro "YYDEBUG" defined here
ada_annex_p_re2c.c:18853:10: error: macro "YYDEBUG" requires 2 arguments, but only 1 given
ada_annex_p.re2c:105:9: note: macro "YYDEBUG" defined here
ada_annex_p_re2c.c:18858:10: error: macro "YYDEBUG" requires 2 arguments, but only 1 given
ada_annex_p.re2c:105:9: note: macro "YYDEBUG" defined here
ada_annex_p_re2c.c:18869:10: error: macro "YYDEBUG" requires 2 arguments, but only 1 given
ada_annex_p.re2c:105:9: note: macro "YYDEBUG" defined here
ada_annex_p_re2c.c:18993:10: error: macro "YYDEBUG" requires 2 arguments, but only 1 given
ada_annex_p.re2c:105:9: note: macro "YYDEBUG" defined here
ada_annex_p_re2c.c:18998:10: error: macro "YYDEBUG" requires 2 arguments, but only 1 given
ada_annex_p.re2c:105:9: note: macro "YYDEBUG" defined here
ada_annex_p_re2c.c:19122:10: error: macro "YYDEBUG" requires 2 arguments, but only 1 given
ada_annex_p.re2c:105:9: note: macro "YYDEBUG" defined here
ada_annex_p_re2c.c:19127:10: error: macro "YYDEBUG" requires 2 arguments, but only 1 given
ada_annex_p.re2c:105:9: note: macro "YYDEBUG" defined here
ada_annex_p_re2c.c:19138:10: error: macro "YYDEBUG" requires 2 arguments, but only 1 given
ada_annex_p.re2c:105:9: note: macro "YYDEBUG" defined here
ada_annex_p_re2c.c:19149:10: error: macro "YYDEBUG" requires 2 arguments, but only 1 given
ada_annex_p.re2c:105:9: note: macro "YYDEBUG" defined here
ada_annex_p_re2c.c:19273:10: error: macro "YYDEBUG" requires 2 arguments, but only 1 given
ada_annex_p.re2c:105:9: note: macro "YYDEBUG" defined here
emacs_ada_mode.gpr: error: [C Compile] ada_annex_p_re2c.c (emacs_ada_mode.gpr) failed with status 1
stderr: Command ["gprbuild", "-s", "-j0", "-p", "-P", "D:\a\alire-crates-ci\alire-crates-ci\test\446c0888-a2f3-48a2-b845-6cea5fb82f61\emacs_ada_mode_8.1.0_114ab44a\emacs_ada_mode.gpr", "-cargs:Ada", "-gnatwn"] exited with code 4
ERROR: Command ["gprbuild", "-s", "-j0", "-p", "-P", "D:\a\alire-crates-ci\alire-crates-ci\test\446c0888-a2f3-48a2-b845-6cea5fb82f61\emacs_ada_mode_8.1.0_114ab44a\emacs_ada_mode.gpr", "-cargs:Ada", "-gnatwn"] exited with code 4
stderr: ALIRE.CHECKED_ERROR
stderr: Command ["gprbuild", "-s", "-j0", "-p", "-P", "D:\a\alire-crates-ci\alire-crates-ci\test\446c0888-a2f3-48a2-b845-6cea5fb82f61\emacs_ada_mode_8.1.0_114ab44a\emacs_ada_mode.gpr", "-cargs:Ada", "-gnatwn"] exited with code 4
stderr: raised ALIRE.CHECKED_ERROR : alire-stored-error:1
[D:\a\alire-crates-ci\alire-crates-ci\alire_install\bin\alr.exe]
0x7ff76607da2a Semantic_Versioning.Basic.Restrictions.First_Index at alire.adb:284
0x7ff765c7595b Semantic_Versioning.Basic.Restrictions.First_Index at alire-os_lib-subprocess.adb:111
0x7ff765f2cba1 Semantic_Versioning.Basic.Restrictions.First_Index at alire-spawn.adb:22
0x7ff765f2dd5d Semantic_Versioning.Basic.Restrictions.First_Index at alire-spawn.adb:68
0x7ff765e52d64 Semantic_Versioning.Basic.Restrictions.First_Index at alire-roots.adb:189
0x7ff765e511da Semantic_Versioning.Basic.Restrictions.First_Index at alire-roots.adb:255
0x7ff765e7912d Semantic_Versioning.Basic.Restrictions.First_Index at alire-roots.adb:2143
0x7ff765ee82f9 Semantic_Versioning.Basic.Restrictions.First_Index at alire-solutions.adb:1472
0x7ff765ee7424 Semantic_Versioning.Basic.Restrictions.First_Index at alire-solutions.adb:1555
0x7ff765e7922c Semantic_Versioning.Basic.Restrictions.First_Index at alire-roots.adb:2147
0x7ff765e792fa Semantic_Versioning.Basic.Restrictions.First_Index at alire-roots.adb:2127
0x7ff765e517a7 Semantic_Versioning.Basic.Restrictions.First_Index at alire-roots.adb:286
0x7ff765e51912 Semantic_Versioning.Basic.Restrictions.First_Index at alire-roots.adb:114
0x7ff7655c3baa Semantic_Versioning.Basic.Restrictions.First_Index at alr-commands-build.adb:145
0x7ff7655c341e Semantic_Versioning.Basic.Restrictions.First_Index at alr-commands-build.adb:113
0x7ff7655c35ba Semantic_Versioning.Basic.Restrictions.First_Index at alr-commands-build.adb:54
0x7ff765675dea Semantic_Versioning.Basic.Restrictions.First_Index at clic-subcommand-instance.adb:749
0x7ff765682b0e Semantic_Versioning.Basic.Restrictions.First_Index at alr-commands.adb:632
0x7ff7655516a0 Alr.Main at alr-main.adb:13
0x7ff765555270 Main at b__alr-main.adb:2454
0x7ff76555133e __tmainCRTStartup at ???
0x7ff765551144 mainCRTStartup at ???
[C:\Windows\System32\KERNEL32.DLL]
0x7ffbc2f5e8d5
[C:\Windows\SYSTEM32\ntdll.dll]
0x7ffbc3e8c53a

stderr: ALIRE.ROOTS.BUILD._WRAPPED_STATEMENTS.BUILD_FAILED
stderr: alire-roots.adb:202
stderr: raised ALIRE.ROOTS.BUILD._WRAPPED_STATEMENTS.BUILD_FAILED : alire-roots.adb:202
[D:\a\alire-crates-ci\alire-crates-ci\alire_install\bin\alr.exe]
0x7ff765e5313c Semantic_Versioning.Basic.Restrictions.First_Index at alire-roots.adb:202
0x7ff765e511da Semantic_Versioning.Basic.Restrictions.First_Index at alire-roots.adb:255
0x7ff765e7912d Semantic_Versioning.Basic.Restrictions.First_Index at alire-roots.adb:2143
0x7ff765ee82f9 Semantic_Versioning.Basic.Restrictions.First_Index at alire-solutions.adb:1472
0x7ff765ee7424 Semantic_Versioning.Basic.Restrictions.First_Index at alire-solutions.adb:1555
0x7ff765e7922c Semantic_Versioning.Basic.Restrictions.First_Index at alire-roots.adb:2147
0x7ff765e792fa Semantic_Versioning.Basic.Restrictions.First_Index at alire-roots.adb:2127
0x7ff765e517a7 Semantic_Versioning.Basic.Restrictions.First_Index at alire-roots.adb:286
0x7ff765e51912 Semantic_Versioning.Basic.Restrictions.First_Index at alire-roots.adb:114
0x7ff7655c3baa Semantic_Versioning.Basic.Restrictions.First_Index at alr-commands-build.adb:145
0x7ff7655c341e Semantic_Versioning.Basic.Restrictions.First_Index at alr-commands-build.adb:113
0x7ff7655c35ba Semantic_Versioning.Basic.Restrictions.First_Index at alr-commands-build.adb:54
0x7ff765675dea Semantic_Versioning.Basic.Restrictions.First_Index at clic-subcommand-instance.adb:749
0x7ff765682b0e Semantic_Versioning.Basic.Restrictions.First_Index at alr-commands.adb:632
0x7ff7655516a0 Alr.Main at alr-main.adb:13
0x7ff765555270 Main at b__alr-main.adb:2454
0x7ff76555133e __tmainCRTStartup at ???
0x7ff765551144 mainCRTStartup at ???
[C:\Windows\System32\KERNEL32.DLL]
0x7ffbc2f5e8d5
[C:\Windows\SYSTEM32\ntdll.dll]
0x7ffbc3e8c53a

ERROR: Compilation failed.
