Test ran at 2026-09-22 12:59:51.556397+00:00

SOLUTION:
aws=25.2.0: Ada Web Server
Origin: source archive aws-25.2.0-with-templates-parser.zip at https://github.com/AdaCore/aws/releases/download/v25.2.0/aws-25.2.0-with-templates-parser.zip with hash sha512:bb26af84c502135c3ec1137c895d628e5f068810e3ad6c1cad6113256d44d764794ecfdcc12fa9efbdcfc3eaa4a971b56f35dae7c0bbe0f6d953cbaf45a40e10
Properties:
   Post_Fetch run: sh -c mkdir -p `gcc -dumpmachine`/setup/src (from ${CRATE_ROOT}/.)
   Post_Fetch run: sh -c make setup ZLIB=false DEMOS=false LAL=false XMLADA=true SOCKET=openssl prefix=install_dir PRJ_BUILD=Release (from ${CRATE_ROOT}/.)
   Post_Fetch run: sh -c mv `gcc -dumpmachine`/ build/ (from ${CRATE_ROOT}/.)
   Author: AdaCore
   Description: Ada Web Server
   GPR Scenario: PRJ_TARGET := Windows_NT | UNIX | Darwin | vxworks | freebsd
   GPR Scenario: TARGET := <string>
   GPR Scenario: TGT_DIR := <string>
   case OS is
      when Freebsd => (GPR External: PRJ_TARGET := freebsd and GPR External: TARGET := build and GPR External: TGT_DIR := ../build)
      when Linux => (GPR External: PRJ_TARGET := UNIX and GPR External: TARGET := build and GPR External: TGT_DIR := ../build)
      when Macos => (GPR External: PRJ_TARGET := Darwin and GPR External: TARGET := build and GPR External: TGT_DIR := ../build)
      when Windows => (GPR External: PRJ_TARGET := Windows_NT and GPR External: TARGET := build and GPR External: TGT_DIR := ../build)
   License: GPL-3.0-only WITH GCC-exception-3.1
   Maintainer: chouteau@adacore.com
   Maintainers_Logins: Fabien-Chouteau
   Name: aws
   Project_File: aws.gpr
   Project_File: build/projects/aws_config.gpr
   Tag: aws
   Tag: web
   Tag: server
   Tag: http
   Tag: https
   Tag: soap
   Tag: wsdl
   Tag: ssl
   Version: 25.2.0
   Website: https://github.com/adacore/aws
Dependencies (direct):
   gnat>=12
   gnatcoll~25.0.0
   make*
   openssl>=1.1.0
   xmlada~25.0.0
Dependencies (solution):
   gnat=13.2.2 (gnat_native)
   gnatcoll=25.0.0
   libgpr=25.0.0
   make=4.4.1
   openssl=3.6.4
   xmlada=25.0.0
Dependencies (graph):
   aws=25.2.0      --> gnat=13.2.2 (gnat_native) (>=12)
   aws=25.2.0      --> gnatcoll=25.0.0 (~25.0.0)
   aws=25.2.0      --> make=4.4.1 (*)
   aws=25.2.0      --> openssl=3.6.4 (>=1.1.0)
   aws=25.2.0      --> xmlada=25.0.0 (~25.0.0)
   gnatcoll=25.0.0 --> gnat=13.2.2 (gnat_native) (>=13)
   gnatcoll=25.0.0 --> libgpr=25.0.0 (~25.0.0)
   libgpr=25.0.0   --> gnat=13.2.2 (gnat_native) (/=2020)
   libgpr=25.0.0   --> xmlada=25.0.0 (~25.0.0)
   xmlada=25.0.0   --> gnat=13.2.2 (gnat_native) (>=11)


LOG:
[alr test] Testing aws=25.2.0
[alr test] Spawning retrieval for remote crate: alr -d -n get aws=25.2.0
Note: Deploying aws=25.2.0...
#=#=#                                                                          

###############                                                           21.3%
######################################################################## 100.0%
Note: Deploying libgpr=25.0.0...
#=#=#                                                                          
##O#-#                                                                         
##=O#- #                                                                       
Note: Deploying gnatcoll=25.0.0...
#=#=#                                                                          

                                                                           0.2%
########                                                                  11.1%
####################################################################      94.9%
######################################################################## 100.0%

aws=25.2.0 successfully retrieved.
Dependencies were solved as follows:

   +b gnat     13.2.2 (new,gnat_native,binary)
   +  gnatcoll 25.0.0 (new)
   +  libgpr   25.0.0 (new,indirect)
   +b make     4.4.1  (new,system package)
   +b openssl  3.6.4  (new,system package)
   +  xmlada   25.0.0 (new)
[alr test] Spawning default test for remote crate: alr -d -n build --release -- -cargs:Ada -gnatwn
Note: Running post-fetch actions for aws=25.2.0...
Setup
   [mkdir]        exec directory for project Setup
Bind
   [gprbind]      xoscons.bexch
   [Ada]          xoscons.ali
clang: warning: overriding deployment version from '16.0' to '26.0' [-Woverriding-deployment-version]
Link
   [link]         xoscons.adb
ld: warning: object file (b__xoscons.o) was built for newer macOS version (26.0) than being linked (16.0)
ld: warning: object file (/Users/runner/work/alire-crates-ci/alire-crates-ci/test/bfe8dc11-2d8a-4819-8fa5-bfc4f5c9ddd2/aws_25.2.0_bb26af84/aarch64-apple-darwin23.2.0/setup/obj/xutil.o) was built for newer macOS version (26.0) than being linked (16.0)
ld: warning: object file (xoscons.o) was built for newer macOS version (26.0) than being linked (16.0)
Setup OS specific definitions
Can not generate system tags. The test are disabled
Note: Building aws=25.2.0/aws.gpr (1/2)...
Setup
   [mkdir]        object directory for project Zlib
   [mkdir]        library directory for project Zlib
   [mkdir]        object directory for project Include
   [mkdir]        library directory for project Include
   [mkdir]        object directory for project XmlAda_Schema
   [mkdir]        object directory for project GNATCOLL_Minimal
   [mkdir]        library directory for project GNATCOLL_Minimal
   [mkdir]        object directory for project GNATCOLL_Core
   [mkdir]        library directory for project GNATCOLL_Core
   [mkdir]        object directory for project GPR
   [mkdir]        library directory for project GPR
   [mkdir]        object directory for project GNATCOLL_Projects
   [mkdir]        library directory for project GNATCOLL_Projects
   [mkdir]        object directory for project SSL
   [mkdir]        library directory for project SSL
   [mkdir]        object directory for project Src
   [mkdir]        library directory for project Src
   [mkdir]        library directory for project AWS
Compile
   [Ada]          zlib-streams.adb
   [Ada]          zlib-thin.adb
   [Ada]          memory_streams.adb
clang: warning: overriding deployment version from '16.0' to '26.0' [-Woverriding-deployment-version]
   [Ada]          zlib.adb
clang: warning: overriding deployment version from '16.0' to '26.0' [-Woverriding-deployment-version]
   [Ada]          aws-ldap-thin.adb
clang: warning: overriding deployment version from '16.0' to '26.0' [-Woverriding-deployment-version]
   [Ada]          aws-ldap.ads
clang: warning: overriding deployment version from '16.0' to '26.0' [-Woverriding-deployment-version]
   [Ada]          aws-ldap-client.adb
clang: warning: overriding deployment version from '16.0' to '26.0' [-Woverriding-deployment-version]
   [Ada]          templates_parser-xml.adb
clang: warning: overriding deployment version from '16.0' to '26.0' [-Woverriding-deployment-version]
   [Ada]          soap-types-untyped.adb
clang: warning: overriding deployment version from '16.0' to '26.0' [-Woverriding-deployment-version]
   [Ada]          soap-message-response.adb
clang: warning: overriding deployment version from '16.0' to '26.0' [-Woverriding-deployment-version]
   [Ada]          soap-types.adb
clang: warning: overriding deployment version from '16.0' to '26.0' [-Woverriding-deployment-version]
   [Ada]          soap-utils.adb
clang: warning: overriding deployment version from '16.0' to '26.0' [-Woverriding-deployment-version]
   [Ada]          soap.ads
clang: warning: overriding deployment version from '16.0' to '26.0' [-Woverriding-deployment-version]
   [Ada]          soap-message-xml.adb
clang: warning: overriding deployment version from '16.0' to '26.0' [-Woverriding-deployment-version]
   [Ada]          soap-dispatchers.adb
clang: warning: overriding deployment version from '16.0' to '26.0' [-Woverriding-deployment-version]
   [Ada]          soap-wsdl-name_spaces.adb
clang: warning: overriding deployment version from '16.0' to '26.0' [-Woverriding-deployment-version]
   [Ada]          soap-wsdl-schema.adb
clang: warning: overriding deployment version from '16.0' to '26.0' [-Woverriding-deployment-version]
   [Ada]          soap-parameters.adb
clang: warning: overriding deployment version from '16.0' to '26.0' [-Woverriding-deployment-version]
   [Ada]          soap-wsdl.adb
clang: warning: overriding deployment version from '16.0' to '26.0' [-Woverriding-deployment-version]
   [Ada]          soap-client.adb
clang: warning: overriding deployment version from '16.0' to '26.0' [-Woverriding-deployment-version]
   [Ada]          soap-message-payload.adb
clang: warning: overriding deployment version from '16.0' to '26.0' [-Woverriding-deployment-version]
   [Ada]          soap-message-response-error.adb
clang: warning: overriding deployment version from '16.0' to '26.0' [-Woverriding-deployment-version]
   [Ada]          soap-xml.adb
clang: warning: overriding deployment version from '16.0' to '26.0' [-Woverriding-deployment-version]
   [Ada]          soap-name_space.adb
clang: warning: overriding deployment version from '16.0' to '26.0' [-Woverriding-deployment-version]
   [Ada]          soap-message-reader.adb
clang: warning: overriding deployment version from '16.0' to '26.0' [-Woverriding-deployment-version]
   [Ada]          soap-message.adb
clang: warning: overriding deployment version from '16.0' to '26.0' [-Woverriding-deployment-version]
   [Ada]          soap-dispatchers-callback.adb
clang: warning: overriding deployment version from '16.0' to '26.0' [-Woverriding-deployment-version]
   [Ada]          soap-client-callback.ads
clang: warning: overriding deployment version from '16.0' to '26.0' [-Woverriding-deployment-version]
   [Ada]          aws-jabber-digest_md5.adb
clang: warning: overriding deployment version from '16.0' to '26.0' [-Woverriding-deployment-version]
   [Ada]          aws-client-xml.ads
clang: warning: overriding deployment version from '16.0' to '26.0' [-Woverriding-deployment-version]
   [Ada]          aws-jabber-client.adb
clang: warning: overriding deployment version from '16.0' to '26.0' [-Woverriding-deployment-version]
   [Ada]          aws-jabber.ads
clang: warning: overriding deployment version from '16.0' to '26.0' [-Woverriding-deployment-version]
   [Ada]          aws-client-xml-input_sources.adb
clang: warning: overriding deployment version from '16.0' to '26.0' [-Woverriding-deployment-version]
   [Ada]          aws-os_lib.ads
clang: warning: overriding deployment version from '16.0' to '26.0' [-Woverriding-deployment-version]
   [Ada]          templates_parser.adb
clang: warning: overriding deployment version from '16.0' to '26.0' [-Woverriding-deployment-version]
   [Ada]          templates_parser-debug.adb
clang: warning: overriding deployment version from '16.0' to '26.0' [-Woverriding-deployment-version]
   [Ada]          templates_parser-utils.adb
clang: warning: overriding deployment version from '16.0' to '26.0' [-Woverriding-deployment-version]
   [Ada]          templates_parser-query.adb
clang: warning: overriding deployment version from '16.0' to '26.0' [-Woverriding-deployment-version]
   [Ada]          aws-http2-frame.adb
clang: warning: overriding deployment version from '16.0' to '26.0' [-Woverriding-deployment-version]
   [Ada]          aws-http2-message-list.ads
clang: warning: overriding deployment version from '16.0' to '26.0' [-Woverriding-deployment-version]
   [Ada]          aws-http2-stream-set.ads
clang: warning: overriding deployment version from '16.0' to '26.0' [-Woverriding-deployment-version]
   [Ada]          aws-http2-frame-settings.adb
clang: warning: overriding deployment version from '16.0' to '26.0' [-Woverriding-deployment-version]
   [Ada]          aws-http2-frame-priority.adb
clang: warning: overriding deployment version from '16.0' to '26.0' [-Woverriding-deployment-version]
   [Ada]          aws-http2-frame-headers.adb
clang: warning: overriding deployment version from '16.0' to '26.0' [-Woverriding-deployment-version]
   [Ada]          aws-http2.adb
clang: warning: overriding deployment version from '16.0' to '26.0' [-Woverriding-deployment-version]
   [Ada]          aws-http2-frame-push_promise.adb
clang: warning: overriding deployment version from '16.0' to '26.0' [-Woverriding-deployment-version]
   [Ada]          aws-http2-hpack-huffman.adb
clang: warning: overriding deployment version from '16.0' to '26.0' [-Woverriding-deployment-version]
   [Ada]          aws-http2-frame-rst_stream.adb
clang: warning: overriding deployment version from '16.0' to '26.0' [-Woverriding-deployment-version]
   [Ada]          aws-http2-frame-list.ads
clang: warning: overriding deployment version from '16.0' to '26.0' [-Woverriding-deployment-version]
   [Ada]          aws-http2-hpack.adb
clang: warning: overriding deployment version from '16.0' to '26.0' [-Woverriding-deployment-version]
   [Ada]          aws-http2-connection.adb
clang: warning: overriding deployment version from '16.0' to '26.0' [-Woverriding-deployment-version]
   [Ada]          aws-http2-frame-window_update.adb
clang: warning: overriding deployment version from '16.0' to '26.0' [-Woverriding-deployment-version]
   [Ada]          aws-http2-frame-goaway.adb
clang: warning: overriding deployment version from '16.0' to '26.0' [-Woverriding-deployment-version]
   [Ada]          aws-http2-hpack-table.adb
clang: warning: overriding deployment version from '16.0' to '26.0' [-Woverriding-deployment-version]
   [Ada]          aws-http2-message.adb
clang: warning: overriding deployment version from '16.0' to '26.0' [-Woverriding-deployment-version]
   [Ada]          aws-http2-frame-data.adb
clang: warning: overriding deployment version from '16.0' to '26.0' [-Woverriding-deployment-version]
   [Ada]          aws-http2-stream.adb
clang: warning: overriding deployment version from '16.0' to '26.0' [-Woverriding-deployment-version]
   [Ada]          aws-http2-frame-ping.adb
clang: warning: overriding deployment version from '16.0' to '26.0' [-Woverriding-deployment-version]
   [Ada]          aws-http2-frame-continuation.adb
clang: warning: overriding deployment version from '16.0' to '26.0' [-Woverriding-deployment-version]
   [Ada]          aws-services-dispatchers.ads
clang: warning: overriding deployment version from '16.0' to '26.0' [-Woverriding-deployment-version]
   [Ada]          aws-services-web_block-context.adb
clang: warning: overriding deployment version from '16.0' to '26.0' [-Woverriding-deployment-version]
   [Ada]          aws-services-split_pages-alpha.adb
clang: warning: overriding deployment version from '16.0' to '26.0' [-Woverriding-deployment-version]
   [Ada]          aws-services-dispatchers-method.adb
clang: warning: overriding deployment version from '16.0' to '26.0' [-Woverriding-deployment-version]
   [Ada]          aws-smtp-server.adb
clang: warning: overriding deployment version from '16.0' to '26.0' [-Woverriding-deployment-version]
   [Ada]          aws-communication.adb
clang: warning: overriding deployment version from '16.0' to '26.0' [-Woverriding-deployment-version]
   [Ada]          aws-client-hotplug.adb
clang: warning: overriding deployment version from '16.0' to '26.0' [-Woverriding-deployment-version]
   [Ada]          aws-cookie.adb
clang: warning: overriding deployment version from '16.0' to '26.0' [-Woverriding-deployment-version]
   [Ada]          aws-resources-streams-pipe.adb
clang: warning: overriding deployment version from '16.0' to '26.0' [-Woverriding-deployment-version]
   [Ada]          aws-services-split_pages-uniform-overlapping.adb
clang: warning: overriding deployment version from '16.0' to '26.0' [-Woverriding-deployment-version]
   [Ada]          aws-status-translate_table.adb
clang: warning: overriding deployment version from '16.0' to '26.0' [-Woverriding-deployment-version]
   [Ada]          aws-smtp-messages-set.adb
clang: warning: overriding deployment version from '16.0' to '26.0' [-Woverriding-deployment-version]
   [Ada]          aws-services-dispatchers-virtual_host.adb
clang: warning: overriding deployment version from '16.0' to '26.0' [-Woverriding-deployment-version]
   [Ada]          aws-server-hotplug.adb
clang: warning: overriding deployment version from '16.0' to '26.0' [-Woverriding-deployment-version]
   [Ada]          aws-services-dispatchers-transient_pages.adb
clang: warning: overriding deployment version from '16.0' to '26.0' [-Woverriding-deployment-version]
   [Ada]          aws-services-callbacks.adb
clang: warning: overriding deployment version from '16.0' to '26.0' [-Woverriding-deployment-version]
   [Ada]          aws-net-log-callbacks.adb
clang: warning: overriding deployment version from '16.0' to '26.0' [-Woverriding-deployment-version]
   [Ada]          aws-services-split_pages-alpha-bounded.adb
clang: warning: overriding deployment version from '16.0' to '26.0' [-Woverriding-deployment-version]
   [Ada]          aws-communication-server.adb
clang: warning: overriding deployment version from '16.0' to '26.0' [-Woverriding-deployment-version]
   [Ada]          aws-services-dispatchers-timer.adb
clang: warning: overriding deployment version from '16.0' to '26.0' [-Woverriding-deployment-version]
   [Ada]          aws-services-web_block.ads
clang: warning: overriding deployment version from '16.0' to '26.0' [-Woverriding-deployment-version]
   [Ada]          aws-services-split_pages-uniform-alpha.adb
clang: warning: overriding deployment version from '16.0' to '26.0' [-Woverriding-deployment-version]
   [Ada]          aws-services-split_pages-shared.adb
clang: warning: overriding deployment version from '16.0' to '26.0' [-Woverriding-deployment-version]
   [Ada]          aws-services-web_block-registry.adb
clang: warning: overriding deployment version from '16.0' to '26.0' [-Woverriding-deployment-version]
   [Ada]          aws-net-sets.ads
clang: warning: overriding deployment version from '16.0' to '26.0' [-Woverriding-deployment-version]
   [Ada]          aws-services-download.adb
clang: warning: overriding deployment version from '16.0' to '26.0' [-Woverriding-deployment-version]
   [Ada]          aws-communication-client.adb
clang: warning: overriding deployment version from '16.0' to '26.0' [-Woverriding-deployment-version]
   [Ada]          aws-services-dispatchers-uri.adb
clang: warning: overriding deployment version from '16.0' to '26.0' [-Woverriding-deployment-version]
   [Ada]          aws-pop.adb
clang: warning: overriding deployment version from '16.0' to '26.0' [-Woverriding-deployment-version]
   [Ada]          aws-services-directory.adb
clang: warning: overriding deployment version from '16.0' to '26.0' [-Woverriding-deployment-version]
   [Ada]          aws-smtp-authentication-plain.adb
clang: warning: overriding deployment version from '16.0' to '26.0' [-Woverriding-deployment-version]
   [Ada]          aws-smtp-authentication.ads
clang: warning: overriding deployment version from '16.0' to '26.0' [-Woverriding-deployment-version]
   [Ada]          aws-smtp.adb
clang: warning: overriding deployment version from '16.0' to '26.0' [-Woverriding-deployment-version]
   [Ada]          aws-smtp-client.adb
clang: warning: overriding deployment version from '16.0' to '26.0' [-Woverriding-deployment-version]
   [Ada]          aws-services-split_pages-uniform.adb
clang: warning: overriding deployment version from '16.0' to '26.0' [-Woverriding-deployment-version]
   [Ada]          aws-services-split_pages.adb
clang: warning: overriding deployment version from '16.0' to '26.0' [-Woverriding-deployment-version]
   [Ada]          aws-services-dispatchers-linker.adb
clang: warning: overriding deployment version from '16.0' to '26.0' [-Woverriding-deployment-version]
   [Ada]          aws-smtp-messages.adb
clang: warning: overriding deployment version from '16.0' to '26.0' [-Woverriding-deployment-version]
   [Ada]          aws-services-web_mail.adb
clang: warning: overriding deployment version from '16.0' to '26.0' [-Woverriding-deployment-version]
   [Ada]          aws-services-page_server.adb
clang: warning: overriding deployment version from '16.0' to '26.0' [-Woverriding-deployment-version]
   [Ada]          aws-net-stream_io.adb
clang: warning: overriding deployment version from '16.0' to '26.0' [-Woverriding-deployment-version]
   [Ada]          aws-server-push.adb
clang: warning: overriding deployment version from '16.0' to '26.0' [-Woverriding-deployment-version]
   [Ada]          aws-net-websocket-protocol.ads
clang: warning: overriding deployment version from '16.0' to '26.0' [-Woverriding-deployment-version]
   [Ada]          aws-session-control.adb
clang: warning: overriding deployment version from '16.0' to '26.0' [-Woverriding-deployment-version]
   [Ada]          aws-net-websocket-handshake_error.adb
clang: warning: overriding deployment version from '16.0' to '26.0' [-Woverriding-deployment-version]
   [Ada]          aws-resources-streams-disk-once.adb
clang: warning: overriding deployment version from '16.0' to '26.0' [-Woverriding-deployment-version]
   [Ada]          aws-response-set.adb
clang: warning: overriding deployment version from '16.0' to '26.0' [-Woverriding-deployment-version]
   [Ada]          aws-config.adb
clang: warning: overriding deployment version from '16.0' to '26.0' [-Woverriding-deployment-version]
   [Ada]          aws-client-http_utils.adb
clang: warning: overriding deployment version from '16.0' to '26.0' [-Woverriding-deployment-version]
   [Ada]          aws-resources-streams-disk.adb
clang: warning: overriding deployment version from '16.0' to '26.0' [-Woverriding-deployment-version]
   [Ada]          aws-containers-tables.adb
clang: warning: overriding deployment version from '16.0' to '26.0' [-Woverriding-deployment-version]
   [Ada]          aws-containers-memory_streams.ads
clang: warning: overriding deployment version from '16.0' to '26.0' [-Woverriding-deployment-version]
   [Ada]          aws-containers-tables-set.ads
clang: warning: overriding deployment version from '16.0' to '26.0' [-Woverriding-deployment-version]
   [Ada]          aws-containers.ads
clang: warning: overriding deployment version from '16.0' to '26.0' [-Woverriding-deployment-version]
   [Ada]          aws-resources-streams-zlib.adb
clang: warning: overriding deployment version from '16.0' to '26.0' [-Woverriding-deployment-version]
   [Ada]          aws-net-poll_events.adb
clang: warning: overriding deployment version from '16.0' to '26.0' [-Woverriding-deployment-version]
   [Ada]          aws-headers-set.adb
clang: warning: overriding deployment version from '16.0' to '26.0' [-Woverriding-deployment-version]
   [Ada]          aws-net-buffered.adb
clang: warning: overriding deployment version from '16.0' to '26.0' [-Woverriding-deployment-version]
   [Ada]          aws-server-log.adb
clang: warning: overriding deployment version from '16.0' to '26.0' [-Woverriding-deployment-version]
   [Ada]          aws-dispatchers-callback.adb
clang: warning: overriding deployment version from '16.0' to '26.0' [-Woverriding-deployment-version]
   [Ada]          aws-headers.adb
clang: warning: overriding deployment version from '16.0' to '26.0' [-Woverriding-deployment-version]
   [Ada]          aws-config-set.adb
clang: warning: overriding deployment version from '16.0' to '26.0' [-Woverriding-deployment-version]
   [Ada]          aws-resources-streams.adb
clang: warning: overriding deployment version from '16.0' to '26.0' [-Woverriding-deployment-version]
   [Ada]          aws-server.adb
clang: warning: overriding deployment version from '16.0' to '26.0' [-Woverriding-deployment-version]
   [Ada]          aws-headers-values.adb
clang: warning: overriding deployment version from '16.0' to '26.0' [-Woverriding-deployment-version]
   [Ada]          aws-resources.adb
clang: warning: overriding deployment version from '16.0' to '26.0' [-Woverriding-deployment-version]
   [Ada]          aws-services-transient_pages-control.adb
clang: warning: overriding deployment version from '16.0' to '26.0' [-Woverriding-deployment-version]
   [Ada]          aws-server-status.adb
clang: warning: overriding deployment version from '16.0' to '26.0' [-Woverriding-deployment-version]
   [Ada]          aws-default.ads
clang: warning: overriding deployment version from '16.0' to '26.0' [-Woverriding-deployment-version]
   [Ada]          aws-net-ssl-rsa_dh_generators.adb
clang: warning: overriding deployment version from '16.0' to '26.0' [-Woverriding-deployment-version]
   [Ada]          aws-utils-streams.adb
clang: warning: overriding deployment version from '16.0' to '26.0' [-Woverriding-deployment-version]
   [Ada]          aws-templates.ads
clang: warning: overriding deployment version from '16.0' to '26.0' [-Woverriding-deployment-version]
   [Ada]          aws-response.adb
clang: warning: overriding deployment version from '16.0' to '26.0' [-Woverriding-deployment-version]
   [Ada]          aws-exceptions.ads
clang: warning: overriding deployment version from '16.0' to '26.0' [-Woverriding-deployment-version]
   [Ada]          aws-containers-string_vectors.ads
clang: warning: overriding deployment version from '16.0' to '26.0' [-Woverriding-deployment-version]
   [Ada]          aws-translator.adb
clang: warning: overriding deployment version from '16.0' to '26.0' [-Woverriding-deployment-version]
   [Ada]          aws-hotplug-get_status.adb
clang: warning: overriding deployment version from '16.0' to '26.0' [-Woverriding-deployment-version]
   [Ada]          aws-net-ssl-common.adb
clang: warning: overriding deployment version from '16.0' to '26.0' [-Woverriding-deployment-version]
   [Ada]          aws-session.adb
clang: warning: overriding deployment version from '16.0' to '26.0' [-Woverriding-deployment-version]
   [Ada]          aws-containers-key_value.ads
clang: warning: overriding deployment version from '16.0' to '26.0' [-Woverriding-deployment-version]
   [Ada]          aws-url-set.adb
clang: warning: overriding deployment version from '16.0' to '26.0' [-Woverriding-deployment-version]
   [Ada]          aws-resources-streams-memory.adb
clang: warning: overriding deployment version from '16.0' to '26.0' [-Woverriding-deployment-version]
   [Ada]          aws-server-get_status.adb
clang: warning: overriding deployment version from '16.0' to '26.0' [-Woverriding-deployment-version]
   [Ada]          aws-config-utils.adb
clang: warning: overriding deployment version from '16.0' to '26.0' [-Woverriding-deployment-version]
   [Ada]          aws-attachments.adb
clang: warning: overriding deployment version from '16.0' to '26.0' [-Woverriding-deployment-version]
   [Ada]          aws-resources-files.adb
clang: warning: overriding deployment version from '16.0' to '26.0' [-Woverriding-deployment-version]
   [Ada]          aws-status-translate_set.adb
clang: warning: overriding deployment version from '16.0' to '26.0' [-Woverriding-deployment-version]
   [Ada]          aws-utils.adb
clang: warning: overriding deployment version from '16.0' to '26.0' [-Woverriding-deployment-version]
   [Ada]          aws-server-context.ads
clang: warning: overriding deployment version from '16.0' to '26.0' [-Woverriding-deployment-version]
   [Ada]          aws-client.adb
clang: warning: overriding deployment version from '16.0' to '26.0' [-Woverriding-deployment-version]
   [Ada]          aws-net-poll_events-g_poll.adb
clang: warning: overriding deployment version from '16.0' to '26.0' [-Woverriding-deployment-version]
   [Ada]          aws-url.adb
clang: warning: overriding deployment version from '16.0' to '26.0' [-Woverriding-deployment-version]
   [Ada]          aws-net-acceptors.adb
clang: warning: overriding deployment version from '16.0' to '26.0' [-Woverriding-deployment-version]
   [Ada]          aws-net-websocket-registry-utils.adb
clang: warning: overriding deployment version from '16.0' to '26.0' [-Woverriding-deployment-version]
   [Ada]          aws-net-log.adb
clang: warning: overriding deployment version from '16.0' to '26.0' [-Woverriding-deployment-version]
   [Ada]          aws-net-websocket-protocol-draft76.adb
clang: warning: overriding deployment version from '16.0' to '26.0' [-Woverriding-deployment-version]
   [Ada]          aws-net-websocket.adb
clang: warning: overriding deployment version from '16.0' to '26.0' [-Woverriding-deployment-version]
   [Ada]          aws-digest.adb
clang: warning: overriding deployment version from '16.0' to '26.0' [-Woverriding-deployment-version]
   [Ada]          aws-config-ini.adb
clang: warning: overriding deployment version from '16.0' to '26.0' [-Woverriding-deployment-version]
   [Ada]          aws-net.adb
clang: warning: overriding deployment version from '16.0' to '26.0' [-Woverriding-deployment-version]
   [Ada]          aws-parameters-set.adb
clang: warning: overriding deployment version from '16.0' to '26.0' [-Woverriding-deployment-version]
   [Ada]          aws-net-generic_sets.adb
clang: warning: overriding deployment version from '16.0' to '26.0' [-Woverriding-deployment-version]
   [Ada]          aws-hotplug.adb
clang: warning: overriding deployment version from '16.0' to '26.0' [-Woverriding-deployment-version]
   [Ada]          aws-status-set.adb
clang: warning: overriding deployment version from '16.0' to '26.0' [-Woverriding-deployment-version]
   [Ada]          aws-net-websocket-registry.adb
clang: warning: overriding deployment version from '16.0' to '26.0' [-Woverriding-deployment-version]
   [Ada]          aws-messages.adb
clang: warning: overriding deployment version from '16.0' to '26.0' [-Woverriding-deployment-version]
   [Ada]          aws-url-raise_url_error.adb
clang: warning: overriding deployment version from '16.0' to '26.0' [-Woverriding-deployment-version]
   [Ada]          aws-mime.adb
clang: warning: overriding deployment version from '16.0' to '26.0' [-Woverriding-deployment-version]
   [Ada]          aws-resources-embedded.adb
clang: warning: overriding deployment version from '16.0' to '26.0' [-Woverriding-deployment-version]
   [Ada]          aws.ads
clang: warning: overriding deployment version from '16.0' to '26.0' [-Woverriding-deployment-version]
   [Ada]          aws-log.adb
clang: warning: overriding deployment version from '16.0' to '26.0' [-Woverriding-deployment-version]
   [Ada]          aws-net-ssl-certificate.adb
clang: warning: overriding deployment version from '16.0' to '26.0' [-Woverriding-deployment-version]
   [Ada]          aws-parameters.adb
clang: warning: overriding deployment version from '16.0' to '26.0' [-Woverriding-deployment-version]
   [Ada]          aws-services.ads
clang: warning: overriding deployment version from '16.0' to '26.0' [-Woverriding-deployment-version]
   [Ada]          aws-server-http_utils.adb
clang: warning: overriding deployment version from '16.0' to '26.0' [-Woverriding-deployment-version]
   [Ada]          aws-net-websocket-protocol-rfc6455.adb
clang: warning: overriding deployment version from '16.0' to '26.0' [-Woverriding-deployment-version]
   [Ada]          aws-net-websocket-registry-control.adb
clang: warning: overriding deployment version from '16.0' to '26.0' [-Woverriding-deployment-version]
   [Ada]          aws-services-transient_pages.adb
clang: warning: overriding deployment version from '16.0' to '26.0' [-Woverriding-deployment-version]
   [Ada]          aws-net-memory.adb
clang: warning: overriding deployment version from '16.0' to '26.0' [-Woverriding-deployment-version]
   [Ada]          aws-resources-streams-memory-zlib.adb
clang: warning: overriding deployment version from '16.0' to '26.0' [-Woverriding-deployment-version]
   [Ada]          aws-status.adb
clang: warning: overriding deployment version from '16.0' to '26.0' [-Woverriding-deployment-version]
   [Ada]          aws-dispatchers.adb
clang: warning: overriding deployment version from '16.0' to '26.0' [-Woverriding-deployment-version]
   [Ada]          templates_parser-input__aws.adb
clang: warning: overriding deployment version from '16.0' to '26.0' [-Woverriding-deployment-version]
   [Ada]          templates_parser_tasking__standard_tasking.adb
clang: warning: overriding deployment version from '16.0' to '26.0' [-Woverriding-deployment-version]
   [Ada]          aws-net-std__gnat.adb
clang: warning: overriding deployment version from '16.0' to '26.0' [-Woverriding-deployment-version]
   [Ada]          aws-net-ssl__dummy.adb
clang: warning: overriding deployment version from '16.0' to '26.0' [-Woverriding-deployment-version]
   [Ada]          aws-net-ssl-certificate-impl__dummy.adb
clang: warning: overriding deployment version from '16.0' to '26.0' [-Woverriding-deployment-version]
   [Ada]          templates_parser-configuration__aws.ads
clang: warning: overriding deployment version from '16.0' to '26.0' [-Woverriding-deployment-version]
   [Ada]          schema-validators-xsd_grammar.adb
clang: warning: overriding deployment version from '16.0' to '26.0' [-Woverriding-deployment-version]
   [Ada]          schema-validators.adb
clang: warning: overriding deployment version from '16.0' to '26.0' [-Woverriding-deployment-version]
   [Ada]          schema-decimal.adb
clang: warning: overriding deployment version from '16.0' to '26.0' [-Woverriding-deployment-version]
   [Ada]          schema-readers.adb
clang: warning: overriding deployment version from '16.0' to '26.0' [-Woverriding-deployment-version]
   [Ada]          schema-dom_readers.adb
clang: warning: overriding deployment version from '16.0' to '26.0' [-Woverriding-deployment-version]
   [Ada]          schema-schema_readers.adb
clang: warning: overriding deployment version from '16.0' to '26.0' [-Woverriding-deployment-version]
   [Ada]          schema-date_time.adb
clang: warning: overriding deployment version from '16.0' to '26.0' [-Woverriding-deployment-version]
   [Ada]          schema-simple_types.adb
clang: warning: overriding deployment version from '16.0' to '26.0' [-Woverriding-deployment-version]
   [Ada]          schema.adb
clang: warning: overriding deployment version from '16.0' to '26.0' [-Woverriding-deployment-version]
   [Ada]          dom-core-comments.ads
clang: warning: overriding deployment version from '16.0' to '26.0' [-Woverriding-deployment-version]
   [Ada]          dom-core-character_datas.adb
clang: warning: overriding deployment version from '16.0' to '26.0' [-Woverriding-deployment-version]
   [Ada]          dom-core-documents.adb
clang: warning: overriding deployment version from '16.0' to '26.0' [-Woverriding-deployment-version]
   [Ada]          dom-core-document_types.adb
clang: warning: overriding deployment version from '16.0' to '26.0' [-Woverriding-deployment-version]
   [Ada]          dom-core-cdata_sections.ads
clang: warning: overriding deployment version from '16.0' to '26.0' [-Woverriding-deployment-version]
   [Ada]          dom-core-elements.adb
clang: warning: overriding deployment version from '16.0' to '26.0' [-Woverriding-deployment-version]
   [Ada]          dom.ads
clang: warning: overriding deployment version from '16.0' to '26.0' [-Woverriding-deployment-version]
   [Ada]          dom-core-document_fragments.ads
clang: warning: overriding deployment version from '16.0' to '26.0' [-Woverriding-deployment-version]
   [Ada]          dom-core-processing_instructions.ads
clang: warning: overriding deployment version from '16.0' to '26.0' [-Woverriding-deployment-version]
   [Ada]          dom-core-entity_references.ads
clang: warning: overriding deployment version from '16.0' to '26.0' [-Woverriding-deployment-version]
   [Ada]          dom-core.adb
clang: warning: overriding deployment version from '16.0' to '26.0' [-Woverriding-deployment-version]
   [Ada]          dom-core-nodes.adb
clang: warning: overriding deployment version from '16.0' to '26.0' [-Woverriding-deployment-version]
   [Ada]          dom-core-texts.adb
clang: warning: overriding deployment version from '16.0' to '26.0' [-Woverriding-deployment-version]
   [Ada]          dom-core-notations.adb
clang: warning: overriding deployment version from '16.0' to '26.0' [-Woverriding-deployment-version]
   [Ada]          dom-readers.adb
clang: warning: overriding deployment version from '16.0' to '26.0' [-Woverriding-deployment-version]
   [Ada]          dom-core-attrs.adb
clang: warning: overriding deployment version from '16.0' to '26.0' [-Woverriding-deployment-version]
   [C]            gpr_imports.c
clang: warning: overriding deployment version from '16.0' to '26.0' [-Woverriding-deployment-version]
   [Ada]          gpr-util.adb
clang: warning: overriding deployment version from '16.0' to '26.0' [-Woverriding-deployment-version]
   [Ada]          gpr.adb
clang: warning: overriding deployment version from '16.0' to '26.0' [-Woverriding-deployment-version]
   [Ada]          gpr-ali.adb
clang: warning: overriding deployment version from '16.0' to '26.0' [-Woverriding-deployment-version]
   [Ada]          gpr-sinput.adb
clang: warning: overriding deployment version from '16.0' to '26.0' [-Woverriding-deployment-version]
   [Ada]          gpr-opt.ads
clang: warning: overriding deployment version from '16.0' to '26.0' [-Woverriding-deployment-version]
   [Ada]          gpr-sdefault.adb
gpr-sdefault.adb:29:06: warning: "System.OS_Constants" is an internal GNAT unit [-gnatwi]
gpr-sdefault.adb:29:06: warning: use of this unit is non-portable and version-dependent [-gnatwi]
clang: warning: overriding deployment version from '16.0' to '26.0' [-Woverriding-deployment-version]
   [Ada]          gpr-pp.adb
clang: warning: overriding deployment version from '16.0' to '26.0' [-Woverriding-deployment-version]
   [Ada]          gpr-env.adb
clang: warning: overriding deployment version from '16.0' to '26.0' [-Woverriding-deployment-version]
   [Ada]          gpr-part.adb
clang: warning: overriding deployment version from '16.0' to '26.0' [-Woverriding-deployment-version]
   [Ada]          gpr-util-aux.adb
clang: warning: overriding deployment version from '16.0' to '26.0' [-Woverriding-deployment-version]
   [Ada]          gpr-com.ads
clang: warning: overriding deployment version from '16.0' to '26.0' [-Woverriding-deployment-version]
   [Ada]          gpr-jobserver.adb
clang: warning: overriding deployment version from '16.0' to '26.0' [-Woverriding-deployment-version]
   [Ada]          gpr-erroutc.adb
clang: warning: overriding deployment version from '16.0' to '26.0' [-Woverriding-deployment-version]
   [Ada]          gpr-debug.adb
clang: warning: overriding deployment version from '16.0' to '26.0' [-Woverriding-deployment-version]
   [Ada]          gpr-attr.adb
clang: warning: overriding deployment version from '16.0' to '26.0' [-Woverriding-deployment-version]
   [Ada]          gpr-osint.adb
gpr-osint.adb:30:06: warning: "System.CRTL" is an internal GNAT unit [-gnatwi]
gpr-osint.adb:30:06: warning: use of this unit is non-portable and version-dependent [-gnatwi]
gpr-osint.adb:31:06: warning: "System.OS_Constants" is an internal GNAT unit [-gnatwi]
gpr-osint.adb:31:06: warning: use of this unit is non-portable and version-dependent [-gnatwi]
clang: warning: overriding deployment version from '16.0' to '26.0' [-Woverriding-deployment-version]
   [Ada]          gpr-names.adb
clang: warning: overriding deployment version from '16.0' to '26.0' [-Woverriding-deployment-version]
   [Ada]          gpr-proc.adb
clang: warning: overriding deployment version from '16.0' to '26.0' [-Woverriding-deployment-version]
   [Ada]          gpr-knowledge.adb
clang: warning: overriding deployment version from '16.0' to '26.0' [-Woverriding-deployment-version]
   [Ada]          gpr-compilation-sync.adb
clang: warning: overriding deployment version from '16.0' to '26.0' [-Woverriding-deployment-version]
   [Ada]          gpr-compilation-protocol.adb
clang: warning: overriding deployment version from '16.0' to '26.0' [-Woverriding-deployment-version]
   [Ada]          gpr-strt.adb
clang: warning: overriding deployment version from '16.0' to '26.0' [-Woverriding-deployment-version]
   [Ada]          gpr-tree.adb
clang: warning: overriding deployment version from '16.0' to '26.0' [-Woverriding-deployment-version]
   [Ada]          gpr-script.adb
clang: warning: overriding deployment version from '16.0' to '26.0' [-Woverriding-deployment-version]
   [Ada]          gpr-tempdir.adb
clang: warning: overriding deployment version from '16.0' to '26.0' [-Woverriding-deployment-version]
   [Ada]          gpr-snames.adb
clang: warning: overriding deployment version from '16.0' to '26.0' [-Woverriding-deployment-version]
   [Ada]          gpr-compilation-process-waiter.adb
clang: warning: overriding deployment version from '16.0' to '26.0' [-Woverriding-deployment-version]
   [Ada]          gpr-conf.adb
clang: warning: overriding deployment version from '16.0' to '26.0' [-Woverriding-deployment-version]
   [Ada]          gpr-dect.adb
clang: warning: overriding deployment version from '16.0' to '26.0' [-Woverriding-deployment-version]
   [Ada]          gpr-nmsc.adb
clang: warning: overriding deployment version from '16.0' to '26.0' [-Woverriding-deployment-version]
   [Ada]          gpr-compilation.adb
clang: warning: overriding deployment version from '16.0' to '26.0' [-Woverriding-deployment-version]
   [Ada]          gpr-cset.adb
clang: warning: overriding deployment version from '16.0' to '26.0' [-Woverriding-deployment-version]
   [Ada]          gpr-err.adb
clang: warning: overriding deployment version from '16.0' to '26.0' [-Woverriding-deployment-version]
   [Ada]          gpr-output.adb
clang: warning: overriding deployment version from '16.0' to '26.0' [-Woverriding-deployment-version]
   [Ada]          gpr-version.adb
clang: warning: overriding deployment version from '16.0' to '26.0' [-Woverriding-deployment-version]
   [Ada]          gpr-ext.adb
clang: warning: overriding deployment version from '16.0' to '26.0' [-Woverriding-deployment-version]
   [Ada]          gpr-attr-pm.adb
clang: warning: overriding deployment version from '16.0' to '26.0' [-Woverriding-deployment-version]
   [Ada]          gpr-compilation-slave.adb
clang: warning: overriding deployment version from '16.0' to '26.0' [-Woverriding-deployment-version]
   [Ada]          gpr-compilation-process.adb
clang: warning: overriding deployment version from '16.0' to '26.0' [-Woverriding-deployment-version]
   [Ada]          gpr_build_util.adb
clang: warning: overriding deployment version from '16.0' to '26.0' [-Woverriding-deployment-version]
   [Ada]          gpr-scans.adb
clang: warning: overriding deployment version from '16.0' to '26.0' [-Woverriding-deployment-version]
   [Ada]          gnatcoll-scripts-files.adb
clang: warning: overriding deployment version from '16.0' to '26.0' [-Woverriding-deployment-version]
   [Ada]          gnatcoll-projects-normalize.adb
clang: warning: overriding deployment version from '16.0' to '26.0' [-Woverriding-deployment-version]
   [Ada]          gnatcoll-scripts-projects.adb
clang: warning: overriding deployment version from '16.0' to '26.0' [-Woverriding-deployment-version]
   [Ada]          gnatcoll-projects-krunch.adb
clang: warning: overriding deployment version from '16.0' to '26.0' [-Woverriding-deployment-version]
   [Ada]          gnatcoll-projects-aux.adb
clang: warning: overriding deployment version from '16.0' to '26.0' [-Woverriding-deployment-version]
   [Ada]          gnatcoll-projects.adb
clang: warning: overriding deployment version from '16.0' to '26.0' [-Woverriding-deployment-version]
   [C]            gnatcoll_support.c
clang: warning: overriding deployment version from '16.0' to '26.0' [-Woverriding-deployment-version]
   [C]            getrss.c
clang: warning: overriding deployment version from '16.0' to '26.0' [-Woverriding-deployment-version]
   [Ada]          gnatcoll-memory.adb
clang: warning: overriding deployment version from '16.0' to '26.0' [-Woverriding-deployment-version]
   [Ada]          gnatcoll-tribooleans.adb
clang: warning: overriding deployment version from '16.0' to '26.0' [-Woverriding-deployment-version]
   [Ada]          gnatcoll-coders.adb
clang: warning: overriding deployment version from '16.0' to '26.0' [-Woverriding-deployment-version]
   [Ada]          gnatcoll-refcount-weakref.adb
clang: warning: overriding deployment version from '16.0' to '26.0' [-Woverriding-deployment-version]
   [Ada]          gnatcoll-storage_pools-alignment.adb
clang: warning: overriding deployment version from '16.0' to '26.0' [-Woverriding-deployment-version]
   [Ada]          gnatcoll-damerau_levenshtein_distance.ads
clang: warning: overriding deployment version from '16.0' to '26.0' [-Woverriding-deployment-version]
   [Ada]          gnatcoll.ads
clang: warning: overriding deployment version from '16.0' to '26.0' [-Woverriding-deployment-version]
   [Ada]          gnatcoll-promises.adb
clang: warning: overriding deployment version from '16.0' to '26.0' [-Woverriding-deployment-version]
   [Ada]          gnatcoll-coders-streams.adb
clang: warning: overriding deployment version from '16.0' to '26.0' [-Woverriding-deployment-version]
   [Ada]          gnatcoll-storage_pools.ads
clang: warning: overriding deployment version from '16.0' to '26.0' [-Woverriding-deployment-version]
   [Ada]          gnatcoll-atomic.adb
clang: warning: overriding deployment version from '16.0' to '26.0' [-Woverriding-deployment-version]
   [Ada]          gnatcoll-coders-base64.adb
clang: warning: overriding deployment version from '16.0' to '26.0' [-Woverriding-deployment-version]
   [Ada]          gnatcoll-refcount.adb
gnatcoll-refcount.ads:90:04: warning: in instantiation at gnatcoll-storage_pools-headers.adb:57 [enabled by default]
gnatcoll-refcount.ads:90:04: warning: possible aliasing problem for type "Header_Access" [enabled by default]
gnatcoll-refcount.ads:90:04: warning: use -fno-strict-aliasing switch for references [enabled by default]
gnatcoll-refcount.ads:90:04: warning: or use "pragma No_Strict_Aliasing (Header_Access);" [enabled by default]
clang: warning: overriding deployment version from '16.0' to '26.0' [-Woverriding-deployment-version]
   [Ada]          gnatcoll-locks.adb
clang: warning: overriding deployment version from '16.0' to '26.0' [-Woverriding-deployment-version]
   [Ada]          gnatcoll-boyer_moore.adb
clang: warning: overriding deployment version from '16.0' to '26.0' [-Woverriding-deployment-version]
   [Ada]          gnatcoll-storage_pools-headers.adb
clang: warning: overriding deployment version from '16.0' to '26.0' [-Woverriding-deployment-version]
   [Ada]          gnatcoll-asserts.adb
clang: warning: overriding deployment version from '16.0' to '26.0' [-Woverriding-deployment-version]
   [Ada]          gnatcoll-damerau_levenshtein_generic.adb
clang: warning: overriding deployment version from '16.0' to '26.0' [-Woverriding-deployment-version]
   [Ada]          gnatcoll-any_types.adb
clang: warning: overriding deployment version from '16.0' to '26.0' [-Woverriding-deployment-version]
   [C]            process-wrappers.c
clang: warning: overriding deployment version from '16.0' to '26.0' [-Woverriding-deployment-version]
   [C]            libc-wrappers.c
In file included from /Users/runner/.local/share/alire/builds/gnatcoll_25.0.0_d7d84483/ac115aa892cd72d4af831be2647f0e30de64e37fe7fd17463a361219a0eb7184/core/src/os/unix/process-wrappers.c:26:
/Users/runner/.local/share/alire/toolchains/gnat_native_13.2.2_b2c113d5/lib/gcc/aarch64-apple-darwin23.2.0/13.2.0/include-fixed/stdio.h:83:8: error: unknown type name 'FILE'
   83 | extern FILE *__stdinp;
      |        ^~~~
/Users/runner/.local/share/alire/toolchains/gnat_native_13.2.2_b2c113d5/lib/gcc/aarch64-apple-darwin23.2.0/13.2.0/include-fixed/stdio.h:84:8: error: unknown type name 'FILE'
   84 | extern FILE *__stdoutp;
      |        ^~~~
/Users/runner/.local/share/alire/toolchains/gnat_native_13.2.2_b2c113d5/lib/gcc/aarch64-apple-darwin23.2.0/13.2.0/include-fixed/stdio.h:85:8: error: unknown type name 'FILE'
   85 | extern FILE *__stderrp;
      |        ^~~~
/Users/runner/.local/share/alire/toolchains/gnat_native_13.2.2_b2c113d5/lib/gcc/aarch64-apple-darwin23.2.0/13.2.0/include-fixed/stdio.h:148:19: error: unknown type name 'FILE'
  148 | void     clearerr(FILE *);
      |                   ^~~~
/Users/runner/.local/share/alire/toolchains/gnat_native_13.2.2_b2c113d5/lib/gcc/aarch64-apple-darwin23.2.0/13.2.0/include-fixed/stdio.h:81:1: note: 'FILE' is defined in header '<stdio.h>'; did you forget to '#include <stdio.h>'?
   80 | #include <sys/_types/_seek_set.h>
  +++ |+#include <stdio.h>
   81 | 
/Users/runner/.local/share/alire/toolchains/gnat_native_13.2.2_b2c113d5/lib/gcc/aarch64-apple-darwin23.2.0/13.2.0/include-fixed/stdio.h:149:17: error: unknown type name 'FILE'
  149 | int      fclose(FILE *);
      |                 ^~~~
/Users/runner/.local/share/alire/toolchains/gnat_native_13.2.2_b2c113d5/lib/gcc/aarch64-apple-darwin23.2.0/13.2.0/include-fixed/stdio.h:149:17: note: 'FILE' is defined in header '<stdio.h>'; did you forget to '#include <stdio.h>'?
/Users/runner/.local/share/alire/toolchains/gnat_native_13.2.2_b2c113d5/lib/gcc/aarch64-apple-darwin23.2.0/13.2.0/include-fixed/stdio.h:150:15: error: unknown type name 'FILE'
  150 | int      feof(FILE *);
      |               ^~~~
/Users/runner/.local/share/alire/toolchains/gnat_native_13.2.2_b2c113d5/lib/gcc/aarch64-apple-darwin23.2.0/13.2.0/include-fixed/stdio.h:150:15: note: 'FILE' is defined in header '<stdio.h>'; did you forget to '#include <stdio.h>'?
/Users/runner/.local/share/alire/toolchains/gnat_native_13.2.2_b2c113d5/lib/gcc/aarch64-apple-darwin23.2.0/13.2.0/include-fixed/stdio.h:151:17: error: unknown type name 'FILE'
  151 | int      ferror(FILE *);
      |                 ^~~~
/Users/runner/.local/share/alire/toolchains/gnat_native_13.2.2_b2c113d5/lib/gcc/aarch64-apple-darwin23.2.0/13.2.0/include-fixed/stdio.h:151:17: note: 'FILE' is defined in header '<stdio.h>'; did you forget to '#include <stdio.h>'?
/Users/runner/.local/share/alire/toolchains/gnat_native_13.2.2_b2c113d5/lib/gcc/aarch64-apple-darwin23.2.0/13.2.0/include-fixed/stdio.h:152:17: error: unknown type name 'FILE'
  152 | int      fflush(FILE *);
      |                 ^~~~
/Users/runner/.local/share/alire/toolchains/gnat_native_13.2.2_b2c113d5/lib/gcc/aarch64-apple-darwin23.2.0/13.2.0/include-fixed/stdio.h:152:17: note: 'FILE' is defined in header '<stdio.h>'; did you forget to '#include <stdio.h>'?
/Users/runner/.local/share/alire/toolchains/gnat_native_13.2.2_b2c113d5/lib/gcc/aarch64-apple-darwin23.2.0/13.2.0/include-fixed/stdio.h:153:16: error: unknown type name 'FILE'
  153 | int      fgetc(FILE *);
      |                ^~~~
/Users/runner/.local/share/alire/toolchains/gnat_native_13.2.2_b2c113d5/lib/gcc/aarch64-apple-darwin23.2.0/13.2.0/include-fixed/stdio.h:153:16: note: 'FILE' is defined in header '<stdio.h>'; did you forget to '#include <stdio.h>'?
/Users/runner/.local/share/alire/toolchains/gnat_native_13.2.2_b2c113d5/lib/gcc/aarch64-apple-darwin23.2.0/13.2.0/include-fixed/stdio.h:154:18: error: unknown type name 'FILE'
  154 | int      fgetpos(FILE * __restrict, fpos_t *);
      |                  ^~~~
/Users/runner/.local/share/alire/toolchains/gnat_native_13.2.2_b2c113d5/lib/gcc/aarch64-apple-darwin23.2.0/13.2.0/include-fixed/stdio.h:154:18: note: 'FILE' is defined in header '<stdio.h>'; did you forget to '#include <stdio.h>'?
/Users/runner/.local/share/alire/toolchains/gnat_native_13.2.2_b2c113d5/lib/gcc/aarch64-apple-darwin23.2.0/13.2.0/include-fixed/stdio.h:154:37: error: unknown type name 'fpos_t'
  154 | int      fgetpos(FILE * __restrict, fpos_t *);
      |                                     ^~~~~~
/Users/runner/.local/share/alire/toolchains/gnat_native_13.2.2_b2c113d5/lib/gcc/aarch64-apple-darwin23.2.0/13.2.0/include-fixed/stdio.h:154:37: note: 'fpos_t' is defined in header '<stdio.h>'; did you forget to '#include <stdio.h>'?
/Users/runner/.local/share/alire/toolchains/gnat_native_13.2.2_b2c113d5/lib/gcc/aarch64-apple-darwin23.2.0/13.2.0/include-fixed/stdio.h:155:40: error: unknown type name 'FILE'
  155 | char    *fgets(char * __restrict, int, FILE *);
      |                                        ^~~~
/Users/runner/.local/share/alire/toolchains/gnat_native_13.2.2_b2c113d5/lib/gcc/aarch64-apple-darwin23.2.0/13.2.0/include-fixed/stdio.h:155:40: note: 'FILE' is defined in header '<stdio.h>'; did you forget to '#include <stdio.h>'?
/Users/runner/.local/share/alire/toolchains/gnat_native_13.2.2_b2c113d5/lib/gcc/aarch64-apple-darwin23.2.0/13.2.0/include-fixed/stdio.h:159:1: error: unknown type name 'FILE'
  159 | FILE    *fopen(const char * __restrict __filename, const char * __restrict __mode) __DARWIN_ALIAS_STARTING(__MAC_10_6, __IPHONE_2_0, __DARWIN_ALIAS(fopen));
      | ^~~~
/Users/runner/.local/share/alire/toolchains/gnat_native_13.2.2_b2c113d5/lib/gcc/aarch64-apple-darwin23.2.0/13.2.0/include-fixed/stdio.h:159:1: note: 'FILE' is defined in header '<stdio.h>'; did you forget to '#include <stdio.h>'?
/Users/runner/.local/share/alire/toolchains/gnat_native_13.2.2_b2c113d5/lib/gcc/aarch64-apple-darwin23.2.0/13.2.0/include-fixed/stdio.h:161:18: error: unknown type name 'FILE'
  161 | int      fprintf(FILE * __restrict, const char * __restrict, ...) __printflike(2, 3);
      |                  ^~~~
/Users/runner/.local/share/alire/toolchains/gnat_native_13.2.2_b2c113d5/lib/gcc/aarch64-apple-darwin23.2.0/13.2.0/include-fixed/stdio.h:161:18: note: 'FILE' is defined in header '<stdio.h>'; did you forget to '#include <stdio.h>'?
/Users/runner/.local/share/alire/toolchains/gnat_native_13.2.2_b2c113d5/lib/gcc/aarch64-apple-darwin23.2.0/13.2.0/include-fixed/stdio.h:162:21: error: unknown type name 'FILE'
  162 | int      fputc(int, FILE *);
      |                     ^~~~
/Users/runner/.local/share/alire/toolchains/gnat_native_13.2.2_b2c113d5/lib/gcc/aarch64-apple-darwin23.2.0/13.2.0/include-fixed/stdio.h:162:21: note: 'FILE' is defined in header '<stdio.h>'; did you forget to '#include <stdio.h>'?
/Users/runner/.local/share/alire/toolchains/gnat_native_13.2.2_b2c113d5/lib/gcc/aarch64-apple-darwin23.2.0/13.2.0/include-fixed/stdio.h:163:41: error: unknown type name 'FILE'
  163 | int      fputs(const char * __restrict, FILE * __restrict) __DARWIN_ALIAS(fputs);
      |                                         ^~~~
/Users/runner/.local/share/alire/toolchains/gnat_native_13.2.2_b2c113d5/lib/gcc/aarch64-apple-darwin23.2.0/13.2.0/include-fixed/stdio.h:163:41: note: 'FILE' is defined in header '<stdio.h>'; did you forget to '#include <stdio.h>'?
/Users/runner/.local/share/alire/toolchains/gnat_native_13.2.2_b2c113d5/lib/gcc/aarch64-apple-darwin23.2.0/13.2.0/include-fixed/stdio.h:164:1: error: unknown type name 'size_t'
  164 | size_t   fread(void * __restrict __ptr, size_t __size, size_t __nitems, FILE * __restrict __stream);
      | ^~~~~~
/Users/runner/.local/share/alire/toolchains/gnat_native_13.2.2_b2c113d5/lib/gcc/aarch64-apple-darwin23.2.0/13.2.0/include-fixed/stdio.h:81:1: note: 'size_t' is defined in header '<stddef.h>'; did you forget to '#include <stddef.h>'?
   80 | #include <sys/_types/_seek_set.h>
  +++ |+#include <stddef.h>
   81 | 
/Users/runner/.local/share/alire/toolchains/gnat_native_13.2.2_b2c113d5/lib/gcc/aarch64-apple-darwin23.2.0/13.2.0/include-fixed/stdio.h:164:41: error: unknown type name 'size_t'
  164 | size_t   fread(void * __restrict __ptr, size_t __size, size_t __nitems, FILE * __restrict __stream);
      |                                         ^~~~~~
/Users/runner/.local/share/alire/toolchains/gnat_native_13.2.2_b2c113d5/lib/gcc/aarch64-apple-darwin23.2.0/13.2.0/include-fixed/stdio.h:164:41: note: 'size_t' is defined in header '<stddef.h>'; did you forget to '#include <stddef.h>'?
/Users/runner/.local/share/alire/toolchains/gnat_native_13.2.2_b2c113d5/lib/gcc/aarch64-apple-darwin23.2.0/13.2.0/include-fixed/stdio.h:164:56: error: unknown type name 'size_t'
  164 | size_t   fread(void * __restrict __ptr, size_t __size, size_t __nitems, FILE * __restrict __stream);
      |                                                        ^~~~~~
/Users/runner/.local/share/alire/toolchains/gnat_native_13.2.2_b2c113d5/lib/gcc/aarch64-apple-darwin23.2.0/13.2.0/include-fixed/stdio.h:164:56: note: 'size_t' is defined in header '<stddef.h>'; did you forget to '#include <stddef.h>'?
/Users/runner/.local/share/alire/toolchains/gnat_native_13.2.2_b2c113d5/lib/gcc/aarch64-apple-darwin23.2.0/13.2.0/include-fixed/stdio.h:164:73: error: unknown type name 'FILE'
  164 | size_t   fread(void * __restrict __ptr, size_t __size, size_t __nitems, FILE * __restrict __stream);
      |                                                                         ^~~~
/Users/runner/.local/share/alire/toolchains/gnat_native_13.2.2_b2c113d5/lib/gcc/aarch64-apple-darwin23.2.0/13.2.0/include-fixed/stdio.h:164:73: note: 'FILE' is defined in header '<stdio.h>'; did you forget to '#include <stdio.h>'?
/Users/runner/.local/share/alire/toolchains/gnat_native_13.2.2_b2c113d5/lib/gcc/aarch64-apple-darwin23.2.0/13.2.0/include-fixed/stdio.h:165:1: error: unknown type name 'FILE'
  165 | FILE    *freopen(const char * __restrict, const char * __restrict,
      | ^~~~
/Users/runner/.local/share/alire/toolchains/gnat_native_13.2.2_b2c113d5/lib/gcc/aarch64-apple-darwin23.2.0/13.2.0/include-fixed/stdio.h:165:1: note: 'FILE' is defined in header '<stdio.h>'; did you forget to '#include <stdio.h>'?
/Users/runner/.local/share/alire/toolchains/gnat_native_13.2.2_b2c113d5/lib/gcc/aarch64-apple-darwin23.2.0/13.2.0/include-fixed/stdio.h:166:18: error: unknown type name 'FILE'
  166 |                  FILE * __restrict) __DARWIN_ALIAS(freopen);
      |                  ^~~~
/Users/runner/.local/share/alire/toolchains/gnat_native_13.2.2_b2c113d5/lib/gcc/aarch64-apple-darwin23.2.0/13.2.0/include-fixed/stdio.h:166:18: note: 'FILE' is defined in header '<stdio.h>'; did you forget to '#include <stdio.h>'?
/Users/runner/.local/share/alire/toolchains/gnat_native_13.2.2_b2c113d5/lib/gcc/aarch64-apple-darwin23.2.0/13.2.0/include-fixed/stdio.h:167:17: error: unknown type name 'FILE'
  167 | int      fscanf(FILE * __restrict, const char * __restrict, ...) __scanflike(2, 3);
      |                 ^~~~
/Users/runner/.local/share/alire/toolchains/gnat_native_13.2.2_b2c113d5/lib/gcc/aarch64-apple-darwin23.2.0/13.2.0/include-fixed/stdio.h:167:17: note: 'FILE' is defined in header '<stdio.h>'; did you forget to '#include <stdio.h>'?
/Users/runner/.local/share/alire/toolchains/gnat_native_13.2.2_b2c113d5/lib/gcc/aarch64-apple-darwin23.2.0/13.2.0/include-fixed/stdio.h:168:16: error: unknown type name 'FILE'
  168 | int      fseek(FILE *, long, int);
      |                ^~~~
/Users/runner/.local/share/alire/toolchains/gnat_native_13.2.2_b2c113d5/lib/gcc/aarch64-apple-darwin23.2.0/13.2.0/include-fixed/stdio.h:168:16: note: 'FILE' is defined in header '<stdio.h>'; did you forget to '#include <stdio.h>'?
/Users/runner/.local/share/alire/toolchains/gnat_native_13.2.2_b2c113d5/lib/gcc/aarch64-apple-darwin23.2.0/13.2.0/include-fixed/stdio.h:169:18: error: unknown type name 'FILE'
  169 | int      fsetpos(FILE *, const fpos_t *);
      |                  ^~~~
/Users/runner/.local/share/alire/toolchains/gnat_native_13.2.2_b2c113d5/lib/gcc/aarch64-apple-darwin23.2.0/13.2.0/include-fixed/stdio.h:169:18: note: 'FILE' is defined in header '<stdio.h>'; did you forget to '#include <stdio.h>'?
/Users/runner/.local/share/alire/toolchains/gnat_native_13.2.2_b2c113d5/lib/gcc/aarch64-apple-darwin23.2.0/13.2.0/include-fixed/stdio.h:169:32: error: unknown type name 'fpos_t'
  169 | int      fsetpos(FILE *, const fpos_t *);
      |                                ^~~~~~
/Users/runner/.local/share/alire/toolchains/gnat_native_13.2.2_b2c113d5/lib/gcc/aarch64-apple-darwin23.2.0/13.2.0/include-fixed/stdio.h:170:16: error: unknown type name 'FILE'
  170 | long     ftell(FILE *);
      |                ^~~~
/Users/runner/.local/share/alire/toolchains/gnat_native_13.2.2_b2c113d5/lib/gcc/aarch64-apple-darwin23.2.0/13.2.0/include-fixed/stdio.h:170:16: note: 'FILE' is defined in header '<stdio.h>'; did you forget to '#include <stdio.h>'?
/Users/runner/.local/share/alire/toolchains/gnat_native_13.2.2_b2c113d5/lib/gcc/aarch64-apple-darwin23.2.0/13.2.0/include-fixed/stdio.h:171:1: error: unknown type name 'size_t'
  171 | size_t   fwrite(const void * __restrict __ptr, size_t __size, size_t __nitems, FILE * __restrict __stream) __DARWIN_ALIAS(fwrite);
      | ^~~~~~
/Users/runner/.local/share/alire/toolchains/gnat_native_13.2.2_b2c113d5/lib/gcc/aarch64-apple-darwin23.2.0/13.2.0/include-fixed/stdio.h:171:1: note: 'size_t' is defined in header '<stddef.h>'; did you forget to '#include <stddef.h>'?
/Users/runner/.local/share/alire/toolchains/gnat_native_13.2.2_b2c113d5/lib/gcc/aarch64-apple-darwin23.2.0/13.2.0/include-fixed/stdio.h:171:48: error: unknown type name 'size_t'
  171 | size_t   fwrite(const void * __restrict __ptr, size_t __size, size_t __nitems, FILE * __restrict __stream) __DARWIN_ALIAS(fwrite);
      |                                                ^~~~~~
/Users/runner/.local/share/alire/toolchains/gnat_native_13.2.2_b2c113d5/lib/gcc/aarch64-apple-darwin23.2.0/13.2.0/include-fixed/stdio.h:171:48: note: 'size_t' is defined in header '<stddef.h>'; did you forget to '#include <stddef.h>'?
/Users/runner/.local/share/alire/toolchains/gnat_native_13.2.2_b2c113d5/lib/gcc/aarch64-apple-darwin23.2.0/13.2.0/include-fixed/stdio.h:171:63: error: unknown type name 'size_t'
  171 | size_t   fwrite(const void * __restrict __ptr, size_t __size, size_t __nitems, FILE * __restrict __stream) __DARWIN_ALIAS(fwrite);
      |                                                               ^~~~~~
/Users/runner/.local/share/alire/toolchains/gnat_native_13.2.2_b2c113d5/lib/gcc/aarch64-apple-darwin23.2.0/13.2.0/include-fixed/stdio.h:171:63: note: 'size_t' is defined in header '<stddef.h>'; did you forget to '#include <stddef.h>'?
/Users/runner/.local/share/alire/toolchains/gnat_native_13.2.2_b2c113d5/lib/gcc/aarch64-apple-darwin23.2.0/13.2.0/include-fixed/stdio.h:171:80: error: unknown type name 'FILE'
  171 | size_t   fwrite(const void * __restrict __ptr, size_t __size, size_t __nitems, FILE * __restrict __stream) __DARWIN_ALIAS(fwrite);
      |                                                                                ^~~~
/Users/runner/.local/share/alire/toolchains/gnat_native_13.2.2_b2c113d5/lib/gcc/aarch64-apple-darwin23.2.0/13.2.0/include-fixed/stdio.h:171:80: note: 'FILE' is defined in header '<stdio.h>'; did you forget to '#include <stdio.h>'?
/Users/runner/.local/share/alire/toolchains/gnat_native_13.2.2_b2c113d5/lib/gcc/aarch64-apple-darwin23.2.0/13.2.0/include-fixed/stdio.h:172:15: error: unknown type name 'FILE'
  172 | int      getc(FILE *);
      |               ^~~~
/Users/runner/.local/share/alire/toolchains/gnat_native_13.2.2_b2c113d5/lib/gcc/aarch64-apple-darwin23.2.0/13.2.0/include-fixed/stdio.h:172:15: note: 'FILE' is defined in header '<stdio.h>'; did you forget to '#include <stdio.h>'?
/Users/runner/.local/share/alire/toolchains/gnat_native_13.2.2_b2c113d5/lib/gcc/aarch64-apple-darwin23.2.0/13.2.0/include-fixed/stdio.h:184:20: error: unknown type name 'FILE'
  184 | int      putc(int, FILE *);
      |                    ^~~~
/Users/runner/.local/share/alire/toolchains/gnat_native_13.2.2_b2c113d5/lib/gcc/aarch64-apple-darwin23.2.0/13.2.0/include-fixed/stdio.h:184:20: note: 'FILE' is defined in header '<stdio.h>'; did you forget to '#include <stdio.h>'?
/Users/runner/.local/share/alire/toolchains/gnat_native_13.2.2_b2c113d5/lib/gcc/aarch64-apple-darwin23.2.0/13.2.0/include-fixed/stdio.h:189:17: error: unknown type name 'FILE'
  189 | void     rewind(FILE *);
      |                 ^~~~
/Users/runner/.local/share/alire/toolchains/gnat_native_13.2.2_b2c113d5/lib/gcc/aarch64-apple-darwin23.2.0/13.2.0/include-fixed/stdio.h:189:17: note: 'FILE' is defined in header '<stdio.h>'; did you forget to '#include <stdio.h>'?
/Users/runner/.local/share/alire/toolchains/gnat_native_13.2.2_b2c113d5/lib/gcc/aarch64-apple-darwin23.2.0/13.2.0/include-fixed/stdio.h:191:17: error: unknown type name 'FILE'
  191 | void     setbuf(FILE * __restrict, char * __restrict);
      |                 ^~~~
/Users/runner/.local/share/alire/toolchains/gnat_native_13.2.2_b2c113d5/lib/gcc/aarch64-apple-darwin23.2.0/13.2.0/include-fixed/stdio.h:191:17: note: 'FILE' is defined in header '<stdio.h>'; did you forget to '#include <stdio.h>'?
/Users/runner/.local/share/alire/toolchains/gnat_native_13.2.2_b2c113d5/lib/gcc/aarch64-apple-darwin23.2.0/13.2.0/include-fixed/stdio.h:192:18: error: unknown type name 'FILE'
  192 | int      setvbuf(FILE * __restrict, char * __restrict, int, size_t);
      |                  ^~~~
/Users/runner/.local/share/alire/toolchains/gnat_native_13.2.2_b2c113d5/lib/gcc/aarch64-apple-darwin23.2.0/13.2.0/include-fixed/stdio.h:192:18: note: 'FILE' is defined in header '<stdio.h>'; did you forget to '#include <stdio.h>'?
/Users/runner/.local/share/alire/toolchains/gnat_native_13.2.2_b2c113d5/lib/gcc/aarch64-apple-darwin23.2.0/13.2.0/include-fixed/stdio.h:192:61: error: unknown type name 'size_t'
  192 | int      setvbuf(FILE * __restrict, char * __restrict, int, size_t);
      |                                                             ^~~~~~
/Users/runner/.local/share/alire/toolchains/gnat_native_13.2.2_b2c113d5/lib/gcc/aarch64-apple-darwin23.2.0/13.2.0/include-fixed/stdio.h:192:61: note: 'size_t' is defined in header '<stddef.h>'; did you forget to '#include <stddef.h>'?
/Users/runner/.local/share/alire/toolchains/gnat_native_13.2.2_b2c113d5/lib/gcc/aarch64-apple-darwin23.2.0/13.2.0/include-fixed/stdio.h:203:1: error: unknown type name 'FILE'
  203 | FILE    *tmpfile(void);
      | ^~~~
/Users/runner/.local/share/alire/toolchains/gnat_native_13.2.2_b2c113d5/lib/gcc/aarch64-apple-darwin23.2.0/13.2.0/include-fixed/stdio.h:203:1: note: 'FILE' is defined in header '<stdio.h>'; did you forget to '#include <stdio.h>'?
/Users/runner/.local/share/alire/toolchains/gnat_native_13.2.2_b2c113d5/lib/gcc/aarch64-apple-darwin23.2.0/13.2.0/include-fixed/stdio.h:213:22: error: unknown type name 'FILE'
  213 | int      ungetc(int, FILE *);
      |                      ^~~~
/Users/runner/.local/share/alire/toolchains/gnat_native_13.2.2_b2c113d5/lib/gcc/aarch64-apple-darwin23.2.0/13.2.0/include-fixed/stdio.h:213:22: note: 'FILE' is defined in header '<stdio.h>'; did you forget to '#include <stdio.h>'?
/Users/runner/.local/share/alire/toolchains/gnat_native_13.2.2_b2c113d5/lib/gcc/aarch64-apple-darwin23.2.0/13.2.0/include-fixed/stdio.h:214:19: error: unknown type name 'FILE'
  214 | int      vfprintf(FILE * __restrict, const char * __restrict, __gnuc_va_list) __printflike(2, 0);
      |                   ^~~~
/Users/runner/.local/share/alire/toolchains/gnat_native_13.2.2_b2c113d5/lib/gcc/aarch64-apple-darwin23.2.0/13.2.0/include-fixed/stdio.h:214:19: note: 'FILE' is defined in header '<stdio.h>'; did you forget to '#include <stdio.h>'?
/Users/runner/.local/share/alire/toolchains/gnat_native_13.2.2_b2c113d5/lib/gcc/aarch64-apple-darwin23.2.0/13.2.0/include-fixed/stdio.h:242:1: error: unknown type name 'FILE'
  242 | FILE    *fdopen(int, const char *) __DARWIN_ALIAS_STARTING(__MAC_10_6, __IPHONE_2_0, __DARWIN_ALIAS(fdopen));
      | ^~~~
/Users/runner/.local/share/alire/toolchains/gnat_native_13.2.2_b2c113d5/lib/gcc/aarch64-apple-darwin23.2.0/13.2.0/include-fixed/stdio.h:242:1: note: 'FILE' is defined in header '<stdio.h>'; did you forget to '#include <stdio.h>'?
/Users/runner/.local/share/alire/toolchains/gnat_native_13.2.2_b2c113d5/lib/gcc/aarch64-apple-darwin23.2.0/13.2.0/include-fixed/stdio.h:244:17: error: unknown type name 'FILE'
  244 | int      fileno(FILE *);
      |                 ^~~~
/Users/runner/.local/share/alire/toolchains/gnat_native_13.2.2_b2c113d5/lib/gcc/aarch64-apple-darwin23.2.0/13.2.0/include-fixed/stdio.h:244:17: note: 'FILE' is defined in header '<stdio.h>'; did you forget to '#include <stdio.h>'?
/Users/runner/.local/share/alire/toolchains/gnat_native_13.2.2_b2c113d5/lib/gcc/aarch64-apple-darwin23.2.0/13.2.0/include-fixed/stdio.h:255:17: error: unknown type name 'FILE'
  255 | int      pclose(FILE *) __swift_unavailable("Use posix_spawn APIs or NSTask instead. (On iOS, process spawning is unavailable.)");
      |                 ^~~~
/Users/runner/.local/share/alire/toolchains/gnat_native_13.2.2_b2c113d5/lib/gcc/aarch64-apple-darwin23.2.0/13.2.0/include-fixed/stdio.h:255:17: note: 'FILE' is defined in header '<stdio.h>'; did you forget to '#include <stdio.h>'?
/Users/runner/.local/share/alire/toolchains/gnat_native_13.2.2_b2c113d5/lib/gcc/aarch64-apple-darwin23.2.0/13.2.0/include-fixed/stdio.h:259:1: error: unknown type name 'FILE'
  259 | FILE    *popen(const char *, const char *) __DARWIN_ALIAS_STARTING(__MAC_10_6, __IPHONE_2_0, __DARWIN_ALIAS(popen)) __swift_unavailable("Use posix_spawn APIs or NSTask instead. (On iOS, process spawning is unavailable.)");
      | ^~~~
/Users/runner/.local/share/alire/toolchains/gnat_native_13.2.2_b2c113d5/lib/gcc/aarch64-apple-darwin23.2.0/13.2.0/include-fixed/stdio.h:259:1: note: 'FILE' is defined in header '<stdio.h>'; did you forget to '#include <stdio.h>'?
/Users/runner/.local/share/alire/toolchains/gnat_native_13.2.2_b2c113d5/lib/gcc/aarch64-apple-darwin23.2.0/13.2.0/include-fixed/stdio.h:274:17: error: unknown type name 'FILE'
  274 | int     __srget(FILE *);
      |                 ^~~~
/Users/runner/.local/share/alire/toolchains/gnat_native_13.2.2_b2c113d5/lib/gcc/aarch64-apple-darwin23.2.0/13.2.0/include-fixed/stdio.h:274:17: note: 'FILE' is defined in header '<stdio.h>'; did you forget to '#include <stdio.h>'?
/Users/runner/.local/share/alire/toolchains/gnat_native_13.2.2_b2c113d5/lib/gcc/aarch64-apple-darwin23.2.0/13.2.0/include-fixed/stdio.h:275:20: error: unknown type name 'FILE'
  275 | int     __svfscanf(FILE *, const char *, __gnuc_va_list) __scanflike(2, 0);
      |                    ^~~~
/Users/runner/.local/share/alire/toolchains/gnat_native_13.2.2_b2c113d5/lib/gcc/aarch64-apple-darwin23.2.0/13.2.0/include-fixed/stdio.h:275:20: note: 'FILE' is defined in header '<stdio.h>'; did you forget to '#include <stdio.h>'?
/Users/runner/.local/share/alire/toolchains/gnat_native_13.2.2_b2c113d5/lib/gcc/aarch64-apple-darwin23.2.0/13.2.0/include-fixed/stdio.h:276:22: error: unknown type name 'FILE'
  276 | int     __swbuf(int, FILE *);
      |                      ^~~~
/Users/runner/.local/share/alire/toolchains/gnat_native_13.2.2_b2c113d5/lib/gcc/aarch64-apple-darwin23.2.0/13.2.0/include-fixed/stdio.h:276:22: note: 'FILE' is defined in header '<stdio.h>'; did you forget to '#include <stdio.h>'?
/Users/runner/.local/share/alire/toolchains/gnat_native_13.2.2_b2c113d5/lib/gcc/aarch64-apple-darwin23.2.0/13.2.0/include-fixed/stdio.h:285:44: error: unknown type name 'FILE'
  285 | __header_always_inline int __sputc(int _c, FILE *_p) {
      |                                            ^~~~
/Users/runner/.local/share/alire/toolchains/gnat_native_13.2.2_b2c113d5/lib/gcc/aarch64-apple-darwin23.2.0/13.2.0/include-fixed/stdio.h:285:44: note: 'FILE' is defined in header '<stdio.h>'; did you forget to '#include <stdio.h>'?
/Users/runner/.local/share/alire/toolchains/gnat_native_13.2.2_b2c113d5/lib/gcc/aarch64-apple-darwin23.2.0/13.2.0/include-fixed/stdio.h:311:20: error: unknown type name 'FILE'
  311 | void     flockfile(FILE *);
      |                    ^~~~
/Users/runner/.local/share/alire/toolchains/gnat_native_13.2.2_b2c113d5/lib/gcc/aarch64-apple-darwin23.2.0/13.2.0/include-fixed/stdio.h:311:20: note: 'FILE' is defined in header '<stdio.h>'; did you forget to '#include <stdio.h>'?
/Users/runner/.local/share/alire/toolchains/gnat_native_13.2.2_b2c113d5/lib/gcc/aarch64-apple-darwin23.2.0/13.2.0/include-fixed/stdio.h:312:23: error: unknown type name 'FILE'
  312 | int      ftrylockfile(FILE *);
      |                       ^~~~
/Users/runner/.local/share/alire/toolchains/gnat_native_13.2.2_b2c113d5/lib/gcc/aarch64-apple-darwin23.2.0/13.2.0/include-fixed/stdio.h:312:23: note: 'FILE' is defined in header '<stdio.h>'; did you forget to '#include <stdio.h>'?
/Users/runner/.local/share/alire/toolchains/gnat_native_13.2.2_b2c113d5/lib/gcc/aarch64-apple-darwin23.2.0/13.2.0/include-fixed/stdio.h:313:22: error: unknown type name 'FILE'
  313 | void     funlockfile(FILE *);
      |                      ^~~~
/Users/runner/.local/share/alire/toolchains/gnat_native_13.2.2_b2c113d5/lib/gcc/aarch64-apple-darwin23.2.0/13.2.0/include-fixed/stdio.h:313:22: note: 'FILE' is defined in header '<stdio.h>'; did you forget to '#include <stdio.h>'?
/Users/runner/.local/share/alire/toolchains/gnat_native_13.2.2_b2c113d5/lib/gcc/aarch64-apple-darwin23.2.0/13.2.0/include-fixed/stdio.h:314:24: error: unknown type name 'FILE'
  314 | int      getc_unlocked(FILE *);
      |                        ^~~~
/Users/runner/.local/share/alire/toolchains/gnat_native_13.2.2_b2c113d5/lib/gcc/aarch64-apple-darwin23.2.0/13.2.0/include-fixed/stdio.h:314:24: note: 'FILE' is defined in header '<stdio.h>'; did you forget to '#include <stdio.h>'?
/Users/runner/.local/share/alire/toolchains/gnat_native_13.2.2_b2c113d5/lib/gcc/aarch64-apple-darwin23.2.0/13.2.0/include-fixed/stdio.h:316:29: error: unknown type name 'FILE'
  316 | int      putc_unlocked(int, FILE *);
      |                             ^~~~
/Users/runner/.local/share/alire/toolchains/gnat_native_13.2.2_b2c113d5/lib/gcc/aarch64-apple-darwin23.2.0/13.2.0/include-fixed/stdio.h:316:29: note: 'FILE' is defined in header '<stdio.h>'; did you forget to '#include <stdio.h>'?
/Users/runner/.local/share/alire/toolchains/gnat_native_13.2.2_b2c113d5/lib/gcc/aarch64-apple-darwin23.2.0/13.2.0/include-fixed/stdio.h:321:15: error: unknown type name 'FILE'
  321 | int      getw(FILE *);
      |               ^~~~
/Users/runner/.local/share/alire/toolchains/gnat_native_13.2.2_b2c113d5/lib/gcc/aarch64-apple-darwin23.2.0/13.2.0/include-fixed/stdio.h:321:15: note: 'FILE' is defined in header '<stdio.h>'; did you forget to '#include <stdio.h>'?
/Users/runner/.local/share/alire/toolchains/gnat_native_13.2.2_b2c113d5/lib/gcc/aarch64-apple-darwin23.2.0/13.2.0/include-fixed/stdio.h:322:20: error: unknown type name 'FILE'
  322 | int      putw(int, FILE *);
      |                    ^~~~
/Users/runner/.local/share/alire/toolchains/gnat_native_13.2.2_b2c113d5/lib/gcc/aarch64-apple-darwin23.2.0/13.2.0/include-fixed/stdio.h:322:20: note: 'FILE' is defined in header '<stdio.h>'; did you forget to '#include <stdio.h>'?
/Users/runner/.local/share/alire/toolchains/gnat_native_13.2.2_b2c113d5/lib/gcc/aarch64-apple-darwin23.2.0/13.2.0/include-fixed/stdio.h:354:17: error: unknown type name 'FILE'
  354 | int      fseeko(FILE * __stream, off_t __offset, int __whence);
      |                 ^~~~
/Users/runner/.local/share/alire/toolchains/gnat_native_13.2.2_b2c113d5/lib/gcc/aarch64-apple-darwin23.2.0/13.2.0/include-fixed/stdio.h:354:17: note: 'FILE' is defined in header '<stdio.h>'; did you forget to '#include <stdio.h>'?
/Users/runner/.local/share/alire/toolchains/gnat_native_13.2.2_b2c113d5/lib/gcc/aarch64-apple-darwin23.2.0/13.2.0/include-fixed/stdio.h:355:17: error: unknown type name 'FILE'
  355 | off_t    ftello(FILE * __stream);
      |                 ^~~~
/Users/runner/.local/share/alire/toolchains/gnat_native_13.2.2_b2c113d5/lib/gcc/aarch64-apple-darwin23.2.0/13.2.0/include-fixed/stdio.h:355:17: note: 'FILE' is defined in header '<stdio.h>'; did you forget to '#include <stdio.h>'?
/Users/runner/.local/share/alire/toolchains/gnat_native_13.2.2_b2c113d5/lib/gcc/aarch64-apple-darwin23.2.0/13.2.0/include-fixed/stdio.h:361:44: error: unknown type name 'size_t'
  361 | int      snprintf(char * __restrict __str, size_t __size, const char * __restrict __format, ...) __printflike(3, 4);
      |                                            ^~~~~~
/Users/runner/.local/share/alire/toolchains/gnat_native_13.2.2_b2c113d5/lib/gcc/aarch64-apple-darwin23.2.0/13.2.0/include-fixed/stdio.h:361:44: note: 'size_t' is defined in header '<stddef.h>'; did you forget to '#include <stddef.h>'?
/Users/runner/.local/share/alire/toolchains/gnat_native_13.2.2_b2c113d5/lib/gcc/aarch64-apple-darwin23.2.0/13.2.0/include-fixed/stdio.h:362:18: error: unknown type name 'FILE'
  362 | int      vfscanf(FILE * __restrict __stream, const char * __restrict __format, __gnuc_va_list) __scanflike(2, 0);
      |                  ^~~~
/Users/runner/.local/share/alire/toolchains/gnat_native_13.2.2_b2c113d5/lib/gcc/aarch64-apple-darwin23.2.0/13.2.0/include-fixed/stdio.h:362:18: note: 'FILE' is defined in header '<stdio.h>'; did you forget to '#include <stdio.h>'?
/Users/runner/.local/share/alire/toolchains/gnat_native_13.2.2_b2c113d5/lib/gcc/aarch64-apple-darwin23.2.0/13.2.0/include-fixed/stdio.h:364:45: error: unknown type name 'size_t'
  364 | int      vsnprintf(char * __restrict __str, size_t __size, const char * __restrict __format, __gnuc_va_list) __printflike(3, 0);
      |                                             ^~~~~~
/Users/runner/.local/share/alire/toolchains/gnat_native_13.2.2_b2c113d5/lib/gcc/aarch64-apple-darwin23.2.0/13.2.0/include-fixed/stdio.h:364:45: note: 'size_t' is defined in header '<stddef.h>'; did you forget to '#include <stddef.h>'?
/Users/runner/.local/share/alire/toolchains/gnat_native_13.2.2_b2c113d5/lib/gcc/aarch64-apple-darwin23.2.0/13.2.0/include-fixed/stdio.h:379:71: error: expected ',' or ';' before '__OSX_AVAILABLE_STARTING'
  379 | int     dprintf(int, const char * __restrict, ...) __printflike(2, 3) __OSX_AVAILABLE_STARTING(__MAC_10_7, __IPHONE_4_3);
      |                                                                       ^~~~~~~~~~~~~~~~~~~~~~~~
/Users/runner/.local/share/alire/toolchains/gnat_native_13.2.2_b2c113d5/lib/gcc/aarch64-apple-darwin23.2.0/13.2.0/include-fixed/stdio.h:380:83: error: expected ',' or ';' before '__OSX_AVAILABLE_STARTING'
  380 | int     vdprintf(int, const char * __restrict, __gnuc_va_list) __printflike(2, 0) __OSX_AVAILABLE_STARTING(__MAC_10_7, __IPHONE_4_3);
      |                                                                                   ^~~~~~~~~~~~~~~~~~~~~~~~
/Users/runner/.local/share/alire/toolchains/gnat_native_13.2.2_b2c113d5/lib/gcc/aarch64-apple-darwin23.2.0/13.2.0/include-fixed/stdio.h:381:46: error: unknown type name 'size_t'
  381 | ssize_t getdelim(char ** __restrict __linep, size_t * __restrict __linecapp, int __delimiter, FILE * __restrict __stream) __OSX_AVAILABLE_STARTING(__MAC_10_7, __IPHONE_4_3);
      |                                              ^~~~~~
/Users/runner/.local/share/alire/toolchains/gnat_native_13.2.2_b2c113d5/lib/gcc/aarch64-apple-darwin23.2.0/13.2.0/include-fixed/stdio.h:381:46: note: 'size_t' is defined in header '<stddef.h>'; did you forget to '#include <stddef.h>'?
/Users/runner/.local/share/alire/toolchains/gnat_native_13.2.2_b2c113d5/lib/gcc/aarch64-apple-darwin23.2.0/13.2.0/include-fixed/stdio.h:381:95: error: unknown type name 'FILE'
  381 | ssize_t getdelim(char ** __restrict __linep, size_t * __restrict __linecapp, int __delimiter, FILE * __restrict __stream) __OSX_AVAILABLE_STARTING(__MAC_10_7, __IPHONE_4_3);
      |                                                                                               ^~~~
/Users/runner/.local/share/alire/toolchains/gnat_native_13.2.2_b2c113d5/lib/gcc/aarch64-apple-darwin23.2.0/13.2.0/include-fixed/stdio.h:381:95: note: 'FILE' is defined in header '<stdio.h>'; did you forget to '#include <stdio.h>'?
/Users/runner/.local/share/alire/toolchains/gnat_native_13.2.2_b2c113d5/lib/gcc/aarch64-apple-darwin23.2.0/13.2.0/include-fixed/stdio.h:382:45: error: unknown type name 'size_t'
  382 | ssize_t getline(char ** __restrict __linep, size_t * __restrict __linecapp, FILE * __restrict __stream) __OSX_AVAILABLE_STARTING(__MAC_10_7, __IPHONE_4_3);
      |                                             ^~~~~~
/Users/runner/.local/share/alire/toolchains/gnat_native_13.2.2_b2c113d5/lib/gcc/aarch64-apple-darwin23.2.0/13.2.0/include-fixed/stdio.h:382:45: note: 'size_t' is defined in header '<stddef.h>'; did you forget to '#include <stddef.h>'?
/Users/runner/.local/share/alire/toolchains/gnat_native_13.2.2_b2c113d5/lib/gcc/aarch64-apple-darwin23.2.0/13.2.0/include-fixed/stdio.h:382:77: error: unknown type name 'FILE'
  382 | ssize_t getline(char ** __restrict __linep, size_t * __restrict __linecapp, FILE * __restrict __stream) __OSX_AVAILABLE_STARTING(__MAC_10_7, __IPHONE_4_3);
      |                                                                             ^~~~
/Users/runner/.local/share/alire/toolchains/gnat_native_13.2.2_b2c113d5/lib/gcc/aarch64-apple-darwin23.2.0/13.2.0/include-fixed/stdio.h:382:77: note: 'FILE' is defined in header '<stdio.h>'; did you forget to '#include <stdio.h>'?
/Users/runner/.local/share/alire/toolchains/gnat_native_13.2.2_b2c113d5/lib/gcc/aarch64-apple-darwin23.2.0/13.2.0/include-fixed/stdio.h:383:1: error: unknown type name 'FILE'
  383 | FILE *fmemopen(void * __restrict __buf, size_t __size, const char * __restrict __mode) __API_AVAILABLE(macos(10.13), ios(11.0), tvos(11.0), watchos(4.0));
      | ^~~~
/Users/runner/.local/share/alire/toolchains/gnat_native_13.2.2_b2c113d5/lib/gcc/aarch64-apple-darwin23.2.0/13.2.0/include-fixed/stdio.h:383:1: note: 'FILE' is defined in header '<stdio.h>'; did you forget to '#include <stdio.h>'?
/Users/runner/.local/share/alire/toolchains/gnat_native_13.2.2_b2c113d5/lib/gcc/aarch64-apple-darwin23.2.0/13.2.0/include-fixed/stdio.h:383:41: error: unknown type name 'size_t'
  383 | FILE *fmemopen(void * __restrict __buf, size_t __size, const char * __restrict __mode) __API_AVAILABLE(macos(10.13), ios(11.0), tvos(11.0), watchos(4.0));
      |                                         ^~~~~~
/Users/runner/.local/share/alire/toolchains/gnat_native_13.2.2_b2c113d5/lib/gcc/aarch64-apple-darwin23.2.0/13.2.0/include-fixed/stdio.h:383:41: note: 'size_t' is defined in header '<stddef.h>'; did you forget to '#include <stddef.h>'?
/Users/runner/.local/share/alire/toolchains/gnat_native_13.2.2_b2c113d5/lib/gcc/aarch64-apple-darwin23.2.0/13.2.0/include-fixed/stdio.h:384:1: error: unknown type name 'FILE'
  384 | FILE *open_memstream(char **__bufp, size_t *__sizep) __API_AVAILABLE(macos(10.13), ios(11.0), tvos(11.0), watchos(4.0));
      | ^~~~
/Users/runner/.local/share/alire/toolchains/gnat_native_13.2.2_b2c113d5/lib/gcc/aarch64-apple-darwin23.2.0/13.2.0/include-fixed/stdio.h:384:1: note: 'FILE' is defined in header '<stdio.h>'; did you forget to '#include <stdio.h>'?
/Users/runner/.local/share/alire/toolchains/gnat_native_13.2.2_b2c113d5/lib/gcc/aarch64-apple-darwin23.2.0/13.2.0/include-fixed/stdio.h:384:37: error: unknown type name 'size_t'
  384 | FILE *open_memstream(char **__bufp, size_t *__sizep) __API_AVAILABLE(macos(10.13), ios(11.0), tvos(11.0), watchos(4.0));
      |                                     ^~~~~~
/Users/runner/.local/share/alire/toolchains/gnat_native_13.2.2_b2c113d5/lib/gcc/aarch64-apple-darwin23.2.0/13.2.0/include-fixed/stdio.h:384:37: note: 'size_t' is defined in header '<stddef.h>'; did you forget to '#include <stddef.h>'?
/Users/runner/.local/share/alire/toolchains/gnat_native_13.2.2_b2c113d5/lib/gcc/aarch64-apple-darwin23.2.0/13.2.0/include-fixed/stdio.h:399:17: error: unknown type name 'FILE'
  399 | char    *fgetln(FILE *, size_t *);
      |                 ^~~~
/Users/runner/.local/share/alire/toolchains/gnat_native_13.2.2_b2c113d5/lib/gcc/aarch64-apple-darwin23.2.0/13.2.0/include-fixed/stdio.h:399:17: note: 'FILE' is defined in header '<stdio.h>'; did you forget to '#include <stdio.h>'?
/Users/runner/.local/share/alire/toolchains/gnat_native_13.2.2_b2c113d5/lib/gcc/aarch64-apple-darwin23.2.0/13.2.0/include-fixed/stdio.h:399:25: error: unknown type name 'size_t'
  399 | char    *fgetln(FILE *, size_t *);
      |                         ^~~~~~
/Users/runner/.local/share/alire/toolchains/gnat_native_13.2.2_b2c113d5/lib/gcc/aarch64-apple-darwin23.2.0/13.2.0/include-fixed/stdio.h:399:25: note: 'size_t' is defined in header '<stddef.h>'; did you forget to '#include <stddef.h>'?
/Users/runner/.local/share/alire/toolchains/gnat_native_13.2.2_b2c113d5/lib/gcc/aarch64-apple-darwin23.2.0/13.2.0/include-fixed/stdio.h:401:17: error: unknown type name 'FILE'
  401 | int      fpurge(FILE *);
      |                 ^~~~
/Users/runner/.local/share/alire/toolchains/gnat_native_13.2.2_b2c113d5/lib/gcc/aarch64-apple-darwin23.2.0/13.2.0/include-fixed/stdio.h:401:17: note: 'FILE' is defined in header '<stdio.h>'; did you forget to '#include <stdio.h>'?
/Users/runner/.local/share/alire/toolchains/gnat_native_13.2.2_b2c113d5/lib/gcc/aarch64-apple-darwin23.2.0/13.2.0/include-fixed/stdio.h:402:20: error: unknown type name 'FILE'
  402 | void     setbuffer(FILE *, char *, int);
      |                    ^~~~
/Users/runner/.local/share/alire/toolchains/gnat_native_13.2.2_b2c113d5/lib/gcc/aarch64-apple-darwin23.2.0/13.2.0/include-fixed/stdio.h:402:20: note: 'FILE' is defined in header '<stdio.h>'; did you forget to '#include <stdio.h>'?
/Users/runner/.local/share/alire/toolchains/gnat_native_13.2.2_b2c113d5/lib/gcc/aarch64-apple-darwin23.2.0/13.2.0/include-fixed/stdio.h:403:21: error: unknown type name 'FILE'
  403 | int      setlinebuf(FILE *);
      |                     ^~~~
/Users/runner/.local/share/alire/toolchains/gnat_native_13.2.2_b2c113d5/lib/gcc/aarch64-apple-darwin23.2.0/13.2.0/include-fixed/stdio.h:403:21: note: 'FILE' is defined in header '<stdio.h>'; did you forget to '#include <stdio.h>'?
/Users/runner/.local/share/alire/toolchains/gnat_native_13.2.2_b2c113d5/lib/gcc/aarch64-apple-darwin23.2.0/13.2.0/include-fixed/stdio.h:410:1: error: unknown type name 'FILE'
  410 | FILE    *funopen(const void *,
      | ^~~~
/Users/runner/.local/share/alire/toolchains/gnat_native_13.2.2_b2c113d5/lib/gcc/aarch64-apple-darwin23.2.0/13.2.0/include-fixed/stdio.h:410:1: note: 'FILE' is defined in header '<stdio.h>'; did you forget to '#include <stdio.h>'?
/Users/runner/.local/share/alire/toolchains/gnat_native_13.2.2_b2c113d5/lib/gcc/aarch64-apple-darwin23.2.0/13.2.0/include-fixed/stdio.h:413:18: error: unknown type name 'fpos_t'
  413 |                  fpos_t (* _Nullable)(void *, fpos_t, int),
      |                  ^~~~~~
/Users/runner/.local/share/alire/toolchains/gnat_native_13.2.2_b2c113d5/lib/gcc/aarch64-apple-darwin23.2.0/13.2.0/include-fixed/stdio.h:413:18: note: 'fpos_t' is defined in header '<stdio.h>'; did you forget to '#include <stdio.h>'?
In file included from /Users/runner/.local/share/alire/builds/gnatcoll_25.0.0_d7d84483/ac115aa892cd72d4af831be2647f0e30de64e37fe7fd17463a361219a0eb7184/core/src/os/unix/libc-wrappers.c:35:
/Users/runner/.local/share/alire/toolchains/gnat_native_13.2.2_b2c113d5/lib/gcc/aarch64-apple-darwin23.2.0/13.2.0/include-fixed/stdio.h:83:8: error: unknown type name 'FILE'
   83 | extern FILE *__stdinp;
      |        ^~~~
/Users/runner/.local/share/alire/toolchains/gnat_native_13.2.2_b2c113d5/lib/gcc/aarch64-apple-darwin23.2.0/13.2.0/include-fixed/stdio.h:84:8: error: unknown type name 'FILE'
   84 | extern FILE *__stdoutp;
      |        ^~~~
/Users/runner/.local/share/alire/toolchains/gnat_native_13.2.2_b2c113d5/lib/gcc/aarch64-apple-darwin23.2.0/13.2.0/include-fixed/stdio.h:85:8: error: unknown type name 'FILE'
   85 | extern FILE *__stderrp;
      |        ^~~~
/Users/runner/.local/share/alire/toolchains/gnat_native_13.2.2_b2c113d5/lib/gcc/aarch64-apple-darwin23.2.0/13.2.0/include-fixed/stdio.h:148:19: error: unknown type name 'FILE'
  148 | void     clearerr(FILE *);
      |                   ^~~~
/Users/runner/.local/share/alire/toolchains/gnat_native_13.2.2_b2c113d5/lib/gcc/aarch64-apple-darwin23.2.0/13.2.0/include-fixed/stdio.h:81:1: note: 'FILE' is defined in header '<stdio.h>'; did you forget to '#include <stdio.h>'?
   80 | #include <sys/_types/_seek_set.h>
  +++ |+#include <stdio.h>
   81 | 
/Users/runner/.local/share/alire/toolchains/gnat_native_13.2.2_b2c113d5/lib/gcc/aarch64-apple-darwin23.2.0/13.2.0/include-fixed/stdio.h:149:17: error: unknown type name 'FILE'
  149 | int      fclose(FILE *);
      |                 ^~~~
/Users/runner/.local/share/alire/toolchains/gnat_native_13.2.2_b2c113d5/lib/gcc/aarch64-apple-darwin23.2.0/13.2.0/include-fixed/stdio.h:149:17: note: 'FILE' is defined in header '<stdio.h>'; did you forget to '#include <stdio.h>'?
/Users/runner/.local/share/alire/toolchains/gnat_native_13.2.2_b2c113d5/lib/gcc/aarch64-apple-darwin23.2.0/13.2.0/include-fixed/stdio.h:150:15: error: unknown type name 'FILE'
  150 | int      feof(FILE *);
      |               ^~~~
/Users/runner/.local/share/alire/toolchains/gnat_native_13.2.2_b2c113d5/lib/gcc/aarch64-apple-darwin23.2.0/13.2.0/include-fixed/stdio.h:150:15: note: 'FILE' is defined in header '<stdio.h>'; did you forget to '#include <stdio.h>'?
/Users/runner/.local/share/alire/toolchains/gnat_native_13.2.2_b2c113d5/lib/gcc/aarch64-apple-darwin23.2.0/13.2.0/include-fixed/stdio.h:151:17: error: unknown type name 'FILE'
  151 | int      ferror(FILE *);
      |                 ^~~~
/Users/runner/.local/share/alire/toolchains/gnat_native_13.2.2_b2c113d5/lib/gcc/aarch64-apple-darwin23.2.0/13.2.0/include-fixed/stdio.h:151:17: note: 'FILE' is defined in header '<stdio.h>'; did you forget to '#include <stdio.h>'?
/Users/runner/.local/share/alire/toolchains/gnat_native_13.2.2_b2c113d5/lib/gcc/aarch64-apple-darwin23.2.0/13.2.0/include-fixed/stdio.h:152:17: error: unknown type name 'FILE'
  152 | int      fflush(FILE *);
      |                 ^~~~
/Users/runner/.local/share/alire/toolchains/gnat_native_13.2.2_b2c113d5/lib/gcc/aarch64-apple-darwin23.2.0/13.2.0/include-fixed/stdio.h:152:17: note: 'FILE' is defined in header '<stdio.h>'; did you forget to '#include <stdio.h>'?
/Users/runner/.local/share/alire/toolchains/gnat_native_13.2.2_b2c113d5/lib/gcc/aarch64-apple-darwin23.2.0/13.2.0/include-fixed/stdio.h:153:16: error: unknown type name 'FILE'
  153 | int      fgetc(FILE *);
      |                ^~~~
/Users/runner/.local/share/alire/toolchains/gnat_native_13.2.2_b2c113d5/lib/gcc/aarch64-apple-darwin23.2.0/13.2.0/include-fixed/stdio.h:153:16: note: 'FILE' is defined in header '<stdio.h>'; did you forget to '#include <stdio.h>'?
/Users/runner/.local/share/alire/toolchains/gnat_native_13.2.2_b2c113d5/lib/gcc/aarch64-apple-darwin23.2.0/13.2.0/include-fixed/stdio.h:154:18: error: unknown type name 'FILE'
  154 | int      fgetpos(FILE * __restrict, fpos_t *);
      |                  ^~~~
/Users/runner/.local/share/alire/toolchains/gnat_native_13.2.2_b2c113d5/lib/gcc/aarch64-apple-darwin23.2.0/13.2.0/include-fixed/stdio.h:154:18: note: 'FILE' is defined in header '<stdio.h>'; did you forget to '#include <stdio.h>'?
/Users/runner/.local/share/alire/toolchains/gnat_native_13.2.2_b2c113d5/lib/gcc/aarch64-apple-darwin23.2.0/13.2.0/include-fixed/stdio.h:154:37: error: unknown type name 'fpos_t'
  154 | int      fgetpos(FILE * __restrict, fpos_t *);
      |                                     ^~~~~~
/Users/runner/.local/share/alire/toolchains/gnat_native_13.2.2_b2c113d5/lib/gcc/aarch64-apple-darwin23.2.0/13.2.0/include-fixed/stdio.h:154:37: note: 'fpos_t' is defined in header '<stdio.h>'; did you forget to '#include <stdio.h>'?
/Users/runner/.local/share/alire/toolchains/gnat_native_13.2.2_b2c113d5/lib/gcc/aarch64-apple-darwin23.2.0/13.2.0/include-fixed/stdio.h:155:40: error: unknown type name 'FILE'
  155 | char    *fgets(char * __restrict, int, FILE *);
      |                                        ^~~~
/Users/runner/.local/share/alire/toolchains/gnat_native_13.2.2_b2c113d5/lib/gcc/aarch64-apple-darwin23.2.0/13.2.0/include-fixed/stdio.h:155:40: note: 'FILE' is defined in header '<stdio.h>'; did you forget to '#include <stdio.h>'?
/Users/runner/.local/share/alire/toolchains/gnat_native_13.2.2_b2c113d5/lib/gcc/aarch64-apple-darwin23.2.0/13.2.0/include-fixed/stdio.h:159:1: error: unknown type name 'FILE'
  159 | FILE    *fopen(const char * __restrict __filename, const char * __restrict __mode) __DARWIN_ALIAS_STARTING(__MAC_10_6, __IPHONE_2_0, __DARWIN_ALIAS(fopen));
      | ^~~~
/Users/runner/.local/share/alire/toolchains/gnat_native_13.2.2_b2c113d5/lib/gcc/aarch64-apple-darwin23.2.0/13.2.0/include-fixed/stdio.h:159:1: note: 'FILE' is defined in header '<stdio.h>'; did you forget to '#include <stdio.h>'?
/Users/runner/.local/share/alire/toolchains/gnat_native_13.2.2_b2c113d5/lib/gcc/aarch64-apple-darwin23.2.0/13.2.0/include-fixed/stdio.h:161:18: error: unknown type name 'FILE'
  161 | int      fprintf(FILE * __restrict, const char * __restrict, ...) __printflike(2, 3);
      |                  ^~~~
/Users/runner/.local/share/alire/toolchains/gnat_native_13.2.2_b2c113d5/lib/gcc/aarch64-apple-darwin23.2.0/13.2.0/include-fixed/stdio.h:161:18: note: 'FILE' is defined in header '<stdio.h>'; did you forget to '#include <stdio.h>'?
/Users/runner/.local/share/alire/toolchains/gnat_native_13.2.2_b2c113d5/lib/gcc/aarch64-apple-darwin23.2.0/13.2.0/include-fixed/stdio.h:162:21: error: unknown type name 'FILE'
  162 | int      fputc(int, FILE *);
      |                     ^~~~
/Users/runner/.local/share/alire/toolchains/gnat_native_13.2.2_b2c113d5/lib/gcc/aarch64-apple-darwin23.2.0/13.2.0/include-fixed/stdio.h:162:21: note: 'FILE' is defined in header '<stdio.h>'; did you forget to '#include <stdio.h>'?
/Users/runner/.local/share/alire/toolchains/gnat_native_13.2.2_b2c113d5/lib/gcc/aarch64-apple-darwin23.2.0/13.2.0/include-fixed/stdio.h:163:41: error: unknown type name 'FILE'
  163 | int      fputs(const char * __restrict, FILE * __restrict) __DARWIN_ALIAS(fputs);
      |                                         ^~~~
/Users/runner/.local/share/alire/toolchains/gnat_native_13.2.2_b2c113d5/lib/gcc/aarch64-apple-darwin23.2.0/13.2.0/include-fixed/stdio.h:163:41: note: 'FILE' is defined in header '<stdio.h>'; did you forget to '#include <stdio.h>'?
/Users/runner/.local/share/alire/toolchains/gnat_native_13.2.2_b2c113d5/lib/gcc/aarch64-apple-darwin23.2.0/13.2.0/include-fixed/stdio.h:164:1: error: unknown type name 'size_t'
  164 | size_t   fread(void * __restrict __ptr, size_t __size, size_t __nitems, FILE * __restrict __stream);
      | ^~~~~~
/Users/runner/.local/share/alire/toolchains/gnat_native_13.2.2_b2c113d5/lib/gcc/aarch64-apple-darwin23.2.0/13.2.0/include-fixed/stdio.h:81:1: note: 'size_t' is defined in header '<stddef.h>'; did you forget to '#include <stddef.h>'?
   80 | #include <sys/_types/_seek_set.h>
  +++ |+#include <stddef.h>
   81 | 
/Users/runner/.local/share/alire/toolchains/gnat_native_13.2.2_b2c113d5/lib/gcc/aarch64-apple-darwin23.2.0/13.2.0/include-fixed/stdio.h:164:41: error: unknown type name 'size_t'
  164 | size_t   fread(void * __restrict __ptr, size_t __size, size_t __nitems, FILE * __restrict __stream);
      |                                         ^~~~~~
/Users/runner/.local/share/alire/toolchains/gnat_native_13.2.2_b2c113d5/lib/gcc/aarch64-apple-darwin23.2.0/13.2.0/include-fixed/stdio.h:164:41: note: 'size_t' is defined in header '<stddef.h>'; did you forget to '#include <stddef.h>'?
/Users/runner/.local/share/alire/toolchains/gnat_native_13.2.2_b2c113d5/lib/gcc/aarch64-apple-darwin23.2.0/13.2.0/include-fixed/stdio.h:164:56: error: unknown type name 'size_t'
  164 | size_t   fread(void * __restrict __ptr, size_t __size, size_t __nitems, FILE * __restrict __stream);
      |                                                        ^~~~~~
/Users/runner/.local/share/alire/toolchains/gnat_native_13.2.2_b2c113d5/lib/gcc/aarch64-apple-darwin23.2.0/13.2.0/include-fixed/stdio.h:164:56: note: 'size_t' is defined in header '<stddef.h>'; did you forget to '#include <stddef.h>'?
/Users/runner/.local/share/alire/toolchains/gnat_native_13.2.2_b2c113d5/lib/gcc/aarch64-apple-darwin23.2.0/13.2.0/include-fixed/stdio.h:164:73: error: unknown type name 'FILE'
  164 | size_t   fread(void * __restrict __ptr, size_t __size, size_t __nitems, FILE * __restrict __stream);
      |                                                                         ^~~~
/Users/runner/.local/share/alire/toolchains/gnat_native_13.2.2_b2c113d5/lib/gcc/aarch64-apple-darwin23.2.0/13.2.0/include-fixed/stdio.h:164:73: note: 'FILE' is defined in header '<stdio.h>'; did you forget to '#include <stdio.h>'?
/Users/runner/.local/share/alire/toolchains/gnat_native_13.2.2_b2c113d5/lib/gcc/aarch64-apple-darwin23.2.0/13.2.0/include-fixed/stdio.h:165:1: error: unknown type name 'FILE'
  165 | FILE    *freopen(const char * __restrict, const char * __restrict,
      | ^~~~
/Users/runner/.local/share/alire/toolchains/gnat_native_13.2.2_b2c113d5/lib/gcc/aarch64-apple-darwin23.2.0/13.2.0/include-fixed/stdio.h:165:1: note: 'FILE' is defined in header '<stdio.h>'; did you forget to '#include <stdio.h>'?
/Users/runner/.local/share/alire/toolchains/gnat_native_13.2.2_b2c113d5/lib/gcc/aarch64-apple-darwin23.2.0/13.2.0/include-fixed/stdio.h:166:18: error: unknown type name 'FILE'
  166 |                  FILE * __restrict) __DARWIN_ALIAS(freopen);
      |                  ^~~~
/Users/runner/.local/share/alire/toolchains/gnat_native_13.2.2_b2c113d5/lib/gcc/aarch64-apple-darwin23.2.0/13.2.0/include-fixed/stdio.h:166:18: note: 'FILE' is defined in header '<stdio.h>'; did you forget to '#include <stdio.h>'?
/Users/runner/.local/share/alire/toolchains/gnat_native_13.2.2_b2c113d5/lib/gcc/aarch64-apple-darwin23.2.0/13.2.0/include-fixed/stdio.h:167:17: error: unknown type name 'FILE'
  167 | int      fscanf(FILE * __restrict, const char * __restrict, ...) __scanflike(2, 3);
      |                 ^~~~
/Users/runner/.local/share/alire/toolchains/gnat_native_13.2.2_b2c113d5/lib/gcc/aarch64-apple-darwin23.2.0/13.2.0/include-fixed/stdio.h:167:17: note: 'FILE' is defined in header '<stdio.h>'; did you forget to '#include <stdio.h>'?
/Users/runner/.local/share/alire/toolchains/gnat_native_13.2.2_b2c113d5/lib/gcc/aarch64-apple-darwin23.2.0/13.2.0/include-fixed/stdio.h:168:16: error: unknown type name 'FILE'
  168 | int      fseek(FILE *, long, int);
      |                ^~~~
/Users/runner/.local/share/alire/toolchains/gnat_native_13.2.2_b2c113d5/lib/gcc/aarch64-apple-darwin23.2.0/13.2.0/include-fixed/stdio.h:168:16: note: 'FILE' is defined in header '<stdio.h>'; did you forget to '#include <stdio.h>'?
/Users/runner/.local/share/alire/toolchains/gnat_native_13.2.2_b2c113d5/lib/gcc/aarch64-apple-darwin23.2.0/13.2.0/include-fixed/stdio.h:169:18: error: unknown type name 'FILE'
  169 | int      fsetpos(FILE *, const fpos_t *);
      |                  ^~~~
/Users/runner/.local/share/alire/toolchains/gnat_native_13.2.2_b2c113d5/lib/gcc/aarch64-apple-darwin23.2.0/13.2.0/include-fixed/stdio.h:169:18: note: 'FILE' is defined in header '<stdio.h>'; did you forget to '#include <stdio.h>'?
/Users/runner/.local/share/alire/toolchains/gnat_native_13.2.2_b2c113d5/lib/gcc/aarch64-apple-darwin23.2.0/13.2.0/include-fixed/stdio.h:169:32: error: unknown type name 'fpos_t'
  169 | int      fsetpos(FILE *, const fpos_t *);
      |                                ^~~~~~
/Users/runner/.local/share/alire/toolchains/gnat_native_13.2.2_b2c113d5/lib/gcc/aarch64-apple-darwin23.2.0/13.2.0/include-fixed/stdio.h:170:16: error: unknown type name 'FILE'
  170 | long     ftell(FILE *);
      |                ^~~~
/Users/runner/.local/share/alire/toolchains/gnat_native_13.2.2_b2c113d5/lib/gcc/aarch64-apple-darwin23.2.0/13.2.0/include-fixed/stdio.h:170:16: note: 'FILE' is defined in header '<stdio.h>'; did you forget to '#include <stdio.h>'?
/Users/runner/.local/share/alire/toolchains/gnat_native_13.2.2_b2c113d5/lib/gcc/aarch64-apple-darwin23.2.0/13.2.0/include-fixed/stdio.h:171:1: error: unknown type name 'size_t'
  171 | size_t   fwrite(const void * __restrict __ptr, size_t __size, size_t __nitems, FILE * __restrict __stream) __DARWIN_ALIAS(fwrite);
      | ^~~~~~
/Users/runner/.local/share/alire/toolchains/gnat_native_13.2.2_b2c113d5/lib/gcc/aarch64-apple-darwin23.2.0/13.2.0/include-fixed/stdio.h:171:1: note: 'size_t' is defined in header '<stddef.h>'; did you forget to '#include <stddef.h>'?
/Users/runner/.local/share/alire/toolchains/gnat_native_13.2.2_b2c113d5/lib/gcc/aarch64-apple-darwin23.2.0/13.2.0/include-fixed/stdio.h:171:48: error: unknown type name 'size_t'
  171 | size_t   fwrite(const void * __restrict __ptr, size_t __size, size_t __nitems, FILE * __restrict __stream) __DARWIN_ALIAS(fwrite);
      |                                                ^~~~~~
/Users/runner/.local/share/alire/toolchains/gnat_native_13.2.2_b2c113d5/lib/gcc/aarch64-apple-darwin23.2.0/13.2.0/include-fixed/stdio.h:171:48: note: 'size_t' is defined in header '<stddef.h>'; did you forget to '#include <stddef.h>'?
/Users/runner/.local/share/alire/toolchains/gnat_native_13.2.2_b2c113d5/lib/gcc/aarch64-apple-darwin23.2.0/13.2.0/include-fixed/stdio.h:171:63: error: unknown type name 'size_t'
  171 | size_t   fwrite(const void * __restrict __ptr, size_t __size, size_t __nitems, FILE * __restrict __stream) __DARWIN_ALIAS(fwrite);
      |                                                               ^~~~~~
/Users/runner/.local/share/alire/toolchains/gnat_native_13.2.2_b2c113d5/lib/gcc/aarch64-apple-darwin23.2.0/13.2.0/include-fixed/stdio.h:171:63: note: 'size_t' is defined in header '<stddef.h>'; did you forget to '#include <stddef.h>'?
/Users/runner/.local/share/alire/toolchains/gnat_native_13.2.2_b2c113d5/lib/gcc/aarch64-apple-darwin23.2.0/13.2.0/include-fixed/stdio.h:171:80: error: unknown type name 'FILE'
  171 | size_t   fwrite(const void * __restrict __ptr, size_t __size, size_t __nitems, FILE * __restrict __stream) __DARWIN_ALIAS(fwrite);
      |                                                                                ^~~~
/Users/runner/.local/share/alire/toolchains/gnat_native_13.2.2_b2c113d5/lib/gcc/aarch64-apple-darwin23.2.0/13.2.0/include-fixed/stdio.h:171:80: note: 'FILE' is defined in header '<stdio.h>'; did you forget to '#include <stdio.h>'?
/Users/runner/.local/share/alire/toolchains/gnat_native_13.2.2_b2c113d5/lib/gcc/aarch64-apple-darwin23.2.0/13.2.0/include-fixed/stdio.h:172:15: error: unknown type name 'FILE'
  172 | int      getc(FILE *);
      |               ^~~~
/Users/runner/.local/share/alire/toolchains/gnat_native_13.2.2_b2c113d5/lib/gcc/aarch64-apple-darwin23.2.0/13.2.0/include-fixed/stdio.h:172:15: note: 'FILE' is defined in header '<stdio.h>'; did you forget to '#include <stdio.h>'?
/Users/runner/.local/share/alire/toolchains/gnat_native_13.2.2_b2c113d5/lib/gcc/aarch64-apple-darwin23.2.0/13.2.0/include-fixed/stdio.h:184:20: error: unknown type name 'FILE'
  184 | int      putc(int, FILE *);
      |                    ^~~~
/Users/runner/.local/share/alire/toolchains/gnat_native_13.2.2_b2c113d5/lib/gcc/aarch64-apple-darwin23.2.0/13.2.0/include-fixed/stdio.h:184:20: note: 'FILE' is defined in header '<stdio.h>'; did you forget to '#include <stdio.h>'?
/Users/runner/.local/share/alire/toolchains/gnat_native_13.2.2_b2c113d5/lib/gcc/aarch64-apple-darwin23.2.0/13.2.0/include-fixed/stdio.h:189:17: error: unknown type name 'FILE'
  189 | void     rewind(FILE *);
      |                 ^~~~
/Users/runner/.local/share/alire/toolchains/gnat_native_13.2.2_b2c113d5/lib/gcc/aarch64-apple-darwin23.2.0/13.2.0/include-fixed/stdio.h:189:17: note: 'FILE' is defined in header '<stdio.h>'; did you forget to '#include <stdio.h>'?
/Users/runner/.local/share/alire/toolchains/gnat_native_13.2.2_b2c113d5/lib/gcc/aarch64-apple-darwin23.2.0/13.2.0/include-fixed/stdio.h:191:17: error: unknown type name 'FILE'
  191 | void     setbuf(FILE * __restrict, char * __restrict);
      |                 ^~~~
/Users/runner/.local/share/alire/toolchains/gnat_native_13.2.2_b2c113d5/lib/gcc/aarch64-apple-darwin23.2.0/13.2.0/include-fixed/stdio.h:191:17: note: 'FILE' is defined in header '<stdio.h>'; did you forget to '#include <stdio.h>'?
/Users/runner/.local/share/alire/toolchains/gnat_native_13.2.2_b2c113d5/lib/gcc/aarch64-apple-darwin23.2.0/13.2.0/include-fixed/stdio.h:192:18: error: unknown type name 'FILE'
  192 | int      setvbuf(FILE * __restrict, char * __restrict, int, size_t);
      |                  ^~~~
/Users/runner/.local/share/alire/toolchains/gnat_native_13.2.2_b2c113d5/lib/gcc/aarch64-apple-darwin23.2.0/13.2.0/include-fixed/stdio.h:192:18: note: 'FILE' is defined in header '<stdio.h>'; did you forget to '#include <stdio.h>'?
/Users/runner/.local/share/alire/toolchains/gnat_native_13.2.2_b2c113d5/lib/gcc/aarch64-apple-darwin23.2.0/13.2.0/include-fixed/stdio.h:192:61: error: unknown type name 'size_t'
  192 | int      setvbuf(FILE * __restrict, char * __restrict, int, size_t);
      |                                                             ^~~~~~
/Users/runner/.local/share/alire/toolchains/gnat_native_13.2.2_b2c113d5/lib/gcc/aarch64-apple-darwin23.2.0/13.2.0/include-fixed/stdio.h:192:61: note: 'size_t' is defined in header '<stddef.h>'; did you forget to '#include <stddef.h>'?
/Users/runner/.local/share/alire/toolchains/gnat_native_13.2.2_b2c113d5/lib/gcc/aarch64-apple-darwin23.2.0/13.2.0/include-fixed/stdio.h:203:1: error: unknown type name 'FILE'
  203 | FILE    *tmpfile(void);
      | ^~~~
/Users/runner/.local/share/alire/toolchains/gnat_native_13.2.2_b2c113d5/lib/gcc/aarch64-apple-darwin23.2.0/13.2.0/include-fixed/stdio.h:203:1: note: 'FILE' is defined in header '<stdio.h>'; did you forget to '#include <stdio.h>'?
/Users/runner/.local/share/alire/toolchains/gnat_native_13.2.2_b2c113d5/lib/gcc/aarch64-apple-darwin23.2.0/13.2.0/include-fixed/stdio.h:213:22: error: unknown type name 'FILE'
  213 | int      ungetc(int, FILE *);
      |                      ^~~~
/Users/runner/.local/share/alire/toolchains/gnat_native_13.2.2_b2c113d5/lib/gcc/aarch64-apple-darwin23.2.0/13.2.0/include-fixed/stdio.h:213:22: note: 'FILE' is defined in header '<stdio.h>'; did you forget to '#include <stdio.h>'?
/Users/runner/.local/share/alire/toolchains/gnat_native_13.2.2_b2c113d5/lib/gcc/aarch64-apple-darwin23.2.0/13.2.0/include-fixed/stdio.h:214:19: error: unknown type name 'FILE'
  214 | int      vfprintf(FILE * __restrict, const char * __restrict, __gnuc_va_list) __printflike(2, 0);
      |                   ^~~~
/Users/runner/.local/share/alire/toolchains/gnat_native_13.2.2_b2c113d5/lib/gcc/aarch64-apple-darwin23.2.0/13.2.0/include-fixed/stdio.h:214:19: note: 'FILE' is defined in header '<stdio.h>'; did you forget to '#include <stdio.h>'?
/Users/runner/.local/share/alire/toolchains/gnat_native_13.2.2_b2c113d5/lib/gcc/aarch64-apple-darwin23.2.0/13.2.0/include-fixed/stdio.h:242:1: error: unknown type name 'FILE'
  242 | FILE    *fdopen(int, const char *) __DARWIN_ALIAS_STARTING(__MAC_10_6, __IPHONE_2_0, __DARWIN_ALIAS(fdopen));
      | ^~~~
/Users/runner/.local/share/alire/toolchains/gnat_native_13.2.2_b2c113d5/lib/gcc/aarch64-apple-darwin23.2.0/13.2.0/include-fixed/stdio.h:242:1: note: 'FILE' is defined in header '<stdio.h>'; did you forget to '#include <stdio.h>'?
/Users/runner/.local/share/alire/toolchains/gnat_native_13.2.2_b2c113d5/lib/gcc/aarch64-apple-darwin23.2.0/13.2.0/include-fixed/stdio.h:244:17: error: unknown type name 'FILE'
  244 | int      fileno(FILE *);
      |                 ^~~~
/Users/runner/.local/share/alire/toolchains/gnat_native_13.2.2_b2c113d5/lib/gcc/aarch64-apple-darwin23.2.0/13.2.0/include-fixed/stdio.h:244:17: note: 'FILE' is defined in header '<stdio.h>'; did you forget to '#include <stdio.h>'?
/Users/runner/.local/share/alire/toolchains/gnat_native_13.2.2_b2c113d5/lib/gcc/aarch64-apple-darwin23.2.0/13.2.0/include-fixed/stdio.h:255:17: error: unknown type name 'FILE'
  255 | int      pclose(FILE *) __swift_unavailable("Use posix_spawn APIs or NSTask instead. (On iOS, process spawning is unavailable.)");
      |                 ^~~~
/Users/runner/.local/share/alire/toolchains/gnat_native_13.2.2_b2c113d5/lib/gcc/aarch64-apple-darwin23.2.0/13.2.0/include-fixed/stdio.h:255:17: note: 'FILE' is defined in header '<stdio.h>'; did you forget to '#include <stdio.h>'?
/Users/runner/.local/share/alire/toolchains/gnat_native_13.2.2_b2c113d5/lib/gcc/aarch64-apple-darwin23.2.0/13.2.0/include-fixed/stdio.h:259:1: error: unknown type name 'FILE'
  259 | FILE    *popen(const char *, const char *) __DARWIN_ALIAS_STARTING(__MAC_10_6, __IPHONE_2_0, __DARWIN_ALIAS(popen)) __swift_unavailable("Use posix_spawn APIs or NSTask instead. (On iOS, process spawning is unavailable.)");
      | ^~~~
/Users/runner/.local/share/alire/toolchains/gnat_native_13.2.2_b2c113d5/lib/gcc/aarch64-apple-darwin23.2.0/13.2.0/include-fixed/stdio.h:259:1: note: 'FILE' is defined in header '<stdio.h>'; did you forget to '#include <stdio.h>'?
/Users/runner/.local/share/alire/toolchains/gnat_native_13.2.2_b2c113d5/lib/gcc/aarch64-apple-darwin23.2.0/13.2.0/include-fixed/stdio.h:274:17: error: unknown type name 'FILE'
  274 | int     __srget(FILE *);
      |                 ^~~~
/Users/runner/.local/share/alire/toolchains/gnat_native_13.2.2_b2c113d5/lib/gcc/aarch64-apple-darwin23.2.0/13.2.0/include-fixed/stdio.h:274:17: note: 'FILE' is defined in header '<stdio.h>'; did you forget to '#include <stdio.h>'?
/Users/runner/.local/share/alire/toolchains/gnat_native_13.2.2_b2c113d5/lib/gcc/aarch64-apple-darwin23.2.0/13.2.0/include-fixed/stdio.h:275:20: error: unknown type name 'FILE'
  275 | int     __svfscanf(FILE *, const char *, __gnuc_va_list) __scanflike(2, 0);
      |                    ^~~~
/Users/runner/.local/share/alire/toolchains/gnat_native_13.2.2_b2c113d5/lib/gcc/aarch64-apple-darwin23.2.0/13.2.0/include-fixed/stdio.h:275:20: note: 'FILE' is defined in header '<stdio.h>'; did you forget to '#include <stdio.h>'?
/Users/runner/.local/share/alire/toolchains/gnat_native_13.2.2_b2c113d5/lib/gcc/aarch64-apple-darwin23.2.0/13.2.0/include-fixed/stdio.h:276:22: error: unknown type name 'FILE'
  276 | int     __swbuf(int, FILE *);
      |                      ^~~~
/Users/runner/.local/share/alire/toolchains/gnat_native_13.2.2_b2c113d5/lib/gcc/aarch64-apple-darwin23.2.0/13.2.0/include-fixed/stdio.h:276:22: note: 'FILE' is defined in header '<stdio.h>'; did you forget to '#include <stdio.h>'?
/Users/runner/.local/share/alire/toolchains/gnat_native_13.2.2_b2c113d5/lib/gcc/aarch64-apple-darwin23.2.0/13.2.0/include-fixed/stdio.h:285:44: error: unknown type name 'FILE'
  285 | __header_always_inline int __sputc(int _c, FILE *_p) {
      |                                            ^~~~
/Users/runner/.local/share/alire/toolchains/gnat_native_13.2.2_b2c113d5/lib/gcc/aarch64-apple-darwin23.2.0/13.2.0/include-fixed/stdio.h:285:44: note: 'FILE' is defined in header '<stdio.h>'; did you forget to '#include <stdio.h>'?
/Users/runner/.local/share/alire/toolchains/gnat_native_13.2.2_b2c113d5/lib/gcc/aarch64-apple-darwin23.2.0/13.2.0/include-fixed/stdio.h:311:20: error: unknown type name 'FILE'
  311 | void     flockfile(FILE *);
      |                    ^~~~
/Users/runner/.local/share/alire/toolchains/gnat_native_13.2.2_b2c113d5/lib/gcc/aarch64-apple-darwin23.2.0/13.2.0/include-fixed/stdio.h:311:20: note: 'FILE' is defined in header '<stdio.h>'; did you forget to '#include <stdio.h>'?
/Users/runner/.local/share/alire/toolchains/gnat_native_13.2.2_b2c113d5/lib/gcc/aarch64-apple-darwin23.2.0/13.2.0/include-fixed/stdio.h:312:23: error: unknown type name 'FILE'
  312 | int      ftrylockfile(FILE *);
      |                       ^~~~
/Users/runner/.local/share/alire/toolchains/gnat_native_13.2.2_b2c113d5/lib/gcc/aarch64-apple-darwin23.2.0/13.2.0/include-fixed/stdio.h:312:23: note: 'FILE' is defined in header '<stdio.h>'; did you forget to '#include <stdio.h>'?
/Users/runner/.local/share/alire/toolchains/gnat_native_13.2.2_b2c113d5/lib/gcc/aarch64-apple-darwin23.2.0/13.2.0/include-fixed/stdio.h:313:22: error: unknown type name 'FILE'
  313 | void     funlockfile(FILE *);
      |                      ^~~~
/Users/runner/.local/share/alire/toolchains/gnat_native_13.2.2_b2c113d5/lib/gcc/aarch64-apple-darwin23.2.0/13.2.0/include-fixed/stdio.h:313:22: note: 'FILE' is defined in header '<stdio.h>'; did you forget to '#include <stdio.h>'?
/Users/runner/.local/share/alire/toolchains/gnat_native_13.2.2_b2c113d5/lib/gcc/aarch64-apple-darwin23.2.0/13.2.0/include-fixed/stdio.h:314:24: error: unknown type name 'FILE'
  314 | int      getc_unlocked(FILE *);
      |                        ^~~~
/Users/runner/.local/share/alire/toolchains/gnat_native_13.2.2_b2c113d5/lib/gcc/aarch64-apple-darwin23.2.0/13.2.0/include-fixed/stdio.h:314:24: note: 'FILE' is defined in header '<stdio.h>'; did you forget to '#include <stdio.h>'?
/Users/runner/.local/share/alire/toolchains/gnat_native_13.2.2_b2c113d5/lib/gcc/aarch64-apple-darwin23.2.0/13.2.0/include-fixed/stdio.h:316:29: error: unknown type name 'FILE'
  316 | int      putc_unlocked(int, FILE *);
      |                             ^~~~
/Users/runner/.local/share/alire/toolchains/gnat_native_13.2.2_b2c113d5/lib/gcc/aarch64-apple-darwin23.2.0/13.2.0/include-fixed/stdio.h:316:29: note: 'FILE' is defined in header '<stdio.h>'; did you forget to '#include <stdio.h>'?
/Users/runner/.local/share/alire/toolchains/gnat_native_13.2.2_b2c113d5/lib/gcc/aarch64-apple-darwin23.2.0/13.2.0/include-fixed/stdio.h:321:15: error: unknown type name 'FILE'
  321 | int      getw(FILE *);
      |               ^~~~
/Users/runner/.local/share/alire/toolchains/gnat_native_13.2.2_b2c113d5/lib/gcc/aarch64-apple-darwin23.2.0/13.2.0/include-fixed/stdio.h:321:15: note: 'FILE' is defined in header '<stdio.h>'; did you forget to '#include <stdio.h>'?
/Users/runner/.local/share/alire/toolchains/gnat_native_13.2.2_b2c113d5/lib/gcc/aarch64-apple-darwin23.2.0/13.2.0/include-fixed/stdio.h:322:20: error: unknown type name 'FILE'
  322 | int      putw(int, FILE *);
      |                    ^~~~
/Users/runner/.local/share/alire/toolchains/gnat_native_13.2.2_b2c113d5/lib/gcc/aarch64-apple-darwin23.2.0/13.2.0/include-fixed/stdio.h:322:20: note: 'FILE' is defined in header '<stdio.h>'; did you forget to '#include <stdio.h>'?
/Users/runner/.local/share/alire/toolchains/gnat_native_13.2.2_b2c113d5/lib/gcc/aarch64-apple-darwin23.2.0/13.2.0/include-fixed/stdio.h:354:17: error: unknown type name 'FILE'
  354 | int      fseeko(FILE * __stream, off_t __offset, int __whence);
      |                 ^~~~
/Users/runner/.local/share/alire/toolchains/gnat_native_13.2.2_b2c113d5/lib/gcc/aarch64-apple-darwin23.2.0/13.2.0/include-fixed/stdio.h:354:17: note: 'FILE' is defined in header '<stdio.h>'; did you forget to '#include <stdio.h>'?
/Users/runner/.local/share/alire/toolchains/gnat_native_13.2.2_b2c113d5/lib/gcc/aarch64-apple-darwin23.2.0/13.2.0/include-fixed/stdio.h:355:17: error: unknown type name 'FILE'
  355 | off_t    ftello(FILE * __stream);
      |                 ^~~~
/Users/runner/.local/share/alire/toolchains/gnat_native_13.2.2_b2c113d5/lib/gcc/aarch64-apple-darwin23.2.0/13.2.0/include-fixed/stdio.h:355:17: note: 'FILE' is defined in header '<stdio.h>'; did you forget to '#include <stdio.h>'?
/Users/runner/.local/share/alire/toolchains/gnat_native_13.2.2_b2c113d5/lib/gcc/aarch64-apple-darwin23.2.0/13.2.0/include-fixed/stdio.h:361:44: error: unknown type name 'size_t'
  361 | int      snprintf(char * __restrict __str, size_t __size, const char * __restrict __format, ...) __printflike(3, 4);
      |                                            ^~~~~~
/Users/runner/.local/share/alire/toolchains/gnat_native_13.2.2_b2c113d5/lib/gcc/aarch64-apple-darwin23.2.0/13.2.0/include-fixed/stdio.h:361:44: note: 'size_t' is defined in header '<stddef.h>'; did you forget to '#include <stddef.h>'?
/Users/runner/.local/share/alire/toolchains/gnat_native_13.2.2_b2c113d5/lib/gcc/aarch64-apple-darwin23.2.0/13.2.0/include-fixed/stdio.h:362:18: error: unknown type name 'FILE'
  362 | int      vfscanf(FILE * __restrict __stream, const char * __restrict __format, __gnuc_va_list) __scanflike(2, 0);
      |                  ^~~~
/Users/runner/.local/share/alire/toolchains/gnat_native_13.2.2_b2c113d5/lib/gcc/aarch64-apple-darwin23.2.0/13.2.0/include-fixed/stdio.h:362:18: note: 'FILE' is defined in header '<stdio.h>'; did you forget to '#include <stdio.h>'?
/Users/runner/.local/share/alire/toolchains/gnat_native_13.2.2_b2c113d5/lib/gcc/aarch64-apple-darwin23.2.0/13.2.0/include-fixed/stdio.h:364:45: error: unknown type name 'size_t'
  364 | int      vsnprintf(char * __restrict __str, size_t __size, const char * __restrict __format, __gnuc_va_list) __printflike(3, 0);
      |                                             ^~~~~~
/Users/runner/.local/share/alire/toolchains/gnat_native_13.2.2_b2c113d5/lib/gcc/aarch64-apple-darwin23.2.0/13.2.0/include-fixed/stdio.h:364:45: note: 'size_t' is defined in header '<stddef.h>'; did you forget to '#include <stddef.h>'?
/Users/runner/.local/share/alire/toolchains/gnat_native_13.2.2_b2c113d5/lib/gcc/aarch64-apple-darwin23.2.0/13.2.0/include-fixed/stdio.h:381:46: error: unknown type name 'size_t'
  381 | ssize_t getdelim(char ** __restrict __linep, size_t * __restrict __linecapp, int __delimiter, FILE * __restrict __stream) __OSX_AVAILABLE_STARTING(__MAC_10_7, __IPHONE_4_3);
      |                                              ^~~~~~
/Users/runner/.local/share/alire/toolchains/gnat_native_13.2.2_b2c113d5/lib/gcc/aarch64-apple-darwin23.2.0/13.2.0/include-fixed/stdio.h:381:46: note: 'size_t' is defined in header '<stddef.h>'; did you forget to '#include <stddef.h>'?
/Users/runner/.local/share/alire/toolchains/gnat_native_13.2.2_b2c113d5/lib/gcc/aarch64-apple-darwin23.2.0/13.2.0/include-fixed/stdio.h:381:95: error: unknown type name 'FILE'
  381 | ssize_t getdelim(char ** __restrict __linep, size_t * __restrict __linecapp, int __delimiter, FILE * __restrict __stream) __OSX_AVAILABLE_STARTING(__MAC_10_7, __IPHONE_4_3);
      |                                                                                               ^~~~
/Users/runner/.local/share/alire/toolchains/gnat_native_13.2.2_b2c113d5/lib/gcc/aarch64-apple-darwin23.2.0/13.2.0/include-fixed/stdio.h:381:95: note: 'FILE' is defined in header '<stdio.h>'; did you forget to '#include <stdio.h>'?
/Users/runner/.local/share/alire/toolchains/gnat_native_13.2.2_b2c113d5/lib/gcc/aarch64-apple-darwin23.2.0/13.2.0/include-fixed/stdio.h:382:45: error: unknown type name 'size_t'
  382 | ssize_t getline(char ** __restrict __linep, size_t * __restrict __linecapp, FILE * __restrict __stream) __OSX_AVAILABLE_STARTING(__MAC_10_7, __IPHONE_4_3);
      |                                             ^~~~~~
/Users/runner/.local/share/alire/toolchains/gnat_native_13.2.2_b2c113d5/lib/gcc/aarch64-apple-darwin23.2.0/13.2.0/include-fixed/stdio.h:382:45: note: 'size_t' is defined in header '<stddef.h>'; did you forget to '#include <stddef.h>'?
/Users/runner/.local/share/alire/toolchains/gnat_native_13.2.2_b2c113d5/lib/gcc/aarch64-apple-darwin23.2.0/13.2.0/include-fixed/stdio.h:382:77: error: unknown type name 'FILE'
  382 | ssize_t getline(char ** __restrict __linep, size_t * __restrict __linecapp, FILE * __restrict __stream) __OSX_AVAILABLE_STARTING(__MAC_10_7, __IPHONE_4_3);
      |                                                                             ^~~~
/Users/runner/.local/share/alire/toolchains/gnat_native_13.2.2_b2c113d5/lib/gcc/aarch64-apple-darwin23.2.0/13.2.0/include-fixed/stdio.h:382:77: note: 'FILE' is defined in header '<stdio.h>'; did you forget to '#include <stdio.h>'?
/Users/runner/.local/share/alire/toolchains/gnat_native_13.2.2_b2c113d5/lib/gcc/aarch64-apple-darwin23.2.0/13.2.0/include-fixed/stdio.h:383:1: error: unknown type name 'FILE'
  383 | FILE *fmemopen(void * __restrict __buf, size_t __size, const char * __restrict __mode) __API_AVAILABLE(macos(10.13), ios(11.0), tvos(11.0), watchos(4.0));
      | ^~~~
/Users/runner/.local/share/alire/toolchains/gnat_native_13.2.2_b2c113d5/lib/gcc/aarch64-apple-darwin23.2.0/13.2.0/include-fixed/stdio.h:383:1: note: 'FILE' is defined in header '<stdio.h>'; did you forget to '#include <stdio.h>'?
/Users/runner/.local/share/alire/toolchains/gnat_native_13.2.2_b2c113d5/lib/gcc/aarch64-apple-darwin23.2.0/13.2.0/include-fixed/stdio.h:383:41: error: unknown type name 'size_t'
  383 | FILE *fmemopen(void * __restrict __buf, size_t __size, const char * __restrict __mode) __API_AVAILABLE(macos(10.13), ios(11.0), tvos(11.0), watchos(4.0));
      |                                         ^~~~~~
/Users/runner/.local/share/alire/toolchains/gnat_native_13.2.2_b2c113d5/lib/gcc/aarch64-apple-darwin23.2.0/13.2.0/include-fixed/stdio.h:383:41: note: 'size_t' is defined in header '<stddef.h>'; did you forget to '#include <stddef.h>'?
/Users/runner/.local/share/alire/toolchains/gnat_native_13.2.2_b2c113d5/lib/gcc/aarch64-apple-darwin23.2.0/13.2.0/include-fixed/stdio.h:384:1: error: unknown type name 'FILE'
  384 | FILE *open_memstream(char **__bufp, size_t *__sizep) __API_AVAILABLE(macos(10.13), ios(11.0), tvos(11.0), watchos(4.0));
      | ^~~~
/Users/runner/.local/share/alire/toolchains/gnat_native_13.2.2_b2c113d5/lib/gcc/aarch64-apple-darwin23.2.0/13.2.0/include-fixed/stdio.h:384:1: note: 'FILE' is defined in header '<stdio.h>'; did you forget to '#include <stdio.h>'?
/Users/runner/.local/share/alire/toolchains/gnat_native_13.2.2_b2c113d5/lib/gcc/aarch64-apple-darwin23.2.0/13.2.0/include-fixed/stdio.h:384:37: error: unknown type name 'size_t'
  384 | FILE *open_memstream(char **__bufp, size_t *__sizep) __API_AVAILABLE(macos(10.13), ios(11.0), tvos(11.0), watchos(4.0));
      |                                     ^~~~~~
/Users/runner/.local/share/alire/toolchains/gnat_native_13.2.2_b2c113d5/lib/gcc/aarch64-apple-darwin23.2.0/13.2.0/include-fixed/stdio.h:384:37: note: 'size_t' is defined in header '<stddef.h>'; did you forget to '#include <stddef.h>'?
/Users/runner/.local/share/alire/toolchains/gnat_native_13.2.2_b2c113d5/lib/gcc/aarch64-apple-darwin23.2.0/13.2.0/include-fixed/stdio.h:399:17: error: unknown type name 'FILE'
  399 | char    *fgetln(FILE *, size_t *);
      |                 ^~~~
/Users/runner/.local/share/alire/toolchains/gnat_native_13.2.2_b2c113d5/lib/gcc/aarch64-apple-darwin23.2.0/13.2.0/include-fixed/stdio.h:399:17: note: 'FILE' is defined in header '<stdio.h>'; did you forget to '#include <stdio.h>'?
/Users/runner/.local/share/alire/toolchains/gnat_native_13.2.2_b2c113d5/lib/gcc/aarch64-apple-darwin23.2.0/13.2.0/include-fixed/stdio.h:399:25: error: unknown type name 'size_t'
  399 | char    *fgetln(FILE *, size_t *);
      |                         ^~~~~~
/Users/runner/.local/share/alire/toolchains/gnat_native_13.2.2_b2c113d5/lib/gcc/aarch64-apple-darwin23.2.0/13.2.0/include-fixed/stdio.h:399:25: note: 'size_t' is defined in header '<stddef.h>'; did you forget to '#include <stddef.h>'?
/Users/runner/.local/share/alire/toolchains/gnat_native_13.2.2_b2c113d5/lib/gcc/aarch64-apple-darwin23.2.0/13.2.0/include-fixed/stdio.h:401:17: error: unknown type name 'FILE'
  401 | int      fpurge(FILE *);
      |                 ^~~~
/Users/runner/.local/share/alire/toolchains/gnat_native_13.2.2_b2c113d5/lib/gcc/aarch64-apple-darwin23.2.0/13.2.0/include-fixed/stdio.h:401:17: note: 'FILE' is defined in header '<stdio.h>'; did you forget to '#include <stdio.h>'?
/Users/runner/.local/share/alire/toolchains/gnat_native_13.2.2_b2c113d5/lib/gcc/aarch64-apple-darwin23.2.0/13.2.0/include-fixed/stdio.h:402:20: error: unknown type name 'FILE'
  402 | void     setbuffer(FILE *, char *, int);
      |                    ^~~~
/Users/runner/.local/share/alire/toolchains/gnat_native_13.2.2_b2c113d5/lib/gcc/aarch64-apple-darwin23.2.0/13.2.0/include-fixed/stdio.h:402:20: note: 'FILE' is defined in header '<stdio.h>'; did you forget to '#include <stdio.h>'?
/Users/runner/.local/share/alire/toolchains/gnat_native_13.2.2_b2c113d5/lib/gcc/aarch64-apple-darwin23.2.0/13.2.0/include-fixed/stdio.h:403:21: error: unknown type name 'FILE'
  403 | int      setlinebuf(FILE *);
      |                     ^~~~
/Users/runner/.local/share/alire/toolchains/gnat_native_13.2.2_b2c113d5/lib/gcc/aarch64-apple-darwin23.2.0/13.2.0/include-fixed/stdio.h:403:21: note: 'FILE' is defined in header '<stdio.h>'; did you forget to '#include <stdio.h>'?
/Users/runner/.local/share/alire/toolchains/gnat_native_13.2.2_b2c113d5/lib/gcc/aarch64-apple-darwin23.2.0/13.2.0/include-fixed/stdio.h:410:1: error: unknown type name 'FILE'
  410 | FILE    *funopen(const void *,
      | ^~~~
/Users/runner/.local/share/alire/toolchains/gnat_native_13.2.2_b2c113d5/lib/gcc/aarch64-apple-darwin23.2.0/13.2.0/include-fixed/stdio.h:410:1: note: 'FILE' is defined in header '<stdio.h>'; did you forget to '#include <stdio.h>'?
/Users/runner/.local/share/alire/toolchains/gnat_native_13.2.2_b2c113d5/lib/gcc/aarch64-apple-darwin23.2.0/13.2.0/include-fixed/stdio.h:413:18: error: unknown type name 'fpos_t'
  413 |                  fpos_t (* _Nullable)(void *, fpos_t, int),
      |                  ^~~~~~
/Users/runner/.local/share/alire/toolchains/gnat_native_13.2.2_b2c113d5/lib/gcc/aarch64-apple-darwin23.2.0/13.2.0/include-fixed/stdio.h:413:18: note: 'fpos_t' is defined in header '<stdio.h>'; did you forget to '#include <stdio.h>'?
clang: warning: overriding deployment version from '16.0' to '26.0' [-Woverriding-deployment-version]

   compilation of libc-wrappers.c failed
   compilation of process-wrappers.c failed

gprbuild: *** compilation phase failed
stderr: Command ["gprbuild", "-s", "-j0", "-p", "-P", "/Users/runner/work/alire-crates-ci/alire-crates-ci/test/bfe8dc11-2d8a-4819-8fa5-bfc4f5c9ddd2/aws_25.2.0_bb26af84/aws.gpr", "-cargs:Ada", "-gnatwn"] exited with code 4
ERROR: Command ["gprbuild", "-s", "-j0", "-p", "-P", "/Users/runner/work/alire-crates-ci/alire-crates-ci/test/bfe8dc11-2d8a-4819-8fa5-bfc4f5c9ddd2/aws_25.2.0_bb26af84/aws.gpr", "-cargs:Ada", "-gnatwn"] exited with code 4
stderr: ALIRE.CHECKED_ERROR
stderr: Command ["gprbuild", "-s", "-j0", "-p", "-P", "/Users/runner/work/alire-crates-ci/alire-crates-ci/test/bfe8dc11-2d8a-4819-8fa5-bfc4f5c9ddd2/aws_25.2.0_bb26af84/aws.gpr", "-cargs:Ada", "-gnatwn"] exited with code 4
stderr: raised ALIRE.CHECKED_ERROR : alire-stored-error:1
Load address: 0x100ca4000
Call stack traceback locations:
0x1019b00cc 0x1019b012c 0x10170466c 0x101349568 0x1015ce594 0x1015cf4f4 0x10150d33c 0x10150bb08 0x10152f78c 0x10158f56c 0x10158e99c 0x10152f868 0x10152f950 0x10150c00c 0x10150c174 0x100d15730 0x100d15070 0x100d151e4 0x100db2b38 0x100dbdc78 0x100ca69f8 0x100caba2c

stderr: ALIRE.ROOTS.BUILD._WRAPPED_STATEMENTS.BUILD_FAILED
stderr: alire-roots.adb:202
stderr: raised ALIRE.ROOTS.BUILD._WRAPPED_STATEMENTS.BUILD_FAILED : alire-roots.adb:202
Load address: 0x100ca4000
Call stack traceback locations:
0x1019b00cc 0x1019b012c 0x10150d640 0x10150bb08 0x10152f78c 0x10158f56c 0x10158e99c 0x10152f868 0x10152f950 0x10150c00c 0x10150c174 0x100d15730 0x100d15070 0x100d151e4 0x100db2b38 0x100dbdc78 0x100ca69f8 0x100caba2c

ERROR: Compilation failed.
