Test ran at 2026-06-02 14:18:22.615611+00:00

SOLUTION:
yass=3.1.0: Static website generator
Origin: commit 9bcb0cc5a86fc324b57f580386f083cbcf3e6358 from https://github.com/yet-another-static-site-generator/yass.git
Properties:
   Author: AJ Ianozi
   Description: Static website generator
   Executable: yass
   GPR Scenario: Mode := dev | debug | release | analyze
   GPR Scenario: YASS_OS := Windows | Unix
   GPR External: Mode := release
   case OS is
      when Windows => GPR External: YASS_OS := Windows
      when others => GPR External: YASS_OS := Unix
   License: GPL-3.0-or-later
   Maintainer: AJ Ianozi <aj@ianozi.com>
   Maintainers_Logins: AJ-Ianozi
   Name: yass
   Tag: web
   Tag: markdown
   Tag: generator
   Version: 3.1.0
   Website: https://yass.website
Dependencies (direct):
   case OS is
      when Windows => (aws^23.0.0 and gnatcoll^23.0.0 and xmlada^23.0.0)
      when others => (aws^24.0.0 and gnatcoll^24.0.0 and xmlada^24.0.0)
   libcmark>=0.0.1
Dependencies (solution):
   aws=24.0.0
   gnat=15.2.1 (gnat_native)
   gnatcoll=24.0.0
   libcmark=0.30.2
   libgpr=24.0.0
   make=4.4.1
   openssl=3.5.6
   xmlada=24.0.0
Dependencies (graph):
   aws=24.0.0      --> gnat=15.2.1 (gnat_native) (>=12)
   aws=24.0.0      --> gnatcoll=24.0.0 (~24.0.0)
   aws=24.0.0      --> make=4.4.1 (*)
   aws=24.0.0      --> openssl=3.5.6 (*)
   aws=24.0.0      --> xmlada=24.0.0 (~24.0.0)
   gnatcoll=24.0.0 --> libgpr=24.0.0 (~24.0.0)
   libgpr=24.0.0   --> gnat=15.2.1 (gnat_native) (/=2020)
   libgpr=24.0.0   --> xmlada=24.0.0 (~24.0.0)
   xmlada=24.0.0   --> gnat=15.2.1 (gnat_native) (>=11)
   yass=3.1.0      --> aws=24.0.0 (^24.0.0)
   yass=3.1.0      --> gnatcoll=24.0.0 (^24.0.0)
   yass=3.1.0      --> libcmark=0.30.2 (>=0.0.1)
   yass=3.1.0      --> xmlada=24.0.0 (^24.0.0)


LOG:
[alr test] Testing yass=3.1.0
[alr test] Spawning retrieval for remote crate: alr -d -n get yass=3.1.0
Note: Deploying yass=3.1.0...
Note: Deploying libcmark=0.30.2...
The system package 'libcmark-dev' is about to be installed.
This action might require admin privileges and impact your system installation.
Do you want Alire to install this system package?
Using default: Yes
debconf: unable to initialize frontend: Dialog
debconf: (Dialog frontend will not work on a dumb terminal, an emacs shell buffer, or without a controlling terminal.)
debconf: falling back to frontend: Readline
debconf: unable to initialize frontend: Readline
debconf: (This frontend requires a controlling tty.)
debconf: falling back to frontend: Teletype
debconf: unable to initialize frontend: Teletype
debconf: (This frontend requires a controlling tty.)
debconf: falling back to frontend: Noninteractive
Selecting previously unselected package libcmark0.30.2:amd64.
(Reading database ... 
(Reading database ... 5%
(Reading database ... 10%
(Reading database ... 15%
(Reading database ... 20%
(Reading database ... 25%
(Reading database ... 30%
(Reading database ... 35%
(Reading database ... 40%
(Reading database ... 45%
(Reading database ... 50%
(Reading database ... 55%
(Reading database ... 60%
(Reading database ... 65%
(Reading database ... 70%
(Reading database ... 75%
(Reading database ... 80%
(Reading database ... 85%
(Reading database ... 90%
(Reading database ... 95%
(Reading database ... 100%
(Reading database ... 25914 files and directories currently installed.)
Preparing to unpack .../libcmark0.30.2_0.30.2-6+b2_amd64.deb ...
Unpacking libcmark0.30.2:amd64 (0.30.2-6+b2) ...
Selecting previously unselected package libcmark-dev:amd64.
Preparing to unpack .../libcmark-dev_0.30.2-6+b2_amd64.deb ...
Unpacking libcmark-dev:amd64 (0.30.2-6+b2) ...
Setting up libcmark0.30.2:amd64 (0.30.2-6+b2) ...
Setting up libcmark-dev:amd64 (0.30.2-6+b2) ...
Processing triggers for libc-bin (2.41-12) ...
Note: Deploying openssl=3.5.6...
The system package 'libssl-dev' is about to be installed.
This action might require admin privileges and impact your system installation.
Do you want Alire to install this system package?
Using default: Yes
debconf: unable to initialize frontend: Dialog
debconf: (Dialog frontend will not work on a dumb terminal, an emacs shell buffer, or without a controlling terminal.)
debconf: falling back to frontend: Readline
debconf: unable to initialize frontend: Readline
debconf: (This frontend requires a controlling tty.)
debconf: falling back to frontend: Teletype
debconf: unable to initialize frontend: Teletype
debconf: (This frontend requires a controlling tty.)
debconf: falling back to frontend: Noninteractive
(Reading database ... 
(Reading database ... 5%
(Reading database ... 10%
(Reading database ... 15%
(Reading database ... 20%
(Reading database ... 25%
(Reading database ... 30%
(Reading database ... 35%
(Reading database ... 40%
(Reading database ... 45%
(Reading database ... 50%
(Reading database ... 55%
(Reading database ... 60%
(Reading database ... 65%
(Reading database ... 70%
(Reading database ... 75%
(Reading database ... 80%
(Reading database ... 85%
(Reading database ... 90%
(Reading database ... 95%
(Reading database ... 100%
(Reading database ... 25937 files and directories currently installed.)
Preparing to unpack .../openssl-provider-legacy_3.5.6-1~deb13u1_amd64.deb ...
Unpacking openssl-provider-legacy (3.5.6-1~deb13u1) over (3.5.1-1) ...
Setting up openssl-provider-legacy (3.5.6-1~deb13u1) ...
(Reading database ... 
(Reading database ... 5%
(Reading database ... 10%
(Reading database ... 15%
(Reading database ... 20%
(Reading database ... 25%
(Reading database ... 30%
(Reading database ... 35%
(Reading database ... 40%
(Reading database ... 45%
(Reading database ... 50%
(Reading database ... 55%
(Reading database ... 60%
(Reading database ... 65%
(Reading database ... 70%
(Reading database ... 75%
(Reading database ... 80%
(Reading database ... 85%
(Reading database ... 90%
(Reading database ... 95%
(Reading database ... 100%
(Reading database ... 25937 files and directories currently installed.)
Preparing to unpack .../libssl3t64_3.5.6-1~deb13u1_amd64.deb ...
Unpacking libssl3t64:amd64 (3.5.6-1~deb13u1) over (3.5.1-1) ...
Setting up libssl3t64:amd64 (3.5.6-1~deb13u1) ...
Selecting previously unselected package libssl-dev:amd64.
(Reading database ... 
(Reading database ... 5%
(Reading database ... 10%
(Reading database ... 15%
(Reading database ... 20%
(Reading database ... 25%
(Reading database ... 30%
(Reading database ... 35%
(Reading database ... 40%
(Reading database ... 45%
(Reading database ... 50%
(Reading database ... 55%
(Reading database ... 60%
(Reading database ... 65%
(Reading database ... 70%
(Reading database ... 75%
(Reading database ... 80%
(Reading database ... 85%
(Reading database ... 90%
(Reading database ... 95%
(Reading database ... 100%
(Reading database ... 25937 files and directories currently installed.)
Preparing to unpack .../libssl-dev_3.5.6-1~deb13u1_amd64.deb ...
Unpacking libssl-dev:amd64 (3.5.6-1~deb13u1) ...
Preparing to unpack .../openssl_3.5.6-1~deb13u1_amd64.deb ...
Unpacking openssl (3.5.6-1~deb13u1) over (3.5.1-1) ...
Setting up libssl-dev:amd64 (3.5.6-1~deb13u1) ...
Setting up openssl (3.5.6-1~deb13u1) ...
Processing triggers for libc-bin (2.41-12) ...
Note: Deploying xmlada=24.0.0...

#=#=#                                                                          
##O#-#                                                                         
##O=#  #                                                                       
#=#=-#  #                                                                      
 #=#=-#   #                                                                    
  #=#=- #   #                                                                  
   #=#=- #   #                                                                 
    #=O#-  #   #                                                               
Note: Deploying libgpr=24.0.0...

#=#=#                                                                          
##O#-#                                                                         
##O=#  #                                                                       
#=#=-#  #                                                                      
 #=#=-#   #                                                                    
  #=#=- #   #                                                                  
   #=#=- #   #                                                                 
    #=O#-  #   #                                                               
Note: Deploying gnatcoll=24.0.0...

#=#=#                                                                          
##O#-#                                                                         
##O=#  #                                                                       
#=#=-#  #                                                                      
 #=#=-#   #                                                                    
  #=#=- #   #                                                                  
   #=#=- #   #                                                                 
    #=O#-  #   #                                                               
     #=O#-   #   #                                                             
Note: Deploying aws=24.0.0...

#=#=#                                                                          
##O#-#                                                                         
                                                                           0.2%
############                                                              16.9%
######################################################################## 100.0%

yass=3.1.0 successfully retrieved.
Dependencies were solved as follows:

   +  aws      24.0.0 (new)
   +b gnat     15.2.1 (new,gnat_native,indirect,binary)
   +  gnatcoll 24.0.0 (new)
   +b libcmark 0.30.2 (new,system package)
   +  libgpr   24.0.0 (new,indirect)
   +b make     4.4.1  (new,indirect,system package)
   +b openssl  3.5.6  (new,indirect,system package)
   +  xmlada   24.0.0 (new)
[alr test] Spawning default test for remote crate: alr -d -n build --release -- -cargs:Ada -gnatwn
Note: Running post-fetch actions for xmlada=24.0.0...
checking build system type... x86_64-pc-linux-gnu
checking host system type... x86_64-pc-linux-gnu
checking target system type... x86_64-pc-linux-gnu
checking whether gnat can build shared libs... yes
checking for a BSD-compatible install... /usr/bin/install -c
checking whether ln -s works... yes
configure: creating ./config.status
config.status: creating xmlada_shared.gpr
config.status: creating Makefile
config.status: creating tests/dom/default.gpr
Note: Running post-fetch actions for aws=24.0.0...
make[1]: Entering directory '/root/.local/share/alire/builds/aws_24.0.0_2b75fe6d/a2fb2a4db19727974f173d38934ce569d23ddd914f2b7b8afdff57d173d7ff6e/config'
Bind
   [gprbind]      xoscons.bexch
   [Ada]          xoscons.ali
Link
   [link]         xoscons.adb
Setup OS specific definitions
make[1]: Leaving directory '/root/.local/share/alire/builds/aws_24.0.0_2b75fe6d/a2fb2a4db19727974f173d38934ce569d23ddd914f2b7b8afdff57d173d7ff6e/config'
make[1]: Entering directory '/root/.local/share/alire/builds/aws_24.0.0_2b75fe6d/a2fb2a4db19727974f173d38934ce569d23ddd914f2b7b8afdff57d173d7ff6e/regtests'
Can not generate system tags. The test are disabled
make[1]: Leaving directory '/root/.local/share/alire/builds/aws_24.0.0_2b75fe6d/a2fb2a4db19727974f173d38934ce569d23ddd914f2b7b8afdff57d173d7ff6e/regtests'
make[1]: Entering directory '/root/.local/share/alire/builds/aws_24.0.0_2b75fe6d/a2fb2a4db19727974f173d38934ce569d23ddd914f2b7b8afdff57d173d7ff6e/demos'
make[1]: Nothing to be done for 'setup'.
make[1]: Leaving directory '/root/.local/share/alire/builds/aws_24.0.0_2b75fe6d/a2fb2a4db19727974f173d38934ce569d23ddd914f2b7b8afdff57d173d7ff6e/demos'
make[1]: Entering directory '/root/.local/share/alire/builds/aws_24.0.0_2b75fe6d/a2fb2a4db19727974f173d38934ce569d23ddd914f2b7b8afdff57d173d7ff6e/templates_parser'
make[1]: Leaving directory '/root/.local/share/alire/builds/aws_24.0.0_2b75fe6d/a2fb2a4db19727974f173d38934ce569d23ddd914f2b7b8afdff57d173d7ff6e/templates_parser'
make[1]: Entering directory '/root/.local/share/alire/builds/aws_24.0.0_2b75fe6d/a2fb2a4db19727974f173d38934ce569d23ddd914f2b7b8afdff57d173d7ff6e/templates_parser'
make[1]: Leaving directory '/root/.local/share/alire/builds/aws_24.0.0_2b75fe6d/a2fb2a4db19727974f173d38934ce569d23ddd914f2b7b8afdff57d173d7ff6e/templates_parser'
Setup
   [mkdir]        object directory for project Zlib
   [mkdir]        library directory for project Zlib
   [mkdir]        object directory for project Include
   [mkdir]        library directory for project Include
   [mkdir]        object directory for project XmlAda_Sax
   [mkdir]        library directory for project XmlAda_Sax
   [mkdir]        object directory for project XmlAda_Schema
   [mkdir]        object directory for project GPR
   [mkdir]        library directory for project GPR
   [mkdir]        object directory for project GnatColl
   [mkdir]        library directory for project GnatColl
   [mkdir]        object directory for project SSL
   [mkdir]        library directory for project SSL
   [mkdir]        object directory for project Src
   [mkdir]        library directory for project Src
   [mkdir]        library directory for project AWS
   [mkdir]        object directory for project Tools
   [mkdir]        exec directory for project Tools
Compile
   [Ada]          awsres.adb
   [Ada]          zlib-thin.adb
   [Ada]          zlib-streams.adb
   [Ada]          zlib.adb
   [Ada]          memory_streams.adb
   [Ada]          aws-os_lib.ads
   [Ada]          templates_parser-query.adb
   [Ada]          templates_parser-debug.adb
   [Ada]          templates_parser.adb
   [Ada]          templates_parser-utils.adb
   [Ada]          aws-http2-frame-window_update.adb
   [Ada]          aws-http2-frame.adb
   [Ada]          aws-http2-connection.adb
   [Ada]          aws-http2-stream-set.ads
   [Ada]          aws-http2.adb
   [Ada]          aws-http2-frame-continuation.adb
   [Ada]          aws-http2-message.adb
   [Ada]          aws-http2-stream.adb
   [Ada]          aws-http2-frame-headers.adb
   [Ada]          aws-http2-hpack.adb
   [Ada]          aws-http2-frame-rst_stream.adb
   [Ada]          aws-http2-hpack-huffman.adb
   [Ada]          aws-http2-message-list.ads
   [Ada]          aws-http2-frame-priority.adb
   [Ada]          aws-http2-hpack-table.adb
   [Ada]          aws-http2-frame-push_promise.adb
   [Ada]          aws-http2-frame-data.adb
   [Ada]          aws-http2-frame-settings.adb
   [Ada]          aws-http2-frame-list.ads
   [Ada]          aws-http2-frame-goaway.adb
   [Ada]          aws-http2-frame-ping.adb
   [Ada]          aws-services-split_pages-alpha-bounded.adb
   [Ada]          aws-services-web_block.ads
   [Ada]          aws-smtp-server.adb
   [Ada]          aws-services-web_block-registry.adb
   [Ada]          aws-services-web_block-context.adb
   [Ada]          aws-services-split_pages-alpha.adb
   [Ada]          aws-communication-client.adb
   [Ada]          aws-smtp-client.adb
   [Ada]          aws-server-push.adb
   [Ada]          aws-smtp-authentication-plain.adb
   [Ada]          aws-status-translate_table.adb
   [Ada]          aws-net-log-callbacks.adb
   [Ada]          aws-services-download.adb
   [Ada]          aws-services-directory.adb
   [Ada]          aws-services-page_server.adb
   [Ada]          aws-services-callbacks.adb
   [Ada]          aws-resources-streams-pipe.adb
   [Ada]          aws-smtp-authentication.ads
   [Ada]          aws-smtp-messages.adb
   [Ada]          aws-client-hotplug.adb
   [Ada]          aws-services-dispatchers-uri.adb
   [Ada]          aws-services-dispatchers-timer.adb
   [Ada]          aws-net-stream_io.adb
   [Ada]          aws-services-split_pages-uniform-alpha.adb
   [Ada]          aws-smtp.adb
   [Ada]          aws-services-split_pages-uniform-overlapping.adb
   [Ada]          aws-pop.adb
   [Ada]          aws-services-dispatchers-linker.adb
   [Ada]          aws-server-hotplug.adb
   [Ada]          aws-communication.adb
   [Ada]          aws-services-dispatchers-virtual_host.adb
   [Ada]          aws-services-dispatchers-method.adb
   [Ada]          aws-smtp-messages-set.adb
   [Ada]          aws-services-split_pages.adb
   [Ada]          aws-services-web_mail.adb
   [Ada]          aws-net-sets.ads
   [Ada]          aws-cookie.adb
   [Ada]          aws-services-split_pages-uniform.adb
   [Ada]          aws-services-dispatchers.ads
   [Ada]          aws-services-split_pages-shared.adb
   [Ada]          aws-services-dispatchers-transient_pages.adb
   [Ada]          aws-communication-server.adb
   [Ada]          aws-containers-tables-set.ads
   [Ada]          aws-containers-memory_streams.ads
   [Ada]          aws-server.adb
   [Ada]          aws-net-ssl-certificate.adb
   [Ada]          aws-net-memory.adb
   [Ada]          aws-templates.ads
   [Ada]          aws-net-generic_sets.adb
   [Ada]          aws-session.adb
   [Ada]          aws-resources-streams.adb
   [Ada]          aws-utils-streams.adb
   [Ada]          aws-containers-key_value.ads
   [Ada]          aws-dispatchers-callback.adb
   [Ada]          aws-net-poll_events.adb
   [Ada]          aws-server-log.adb
   [Ada]          aws-headers-set.adb
   [Ada]          aws-net-log.adb
   [Ada]          aws-resources-embedded.adb
   [Ada]          aws-url.adb
   [Ada]          aws-utils.adb
   [Ada]          aws-net-websocket-registry-control.adb
   [Ada]          aws-resources-streams-memory.adb
   [Ada]          aws-config-set.adb
   [Ada]          aws-status-translate_set.adb
   [Ada]          aws-net-websocket-protocol.ads
   [Ada]          aws-net.adb
   [Ada]          aws-response.adb
   [Ada]          aws-containers-string_vectors.ads
   [Ada]          aws-services-transient_pages-control.adb
   [Ada]          aws-net-websocket-protocol-rfc6455.adb
   [Ada]          aws-config-utils.adb
   [Ada]          aws.ads
   [Ada]          aws-status-set.adb
   [Ada]          aws-containers.ads
   [Ada]          aws-client.adb
   [Ada]          aws-resources-streams-memory-zlib.adb
   [Ada]          aws-server-http_utils.adb
   [Ada]          aws-headers-values.adb
   [Ada]          aws-url-raise_url_error.adb
   [Ada]          aws-translator.adb
   [Ada]          aws-services-transient_pages.adb
   [Ada]          aws-hotplug.adb
   [Ada]          aws-client-http_utils.adb
   [Ada]          aws-net-ssl-rsa_dh_generators.adb
   [Ada]          aws-server-context.ads
   [Ada]          aws-response-set.adb
   [Ada]          aws-resources-streams-zlib.adb
   [Ada]          aws-config-ini.adb
   [Ada]          aws-default.ads
   [Ada]          aws-digest.adb
   [Ada]          aws-net-websocket-handshake_error.adb
   [Ada]          aws-hotplug-get_status.adb
   [Ada]          aws-resources-files.adb
   [Ada]          aws-log.adb
   [Ada]          aws-server-get_status.adb
   [Ada]          aws-url-set.adb
   [Ada]          aws-server-status.adb
   [Ada]          aws-messages.adb
   [Ada]          aws-session-control.adb
   [Ada]          aws-headers.adb
   [Ada]          aws-services.ads
   [Ada]          aws-parameters-set.adb
   [Ada]          aws-exceptions.ads
   [Ada]          aws-net-buffered.adb
   [Ada]          aws-net-websocket-registry.adb
   [Ada]          aws-attachments.adb
   [Ada]          aws-dispatchers.adb
   [Ada]          aws-net-websocket-registry-utils.adb
   [Ada]          aws-resources-streams-disk.adb
   [Ada]          aws-containers-tables.adb
   [Ada]          aws-resources-streams-disk-once.adb
   [Ada]          aws-net-poll_events-g_poll.adb
   [Ada]          aws-config.adb
   [Ada]          aws-status.adb
   [Ada]          aws-resources.adb
   [Ada]          aws-parameters.adb
   [Ada]          aws-net-websocket.adb
   [Ada]          aws-net-acceptors.adb
   [Ada]          aws-mime.adb
   [Ada]          aws-net-websocket-protocol-draft76.adb
   [Ada]          templates_parser-input__aws.adb
   [Ada]          templates_parser_tasking__standard_tasking.adb
   [Ada]          aws-net-std__gnat.adb
   [Ada]          aws-net-ssl__openssl.adb
   [Ada]          aws-net-ssl-certificate-impl__openssl.adb
   [Ada]          templates_parser-configuration__aws.ads
   [Ada]          schema-readers.adb
   [Ada]          schema-simple_types.adb
   [Ada]          schema-decimal.adb
   [Ada]          schema-validators.adb
   [Ada]          schema-schema_readers.adb
   [Ada]          schema.adb
   [Ada]          schema-date_time.adb
   [Ada]          schema-validators-xsd_grammar.adb
   [Ada]          schema-dom_readers.adb
   [Ada]          dom-core-documents.adb
   [Ada]          dom-core-attrs.adb
   [Ada]          dom-readers.adb
   [Ada]          dom-core-entity_references.ads
   [Ada]          dom-core-document_fragments.ads
   [Ada]          dom-core-nodes.adb
   [Ada]          dom.ads
   [Ada]          dom-core-texts.adb
   [Ada]          dom-core-notations.adb
   [Ada]          dom-core-elements.adb
   [Ada]          dom-core-processing_instructions.ads
   [Ada]          dom-core.adb
   [Ada]          dom-core-comments.ads
   [Ada]          dom-core-character_datas.adb
   [Ada]          dom-core-document_types.adb
   [Ada]          dom-core-cdata_sections.ads
   [Ada]          input_sources-strings.adb
   [Ada]          input_sources-socket.adb
   [Ada]          input_sources.adb
   [Ada]          input_sources-file.adb
   [Ada]          input_sources-http.adb
   [Ada]          sax-pointers.adb
   [Ada]          sax-readers.adb
   [Ada]          sax.ads
   [Ada]          sax-htable.adb
   [Ada]          sax-attributes.adb
   [Ada]          sax-exceptions.adb
   [Ada]          sax-encodings.ads
   [Ada]          sax-models.adb
   [Ada]          sax-symbols.adb
   [Ada]          sax-state_machines.adb
   [Ada]          sax-locators.adb
   [Ada]          sax-utils.adb
   [Ada]          unicode-names-counting_rod_numerals.ads
   [Ada]          unicode-names-cjk_letters_months.ads
   [Ada]          unicode-names-tirhuta.ads
   [Ada]          unicode-names-coptic.ads
   [Ada]          unicode-names-meroitic_hieroglyphs.ads
   [Ada]          unicode-names-sutton_signwriting.ads
   [Ada]          unicode-names-latin_extended_a.ads
   [Ada]          unicode-names-psalter_pahlavi.ads
   [Ada]          unicode-names-miscellaneous_technical.ads
   [Ada]          unicode-names-combining_diacritical_ext.ads
   [Ada]          unicode-names-thai.ads
   [Ada]          unicode-names-vai.ads
   [Ada]          unicode-names-enclosed_alphanumerics.ads
   [Ada]          unicode-names-cyrillic_extended_b.ads
   [Ada]          unicode-names-lydian.ads
   [Ada]          unicode-encodings.adb
   [Ada]          unicode-names-domino_tiles.ads
   [Ada]          unicode-names-combining_half_marks.ads
   [Ada]          unicode-names-bassa_vah.ads
   [Ada]          unicode-names-anatolian_hieroglyphs.ads
   [Ada]          unicode-names-supplemental_arrows_b.ads
   [Ada]          unicode-names-arabic_extended_a.ads
   [Ada]          unicode-names-sinhala.ads
   [Ada]          unicode-names-hangul_jamo_extended_b.ads
   [Ada]          unicode-names-byzantine_musical_symbols.ads
   [Ada]          unicode-names-misc_math_symbols_a.ads
   [Ada]          unicode-names-hebrew.ads
   [Ada]          unicode-names-ornamental_dingbats.ads
   [Ada]          unicode-names-cherokee.ads
   [Ada]          unicode-names-nko.ads
   [Ada]          unicode-names-braille_patterns.ads
   [Ada]          unicode-names-meetei_mayek_extensions.ads
   [Ada]          unicode-names-mongolian.ads
   [Ada]          unicode-names-rumi_numeral_symbols.ads
   [Ada]          unicode-names-katakana.ads
   [Ada]          unicode-names-palmyrene.ads
   [Ada]          unicode-names-cuneiform_num_punctuation.ads
   [Ada]          unicode-names-cjk_compatibility.ads
   [Ada]          unicode-names-mro.ads
   [Ada]          unicode.adb
   [Ada]          unicode-names-math_alphanumeric_symb.ads
   [Ada]          unicode-names-bopomofo.ads
   [Ada]          unicode-names-spacing_modifier_letters.ads
   [Ada]          unicode-names-combining_diacritical_sym.ads
   [Ada]          unicode-names-rejang.ads
   [Ada]          unicode-names-supplemental_punctuation.ads
   [Ada]          unicode-names-cjk_compat_ideo_sup.ads
   [Ada]          unicode-names-musical_symbols.ads
   [Ada]          unicode-names-avestan.ads
   [Ada]          unicode-names-new_tai_lue.ads
   [Ada]          unicode-names-control_pictures.ads
   [Ada]          unicode-names-myanmar_extended_a.ads
   [Ada]          unicode-names-playing_cards.ads
   [Ada]          unicode-names-yi_syllables.ads
   [Ada]          unicode-names-siddham.ads
   [Ada]          unicode-names-lycian.ads
   [Ada]          unicode-names-hangul_jamo_extended_a.ads
   [Ada]          unicode-names-specials.ads
   [Ada]          unicode-names-cyrillic.ads
   [Ada]          unicode-names-alpha_presentation_forms.ads
   [Ada]          unicode-names-linear_b_ideograms.ads
   [Ada]          unicode-names-old_persian.ads
   [Ada]          unicode-names-transport_and_map_symbols.ads
   [Ada]          unicode-names-meetei_mayek.ads
   [Ada]          unicode-names-myanmar_extended_b.ads
   [Ada]          unicode-names-malayalam.ads
   [Ada]          unicode-names-syriac.ads
   [Ada]          unicode-names-sinhala_archaic_numbers.ads
   [Ada]          unicode-names-ancient_symbols.ads
   [Ada]          unicode-names-armenian.ads
   [Ada]          unicode-names-phonetic_ext_sup.ads
   [Ada]          unicode-names-bengali.ads
   [Ada]          unicode-names-pahawh_hmong.ads
   [Ada]          unicode-names-kayah_li.ads
   [Ada]          unicode-names-chakma.ads
   [Ada]          unicode-names-saurashtra.ads
   [Ada]          unicode-names-devanagari.ads
   [Ada]          unicode-names-cherokee_supplement.ads
   [Ada]          unicode-names-imperial_aramaic.ads
   [Ada]          unicode-names-buhid.ads
   [Ada]          unicode-names-modi.ads
   [Ada]          unicode-names-gujarati.ads
   [Ada]          unicode-names-letterlike_symbols.ads
   [Ada]          unicode-names-common_indic_number_forms.ads
   [Ada]          unicode-ces.adb
   [Ada]          unicode-ccs-iso_8859_15.adb
   [Ada]          unicode-names-khmer.ads
   [Ada]          unicode-names-bopomofo_extended.ads
   [Ada]          unicode-ccs-windows_1251.adb
   [Ada]          unicode-names-inscriptional_pahlavi.ads
   [Ada]          unicode-names-latin_extended_e.ads
   [Ada]          unicode-names-greek_and_coptic.ads
   [Ada]          unicode-names-small_form_variants.ads
   [Ada]          unicode-names-old_italic.ads
   [Ada]          unicode-names-miscellaneous_symbols.ads
   [Ada]          unicode-names-cjk_compatibility_forms.ads
   [Ada]          unicode-names-syloti_nagri.ads
   [Ada]          unicode-names-latin_extended_c.ads
   [Ada]          unicode-names-ogham.ads
   [Ada]          unicode-names-ancient_greek_music.ads
   [Ada]          unicode-names-javanese.ads
   [Ada]          unicode-names-canadian_aboriginal.ads
   [Ada]          unicode-names-combining_diacritical_sup.ads
   [Ada]          unicode-names-cham.ads
   [Ada]          unicode-names-arabic_present_formsa.ads
   [Ada]          unicode-names-early_dynastic_cuneiform.ads
   [Ada]          unicode-names-arabic_present_formsb.ads
   [Ada]          unicode-names-balinese.ads
   [Ada]          unicode-names-variation_selectors_sup.ads
   [Ada]          unicode-names-cypriot_syllabary.ads
   [Ada]          unicode-names-egyptian_hieroglyphs.ads
   [Ada]          unicode-names-telugu.ads
   [Ada]          unicode-names-ideograph_descr_chars.ads
   [Ada]          unicode-names-mahjong_tiles.ads
   [Ada]          unicode-names-geometric_shapes.ads
   [Ada]          unicode-names-old_north_arabian.ads
   [Ada]          unicode-ces-utf16.adb
   [Ada]          unicode-names-cyrillic_extended_a.ads
   [Ada]          unicode-names-nabataean.ads
   [Ada]          unicode-names-yijing_hexagram_symbols.ads
   [Ada]          unicode-names-ugaritic.ads
   [Ada]          unicode-names-tamil.ads
   [Ada]          unicode-names-sundanese.ads
   [Ada]          unicode-names-inscriptional_parthian.ads
   [Ada]          unicode-names-latin_extended_additional.ads
   [Ada]          unicode-names-elbasan.ads
   [Ada]          unicode-names-hangul_compatibility_jamo.ads
   [Ada]          unicode-names-greek_extended.ads
   [Ada]          unicode-names-cyrillic_supplement.ads
   [Ada]          unicode-names-cuneiform.ads
   [Ada]          unicode-names-number_forms.ads
   [Ada]          unicode-names-mandaic.ads
   [Ada]          unicode-names-gurmukhi.ads
   [Ada]          unicode-names-meroitic_cursive.ads
   [Ada]          unicode-names-hanunoo.ads
   [Ada]          unicode-ccs-iso_8859_3.adb
   [Ada]          unicode-names-combining_diacritical.ads
   [Ada]          unicode-names-linear_b_syllabary.ads
   [Ada]          unicode-names-arrows.ads
   [Ada]          unicode-names-carian.ads
   [Ada]          unicode-names-tagalog.ads
   [Ada]          unicode-names-lepcha.ads
   [Ada]          unicode-names-thaana.ads
   [Ada]          unicode-names-sharada.ads
   [Ada]          unicode-names-block_elements.ads
   [Ada]          unicode-names-aegean_numbers.ads
   [Ada]          unicode-names-pau_cin_hau.ads
   [Ada]          unicode-names-ethiopic.ads
   [Ada]          unicode-names-duployan.ads
   [Ada]          unicode-names-bamum_supplement.ads
   [Ada]          unicode-names-kanbun.ads
   [Ada]          unicode-names-general_punctuation.ads
   [Ada]          unicode-names-ol_chiki.ads
   [Ada]          unicode-names-hangul_jamo.ads
   [Ada]          unicode-names-basic_latin.ads
   [Ada]          unicode-names-osmanya.ads
   [Ada]          unicode-names-ancient_greek_numbers.ads
   [Ada]          unicode-names-sora_sompeng.ads
   [Ada]          unicode-names-ethiopic_supplement.ads
   [Ada]          unicode-names-miao.ads
   [Ada]          unicode-names-brahmi.ads
   [Ada]          unicode-names-gothic.ads
   [Ada]          unicode-names-grantha.ads
   [Ada]          unicode-names-canadian_aboriginal_ext.ads
   [Ada]          unicode-names-ipa_extensions.ads
   [Ada]          unicode-names-half_full_width_forms.ads
   [Ada]          unicode-names.ads
   [Ada]          unicode-names-enclosed_alphanum_sup.ads
   [Ada]          unicode-names-phaistos_disc.ads
   [Ada]          unicode-names-misc_math_symbols_b.ads
   [Ada]          unicode-names-mahajani.ads
   [Ada]          unicode-names-latin_extended_b.ads
   [Ada]          unicode-names-warang_citi.ads
   [Ada]          unicode-names-khojki.ads
   [Ada]          unicode-names-hiragana.ads
   [Ada]          unicode-names-supplemental_arrows_c.ads
   [Ada]          unicode-names-sup_symbols_pictographs.ads
   [Ada]          unicode-names-old_hungarian.ads
   [Ada]          unicode-names-optical_chars_recognition.ads
   [Ada]          unicode-names-kana_supplement.ads
   [Ada]          unicode-names-phonetic_extensions.ads
   [Ada]          unicode-names-old_south_arabian.ads
   [Ada]          unicode-names-bamum.ads
   [Ada]          unicode-names-cjk_symbols_and_punct.ads
   [Ada]          unicode-names-variation_selectors.ads
   [Ada]          unicode-names-vertical_forms.ads
   [Ada]          unicode-names-ahom.ads
   [Ada]          unicode-names-katakana_phonetic_ext.ads
   [Ada]          unicode-names-tags.ads
   [Ada]          unicode-names-tibetan.ads
   [Ada]          unicode-ccs-iso_8859_1.adb
   [Ada]          unicode-names-kaithi.ads
   [Ada]          unicode-names-oriya.ads
   [Ada]          unicode-names-old_turkic.ads
   [Ada]          unicode-names-alchemical_symbols.ads
   [Ada]          unicode-names-tai_xuan_jing_symbols.ads
   [Ada]          unicode-names-modifier_tone_letters.ads
   [Ada]          unicode-names-mende_kikakui.ads
   [Ada]          unicode-names-tifinagh.ads
   [Ada]          unicode-names-lao.ads
   [Ada]          unicode-ccs-iso_8859_4.adb
   [Ada]          unicode-names-tai_tham.ads
   [Ada]          unicode-names-manichaean.ads
   [Ada]          unicode-names-lisu.ads
   [Ada]          unicode-names-runic.ads
   [Ada]          unicode-names-old_permic.ads
   [Ada]          unicode-names-kharoshthi.ads
   [Ada]          unicode-names-super_and_sub_scripts.ads
   [Ada]          unicode-names-multani.ads
   [Ada]          unicode-names-buginese.ads
   [Ada]          unicode-names-phoenician.ads
   [Ada]          unicode-names-tagbanwa.ads
   [Ada]          unicode-names-glagolitic.ads
   [Ada]          unicode-names-sup_math_operators.ads
   [Ada]          unicode-names-coptic_epact_numbers.ads
   [Ada]          unicode-names-enclosed_ideographic_sup.ads
   [Ada]          unicode-names-shorthand_format_controls.ads
   [Ada]          unicode-names-georgian.ads
   [Ada]          unicode-names-geometric_shapes_extended.ads
   [Ada]          unicode-names-misc_symbols_and_arrows.ads
   [Ada]          unicode-names-vedic_extensions.ads
   [Ada]          unicode-ccs-iso_8859_2.adb
   [Ada]          unicode-names-khmer_symbols.ads
   [Ada]          unicode-names-kannada.ads
   [Ada]          unicode-names-yi_radicals.ads
   [Ada]          unicode-names-takri.ads
   [Ada]          unicode-names-batak.ads
   [Ada]          unicode-ccs-windows_1252.adb
   [Ada]          unicode-names-linear_a.ads
   [Ada]          unicode-names-ethiopic_extended.ads
   [Ada]          unicode-names-arabic_supplement.ads
   [Ada]          unicode-names-myanmar.ads
   [Ada]          unicode-names-sundanese_supplement.ads
   [Ada]          unicode-names-mathematical_operators.ads
   [Ada]          unicode-names-currency_symbols.ads
   [Ada]          unicode-names-tai_viet.ads
   [Ada]          unicode-names-supplemental_arrows_a.ads
   [Ada]          unicode-names-deseret.ads
   [Ada]          unicode-names-shavian.ads
   [Ada]          unicode-names-cjk_compat_ideographs.ads
   [Ada]          unicode-names-arabic_math_alpha_symb.ads
   [Ada]          unicode-names-ethiopic_extended_a.ads
   [Ada]          unicode-names-box_drawing.ads
   [Ada]          unicode-ces-utf8.adb
   [Ada]          unicode-names-kangxi_radicals.ads
   [Ada]          unicode-names-limbu.ads
   [Ada]          unicode-ccs.adb
   [Ada]          unicode-names-latin_1_supplement.ads
   [Ada]          unicode-names-tai_le.ads
   [Ada]          unicode-names-hatran.ads
   [Ada]          unicode-names-dingbats.ads
   [Ada]          unicode-names-cjk_radicals_supplement.ads
   [Ada]          unicode-names-khudawadi.ads
   [Ada]          unicode-names-emoticons.ads
   [Ada]          unicode-names-misc_symbols_pictographs.ads
   [Ada]          unicode-names-latin_extended_d.ads
   [Ada]          unicode-names-samaritan.ads
   [Ada]          unicode-names-caucasian_albanian.ads
   [Ada]          unicode-ces-basic_8bit.adb
   [Ada]          unicode-names-devanagari_extended.ads
   [Ada]          unicode-names-phags_pa.ads
   [Ada]          unicode-names-arabic.ads
   [Ada]          unicode-names-cjk_strokes.ads
   [Ada]          unicode-names-georgian_supplement.ads
   [Ada]          unicode-ces-utf32.adb
   [C]            gpr_imports.c
   [Ada]          gpr-ali.adb
   [Ada]          gpr-tempdir.adb
   [Ada]          gpr-pp.adb
   [Ada]          gpr-proc.adb
   [Ada]          gpr-sdefault.adb
   [Ada]          gpr-compilation-process.adb
   [Ada]          gpr-names.adb
   [Ada]          gpr-nmsc.adb
   [Ada]          gpr-script.adb
   [Ada]          gpr-debug.adb
   [Ada]          gpr-knowledge.adb
   [Ada]          gpr-conf.adb
   [Ada]          gpr-sinput.adb
   [Ada]          gpr-erroutc.adb
   [Ada]          gpr-output.adb
   [Ada]          gpr-cset.adb
   [Ada]          gpr-part.adb
   [Ada]          gpr-tree.adb
   [Ada]          gpr-jobserver.adb
   [Ada]          gpr-com.ads
   [Ada]          gpr-ext.adb
   [Ada]          gpr-attr-pm.adb
   [Ada]          gpr-strt.adb
   [Ada]          gpr-env.adb
   [Ada]          gpr-compilation-sync.adb
   [Ada]          gpr-dect.adb
   [Ada]          gpr-compilation-process-waiter.adb
   [Ada]          gpr-err.adb
   [Ada]          gpr-compilation-slave.adb
   [Ada]          gpr-scans.adb
   [Ada]          gpr-compilation.adb
   [Ada]          gpr-osint.adb
   [Ada]          gpr-snames.adb
   [Ada]          gpr-opt.ads
   [Ada]          gpr.adb
   [Ada]          gpr-version.adb
   [Ada]          gpr-compilation-protocol.adb
   [Ada]          gpr-util.adb
   [Ada]          gpr-attr.adb
   [Ada]          gpr-util-aux.adb
   [Ada]          gpr_build_util.adb
   [C]            process-wrappers.c
   [C]            libc-wrappers.c
   [C]            gnatcoll_support.c
   [C]            executable_path.c
   [C]            set_std_prefix.c
   [C]            getRSS.c
   [C]            update_path.c
   [C]            link_max.c
   [C]            objlist_file.c
   [C]            separate_run_path_option.c
   [C]            run_path_option.c
   [C]            terminals.c
   [Ada]          gnatcoll-os-libc-stat.ads
   [Ada]          gnatcoll-os-libc-dirent.ads
   [Ada]          gnatcoll-os-libc.ads
   [Ada]          gnatcoll-os-libc-spawn.ads
   [Ada]          gnatcoll-paragraph_filling-words.adb
   [Ada]          gnatcoll-paragraph_filling-badnesses.adb
   [Ada]          gnatcoll-paragraph_filling.adb
   [Ada]          gnatcoll-os-process.adb
   [Ada]          gnatcoll-os-fs.adb
   [Ada]          gnatcoll-os-dir.adb
   [Ada]          gnatcoll-os-stat.adb
   [Ada]          gnatcoll-os.ads
   [Ada]          gnatcoll-os-fsutil.adb
   [Ada]          gnatcoll-email-utils.adb
   [Ada]          gnatcoll-projects-aux.adb
   [Ada]          gnatcoll-vfs_types.ads
   [Ada]          gnatcoll-arg_lists.adb
   [Ada]          gnatcoll-path.adb
   [Ada]          gnatcoll-remote.ads
   [Ada]          gnatcoll-geometry.adb
   [Ada]          gnatcoll-projects.adb
   [Ada]          gnatcoll-io-native.adb
   [Ada]          gnatcoll-io-remote.adb
   [Ada]          gnatcoll-atomic.adb
   [Ada]          gnatcoll-io.adb
   [Ada]          gnatcoll-strings_impl.adb
   [Ada]          gnatcoll-format_columns_vertical.ads
   [Ada]          gnatcoll-file_paths.adb
   [Ada]          gnatcoll-file_indexes.adb
   [Ada]          gnatcoll-email.adb
   [Ada]          gnatcoll-mmap.adb
   [Ada]          gnatcoll-io-remote-unix.adb
   [Ada]          gnatcoll-scripts-impl.adb
   [Ada]          gnatcoll-utils.adb
   [Ada]          gnatcoll-traces.adb
   [Ada]          gnatcoll-promises.adb
   [Ada]          gnatcoll-remote-db.adb
   [Ada]          gnatcoll-json-utility.adb
   [Ada]          gnatcoll-refcount.adb
gnatcoll-refcount.ads:90:04: warning: in instantiation at gnatcoll-storage_pools-headers.adb:57 [enabled by default]
gnatcoll-refcount.ads:90:04: warning: possible aliasing problem for type "Header_Access" [enabled by default]
gnatcoll-refcount.ads:90:04: warning: use -fno-strict-aliasing switch for references [enabled by default]
gnatcoll-refcount.ads:90:04: warning: or use "pragma No_Strict_Aliasing (Header_Access);" [enabled by default]
   [Ada]          gnatcoll-scripts-projects.adb
   [Ada]          gnatcoll-string_list_builders.adb
   [Ada]          gnatcoll-storage_pools-headers.adb
   [Ada]          gnatcoll-config.adb
   [Ada]          gnatcoll-pools.adb
   [Ada]          gnatcoll-scripts-utils.adb
   [Ada]          gnatcoll-tribooleans.adb
   [Ada]          gnatcoll-memory.adb
   [Ada]          gnatcoll-io-remote-windows.adb
   [Ada]          gnatcoll-scripts-files.adb
   [Ada]          gnatcoll-wstring_list_builders.adb
   [Ada]          gnatcoll-templates.adb
   [Ada]          gnatcoll-coders-streams.adb
   [Ada]          gnatcoll-coders.adb
   [Ada]          gnatcoll-storage_pools.ads
   [Ada]          gnatcoll-symbols.adb
   [Ada]          gnatcoll-strings.ads
   [Ada]          gnatcoll-scripts.adb
   [Ada]          gnatcoll-email-mailboxes.adb
   [Ada]          gnatcoll-email-parser.adb
   [Ada]          gnatcoll-coders-base64.adb
   [Ada]          gnatcoll-json.adb
   [Ada]          gnatcoll-formatters.adb
   [Ada]          gnatcoll-projects-normalize.adb
   [Ada]          gnatcoll-scripts-shell.adb
   [Ada]          gnatcoll-refcount-weakref.adb
   [Ada]          gnatcoll-vfs.adb
   [Ada]          gnatcoll-storage_pools-alignment.adb
   [Ada]          gnatcoll-opt_parse.adb
   [Ada]          gnatcoll-asserts.adb
   [Ada]          gnatcoll-vfs_utils.adb
   [Ada]          gnatcoll-wstring_builders.adb
   [Ada]          gnatcoll-string_builders.adb
   [Ada]          gnatcoll.ads
   [Ada]          gnatcoll-locks.adb
   [Ada]          gnatcoll-damerau_levenshtein_generic.adb
   [Ada]          gnatcoll-damerau_levenshtein_distance.ads
   [Ada]          gnatcoll-any_types.adb
   [Ada]          gnatcoll-boyer_moore.adb
   [Ada]          gnatcoll-projects-krunch.adb
   [Ada]          gnatcoll-terminal.adb
   [Ada]          gnatcoll-mmap-system__unix.adb
   [Ada]          gnatcoll-plugins__unix.adb
   [Ada]          gnatcoll-os-process_types__unix.adb
   [Ada]          gnatcoll-os-constants__unix.ads
   [Ada]          gnatcoll-os-dir_types__unix.ads
   [Ada]          gnatcoll-os-libc_constants__linux.ads
   [C]            wrappers.c
   [Ada]          ssl.ads
   [Ada]          ssl-thin__openssl.ads
   [C]            compress.c
   [C]            gzlib.c
/root/.local/share/alire/builds/aws_24.0.0_2b75fe6d/a2fb2a4db19727974f173d38934ce569d23ddd914f2b7b8afdff57d173d7ff6e/include/zlib/compress.c: In function 'compress2':
/root/.local/share/alire/builds/aws_24.0.0_2b75fe6d/a2fb2a4db19727974f173d38934ce569d23ddd914f2b7b8afdff57d173d7ff6e/include/zlib/compress.c:22:13: warning: old-style function definition [-Wold-style-definition]
   22 | int ZEXPORT compress2 (dest, destLen, source, sourceLen, level)
      |             ^~~~~~~~~
/root/.local/share/alire/builds/aws_24.0.0_2b75fe6d/a2fb2a4db19727974f173d38934ce569d23ddd914f2b7b8afdff57d173d7ff6e/include/zlib/compress.c: In function 'compress':
/root/.local/share/alire/builds/aws_24.0.0_2b75fe6d/a2fb2a4db19727974f173d38934ce569d23ddd914f2b7b8afdff57d173d7ff6e/include/zlib/compress.c:68:13: warning: old-style function definition [-Wold-style-definition]
   68 | int ZEXPORT compress (dest, destLen, source, sourceLen)
      |             ^~~~~~~~
/root/.local/share/alire/builds/aws_24.0.0_2b75fe6d/a2fb2a4db19727974f173d38934ce569d23ddd914f2b7b8afdff57d173d7ff6e/include/zlib/compress.c: In function 'compressBound':
/root/.local/share/alire/builds/aws_24.0.0_2b75fe6d/a2fb2a4db19727974f173d38934ce569d23ddd914f2b7b8afdff57d173d7ff6e/include/zlib/compress.c:81:15: warning: old-style function definition [-Wold-style-definition]
   81 | uLong ZEXPORT compressBound (sourceLen)
      |               ^~~~~~~~~~~~~
   [C]            zutil.c
/root/.local/share/alire/builds/aws_24.0.0_2b75fe6d/a2fb2a4db19727974f173d38934ce569d23ddd914f2b7b8afdff57d173d7ff6e/include/zlib/zutil.c: In function 'zError':
/root/.local/share/alire/builds/aws_24.0.0_2b75fe6d/a2fb2a4db19727974f173d38934ce569d23ddd914f2b7b8afdff57d173d7ff6e/include/zlib/zutil.c:133:22: warning: old-style function definition [-Wold-style-definition]
  133 | const char * ZEXPORT zError(err)
      |                      ^~~~~~
/root/.local/share/alire/builds/aws_24.0.0_2b75fe6d/a2fb2a4db19727974f173d38934ce569d23ddd914f2b7b8afdff57d173d7ff6e/include/zlib/zutil.c: In function 'zcalloc':
/root/.local/share/alire/builds/aws_24.0.0_2b75fe6d/a2fb2a4db19727974f173d38934ce569d23ddd914f2b7b8afdff57d173d7ff6e/include/zlib/zutil.c:305:22: warning: old-style function definition [-Wold-style-definition]
  305 | voidpf ZLIB_INTERNAL zcalloc (opaque, items, size)
      |                      ^~~~~~~
/root/.local/share/alire/builds/aws_24.0.0_2b75fe6d/a2fb2a4db19727974f173d38934ce569d23ddd914f2b7b8afdff57d173d7ff6e/include/zlib/zutil.c: In function 'zcfree':
/root/.local/share/alire/builds/aws_24.0.0_2b75fe6d/a2fb2a4db19727974f173d38934ce569d23ddd914f2b7b8afdff57d173d7ff6e/include/zlib/zutil.c:315:20: warning: old-style function definition [-Wold-style-definition]
  315 | void ZLIB_INTERNAL zcfree (opaque, ptr)
      |                    ^~~~~~
   [C]            gzwrite.c
/root/.local/share/alire/builds/aws_24.0.0_2b75fe6d/a2fb2a4db19727974f173d38934ce569d23ddd914f2b7b8afdff57d173d7ff6e/include/zlib/gzlib.c: In function 'gz_reset':
/root/.local/share/alire/builds/aws_24.0.0_2b75fe6d/a2fb2a4db19727974f173d38934ce569d23ddd914f2b7b8afdff57d173d7ff6e/include/zlib/gzlib.c:75:12: warning: old-style function definition [-Wold-style-definition]
   75 | local void gz_reset(state)
      |            ^~~~~~~~
/root/.local/share/alire/builds/aws_24.0.0_2b75fe6d/a2fb2a4db19727974f173d38934ce569d23ddd914f2b7b8afdff57d173d7ff6e/include/zlib/gzlib.c: In function 'gz_open':
/root/.local/share/alire/builds/aws_24.0.0_2b75fe6d/a2fb2a4db19727974f173d38934ce569d23ddd914f2b7b8afdff57d173d7ff6e/include/zlib/gzlib.c:91:14: warning: old-style function definition [-Wold-style-definition]
   91 | local gzFile gz_open(path, fd, mode)
      |              ^~~~~~~
/root/.local/share/alire/builds/aws_24.0.0_2b75fe6d/a2fb2a4db19727974f173d38934ce569d23ddd914f2b7b8afdff57d173d7ff6e/include/zlib/gzlib.c: In function 'gzopen':
/root/.local/share/alire/builds/aws_24.0.0_2b75fe6d/a2fb2a4db19727974f173d38934ce569d23ddd914f2b7b8afdff57d173d7ff6e/include/zlib/gzlib.c:270:16: warning: old-style function definition [-Wold-style-definition]
  270 | gzFile ZEXPORT gzopen(path, mode)
      |                ^~~~~~
/root/.local/share/alire/builds/aws_24.0.0_2b75fe6d/a2fb2a4db19727974f173d38934ce569d23ddd914f2b7b8afdff57d173d7ff6e/include/zlib/gzlib.c: In function 'gzopen64':
/root/.local/share/alire/builds/aws_24.0.0_2b75fe6d/a2fb2a4db19727974f173d38934ce569d23ddd914f2b7b8afdff57d173d7ff6e/include/zlib/gzlib.c:278:16: warning: old-style function definition [-Wold-style-definition]
  278 | gzFile ZEXPORT gzopen64(path, mode)
      |                ^~~~~~~~
/root/.local/share/alire/builds/aws_24.0.0_2b75fe6d/a2fb2a4db19727974f173d38934ce569d23ddd914f2b7b8afdff57d173d7ff6e/include/zlib/gzlib.c: In function 'gzdopen':
/root/.local/share/alire/builds/aws_24.0.0_2b75fe6d/a2fb2a4db19727974f173d38934ce569d23ddd914f2b7b8afdff57d173d7ff6e/include/zlib/gzlib.c:286:16: warning: old-style function definition [-Wold-style-definition]
  286 | gzFile ZEXPORT gzdopen(fd, mode)
      |                ^~~~~~~
/root/.local/share/alire/builds/aws_24.0.0_2b75fe6d/a2fb2a4db19727974f173d38934ce569d23ddd914f2b7b8afdff57d173d7ff6e/include/zlib/gzlib.c: In function 'gzbuffer':
/root/.local/share/alire/builds/aws_24.0.0_2b75fe6d/a2fb2a4db19727974f173d38934ce569d23ddd914f2b7b8afdff57d173d7ff6e/include/zlib/gzlib.c:316:13: warning: old-style function definition [-Wold-style-definition]
  316 | int ZEXPORT gzbuffer(file, size)
      |             ^~~~~~~~
/root/.local/share/alire/builds/aws_24.0.0_2b75fe6d/a2fb2a4db19727974f173d38934ce569d23ddd914f2b7b8afdff57d173d7ff6e/include/zlib/gzlib.c: In function 'gzrewind':
/root/.local/share/alire/builds/aws_24.0.0_2b75fe6d/a2fb2a4db19727974f173d38934ce569d23ddd914f2b7b8afdff57d173d7ff6e/include/zlib/gzlib.c:343:13: warning: old-style function definition [-Wold-style-definition]
  343 | int ZEXPORT gzrewind(file)
      |             ^~~~~~~~
/root/.local/share/alire/builds/aws_24.0.0_2b75fe6d/a2fb2a4db19727974f173d38934ce569d23ddd914f2b7b8afdff57d173d7ff6e/include/zlib/gzlib.c: In function 'gzseek64':
/root/.local/share/alire/builds/aws_24.0.0_2b75fe6d/a2fb2a4db19727974f173d38934ce569d23ddd914f2b7b8afdff57d173d7ff6e/include/zlib/gzlib.c:366:19: warning: old-style function definition [-Wold-style-definition]
  366 | z_off64_t ZEXPORT gzseek64(file, offset, whence)
      |                   ^~~~~~~~
/root/.local/share/alire/builds/aws_24.0.0_2b75fe6d/a2fb2a4db19727974f173d38934ce569d23ddd914f2b7b8afdff57d173d7ff6e/include/zlib/gzlib.c: In function 'gzseek':
/root/.local/share/alire/builds/aws_24.0.0_2b75fe6d/a2fb2a4db19727974f173d38934ce569d23ddd914f2b7b8afdff57d173d7ff6e/include/zlib/gzlib.c:443:17: warning: old-style function definition [-Wold-style-definition]
  443 | z_off_t ZEXPORT gzseek(file, offset, whence)
      |                 ^~~~~~
/root/.local/share/alire/builds/aws_24.0.0_2b75fe6d/a2fb2a4db19727974f173d38934ce569d23ddd914f2b7b8afdff57d173d7ff6e/include/zlib/gzlib.c: In function 'gztell64':
/root/.local/share/alire/builds/aws_24.0.0_2b75fe6d/a2fb2a4db19727974f173d38934ce569d23ddd914f2b7b8afdff57d173d7ff6e/include/zlib/gzlib.c:455:19: warning: old-style function definition [-Wold-style-definition]
  455 | z_off64_t ZEXPORT gztell64(file)
      |                   ^~~~~~~~
/root/.local/share/alire/builds/aws_24.0.0_2b75fe6d/a2fb2a4db19727974f173d38934ce569d23ddd914f2b7b8afdff57d173d7ff6e/include/zlib/gzlib.c: In function 'gztell':
/root/.local/share/alire/builds/aws_24.0.0_2b75fe6d/a2fb2a4db19727974f173d38934ce569d23ddd914f2b7b8afdff57d173d7ff6e/include/zlib/gzlib.c:472:17: warning: old-style function definition [-Wold-style-definition]
  472 | z_off_t ZEXPORT gztell(file)
      |                 ^~~~~~
/root/.local/share/alire/builds/aws_24.0.0_2b75fe6d/a2fb2a4db19727974f173d38934ce569d23ddd914f2b7b8afdff57d173d7ff6e/include/zlib/gzlib.c: In function 'gzoffset64':
/root/.local/share/alire/builds/aws_24.0.0_2b75fe6d/a2fb2a4db19727974f173d38934ce569d23ddd914f2b7b8afdff57d173d7ff6e/include/zlib/gzlib.c:482:19: warning: old-style function definition [-Wold-style-definition]
  482 | z_off64_t ZEXPORT gzoffset64(file)
      |                   ^~~~~~~~~~
/root/.local/share/alire/builds/aws_24.0.0_2b75fe6d/a2fb2a4db19727974f173d38934ce569d23ddd914f2b7b8afdff57d173d7ff6e/include/zlib/gzlib.c: In function 'gzoffset':
/root/.local/share/alire/builds/aws_24.0.0_2b75fe6d/a2fb2a4db19727974f173d38934ce569d23ddd914f2b7b8afdff57d173d7ff6e/include/zlib/gzlib.c:505:17: warning: old-style function definition [-Wold-style-definition]
  505 | z_off_t ZEXPORT gzoffset(file)
      |                 ^~~~~~~~
/root/.local/share/alire/builds/aws_24.0.0_2b75fe6d/a2fb2a4db19727974f173d38934ce569d23ddd914f2b7b8afdff57d173d7ff6e/include/zlib/gzlib.c: In function 'gzeof':
/root/.local/share/alire/builds/aws_24.0.0_2b75fe6d/a2fb2a4db19727974f173d38934ce569d23ddd914f2b7b8afdff57d173d7ff6e/include/zlib/gzlib.c:515:13: warning: old-style function definition [-Wold-style-definition]
  515 | int ZEXPORT gzeof(file)
      |             ^~~~~
/root/.local/share/alire/builds/aws_24.0.0_2b75fe6d/a2fb2a4db19727974f173d38934ce569d23ddd914f2b7b8afdff57d173d7ff6e/include/zlib/gzlib.c: In function 'gzerror':
/root/.local/share/alire/builds/aws_24.0.0_2b75fe6d/a2fb2a4db19727974f173d38934ce569d23ddd914f2b7b8afdff57d173d7ff6e/include/zlib/gzlib.c:532:22: warning: old-style function definition [-Wold-style-definition]
  532 | const char * ZEXPORT gzerror(file, errnum)
      |                      ^~~~~~~
/root/.local/share/alire/builds/aws_24.0.0_2b75fe6d/a2fb2a4db19727974f173d38934ce569d23ddd914f2b7b8afdff57d173d7ff6e/include/zlib/gzlib.c: In function 'gzclearerr':
/root/.local/share/alire/builds/aws_24.0.0_2b75fe6d/a2fb2a4db19727974f173d38934ce569d23ddd914f2b7b8afdff57d173d7ff6e/include/zlib/gzlib.c:553:14: warning: old-style function definition [-Wold-style-definition]
  553 | void ZEXPORT gzclearerr(file)
      |              ^~~~~~~~~~
/root/.local/share/alire/builds/aws_24.0.0_2b75fe6d/a2fb2a4db19727974f173d38934ce569d23ddd914f2b7b8afdff57d173d7ff6e/include/zlib/gzlib.c: In function 'gz_error':
/root/.local/share/alire/builds/aws_24.0.0_2b75fe6d/a2fb2a4db19727974f173d38934ce569d23ddd914f2b7b8afdff57d173d7ff6e/include/zlib/gzlib.c:579:20: warning: old-style function definition [-Wold-style-definition]
  579 | void ZLIB_INTERNAL gz_error(state, err, msg)
      |                    ^~~~~~~~
   [C]            uncompr.c
/root/.local/share/alire/builds/aws_24.0.0_2b75fe6d/a2fb2a4db19727974f173d38934ce569d23ddd914f2b7b8afdff57d173d7ff6e/include/zlib/uncompr.c: In function 'uncompress2':
/root/.local/share/alire/builds/aws_24.0.0_2b75fe6d/a2fb2a4db19727974f173d38934ce569d23ddd914f2b7b8afdff57d173d7ff6e/include/zlib/uncompr.c:27:13: warning: old-style function definition [-Wold-style-definition]
   27 | int ZEXPORT uncompress2 (dest, destLen, source, sourceLen)
      |             ^~~~~~~~~~~
/root/.local/share/alire/builds/aws_24.0.0_2b75fe6d/a2fb2a4db19727974f173d38934ce569d23ddd914f2b7b8afdff57d173d7ff6e/include/zlib/uncompr.c: In function 'uncompress':
/root/.local/share/alire/builds/aws_24.0.0_2b75fe6d/a2fb2a4db19727974f173d38934ce569d23ddd914f2b7b8afdff57d173d7ff6e/include/zlib/uncompr.c:86:13: warning: old-style function definition [-Wold-style-definition]
   86 | int ZEXPORT uncompress (dest, destLen, source, sourceLen)
      |             ^~~~~~~~~~
   [C]            adler32.c
/root/.local/share/alire/builds/aws_24.0.0_2b75fe6d/a2fb2a4db19727974f173d38934ce569d23ddd914f2b7b8afdff57d173d7ff6e/include/zlib/gzwrite.c: In function 'gz_init':
/root/.local/share/alire/builds/aws_24.0.0_2b75fe6d/a2fb2a4db19727974f173d38934ce569d23ddd914f2b7b8afdff57d173d7ff6e/include/zlib/gzwrite.c:17:11: warning: old-style function definition [-Wold-style-definition]
   17 | local int gz_init(state)
      |           ^~~~~~~
/root/.local/share/alire/builds/aws_24.0.0_2b75fe6d/a2fb2a4db19727974f173d38934ce569d23ddd914f2b7b8afdff57d173d7ff6e/include/zlib/gzwrite.c: In function 'gz_comp':
/root/.local/share/alire/builds/aws_24.0.0_2b75fe6d/a2fb2a4db19727974f173d38934ce569d23ddd914f2b7b8afdff57d173d7ff6e/include/zlib/gzwrite.c:73:11: warning: old-style function definition [-Wold-style-definition]
   73 | local int gz_comp(state, flush)
      |           ^~~~~~~
/root/.local/share/alire/builds/aws_24.0.0_2b75fe6d/a2fb2a4db19727974f173d38934ce569d23ddd914f2b7b8afdff57d173d7ff6e/include/zlib/gzwrite.c: In function 'gz_zero':
/root/.local/share/alire/builds/aws_24.0.0_2b75fe6d/a2fb2a4db19727974f173d38934ce569d23ddd914f2b7b8afdff57d173d7ff6e/include/zlib/gzwrite.c:145:11: warning: old-style function definition [-Wold-style-definition]
  145 | local int gz_zero(state, len)
      |           ^~~~~~~
/root/.local/share/alire/builds/aws_24.0.0_2b75fe6d/a2fb2a4db19727974f173d38934ce569d23ddd914f2b7b8afdff57d173d7ff6e/include/zlib/gzwrite.c: In function 'gz_write':
/root/.local/share/alire/builds/aws_24.0.0_2b75fe6d/a2fb2a4db19727974f173d38934ce569d23ddd914f2b7b8afdff57d173d7ff6e/include/zlib/gzwrite.c:178:16: warning: old-style function definition [-Wold-style-definition]
  178 | local z_size_t gz_write(state, buf, len)
      |                ^~~~~~~~
/root/.local/share/alire/builds/aws_24.0.0_2b75fe6d/a2fb2a4db19727974f173d38934ce569d23ddd914f2b7b8afdff57d173d7ff6e/include/zlib/gzwrite.c: In function 'gzwrite':
/root/.local/share/alire/builds/aws_24.0.0_2b75fe6d/a2fb2a4db19727974f173d38934ce569d23ddd914f2b7b8afdff57d173d7ff6e/include/zlib/gzwrite.c:246:13: warning: old-style function definition [-Wold-style-definition]
  246 | int ZEXPORT gzwrite(file, buf, len)
      |             ^~~~~~~
/root/.local/share/alire/builds/aws_24.0.0_2b75fe6d/a2fb2a4db19727974f173d38934ce569d23ddd914f2b7b8afdff57d173d7ff6e/include/zlib/gzwrite.c: In function 'gzfwrite':
/root/.local/share/alire/builds/aws_24.0.0_2b75fe6d/a2fb2a4db19727974f173d38934ce569d23ddd914f2b7b8afdff57d173d7ff6e/include/zlib/gzwrite.c:274:18: warning: old-style function definition [-Wold-style-definition]
  274 | z_size_t ZEXPORT gzfwrite(buf, size, nitems, file)
      |                  ^~~~~~~~
/root/.local/share/alire/builds/aws_24.0.0_2b75fe6d/a2fb2a4db19727974f173d38934ce569d23ddd914f2b7b8afdff57d173d7ff6e/include/zlib/gzwrite.c: In function 'gzputc':
/root/.local/share/alire/builds/aws_24.0.0_2b75fe6d/a2fb2a4db19727974f173d38934ce569d23ddd914f2b7b8afdff57d173d7ff6e/include/zlib/gzwrite.c:304:13: warning: old-style function definition [-Wold-style-definition]
  304 | int ZEXPORT gzputc(file, c)
      |             ^~~~~~
/root/.local/share/alire/builds/aws_24.0.0_2b75fe6d/a2fb2a4db19727974f173d38934ce569d23ddd914f2b7b8afdff57d173d7ff6e/include/zlib/gzwrite.c: In function 'gzputs':
/root/.local/share/alire/builds/aws_24.0.0_2b75fe6d/a2fb2a4db19727974f173d38934ce569d23ddd914f2b7b8afdff57d173d7ff6e/include/zlib/gzwrite.c:352:13: warning: old-style function definition [-Wold-style-definition]
  352 | int ZEXPORT gzputs(file, str)
      |             ^~~~~~
/root/.local/share/alire/builds/aws_24.0.0_2b75fe6d/a2fb2a4db19727974f173d38934ce569d23ddd914f2b7b8afdff57d173d7ff6e/include/zlib/gzwrite.c: In function 'gzflush':
/root/.local/share/alire/builds/aws_24.0.0_2b75fe6d/a2fb2a4db19727974f173d38934ce569d23ddd914f2b7b8afdff57d173d7ff6e/include/zlib/gzwrite.c:553:13: warning: old-style function definition [-Wold-style-definition]
  553 | int ZEXPORT gzflush(file, flush)
      |             ^~~~~~~
/root/.local/share/alire/builds/aws_24.0.0_2b75fe6d/a2fb2a4db19727974f173d38934ce569d23ddd914f2b7b8afdff57d173d7ff6e/include/zlib/gzwrite.c: In function 'gzsetparams':
/root/.local/share/alire/builds/aws_24.0.0_2b75fe6d/a2fb2a4db19727974f173d38934ce569d23ddd914f2b7b8afdff57d173d7ff6e/include/zlib/gzwrite.c:585:13: warning: old-style function definition [-Wold-style-definition]
  585 | int ZEXPORT gzsetparams(file, level, strategy)
      |             ^~~~~~~~~~~
/root/.local/share/alire/builds/aws_24.0.0_2b75fe6d/a2fb2a4db19727974f173d38934ce569d23ddd914f2b7b8afdff57d173d7ff6e/include/zlib/gzwrite.c: In function 'gzclose_w':
/root/.local/share/alire/builds/aws_24.0.0_2b75fe6d/a2fb2a4db19727974f173d38934ce569d23ddd914f2b7b8afdff57d173d7ff6e/include/zlib/gzwrite.c:627:13: warning: old-style function definition [-Wold-style-definition]
  627 | int ZEXPORT gzclose_w(file)
      |             ^~~~~~~~~
   [C]            inflate.c
/root/.local/share/alire/builds/aws_24.0.0_2b75fe6d/a2fb2a4db19727974f173d38934ce569d23ddd914f2b7b8afdff57d173d7ff6e/include/zlib/adler32.c: In function 'adler32_z':
/root/.local/share/alire/builds/aws_24.0.0_2b75fe6d/a2fb2a4db19727974f173d38934ce569d23ddd914f2b7b8afdff57d173d7ff6e/include/zlib/adler32.c:63:15: warning: old-style function definition [-Wold-style-definition]
   63 | uLong ZEXPORT adler32_z(adler, buf, len)
      |               ^~~~~~~~~
/root/.local/share/alire/builds/aws_24.0.0_2b75fe6d/a2fb2a4db19727974f173d38934ce569d23ddd914f2b7b8afdff57d173d7ff6e/include/zlib/adler32.c: In function 'adler32':
/root/.local/share/alire/builds/aws_24.0.0_2b75fe6d/a2fb2a4db19727974f173d38934ce569d23ddd914f2b7b8afdff57d173d7ff6e/include/zlib/adler32.c:134:15: warning: old-style function definition [-Wold-style-definition]
  134 | uLong ZEXPORT adler32(adler, buf, len)
      |               ^~~~~~~
/root/.local/share/alire/builds/aws_24.0.0_2b75fe6d/a2fb2a4db19727974f173d38934ce569d23ddd914f2b7b8afdff57d173d7ff6e/include/zlib/adler32.c: In function 'adler32_combine_':
/root/.local/share/alire/builds/aws_24.0.0_2b75fe6d/a2fb2a4db19727974f173d38934ce569d23ddd914f2b7b8afdff57d173d7ff6e/include/zlib/adler32.c:143:13: warning: old-style function definition [-Wold-style-definition]
  143 | local uLong adler32_combine_(adler1, adler2, len2)
      |             ^~~~~~~~~~~~~~~~
/root/.local/share/alire/builds/aws_24.0.0_2b75fe6d/a2fb2a4db19727974f173d38934ce569d23ddd914f2b7b8afdff57d173d7ff6e/include/zlib/adler32.c: In function 'adler32_combine':
/root/.local/share/alire/builds/aws_24.0.0_2b75fe6d/a2fb2a4db19727974f173d38934ce569d23ddd914f2b7b8afdff57d173d7ff6e/include/zlib/adler32.c:172:15: warning: old-style function definition [-Wold-style-definition]
  172 | uLong ZEXPORT adler32_combine(adler1, adler2, len2)
      |               ^~~~~~~~~~~~~~~
/root/.local/share/alire/builds/aws_24.0.0_2b75fe6d/a2fb2a4db19727974f173d38934ce569d23ddd914f2b7b8afdff57d173d7ff6e/include/zlib/adler32.c: In function 'adler32_combine64':
/root/.local/share/alire/builds/aws_24.0.0_2b75fe6d/a2fb2a4db19727974f173d38934ce569d23ddd914f2b7b8afdff57d173d7ff6e/include/zlib/adler32.c:180:15: warning: old-style function definition [-Wold-style-definition]
  180 | uLong ZEXPORT adler32_combine64(adler1, adler2, len2)
      |               ^~~~~~~~~~~~~~~~~
   [C]            infback.c
   [C]            gzclose.c
/root/.local/share/alire/builds/aws_24.0.0_2b75fe6d/a2fb2a4db19727974f173d38934ce569d23ddd914f2b7b8afdff57d173d7ff6e/include/zlib/infback.c: In function 'inflateBackInit_':
/root/.local/share/alire/builds/aws_24.0.0_2b75fe6d/a2fb2a4db19727974f173d38934ce569d23ddd914f2b7b8afdff57d173d7ff6e/include/zlib/infback.c:28:13: warning: old-style function definition [-Wold-style-definition]
   28 | int ZEXPORT inflateBackInit_(strm, windowBits, window, version, stream_size)
      |             ^~~~~~~~~~~~~~~~
/root/.local/share/alire/builds/aws_24.0.0_2b75fe6d/a2fb2a4db19727974f173d38934ce569d23ddd914f2b7b8afdff57d173d7ff6e/include/zlib/infback.c: In function 'fixedtables':
/root/.local/share/alire/builds/aws_24.0.0_2b75fe6d/a2fb2a4db19727974f173d38934ce569d23ddd914f2b7b8afdff57d173d7ff6e/include/zlib/infback.c:82:12: warning: old-style function definition [-Wold-style-definition]
   82 | local void fixedtables(state)
      |            ^~~~~~~~~~~
/root/.local/share/alire/builds/aws_24.0.0_2b75fe6d/a2fb2a4db19727974f173d38934ce569d23ddd914f2b7b8afdff57d173d7ff6e/include/zlib/infback.c: In function 'inflateBack':
/root/.local/share/alire/builds/aws_24.0.0_2b75fe6d/a2fb2a4db19727974f173d38934ce569d23ddd914f2b7b8afdff57d173d7ff6e/include/zlib/infback.c:250:13: warning: old-style function definition [-Wold-style-definition]
  250 | int ZEXPORT inflateBack(strm, in, in_desc, out, out_desc)
      |             ^~~~~~~~~~~
/root/.local/share/alire/builds/aws_24.0.0_2b75fe6d/a2fb2a4db19727974f173d38934ce569d23ddd914f2b7b8afdff57d173d7ff6e/include/zlib/infback.c: In function 'inflateBackEnd':
/root/.local/share/alire/builds/aws_24.0.0_2b75fe6d/a2fb2a4db19727974f173d38934ce569d23ddd914f2b7b8afdff57d173d7ff6e/include/zlib/infback.c:631:13: warning: old-style function definition [-Wold-style-definition]
  631 | int ZEXPORT inflateBackEnd(strm)
      |             ^~~~~~~~~~~~~~
   [C]            deflate.c
/root/.local/share/alire/builds/aws_24.0.0_2b75fe6d/a2fb2a4db19727974f173d38934ce569d23ddd914f2b7b8afdff57d173d7ff6e/include/zlib/inflate.c: In function 'inflateStateCheck':
/root/.local/share/alire/builds/aws_24.0.0_2b75fe6d/a2fb2a4db19727974f173d38934ce569d23ddd914f2b7b8afdff57d173d7ff6e/include/zlib/inflate.c:105:11: warning: old-style function definition [-Wold-style-definition]
  105 | local int inflateStateCheck(strm)
      |           ^~~~~~~~~~~~~~~~~
/root/.local/share/alire/builds/aws_24.0.0_2b75fe6d/a2fb2a4db19727974f173d38934ce569d23ddd914f2b7b8afdff57d173d7ff6e/include/zlib/inflate.c: In function 'inflateResetKeep':
/root/.local/share/alire/builds/aws_24.0.0_2b75fe6d/a2fb2a4db19727974f173d38934ce569d23ddd914f2b7b8afdff57d173d7ff6e/include/zlib/inflate.c:119:13: warning: old-style function definition [-Wold-style-definition]
  119 | int ZEXPORT inflateResetKeep(strm)
      |             ^~~~~~~~~~~~~~~~
/root/.local/share/alire/builds/aws_24.0.0_2b75fe6d/a2fb2a4db19727974f173d38934ce569d23ddd914f2b7b8afdff57d173d7ff6e/include/zlib/inflate.c: In function 'inflateReset':
/root/.local/share/alire/builds/aws_24.0.0_2b75fe6d/a2fb2a4db19727974f173d38934ce569d23ddd914f2b7b8afdff57d173d7ff6e/include/zlib/inflate.c:144:13: warning: old-style function definition [-Wold-style-definition]
  144 | int ZEXPORT inflateReset(strm)
      |             ^~~~~~~~~~~~
/root/.local/share/alire/builds/aws_24.0.0_2b75fe6d/a2fb2a4db19727974f173d38934ce569d23ddd914f2b7b8afdff57d173d7ff6e/include/zlib/inflate.c: In function 'inflateReset2':
/root/.local/share/alire/builds/aws_24.0.0_2b75fe6d/a2fb2a4db19727974f173d38934ce569d23ddd914f2b7b8afdff57d173d7ff6e/include/zlib/inflate.c:157:13: warning: old-style function definition [-Wold-style-definition]
  157 | int ZEXPORT inflateReset2(strm, windowBits)
      |             ^~~~~~~~~~~~~
/root/.local/share/alire/builds/aws_24.0.0_2b75fe6d/a2fb2a4db19727974f173d38934ce569d23ddd914f2b7b8afdff57d173d7ff6e/include/zlib/inflate.c: In function 'inflateInit2_':
/root/.local/share/alire/builds/aws_24.0.0_2b75fe6d/a2fb2a4db19727974f173d38934ce569d23ddd914f2b7b8afdff57d173d7ff6e/include/zlib/inflate.c:195:13: warning: old-style function definition [-Wold-style-definition]
  195 | int ZEXPORT inflateInit2_(strm, windowBits, version, stream_size)
      |             ^~~~~~~~~~~~~
/root/.local/share/alire/builds/aws_24.0.0_2b75fe6d/a2fb2a4db19727974f173d38934ce569d23ddd914f2b7b8afdff57d173d7ff6e/include/zlib/inflate.c: In function 'inflateInit_':
/root/.local/share/alire/builds/aws_24.0.0_2b75fe6d/a2fb2a4db19727974f173d38934ce569d23ddd914f2b7b8afdff57d173d7ff6e/include/zlib/inflate.c:239:13: warning: old-style function definition [-Wold-style-definition]
  239 | int ZEXPORT inflateInit_(strm, version, stream_size)
      |             ^~~~~~~~~~~~
/root/.local/share/alire/builds/aws_24.0.0_2b75fe6d/a2fb2a4db19727974f173d38934ce569d23ddd914f2b7b8afdff57d173d7ff6e/include/zlib/inflate.c: In function 'inflatePrime':
/root/.local/share/alire/builds/aws_24.0.0_2b75fe6d/a2fb2a4db19727974f173d38934ce569d23ddd914f2b7b8afdff57d173d7ff6e/include/zlib/inflate.c:247:13: warning: old-style function definition [-Wold-style-definition]
  247 | int ZEXPORT inflatePrime(strm, bits, value)
      |             ^~~~~~~~~~~~
/root/.local/share/alire/builds/aws_24.0.0_2b75fe6d/a2fb2a4db19727974f173d38934ce569d23ddd914f2b7b8afdff57d173d7ff6e/include/zlib/inflate.c: In function 'fixedtables':
/root/.local/share/alire/builds/aws_24.0.0_2b75fe6d/a2fb2a4db19727974f173d38934ce569d23ddd914f2b7b8afdff57d173d7ff6e/include/zlib/inflate.c:278:12: warning: old-style function definition [-Wold-style-definition]
  278 | local void fixedtables(state)
      |            ^~~~~~~~~~~
/root/.local/share/alire/builds/aws_24.0.0_2b75fe6d/a2fb2a4db19727974f173d38934ce569d23ddd914f2b7b8afdff57d173d7ff6e/include/zlib/inflate.c: In function 'updatewindow':
/root/.local/share/alire/builds/aws_24.0.0_2b75fe6d/a2fb2a4db19727974f173d38934ce569d23ddd914f2b7b8afdff57d173d7ff6e/include/zlib/inflate.c:396:11: warning: old-style function definition [-Wold-style-definition]
  396 | local int updatewindow(strm, end, copy)
      |           ^~~~~~~~~~~~
/root/.local/share/alire/builds/aws_24.0.0_2b75fe6d/a2fb2a4db19727974f173d38934ce569d23ddd914f2b7b8afdff57d173d7ff6e/include/zlib/inflate.c: In function 'inflate':
/root/.local/share/alire/builds/aws_24.0.0_2b75fe6d/a2fb2a4db19727974f173d38934ce569d23ddd914f2b7b8afdff57d173d7ff6e/include/zlib/inflate.c:622:13: warning: old-style function definition [-Wold-style-definition]
  622 | int ZEXPORT inflate(strm, flush)
      |             ^~~~~~~
/root/.local/share/alire/builds/aws_24.0.0_2b75fe6d/a2fb2a4db19727974f173d38934ce569d23ddd914f2b7b8afdff57d173d7ff6e/include/zlib/inflate.c: In function 'inflateEnd':
/root/.local/share/alire/builds/aws_24.0.0_2b75fe6d/a2fb2a4db19727974f173d38934ce569d23ddd914f2b7b8afdff57d173d7ff6e/include/zlib/inflate.c:1277:13: warning: old-style function definition [-Wold-style-definition]
 1277 | int ZEXPORT inflateEnd(strm)
      |             ^~~~~~~~~~
/root/.local/share/alire/builds/aws_24.0.0_2b75fe6d/a2fb2a4db19727974f173d38934ce569d23ddd914f2b7b8afdff57d173d7ff6e/include/zlib/inflate.c: In function 'inflateGetDictionary':
/root/.local/share/alire/builds/aws_24.0.0_2b75fe6d/a2fb2a4db19727974f173d38934ce569d23ddd914f2b7b8afdff57d173d7ff6e/include/zlib/inflate.c:1291:13: warning: old-style function definition [-Wold-style-definition]
 1291 | int ZEXPORT inflateGetDictionary(strm, dictionary, dictLength)
      |             ^~~~~~~~~~~~~~~~~~~~
/root/.local/share/alire/builds/aws_24.0.0_2b75fe6d/a2fb2a4db19727974f173d38934ce569d23ddd914f2b7b8afdff57d173d7ff6e/include/zlib/inflate.c: In function 'inflateSetDictionary':
/root/.local/share/alire/builds/aws_24.0.0_2b75fe6d/a2fb2a4db19727974f173d38934ce569d23ddd914f2b7b8afdff57d173d7ff6e/include/zlib/inflate.c:1314:13: warning: old-style function definition [-Wold-style-definition]
 1314 | int ZEXPORT inflateSetDictionary(strm, dictionary, dictLength)
      |             ^~~~~~~~~~~~~~~~~~~~
/root/.local/share/alire/builds/aws_24.0.0_2b75fe6d/a2fb2a4db19727974f173d38934ce569d23ddd914f2b7b8afdff57d173d7ff6e/include/zlib/inflate.c: In function 'inflateGetHeader':
/root/.local/share/alire/builds/aws_24.0.0_2b75fe6d/a2fb2a4db19727974f173d38934ce569d23ddd914f2b7b8afdff57d173d7ff6e/include/zlib/inflate.c:1349:13: warning: old-style function definition [-Wold-style-definition]
 1349 | int ZEXPORT inflateGetHeader(strm, head)
      |             ^~~~~~~~~~~~~~~~
/root/.local/share/alire/builds/aws_24.0.0_2b75fe6d/a2fb2a4db19727974f173d38934ce569d23ddd914f2b7b8afdff57d173d7ff6e/include/zlib/inflate.c: In function 'syncsearch':
/root/.local/share/alire/builds/aws_24.0.0_2b75fe6d/a2fb2a4db19727974f173d38934ce569d23ddd914f2b7b8afdff57d173d7ff6e/include/zlib/inflate.c:1377:16: warning: old-style function definition [-Wold-style-definition]
 1377 | local unsigned syncsearch(have, buf, len)
      |                ^~~~~~~~~~
/root/.local/share/alire/builds/aws_24.0.0_2b75fe6d/a2fb2a4db19727974f173d38934ce569d23ddd914f2b7b8afdff57d173d7ff6e/include/zlib/inflate.c: In function 'inflateSync':
/root/.local/share/alire/builds/aws_24.0.0_2b75fe6d/a2fb2a4db19727974f173d38934ce569d23ddd914f2b7b8afdff57d173d7ff6e/include/zlib/inflate.c:1400:13: warning: old-style function definition [-Wold-style-definition]
 1400 | int ZEXPORT inflateSync(strm)
      |             ^~~~~~~~~~~
/root/.local/share/alire/builds/aws_24.0.0_2b75fe6d/a2fb2a4db19727974f173d38934ce569d23ddd914f2b7b8afdff57d173d7ff6e/include/zlib/inflate.c: In function 'inflateSyncPoint':
/root/.local/share/alire/builds/aws_24.0.0_2b75fe6d/a2fb2a4db19727974f173d38934ce569d23ddd914f2b7b8afdff57d173d7ff6e/include/zlib/inflate.c:1451:13: warning: old-style function definition [-Wold-style-definition]
 1451 | int ZEXPORT inflateSyncPoint(strm)
      |             ^~~~~~~~~~~~~~~~
/root/.local/share/alire/builds/aws_24.0.0_2b75fe6d/a2fb2a4db19727974f173d38934ce569d23ddd914f2b7b8afdff57d173d7ff6e/include/zlib/inflate.c: In function 'inflateCopy':
/root/.local/share/alire/builds/aws_24.0.0_2b75fe6d/a2fb2a4db19727974f173d38934ce569d23ddd914f2b7b8afdff57d173d7ff6e/include/zlib/inflate.c:1461:13: warning: old-style function definition [-Wold-style-definition]
 1461 | int ZEXPORT inflateCopy(dest, source)
      |             ^~~~~~~~~~~
/root/.local/share/alire/builds/aws_24.0.0_2b75fe6d/a2fb2a4db19727974f173d38934ce569d23ddd914f2b7b8afdff57d173d7ff6e/include/zlib/inflate.c: In function 'inflateUndermine':
/root/.local/share/alire/builds/aws_24.0.0_2b75fe6d/a2fb2a4db19727974f173d38934ce569d23ddd914f2b7b8afdff57d173d7ff6e/include/zlib/inflate.c:1508:13: warning: old-style function definition [-Wold-style-definition]
 1508 | int ZEXPORT inflateUndermine(strm, subvert)
      |             ^~~~~~~~~~~~~~~~
/root/.local/share/alire/builds/aws_24.0.0_2b75fe6d/a2fb2a4db19727974f173d38934ce569d23ddd914f2b7b8afdff57d173d7ff6e/include/zlib/inflate.c: In function 'inflateValidate':
/root/.local/share/alire/builds/aws_24.0.0_2b75fe6d/a2fb2a4db19727974f173d38934ce569d23ddd914f2b7b8afdff57d173d7ff6e/include/zlib/inflate.c:1526:13: warning: old-style function definition [-Wold-style-definition]
 1526 | int ZEXPORT inflateValidate(strm, check)
      |             ^~~~~~~~~~~~~~~
/root/.local/share/alire/builds/aws_24.0.0_2b75fe6d/a2fb2a4db19727974f173d38934ce569d23ddd914f2b7b8afdff57d173d7ff6e/include/zlib/inflate.c: In function 'inflateMark':
/root/.local/share/alire/builds/aws_24.0.0_2b75fe6d/a2fb2a4db19727974f173d38934ce569d23ddd914f2b7b8afdff57d173d7ff6e/include/zlib/inflate.c:1541:14: warning: old-style function definition [-Wold-style-definition]
 1541 | long ZEXPORT inflateMark(strm)
      |              ^~~~~~~~~~~
/root/.local/share/alire/builds/aws_24.0.0_2b75fe6d/a2fb2a4db19727974f173d38934ce569d23ddd914f2b7b8afdff57d173d7ff6e/include/zlib/inflate.c: In function 'inflateCodesUsed':
/root/.local/share/alire/builds/aws_24.0.0_2b75fe6d/a2fb2a4db19727974f173d38934ce569d23ddd914f2b7b8afdff57d173d7ff6e/include/zlib/inflate.c:1554:23: warning: old-style function definition [-Wold-style-definition]
 1554 | unsigned long ZEXPORT inflateCodesUsed(strm)
      |                       ^~~~~~~~~~~~~~~~
   [C]            crc32.c
/root/.local/share/alire/builds/aws_24.0.0_2b75fe6d/a2fb2a4db19727974f173d38934ce569d23ddd914f2b7b8afdff57d173d7ff6e/include/zlib/gzclose.c: In function 'gzclose':
/root/.local/share/alire/builds/aws_24.0.0_2b75fe6d/a2fb2a4db19727974f173d38934ce569d23ddd914f2b7b8afdff57d173d7ff6e/include/zlib/gzclose.c:11:13: warning: old-style function definition [-Wold-style-definition]
   11 | int ZEXPORT gzclose(file)
      |             ^~~~~~~
   [C]            inffast.c
/root/.local/share/alire/builds/aws_24.0.0_2b75fe6d/a2fb2a4db19727974f173d38934ce569d23ddd914f2b7b8afdff57d173d7ff6e/include/zlib/crc32.c: In function 'crc32_z':
/root/.local/share/alire/builds/aws_24.0.0_2b75fe6d/a2fb2a4db19727974f173d38934ce569d23ddd914f2b7b8afdff57d173d7ff6e/include/zlib/crc32.c:202:23: warning: old-style function definition [-Wold-style-definition]
  202 | unsigned long ZEXPORT crc32_z(crc, buf, len)
      |                       ^~~~~~~
/root/.local/share/alire/builds/aws_24.0.0_2b75fe6d/a2fb2a4db19727974f173d38934ce569d23ddd914f2b7b8afdff57d173d7ff6e/include/zlib/crc32.c: In function 'crc32':
/root/.local/share/alire/builds/aws_24.0.0_2b75fe6d/a2fb2a4db19727974f173d38934ce569d23ddd914f2b7b8afdff57d173d7ff6e/include/zlib/crc32.c:237:23: warning: old-style function definition [-Wold-style-definition]
  237 | unsigned long ZEXPORT crc32(crc, buf, len)
      |                       ^~~~~
/root/.local/share/alire/builds/aws_24.0.0_2b75fe6d/a2fb2a4db19727974f173d38934ce569d23ddd914f2b7b8afdff57d173d7ff6e/include/zlib/crc32.c: In function 'crc32_little':
/root/.local/share/alire/builds/aws_24.0.0_2b75fe6d/a2fb2a4db19727974f173d38934ce569d23ddd914f2b7b8afdff57d173d7ff6e/include/zlib/crc32.c:266:21: warning: old-style function definition [-Wold-style-definition]
  266 | local unsigned long crc32_little(crc, buf, len)
      |                     ^~~~~~~~~~~~
/root/.local/share/alire/builds/aws_24.0.0_2b75fe6d/a2fb2a4db19727974f173d38934ce569d23ddd914f2b7b8afdff57d173d7ff6e/include/zlib/crc32.c: In function 'crc32_big':
/root/.local/share/alire/builds/aws_24.0.0_2b75fe6d/a2fb2a4db19727974f173d38934ce569d23ddd914f2b7b8afdff57d173d7ff6e/include/zlib/crc32.c:306:21: warning: old-style function definition [-Wold-style-definition]
  306 | local unsigned long crc32_big(crc, buf, len)
      |                     ^~~~~~~~~
/root/.local/share/alire/builds/aws_24.0.0_2b75fe6d/a2fb2a4db19727974f173d38934ce569d23ddd914f2b7b8afdff57d173d7ff6e/include/zlib/crc32.c: In function 'gf2_matrix_times':
/root/.local/share/alire/builds/aws_24.0.0_2b75fe6d/a2fb2a4db19727974f173d38934ce569d23ddd914f2b7b8afdff57d173d7ff6e/include/zlib/crc32.c:344:21: warning: old-style function definition [-Wold-style-definition]
  344 | local unsigned long gf2_matrix_times(mat, vec)
      |                     ^~~~~~~~~~~~~~~~
/root/.local/share/alire/builds/aws_24.0.0_2b75fe6d/a2fb2a4db19727974f173d38934ce569d23ddd914f2b7b8afdff57d173d7ff6e/include/zlib/crc32.c: In function 'gf2_matrix_square':
/root/.local/share/alire/builds/aws_24.0.0_2b75fe6d/a2fb2a4db19727974f173d38934ce569d23ddd914f2b7b8afdff57d173d7ff6e/include/zlib/crc32.c:361:12: warning: old-style function definition [-Wold-style-definition]
  361 | local void gf2_matrix_square(square, mat)
      |            ^~~~~~~~~~~~~~~~~
/root/.local/share/alire/builds/aws_24.0.0_2b75fe6d/a2fb2a4db19727974f173d38934ce569d23ddd914f2b7b8afdff57d173d7ff6e/include/zlib/crc32.c: In function 'crc32_combine_':
/root/.local/share/alire/builds/aws_24.0.0_2b75fe6d/a2fb2a4db19727974f173d38934ce569d23ddd914f2b7b8afdff57d173d7ff6e/include/zlib/crc32.c:372:13: warning: old-style function definition [-Wold-style-definition]
  372 | local uLong crc32_combine_(crc1, crc2, len2)
      |             ^~~~~~~~~~~~~~
/root/.local/share/alire/builds/aws_24.0.0_2b75fe6d/a2fb2a4db19727974f173d38934ce569d23ddd914f2b7b8afdff57d173d7ff6e/include/zlib/crc32.c: In function 'crc32_combine':
/root/.local/share/alire/builds/aws_24.0.0_2b75fe6d/a2fb2a4db19727974f173d38934ce569d23ddd914f2b7b8afdff57d173d7ff6e/include/zlib/crc32.c:428:15: warning: old-style function definition [-Wold-style-definition]
  428 | uLong ZEXPORT crc32_combine(crc1, crc2, len2)
      |               ^~~~~~~~~~~~~
/root/.local/share/alire/builds/aws_24.0.0_2b75fe6d/a2fb2a4db19727974f173d38934ce569d23ddd914f2b7b8afdff57d173d7ff6e/include/zlib/crc32.c: In function 'crc32_combine64':
/root/.local/share/alire/builds/aws_24.0.0_2b75fe6d/a2fb2a4db19727974f173d38934ce569d23ddd914f2b7b8afdff57d173d7ff6e/include/zlib/crc32.c:436:15: warning: old-style function definition [-Wold-style-definition]
  436 | uLong ZEXPORT crc32_combine64(crc1, crc2, len2)
      |               ^~~~~~~~~~~~~~~
   [C]            gzread.c
/root/.local/share/alire/builds/aws_24.0.0_2b75fe6d/a2fb2a4db19727974f173d38934ce569d23ddd914f2b7b8afdff57d173d7ff6e/include/zlib/inffast.c: In function 'inflate_fast':
/root/.local/share/alire/builds/aws_24.0.0_2b75fe6d/a2fb2a4db19727974f173d38934ce569d23ddd914f2b7b8afdff57d173d7ff6e/include/zlib/inffast.c:50:20: warning: old-style function definition [-Wold-style-definition]
   50 | void ZLIB_INTERNAL inflate_fast(strm, start)
      |                    ^~~~~~~~~~~~
   [C]            trees.c
/root/.local/share/alire/builds/aws_24.0.0_2b75fe6d/a2fb2a4db19727974f173d38934ce569d23ddd914f2b7b8afdff57d173d7ff6e/include/zlib/gzread.c: In function 'gz_load':
/root/.local/share/alire/builds/aws_24.0.0_2b75fe6d/a2fb2a4db19727974f173d38934ce569d23ddd914f2b7b8afdff57d173d7ff6e/include/zlib/gzread.c:21:11: warning: old-style function definition [-Wold-style-definition]
   21 | local int gz_load(state, buf, len, have)
      |           ^~~~~~~
/root/.local/share/alire/builds/aws_24.0.0_2b75fe6d/a2fb2a4db19727974f173d38934ce569d23ddd914f2b7b8afdff57d173d7ff6e/include/zlib/gzread.c: In function 'gz_avail':
/root/.local/share/alire/builds/aws_24.0.0_2b75fe6d/a2fb2a4db19727974f173d38934ce569d23ddd914f2b7b8afdff57d173d7ff6e/include/zlib/gzread.c:56:11: warning: old-style function definition [-Wold-style-definition]
   56 | local int gz_avail(state)
      |           ^~~~~~~~
/root/.local/share/alire/builds/aws_24.0.0_2b75fe6d/a2fb2a4db19727974f173d38934ce569d23ddd914f2b7b8afdff57d173d7ff6e/include/zlib/gzread.c: In function 'gz_look':
/root/.local/share/alire/builds/aws_24.0.0_2b75fe6d/a2fb2a4db19727974f173d38934ce569d23ddd914f2b7b8afdff57d173d7ff6e/include/zlib/gzread.c:91:11: warning: old-style function definition [-Wold-style-definition]
   91 | local int gz_look(state)
      |           ^~~~~~~
/root/.local/share/alire/builds/aws_24.0.0_2b75fe6d/a2fb2a4db19727974f173d38934ce569d23ddd914f2b7b8afdff57d173d7ff6e/include/zlib/gzread.c: In function 'gz_decomp':
/root/.local/share/alire/builds/aws_24.0.0_2b75fe6d/a2fb2a4db19727974f173d38934ce569d23ddd914f2b7b8afdff57d173d7ff6e/include/zlib/gzread.c:175:11: warning: old-style function definition [-Wold-style-definition]
  175 | local int gz_decomp(state)
      |           ^~~~~~~~~
/root/.local/share/alire/builds/aws_24.0.0_2b75fe6d/a2fb2a4db19727974f173d38934ce569d23ddd914f2b7b8afdff57d173d7ff6e/include/zlib/gzread.c: In function 'gz_fetch':
/root/.local/share/alire/builds/aws_24.0.0_2b75fe6d/a2fb2a4db19727974f173d38934ce569d23ddd914f2b7b8afdff57d173d7ff6e/include/zlib/gzread.c:229:11: warning: old-style function definition [-Wold-style-definition]
  229 | local int gz_fetch(state)
      |           ^~~~~~~~
/root/.local/share/alire/builds/aws_24.0.0_2b75fe6d/a2fb2a4db19727974f173d38934ce569d23ddd914f2b7b8afdff57d173d7ff6e/include/zlib/gzread.c: In function 'gz_skip':
/root/.local/share/alire/builds/aws_24.0.0_2b75fe6d/a2fb2a4db19727974f173d38934ce569d23ddd914f2b7b8afdff57d173d7ff6e/include/zlib/gzread.c:259:11: warning: old-style function definition [-Wold-style-definition]
  259 | local int gz_skip(state, len)
      |           ^~~~~~~
/root/.local/share/alire/builds/aws_24.0.0_2b75fe6d/a2fb2a4db19727974f173d38934ce569d23ddd914f2b7b8afdff57d173d7ff6e/include/zlib/gzread.c: In function 'gz_read':
/root/.local/share/alire/builds/aws_24.0.0_2b75fe6d/a2fb2a4db19727974f173d38934ce569d23ddd914f2b7b8afdff57d173d7ff6e/include/zlib/gzread.c:294:16: warning: old-style function definition [-Wold-style-definition]
  294 | local z_size_t gz_read(state, buf, len)
      |                ^~~~~~~
/root/.local/share/alire/builds/aws_24.0.0_2b75fe6d/a2fb2a4db19727974f173d38934ce569d23ddd914f2b7b8afdff57d173d7ff6e/include/zlib/gzread.c: In function 'gzread':
/root/.local/share/alire/builds/aws_24.0.0_2b75fe6d/a2fb2a4db19727974f173d38934ce569d23ddd914f2b7b8afdff57d173d7ff6e/include/zlib/gzread.c:375:13: warning: old-style function definition [-Wold-style-definition]
  375 | int ZEXPORT gzread(file, buf, len)
      |             ^~~~~~
/root/.local/share/alire/builds/aws_24.0.0_2b75fe6d/a2fb2a4db19727974f173d38934ce569d23ddd914f2b7b8afdff57d173d7ff6e/include/zlib/gzread.c: In function 'gzfread':
/root/.local/share/alire/builds/aws_24.0.0_2b75fe6d/a2fb2a4db19727974f173d38934ce569d23ddd914f2b7b8afdff57d173d7ff6e/include/zlib/gzread.c:411:18: warning: old-style function definition [-Wold-style-definition]
  411 | z_size_t ZEXPORT gzfread(buf, size, nitems, file)
      |                  ^~~~~~~
/root/.local/share/alire/builds/aws_24.0.0_2b75fe6d/a2fb2a4db19727974f173d38934ce569d23ddd914f2b7b8afdff57d173d7ff6e/include/zlib/gzread.c: In function 'gzgetc':
/root/.local/share/alire/builds/aws_24.0.0_2b75fe6d/a2fb2a4db19727974f173d38934ce569d23ddd914f2b7b8afdff57d173d7ff6e/include/zlib/gzread.c:447:13: warning: old-style function definition [-Wold-style-definition]
  447 | int ZEXPORT gzgetc(file)
      |             ^~~~~~
/root/.local/share/alire/builds/aws_24.0.0_2b75fe6d/a2fb2a4db19727974f173d38934ce569d23ddd914f2b7b8afdff57d173d7ff6e/include/zlib/gzread.c: In function 'gzgetc_':
/root/.local/share/alire/builds/aws_24.0.0_2b75fe6d/a2fb2a4db19727974f173d38934ce569d23ddd914f2b7b8afdff57d173d7ff6e/include/zlib/gzread.c:476:13: warning: old-style function definition [-Wold-style-definition]
  476 | int ZEXPORT gzgetc_(file)
      |             ^~~~~~~
/root/.local/share/alire/builds/aws_24.0.0_2b75fe6d/a2fb2a4db19727974f173d38934ce569d23ddd914f2b7b8afdff57d173d7ff6e/include/zlib/gzread.c: In function 'gzungetc':
/root/.local/share/alire/builds/aws_24.0.0_2b75fe6d/a2fb2a4db19727974f173d38934ce569d23ddd914f2b7b8afdff57d173d7ff6e/include/zlib/gzread.c:483:13: warning: old-style function definition [-Wold-style-definition]
  483 | int ZEXPORT gzungetc(c, file)
      |             ^~~~~~~~
/root/.local/share/alire/builds/aws_24.0.0_2b75fe6d/a2fb2a4db19727974f173d38934ce569d23ddd914f2b7b8afdff57d173d7ff6e/include/zlib/gzread.c: In function 'gzgets':
/root/.local/share/alire/builds/aws_24.0.0_2b75fe6d/a2fb2a4db19727974f173d38934ce569d23ddd914f2b7b8afdff57d173d7ff6e/include/zlib/gzread.c:543:16: warning: old-style function definition [-Wold-style-definition]
  543 | char * ZEXPORT gzgets(file, buf, len)
      |                ^~~~~~
/root/.local/share/alire/builds/aws_24.0.0_2b75fe6d/a2fb2a4db19727974f173d38934ce569d23ddd914f2b7b8afdff57d173d7ff6e/include/zlib/gzread.c: In function 'gzdirect':
/root/.local/share/alire/builds/aws_24.0.0_2b75fe6d/a2fb2a4db19727974f173d38934ce569d23ddd914f2b7b8afdff57d173d7ff6e/include/zlib/gzread.c:607:13: warning: old-style function definition [-Wold-style-definition]
  607 | int ZEXPORT gzdirect(file)
      |             ^~~~~~~~
/root/.local/share/alire/builds/aws_24.0.0_2b75fe6d/a2fb2a4db19727974f173d38934ce569d23ddd914f2b7b8afdff57d173d7ff6e/include/zlib/gzread.c: In function 'gzclose_r':
/root/.local/share/alire/builds/aws_24.0.0_2b75fe6d/a2fb2a4db19727974f173d38934ce569d23ddd914f2b7b8afdff57d173d7ff6e/include/zlib/gzread.c:627:13: warning: old-style function definition [-Wold-style-definition]
  627 | int ZEXPORT gzclose_r(file)
      |             ^~~~~~~~~
   [C]            inftrees.c
/root/.local/share/alire/builds/aws_24.0.0_2b75fe6d/a2fb2a4db19727974f173d38934ce569d23ddd914f2b7b8afdff57d173d7ff6e/include/zlib/deflate.c: In function 'slide_hash':
/root/.local/share/alire/builds/aws_24.0.0_2b75fe6d/a2fb2a4db19727974f173d38934ce569d23ddd914f2b7b8afdff57d173d7ff6e/include/zlib/deflate.c:201:12: warning: old-style function definition [-Wold-style-definition]
  201 | local void slide_hash(s)
      |            ^~~~~~~~~~
/root/.local/share/alire/builds/aws_24.0.0_2b75fe6d/a2fb2a4db19727974f173d38934ce569d23ddd914f2b7b8afdff57d173d7ff6e/include/zlib/deflate.c: In function 'deflateInit_':
/root/.local/share/alire/builds/aws_24.0.0_2b75fe6d/a2fb2a4db19727974f173d38934ce569d23ddd914f2b7b8afdff57d173d7ff6e/include/zlib/deflate.c:228:13: warning: old-style function definition [-Wold-style-definition]
  228 | int ZEXPORT deflateInit_(strm, level, version, stream_size)
      |             ^~~~~~~~~~~~
/root/.local/share/alire/builds/aws_24.0.0_2b75fe6d/a2fb2a4db19727974f173d38934ce569d23ddd914f2b7b8afdff57d173d7ff6e/include/zlib/deflate.c: In function 'deflateInit2_':
/root/.local/share/alire/builds/aws_24.0.0_2b75fe6d/a2fb2a4db19727974f173d38934ce569d23ddd914f2b7b8afdff57d173d7ff6e/include/zlib/deflate.c:240:13: warning: old-style function definition [-Wold-style-definition]
  240 | int ZEXPORT deflateInit2_(strm, level, method, windowBits, memLevel, strategy,
      |             ^~~~~~~~~~~~~
/root/.local/share/alire/builds/aws_24.0.0_2b75fe6d/a2fb2a4db19727974f173d38934ce569d23ddd914f2b7b8afdff57d173d7ff6e/include/zlib/deflate.c: In function 'deflateStateCheck':
/root/.local/share/alire/builds/aws_24.0.0_2b75fe6d/a2fb2a4db19727974f173d38934ce569d23ddd914f2b7b8afdff57d173d7ff6e/include/zlib/deflate.c:353:11: warning: old-style function definition [-Wold-style-definition]
  353 | local int deflateStateCheck (strm)
      |           ^~~~~~~~~~~~~~~~~
/root/.local/share/alire/builds/aws_24.0.0_2b75fe6d/a2fb2a4db19727974f173d38934ce569d23ddd914f2b7b8afdff57d173d7ff6e/include/zlib/deflate.c: In function 'deflateSetDictionary':
/root/.local/share/alire/builds/aws_24.0.0_2b75fe6d/a2fb2a4db19727974f173d38934ce569d23ddd914f2b7b8afdff57d173d7ff6e/include/zlib/deflate.c:376:13: warning: old-style function definition [-Wold-style-definition]
  376 | int ZEXPORT deflateSetDictionary (strm, dictionary, dictLength)
      |             ^~~~~~~~~~~~~~~~~~~~
/root/.local/share/alire/builds/aws_24.0.0_2b75fe6d/a2fb2a4db19727974f173d38934ce569d23ddd914f2b7b8afdff57d173d7ff6e/include/zlib/deflate.c: In function 'deflateGetDictionary':
/root/.local/share/alire/builds/aws_24.0.0_2b75fe6d/a2fb2a4db19727974f173d38934ce569d23ddd914f2b7b8afdff57d173d7ff6e/include/zlib/deflate.c:445:13: warning: old-style function definition [-Wold-style-definition]
  445 | int ZEXPORT deflateGetDictionary (strm, dictionary, dictLength)
      |             ^~~~~~~~~~~~~~~~~~~~
/root/.local/share/alire/builds/aws_24.0.0_2b75fe6d/a2fb2a4db19727974f173d38934ce569d23ddd914f2b7b8afdff57d173d7ff6e/include/zlib/deflate.c: In function 'deflateResetKeep':
/root/.local/share/alire/builds/aws_24.0.0_2b75fe6d/a2fb2a4db19727974f173d38934ce569d23ddd914f2b7b8afdff57d173d7ff6e/include/zlib/deflate.c:467:13: warning: old-style function definition [-Wold-style-definition]
  467 | int ZEXPORT deflateResetKeep (strm)
      |             ^~~~~~~~~~~~~~~~
/root/.local/share/alire/builds/aws_24.0.0_2b75fe6d/a2fb2a4db19727974f173d38934ce569d23ddd914f2b7b8afdff57d173d7ff6e/include/zlib/deflate.c: In function 'deflateReset':
/root/.local/share/alire/builds/aws_24.0.0_2b75fe6d/a2fb2a4db19727974f173d38934ce569d23ddd914f2b7b8afdff57d173d7ff6e/include/zlib/deflate.c:505:13: warning: old-style function definition [-Wold-style-definition]
  505 | int ZEXPORT deflateReset (strm)
      |             ^~~~~~~~~~~~
/root/.local/share/alire/builds/aws_24.0.0_2b75fe6d/a2fb2a4db19727974f173d38934ce569d23ddd914f2b7b8afdff57d173d7ff6e/include/zlib/deflate.c: In function 'deflateSetHeader':
/root/.local/share/alire/builds/aws_24.0.0_2b75fe6d/a2fb2a4db19727974f173d38934ce569d23ddd914f2b7b8afdff57d173d7ff6e/include/zlib/deflate.c:517:13: warning: old-style function definition [-Wold-style-definition]
  517 | int ZEXPORT deflateSetHeader (strm, head)
      |             ^~~~~~~~~~~~~~~~
/root/.local/share/alire/builds/aws_24.0.0_2b75fe6d/a2fb2a4db19727974f173d38934ce569d23ddd914f2b7b8afdff57d173d7ff6e/include/zlib/deflate.c: In function 'deflatePending':
/root/.local/share/alire/builds/aws_24.0.0_2b75fe6d/a2fb2a4db19727974f173d38934ce569d23ddd914f2b7b8afdff57d173d7ff6e/include/zlib/deflate.c:528:13: warning: old-style function definition [-Wold-style-definition]
  528 | int ZEXPORT deflatePending (strm, pending, bits)
      |             ^~~~~~~~~~~~~~
/root/.local/share/alire/builds/aws_24.0.0_2b75fe6d/a2fb2a4db19727974f173d38934ce569d23ddd914f2b7b8afdff57d173d7ff6e/include/zlib/deflate.c: In function 'deflatePrime':
/root/.local/share/alire/builds/aws_24.0.0_2b75fe6d/a2fb2a4db19727974f173d38934ce569d23ddd914f2b7b8afdff57d173d7ff6e/include/zlib/deflate.c:542:13: warning: old-style function definition [-Wold-style-definition]
  542 | int ZEXPORT deflatePrime (strm, bits, value)
      |             ^~~~~~~~~~~~
/root/.local/share/alire/builds/aws_24.0.0_2b75fe6d/a2fb2a4db19727974f173d38934ce569d23ddd914f2b7b8afdff57d173d7ff6e/include/zlib/deflate.c: In function 'deflateParams':
/root/.local/share/alire/builds/aws_24.0.0_2b75fe6d/a2fb2a4db19727974f173d38934ce569d23ddd914f2b7b8afdff57d173d7ff6e/include/zlib/deflate.c:568:13: warning: old-style function definition [-Wold-style-definition]
  568 | int ZEXPORT deflateParams(strm, level, strategy)
      |             ^~~~~~~~~~~~~
/root/.local/share/alire/builds/aws_24.0.0_2b75fe6d/a2fb2a4db19727974f173d38934ce569d23ddd914f2b7b8afdff57d173d7ff6e/include/zlib/deflate.c: In function 'deflateTune':
/root/.local/share/alire/builds/aws_24.0.0_2b75fe6d/a2fb2a4db19727974f173d38934ce569d23ddd914f2b7b8afdff57d173d7ff6e/include/zlib/deflate.c:617:13: warning: old-style function definition [-Wold-style-definition]
  617 | int ZEXPORT deflateTune(strm, good_length, max_lazy, nice_length, max_chain)
      |             ^~~~~~~~~~~
/root/.local/share/alire/builds/aws_24.0.0_2b75fe6d/a2fb2a4db19727974f173d38934ce569d23ddd914f2b7b8afdff57d173d7ff6e/include/zlib/deflate.c: In function 'deflateBound':
/root/.local/share/alire/builds/aws_24.0.0_2b75fe6d/a2fb2a4db19727974f173d38934ce569d23ddd914f2b7b8afdff57d173d7ff6e/include/zlib/deflate.c:652:15: warning: old-style function definition [-Wold-style-definition]
  652 | uLong ZEXPORT deflateBound(strm, sourceLen)
      |               ^~~~~~~~~~~~
/root/.local/share/alire/builds/aws_24.0.0_2b75fe6d/a2fb2a4db19727974f173d38934ce569d23ddd914f2b7b8afdff57d173d7ff6e/include/zlib/deflate.c: In function 'putShortMSB':
/root/.local/share/alire/builds/aws_24.0.0_2b75fe6d/a2fb2a4db19727974f173d38934ce569d23ddd914f2b7b8afdff57d173d7ff6e/include/zlib/deflate.c:716:12: warning: old-style function definition [-Wold-style-definition]
  716 | local void putShortMSB (s, b)
      |            ^~~~~~~~~~~
/root/.local/share/alire/builds/aws_24.0.0_2b75fe6d/a2fb2a4db19727974f173d38934ce569d23ddd914f2b7b8afdff57d173d7ff6e/include/zlib/deflate.c: In function 'flush_pending':
/root/.local/share/alire/builds/aws_24.0.0_2b75fe6d/a2fb2a4db19727974f173d38934ce569d23ddd914f2b7b8afdff57d173d7ff6e/include/zlib/deflate.c:730:12: warning: old-style function definition [-Wold-style-definition]
  730 | local void flush_pending(strm)
      |            ^~~~~~~~~~~~~
/root/.local/share/alire/builds/aws_24.0.0_2b75fe6d/a2fb2a4db19727974f173d38934ce569d23ddd914f2b7b8afdff57d173d7ff6e/include/zlib/deflate.c: In function 'deflate':
/root/.local/share/alire/builds/aws_24.0.0_2b75fe6d/a2fb2a4db19727974f173d38934ce569d23ddd914f2b7b8afdff57d173d7ff6e/include/zlib/deflate.c:763:13: warning: old-style function definition [-Wold-style-definition]
  763 | int ZEXPORT deflate (strm, flush)
      |             ^~~~~~~
/root/.local/share/alire/builds/aws_24.0.0_2b75fe6d/a2fb2a4db19727974f173d38934ce569d23ddd914f2b7b8afdff57d173d7ff6e/include/zlib/deflate.c: In function 'deflateEnd':
/root/.local/share/alire/builds/aws_24.0.0_2b75fe6d/a2fb2a4db19727974f173d38934ce569d23ddd914f2b7b8afdff57d173d7ff6e/include/zlib/deflate.c:1076:13: warning: old-style function definition [-Wold-style-definition]
 1076 | int ZEXPORT deflateEnd (strm)
      |             ^~~~~~~~~~
/root/.local/share/alire/builds/aws_24.0.0_2b75fe6d/a2fb2a4db19727974f173d38934ce569d23ddd914f2b7b8afdff57d173d7ff6e/include/zlib/deflate.c: In function 'deflateCopy':
/root/.local/share/alire/builds/aws_24.0.0_2b75fe6d/a2fb2a4db19727974f173d38934ce569d23ddd914f2b7b8afdff57d173d7ff6e/include/zlib/deflate.c:1102:13: warning: old-style function definition [-Wold-style-definition]
 1102 | int ZEXPORT deflateCopy (dest, source)
      |             ^~~~~~~~~~~
/root/.local/share/alire/builds/aws_24.0.0_2b75fe6d/a2fb2a4db19727974f173d38934ce569d23ddd914f2b7b8afdff57d173d7ff6e/include/zlib/deflate.c: In function 'read_buf':
/root/.local/share/alire/builds/aws_24.0.0_2b75fe6d/a2fb2a4db19727974f173d38934ce569d23ddd914f2b7b8afdff57d173d7ff6e/include/zlib/deflate.c:1164:16: warning: old-style function definition [-Wold-style-definition]
 1164 | local unsigned read_buf(strm, buf, size)
      |                ^~~~~~~~
/root/.local/share/alire/builds/aws_24.0.0_2b75fe6d/a2fb2a4db19727974f173d38934ce569d23ddd914f2b7b8afdff57d173d7ff6e/include/zlib/deflate.c: In function 'lm_init':
/root/.local/share/alire/builds/aws_24.0.0_2b75fe6d/a2fb2a4db19727974f173d38934ce569d23ddd914f2b7b8afdff57d173d7ff6e/include/zlib/deflate.c:1194:12: warning: old-style function definition [-Wold-style-definition]
 1194 | local void lm_init (s)
      |            ^~~~~~~
/root/.local/share/alire/builds/aws_24.0.0_2b75fe6d/a2fb2a4db19727974f173d38934ce569d23ddd914f2b7b8afdff57d173d7ff6e/include/zlib/deflate.c: In function 'longest_match':
/root/.local/share/alire/builds/aws_24.0.0_2b75fe6d/a2fb2a4db19727974f173d38934ce569d23ddd914f2b7b8afdff57d173d7ff6e/include/zlib/deflate.c:1236:12: warning: old-style function definition [-Wold-style-definition]
 1236 | local uInt longest_match(s, cur_match)
      |            ^~~~~~~~~~~~~
/root/.local/share/alire/builds/aws_24.0.0_2b75fe6d/a2fb2a4db19727974f173d38934ce569d23ddd914f2b7b8afdff57d173d7ff6e/include/zlib/deflate.c: In function 'fill_window':
/root/.local/share/alire/builds/aws_24.0.0_2b75fe6d/a2fb2a4db19727974f173d38934ce569d23ddd914f2b7b8afdff57d173d7ff6e/include/zlib/deflate.c:1482:12: warning: old-style function definition [-Wold-style-definition]
 1482 | local void fill_window(s)
      |            ^~~~~~~~~~~
/root/.local/share/alire/builds/aws_24.0.0_2b75fe6d/a2fb2a4db19727974f173d38934ce569d23ddd914f2b7b8afdff57d173d7ff6e/include/zlib/deflate.c: In function 'deflate_stored':
/root/.local/share/alire/builds/aws_24.0.0_2b75fe6d/a2fb2a4db19727974f173d38934ce569d23ddd914f2b7b8afdff57d173d7ff6e/include/zlib/deflate.c:1643:19: warning: old-style function definition [-Wold-style-definition]
 1643 | local block_state deflate_stored(s, flush)
      |                   ^~~~~~~~~~~~~~
/root/.local/share/alire/builds/aws_24.0.0_2b75fe6d/a2fb2a4db19727974f173d38934ce569d23ddd914f2b7b8afdff57d173d7ff6e/include/zlib/deflate.c: In function 'deflate_fast':
/root/.local/share/alire/builds/aws_24.0.0_2b75fe6d/a2fb2a4db19727974f173d38934ce569d23ddd914f2b7b8afdff57d173d7ff6e/include/zlib/deflate.c:1824:19: warning: old-style function definition [-Wold-style-definition]
 1824 | local block_state deflate_fast(s, flush)
      |                   ^~~~~~~~~~~~
/root/.local/share/alire/builds/aws_24.0.0_2b75fe6d/a2fb2a4db19727974f173d38934ce569d23ddd914f2b7b8afdff57d173d7ff6e/include/zlib/deflate.c: In function 'deflate_slow':
/root/.local/share/alire/builds/aws_24.0.0_2b75fe6d/a2fb2a4db19727974f173d38934ce569d23ddd914f2b7b8afdff57d173d7ff6e/include/zlib/deflate.c:1926:19: warning: old-style function definition [-Wold-style-definition]
 1926 | local block_state deflate_slow(s, flush)
      |                   ^~~~~~~~~~~~
/root/.local/share/alire/builds/aws_24.0.0_2b75fe6d/a2fb2a4db19727974f173d38934ce569d23ddd914f2b7b8afdff57d173d7ff6e/include/zlib/deflate.c: In function 'deflate_rle':
/root/.local/share/alire/builds/aws_24.0.0_2b75fe6d/a2fb2a4db19727974f173d38934ce569d23ddd914f2b7b8afdff57d173d7ff6e/include/zlib/deflate.c:2057:19: warning: old-style function definition [-Wold-style-definition]
 2057 | local block_state deflate_rle(s, flush)
      |                   ^~~~~~~~~~~
/root/.local/share/alire/builds/aws_24.0.0_2b75fe6d/a2fb2a4db19727974f173d38934ce569d23ddd914f2b7b8afdff57d173d7ff6e/include/zlib/deflate.c: In function 'deflate_huff':
/root/.local/share/alire/builds/aws_24.0.0_2b75fe6d/a2fb2a4db19727974f173d38934ce569d23ddd914f2b7b8afdff57d173d7ff6e/include/zlib/deflate.c:2130:19: warning: old-style function definition [-Wold-style-definition]
 2130 | local block_state deflate_huff(s, flush)
      |                   ^~~~~~~~~~~~
/root/.local/share/alire/builds/aws_24.0.0_2b75fe6d/a2fb2a4db19727974f173d38934ce569d23ddd914f2b7b8afdff57d173d7ff6e/include/zlib/inftrees.c: In function 'inflate_table':
/root/.local/share/alire/builds/aws_24.0.0_2b75fe6d/a2fb2a4db19727974f173d38934ce569d23ddd914f2b7b8afdff57d173d7ff6e/include/zlib/inftrees.c:32:19: warning: old-style function definition [-Wold-style-definition]
   32 | int ZLIB_INTERNAL inflate_table(type, lens, codes, table, bits, work)
      |                   ^~~~~~~~~~~~~
/root/.local/share/alire/builds/aws_24.0.0_2b75fe6d/a2fb2a4db19727974f173d38934ce569d23ddd914f2b7b8afdff57d173d7ff6e/include/zlib/trees.c: In function '_tr_init':
/root/.local/share/alire/builds/aws_24.0.0_2b75fe6d/a2fb2a4db19727974f173d38934ce569d23ddd914f2b7b8afdff57d173d7ff6e/include/zlib/trees.c:379:20: warning: old-style function definition [-Wold-style-definition]
  379 | void ZLIB_INTERNAL _tr_init(s)
      |                    ^~~~~~~~
/root/.local/share/alire/builds/aws_24.0.0_2b75fe6d/a2fb2a4db19727974f173d38934ce569d23ddd914f2b7b8afdff57d173d7ff6e/include/zlib/trees.c: In function 'init_block':
/root/.local/share/alire/builds/aws_24.0.0_2b75fe6d/a2fb2a4db19727974f173d38934ce569d23ddd914f2b7b8afdff57d173d7ff6e/include/zlib/trees.c:407:12: warning: old-style function definition [-Wold-style-definition]
  407 | local void init_block(s)
      |            ^~~~~~~~~~
/root/.local/share/alire/builds/aws_24.0.0_2b75fe6d/a2fb2a4db19727974f173d38934ce569d23ddd914f2b7b8afdff57d173d7ff6e/include/zlib/trees.c: In function 'pqdownheap':
/root/.local/share/alire/builds/aws_24.0.0_2b75fe6d/a2fb2a4db19727974f173d38934ce569d23ddd914f2b7b8afdff57d173d7ff6e/include/zlib/trees.c:451:12: warning: old-style function definition [-Wold-style-definition]
  451 | local void pqdownheap(s, tree, k)
      |            ^~~~~~~~~~
/root/.local/share/alire/builds/aws_24.0.0_2b75fe6d/a2fb2a4db19727974f173d38934ce569d23ddd914f2b7b8afdff57d173d7ff6e/include/zlib/trees.c: In function 'gen_bitlen':
/root/.local/share/alire/builds/aws_24.0.0_2b75fe6d/a2fb2a4db19727974f173d38934ce569d23ddd914f2b7b8afdff57d173d7ff6e/include/zlib/trees.c:486:12: warning: old-style function definition [-Wold-style-definition]
  486 | local void gen_bitlen(s, desc)
      |            ^~~~~~~~~~
/root/.local/share/alire/builds/aws_24.0.0_2b75fe6d/a2fb2a4db19727974f173d38934ce569d23ddd914f2b7b8afdff57d173d7ff6e/include/zlib/trees.c: In function 'gen_codes':
/root/.local/share/alire/builds/aws_24.0.0_2b75fe6d/a2fb2a4db19727974f173d38934ce569d23ddd914f2b7b8afdff57d173d7ff6e/include/zlib/trees.c:572:12: warning: old-style function definition [-Wold-style-definition]
  572 | local void gen_codes (tree, max_code, bl_count)
      |            ^~~~~~~~~
/root/.local/share/alire/builds/aws_24.0.0_2b75fe6d/a2fb2a4db19727974f173d38934ce569d23ddd914f2b7b8afdff57d173d7ff6e/include/zlib/trees.c: In function 'build_tree':
/root/.local/share/alire/builds/aws_24.0.0_2b75fe6d/a2fb2a4db19727974f173d38934ce569d23ddd914f2b7b8afdff57d173d7ff6e/include/zlib/trees.c:615:12: warning: old-style function definition [-Wold-style-definition]
  615 | local void build_tree(s, desc)
      |            ^~~~~~~~~~
/root/.local/share/alire/builds/aws_24.0.0_2b75fe6d/a2fb2a4db19727974f173d38934ce569d23ddd914f2b7b8afdff57d173d7ff6e/include/zlib/trees.c: In function 'scan_tree':
/root/.local/share/alire/builds/aws_24.0.0_2b75fe6d/a2fb2a4db19727974f173d38934ce569d23ddd914f2b7b8afdff57d173d7ff6e/include/zlib/trees.c:703:12: warning: old-style function definition [-Wold-style-definition]
  703 | local void scan_tree (s, tree, max_code)
      |            ^~~~~~~~~
/root/.local/share/alire/builds/aws_24.0.0_2b75fe6d/a2fb2a4db19727974f173d38934ce569d23ddd914f2b7b8afdff57d173d7ff6e/include/zlib/trees.c: In function 'send_tree':
/root/.local/share/alire/builds/aws_24.0.0_2b75fe6d/a2fb2a4db19727974f173d38934ce569d23ddd914f2b7b8afdff57d173d7ff6e/include/zlib/trees.c:748:12: warning: old-style function definition [-Wold-style-definition]
  748 | local void send_tree (s, tree, max_code)
      |            ^~~~~~~~~
/root/.local/share/alire/builds/aws_24.0.0_2b75fe6d/a2fb2a4db19727974f173d38934ce569d23ddd914f2b7b8afdff57d173d7ff6e/include/zlib/trees.c: In function 'build_bl_tree':
/root/.local/share/alire/builds/aws_24.0.0_2b75fe6d/a2fb2a4db19727974f173d38934ce569d23ddd914f2b7b8afdff57d173d7ff6e/include/zlib/trees.c:799:11: warning: old-style function definition [-Wold-style-definition]
  799 | local int build_bl_tree(s)
      |           ^~~~~~~~~~~~~
/root/.local/share/alire/builds/aws_24.0.0_2b75fe6d/a2fb2a4db19727974f173d38934ce569d23ddd914f2b7b8afdff57d173d7ff6e/include/zlib/trees.c: In function 'send_all_trees':
/root/.local/share/alire/builds/aws_24.0.0_2b75fe6d/a2fb2a4db19727974f173d38934ce569d23ddd914f2b7b8afdff57d173d7ff6e/include/zlib/trees.c:834:12: warning: old-style function definition [-Wold-style-definition]
  834 | local void send_all_trees(s, lcodes, dcodes, blcodes)
      |            ^~~~~~~~~~~~~~
/root/.local/share/alire/builds/aws_24.0.0_2b75fe6d/a2fb2a4db19727974f173d38934ce569d23ddd914f2b7b8afdff57d173d7ff6e/include/zlib/trees.c: In function '_tr_stored_block':
/root/.local/share/alire/builds/aws_24.0.0_2b75fe6d/a2fb2a4db19727974f173d38934ce569d23ddd914f2b7b8afdff57d173d7ff6e/include/zlib/trees.c:863:20: warning: old-style function definition [-Wold-style-definition]
  863 | void ZLIB_INTERNAL _tr_stored_block(s, buf, stored_len, last)
      |                    ^~~~~~~~~~~~~~~~
/root/.local/share/alire/builds/aws_24.0.0_2b75fe6d/a2fb2a4db19727974f173d38934ce569d23ddd914f2b7b8afdff57d173d7ff6e/include/zlib/trees.c: In function '_tr_flush_bits':
/root/.local/share/alire/builds/aws_24.0.0_2b75fe6d/a2fb2a4db19727974f173d38934ce569d23ddd914f2b7b8afdff57d173d7ff6e/include/zlib/trees.c:886:20: warning: old-style function definition [-Wold-style-definition]
  886 | void ZLIB_INTERNAL _tr_flush_bits(s)
      |                    ^~~~~~~~~~~~~~
/root/.local/share/alire/builds/aws_24.0.0_2b75fe6d/a2fb2a4db19727974f173d38934ce569d23ddd914f2b7b8afdff57d173d7ff6e/include/zlib/trees.c: In function '_tr_align':
/root/.local/share/alire/builds/aws_24.0.0_2b75fe6d/a2fb2a4db19727974f173d38934ce569d23ddd914f2b7b8afdff57d173d7ff6e/include/zlib/trees.c:896:20: warning: old-style function definition [-Wold-style-definition]
  896 | void ZLIB_INTERNAL _tr_align(s)
      |                    ^~~~~~~~~
/root/.local/share/alire/builds/aws_24.0.0_2b75fe6d/a2fb2a4db19727974f173d38934ce569d23ddd914f2b7b8afdff57d173d7ff6e/include/zlib/trees.c: In function '_tr_flush_block':
/root/.local/share/alire/builds/aws_24.0.0_2b75fe6d/a2fb2a4db19727974f173d38934ce569d23ddd914f2b7b8afdff57d173d7ff6e/include/zlib/trees.c:911:20: warning: old-style function definition [-Wold-style-definition]
  911 | void ZLIB_INTERNAL _tr_flush_block(s, buf, stored_len, last)
      |                    ^~~~~~~~~~~~~~~
/root/.local/share/alire/builds/aws_24.0.0_2b75fe6d/a2fb2a4db19727974f173d38934ce569d23ddd914f2b7b8afdff57d173d7ff6e/include/zlib/trees.c: In function '_tr_tally':
/root/.local/share/alire/builds/aws_24.0.0_2b75fe6d/a2fb2a4db19727974f173d38934ce569d23ddd914f2b7b8afdff57d173d7ff6e/include/zlib/trees.c:1014:19: warning: old-style function definition [-Wold-style-definition]
 1014 | int ZLIB_INTERNAL _tr_tally (s, dist, lc)
      |                   ^~~~~~~~~
/root/.local/share/alire/builds/aws_24.0.0_2b75fe6d/a2fb2a4db19727974f173d38934ce569d23ddd914f2b7b8afdff57d173d7ff6e/include/zlib/trees.c: In function 'compress_block':
/root/.local/share/alire/builds/aws_24.0.0_2b75fe6d/a2fb2a4db19727974f173d38934ce569d23ddd914f2b7b8afdff57d173d7ff6e/include/zlib/trees.c:1064:12: warning: old-style function definition [-Wold-style-definition]
 1064 | local void compress_block(s, ltree, dtree)
      |            ^~~~~~~~~~~~~~
/root/.local/share/alire/builds/aws_24.0.0_2b75fe6d/a2fb2a4db19727974f173d38934ce569d23ddd914f2b7b8afdff57d173d7ff6e/include/zlib/trees.c: In function 'detect_data_type':
/root/.local/share/alire/builds/aws_24.0.0_2b75fe6d/a2fb2a4db19727974f173d38934ce569d23ddd914f2b7b8afdff57d173d7ff6e/include/zlib/trees.c:1124:11: warning: old-style function definition [-Wold-style-definition]
 1124 | local int detect_data_type(s)
      |           ^~~~~~~~~~~~~~~~
/root/.local/share/alire/builds/aws_24.0.0_2b75fe6d/a2fb2a4db19727974f173d38934ce569d23ddd914f2b7b8afdff57d173d7ff6e/include/zlib/trees.c: In function 'bi_reverse':
/root/.local/share/alire/builds/aws_24.0.0_2b75fe6d/a2fb2a4db19727974f173d38934ce569d23ddd914f2b7b8afdff57d173d7ff6e/include/zlib/trees.c:1158:16: warning: old-style function definition [-Wold-style-definition]
 1158 | local unsigned bi_reverse(code, len)
      |                ^~~~~~~~~~
/root/.local/share/alire/builds/aws_24.0.0_2b75fe6d/a2fb2a4db19727974f173d38934ce569d23ddd914f2b7b8afdff57d173d7ff6e/include/zlib/trees.c: In function 'bi_flush':
/root/.local/share/alire/builds/aws_24.0.0_2b75fe6d/a2fb2a4db19727974f173d38934ce569d23ddd914f2b7b8afdff57d173d7ff6e/include/zlib/trees.c:1173:12: warning: old-style function definition [-Wold-style-definition]
 1173 | local void bi_flush(s)
      |            ^~~~~~~~
/root/.local/share/alire/builds/aws_24.0.0_2b75fe6d/a2fb2a4db19727974f173d38934ce569d23ddd914f2b7b8afdff57d173d7ff6e/include/zlib/trees.c: In function 'bi_windup':
/root/.local/share/alire/builds/aws_24.0.0_2b75fe6d/a2fb2a4db19727974f173d38934ce569d23ddd914f2b7b8afdff57d173d7ff6e/include/zlib/trees.c:1190:12: warning: old-style function definition [-Wold-style-definition]
 1190 | local void bi_windup(s)
      |            ^~~~~~~~~
Build Libraries
   [gprlib]       z.lexch
   [gprlib]       xmlada_unicode.lexch
   [archive]      libz.a
   [gprlib]       xmlada_input_sources.lexch
   [index]        libz.a
   [archive]      libxmlada_unicode.a
   [index]        libxmlada_unicode.a
   [gprlib]       xmlada_sax.lexch
   [archive]      libxmlada_input_sources.a
   [index]        libxmlada_input_sources.a
   [gprlib]       xmlada_dom.lexch
   [archive]      libxmlada_sax.a
   [index]        libxmlada_sax.a
   [gprlib]       xmlada_schema.lexch
   [archive]      libxmlada_dom.a
   [index]        libxmlada_dom.a
   [gprlib]       gpr.lexch
   [archive]      libxmlada_schema.a
   [index]        libxmlada_schema.a
   [gprlib]       gnatcoll.lexch
   [archive]      libgpr.a
   [index]        libgpr.a
   [gprlib]       aws_ssl.lexch
   [archive]      libgnatcoll.a
   [index]        libgnatcoll.a
   [archive]      libaws_ssl.a
   [gprlib]       aws.lexch
   [index]        libaws_ssl.a
   [archive]      libaws.a
   [index]        libaws.a
Bind
   [gprbind]      awsres.bexch
   [Ada]          awsres.ali
Link
   [link]         awsres.adb
make[1]: Entering directory '/root/.local/share/alire/builds/aws_24.0.0_2b75fe6d/a2fb2a4db19727974f173d38934ce569d23ddd914f2b7b8afdff57d173d7ff6e/tools/wsdl2aws-templates'
../../.build/x86_64-pc-linux-gnu/debug/static/tools/awsres \
  -r wsdl2aws_templates \
  -o ../../.build/x86_64-pc-linux-gnu/common/src \
  *.tad[sb] *.macros
AWSRes - Resource Creator v1.3

creating s-main.tadb...
  -> registered
creating s-name-space-pkg.tads.
  -> registered
creating s-root.tads..
  -> registered
creating s-skel-cb.tadb....
  -> registered
creating s-skel-cb.tads.
  -> registered
creating s-skel.tadb....................
  -> registered
creating s-skel.tads...
  -> registered
creating s-stub-types.tads.
  -> registered
creating s-stub.tadb................
  -> registered
creating s-stub.tads.....
  -> registered
creating s-type-array-types.tads......
  -> registered
creating s-type-array.tads...............
  -> registered
creating s-type-derived-types.tads.......
  -> registered
creating s-type-derived.tads..........
  -> registered
creating s-type-enum-types.tads..
  -> registered
creating s-type-enum.tadb.
  -> registered
creating s-type-enum.tads....
  -> registered
creating s-type-record-types.tads...
  -> registered
creating s-type-record.tadb.......................
  -> registered
creating s-type-record.tads.......
  -> registered
creating s-types.tadb.
  -> registered
creating s-types.tads...
  -> registered
creating s-common.macros......
  -> registered
make[1]: Leaving directory '/root/.local/share/alire/builds/aws_24.0.0_2b75fe6d/a2fb2a4db19727974f173d38934ce569d23ddd914f2b7b8afdff57d173d7ff6e/tools/wsdl2aws-templates'
Compile
   [Ada]          aws_password.adb
   [Ada]          templates2ada.adb
   [Ada]          webxref.adb
   [Ada]          templatespp.adb
Bind
   [gprbind]      awsres.bexch
   [Ada]          awsres.ali
   [gprbind]      aws_password.bexch
   [Ada]          aws_password.ali
   [gprbind]      templates2ada.bexch
   [Ada]          templates2ada.ali
   [gprbind]      webxref.bexch
   [Ada]          webxref.ali
   [gprbind]      templatespp.bexch
   [Ada]          templatespp.ali
Link
   [link]         awsres.adb
   [link]         aws_password.adb
   [link]         templates2ada.adb
   [link]         webxref.adb
   [link]         templatespp.adb
Setup
   [mkdir]        object directory for project GPS_Support
   [mkdir]        exec directory for project GPS_Support
Compile
   [Ada]          gen_gps_ref.adb
Bind
   [gprbind]      gen_gps_ref.bexch
   [Ada]          gen_gps_ref.ali
Link
   [link]         gen_gps_ref.adb
make[1]: Entering directory '/root/.local/share/alire/builds/aws_24.0.0_2b75fe6d/a2fb2a4db19727974f173d38934ce569d23ddd914f2b7b8afdff57d173d7ff6e/gps'
make[1]: Leaving directory '/root/.local/share/alire/builds/aws_24.0.0_2b75fe6d/a2fb2a4db19727974f173d38934ce569d23ddd914f2b7b8afdff57d173d7ff6e/gps'
Install project AWS - static
Install project Tools - static
Note: Building yass=3.1.0/yass.gpr...
Setup
   [mkdir]        object directory for project Yass
   [mkdir]        exec directory for project Yass
Compile
   [Ada]          yass.adb
   [Ada]          schema-readers.adb
   [Ada]          schema-simple_types.adb
   [Ada]          schema-decimal.adb
   [Ada]          schema-validators.adb
   [Ada]          schema-schema_readers.adb
   [Ada]          schema.adb
   [Ada]          schema-date_time.adb
   [Ada]          schema-validators-xsd_grammar.adb
   [Ada]          schema-dom_readers.adb
   [Ada]          dom-core-documents.adb
   [Ada]          dom-core-attrs.adb
   [Ada]          dom-readers.adb
   [Ada]          dom-core-entity_references.ads
   [Ada]          dom-core-document_fragments.ads
   [Ada]          dom-core-nodes.adb
   [Ada]          dom.ads
   [Ada]          dom-core-texts.adb
   [Ada]          dom-core-notations.adb
   [Ada]          dom-core-elements.adb
   [Ada]          dom-core-processing_instructions.ads
   [Ada]          dom-core.adb
   [Ada]          dom-core-comments.ads
   [Ada]          dom-core-character_datas.adb
   [Ada]          dom-core-document_types.adb
   [Ada]          dom-core-cdata_sections.ads
   [Ada]          input_sources-strings.adb
   [Ada]          input_sources-socket.adb
   [Ada]          input_sources.adb
   [Ada]          input_sources-file.adb
   [Ada]          input_sources-http.adb
   [Ada]          sax-pointers.adb
   [Ada]          sax-readers.adb
   [Ada]          sax.ads
   [Ada]          sax-htable.adb
   [Ada]          sax-attributes.adb
   [Ada]          sax-exceptions.adb
   [Ada]          sax-encodings.ads
   [Ada]          sax-models.adb
   [Ada]          sax-symbols.adb
   [Ada]          sax-state_machines.adb
   [Ada]          sax-locators.adb
   [Ada]          sax-utils.adb
   [Ada]          unicode-names-counting_rod_numerals.ads
   [Ada]          unicode-names-cjk_letters_months.ads
   [Ada]          unicode-names-tirhuta.ads
   [Ada]          unicode-names-coptic.ads
   [Ada]          unicode-names-meroitic_hieroglyphs.ads
   [Ada]          unicode-names-sutton_signwriting.ads
   [Ada]          unicode-names-latin_extended_a.ads
   [Ada]          unicode-names-psalter_pahlavi.ads
   [Ada]          unicode-names-miscellaneous_technical.ads
   [Ada]          unicode-names-combining_diacritical_ext.ads
   [Ada]          unicode-names-thai.ads
   [Ada]          unicode-names-vai.ads
   [Ada]          unicode-names-enclosed_alphanumerics.ads
   [Ada]          unicode-names-cyrillic_extended_b.ads
   [Ada]          unicode-names-lydian.ads
   [Ada]          unicode-encodings.adb
   [Ada]          unicode-names-domino_tiles.ads
   [Ada]          unicode-names-combining_half_marks.ads
   [Ada]          unicode-names-bassa_vah.ads
   [Ada]          unicode-names-anatolian_hieroglyphs.ads
   [Ada]          unicode-names-supplemental_arrows_b.ads
   [Ada]          unicode-names-arabic_extended_a.ads
   [Ada]          unicode-names-sinhala.ads
   [Ada]          unicode-names-hangul_jamo_extended_b.ads
   [Ada]          unicode-names-byzantine_musical_symbols.ads
   [Ada]          unicode-names-misc_math_symbols_a.ads
   [Ada]          unicode-names-hebrew.ads
   [Ada]          unicode-names-ornamental_dingbats.ads
   [Ada]          unicode-names-cherokee.ads
   [Ada]          unicode-names-nko.ads
   [Ada]          unicode-names-braille_patterns.ads
   [Ada]          unicode-names-meetei_mayek_extensions.ads
   [Ada]          unicode-names-mongolian.ads
   [Ada]          unicode-names-rumi_numeral_symbols.ads
   [Ada]          unicode-names-katakana.ads
   [Ada]          unicode-names-palmyrene.ads
   [Ada]          unicode-names-cuneiform_num_punctuation.ads
   [Ada]          unicode-names-cjk_compatibility.ads
   [Ada]          unicode-names-mro.ads
   [Ada]          unicode.adb
   [Ada]          unicode-names-math_alphanumeric_symb.ads
   [Ada]          unicode-names-bopomofo.ads
   [Ada]          unicode-names-spacing_modifier_letters.ads
   [Ada]          unicode-names-combining_diacritical_sym.ads
   [Ada]          unicode-names-rejang.ads
   [Ada]          unicode-names-supplemental_punctuation.ads
   [Ada]          unicode-names-cjk_compat_ideo_sup.ads
   [Ada]          unicode-names-musical_symbols.ads
   [Ada]          unicode-names-avestan.ads
   [Ada]          unicode-names-new_tai_lue.ads
   [Ada]          unicode-names-control_pictures.ads
   [Ada]          unicode-names-myanmar_extended_a.ads
   [Ada]          unicode-names-playing_cards.ads
   [Ada]          unicode-names-yi_syllables.ads
   [Ada]          unicode-names-siddham.ads
   [Ada]          unicode-names-lycian.ads
   [Ada]          unicode-names-hangul_jamo_extended_a.ads
   [Ada]          unicode-names-specials.ads
   [Ada]          unicode-names-cyrillic.ads
   [Ada]          unicode-names-alpha_presentation_forms.ads
   [Ada]          unicode-names-linear_b_ideograms.ads
   [Ada]          unicode-names-old_persian.ads
   [Ada]          unicode-names-transport_and_map_symbols.ads
   [Ada]          unicode-names-meetei_mayek.ads
   [Ada]          unicode-names-myanmar_extended_b.ads
   [Ada]          unicode-names-malayalam.ads
   [Ada]          unicode-names-syriac.ads
   [Ada]          unicode-names-sinhala_archaic_numbers.ads
   [Ada]          unicode-names-ancient_symbols.ads
   [Ada]          unicode-names-armenian.ads
   [Ada]          unicode-names-phonetic_ext_sup.ads
   [Ada]          unicode-names-bengali.ads
   [Ada]          unicode-names-pahawh_hmong.ads
   [Ada]          unicode-names-kayah_li.ads
   [Ada]          unicode-names-chakma.ads
   [Ada]          unicode-names-saurashtra.ads
   [Ada]          unicode-names-devanagari.ads
   [Ada]          unicode-names-cherokee_supplement.ads
   [Ada]          unicode-names-imperial_aramaic.ads
   [Ada]          unicode-names-buhid.ads
   [Ada]          unicode-names-modi.ads
   [Ada]          unicode-names-gujarati.ads
   [Ada]          unicode-names-letterlike_symbols.ads
   [Ada]          unicode-names-common_indic_number_forms.ads
   [Ada]          unicode-ces.adb
   [Ada]          unicode-ccs-iso_8859_15.adb
   [Ada]          unicode-names-khmer.ads
   [Ada]          unicode-names-bopomofo_extended.ads
   [Ada]          unicode-ccs-windows_1251.adb
   [Ada]          unicode-names-inscriptional_pahlavi.ads
   [Ada]          unicode-names-latin_extended_e.ads
   [Ada]          unicode-names-greek_and_coptic.ads
   [Ada]          unicode-names-small_form_variants.ads
   [Ada]          unicode-names-old_italic.ads
   [Ada]          unicode-names-miscellaneous_symbols.ads
   [Ada]          unicode-names-cjk_compatibility_forms.ads
   [Ada]          unicode-names-syloti_nagri.ads
   [Ada]          unicode-names-latin_extended_c.ads
   [Ada]          unicode-names-ogham.ads
   [Ada]          unicode-names-ancient_greek_music.ads
   [Ada]          unicode-names-javanese.ads
   [Ada]          unicode-names-canadian_aboriginal.ads
   [Ada]          unicode-names-combining_diacritical_sup.ads
   [Ada]          unicode-names-cham.ads
   [Ada]          unicode-names-arabic_present_formsa.ads
   [Ada]          unicode-names-early_dynastic_cuneiform.ads
   [Ada]          unicode-names-arabic_present_formsb.ads
   [Ada]          unicode-names-balinese.ads
   [Ada]          unicode-names-variation_selectors_sup.ads
   [Ada]          unicode-names-cypriot_syllabary.ads
   [Ada]          unicode-names-egyptian_hieroglyphs.ads
   [Ada]          unicode-names-telugu.ads
   [Ada]          unicode-names-ideograph_descr_chars.ads
   [Ada]          unicode-names-mahjong_tiles.ads
   [Ada]          unicode-names-geometric_shapes.ads
   [Ada]          unicode-names-old_north_arabian.ads
   [Ada]          unicode-ces-utf16.adb
   [Ada]          unicode-names-cyrillic_extended_a.ads
   [Ada]          unicode-names-nabataean.ads
   [Ada]          unicode-names-yijing_hexagram_symbols.ads
   [Ada]          unicode-names-ugaritic.ads
   [Ada]          unicode-names-tamil.ads
   [Ada]          unicode-names-sundanese.ads
   [Ada]          unicode-names-inscriptional_parthian.ads
   [Ada]          unicode-names-latin_extended_additional.ads
   [Ada]          unicode-names-elbasan.ads
   [Ada]          unicode-names-hangul_compatibility_jamo.ads
   [Ada]          unicode-names-greek_extended.ads
   [Ada]          unicode-names-cyrillic_supplement.ads
   [Ada]          unicode-names-cuneiform.ads
   [Ada]          unicode-names-number_forms.ads
   [Ada]          unicode-names-mandaic.ads
   [Ada]          unicode-names-gurmukhi.ads
   [Ada]          unicode-names-meroitic_cursive.ads
   [Ada]          unicode-names-hanunoo.ads
   [Ada]          unicode-ccs-iso_8859_3.adb
   [Ada]          unicode-names-combining_diacritical.ads
   [Ada]          unicode-names-linear_b_syllabary.ads
   [Ada]          unicode-names-arrows.ads
   [Ada]          unicode-names-carian.ads
   [Ada]          unicode-names-tagalog.ads
   [Ada]          unicode-names-lepcha.ads
   [Ada]          unicode-names-thaana.ads
   [Ada]          unicode-names-sharada.ads
   [Ada]          unicode-names-block_elements.ads
   [Ada]          unicode-names-aegean_numbers.ads
   [Ada]          unicode-names-pau_cin_hau.ads
   [Ada]          unicode-names-ethiopic.ads
   [Ada]          unicode-names-duployan.ads
   [Ada]          unicode-names-bamum_supplement.ads
   [Ada]          unicode-names-kanbun.ads
   [Ada]          unicode-names-general_punctuation.ads
   [Ada]          unicode-names-ol_chiki.ads
   [Ada]          unicode-names-hangul_jamo.ads
   [Ada]          unicode-names-basic_latin.ads
   [Ada]          unicode-names-osmanya.ads
   [Ada]          unicode-names-ancient_greek_numbers.ads
   [Ada]          unicode-names-sora_sompeng.ads
   [Ada]          unicode-names-ethiopic_supplement.ads
   [Ada]          unicode-names-miao.ads
   [Ada]          unicode-names-brahmi.ads
   [Ada]          unicode-names-gothic.ads
   [Ada]          unicode-names-grantha.ads
   [Ada]          unicode-names-canadian_aboriginal_ext.ads
   [Ada]          unicode-names-ipa_extensions.ads
   [Ada]          unicode-names-half_full_width_forms.ads
   [Ada]          unicode-names.ads
   [Ada]          unicode-names-enclosed_alphanum_sup.ads
   [Ada]          unicode-names-phaistos_disc.ads
   [Ada]          unicode-names-misc_math_symbols_b.ads
   [Ada]          unicode-names-mahajani.ads
   [Ada]          unicode-names-latin_extended_b.ads
   [Ada]          unicode-names-warang_citi.ads
   [Ada]          unicode-names-khojki.ads
   [Ada]          unicode-names-hiragana.ads
   [Ada]          unicode-names-supplemental_arrows_c.ads
   [Ada]          unicode-names-sup_symbols_pictographs.ads
   [Ada]          unicode-names-old_hungarian.ads
   [Ada]          unicode-names-optical_chars_recognition.ads
   [Ada]          unicode-names-kana_supplement.ads
   [Ada]          unicode-names-phonetic_extensions.ads
   [Ada]          unicode-names-old_south_arabian.ads
   [Ada]          unicode-names-bamum.ads
   [Ada]          unicode-names-cjk_symbols_and_punct.ads
   [Ada]          unicode-names-variation_selectors.ads
   [Ada]          unicode-names-vertical_forms.ads
   [Ada]          unicode-names-ahom.ads
   [Ada]          unicode-names-katakana_phonetic_ext.ads
   [Ada]          unicode-names-tags.ads
   [Ada]          unicode-names-tibetan.ads
   [Ada]          unicode-ccs-iso_8859_1.adb
   [Ada]          unicode-names-kaithi.ads
   [Ada]          unicode-names-oriya.ads
   [Ada]          unicode-names-old_turkic.ads
   [Ada]          unicode-names-alchemical_symbols.ads
   [Ada]          unicode-names-tai_xuan_jing_symbols.ads
   [Ada]          unicode-names-modifier_tone_letters.ads
   [Ada]          unicode-names-mende_kikakui.ads
   [Ada]          unicode-names-tifinagh.ads
   [Ada]          unicode-names-lao.ads
   [Ada]          unicode-ccs-iso_8859_4.adb
   [Ada]          unicode-names-tai_tham.ads
   [Ada]          unicode-names-manichaean.ads
   [Ada]          unicode-names-lisu.ads
   [Ada]          unicode-names-runic.ads
   [Ada]          unicode-names-old_permic.ads
   [Ada]          unicode-names-kharoshthi.ads
   [Ada]          unicode-names-super_and_sub_scripts.ads
   [Ada]          unicode-names-multani.ads
   [Ada]          unicode-names-buginese.ads
   [Ada]          unicode-names-phoenician.ads
   [Ada]          unicode-names-tagbanwa.ads
   [Ada]          unicode-names-glagolitic.ads
   [Ada]          unicode-names-sup_math_operators.ads
   [Ada]          unicode-names-coptic_epact_numbers.ads
   [Ada]          unicode-names-enclosed_ideographic_sup.ads
   [Ada]          unicode-names-shorthand_format_controls.ads
   [Ada]          unicode-names-georgian.ads
   [Ada]          unicode-names-geometric_shapes_extended.ads
   [Ada]          unicode-names-misc_symbols_and_arrows.ads
   [Ada]          unicode-names-vedic_extensions.ads
   [Ada]          unicode-ccs-iso_8859_2.adb
   [Ada]          unicode-names-khmer_symbols.ads
   [Ada]          unicode-names-kannada.ads
   [Ada]          unicode-names-yi_radicals.ads
   [Ada]          unicode-names-takri.ads
   [Ada]          unicode-names-batak.ads
   [Ada]          unicode-ccs-windows_1252.adb
   [Ada]          unicode-names-linear_a.ads
   [Ada]          unicode-names-ethiopic_extended.ads
   [Ada]          unicode-names-arabic_supplement.ads
   [Ada]          unicode-names-myanmar.ads
   [Ada]          unicode-names-sundanese_supplement.ads
   [Ada]          unicode-names-mathematical_operators.ads
   [Ada]          unicode-names-currency_symbols.ads
   [Ada]          unicode-names-tai_viet.ads
   [Ada]          unicode-names-supplemental_arrows_a.ads
   [Ada]          unicode-names-deseret.ads
   [Ada]          unicode-names-shavian.ads
   [Ada]          unicode-names-cjk_compat_ideographs.ads
   [Ada]          unicode-names-arabic_math_alpha_symb.ads
   [Ada]          unicode-names-ethiopic_extended_a.ads
   [Ada]          unicode-names-box_drawing.ads
   [Ada]          unicode-ces-utf8.adb
   [Ada]          unicode-names-kangxi_radicals.ads
   [Ada]          unicode-names-limbu.ads
   [Ada]          unicode-ccs.adb
   [Ada]          unicode-names-latin_1_supplement.ads
   [Ada]          unicode-names-tai_le.ads
   [Ada]          unicode-names-hatran.ads
   [Ada]          unicode-names-dingbats.ads
   [Ada]          unicode-names-cjk_radicals_supplement.ads
   [Ada]          unicode-names-khudawadi.ads
   [Ada]          unicode-names-emoticons.ads
   [Ada]          unicode-names-misc_symbols_pictographs.ads
   [Ada]          unicode-names-latin_extended_d.ads
   [Ada]          unicode-names-samaritan.ads
   [Ada]          unicode-names-caucasian_albanian.ads
   [Ada]          unicode-ces-basic_8bit.adb
   [Ada]          unicode-names-devanagari_extended.ads
   [Ada]          unicode-names-phags_pa.ads
   [Ada]          unicode-names-arabic.ads
   [Ada]          unicode-names-cjk_strokes.ads
   [Ada]          unicode-names-georgian_supplement.ads
   [Ada]          unicode-ces-utf32.adb
   [C]            gpr_imports.c
   [Ada]          gpr-ali.adb
   [Ada]          gpr-tempdir.adb
   [Ada]          gpr-pp.adb
   [Ada]          gpr-proc.adb
   [Ada]          gpr-sdefault.adb
gpr-sdefault.adb:29:06: warning: "System.OS_Constants" is an internal GNAT unit [-gnatwi]
gpr-sdefault.adb:29:06: warning: use of this unit is non-portable and version-dependent [-gnatwi]
   [Ada]          gpr-compilation-process.adb
   [Ada]          gpr-names.adb
   [Ada]          gpr-nmsc.adb
   [Ada]          gpr-script.adb
   [Ada]          gpr-debug.adb
   [Ada]          gpr-knowledge.adb
   [Ada]          gpr-conf.adb
   [Ada]          gpr-sinput.adb
   [Ada]          gpr-erroutc.adb
   [Ada]          gpr-output.adb
   [Ada]          gpr-cset.adb
   [Ada]          gpr-part.adb
   [Ada]          gpr-tree.adb
   [Ada]          gpr-jobserver.adb
   [Ada]          gpr-com.ads
   [Ada]          gpr-ext.adb
   [Ada]          gpr-attr-pm.adb
   [Ada]          gpr-strt.adb
   [Ada]          gpr-env.adb
   [Ada]          gpr-compilation-sync.adb
   [Ada]          gpr-dect.adb
   [Ada]          gpr-compilation-process-waiter.adb
   [Ada]          gpr-err.adb
   [Ada]          gpr-compilation-slave.adb
   [Ada]          gpr-scans.adb
   [Ada]          gpr-compilation.adb
   [Ada]          gpr-osint.adb
gpr-osint.adb:30:06: warning: "System.CRTL" is an internal GNAT unit [-gnatwi]
gpr-osint.adb:30:06: warning: use of this unit is non-portable and version-dependent [-gnatwi]
gpr-osint.adb:31:06: warning: "System.OS_Constants" is an internal GNAT unit [-gnatwi]
gpr-osint.adb:31:06: warning: use of this unit is non-portable and version-dependent [-gnatwi]
   [Ada]          gpr-snames.adb
   [Ada]          gpr-opt.ads
   [Ada]          gpr.adb
   [Ada]          gpr-version.adb
   [Ada]          gpr-compilation-protocol.adb
   [Ada]          gpr-util.adb
   [Ada]          gpr-attr.adb
   [Ada]          gpr-util-aux.adb
   [Ada]          gpr_build_util.adb
   [C]            process-wrappers.c
   [C]            libc-wrappers.c
   [C]            gnatcoll_support.c
   [C]            executable_path.c
   [C]            set_std_prefix.c
   [C]            getRSS.c
   [C]            update_path.c
   [C]            link_max.c
   [C]            objlist_file.c
   [C]            separate_run_path_option.c
   [C]            run_path_option.c
   [C]            terminals.c
   [Ada]          gnatcoll-os-libc-stat.ads
   [Ada]          gnatcoll-os-libc-dirent.ads
   [Ada]          gnatcoll-os-libc.ads
   [Ada]          gnatcoll-os-libc-spawn.ads
   [Ada]          gnatcoll-paragraph_filling-words.adb
   [Ada]          gnatcoll-paragraph_filling-badnesses.adb
   [Ada]          gnatcoll-paragraph_filling.adb
   [Ada]          gnatcoll-os-process.adb
   [Ada]          gnatcoll-os-fs.adb
   [Ada]          gnatcoll-os-dir.adb
   [Ada]          gnatcoll-os-stat.adb
   [Ada]          gnatcoll-os.ads
   [Ada]          gnatcoll-os-fsutil.adb
   [Ada]          gnatcoll-email-utils.adb
   [Ada]          gnatcoll-projects-aux.adb
   [Ada]          gnatcoll-vfs_types.ads
   [Ada]          gnatcoll-arg_lists.adb
   [Ada]          gnatcoll-path.adb
   [Ada]          gnatcoll-remote.ads
   [Ada]          gnatcoll-geometry.adb
   [Ada]          gnatcoll-projects.adb
   [Ada]          gnatcoll-io-native.adb
   [Ada]          gnatcoll-io-remote.adb
   [Ada]          gnatcoll-atomic.adb
   [Ada]          gnatcoll-io.adb
   [Ada]          gnatcoll-strings_impl.adb
   [Ada]          gnatcoll-format_columns_vertical.ads
   [Ada]          gnatcoll-file_paths.adb
   [Ada]          gnatcoll-file_indexes.adb
   [Ada]          gnatcoll-email.adb
   [Ada]          gnatcoll-mmap.adb
   [Ada]          gnatcoll-io-remote-unix.adb
   [Ada]          gnatcoll-scripts-impl.adb
   [Ada]          gnatcoll-utils.adb
   [Ada]          gnatcoll-traces.adb
   [Ada]          gnatcoll-promises.adb
   [Ada]          gnatcoll-remote-db.adb
   [Ada]          gnatcoll-json-utility.adb
   [Ada]          gnatcoll-refcount.adb
gnatcoll-refcount.ads:90:04: warning: in instantiation at gnatcoll-storage_pools-headers.adb:57 [enabled by default]
gnatcoll-refcount.ads:90:04: warning: possible aliasing problem for type "Header_Access" [enabled by default]
gnatcoll-refcount.ads:90:04: warning: use -fno-strict-aliasing switch for references [enabled by default]
gnatcoll-refcount.ads:90:04: warning: or use "pragma No_Strict_Aliasing (Header_Access);" [enabled by default]
   [Ada]          gnatcoll-scripts-projects.adb
   [Ada]          gnatcoll-string_list_builders.adb
   [Ada]          gnatcoll-storage_pools-headers.adb
   [Ada]          gnatcoll-config.adb
   [Ada]          gnatcoll-pools.adb
   [Ada]          gnatcoll-scripts-utils.adb
   [Ada]          gnatcoll-tribooleans.adb
   [Ada]          gnatcoll-memory.adb
   [Ada]          gnatcoll-io-remote-windows.adb
   [Ada]          gnatcoll-scripts-files.adb
   [Ada]          gnatcoll-wstring_list_builders.adb
   [Ada]          gnatcoll-templates.adb
   [Ada]          gnatcoll-coders-streams.adb
   [Ada]          gnatcoll-coders.adb
   [Ada]          gnatcoll-storage_pools.ads
   [Ada]          gnatcoll-symbols.adb
   [Ada]          gnatcoll-strings.ads
   [Ada]          gnatcoll-scripts.adb
   [Ada]          gnatcoll-email-mailboxes.adb
   [Ada]          gnatcoll-email-parser.adb
   [Ada]          gnatcoll-coders-base64.adb
   [Ada]          gnatcoll-json.adb
   [Ada]          gnatcoll-formatters.adb
   [Ada]          gnatcoll-projects-normalize.adb
   [Ada]          gnatcoll-scripts-shell.adb
   [Ada]          gnatcoll-refcount-weakref.adb
   [Ada]          gnatcoll-vfs.adb
   [Ada]          gnatcoll-storage_pools-alignment.adb
   [Ada]          gnatcoll-opt_parse.adb
   [Ada]          gnatcoll-asserts.adb
   [Ada]          gnatcoll-vfs_utils.adb
   [Ada]          gnatcoll-wstring_builders.adb
   [Ada]          gnatcoll-string_builders.adb
   [Ada]          gnatcoll.ads
   [Ada]          gnatcoll-locks.adb
   [Ada]          gnatcoll-damerau_levenshtein_generic.adb
   [Ada]          gnatcoll-damerau_levenshtein_distance.ads
   [Ada]          gnatcoll-any_types.adb
   [Ada]          gnatcoll-boyer_moore.adb
   [Ada]          gnatcoll-projects-krunch.adb
   [Ada]          gnatcoll-terminal.adb
   [Ada]          gnatcoll-mmap-system__unix.adb
   [Ada]          gnatcoll-plugins__unix.adb
   [Ada]          gnatcoll-os-process_types__unix.adb
   [Ada]          gnatcoll-os-constants__unix.ads
   [Ada]          gnatcoll-os-dir_types__unix.ads
   [Ada]          gnatcoll-os-libc_constants__linux.ads
   [Ada]          atomfeed.adb
   [Ada]          config.adb
   [Ada]          layouts.adb
   [Ada]          messages.adb
   [Ada]          modules.adb
   [Ada]          pages.adb
   [Ada]          server.adb
   [Ada]          sitemaps.adb
Build Libraries
   [gprlib]       xmlada_unicode.lexch
   [gprlib]       xmlada_input_sources.lexch
   [archive]      libxmlada_unicode.a
   [index]        libxmlada_unicode.a
   [gprlib]       xmlada_sax.lexch
   [archive]      libxmlada_input_sources.a
   [index]        libxmlada_input_sources.a
   [gprlib]       xmlada_dom.lexch
   [archive]      libxmlada_sax.a
   [index]        libxmlada_sax.a
   [gprlib]       xmlada_schema.lexch
   [archive]      libxmlada_dom.a
   [index]        libxmlada_dom.a
   [gprlib]       gpr.lexch
   [archive]      libxmlada_schema.a
   [index]        libxmlada_schema.a
   [gprlib]       gnatcoll.lexch
   [archive]      libgpr.a
   [index]        libgpr.a
   [archive]      libgnatcoll.a
   [index]        libgnatcoll.a
Bind
   [gprbind]      yass.bexch
   [Ada]          yass.ali
Link
   [link]         yass.adb
lto-wrapper: warning: using serial compilation of 6 LTRANS jobs
lto-wrapper: note: see the '-flto' option documentation for more information
/root/.local/share/alire/toolchains/gnat_native_15.2.1_4640d4b3/bin/../lib/gcc/x86_64-pc-linux-gnu/15.2.0/../../../../x86_64-pc-linux-gnu/bin/ld: /root/.local/share/alire/builds/aws_24.0.0_2b75fe6d/a2fb2a4db19727974f173d38934ce569d23ddd914f2b7b8afdff57d173d7ff6e/install_dir/lib/aws.static/libaws.a(aws-net-ssl-certificate-impl__openssl.o): in function `aws__net__ssl__certificate__impl__error_stack':
/root/.local/share/alire/builds/aws_24.0.0_2b75fe6d/a2fb2a4db19727974f173d38934ce569d23ddd914f2b7b8afdff57d173d7ff6e/config/ssl/aws-net-ssl-certificate-impl__openssl.adb:45:(.text+0x15): undefined reference to `ERR_get_error'
/root/.local/share/alire/toolchains/gnat_native_15.2.1_4640d4b3/bin/../lib/gcc/x86_64-pc-linux-gnu/15.2.0/../../../../x86_64-pc-linux-gnu/bin/ld: /root/.local/share/alire/builds/aws_24.0.0_2b75fe6d/a2fb2a4db19727974f173d38934ce569d23ddd914f2b7b8afdff57d173d7ff6e/install_dir/lib/aws.static/libaws.a(aws-net-ssl-certificate-impl__openssl.o): in function `aws__net__ssl__certificate__impl__error_str':
/root/.local/share/alire/builds/aws_24.0.0_2b75fe6d/a2fb2a4db19727974f173d38934ce569d23ddd914f2b7b8afdff57d173d7ff6e/config/ssl/aws-net-ssl-certificate-impl__openssl.adb:79:(.text+0x69d): undefined reference to `ERR_error_string_n'
/root/.local/share/alire/toolchains/gnat_native_15.2.1_4640d4b3/bin/../lib/gcc/x86_64-pc-linux-gnu/15.2.0/../../../../x86_64-pc-linux-gnu/bin/ld: /root/.local/share/alire/builds/aws_24.0.0_2b75fe6d/a2fb2a4db19727974f173d38934ce569d23ddd914f2b7b8afdff57d173d7ff6e/install_dir/lib/aws.static/libaws.a(aws-net-ssl-certificate-impl__openssl.o): in function `aws__net__ssl__certificate__impl__get':
/root/.local/share/alire/builds/aws_24.0.0_2b75fe6d/a2fb2a4db19727974f173d38934ce569d23ddd914f2b7b8afdff57d173d7ff6e/config/ssl/aws-net-ssl-certificate-impl__openssl.adb:99:(.text+0x87f): undefined reference to `SSL_get_verify_result'
/root/.local/share/alire/toolchains/gnat_native_15.2.1_4640d4b3/bin/../lib/gcc/x86_64-pc-linux-gnu/15.2.0/../../../../x86_64-pc-linux-gnu/bin/ld: /root/.local/share/alire/builds/aws_24.0.0_2b75fe6d/a2fb2a4db19727974f173d38934ce569d23ddd914f2b7b8afdff57d173d7ff6e/config/ssl/aws-net-ssl-certificate-impl__openssl.adb:100:(.text+0xa0e): undefined reference to `X509_free'
/root/.local/share/alire/toolchains/gnat_native_15.2.1_4640d4b3/bin/../lib/gcc/x86_64-pc-linux-gnu/15.2.0/../../../../x86_64-pc-linux-gnu/bin/ld: /root/.local/share/alire/builds/aws_24.0.0_2b75fe6d/a2fb2a4db19727974f173d38934ce569d23ddd914f2b7b8afdff57d173d7ff6e/install_dir/lib/aws.static/libaws.a(aws-net-ssl-certificate-impl__openssl.o): in function `aws__net__ssl__certificate__impl__load':
/root/.local/share/alire/builds/aws_24.0.0_2b75fe6d/a2fb2a4db19727974f173d38934ce569d23ddd914f2b7b8afdff57d173d7ff6e/config/ssl/aws-net-ssl-certificate-impl__openssl.adb:109:(.text+0xefa): undefined reference to `BIO_s_file'
/root/.local/share/alire/toolchains/gnat_native_15.2.1_4640d4b3/bin/../lib/gcc/x86_64-pc-linux-gnu/15.2.0/../../../../x86_64-pc-linux-gnu/bin/ld: /root/.local/share/alire/builds/aws_24.0.0_2b75fe6d/a2fb2a4db19727974f173d38934ce569d23ddd914f2b7b8afdff57d173d7ff6e/config/ssl/aws-net-ssl-certificate-impl__openssl.adb:109:(.text+0xf02): undefined reference to `BIO_new'
/root/.local/share/alire/toolchains/gnat_native_15.2.1_4640d4b3/bin/../lib/gcc/x86_64-pc-linux-gnu/15.2.0/../../../../x86_64-pc-linux-gnu/bin/ld: /root/.local/share/alire/builds/aws_24.0.0_2b75fe6d/a2fb2a4db19727974f173d38934ce569d23ddd914f2b7b8afdff57d173d7ff6e/config/ssl/aws-net-ssl-certificate-impl__openssl.adb:116:(.text+0x1045): undefined reference to `PEM_read_bio_X509'
/root/.local/share/alire/toolchains/gnat_native_15.2.1_4640d4b3/bin/../lib/gcc/x86_64-pc-linux-gnu/15.2.0/../../../../x86_64-pc-linux-gnu/bin/ld: /root/.local/share/alire/builds/aws_24.0.0_2b75fe6d/a2fb2a4db19727974f173d38934ce569d23ddd914f2b7b8afdff57d173d7ff6e/config/ssl/aws-net-ssl-certificate-impl__openssl.adb:120:(.text+0x1062): undefined reference to `X509_free'
/root/.local/share/alire/toolchains/gnat_native_15.2.1_4640d4b3/bin/../lib/gcc/x86_64-pc-linux-gnu/15.2.0/../../../../x86_64-pc-linux-gnu/bin/ld: /root/.local/share/alire/builds/aws_24.0.0_2b75fe6d/a2fb2a4db19727974f173d38934ce569d23ddd914f2b7b8afdff57d173d7ff6e/config/ssl/aws-net-ssl-certificate-impl__openssl.adb:121:(.text+0x106e): undefined reference to `BIO_free'
/root/.local/share/alire/toolchains/gnat_native_15.2.1_4640d4b3/bin/../lib/gcc/x86_64-pc-linux-gnu/15.2.0/../../../../x86_64-pc-linux-gnu/bin/ld: /root/.local/share/alire/builds/aws_24.0.0_2b75fe6d/a2fb2a4db19727974f173d38934ce569d23ddd914f2b7b8afdff57d173d7ff6e/config/ssl/aws-net-ssl-certificate-impl__openssl.adb:128:(.text+0x1202): undefined reference to `BIO_free'
/root/.local/share/alire/toolchains/gnat_native_15.2.1_4640d4b3/bin/../lib/gcc/x86_64-pc-linux-gnu/15.2.0/../../../../x86_64-pc-linux-gnu/bin/ld: /root/.local/share/alire/builds/aws_24.0.0_2b75fe6d/a2fb2a4db19727974f173d38934ce569d23ddd914f2b7b8afdff57d173d7ff6e/config/ssl/aws-net-ssl-certificate-impl__openssl.adb:132:(.text+0x1390): undefined reference to `X509_free'
/root/.local/share/alire/toolchains/gnat_native_15.2.1_4640d4b3/bin/../lib/gcc/x86_64-pc-linux-gnu/15.2.0/../../../../x86_64-pc-linux-gnu/bin/ld: /root/.local/share/alire/builds/aws_24.0.0_2b75fe6d/a2fb2a4db19727974f173d38934ce569d23ddd914f2b7b8afdff57d173d7ff6e/install_dir/lib/aws.static/libaws.a(aws-net-ssl-certificate-impl__openssl.o): in function `aws__net__ssl__certificate__impl__read__common_name.4':
/root/.local/share/alire/builds/aws_24.0.0_2b75fe6d/a2fb2a4db19727974f173d38934ce569d23ddd914f2b7b8afdff57d173d7ff6e/config/ssl/aws-net-ssl-certificate-impl__openssl.adb:177:(.text+0x17e2): undefined reference to `X509_NAME_get_index_by_NID'
/root/.local/share/alire/toolchains/gnat_native_15.2.1_4640d4b3/bin/../lib/gcc/x86_64-pc-linux-gnu/15.2.0/../../../../x86_64-pc-linux-gnu/bin/ld: /root/.local/share/alire/builds/aws_24.0.0_2b75fe6d/a2fb2a4db19727974f173d38934ce569d23ddd914f2b7b8afdff57d173d7ff6e/config/ssl/aws-net-ssl-certificate-impl__openssl.adb:185:(.text+0x1858): undefined reference to `X509_NAME_get_entry'
/root/.local/share/alire/toolchains/gnat_native_15.2.1_4640d4b3/bin/../lib/gcc/x86_64-pc-linux-gnu/15.2.0/../../../../x86_64-pc-linux-gnu/bin/ld: /root/.local/share/alire/builds/aws_24.0.0_2b75fe6d/a2fb2a4db19727974f173d38934ce569d23ddd914f2b7b8afdff57d173d7ff6e/config/ssl/aws-net-ssl-certificate-impl__openssl.adb:185:(.text+0x1860): undefined reference to `X509_NAME_ENTRY_get_data'
/root/.local/share/alire/toolchains/gnat_native_15.2.1_4640d4b3/bin/../lib/gcc/x86_64-pc-linux-gnu/15.2.0/../../../../x86_64-pc-linux-gnu/bin/ld: /root/.local/share/alire/builds/aws_24.0.0_2b75fe6d/a2fb2a4db19727974f173d38934ce569d23ddd914f2b7b8afdff57d173d7ff6e/install_dir/lib/aws.static/libaws.a(aws-net-ssl-certificate-impl__openssl.o): in function `aws__net__ssl__certificate__impl__read':
/root/.local/share/alire/builds/aws_24.0.0_2b75fe6d/a2fb2a4db19727974f173d38934ce569d23ddd914f2b7b8afdff57d173d7ff6e/config/ssl/aws-net-ssl-certificate-impl__openssl.adb:337:(.text+0x1ac4): undefined reference to `X509_get_subject_name'
/root/.local/share/alire/toolchains/gnat_native_15.2.1_4640d4b3/bin/../lib/gcc/x86_64-pc-linux-gnu/15.2.0/../../../../x86_64-pc-linux-gnu/bin/ld: /root/.local/share/alire/builds/aws_24.0.0_2b75fe6d/a2fb2a4db19727974f173d38934ce569d23ddd914f2b7b8afdff57d173d7ff6e/config/ssl/aws-net-ssl-certificate-impl__openssl.adb:344:(.text+0x1bb1): undefined reference to `X509_get_issuer_name'
/root/.local/share/alire/toolchains/gnat_native_15.2.1_4640d4b3/bin/../lib/gcc/x86_64-pc-linux-gnu/15.2.0/../../../../x86_64-pc-linux-gnu/bin/ld: /root/.local/share/alire/builds/aws_24.0.0_2b75fe6d/a2fb2a4db19727974f173d38934ce569d23ddd914f2b7b8afdff57d173d7ff6e/config/ssl/aws-net-ssl-certificate-impl__openssl.adb:345:(.text+0x1c13): undefined reference to `X509_get_serialNumber'
/root/.local/share/alire/toolchains/gnat_native_15.2.1_4640d4b3/bin/../lib/gcc/x86_64-pc-linux-gnu/15.2.0/../../../../x86_64-pc-linux-gnu/bin/ld: /root/.local/share/alire/builds/aws_24.0.0_2b75fe6d/a2fb2a4db19727974f173d38934ce569d23ddd914f2b7b8afdff57d173d7ff6e/install_dir/lib/aws.static/libaws.a(aws-net-ssl-certificate-impl__openssl.o): in function `aws__net__ssl__certificate__impl__read__name_oneline.7':
/root/.local/share/alire/builds/aws_24.0.0_2b75fe6d/a2fb2a4db19727974f173d38934ce569d23ddd914f2b7b8afdff57d173d7ff6e/config/ssl/aws-net-ssl-certificate-impl__openssl.adb:195:(.text+0x2108): undefined reference to `BIO_s_mem'
/root/.local/share/alire/toolchains/gnat_native_15.2.1_4640d4b3/bin/../lib/gcc/x86_64-pc-linux-gnu/15.2.0/../../../../x86_64-pc-linux-gnu/bin/ld: /root/.local/share/alire/builds/aws_24.0.0_2b75fe6d/a2fb2a4db19727974f173d38934ce569d23ddd914f2b7b8afdff57d173d7ff6e/config/ssl/aws-net-ssl-certificate-impl__openssl.adb:195:(.text+0x2110): undefined reference to `BIO_new'
/root/.local/share/alire/toolchains/gnat_native_15.2.1_4640d4b3/bin/../lib/gcc/x86_64-pc-linux-gnu/15.2.0/../../../../x86_64-pc-linux-gnu/bin/ld: /root/.local/share/alire/builds/aws_24.0.0_2b75fe6d/a2fb2a4db19727974f173d38934ce569d23ddd914f2b7b8afdff57d173d7ff6e/config/ssl/aws-net-ssl-certificate-impl__openssl.adb:198:(.text+0x2131): undefined reference to `X509_NAME_print_ex'
/root/.local/share/alire/toolchains/gnat_native_15.2.1_4640d4b3/bin/../lib/gcc/x86_64-pc-linux-gnu/15.2.0/../../../../x86_64-pc-linux-gnu/bin/ld: /root/.local/share/alire/builds/aws_24.0.0_2b75fe6d/a2fb2a4db19727974f173d38934ce569d23ddd914f2b7b8afdff57d173d7ff6e/config/ssl/aws-net-ssl-certificate-impl__openssl.adb:210:(.text+0x21ba): undefined reference to `BIO_read'
/root/.local/share/alire/toolchains/gnat_native_15.2.1_4640d4b3/bin/../lib/gcc/x86_64-pc-linux-gnu/15.2.0/../../../../x86_64-pc-linux-gnu/bin/ld: /root/.local/share/alire/builds/aws_24.0.0_2b75fe6d/a2fb2a4db19727974f173d38934ce569d23ddd914f2b7b8afdff57d173d7ff6e/config/ssl/aws-net-ssl-certificate-impl__openssl.adb:216:(.text+0x2204): undefined reference to `BIO_free'
/root/.local/share/alire/toolchains/gnat_native_15.2.1_4640d4b3/bin/../lib/gcc/x86_64-pc-linux-gnu/15.2.0/../../../../x86_64-pc-linux-gnu/bin/ld: /root/.local/share/alire/builds/aws_24.0.0_2b75fe6d/a2fb2a4db19727974f173d38934ce569d23ddd914f2b7b8afdff57d173d7ff6e/install_dir/lib/aws.static/libaws.a(aws-net-ssl-certificate-impl__openssl.o): in function `aws__net__ssl__certificate__impl__read__to_der.12':
/root/.local/share/alire/builds/aws_24.0.0_2b75fe6d/a2fb2a4db19727974f173d38934ce569d23ddd914f2b7b8afdff57d173d7ff6e/config/ssl/aws-net-ssl-certificate-impl__openssl.adb:248:(.text+0x24f5): undefined reference to `i2d_X509'
/root/.local/share/alire/toolchains/gnat_native_15.2.1_4640d4b3/bin/../lib/gcc/x86_64-pc-linux-gnu/15.2.0/../../../../x86_64-pc-linux-gnu/bin/ld: /root/.local/share/alire/builds/aws_24.0.0_2b75fe6d/a2fb2a4db19727974f173d38934ce569d23ddd914f2b7b8afdff57d173d7ff6e/config/ssl/aws-net-ssl-certificate-impl__openssl.adb:251:(.text+0x25bf): undefined reference to `i2d_X509'
/root/.local/share/alire/toolchains/gnat_native_15.2.1_4640d4b3/bin/../lib/gcc/x86_64-pc-linux-gnu/15.2.0/../../../../x86_64-pc-linux-gnu/bin/ld: /root/.local/share/alire/builds/aws_24.0.0_2b75fe6d/a2fb2a4db19727974f173d38934ce569d23ddd914f2b7b8afdff57d173d7ff6e/install_dir/lib/aws.static/libaws.a(aws-net-ssl-certificate-impl__openssl.o): in function `aws__net__ssl__certificate__impl__read__to_string.9':
/root/.local/share/alire/builds/aws_24.0.0_2b75fe6d/a2fb2a4db19727974f173d38934ce569d23ddd914f2b7b8afdff57d173d7ff6e/config/ssl/aws-net-ssl-certificate-impl__openssl.adb:274:(.text+0x287b): undefined reference to `ASN1_INTEGER_to_BN'
/root/.local/share/alire/toolchains/gnat_native_15.2.1_4640d4b3/bin/../lib/gcc/x86_64-pc-linux-gnu/15.2.0/../../../../x86_64-pc-linux-gnu/bin/ld: /root/.local/share/alire/builds/aws_24.0.0_2b75fe6d/a2fb2a4db19727974f173d38934ce569d23ddd914f2b7b8afdff57d173d7ff6e/config/ssl/aws-net-ssl-certificate-impl__openssl.adb:275:(.text+0x288b): undefined reference to `BN_bn2hex'
/root/.local/share/alire/toolchains/gnat_native_15.2.1_4640d4b3/bin/../lib/gcc/x86_64-pc-linux-gnu/15.2.0/../../../../x86_64-pc-linux-gnu/bin/ld: /root/.local/share/alire/builds/aws_24.0.0_2b75fe6d/a2fb2a4db19727974f173d38934ce569d23ddd914f2b7b8afdff57d173d7ff6e/config/ssl/aws-net-ssl-certificate-impl__openssl.adb:278:(.text+0x2962): undefined reference to `BN_free'
/root/.local/share/alire/toolchains/gnat_native_15.2.1_4640d4b3/bin/../lib/gcc/x86_64-pc-linux-gnu/15.2.0/../../../../x86_64-pc-linux-gnu/bin/ld: /root/.local/share/alire/builds/aws_24.0.0_2b75fe6d/a2fb2a4db19727974f173d38934ce569d23ddd914f2b7b8afdff57d173d7ff6e/install_dir/lib/aws.static/libaws.a(aws-net-ssl-certificate-impl__openssl.o): in function `aws__net__ssl__certificate__impl__status_string':
/root/.local/share/alire/builds/aws_24.0.0_2b75fe6d/a2fb2a4db19727974f173d38934ce569d23ddd914f2b7b8afdff57d173d7ff6e/config/ssl/aws-net-ssl-certificate-impl__openssl.adb:358:(.text+0x37a5): undefined reference to `X509_verify_cert_error_string'
/root/.local/share/alire/toolchains/gnat_native_15.2.1_4640d4b3/bin/../lib/gcc/x86_64-pc-linux-gnu/15.2.0/../../../../x86_64-pc-linux-gnu/bin/ld: /root/.local/share/alire/builds/aws_24.0.0_2b75fe6d/a2fb2a4db19727974f173d38934ce569d23ddd914f2b7b8afdff57d173d7ff6e/install_dir/lib/aws.static/libaws.a(aws-net-ssl__openssl.o): in function `aws__net__ssl__locking__finalizeXnn':
/root/.local/share/alire/builds/aws_24.0.0_2b75fe6d/a2fb2a4db19727974f173d38934ce569d23ddd914f2b7b8afdff57d173d7ff6e/config/ssl/aws-net-ssl__openssl.adb:1869:(.text+0xef54): undefined reference to `DH_free'
/root/.local/share/alire/toolchains/gnat_native_15.2.1_4640d4b3/bin/../lib/gcc/x86_64-pc-linux-gnu/15.2.0/../../../../x86_64-pc-linux-gnu/bin/ld: /root/.local/share/alire/builds/aws_24.0.0_2b75fe6d/a2fb2a4db19727974f173d38934ce569d23ddd914f2b7b8afdff57d173d7ff6e/config/ssl/aws-net-ssl__openssl.adb:1875:(.text+0xefab): undefined reference to `CRYPTO_set_mem_functions'
/root/.local/share/alire/toolchains/gnat_native_15.2.1_4640d4b3/bin/../lib/gcc/x86_64-pc-linux-gnu/15.2.0/../../../../x86_64-pc-linux-gnu/bin/ld: /root/.local/share/alire/builds/aws_24.0.0_2b75fe6d/a2fb2a4db19727974f173d38934ce569d23ddd914f2b7b8afdff57d173d7ff6e/install_dir/lib/aws.static/libaws.a(aws-net-ssl__openssl.o): in function `aws__net__ssl__locking__task_id_generator__finalize_taskNXnn':
/root/.local/share/alire/builds/aws_24.0.0_2b75fe6d/a2fb2a4db19727974f173d38934ce569d23ddd914f2b7b8afdff57d173d7ff6e/config/ssl/aws-net-ssl__openssl.adb:2010:(.text+0xf3d3): undefined reference to `ERR_remove_state'
/root/.local/share/alire/toolchains/gnat_native_15.2.1_4640d4b3/bin/../lib/gcc/x86_64-pc-linux-gnu/15.2.0/../../../../x86_64-pc-linux-gnu/bin/ld: /root/.local/share/alire/builds/aws_24.0.0_2b75fe6d/a2fb2a4db19727974f173d38934ce569d23ddd914f2b7b8afdff57d173d7ff6e/install_dir/lib/aws.static/libaws.a(aws-net-ssl__openssl.o): in function `aws__net__ssl__alpn_callback':
/root/.local/share/alire/builds/aws_24.0.0_2b75fe6d/a2fb2a4db19727974f173d38934ce569d23ddd914f2b7b8afdff57d173d7ff6e/config/ssl/aws-net-ssl__openssl.adb:368:(.text+0x136fb): undefined reference to `SSL_select_next_proto'
/root/.local/share/alire/toolchains/gnat_native_15.2.1_4640d4b3/bin/../lib/gcc/x86_64-pc-linux-gnu/15.2.0/../../../../x86_64-pc-linux-gnu/bin/ld: /root/.local/share/alire/builds/aws_24.0.0_2b75fe6d/a2fb2a4db19727974f173d38934ce569d23ddd914f2b7b8afdff57d173d7ff6e/install_dir/lib/aws.static/libaws.a(aws-net-ssl__openssl.o): in function `aws__net__ssl__alpn_get':
/root/.local/share/alire/builds/aws_24.0.0_2b75fe6d/a2fb2a4db19727974f173d38934ce569d23ddd914f2b7b8afdff57d173d7ff6e/config/ssl/aws-net-ssl__openssl.adb:387:(.text+0x13792): undefined reference to `SSL_get0_alpn_selected'
/root/.local/share/alire/toolchains/gnat_native_15.2.1_4640d4b3/bin/../lib/gcc/x86_64-pc-linux-gnu/15.2.0/../../../../x86_64-pc-linux-gnu/bin/ld: /root/.local/share/alire/builds/aws_24.0.0_2b75fe6d/a2fb2a4db19727974f173d38934ce569d23ddd914f2b7b8afdff57d173d7ff6e/install_dir/lib/aws.static/libaws.a(aws-net-ssl__openssl.o): in function `aws__net__ssl__cipher_description':
/root/.local/share/alire/builds/aws_24.0.0_2b75fe6d/a2fb2a4db19727974f173d38934ce569d23ddd914f2b7b8afdff57d173d7ff6e/config/ssl/aws-net-ssl__openssl.adb:440:(.text+0x13ac3): undefined reference to `SSL_get_current_cipher'
/root/.local/share/alire/toolchains/gnat_native_15.2.1_4640d4b3/bin/../lib/gcc/x86_64-pc-linux-gnu/15.2.0/../../../../x86_64-pc-linux-gnu/bin/ld: /root/.local/share/alire/builds/aws_24.0.0_2b75fe6d/a2fb2a4db19727974f173d38934ce569d23ddd914f2b7b8afdff57d173d7ff6e/config/ssl/aws-net-ssl__openssl.adb:438:(.text+0x13afa): undefined reference to `SSL_CIPHER_description'
/root/.local/share/alire/toolchains/gnat_native_15.2.1_4640d4b3/bin/../lib/gcc/x86_64-pc-linux-gnu/15.2.0/../../../../x86_64-pc-linux-gnu/bin/ld: /root/.local/share/alire/builds/aws_24.0.0_2b75fe6d/a2fb2a4db19727974f173d38934ce569d23ddd914f2b7b8afdff57d173d7ff6e/install_dir/lib/aws.static/libaws.a(aws-net-ssl__openssl.o): in function `aws__net__ssl__ciphers':
/root/.local/share/alire/builds/aws_24.0.0_2b75fe6d/a2fb2a4db19727974f173d38934ce569d23ddd914f2b7b8afdff57d173d7ff6e/config/ssl/aws-net-ssl__openssl.adb:457:(.text+0x13d90): undefined reference to `SSL_CTX_new'
/root/.local/share/alire/toolchains/gnat_native_15.2.1_4640d4b3/bin/../lib/gcc/x86_64-pc-linux-gnu/15.2.0/../../../../x86_64-pc-linux-gnu/bin/ld: /root/.local/share/alire/builds/aws_24.0.0_2b75fe6d/a2fb2a4db19727974f173d38934ce569d23ddd914f2b7b8afdff57d173d7ff6e/config/ssl/aws-net-ssl__openssl.adb:462:(.text+0x13db2): undefined reference to `SSL_new'
/root/.local/share/alire/toolchains/gnat_native_15.2.1_4640d4b3/bin/../lib/gcc/x86_64-pc-linux-gnu/15.2.0/../../../../x86_64-pc-linux-gnu/bin/ld: /root/.local/share/alire/builds/aws_24.0.0_2b75fe6d/a2fb2a4db19727974f173d38934ce569d23ddd914f2b7b8afdff57d173d7ff6e/config/ssl/aws-net-ssl__openssl.adb:466:(.text+0x13df1): undefined reference to `SSL_get_cipher_list'
/root/.local/share/alire/toolchains/gnat_native_15.2.1_4640d4b3/bin/../lib/gcc/x86_64-pc-linux-gnu/15.2.0/../../../../x86_64-pc-linux-gnu/bin/ld: /root/.local/share/alire/builds/aws_24.0.0_2b75fe6d/a2fb2a4db19727974f173d38934ce569d23ddd914f2b7b8afdff57d173d7ff6e/config/ssl/aws-net-ssl__openssl.adb:471:(.text+0x13e6c): undefined reference to `SSL_free'
/root/.local/share/alire/toolchains/gnat_native_15.2.1_4640d4b3/bin/../lib/gcc/x86_64-pc-linux-gnu/15.2.0/../../../../x86_64-pc-linux-gnu/bin/ld: /root/.local/share/alire/builds/aws_24.0.0_2b75fe6d/a2fb2a4db19727974f173d38934ce569d23ddd914f2b7b8afdff57d173d7ff6e/config/ssl/aws-net-ssl__openssl.adb:472:(.text+0x13e78): undefined reference to `SSL_CTX_free'
/root/.local/share/alire/toolchains/gnat_native_15.2.1_4640d4b3/bin/../lib/gcc/x86_64-pc-linux-gnu/15.2.0/../../../../x86_64-pc-linux-gnu/bin/ld: /root/.local/share/alire/builds/aws_24.0.0_2b75fe6d/a2fb2a4db19727974f173d38934ce569d23ddd914f2b7b8afdff57d173d7ff6e/install_dir/lib/aws.static/libaws.a(aws-net-ssl__openssl.o): in function `aws__net__ssl__do_handshake__2':
/root/.local/share/alire/builds/aws_24.0.0_2b75fe6d/a2fb2a4db19727974f173d38934ce569d23ddd914f2b7b8afdff57d173d7ff6e/config/ssl/aws-net-ssl__openssl.adb:559:(.text+0x142c2): undefined reference to `SSL_do_handshake'
/root/.local/share/alire/toolchains/gnat_native_15.2.1_4640d4b3/bin/../lib/gcc/x86_64-pc-linux-gnu/15.2.0/../../../../x86_64-pc-linux-gnu/bin/ld: /root/.local/share/alire/builds/aws_24.0.0_2b75fe6d/a2fb2a4db19727974f173d38934ce569d23ddd914f2b7b8afdff57d173d7ff6e/config/ssl/aws-net-ssl__openssl.adb:565:(.text+0x1430a): undefined reference to `SSL_get_error'
/root/.local/share/alire/toolchains/gnat_native_15.2.1_4640d4b3/bin/../lib/gcc/x86_64-pc-linux-gnu/15.2.0/../../../../x86_64-pc-linux-gnu/bin/ld: /root/.local/share/alire/builds/aws_24.0.0_2b75fe6d/a2fb2a4db19727974f173d38934ce569d23ddd914f2b7b8afdff57d173d7ff6e/install_dir/lib/aws.static/libaws.a(aws-net-ssl__openssl.o): in function `aws__net__ssl__free__4':
/root/.local/share/alire/builds/aws_24.0.0_2b75fe6d/a2fb2a4db19727974f173d38934ce569d23ddd914f2b7b8afdff57d173d7ff6e/config/ssl/aws-net-ssl__openssl.adb:621:(.text+0x1497f): undefined reference to `SSL_free'
/root/.local/share/alire/toolchains/gnat_native_15.2.1_4640d4b3/bin/../lib/gcc/x86_64-pc-linux-gnu/15.2.0/../../../../x86_64-pc-linux-gnu/bin/ld: /root/.local/share/alire/builds/aws_24.0.0_2b75fe6d/a2fb2a4db19727974f173d38934ce569d23ddd914f2b7b8afdff57d173d7ff6e/config/ssl/aws-net-ssl__openssl.adb:622:(.text+0x1498f): undefined reference to `BIO_free'
/root/.local/share/alire/toolchains/gnat_native_15.2.1_4640d4b3/bin/../lib/gcc/x86_64-pc-linux-gnu/15.2.0/../../../../x86_64-pc-linux-gnu/bin/ld: /root/.local/share/alire/builds/aws_24.0.0_2b75fe6d/a2fb2a4db19727974f173d38934ce569d23ddd914f2b7b8afdff57d173d7ff6e/install_dir/lib/aws.static/libaws.a(aws-net-ssl__openssl.o): in function `aws__net__ssl__free__2':
/root/.local/share/alire/builds/aws_24.0.0_2b75fe6d/a2fb2a4db19727974f173d38934ce569d23ddd914f2b7b8afdff57d173d7ff6e/config/ssl/aws-net-ssl__openssl.adb:636:(.text+0x149c9): undefined reference to `SSL_SESSION_free'
/root/.local/share/alire/toolchains/gnat_native_15.2.1_4640d4b3/bin/../lib/gcc/x86_64-pc-linux-gnu/15.2.0/../../../../x86_64-pc-linux-gnu/bin/ld: /root/.local/share/alire/builds/aws_24.0.0_2b75fe6d/a2fb2a4db19727974f173d38934ce569d23ddd914f2b7b8afdff57d173d7ff6e/install_dir/lib/aws.static/libaws.a(aws-net-ssl__openssl.o): in function `aws__net__ssl__free__3':
/root/.local/share/alire/builds/aws_24.0.0_2b75fe6d/a2fb2a4db19727974f173d38934ce569d23ddd914f2b7b8afdff57d173d7ff6e/config/ssl/aws-net-ssl__openssl.adb:644:(.text+0x149fd): undefined reference to `EVP_PKEY_free'
/root/.local/share/alire/toolchains/gnat_native_15.2.1_4640d4b3/bin/../lib/gcc/x86_64-pc-linux-gnu/15.2.0/../../../../x86_64-pc-linux-gnu/bin/ld: /root/.local/share/alire/builds/aws_24.0.0_2b75fe6d/a2fb2a4db19727974f173d38934ce569d23ddd914f2b7b8afdff57d173d7ff6e/install_dir/lib/aws.static/libaws.a(aws-net-ssl__openssl.o): in function `aws__net__ssl__generate_dh__loaded.76':
/root/.local/share/alire/builds/aws_24.0.0_2b75fe6d/a2fb2a4db19727974f173d38934ce569d23ddd914f2b7b8afdff57d173d7ff6e/config/ssl/aws-net-ssl__openssl.adb:680:(.text+0x14c9a): undefined reference to `BIO_s_file'
/root/.local/share/alire/toolchains/gnat_native_15.2.1_4640d4b3/bin/../lib/gcc/x86_64-pc-linux-gnu/15.2.0/../../../../x86_64-pc-linux-gnu/bin/ld: /root/.local/share/alire/builds/aws_24.0.0_2b75fe6d/a2fb2a4db19727974f173d38934ce569d23ddd914f2b7b8afdff57d173d7ff6e/config/ssl/aws-net-ssl__openssl.adb:680:(.text+0x14ca2): undefined reference to `BIO_new'
/root/.local/share/alire/toolchains/gnat_native_15.2.1_4640d4b3/bin/../lib/gcc/x86_64-pc-linux-gnu/15.2.0/../../../../x86_64-pc-linux-gnu/bin/ld: /root/.local/share/alire/builds/aws_24.0.0_2b75fe6d/a2fb2a4db19727974f173d38934ce569d23ddd914f2b7b8afdff57d173d7ff6e/config/ssl/aws-net-ssl__openssl.adb:688:(.text+0x14d15): undefined reference to `PEM_read_bio_DHparams'
/root/.local/share/alire/toolchains/gnat_native_15.2.1_4640d4b3/bin/../lib/gcc/x86_64-pc-linux-gnu/15.2.0/../../../../x86_64-pc-linux-gnu/bin/ld: /root/.local/share/alire/builds/aws_24.0.0_2b75fe6d/a2fb2a4db19727974f173d38934ce569d23ddd914f2b7b8afdff57d173d7ff6e/config/ssl/aws-net-ssl__openssl.adb:695:(.text+0x14db4): undefined reference to `BIO_free'
/root/.local/share/alire/toolchains/gnat_native_15.2.1_4640d4b3/bin/../lib/gcc/x86_64-pc-linux-gnu/15.2.0/../../../../x86_64-pc-linux-gnu/bin/ld: /root/.local/share/alire/builds/aws_24.0.0_2b75fe6d/a2fb2a4db19727974f173d38934ce569d23ddd914f2b7b8afdff57d173d7ff6e/install_dir/lib/aws.static/libaws.a(aws-net-ssl__openssl.o): in function `aws__net__ssl__generate_dh':
/root/.local/share/alire/builds/aws_24.0.0_2b75fe6d/a2fb2a4db19727974f173d38934ce569d23ddd914f2b7b8afdff57d173d7ff6e/config/ssl/aws-net-ssl__openssl.adb:734:(.text+0x14e95): undefined reference to `DH_new'
/root/.local/share/alire/toolchains/gnat_native_15.2.1_4640d4b3/bin/../lib/gcc/x86_64-pc-linux-gnu/15.2.0/../../../../x86_64-pc-linux-gnu/bin/ld: /root/.local/share/alire/builds/aws_24.0.0_2b75fe6d/a2fb2a4db19727974f173d38934ce569d23ddd914f2b7b8afdff57d173d7ff6e/config/ssl/aws-net-ssl__openssl.adb:739:(.text+0x14f35): undefined reference to `DH_generate_parameters_ex'
/root/.local/share/alire/toolchains/gnat_native_15.2.1_4640d4b3/bin/../lib/gcc/x86_64-pc-linux-gnu/15.2.0/../../../../x86_64-pc-linux-gnu/bin/ld: /root/.local/share/alire/builds/aws_24.0.0_2b75fe6d/a2fb2a4db19727974f173d38934ce569d23ddd914f2b7b8afdff57d173d7ff6e/config/ssl/aws-net-ssl__openssl.adb:755:(.text+0x14fff): undefined reference to `DH_free'
/root/.local/share/alire/toolchains/gnat_native_15.2.1_4640d4b3/bin/../lib/gcc/x86_64-pc-linux-gnu/15.2.0/../../../../x86_64-pc-linux-gnu/bin/ld: /root/.local/share/alire/builds/aws_24.0.0_2b75fe6d/a2fb2a4db19727974f173d38934ce569d23ddd914f2b7b8afdff57d173d7ff6e/install_dir/lib/aws.static/libaws.a(aws-net-ssl__openssl.o): in function `aws__net__ssl__generate_dh__save.78':
/root/.local/share/alire/builds/aws_24.0.0_2b75fe6d/a2fb2a4db19727974f173d38934ce569d23ddd914f2b7b8afdff57d173d7ff6e/config/ssl/aws-net-ssl__openssl.adb:715:(.text+0x152d4): undefined reference to `BIO_s_file'
/root/.local/share/alire/toolchains/gnat_native_15.2.1_4640d4b3/bin/../lib/gcc/x86_64-pc-linux-gnu/15.2.0/../../../../x86_64-pc-linux-gnu/bin/ld: /root/.local/share/alire/builds/aws_24.0.0_2b75fe6d/a2fb2a4db19727974f173d38934ce569d23ddd914f2b7b8afdff57d173d7ff6e/config/ssl/aws-net-ssl__openssl.adb:715:(.text+0x152dc): undefined reference to `BIO_new'
/root/.local/share/alire/toolchains/gnat_native_15.2.1_4640d4b3/bin/../lib/gcc/x86_64-pc-linux-gnu/15.2.0/../../../../x86_64-pc-linux-gnu/bin/ld: /root/.local/share/alire/builds/aws_24.0.0_2b75fe6d/a2fb2a4db19727974f173d38934ce569d23ddd914f2b7b8afdff57d173d7ff6e/config/ssl/aws-net-ssl__openssl.adb:722:(.text+0x1534b): undefined reference to `PEM_write_bio_DHparams'
/root/.local/share/alire/toolchains/gnat_native_15.2.1_4640d4b3/bin/../lib/gcc/x86_64-pc-linux-gnu/15.2.0/../../../../x86_64-pc-linux-gnu/bin/ld: /root/.local/share/alire/builds/aws_24.0.0_2b75fe6d/a2fb2a4db19727974f173d38934ce569d23ddd914f2b7b8afdff57d173d7ff6e/config/ssl/aws-net-ssl__openssl.adb:724:(.text+0x15369): undefined reference to `BIO_free'
/root/.local/share/alire/toolchains/gnat_native_15.2.1_4640d4b3/bin/../lib/gcc/x86_64-pc-linux-gnu/15.2.0/../../../../x86_64-pc-linux-gnu/bin/ld: /root/.local/share/alire/builds/aws_24.0.0_2b75fe6d/a2fb2a4db19727974f173d38934ce569d23ddd914f2b7b8afdff57d173d7ff6e/install_dir/lib/aws.static/libaws.a(aws-net-ssl__openssl.o): in function `aws__net__ssl__generate_rsa':
/root/.local/share/alire/builds/aws_24.0.0_2b75fe6d/a2fb2a4db19727974f173d38934ce569d23ddd914f2b7b8afdff57d173d7ff6e/config/ssl/aws-net-ssl__openssl.adb:779:(.text+0x15426): undefined reference to `BN_new'
/root/.local/share/alire/toolchains/gnat_native_15.2.1_4640d4b3/bin/../lib/gcc/x86_64-pc-linux-gnu/15.2.0/../../../../x86_64-pc-linux-gnu/bin/ld: /root/.local/share/alire/builds/aws_24.0.0_2b75fe6d/a2fb2a4db19727974f173d38934ce569d23ddd914f2b7b8afdff57d173d7ff6e/config/ssl/aws-net-ssl__openssl.adb:782:(.text+0x1544d): undefined reference to `BN_set_word'
/root/.local/share/alire/toolchains/gnat_native_15.2.1_4640d4b3/bin/../lib/gcc/x86_64-pc-linux-gnu/15.2.0/../../../../x86_64-pc-linux-gnu/bin/ld: /root/.local/share/alire/builds/aws_24.0.0_2b75fe6d/a2fb2a4db19727974f173d38934ce569d23ddd914f2b7b8afdff57d173d7ff6e/config/ssl/aws-net-ssl__openssl.adb:784:(.text+0x15461): undefined reference to `RSA_new'
/root/.local/share/alire/toolchains/gnat_native_15.2.1_4640d4b3/bin/../lib/gcc/x86_64-pc-linux-gnu/15.2.0/../../../../x86_64-pc-linux-gnu/bin/ld: /root/.local/share/alire/builds/aws_24.0.0_2b75fe6d/a2fb2a4db19727974f173d38934ce569d23ddd914f2b7b8afdff57d173d7ff6e/config/ssl/aws-net-ssl__openssl.adb:788:(.text+0x15491): undefined reference to `RSA_generate_key_ex'
/root/.local/share/alire/toolchains/gnat_native_15.2.1_4640d4b3/bin/../lib/gcc/x86_64-pc-linux-gnu/15.2.0/../../../../x86_64-pc-linux-gnu/bin/ld: /root/.local/share/alire/builds/aws_24.0.0_2b75fe6d/a2fb2a4db19727974f173d38934ce569d23ddd914f2b7b8afdff57d173d7ff6e/config/ssl/aws-net-ssl__openssl.adb:791:(.text+0x154ac): undefined reference to `BN_free'
/root/.local/share/alire/toolchains/gnat_native_15.2.1_4640d4b3/bin/../lib/gcc/x86_64-pc-linux-gnu/15.2.0/../../../../x86_64-pc-linux-gnu/bin/ld: /root/.local/share/alire/builds/aws_24.0.0_2b75fe6d/a2fb2a4db19727974f173d38934ce569d23ddd914f2b7b8afdff57d173d7ff6e/config/ssl/aws-net-ssl__openssl.adb:794:(.text+0x154c7): undefined reference to `RSA_free'
/root/.local/share/alire/toolchains/gnat_native_15.2.1_4640d4b3/bin/../lib/gcc/x86_64-pc-linux-gnu/15.2.0/../../../../x86_64-pc-linux-gnu/bin/ld: /root/.local/share/alire/builds/aws_24.0.0_2b75fe6d/a2fb2a4db19727974f173d38934ce569d23ddd914f2b7b8afdff57d173d7ff6e/install_dir/lib/aws.static/libaws.a(aws-net-ssl__openssl.o): in function `aws__net__ssl__init_random':
/root/.local/share/alire/builds/aws_24.0.0_2b75fe6d/a2fb2a4db19727974f173d38934ce569d23ddd914f2b7b8afdff57d173d7ff6e/config/ssl/aws-net-ssl__openssl.adb:821:(.text+0x15784): undefined reference to `RAND_seed'
/root/.local/share/alire/toolchains/gnat_native_15.2.1_4640d4b3/bin/../lib/gcc/x86_64-pc-linux-gnu/15.2.0/../../../../x86_64-pc-linux-gnu/bin/ld: /root/.local/share/alire/builds/aws_24.0.0_2b75fe6d/a2fb2a4db19727974f173d38934ce569d23ddd914f2b7b8afdff57d173d7ff6e/install_dir/lib/aws.static/libaws.a(aws-net-ssl__openssl.o): in function `aws__net__ssl__load':
/root/.local/share/alire/builds/aws_24.0.0_2b75fe6d/a2fb2a4db19727974f173d38934ce569d23ddd914f2b7b8afdff57d173d7ff6e/config/ssl/aws-net-ssl__openssl.adb:915:(.text+0x16077): undefined reference to `EVP_PKEY_new'
/root/.local/share/alire/toolchains/gnat_native_15.2.1_4640d4b3/bin/../lib/gcc/x86_64-pc-linux-gnu/15.2.0/../../../../x86_64-pc-linux-gnu/bin/ld: /root/.local/share/alire/builds/aws_24.0.0_2b75fe6d/a2fb2a4db19727974f173d38934ce569d23ddd914f2b7b8afdff57d173d7ff6e/config/ssl/aws-net-ssl__openssl.adb:916:(.text+0x16083): undefined reference to `BIO_s_file'
/root/.local/share/alire/toolchains/gnat_native_15.2.1_4640d4b3/bin/../lib/gcc/x86_64-pc-linux-gnu/15.2.0/../../../../x86_64-pc-linux-gnu/bin/ld: /root/.local/share/alire/builds/aws_24.0.0_2b75fe6d/a2fb2a4db19727974f173d38934ce569d23ddd914f2b7b8afdff57d173d7ff6e/config/ssl/aws-net-ssl__openssl.adb:916:(.text+0x1608b): undefined reference to `BIO_new'
/root/.local/share/alire/toolchains/gnat_native_15.2.1_4640d4b3/bin/../lib/gcc/x86_64-pc-linux-gnu/15.2.0/../../../../x86_64-pc-linux-gnu/bin/ld: /root/.local/share/alire/builds/aws_24.0.0_2b75fe6d/a2fb2a4db19727974f173d38934ce569d23ddd914f2b7b8afdff57d173d7ff6e/config/ssl/aws-net-ssl__openssl.adb:923:(.text+0x16214): undefined reference to `PEM_read_bio_PrivateKey'
/root/.local/share/alire/toolchains/gnat_native_15.2.1_4640d4b3/bin/../lib/gcc/x86_64-pc-linux-gnu/15.2.0/../../../../x86_64-pc-linux-gnu/bin/ld: /root/.local/share/alire/builds/aws_24.0.0_2b75fe6d/a2fb2a4db19727974f173d38934ce569d23ddd914f2b7b8afdff57d173d7ff6e/config/ssl/aws-net-ssl__openssl.adb:929:(.text+0x16234): undefined reference to `BIO_free'
/root/.local/share/alire/toolchains/gnat_native_15.2.1_4640d4b3/bin/../lib/gcc/x86_64-pc-linux-gnu/15.2.0/../../../../x86_64-pc-linux-gnu/bin/ld: /root/.local/share/alire/builds/aws_24.0.0_2b75fe6d/a2fb2a4db19727974f173d38934ce569d23ddd914f2b7b8afdff57d173d7ff6e/config/ssl/aws-net-ssl__openssl.adb:930:(.text+0x16243): undefined reference to `EVP_PKEY_free'
/root/.local/share/alire/toolchains/gnat_native_15.2.1_4640d4b3/bin/../lib/gcc/x86_64-pc-linux-gnu/15.2.0/../../../../x86_64-pc-linux-gnu/bin/ld: /root/.local/share/alire/builds/aws_24.0.0_2b75fe6d/a2fb2a4db19727974f173d38934ce569d23ddd914f2b7b8afdff57d173d7ff6e/config/ssl/aws-net-ssl__openssl.adb:934:(.text+0x16298): undefined reference to `BIO_free'
/root/.local/share/alire/toolchains/gnat_native_15.2.1_4640d4b3/bin/../lib/gcc/x86_64-pc-linux-gnu/15.2.0/../../../../x86_64-pc-linux-gnu/bin/ld: /root/.local/share/alire/builds/aws_24.0.0_2b75fe6d/a2fb2a4db19727974f173d38934ce569d23ddd914f2b7b8afdff57d173d7ff6e/install_dir/lib/aws.static/libaws.a(aws-net-ssl__openssl.o): in function `aws__net__ssl__pending':
/root/.local/share/alire/builds/aws_24.0.0_2b75fe6d/a2fb2a4db19727974f173d38934ce569d23ddd914f2b7b8afdff57d173d7ff6e/config/ssl/aws-net-ssl__openssl.adb:955:(.text+0x16544): undefined reference to `SSL_pending'
/root/.local/share/alire/toolchains/gnat_native_15.2.1_4640d4b3/bin/../lib/gcc/x86_64-pc-linux-gnu/15.2.0/../../../../x86_64-pc-linux-gnu/bin/ld: /root/.local/share/alire/builds/aws_24.0.0_2b75fe6d/a2fb2a4db19727974f173d38934ce569d23ddd914f2b7b8afdff57d173d7ff6e/install_dir/lib/aws.static/libaws.a(aws-net-ssl__openssl.o): in function `aws__net__ssl__receive':
/root/.local/share/alire/builds/aws_24.0.0_2b75fe6d/a2fb2a4db19727974f173d38934ce569d23ddd914f2b7b8afdff57d173d7ff6e/config/ssl/aws-net-ssl__openssl.adb:974:(.text+0x167b7): undefined reference to `SSL_read'
/root/.local/share/alire/toolchains/gnat_native_15.2.1_4640d4b3/bin/../lib/gcc/x86_64-pc-linux-gnu/15.2.0/../../../../x86_64-pc-linux-gnu/bin/ld: /root/.local/share/alire/builds/aws_24.0.0_2b75fe6d/a2fb2a4db19727974f173d38934ce569d23ddd914f2b7b8afdff57d173d7ff6e/config/ssl/aws-net-ssl__openssl.adb:987:(.text+0x168ab): undefined reference to `SSL_get_error'
/root/.local/share/alire/toolchains/gnat_native_15.2.1_4640d4b3/bin/../lib/gcc/x86_64-pc-linux-gnu/15.2.0/../../../../x86_64-pc-linux-gnu/bin/ld: /root/.local/share/alire/builds/aws_24.0.0_2b75fe6d/a2fb2a4db19727974f173d38934ce569d23ddd914f2b7b8afdff57d173d7ff6e/install_dir/lib/aws.static/libaws.a(aws-net-ssl__openssl.o): in function `aws__net__ssl__send':
/root/.local/share/alire/builds/aws_24.0.0_2b75fe6d/a2fb2a4db19727974f173d38934ce569d23ddd914f2b7b8afdff57d173d7ff6e/config/ssl/aws-net-ssl__openssl.adb:1113:(.text+0x17806): undefined reference to `SSL_write'
/root/.local/share/alire/toolchains/gnat_native_15.2.1_4640d4b3/bin/../lib/gcc/x86_64-pc-linux-gnu/15.2.0/../../../../x86_64-pc-linux-gnu/bin/ld: /root/.local/share/alire/builds/aws_24.0.0_2b75fe6d/a2fb2a4db19727974f173d38934ce569d23ddd914f2b7b8afdff57d173d7ff6e/config/ssl/aws-net-ssl__openssl.adb:1132:(.text+0x17935): undefined reference to `SSL_get_error'
/root/.local/share/alire/toolchains/gnat_native_15.2.1_4640d4b3/bin/../lib/gcc/x86_64-pc-linux-gnu/15.2.0/../../../../x86_64-pc-linux-gnu/bin/ld: /root/.local/share/alire/builds/aws_24.0.0_2b75fe6d/a2fb2a4db19727974f173d38934ce569d23ddd914f2b7b8afdff57d173d7ff6e/config/ssl/aws-net-ssl__openssl.adb:1163:(.text+0x17b59): undefined reference to `ERR_get_error'
/root/.local/share/alire/toolchains/gnat_native_15.2.1_4640d4b3/bin/../lib/gcc/x86_64-pc-linux-gnu/15.2.0/../../../../x86_64-pc-linux-gnu/bin/ld: /root/.local/share/alire/builds/aws_24.0.0_2b75fe6d/a2fb2a4db19727974f173d38934ce569d23ddd914f2b7b8afdff57d173d7ff6e/install_dir/lib/aws.static/libaws.a(aws-net-ssl__openssl.o): in function `aws__net__ssl__server_name_callback':
/root/.local/share/alire/builds/aws_24.0.0_2b75fe6d/a2fb2a4db19727974f173d38934ce569d23ddd914f2b7b8afdff57d173d7ff6e/config/ssl/aws-net-ssl__openssl.adb:1191:(.text+0x17e14): undefined reference to `SSL_get_servername'
/root/.local/share/alire/toolchains/gnat_native_15.2.1_4640d4b3/bin/../lib/gcc/x86_64-pc-linux-gnu/15.2.0/../../../../x86_64-pc-linux-gnu/bin/ld: /root/.local/share/alire/builds/aws_24.0.0_2b75fe6d/a2fb2a4db19727974f173d38934ce569d23ddd914f2b7b8afdff57d173d7ff6e/config/ssl/aws-net-ssl__openssl.adb:1216:(.text+0x1818d): undefined reference to `SSL_set_SSL_CTX'
/root/.local/share/alire/toolchains/gnat_native_15.2.1_4640d4b3/bin/../lib/gcc/x86_64-pc-linux-gnu/15.2.0/../../../../x86_64-pc-linux-gnu/bin/ld: /root/.local/share/alire/builds/aws_24.0.0_2b75fe6d/a2fb2a4db19727974f173d38934ce569d23ddd914f2b7b8afdff57d173d7ff6e/install_dir/lib/aws.static/libaws.a(aws-net-ssl__openssl.o): in function `aws__net__ssl__session_data':
/root/.local/share/alire/builds/aws_24.0.0_2b75fe6d/a2fb2a4db19727974f173d38934ce569d23ddd914f2b7b8afdff57d173d7ff6e/config/ssl/aws-net-ssl__openssl.adb:1247:(.text+0x1846a): undefined reference to `SSL_get1_session'
/root/.local/share/alire/toolchains/gnat_native_15.2.1_4640d4b3/bin/../lib/gcc/x86_64-pc-linux-gnu/15.2.0/../../../../x86_64-pc-linux-gnu/bin/ld: /root/.local/share/alire/builds/aws_24.0.0_2b75fe6d/a2fb2a4db19727974f173d38934ce569d23ddd914f2b7b8afdff57d173d7ff6e/install_dir/lib/aws.static/libaws.a(aws-net-ssl__openssl.o): in function `aws__net__ssl__session_id_image':
/root/.local/share/alire/builds/aws_24.0.0_2b75fe6d/a2fb2a4db19727974f173d38934ce569d23ddd914f2b7b8afdff57d173d7ff6e/config/ssl/aws-net-ssl__openssl.adb:1270:(.text+0x184d3): undefined reference to `SSL_SESSION_get_id'
/root/.local/share/alire/toolchains/gnat_native_15.2.1_4640d4b3/bin/../lib/gcc/x86_64-pc-linux-gnu/15.2.0/../../../../x86_64-pc-linux-gnu/bin/ld: /root/.local/share/alire/builds/aws_24.0.0_2b75fe6d/a2fb2a4db19727974f173d38934ce569d23ddd914f2b7b8afdff57d173d7ff6e/install_dir/lib/aws.static/libaws.a(aws-net-ssl__openssl.o): in function `aws__net__ssl__session_id_image__2':
/root/.local/share/alire/builds/aws_24.0.0_2b75fe6d/a2fb2a4db19727974f173d38934ce569d23ddd914f2b7b8afdff57d173d7ff6e/config/ssl/aws-net-ssl__openssl.adb:1278:(.text+0x185a1): undefined reference to `SSL_get_session'
/root/.local/share/alire/toolchains/gnat_native_15.2.1_4640d4b3/bin/../lib/gcc/x86_64-pc-linux-gnu/15.2.0/../../../../x86_64-pc-linux-gnu/bin/ld: /root/.local/share/alire/builds/aws_24.0.0_2b75fe6d/a2fb2a4db19727974f173d38934ce569d23ddd914f2b7b8afdff57d173d7ff6e/install_dir/lib/aws.static/libaws.a(aws-net-ssl__openssl.o): in function `aws__net__ssl__set_accept_state':
/root/.local/share/alire/builds/aws_24.0.0_2b75fe6d/a2fb2a4db19727974f173d38934ce569d23ddd914f2b7b8afdff57d173d7ff6e/config/ssl/aws-net-ssl__openssl.adb:1305:(.text+0x18677): undefined reference to `SSL_set_accept_state'
/root/.local/share/alire/toolchains/gnat_native_15.2.1_4640d4b3/bin/../lib/gcc/x86_64-pc-linux-gnu/15.2.0/../../../../x86_64-pc-linux-gnu/bin/ld: /root/.local/share/alire/builds/aws_24.0.0_2b75fe6d/a2fb2a4db19727974f173d38934ce569d23ddd914f2b7b8afdff57d173d7ff6e/config/ssl/aws-net-ssl__openssl.adb:1321:(.text+0x1871e): undefined reference to `SSL_set_tmp_dh_callback'
/root/.local/share/alire/toolchains/gnat_native_15.2.1_4640d4b3/bin/../lib/gcc/x86_64-pc-linux-gnu/15.2.0/../../../../x86_64-pc-linux-gnu/bin/ld: /root/.local/share/alire/builds/aws_24.0.0_2b75fe6d/a2fb2a4db19727974f173d38934ce569d23ddd914f2b7b8afdff57d173d7ff6e/install_dir/lib/aws.static/libaws.a(aws-net-ssl__openssl.o): in function `aws__net__ssl__set_connect_state':
/root/.local/share/alire/builds/aws_24.0.0_2b75fe6d/a2fb2a4db19727974f173d38934ce569d23ddd914f2b7b8afdff57d173d7ff6e/config/ssl/aws-net-ssl__openssl.adb:1343:(.text+0x187dd): undefined reference to `SSL_set_connect_state'
/root/.local/share/alire/toolchains/gnat_native_15.2.1_4640d4b3/bin/../lib/gcc/x86_64-pc-linux-gnu/15.2.0/../../../../x86_64-pc-linux-gnu/bin/ld: /root/.local/share/alire/builds/aws_24.0.0_2b75fe6d/a2fb2a4db19727974f173d38934ce569d23ddd914f2b7b8afdff57d173d7ff6e/install_dir/lib/aws.static/libaws.a(aws-net-ssl__openssl.o): in function `aws__net__ssl__set_session_cache_size__2':
/root/.local/share/alire/builds/aws_24.0.0_2b75fe6d/a2fb2a4db19727974f173d38934ce569d23ddd914f2b7b8afdff57d173d7ff6e/config/ssl/aws-net-ssl__openssl.adb:1395:(.text+0x18a1e): undefined reference to `SSL_CTX_ctrl'
/root/.local/share/alire/toolchains/gnat_native_15.2.1_4640d4b3/bin/../lib/gcc/x86_64-pc-linux-gnu/15.2.0/../../../../x86_64-pc-linux-gnu/bin/ld: /root/.local/share/alire/builds/aws_24.0.0_2b75fe6d/a2fb2a4db19727974f173d38934ce569d23ddd914f2b7b8afdff57d173d7ff6e/install_dir/lib/aws.static/libaws.a(aws-net-ssl__openssl.o): in function `aws__net__ssl__set_session_data':
/root/.local/share/alire/builds/aws_24.0.0_2b75fe6d/a2fb2a4db19727974f173d38934ce569d23ddd914f2b7b8afdff57d173d7ff6e/config/ssl/aws-net-ssl__openssl.adb:1414:(.text+0x18ab7): undefined reference to `SSL_set_session'
/root/.local/share/alire/toolchains/gnat_native_15.2.1_4640d4b3/bin/../lib/gcc/x86_64-pc-linux-gnu/15.2.0/../../../../x86_64-pc-linux-gnu/bin/ld: /root/.local/share/alire/builds/aws_24.0.0_2b75fe6d/a2fb2a4db19727974f173d38934ce569d23ddd914f2b7b8afdff57d173d7ff6e/install_dir/lib/aws.static/libaws.a(aws-net-ssl__openssl.o): in function `aws__net__ssl__show_session_statistic__output.99':
/root/.local/share/alire/builds/aws_24.0.0_2b75fe6d/a2fb2a4db19727974f173d38934ce569d23ddd914f2b7b8afdff57d173d7ff6e/config/ssl/aws-net-ssl__openssl.adb:1448:(.text+0x18bbd): undefined reference to `SSL_CTX_ctrl'
/root/.local/share/alire/toolchains/gnat_native_15.2.1_4640d4b3/bin/../lib/gcc/x86_64-pc-linux-gnu/15.2.0/../../../../x86_64-pc-linux-gnu/bin/ld: /root/.local/share/alire/builds/aws_24.0.0_2b75fe6d/a2fb2a4db19727974f173d38934ce569d23ddd914f2b7b8afdff57d173d7ff6e/install_dir/lib/aws.static/libaws.a(aws-net-ssl__openssl.o): in function `aws__net__ssl__shutdown__error_processing.100':
/root/.local/share/alire/builds/aws_24.0.0_2b75fe6d/a2fb2a4db19727974f173d38934ce569d23ddd914f2b7b8afdff57d173d7ff6e/config/ssl/aws-net-ssl__openssl.adb:1485:(.text+0x1919f): undefined reference to `SSL_get_error'
/root/.local/share/alire/toolchains/gnat_native_15.2.1_4640d4b3/bin/../lib/gcc/x86_64-pc-linux-gnu/15.2.0/../../../../x86_64-pc-linux-gnu/bin/ld: /root/.local/share/alire/builds/aws_24.0.0_2b75fe6d/a2fb2a4db19727974f173d38934ce569d23ddd914f2b7b8afdff57d173d7ff6e/config/ssl/aws-net-ssl__openssl.adb:1507:(.text+0x19265): undefined reference to `BIO_get_retry_BIO'
/root/.local/share/alire/toolchains/gnat_native_15.2.1_4640d4b3/bin/../lib/gcc/x86_64-pc-linux-gnu/15.2.0/../../../../x86_64-pc-linux-gnu/bin/ld: /root/.local/share/alire/builds/aws_24.0.0_2b75fe6d/a2fb2a4db19727974f173d38934ce569d23ddd914f2b7b8afdff57d173d7ff6e/config/ssl/aws-net-ssl__openssl.adb:1508:(.text+0x19278): undefined reference to `SSL_get_rbio'
/root/.local/share/alire/toolchains/gnat_native_15.2.1_4640d4b3/bin/../lib/gcc/x86_64-pc-linux-gnu/15.2.0/../../../../x86_64-pc-linux-gnu/bin/ld: /root/.local/share/alire/builds/aws_24.0.0_2b75fe6d/a2fb2a4db19727974f173d38934ce569d23ddd914f2b7b8afdff57d173d7ff6e/config/ssl/aws-net-ssl__openssl.adb:1509:(.text+0x19281): undefined reference to `ERR_get_error'
/root/.local/share/alire/toolchains/gnat_native_15.2.1_4640d4b3/bin/../lib/gcc/x86_64-pc-linux-gnu/15.2.0/../../../../x86_64-pc-linux-gnu/bin/ld: /root/.local/share/alire/builds/aws_24.0.0_2b75fe6d/a2fb2a4db19727974f173d38934ce569d23ddd914f2b7b8afdff57d173d7ff6e/config/ssl/aws-net-ssl__openssl.adb:1512:(.text+0x1929f): undefined reference to `SSL_want'
/root/.local/share/alire/toolchains/gnat_native_15.2.1_4640d4b3/bin/../lib/gcc/x86_64-pc-linux-gnu/15.2.0/../../../../x86_64-pc-linux-gnu/bin/ld: /root/.local/share/alire/builds/aws_24.0.0_2b75fe6d/a2fb2a4db19727974f173d38934ce569d23ddd914f2b7b8afdff57d173d7ff6e/config/ssl/aws-net-ssl__openssl.adb:1525:(.text+0x194c0): undefined reference to `SSL_want'
/root/.local/share/alire/toolchains/gnat_native_15.2.1_4640d4b3/bin/../lib/gcc/x86_64-pc-linux-gnu/15.2.0/../../../../x86_64-pc-linux-gnu/bin/ld: /root/.local/share/alire/builds/aws_24.0.0_2b75fe6d/a2fb2a4db19727974f173d38934ce569d23ddd914f2b7b8afdff57d173d7ff6e/config/ssl/aws-net-ssl__openssl.adb:1537:(.text+0x19c28): undefined reference to `ERR_get_error'
/root/.local/share/alire/toolchains/gnat_native_15.2.1_4640d4b3/bin/../lib/gcc/x86_64-pc-linux-gnu/15.2.0/../../../../x86_64-pc-linux-gnu/bin/ld: /root/.local/share/alire/builds/aws_24.0.0_2b75fe6d/a2fb2a4db19727974f173d38934ce569d23ddd914f2b7b8afdff57d173d7ff6e/install_dir/lib/aws.static/libaws.a(aws-net-ssl__openssl.o): in function `aws__net__ssl__shutdown':
/root/.local/share/alire/builds/aws_24.0.0_2b75fe6d/a2fb2a4db19727974f173d38934ce569d23ddd914f2b7b8afdff57d173d7ff6e/config/ssl/aws-net-ssl__openssl.adb:1561:(.text+0x19f90): undefined reference to `SSL_shutdown'
/root/.local/share/alire/toolchains/gnat_native_15.2.1_4640d4b3/bin/../lib/gcc/x86_64-pc-linux-gnu/15.2.0/../../../../x86_64-pc-linux-gnu/bin/ld: /root/.local/share/alire/builds/aws_24.0.0_2b75fe6d/a2fb2a4db19727974f173d38934ce569d23ddd914f2b7b8afdff57d173d7ff6e/install_dir/lib/aws.static/libaws.a(aws-net-ssl__openssl.o): in function `aws__net__ssl__signature__3':
/root/.local/share/alire/builds/aws_24.0.0_2b75fe6d/a2fb2a4db19727974f173d38934ce569d23ddd914f2b7b8afdff57d173d7ff6e/config/ssl/aws-net-ssl__openssl.adb:1601:(.text+0x1a0e4): undefined reference to `EVP_md5'
/root/.local/share/alire/toolchains/gnat_native_15.2.1_4640d4b3/bin/../lib/gcc/x86_64-pc-linux-gnu/15.2.0/../../../../x86_64-pc-linux-gnu/bin/ld: /root/.local/share/alire/builds/aws_24.0.0_2b75fe6d/a2fb2a4db19727974f173d38934ce569d23ddd914f2b7b8afdff57d173d7ff6e/config/ssl/aws-net-ssl__openssl.adb:1602:(.text+0x1a0f0): undefined reference to `EVP_sha1'
/root/.local/share/alire/toolchains/gnat_native_15.2.1_4640d4b3/bin/../lib/gcc/x86_64-pc-linux-gnu/15.2.0/../../../../x86_64-pc-linux-gnu/bin/ld: /root/.local/share/alire/builds/aws_24.0.0_2b75fe6d/a2fb2a4db19727974f173d38934ce569d23ddd914f2b7b8afdff57d173d7ff6e/config/ssl/aws-net-ssl__openssl.adb:1603:(.text+0x1a0fc): undefined reference to `EVP_sha224'
/root/.local/share/alire/toolchains/gnat_native_15.2.1_4640d4b3/bin/../lib/gcc/x86_64-pc-linux-gnu/15.2.0/../../../../x86_64-pc-linux-gnu/bin/ld: /root/.local/share/alire/builds/aws_24.0.0_2b75fe6d/a2fb2a4db19727974f173d38934ce569d23ddd914f2b7b8afdff57d173d7ff6e/config/ssl/aws-net-ssl__openssl.adb:1604:(.text+0x1a108): undefined reference to `EVP_sha256'
/root/.local/share/alire/toolchains/gnat_native_15.2.1_4640d4b3/bin/../lib/gcc/x86_64-pc-linux-gnu/15.2.0/../../../../x86_64-pc-linux-gnu/bin/ld: /root/.local/share/alire/builds/aws_24.0.0_2b75fe6d/a2fb2a4db19727974f173d38934ce569d23ddd914f2b7b8afdff57d173d7ff6e/config/ssl/aws-net-ssl__openssl.adb:1605:(.text+0x1a114): undefined reference to `EVP_sha384'
/root/.local/share/alire/toolchains/gnat_native_15.2.1_4640d4b3/bin/../lib/gcc/x86_64-pc-linux-gnu/15.2.0/../../../../x86_64-pc-linux-gnu/bin/ld: /root/.local/share/alire/builds/aws_24.0.0_2b75fe6d/a2fb2a4db19727974f173d38934ce569d23ddd914f2b7b8afdff57d173d7ff6e/config/ssl/aws-net-ssl__openssl.adb:1606:(.text+0x1a120): undefined reference to `EVP_sha512'
/root/.local/share/alire/toolchains/gnat_native_15.2.1_4640d4b3/bin/../lib/gcc/x86_64-pc-linux-gnu/15.2.0/../../../../x86_64-pc-linux-gnu/bin/ld: /root/.local/share/alire/builds/aws_24.0.0_2b75fe6d/a2fb2a4db19727974f173d38934ce569d23ddd914f2b7b8afdff57d173d7ff6e/config/ssl/aws-net-ssl__openssl.adb:1619:(.text+0x1a2b5): undefined reference to `EVP_DigestInit'
/root/.local/share/alire/toolchains/gnat_native_15.2.1_4640d4b3/bin/../lib/gcc/x86_64-pc-linux-gnu/15.2.0/../../../../x86_64-pc-linux-gnu/bin/ld: /root/.local/share/alire/builds/aws_24.0.0_2b75fe6d/a2fb2a4db19727974f173d38934ce569d23ddd914f2b7b8afdff57d173d7ff6e/config/ssl/aws-net-ssl__openssl.adb:1620:(.text+0x1a2e1): undefined reference to `EVP_DigestUpdate'
/root/.local/share/alire/toolchains/gnat_native_15.2.1_4640d4b3/bin/../lib/gcc/x86_64-pc-linux-gnu/15.2.0/../../../../x86_64-pc-linux-gnu/bin/ld: /root/.local/share/alire/builds/aws_24.0.0_2b75fe6d/a2fb2a4db19727974f173d38934ce569d23ddd914f2b7b8afdff57d173d7ff6e/config/ssl/aws-net-ssl__openssl.adb:1621:(.text+0x1a30a): undefined reference to `EVP_DigestFinal'
/root/.local/share/alire/toolchains/gnat_native_15.2.1_4640d4b3/bin/../lib/gcc/x86_64-pc-linux-gnu/15.2.0/../../../../x86_64-pc-linux-gnu/bin/ld: /root/.local/share/alire/builds/aws_24.0.0_2b75fe6d/a2fb2a4db19727974f173d38934ce569d23ddd914f2b7b8afdff57d173d7ff6e/config/ssl/aws-net-ssl__openssl.adb:1628:(.text+0x1a3a3): undefined reference to `EVP_PKEY_CTX_new'
/root/.local/share/alire/toolchains/gnat_native_15.2.1_4640d4b3/bin/../lib/gcc/x86_64-pc-linux-gnu/15.2.0/../../../../x86_64-pc-linux-gnu/bin/ld: /root/.local/share/alire/builds/aws_24.0.0_2b75fe6d/a2fb2a4db19727974f173d38934ce569d23ddd914f2b7b8afdff57d173d7ff6e/config/ssl/aws-net-ssl__openssl.adb:1630:(.text+0x1a3c5): undefined reference to `EVP_PKEY_sign_init'
/root/.local/share/alire/toolchains/gnat_native_15.2.1_4640d4b3/bin/../lib/gcc/x86_64-pc-linux-gnu/15.2.0/../../../../x86_64-pc-linux-gnu/bin/ld: /root/.local/share/alire/builds/aws_24.0.0_2b75fe6d/a2fb2a4db19727974f173d38934ce569d23ddd914f2b7b8afdff57d173d7ff6e/config/ssl/aws-net-ssl__openssl.adb:1633:(.text+0x1a45a): undefined reference to `EVP_PKEY_sign'
/root/.local/share/alire/toolchains/gnat_native_15.2.1_4640d4b3/bin/../lib/gcc/x86_64-pc-linux-gnu/15.2.0/../../../../x86_64-pc-linux-gnu/bin/ld: /root/.local/share/alire/builds/aws_24.0.0_2b75fe6d/a2fb2a4db19727974f173d38934ce569d23ddd914f2b7b8afdff57d173d7ff6e/config/ssl/aws-net-ssl__openssl.adb:1635:(.text+0x1a475): undefined reference to `EVP_PKEY_CTX_free'
/root/.local/share/alire/toolchains/gnat_native_15.2.1_4640d4b3/bin/../lib/gcc/x86_64-pc-linux-gnu/15.2.0/../../../../x86_64-pc-linux-gnu/bin/ld: /root/.local/share/alire/builds/aws_24.0.0_2b75fe6d/a2fb2a4db19727974f173d38934ce569d23ddd914f2b7b8afdff57d173d7ff6e/install_dir/lib/aws.static/libaws.a(aws-net-ssl__openssl.o): in function `aws__net__ssl__socket_read':
/root/.local/share/alire/builds/aws_24.0.0_2b75fe6d/a2fb2a4db19727974f173d38934ce569d23ddd914f2b7b8afdff57d173d7ff6e/config/ssl/aws-net-ssl__openssl.adb:1670:(.text+0x1ae22): undefined reference to `BIO_nwrite0'
/root/.local/share/alire/toolchains/gnat_native_15.2.1_4640d4b3/bin/../lib/gcc/x86_64-pc-linux-gnu/15.2.0/../../../../x86_64-pc-linux-gnu/bin/ld: /root/.local/share/alire/builds/aws_24.0.0_2b75fe6d/a2fb2a4db19727974f173d38934ce569d23ddd914f2b7b8afdff57d173d7ff6e/config/ssl/aws-net-ssl__openssl.adb:1674:(.text+0x1aee9): undefined reference to `BIO_nwrite'
/root/.local/share/alire/toolchains/gnat_native_15.2.1_4640d4b3/bin/../lib/gcc/x86_64-pc-linux-gnu/15.2.0/../../../../x86_64-pc-linux-gnu/bin/ld: /root/.local/share/alire/builds/aws_24.0.0_2b75fe6d/a2fb2a4db19727974f173d38934ce569d23ddd914f2b7b8afdff57d173d7ff6e/install_dir/lib/aws.static/libaws.a(aws-net-ssl__openssl.o): in function `aws__net__ssl__socket_write':
/root/.local/share/alire/builds/aws_24.0.0_2b75fe6d/a2fb2a4db19727974f173d38934ce569d23ddd914f2b7b8afdff57d173d7ff6e/config/ssl/aws-net-ssl__openssl.adb:1689:(.text+0x1b04b): undefined reference to `BIO_nread0'
/root/.local/share/alire/toolchains/gnat_native_15.2.1_4640d4b3/bin/../lib/gcc/x86_64-pc-linux-gnu/15.2.0/../../../../x86_64-pc-linux-gnu/bin/ld: /root/.local/share/alire/builds/aws_24.0.0_2b75fe6d/a2fb2a4db19727974f173d38934ce569d23ddd914f2b7b8afdff57d173d7ff6e/config/ssl/aws-net-ssl__openssl.adb:1722:(.text+0x1b529): undefined reference to `BIO_nread'
/root/.local/share/alire/toolchains/gnat_native_15.2.1_4640d4b3/bin/../lib/gcc/x86_64-pc-linux-gnu/15.2.0/../../../../x86_64-pc-linux-gnu/bin/ld: /root/.local/share/alire/builds/aws_24.0.0_2b75fe6d/a2fb2a4db19727974f173d38934ce569d23ddd914f2b7b8afdff57d173d7ff6e/config/ssl/aws-net-ssl__openssl.adb:1725:(.text+0x1b54b): undefined reference to `SSL_get_shutdown'
/root/.local/share/alire/toolchains/gnat_native_15.2.1_4640d4b3/bin/../lib/gcc/x86_64-pc-linux-gnu/15.2.0/../../../../x86_64-pc-linux-gnu/bin/ld: /root/.local/share/alire/builds/aws_24.0.0_2b75fe6d/a2fb2a4db19727974f173d38934ce569d23ddd914f2b7b8afdff57d173d7ff6e/install_dir/lib/aws.static/libaws.a(aws-net-ssl__openssl.o): in function `aws__net__ssl__ts_ssl__alpn_setN':
/root/.local/share/alire/builds/aws_24.0.0_2b75fe6d/a2fb2a4db19727974f173d38934ce569d23ddd914f2b7b8afdff57d173d7ff6e/config/ssl/aws-net-ssl__openssl.adb:2160:(.text+0x1d5dd): undefined reference to `SSL_CTX_set_alpn_protos'
/root/.local/share/alire/toolchains/gnat_native_15.2.1_4640d4b3/bin/../lib/gcc/x86_64-pc-linux-gnu/15.2.0/../../../../x86_64-pc-linux-gnu/bin/ld: /root/.local/share/alire/builds/aws_24.0.0_2b75fe6d/a2fb2a4db19727974f173d38934ce569d23ddd914f2b7b8afdff57d173d7ff6e/config/ssl/aws-net-ssl__openssl.adb:2164:(.text+0x1d642): undefined reference to `SSL_CTX_set_alpn_select_cb'
/root/.local/share/alire/toolchains/gnat_native_15.2.1_4640d4b3/bin/../lib/gcc/x86_64-pc-linux-gnu/15.2.0/../../../../x86_64-pc-linux-gnu/bin/ld: /root/.local/share/alire/builds/aws_24.0.0_2b75fe6d/a2fb2a4db19727974f173d38934ce569d23ddd914f2b7b8afdff57d173d7ff6e/install_dir/lib/aws.static/libaws.a(aws-net-ssl__openssl.o): in function `aws__net__ssl__ts_ssl__check_crlN__reload_crl_file.117':
/root/.local/share/alire/builds/aws_24.0.0_2b75fe6d/a2fb2a4db19727974f173d38934ce569d23ddd914f2b7b8afdff57d173d7ff6e/config/ssl/aws-net-ssl__openssl.adb:2185:(.text+0x1d794): undefined reference to `SSL_CTX_get_cert_store'
/root/.local/share/alire/toolchains/gnat_native_15.2.1_4640d4b3/bin/../lib/gcc/x86_64-pc-linux-gnu/15.2.0/../../../../x86_64-pc-linux-gnu/bin/ld: /root/.local/share/alire/builds/aws_24.0.0_2b75fe6d/a2fb2a4db19727974f173d38934ce569d23ddd914f2b7b8afdff57d173d7ff6e/config/ssl/aws-net-ssl__openssl.adb:2187:(.text+0x1d79d): undefined reference to `X509_LOOKUP_file'
/root/.local/share/alire/toolchains/gnat_native_15.2.1_4640d4b3/bin/../lib/gcc/x86_64-pc-linux-gnu/15.2.0/../../../../x86_64-pc-linux-gnu/bin/ld: /root/.local/share/alire/builds/aws_24.0.0_2b75fe6d/a2fb2a4db19727974f173d38934ce569d23ddd914f2b7b8afdff57d173d7ff6e/config/ssl/aws-net-ssl__openssl.adb:2187:(.text+0x1d7af): undefined reference to `X509_STORE_add_lookup'
/root/.local/share/alire/toolchains/gnat_native_15.2.1_4640d4b3/bin/../lib/gcc/x86_64-pc-linux-gnu/15.2.0/../../../../x86_64-pc-linux-gnu/bin/ld: /root/.local/share/alire/builds/aws_24.0.0_2b75fe6d/a2fb2a4db19727974f173d38934ce569d23ddd914f2b7b8afdff57d173d7ff6e/config/ssl/aws-net-ssl__openssl.adb:2190:(.text+0x1d7b8): undefined reference to `X509_VERIFY_PARAM_new'
/root/.local/share/alire/toolchains/gnat_native_15.2.1_4640d4b3/bin/../lib/gcc/x86_64-pc-linux-gnu/15.2.0/../../../../x86_64-pc-linux-gnu/bin/ld: /root/.local/share/alire/builds/aws_24.0.0_2b75fe6d/a2fb2a4db19727974f173d38934ce569d23ddd914f2b7b8afdff57d173d7ff6e/config/ssl/aws-net-ssl__openssl.adb:2195:(.text+0x1d7d8): undefined reference to `X509_load_crl_file'
/root/.local/share/alire/toolchains/gnat_native_15.2.1_4640d4b3/bin/../lib/gcc/x86_64-pc-linux-gnu/15.2.0/../../../../x86_64-pc-linux-gnu/bin/ld: /root/.local/share/alire/builds/aws_24.0.0_2b75fe6d/a2fb2a4db19727974f173d38934ce569d23ddd914f2b7b8afdff57d173d7ff6e/config/ssl/aws-net-ssl__openssl.adb:2201:(.text+0x1d7f9): undefined reference to `X509_VERIFY_PARAM_set_flags'
/root/.local/share/alire/toolchains/gnat_native_15.2.1_4640d4b3/bin/../lib/gcc/x86_64-pc-linux-gnu/15.2.0/../../../../x86_64-pc-linux-gnu/bin/ld: /root/.local/share/alire/builds/aws_24.0.0_2b75fe6d/a2fb2a4db19727974f173d38934ce569d23ddd914f2b7b8afdff57d173d7ff6e/config/ssl/aws-net-ssl__openssl.adb:2203:(.text+0x1d819): undefined reference to `X509_STORE_set1_param'
/root/.local/share/alire/toolchains/gnat_native_15.2.1_4640d4b3/bin/../lib/gcc/x86_64-pc-linux-gnu/15.2.0/../../../../x86_64-pc-linux-gnu/bin/ld: /root/.local/share/alire/builds/aws_24.0.0_2b75fe6d/a2fb2a4db19727974f173d38934ce569d23ddd914f2b7b8afdff57d173d7ff6e/config/ssl/aws-net-ssl__openssl.adb:2204:(.text+0x1d832): undefined reference to `X509_VERIFY_PARAM_free'
/root/.local/share/alire/toolchains/gnat_native_15.2.1_4640d4b3/bin/../lib/gcc/x86_64-pc-linux-gnu/15.2.0/../../../../x86_64-pc-linux-gnu/bin/ld: /root/.local/share/alire/builds/aws_24.0.0_2b75fe6d/a2fb2a4db19727974f173d38934ce569d23ddd914f2b7b8afdff57d173d7ff6e/install_dir/lib/aws.static/libaws.a(aws-net-ssl__openssl.o): in function `aws__net__ssl__ts_ssl__clear_session_cacheN':
/root/.local/share/alire/builds/aws_24.0.0_2b75fe6d/a2fb2a4db19727974f173d38934ce569d23ddd914f2b7b8afdff57d173d7ff6e/config/ssl/aws-net-ssl__openssl.adb:2235:(.text+0x1dfee): undefined reference to `SSL_CTX_flush_sessions'
/root/.local/share/alire/toolchains/gnat_native_15.2.1_4640d4b3/bin/../lib/gcc/x86_64-pc-linux-gnu/15.2.0/../../../../x86_64-pc-linux-gnu/bin/ld: /root/.local/share/alire/builds/aws_24.0.0_2b75fe6d/a2fb2a4db19727974f173d38934ce569d23ddd914f2b7b8afdff57d173d7ff6e/config/ssl/aws-net-ssl__openssl.adb:2237:(.text+0x1e171): undefined reference to `SSL_CTX_flush_sessions'
/root/.local/share/alire/toolchains/gnat_native_15.2.1_4640d4b3/bin/../lib/gcc/x86_64-pc-linux-gnu/15.2.0/../../../../x86_64-pc-linux-gnu/bin/ld: /root/.local/share/alire/builds/aws_24.0.0_2b75fe6d/a2fb2a4db19727974f173d38934ce569d23ddd914f2b7b8afdff57d173d7ff6e/install_dir/lib/aws.static/libaws.a(aws-net-ssl__openssl.o): in function `aws__net__ssl__ts_ssl__finalizeN':
/root/.local/share/alire/builds/aws_24.0.0_2b75fe6d/a2fb2a4db19727974f173d38934ce569d23ddd914f2b7b8afdff57d173d7ff6e/config/ssl/aws-net-ssl__openssl.adb:2258:(.text+0x1e888): undefined reference to `SSL_CTX_free'
/root/.local/share/alire/toolchains/gnat_native_15.2.1_4640d4b3/bin/../lib/gcc/x86_64-pc-linux-gnu/15.2.0/../../../../x86_64-pc-linux-gnu/bin/ld: /root/.local/share/alire/builds/aws_24.0.0_2b75fe6d/a2fb2a4db19727974f173d38934ce569d23ddd914f2b7b8afdff57d173d7ff6e/config/ssl/aws-net-ssl__openssl.adb:2262:(.text+0x1ea09): undefined reference to `SSL_CTX_free'
/root/.local/share/alire/toolchains/gnat_native_15.2.1_4640d4b3/bin/../lib/gcc/x86_64-pc-linux-gnu/15.2.0/../../../../x86_64-pc-linux-gnu/bin/ld: /root/.local/share/alire/builds/aws_24.0.0_2b75fe6d/a2fb2a4db19727974f173d38934ce569d23ddd914f2b7b8afdff57d173d7ff6e/install_dir/lib/aws.static/libaws.a(aws-net-ssl__openssl.o): in function `aws__net__ssl__ts_ssl__initialize_host_certificateN__set_certificate.133':
/root/.local/share/alire/builds/aws_24.0.0_2b75fe6d/a2fb2a4db19727974f173d38934ce569d23ddd914f2b7b8afdff57d173d7ff6e/config/ssl/aws-net-ssl__openssl.adb:2357:(.text+0x1f4df): undefined reference to `SSL_CTX_use_certificate_chain_file'
/root/.local/share/alire/toolchains/gnat_native_15.2.1_4640d4b3/bin/../lib/gcc/x86_64-pc-linux-gnu/15.2.0/../../../../x86_64-pc-linux-gnu/bin/ld: /root/.local/share/alire/builds/aws_24.0.0_2b75fe6d/a2fb2a4db19727974f173d38934ce569d23ddd914f2b7b8afdff57d173d7ff6e/config/ssl/aws-net-ssl__openssl.adb:2364:(.text+0x1f56b): undefined reference to `SSL_CTX_use_PrivateKey'
/root/.local/share/alire/toolchains/gnat_native_15.2.1_4640d4b3/bin/../lib/gcc/x86_64-pc-linux-gnu/15.2.0/../../../../x86_64-pc-linux-gnu/bin/ld: /root/.local/share/alire/builds/aws_24.0.0_2b75fe6d/a2fb2a4db19727974f173d38934ce569d23ddd914f2b7b8afdff57d173d7ff6e/config/ssl/aws-net-ssl__openssl.adb:2365:(.text+0x1f587): undefined reference to `SSL_CTX_check_private_key'
/root/.local/share/alire/toolchains/gnat_native_15.2.1_4640d4b3/bin/../lib/gcc/x86_64-pc-linux-gnu/15.2.0/../../../../x86_64-pc-linux-gnu/bin/ld: /root/.local/share/alire/builds/aws_24.0.0_2b75fe6d/a2fb2a4db19727974f173d38934ce569d23ddd914f2b7b8afdff57d173d7ff6e/config/ssl/aws-net-ssl__openssl.adb:2373:(.text+0x1f6f4): undefined reference to `SSL_CTX_set_session_id_context'
/root/.local/share/alire/toolchains/gnat_native_15.2.1_4640d4b3/bin/../lib/gcc/x86_64-pc-linux-gnu/15.2.0/../../../../x86_64-pc-linux-gnu/bin/ld: /root/.local/share/alire/builds/aws_24.0.0_2b75fe6d/a2fb2a4db19727974f173d38934ce569d23ddd914f2b7b8afdff57d173d7ff6e/config/ssl/aws-net-ssl__openssl.adb:2385:(.text+0x1f761): undefined reference to `SSL_CTX_load_verify_locations'
/root/.local/share/alire/toolchains/gnat_native_15.2.1_4640d4b3/bin/../lib/gcc/x86_64-pc-linux-gnu/15.2.0/../../../../x86_64-pc-linux-gnu/bin/ld: /root/.local/share/alire/builds/aws_24.0.0_2b75fe6d/a2fb2a4db19727974f173d38934ce569d23ddd914f2b7b8afdff57d173d7ff6e/config/ssl/aws-net-ssl__openssl.adb:2392:(.text+0x1f7bc): undefined reference to `SSL_load_client_CA_file'
/root/.local/share/alire/toolchains/gnat_native_15.2.1_4640d4b3/bin/../lib/gcc/x86_64-pc-linux-gnu/15.2.0/../../../../x86_64-pc-linux-gnu/bin/ld: /root/.local/share/alire/builds/aws_24.0.0_2b75fe6d/a2fb2a4db19727974f173d38934ce569d23ddd914f2b7b8afdff57d173d7ff6e/config/ssl/aws-net-ssl__openssl.adb:2395:(.text+0x1f7df): undefined reference to `SSL_dup_CA_list'
/root/.local/share/alire/toolchains/gnat_native_15.2.1_4640d4b3/bin/../lib/gcc/x86_64-pc-linux-gnu/15.2.0/../../../../x86_64-pc-linux-gnu/bin/ld: /root/.local/share/alire/builds/aws_24.0.0_2b75fe6d/a2fb2a4db19727974f173d38934ce569d23ddd914f2b7b8afdff57d173d7ff6e/config/ssl/aws-net-ssl__openssl.adb:2399:(.text+0x1f80a): undefined reference to `SSL_CTX_set_client_CA_list'
/root/.local/share/alire/toolchains/gnat_native_15.2.1_4640d4b3/bin/../lib/gcc/x86_64-pc-linux-gnu/15.2.0/../../../../x86_64-pc-linux-gnu/bin/ld: /root/.local/share/alire/builds/aws_24.0.0_2b75fe6d/a2fb2a4db19727974f173d38934ce569d23ddd914f2b7b8afdff57d173d7ff6e/install_dir/lib/aws.static/libaws.a(aws-net-ssl__openssl.o): in function `aws__net__ssl__ts_ssl__initialize_host_certificateN':
/root/.local/share/alire/builds/aws_24.0.0_2b75fe6d/a2fb2a4db19727974f173d38934ce569d23ddd914f2b7b8afdff57d173d7ff6e/config/ssl/aws-net-ssl__openssl.adb:2411:(.text+0x1fb51): undefined reference to `SSL_CTX_new'
/root/.local/share/alire/toolchains/gnat_native_15.2.1_4640d4b3/bin/../lib/gcc/x86_64-pc-linux-gnu/15.2.0/../../../../x86_64-pc-linux-gnu/bin/ld: /root/.local/share/alire/builds/aws_24.0.0_2b75fe6d/a2fb2a4db19727974f173d38934ce569d23ddd914f2b7b8afdff57d173d7ff6e/config/ssl/aws-net-ssl__openssl.adb:2421:(.text+0x1fbde): undefined reference to `SSL_CTX_ctrl'
/root/.local/share/alire/toolchains/gnat_native_15.2.1_4640d4b3/bin/../lib/gcc/x86_64-pc-linux-gnu/15.2.0/../../../../x86_64-pc-linux-gnu/bin/ld: /root/.local/share/alire/builds/aws_24.0.0_2b75fe6d/a2fb2a4db19727974f173d38934ce569d23ddd914f2b7b8afdff57d173d7ff6e/config/ssl/aws-net-ssl__openssl.adb:2432:(.text+0x1fc3b): undefined reference to `SSL_CTX_set_ex_data'
/root/.local/share/alire/toolchains/gnat_native_15.2.1_4640d4b3/bin/../lib/gcc/x86_64-pc-linux-gnu/15.2.0/../../../../x86_64-pc-linux-gnu/bin/ld: /root/.local/share/alire/builds/aws_24.0.0_2b75fe6d/a2fb2a4db19727974f173d38934ce569d23ddd914f2b7b8afdff57d173d7ff6e/config/ssl/aws-net-ssl__openssl.adb:2443:(.text+0x1fca0): undefined reference to `SSL_CTX_set_verify'
/root/.local/share/alire/toolchains/gnat_native_15.2.1_4640d4b3/bin/../lib/gcc/x86_64-pc-linux-gnu/15.2.0/../../../../x86_64-pc-linux-gnu/bin/ld: /root/.local/share/alire/builds/aws_24.0.0_2b75fe6d/a2fb2a4db19727974f173d38934ce569d23ddd914f2b7b8afdff57d173d7ff6e/config/ssl/aws-net-ssl__openssl.adb:2453:(.text+0x1fcea): undefined reference to `SSL_CTX_set_ciphersuites'
/root/.local/share/alire/toolchains/gnat_native_15.2.1_4640d4b3/bin/../lib/gcc/x86_64-pc-linux-gnu/15.2.0/../../../../x86_64-pc-linux-gnu/bin/ld: /root/.local/share/alire/builds/aws_24.0.0_2b75fe6d/a2fb2a4db19727974f173d38934ce569d23ddd914f2b7b8afdff57d173d7ff6e/config/ssl/aws-net-ssl__openssl.adb:2461:(.text+0x1fd9c): undefined reference to `SSL_CTX_set_cipher_list'
/root/.local/share/alire/toolchains/gnat_native_15.2.1_4640d4b3/bin/../lib/gcc/x86_64-pc-linux-gnu/15.2.0/../../../../x86_64-pc-linux-gnu/bin/ld: /root/.local/share/alire/builds/aws_24.0.0_2b75fe6d/a2fb2a4db19727974f173d38934ce569d23ddd914f2b7b8afdff57d173d7ff6e/install_dir/lib/aws.static/libaws.a(aws-net-ssl__openssl.o): in function `aws__net__ssl__ts_ssl__session_cache_numberN':
/root/.local/share/alire/builds/aws_24.0.0_2b75fe6d/a2fb2a4db19727974f173d38934ce569d23ddd914f2b7b8afdff57d173d7ff6e/config/ssl/aws-net-ssl__openssl.adb:2680:(.text+0x22402): undefined reference to `SSL_CTX_ctrl'
/root/.local/share/alire/toolchains/gnat_native_15.2.1_4640d4b3/bin/../lib/gcc/x86_64-pc-linux-gnu/15.2.0/../../../../x86_64-pc-linux-gnu/bin/ld: /root/.local/share/alire/builds/aws_24.0.0_2b75fe6d/a2fb2a4db19727974f173d38934ce569d23ddd914f2b7b8afdff57d173d7ff6e/install_dir/lib/aws.static/libaws.a(aws-net-ssl__openssl.o): in function `aws__net__ssl__ts_ssl__set_ioN':
/root/.local/share/alire/builds/aws_24.0.0_2b75fe6d/a2fb2a4db19727974f173d38934ce569d23ddd914f2b7b8afdff57d173d7ff6e/config/ssl/aws-net-ssl__openssl.adb:2692:(.text+0x22633): undefined reference to `SSL_new'
/root/.local/share/alire/toolchains/gnat_native_15.2.1_4640d4b3/bin/../lib/gcc/x86_64-pc-linux-gnu/15.2.0/../../../../x86_64-pc-linux-gnu/bin/ld: /root/.local/share/alire/builds/aws_24.0.0_2b75fe6d/a2fb2a4db19727974f173d38934ce569d23ddd914f2b7b8afdff57d173d7ff6e/config/ssl/aws-net-ssl__openssl.adb:2696:(.text+0x22683): undefined reference to `BIO_new_bio_pair'
/root/.local/share/alire/toolchains/gnat_native_15.2.1_4640d4b3/bin/../lib/gcc/x86_64-pc-linux-gnu/15.2.0/../../../../x86_64-pc-linux-gnu/bin/ld: /root/.local/share/alire/builds/aws_24.0.0_2b75fe6d/a2fb2a4db19727974f173d38934ce569d23ddd914f2b7b8afdff57d173d7ff6e/config/ssl/aws-net-ssl__openssl.adb:2700:(.text+0x226d3): undefined reference to `BIO_debug_callback'
/root/.local/share/alire/toolchains/gnat_native_15.2.1_4640d4b3/bin/../lib/gcc/x86_64-pc-linux-gnu/15.2.0/../../../../x86_64-pc-linux-gnu/bin/ld: /root/.local/share/alire/builds/aws_24.0.0_2b75fe6d/a2fb2a4db19727974f173d38934ce569d23ddd914f2b7b8afdff57d173d7ff6e/config/ssl/aws-net-ssl__openssl.adb:2700:(.text+0x226de): undefined reference to `BIO_set_callback'
/root/.local/share/alire/toolchains/gnat_native_15.2.1_4640d4b3/bin/../lib/gcc/x86_64-pc-linux-gnu/15.2.0/../../../../x86_64-pc-linux-gnu/bin/ld: /root/.local/share/alire/builds/aws_24.0.0_2b75fe6d/a2fb2a4db19727974f173d38934ce569d23ddd914f2b7b8afdff57d173d7ff6e/config/ssl/aws-net-ssl__openssl.adb:2701:(.text+0x226ee): undefined reference to `BIO_debug_callback'
/root/.local/share/alire/toolchains/gnat_native_15.2.1_4640d4b3/bin/../lib/gcc/x86_64-pc-linux-gnu/15.2.0/../../../../x86_64-pc-linux-gnu/bin/ld: /root/.local/share/alire/builds/aws_24.0.0_2b75fe6d/a2fb2a4db19727974f173d38934ce569d23ddd914f2b7b8afdff57d173d7ff6e/config/ssl/aws-net-ssl__openssl.adb:2701:(.text+0x226f9): undefined reference to `BIO_set_callback'
/root/.local/share/alire/toolchains/gnat_native_15.2.1_4640d4b3/bin/../lib/gcc/x86_64-pc-linux-gnu/15.2.0/../../../../x86_64-pc-linux-gnu/bin/ld: /root/.local/share/alire/builds/aws_24.0.0_2b75fe6d/a2fb2a4db19727974f173d38934ce569d23ddd914f2b7b8afdff57d173d7ff6e/config/ssl/aws-net-ssl__openssl.adb:2703:(.text+0x22706): undefined reference to `BIO_debug_callback'
/root/.local/share/alire/toolchains/gnat_native_15.2.1_4640d4b3/bin/../lib/gcc/x86_64-pc-linux-gnu/15.2.0/../../../../x86_64-pc-linux-gnu/bin/ld: /root/.local/share/alire/builds/aws_24.0.0_2b75fe6d/a2fb2a4db19727974f173d38934ce569d23ddd914f2b7b8afdff57d173d7ff6e/config/ssl/aws-net-ssl__openssl.adb:2703:(.text+0x22711): undefined reference to `BIO_set_callback'
/root/.local/share/alire/toolchains/gnat_native_15.2.1_4640d4b3/bin/../lib/gcc/x86_64-pc-linux-gnu/15.2.0/../../../../x86_64-pc-linux-gnu/bin/ld: /root/.local/share/alire/builds/aws_24.0.0_2b75fe6d/a2fb2a4db19727974f173d38934ce569d23ddd914f2b7b8afdff57d173d7ff6e/config/ssl/aws-net-ssl__openssl.adb:2704:(.text+0x2271f): undefined reference to `BIO_debug_callback'
/root/.local/share/alire/toolchains/gnat_native_15.2.1_4640d4b3/bin/../lib/gcc/x86_64-pc-linux-gnu/15.2.0/../../../../x86_64-pc-linux-gnu/bin/ld: /root/.local/share/alire/builds/aws_24.0.0_2b75fe6d/a2fb2a4db19727974f173d38934ce569d23ddd914f2b7b8afdff57d173d7ff6e/config/ssl/aws-net-ssl__openssl.adb:2704:(.text+0x2272a): undefined reference to `BIO_set_callback'
/root/.local/share/alire/toolchains/gnat_native_15.2.1_4640d4b3/bin/../lib/gcc/x86_64-pc-linux-gnu/15.2.0/../../../../x86_64-pc-linux-gnu/bin/ld: /root/.local/share/alire/builds/aws_24.0.0_2b75fe6d/a2fb2a4db19727974f173d38934ce569d23ddd914f2b7b8afdff57d173d7ff6e/config/ssl/aws-net-ssl__openssl.adb:2709:(.text+0x2274c): undefined reference to `BIO_s_null'
/root/.local/share/alire/toolchains/gnat_native_15.2.1_4640d4b3/bin/../lib/gcc/x86_64-pc-linux-gnu/15.2.0/../../../../x86_64-pc-linux-gnu/bin/ld: /root/.local/share/alire/builds/aws_24.0.0_2b75fe6d/a2fb2a4db19727974f173d38934ce569d23ddd914f2b7b8afdff57d173d7ff6e/config/ssl/aws-net-ssl__openssl.adb:2711:(.text+0x22794): undefined reference to `BIO_new'
/root/.local/share/alire/toolchains/gnat_native_15.2.1_4640d4b3/bin/../lib/gcc/x86_64-pc-linux-gnu/15.2.0/../../../../x86_64-pc-linux-gnu/bin/ld: /root/.local/share/alire/builds/aws_24.0.0_2b75fe6d/a2fb2a4db19727974f173d38934ce569d23ddd914f2b7b8afdff57d173d7ff6e/config/ssl/aws-net-ssl__openssl.adb:2714:(.text+0x227b1): undefined reference to `BIO_set_callback_arg'
/root/.local/share/alire/toolchains/gnat_native_15.2.1_4640d4b3/bin/../lib/gcc/x86_64-pc-linux-gnu/15.2.0/../../../../x86_64-pc-linux-gnu/bin/ld: /root/.local/share/alire/builds/aws_24.0.0_2b75fe6d/a2fb2a4db19727974f173d38934ce569d23ddd914f2b7b8afdff57d173d7ff6e/config/ssl/aws-net-ssl__openssl.adb:2715:(.text+0x227ca): undefined reference to `BIO_set_callback_arg'
/root/.local/share/alire/toolchains/gnat_native_15.2.1_4640d4b3/bin/../lib/gcc/x86_64-pc-linux-gnu/15.2.0/../../../../x86_64-pc-linux-gnu/bin/ld: /root/.local/share/alire/builds/aws_24.0.0_2b75fe6d/a2fb2a4db19727974f173d38934ce569d23ddd914f2b7b8afdff57d173d7ff6e/config/ssl/aws-net-ssl__openssl.adb:2720:(.text+0x227fa): undefined reference to `SSL_set_bio'
/root/.local/share/alire/toolchains/gnat_native_15.2.1_4640d4b3/bin/../lib/gcc/x86_64-pc-linux-gnu/15.2.0/../../../../x86_64-pc-linux-gnu/bin/ld: /root/.local/share/alire/builds/aws_24.0.0_2b75fe6d/a2fb2a4db19727974f173d38934ce569d23ddd914f2b7b8afdff57d173d7ff6e/install_dir/lib/aws.static/libaws.a(aws-net-ssl__openssl.o): in function `aws__net__ssl__ts_ssl__set_verify_callbackN__set_callback.159':
/root/.local/share/alire/builds/aws_24.0.0_2b75fe6d/a2fb2a4db19727974f173d38934ce569d23ddd914f2b7b8afdff57d173d7ff6e/config/ssl/aws-net-ssl__openssl.adb:2750:(.text+0x22e1a): undefined reference to `SSL_CTX_set_ex_data'
/root/.local/share/alire/toolchains/gnat_native_15.2.1_4640d4b3/bin/../lib/gcc/x86_64-pc-linux-gnu/15.2.0/../../../../x86_64-pc-linux-gnu/bin/ld: /root/.local/share/alire/builds/aws_24.0.0_2b75fe6d/a2fb2a4db19727974f173d38934ce569d23ddd914f2b7b8afdff57d173d7ff6e/install_dir/lib/aws.static/libaws.a(aws-net-ssl__openssl.o): in function `aws__net__ssl__verify_callback':
/root/.local/share/alire/builds/aws_24.0.0_2b75fe6d/a2fb2a4db19727974f173d38934ce569d23ddd914f2b7b8afdff57d173d7ff6e/config/ssl/aws-net-ssl__openssl.adb:2785:(.text+0x233f9): undefined reference to `SSL_get_ex_data_X509_STORE_CTX_idx'
/root/.local/share/alire/toolchains/gnat_native_15.2.1_4640d4b3/bin/../lib/gcc/x86_64-pc-linux-gnu/15.2.0/../../../../x86_64-pc-linux-gnu/bin/ld: /root/.local/share/alire/builds/aws_24.0.0_2b75fe6d/a2fb2a4db19727974f173d38934ce569d23ddd914f2b7b8afdff57d173d7ff6e/config/ssl/aws-net-ssl__openssl.adb:2785:(.text+0x2340c): undefined reference to `X509_STORE_CTX_get_ex_data'
/root/.local/share/alire/toolchains/gnat_native_15.2.1_4640d4b3/bin/../lib/gcc/x86_64-pc-linux-gnu/15.2.0/../../../../x86_64-pc-linux-gnu/bin/ld: /root/.local/share/alire/builds/aws_24.0.0_2b75fe6d/a2fb2a4db19727974f173d38934ce569d23ddd914f2b7b8afdff57d173d7ff6e/config/ssl/aws-net-ssl__openssl.adb:2791:(.text+0x2341c): undefined reference to `SSL_get_SSL_CTX'
/root/.local/share/alire/toolchains/gnat_native_15.2.1_4640d4b3/bin/../lib/gcc/x86_64-pc-linux-gnu/15.2.0/../../../../x86_64-pc-linux-gnu/bin/ld: /root/.local/share/alire/builds/aws_24.0.0_2b75fe6d/a2fb2a4db19727974f173d38934ce569d23ddd914f2b7b8afdff57d173d7ff6e/config/ssl/aws-net-ssl__openssl.adb:2795:(.text+0x2342c): undefined reference to `SSL_get_verify_mode'
/root/.local/share/alire/toolchains/gnat_native_15.2.1_4640d4b3/bin/../lib/gcc/x86_64-pc-linux-gnu/15.2.0/../../../../x86_64-pc-linux-gnu/bin/ld: /root/.local/share/alire/builds/aws_24.0.0_2b75fe6d/a2fb2a4db19727974f173d38934ce569d23ddd914f2b7b8afdff57d173d7ff6e/config/ssl/aws-net-ssl__openssl.adb:2799:(.text+0x2343e): undefined reference to `X509_STORE_CTX_get_current_cert'
/root/.local/share/alire/toolchains/gnat_native_15.2.1_4640d4b3/bin/../lib/gcc/x86_64-pc-linux-gnu/15.2.0/../../../../x86_64-pc-linux-gnu/bin/ld: /root/.local/share/alire/builds/aws_24.0.0_2b75fe6d/a2fb2a4db19727974f173d38934ce569d23ddd914f2b7b8afdff57d173d7ff6e/config/ssl/aws-net-ssl__openssl.adb:2805:(.text+0x23451): undefined reference to `X509_STORE_CTX_get_error'
/root/.local/share/alire/toolchains/gnat_native_15.2.1_4640d4b3/bin/../lib/gcc/x86_64-pc-linux-gnu/15.2.0/../../../../x86_64-pc-linux-gnu/bin/ld: /root/.local/share/alire/builds/aws_24.0.0_2b75fe6d/a2fb2a4db19727974f173d38934ce569d23ddd914f2b7b8afdff57d173d7ff6e/config/ssl/aws-net-ssl__openssl.adb:2809:(.text+0x23468): undefined reference to `SSL_CTX_get_ex_data'
/root/.local/share/alire/toolchains/gnat_native_15.2.1_4640d4b3/bin/../lib/gcc/x86_64-pc-linux-gnu/15.2.0/../../../../x86_64-pc-linux-gnu/bin/ld: /root/.local/share/alire/builds/aws_24.0.0_2b75fe6d/a2fb2a4db19727974f173d38934ce569d23ddd914f2b7b8afdff57d173d7ff6e/install_dir/lib/aws.static/libaws.a(aws-net-ssl__openssl.o): in function `aws__net__ssl___elabb':
/root/.local/share/alire/builds/aws_24.0.0_2b75fe6d/a2fb2a4db19727974f173d38934ce569d23ddd914f2b7b8afdff57d173d7ff6e/config/ssl/aws-net-ssl__openssl.adb:2850:(.text+0x244b5): undefined reference to `CRYPTO_get_mem_functions'
/root/.local/share/alire/toolchains/gnat_native_15.2.1_4640d4b3/bin/../lib/gcc/x86_64-pc-linux-gnu/15.2.0/../../../../x86_64-pc-linux-gnu/bin/ld: /root/.local/share/alire/builds/aws_24.0.0_2b75fe6d/a2fb2a4db19727974f173d38934ce569d23ddd914f2b7b8afdff57d173d7ff6e/config/ssl/aws-net-ssl__openssl.adb:2860:(.text+0x244de): undefined reference to `CRYPTO_set_mem_functions'
/root/.local/share/alire/toolchains/gnat_native_15.2.1_4640d4b3/bin/../lib/gcc/x86_64-pc-linux-gnu/15.2.0/../../../../x86_64-pc-linux-gnu/bin/ld: /root/.local/share/alire/builds/aws_24.0.0_2b75fe6d/a2fb2a4db19727974f173d38934ce569d23ddd914f2b7b8afdff57d173d7ff6e/install_dir/lib/aws.static/libaws.a(aws-net-ssl__openssl.o):(.data.rel.ro+0xc78): undefined reference to `TLSv1_method'
/root/.local/share/alire/toolchains/gnat_native_15.2.1_4640d4b3/bin/../lib/gcc/x86_64-pc-linux-gnu/15.2.0/../../../../x86_64-pc-linux-gnu/bin/ld: /root/.local/share/alire/builds/aws_24.0.0_2b75fe6d/a2fb2a4db19727974f173d38934ce569d23ddd914f2b7b8afdff57d173d7ff6e/install_dir/lib/aws.static/libaws.a(aws-net-ssl__openssl.o):(.data.rel.ro+0xc80): undefined reference to `TLSv1_server_method'
/root/.local/share/alire/toolchains/gnat_native_15.2.1_4640d4b3/bin/../lib/gcc/x86_64-pc-linux-gnu/15.2.0/../../../../x86_64-pc-linux-gnu/bin/ld: /root/.local/share/alire/builds/aws_24.0.0_2b75fe6d/a2fb2a4db19727974f173d38934ce569d23ddd914f2b7b8afdff57d173d7ff6e/install_dir/lib/aws.static/libaws.a(aws-net-ssl__openssl.o):(.data.rel.ro+0xc88): undefined reference to `TLSv1_client_method'
/root/.local/share/alire/toolchains/gnat_native_15.2.1_4640d4b3/bin/../lib/gcc/x86_64-pc-linux-gnu/15.2.0/../../../../x86_64-pc-linux-gnu/bin/ld: /root/.local/share/alire/builds/aws_24.0.0_2b75fe6d/a2fb2a4db19727974f173d38934ce569d23ddd914f2b7b8afdff57d173d7ff6e/install_dir/lib/aws.static/libaws.a(aws-net-ssl__openssl.o):(.data.rel.ro+0xc90): undefined reference to `TLSv1_1_method'
/root/.local/share/alire/toolchains/gnat_native_15.2.1_4640d4b3/bin/../lib/gcc/x86_64-pc-linux-gnu/15.2.0/../../../../x86_64-pc-linux-gnu/bin/ld: /root/.local/share/alire/builds/aws_24.0.0_2b75fe6d/a2fb2a4db19727974f173d38934ce569d23ddd914f2b7b8afdff57d173d7ff6e/install_dir/lib/aws.static/libaws.a(aws-net-ssl__openssl.o):(.data.rel.ro+0xc98): undefined reference to `TLSv1_1_server_method'
/root/.local/share/alire/toolchains/gnat_native_15.2.1_4640d4b3/bin/../lib/gcc/x86_64-pc-linux-gnu/15.2.0/../../../../x86_64-pc-linux-gnu/bin/ld: /root/.local/share/alire/builds/aws_24.0.0_2b75fe6d/a2fb2a4db19727974f173d38934ce569d23ddd914f2b7b8afdff57d173d7ff6e/install_dir/lib/aws.static/libaws.a(aws-net-ssl__openssl.o):(.data.rel.ro+0xca0): undefined reference to `TLSv1_1_client_method'
/root/.local/share/alire/toolchains/gnat_native_15.2.1_4640d4b3/bin/../lib/gcc/x86_64-pc-linux-gnu/15.2.0/../../../../x86_64-pc-linux-gnu/bin/ld: /root/.local/share/alire/builds/aws_24.0.0_2b75fe6d/a2fb2a4db19727974f173d38934ce569d23ddd914f2b7b8afdff57d173d7ff6e/install_dir/lib/aws.static/libaws.a(aws-net-ssl__openssl.o):(.data.rel.ro+0xca8): undefined reference to `TLSv1_2_method'
/root/.local/share/alire/toolchains/gnat_native_15.2.1_4640d4b3/bin/../lib/gcc/x86_64-pc-linux-gnu/15.2.0/../../../../x86_64-pc-linux-gnu/bin/ld: /root/.local/share/alire/builds/aws_24.0.0_2b75fe6d/a2fb2a4db19727974f173d38934ce569d23ddd914f2b7b8afdff57d173d7ff6e/install_dir/lib/aws.static/libaws.a(aws-net-ssl__openssl.o):(.data.rel.ro+0xcb0): undefined reference to `TLSv1_2_server_method'
/root/.local/share/alire/toolchains/gnat_native_15.2.1_4640d4b3/bin/../lib/gcc/x86_64-pc-linux-gnu/15.2.0/../../../../x86_64-pc-linux-gnu/bin/ld: /root/.local/share/alire/builds/aws_24.0.0_2b75fe6d/a2fb2a4db19727974f173d38934ce569d23ddd914f2b7b8afdff57d173d7ff6e/install_dir/lib/aws.static/libaws.a(aws-net-ssl__openssl.o):(.data.rel.ro+0xcb8): undefined reference to `TLSv1_2_client_method'
/root/.local/share/alire/toolchains/gnat_native_15.2.1_4640d4b3/bin/../lib/gcc/x86_64-pc-linux-gnu/15.2.0/../../../../x86_64-pc-linux-gnu/bin/ld: /root/.local/share/alire/builds/aws_24.0.0_2b75fe6d/a2fb2a4db19727974f173d38934ce569d23ddd914f2b7b8afdff57d173d7ff6e/install_dir/lib/aws.static/libaws.a(ssl-thin__openssl.o): in function `ssl__thin__ssl_ctx_set_tlsext_servername_callback':
/root/.local/share/alire/builds/aws_24.0.0_2b75fe6d/a2fb2a4db19727974f173d38934ce569d23ddd914f2b7b8afdff57d173d7ff6e/config/ssl/ssl-thin__openssl.ads:846:(.text+0xd9): undefined reference to `SSL_CTX_callback_ctrl'
/root/.local/share/alire/toolchains/gnat_native_15.2.1_4640d4b3/bin/../lib/gcc/x86_64-pc-linux-gnu/15.2.0/../../../../x86_64-pc-linux-gnu/bin/ld: /root/.local/share/alire/builds/aws_24.0.0_2b75fe6d/a2fb2a4db19727974f173d38934ce569d23ddd914f2b7b8afdff57d173d7ff6e/install_dir/lib/aws.static/libaws.a(ssl-thin__openssl.o): in function `ssl__thin__ssl_ctx_set_tlsext_servername_arg':
/root/.local/share/alire/builds/aws_24.0.0_2b75fe6d/a2fb2a4db19727974f173d38934ce569d23ddd914f2b7b8afdff57d173d7ff6e/config/ssl/ssl-thin__openssl.ads:850:(.text+0x109): undefined reference to `SSL_CTX_ctrl'
/root/.local/share/alire/toolchains/gnat_native_15.2.1_4640d4b3/bin/../lib/gcc/x86_64-pc-linux-gnu/15.2.0/../../../../x86_64-pc-linux-gnu/bin/ld: /root/.local/share/alire/builds/aws_24.0.0_2b75fe6d/a2fb2a4db19727974f173d38934ce569d23ddd914f2b7b8afdff57d173d7ff6e/install_dir/lib/aws.static/libaws.a(ssl-thin__openssl.o): in function `ssl__thin__ssl_want_nothing':
/root/.local/share/alire/builds/aws_24.0.0_2b75fe6d/a2fb2a4db19727974f173d38934ce569d23ddd914f2b7b8afdff57d173d7ff6e/config/ssl/ssl-thin__openssl.ads:943:(.text+0x124): undefined reference to `SSL_want'
/root/.local/share/alire/toolchains/gnat_native_15.2.1_4640d4b3/bin/../lib/gcc/x86_64-pc-linux-gnu/15.2.0/../../../../x86_64-pc-linux-gnu/bin/ld: /root/.local/share/alire/builds/aws_24.0.0_2b75fe6d/a2fb2a4db19727974f173d38934ce569d23ddd914f2b7b8afdff57d173d7ff6e/install_dir/lib/aws.static/libaws.a(ssl-thin__openssl.o): in function `ssl__thin__ssl_want_read':
/root/.local/share/alire/builds/aws_24.0.0_2b75fe6d/a2fb2a4db19727974f173d38934ce569d23ddd914f2b7b8afdff57d173d7ff6e/config/ssl/ssl-thin__openssl.ads:946:(.text+0x144): undefined reference to `SSL_want'
/root/.local/share/alire/toolchains/gnat_native_15.2.1_4640d4b3/bin/../lib/gcc/x86_64-pc-linux-gnu/15.2.0/../../../../x86_64-pc-linux-gnu/bin/ld: /root/.local/share/alire/builds/aws_24.0.0_2b75fe6d/a2fb2a4db19727974f173d38934ce569d23ddd914f2b7b8afdff57d173d7ff6e/install_dir/lib/aws.static/libaws.a(ssl-thin__openssl.o): in function `ssl__thin__ssl_want_write':
/root/.local/share/alire/builds/aws_24.0.0_2b75fe6d/a2fb2a4db19727974f173d38934ce569d23ddd914f2b7b8afdff57d173d7ff6e/config/ssl/ssl-thin__openssl.ads:949:(.text+0x164): undefined reference to `SSL_want'
/root/.local/share/alire/toolchains/gnat_native_15.2.1_4640d4b3/bin/../lib/gcc/x86_64-pc-linux-gnu/15.2.0/../../../../x86_64-pc-linux-gnu/bin/ld: /root/.local/share/alire/builds/aws_24.0.0_2b75fe6d/a2fb2a4db19727974f173d38934ce569d23ddd914f2b7b8afdff57d173d7ff6e/install_dir/lib/aws.static/libaws.a(ssl-thin__openssl.o): in function `ssl__thin__ssl_want_x509_lookup':
/root/.local/share/alire/builds/aws_24.0.0_2b75fe6d/a2fb2a4db19727974f173d38934ce569d23ddd914f2b7b8afdff57d173d7ff6e/config/ssl/ssl-thin__openssl.ads:952:(.text+0x184): undefined reference to `SSL_want'
/root/.local/share/alire/toolchains/gnat_native_15.2.1_4640d4b3/bin/../lib/gcc/x86_64-pc-linux-gnu/15.2.0/../../../../x86_64-pc-linux-gnu/bin/ld: /root/.local/share/alire/builds/aws_24.0.0_2b75fe6d/a2fb2a4db19727974f173d38934ce569d23ddd914f2b7b8afdff57d173d7ff6e/install_dir/lib/aws.static/libaws.a(ssl-thin__openssl.o): in function `ssl__thin__ssl_set_tlsext_host_name':
/root/.local/share/alire/builds/aws_24.0.0_2b75fe6d/a2fb2a4db19727974f173d38934ce569d23ddd914f2b7b8afdff57d173d7ff6e/config/ssl/ssl-thin__openssl.ads:1029:(.text+0x1ce): undefined reference to `SSL_ctrl'
/root/.local/share/alire/toolchains/gnat_native_15.2.1_4640d4b3/bin/../lib/gcc/x86_64-pc-linux-gnu/15.2.0/../../../../x86_64-pc-linux-gnu/bin/ld: /root/.local/share/alire/builds/aws_24.0.0_2b75fe6d/a2fb2a4db19727974f173d38934ce569d23ddd914f2b7b8afdff57d173d7ff6e/install_dir/lib/aws.static/libaws.a(ssl-thin__openssl.o): in function `ssl__thin__evp_pkey_ctx_set_signature_md':
/root/.local/share/alire/builds/aws_24.0.0_2b75fe6d/a2fb2a4db19727974f173d38934ce569d23ddd914f2b7b8afdff57d173d7ff6e/config/ssl/ssl-thin__openssl.ads:1128:(.text+0x208): undefined reference to `EVP_PKEY_CTX_ctrl'
/root/.local/share/alire/toolchains/gnat_native_15.2.1_4640d4b3/bin/../lib/gcc/x86_64-pc-linux-gnu/15.2.0/../../../../x86_64-pc-linux-gnu/bin/ld: /root/.local/share/alire/builds/aws_24.0.0_2b75fe6d/a2fb2a4db19727974f173d38934ce569d23ddd914f2b7b8afdff57d173d7ff6e/install_dir/lib/aws.static/libaws.a(ssl-thin__openssl.o): in function `ssl__thin__bio_pending':
/root/.local/share/alire/builds/aws_24.0.0_2b75fe6d/a2fb2a4db19727974f173d38934ce569d23ddd914f2b7b8afdff57d173d7ff6e/config/ssl/ssl-thin__openssl.ads:1582:(.text+0x231): undefined reference to `BIO_ctrl'
/root/.local/share/alire/toolchains/gnat_native_15.2.1_4640d4b3/bin/../lib/gcc/x86_64-pc-linux-gnu/15.2.0/../../../../x86_64-pc-linux-gnu/bin/ld: /root/.local/share/alire/builds/aws_24.0.0_2b75fe6d/a2fb2a4db19727974f173d38934ce569d23ddd914f2b7b8afdff57d173d7ff6e/install_dir/lib/aws.static/libaws.a(ssl-thin__openssl.o): in function `ssl__thin__bio_wpending':
/root/.local/share/alire/builds/aws_24.0.0_2b75fe6d/a2fb2a4db19727974f173d38934ce569d23ddd914f2b7b8afdff57d173d7ff6e/config/ssl/ssl-thin__openssl.ads:1585:(.text+0x27f): undefined reference to `BIO_ctrl'
/root/.local/share/alire/toolchains/gnat_native_15.2.1_4640d4b3/bin/../lib/gcc/x86_64-pc-linux-gnu/15.2.0/../../../../x86_64-pc-linux-gnu/bin/ld: /root/.local/share/alire/builds/aws_24.0.0_2b75fe6d/a2fb2a4db19727974f173d38934ce569d23ddd914f2b7b8afdff57d173d7ff6e/install_dir/lib/aws.static/libaws.a(ssl-thin__openssl.o): in function `ssl__thin__bio_flush':
/root/.local/share/alire/builds/aws_24.0.0_2b75fe6d/a2fb2a4db19727974f173d38934ce569d23ddd914f2b7b8afdff57d173d7ff6e/config/ssl/ssl-thin__openssl.ads:1588:(.text+0x2cd): undefined reference to `BIO_ctrl'
/root/.local/share/alire/toolchains/gnat_native_15.2.1_4640d4b3/bin/../lib/gcc/x86_64-pc-linux-gnu/15.2.0/../../../../x86_64-pc-linux-gnu/bin/ld: /root/.local/share/alire/builds/aws_24.0.0_2b75fe6d/a2fb2a4db19727974f173d38934ce569d23ddd914f2b7b8afdff57d173d7ff6e/install_dir/lib/aws.static/libaws.a(ssl-thin__openssl.o): in function `ssl__thin__bio_reset':
/root/.local/share/alire/builds/aws_24.0.0_2b75fe6d/a2fb2a4db19727974f173d38934ce569d23ddd914f2b7b8afdff57d173d7ff6e/config/ssl/ssl-thin__openssl.ads:1591:(.text+0x31b): undefined reference to `BIO_ctrl'
/root/.local/share/alire/toolchains/gnat_native_15.2.1_4640d4b3/bin/../lib/gcc/x86_64-pc-linux-gnu/15.2.0/../../../../x86_64-pc-linux-gnu/bin/ld: /root/.local/share/alire/builds/aws_24.0.0_2b75fe6d/a2fb2a4db19727974f173d38934ce569d23ddd914f2b7b8afdff57d173d7ff6e/install_dir/lib/aws.static/libaws.a(ssl-thin__openssl.o): in function `ssl__thin__bio_read_filename':
/root/.local/share/alire/builds/aws_24.0.0_2b75fe6d/a2fb2a4db19727974f173d38934ce569d23ddd914f2b7b8afdff57d173d7ff6e/config/ssl/ssl-thin__openssl.ads:1595:(.text+0x36f): undefined reference to `BIO_ctrl'
/root/.local/share/alire/toolchains/gnat_native_15.2.1_4640d4b3/bin/../lib/gcc/x86_64-pc-linux-gnu/15.2.0/../../../../x86_64-pc-linux-gnu/bin/ld: /root/.local/share/alire/builds/aws_24.0.0_2b75fe6d/a2fb2a4db19727974f173d38934ce569d23ddd914f2b7b8afdff57d173d7ff6e/install_dir/lib/aws.static/libaws.a(ssl-thin__openssl.o):/root/.local/share/alire/builds/aws_24.0.0_2b75fe6d/a2fb2a4db19727974f173d38934ce569d23ddd914f2b7b8afdff57d173d7ff6e/config/ssl/ssl-thin__openssl.ads:1600: more undefined references to `BIO_ctrl' follow
/root/.local/share/alire/toolchains/gnat_native_15.2.1_4640d4b3/bin/../lib/gcc/x86_64-pc-linux-gnu/15.2.0/../../../../x86_64-pc-linux-gnu/bin/ld: /root/.local/share/alire/builds/aws_24.0.0_2b75fe6d/a2fb2a4db19727974f173d38934ce569d23ddd914f2b7b8afdff57d173d7ff6e/install_dir/lib/aws.static/libaws.a(ssl-thin__openssl.o): in function `ssl__thin__ssl_ctx_set_session_cache_mode':
/root/.local/share/alire/builds/aws_24.0.0_2b75fe6d/a2fb2a4db19727974f173d38934ce569d23ddd914f2b7b8afdff57d173d7ff6e/config/ssl/ssl-thin__openssl.ads:1708:(.text+0x66c): undefined reference to `SSL_CTX_ctrl'
/root/.local/share/alire/toolchains/gnat_native_15.2.1_4640d4b3/bin/../lib/gcc/x86_64-pc-linux-gnu/15.2.0/../../../../x86_64-pc-linux-gnu/bin/ld: /root/.local/share/alire/builds/aws_24.0.0_2b75fe6d/a2fb2a4db19727974f173d38934ce569d23ddd914f2b7b8afdff57d173d7ff6e/install_dir/lib/aws.static/libaws.a(wrappers.o): in function `__aws_X509_get_notBefore':
/root/.local/share/alire/builds/aws_24.0.0_2b75fe6d/a2fb2a4db19727974f173d38934ce569d23ddd914f2b7b8afdff57d173d7ff6e/config/ssl/openssl/wrappers.c:36:(.text+0x14): undefined reference to `X509_getm_notBefore'
/root/.local/share/alire/toolchains/gnat_native_15.2.1_4640d4b3/bin/../lib/gcc/x86_64-pc-linux-gnu/15.2.0/../../../../x86_64-pc-linux-gnu/bin/ld: /root/.local/share/alire/builds/aws_24.0.0_2b75fe6d/a2fb2a4db19727974f173d38934ce569d23ddd914f2b7b8afdff57d173d7ff6e/install_dir/lib/aws.static/libaws.a(wrappers.o): in function `__aws_X509_get_notAfter':
/root/.local/share/alire/builds/aws_24.0.0_2b75fe6d/a2fb2a4db19727974f173d38934ce569d23ddd914f2b7b8afdff57d173d7ff6e/config/ssl/openssl/wrappers.c:42:(.text+0x2e): undefined reference to `X509_getm_notAfter'
/root/.local/share/alire/toolchains/gnat_native_15.2.1_4640d4b3/bin/../lib/gcc/x86_64-pc-linux-gnu/15.2.0/../../../../x86_64-pc-linux-gnu/bin/ld: /root/.local/share/alire/builds/aws_24.0.0_2b75fe6d/a2fb2a4db19727974f173d38934ce569d23ddd914f2b7b8afdff57d173d7ff6e/install_dir/lib/aws.static/libaws.a(wrappers.o): in function `__aws_SSL_session_reused':
/root/.local/share/alire/builds/aws_24.0.0_2b75fe6d/a2fb2a4db19727974f173d38934ce569d23ddd914f2b7b8afdff57d173d7ff6e/config/ssl/openssl/wrappers.c:47:(.text+0x48): undefined reference to `SSL_session_reused'
/root/.local/share/alire/toolchains/gnat_native_15.2.1_4640d4b3/bin/../lib/gcc/x86_64-pc-linux-gnu/15.2.0/../../../../x86_64-pc-linux-gnu/bin/ld: /root/.local/share/alire/builds/aws_24.0.0_2b75fe6d/a2fb2a4db19727974f173d38934ce569d23ddd914f2b7b8afdff57d173d7ff6e/install_dir/lib/aws.static/libaws.a(wrappers.o): in function `__aws_SSL_CTX_set_options':
/root/.local/share/alire/builds/aws_24.0.0_2b75fe6d/a2fb2a4db19727974f173d38934ce569d23ddd914f2b7b8afdff57d173d7ff6e/config/ssl/openssl/wrappers.c:52:(.text+0x6d): undefined reference to `SSL_CTX_set_options'
/root/.local/share/alire/toolchains/gnat_native_15.2.1_4640d4b3/bin/../lib/gcc/x86_64-pc-linux-gnu/15.2.0/../../../../x86_64-pc-linux-gnu/bin/ld: /root/.local/share/alire/builds/aws_24.0.0_2b75fe6d/a2fb2a4db19727974f173d38934ce569d23ddd914f2b7b8afdff57d173d7ff6e/install_dir/lib/aws.static/libaws.a(wrappers.o): in function `__aws_SSL_CTX_get_ex_new_index':
/root/.local/share/alire/builds/aws_24.0.0_2b75fe6d/a2fb2a4db19727974f173d38934ce569d23ddd914f2b7b8afdff57d173d7ff6e/config/ssl/openssl/wrappers.c:60:(.text+0xb2): undefined reference to `CRYPTO_get_ex_new_index'
/root/.local/share/alire/toolchains/gnat_native_15.2.1_4640d4b3/bin/../lib/gcc/x86_64-pc-linux-gnu/15.2.0/../../../../x86_64-pc-linux-gnu/bin/ld: /root/.local/share/alire/builds/aws_24.0.0_2b75fe6d/a2fb2a4db19727974f173d38934ce569d23ddd914f2b7b8afdff57d173d7ff6e/install_dir/lib/aws.static/libaws.a(wrappers.o): in function `__aws_SSL_get_peer_certificate':
/root/.local/share/alire/builds/aws_24.0.0_2b75fe6d/a2fb2a4db19727974f173d38934ce569d23ddd914f2b7b8afdff57d173d7ff6e/config/ssl/openssl/wrappers.c:70:(.text+0xd7): undefined reference to `SSL_get1_peer_certificate'
/root/.local/share/alire/toolchains/gnat_native_15.2.1_4640d4b3/bin/../lib/gcc/x86_64-pc-linux-gnu/15.2.0/../../../../x86_64-pc-linux-gnu/bin/ld: /root/.local/share/alire/builds/aws_24.0.0_2b75fe6d/a2fb2a4db19727974f173d38934ce569d23ddd914f2b7b8afdff57d173d7ff6e/install_dir/lib/aws.static/libaws.a(wrappers.o): in function `__aws_SSL_library_init':
/root/.local/share/alire/builds/aws_24.0.0_2b75fe6d/a2fb2a4db19727974f173d38934ce569d23ddd914f2b7b8afdff57d173d7ff6e/config/ssl/openssl/wrappers.c:108:(.text+0x133): undefined reference to `OPENSSL_init_ssl'
/root/.local/share/alire/toolchains/gnat_native_15.2.1_4640d4b3/bin/../lib/gcc/x86_64-pc-linux-gnu/15.2.0/../../../../x86_64-pc-linux-gnu/bin/ld: /root/.local/share/alire/builds/aws_24.0.0_2b75fe6d/a2fb2a4db19727974f173d38934ce569d23ddd914f2b7b8afdff57d173d7ff6e/install_dir/lib/aws.static/libaws.a(wrappers.o): in function `__aws_OpenSSL_version_num':
/root/.local/share/alire/builds/aws_24.0.0_2b75fe6d/a2fb2a4db19727974f173d38934ce569d23ddd914f2b7b8afdff57d173d7ff6e/config/ssl/openssl/wrappers.c:113:(.text+0x13e): undefined reference to `OpenSSL_version_num'
/root/.local/share/alire/toolchains/gnat_native_15.2.1_4640d4b3/bin/../lib/gcc/x86_64-pc-linux-gnu/15.2.0/../../../../x86_64-pc-linux-gnu/bin/ld: /root/.local/share/alire/builds/aws_24.0.0_2b75fe6d/a2fb2a4db19727974f173d38934ce569d23ddd914f2b7b8afdff57d173d7ff6e/install_dir/lib/aws.static/libaws.a(wrappers.o): in function `__aws_OPENSSL_thread_stop':
/root/.local/share/alire/builds/aws_24.0.0_2b75fe6d/a2fb2a4db19727974f173d38934ce569d23ddd914f2b7b8afdff57d173d7ff6e/config/ssl/openssl/wrappers.c:118:(.text+0x149): undefined reference to `OPENSSL_thread_stop'
/root/.local/share/alire/toolchains/gnat_native_15.2.1_4640d4b3/bin/../lib/gcc/x86_64-pc-linux-gnu/15.2.0/../../../../x86_64-pc-linux-gnu/bin/ld: /root/.local/share/alire/builds/aws_24.0.0_2b75fe6d/a2fb2a4db19727974f173d38934ce569d23ddd914f2b7b8afdff57d173d7ff6e/install_dir/lib/aws.static/libaws.a(wrappers.o): in function `__aws_OpenSSL_version':
/root/.local/share/alire/builds/aws_24.0.0_2b75fe6d/a2fb2a4db19727974f173d38934ce569d23ddd914f2b7b8afdff57d173d7ff6e/config/ssl/openssl/wrappers.c:123:(.text+0x161): undefined reference to `OpenSSL_version'
/root/.local/share/alire/toolchains/gnat_native_15.2.1_4640d4b3/bin/../lib/gcc/x86_64-pc-linux-gnu/15.2.0/../../../../x86_64-pc-linux-gnu/bin/ld: /root/.local/share/alire/builds/aws_24.0.0_2b75fe6d/a2fb2a4db19727974f173d38934ce569d23ddd914f2b7b8afdff57d173d7ff6e/install_dir/lib/aws.static/libaws.a(wrappers.o): in function `__aws_TLS_method':
/root/.local/share/alire/builds/aws_24.0.0_2b75fe6d/a2fb2a4db19727974f173d38934ce569d23ddd914f2b7b8afdff57d173d7ff6e/config/ssl/openssl/wrappers.c:128:(.text+0x16c): undefined reference to `TLS_method'
/root/.local/share/alire/toolchains/gnat_native_15.2.1_4640d4b3/bin/../lib/gcc/x86_64-pc-linux-gnu/15.2.0/../../../../x86_64-pc-linux-gnu/bin/ld: /root/.local/share/alire/builds/aws_24.0.0_2b75fe6d/a2fb2a4db19727974f173d38934ce569d23ddd914f2b7b8afdff57d173d7ff6e/install_dir/lib/aws.static/libaws.a(wrappers.o): in function `__aws_TLS_server_method':
/root/.local/share/alire/builds/aws_24.0.0_2b75fe6d/a2fb2a4db19727974f173d38934ce569d23ddd914f2b7b8afdff57d173d7ff6e/config/ssl/openssl/wrappers.c:133:(.text+0x177): undefined reference to `TLS_server_method'
/root/.local/share/alire/toolchains/gnat_native_15.2.1_4640d4b3/bin/../lib/gcc/x86_64-pc-linux-gnu/15.2.0/../../../../x86_64-pc-linux-gnu/bin/ld: /root/.local/share/alire/builds/aws_24.0.0_2b75fe6d/a2fb2a4db19727974f173d38934ce569d23ddd914f2b7b8afdff57d173d7ff6e/install_dir/lib/aws.static/libaws.a(wrappers.o): in function `__aws_TLS_client_method':
/root/.local/share/alire/builds/aws_24.0.0_2b75fe6d/a2fb2a4db19727974f173d38934ce569d23ddd914f2b7b8afdff57d173d7ff6e/config/ssl/openssl/wrappers.c:138:(.text+0x182): undefined reference to `TLS_client_method'
/root/.local/share/alire/toolchains/gnat_native_15.2.1_4640d4b3/bin/../lib/gcc/x86_64-pc-linux-gnu/15.2.0/../../../../x86_64-pc-linux-gnu/bin/ld: /root/.local/share/alire/builds/aws_24.0.0_2b75fe6d/a2fb2a4db19727974f173d38934ce569d23ddd914f2b7b8afdff57d173d7ff6e/install_dir/lib/aws.static/libaws.a(wrappers.o): in function `__aws_EVP_MD_CTX_new':
/root/.local/share/alire/builds/aws_24.0.0_2b75fe6d/a2fb2a4db19727974f173d38934ce569d23ddd914f2b7b8afdff57d173d7ff6e/config/ssl/openssl/wrappers.c:180:(.text+0x18d): undefined reference to `EVP_MD_CTX_new'
/root/.local/share/alire/toolchains/gnat_native_15.2.1_4640d4b3/bin/../lib/gcc/x86_64-pc-linux-gnu/15.2.0/../../../../x86_64-pc-linux-gnu/bin/ld: /root/.local/share/alire/builds/aws_24.0.0_2b75fe6d/a2fb2a4db19727974f173d38934ce569d23ddd914f2b7b8afdff57d173d7ff6e/install_dir/lib/aws.static/libaws.a(wrappers.o): in function `__aws_EVP_MD_CTX_free':
/root/.local/share/alire/builds/aws_24.0.0_2b75fe6d/a2fb2a4db19727974f173d38934ce569d23ddd914f2b7b8afdff57d173d7ff6e/config/ssl/openssl/wrappers.c:185:(.text+0x1a7): undefined reference to `EVP_MD_CTX_free'
/root/.local/share/alire/toolchains/gnat_native_15.2.1_4640d4b3/bin/../lib/gcc/x86_64-pc-linux-gnu/15.2.0/../../../../x86_64-pc-linux-gnu/bin/ld: /root/.local/share/alire/builds/aws_24.0.0_2b75fe6d/a2fb2a4db19727974f173d38934ce569d23ddd914f2b7b8afdff57d173d7ff6e/install_dir/lib/aws.static/libaws.a(wrappers.o): in function `__aws_EVP_MD_size':
/root/.local/share/alire/builds/aws_24.0.0_2b75fe6d/a2fb2a4db19727974f173d38934ce569d23ddd914f2b7b8afdff57d173d7ff6e/config/ssl/openssl/wrappers.c:190:(.text+0x1c2): undefined reference to `EVP_MD_get_size'
/root/.local/share/alire/toolchains/gnat_native_15.2.1_4640d4b3/bin/../lib/gcc/x86_64-pc-linux-gnu/15.2.0/../../../../x86_64-pc-linux-gnu/bin/ld: /root/.local/share/alire/builds/aws_24.0.0_2b75fe6d/a2fb2a4db19727974f173d38934ce569d23ddd914f2b7b8afdff57d173d7ff6e/install_dir/lib/aws.static/libaws.a(wrappers.o): in function `__aws_EVP_PKEY_size':
/root/.local/share/alire/builds/aws_24.0.0_2b75fe6d/a2fb2a4db19727974f173d38934ce569d23ddd914f2b7b8afdff57d173d7ff6e/config/ssl/openssl/wrappers.c:195:(.text+0x1dc): undefined reference to `EVP_PKEY_get_size'
collect2: error: ld returned 1 exit status
gprbuild: link of yass.adb failed
gprbuild: failed command was: /root/.local/share/alire/toolchains/gnat_native_15.2.1_4640d4b3/bin/gcc yass.o b__yass.o /home/runner/work/alire-crates-ci/alire-crates-ci/test/3549671e-e69b-46a5-ad09-ac53e128fbe8/yass_3.1.0_9bcb0cc5/obj/release/messages.o /home/runner/work/alire-crates-ci/alire-crates-ci/test/3549671e-e69b-46a5-ad09-ac53e128fbe8/yass_3.1.0_9bcb0cc5/obj/release/config.o /home/runner/work/alire-crates-ci/alire-crates-ci/test/3549671e-e69b-46a5-ad09-ac53e128fbe8/yass_3.1.0_9bcb0cc5/obj/release/atomfeed.o /home/runner/work/alire-crates-ci/alire-crates-ci/test/3549671e-e69b-46a5-ad09-ac53e128fbe8/yass_3.1.0_9bcb0cc5/obj/release/layouts.o /home/runner/work/alire-crates-ci/alire-crates-ci/test/3549671e-e69b-46a5-ad09-ac53e128fbe8/yass_3.1.0_9bcb0cc5/obj/release/modules.o /home/runner/work/alire-crates-ci/alire-crates-ci/test/3549671e-e69b-46a5-ad09-ac53e128fbe8/yass_3.1.0_9bcb0cc5/obj/release/sitemaps.o /home/runner/work/alire-crates-ci/alire-crates-ci/test/3549671e-e69b-46a5-ad09-ac53e128fbe8/yass_3.1.0_9bcb0cc5/obj/release/pages.o /home/runner/work/alire-crates-ci/alire-crates-ci/test/3549671e-e69b-46a5-ad09-ac53e128fbe8/yass_3.1.0_9bcb0cc5/obj/release/server.o /root/.local/share/alire/builds/gnatcoll_24.0.0_11c512d1/fd42658ed5e0b8fe5d34f4b9239d16ee7199abab90013a00faa287445a287588/lib/gnatcoll/static/libgnatcoll.a /root/.local/share/alire/builds/libgpr_24.0.0_d9c96bda/a92c6d57eaa86fa7d87087acb6e550e489e47ffe3c87616de07dc5fa642a5063/gpr/lib/production/static/libgpr.a /root/.local/share/alire/builds/xmlada_24.0.0_ae5a015b/54b8410df82982d5b212b4b593da38f8a47a2b381e690b580ca8e3b2e5b32e2b/schema/lib/static/libxmlada_schema.a /root/.local/share/alire/builds/xmlada_24.0.0_ae5a015b/54b8410df82982d5b212b4b593da38f8a47a2b381e690b580ca8e3b2e5b32e2b/dom/lib/static/libxmlada_dom.a /root/.local/share/alire/builds/xmlada_24.0.0_ae5a015b/54b8410df82982d5b212b4b593da38f8a47a2b381e690b580ca8e3b2e5b32e2b/sax/lib/static/libxmlada_sax.a /root/.local/share/alire/builds/xmlada_24.0.0_ae5a015b/54b8410df82982d5b212b4b593da38f8a47a2b381e690b580ca8e3b2e5b32e2b/input_sources/lib/static/libxmlada_input_sources.a /root/.local/share/alire/builds/xmlada_24.0.0_ae5a015b/54b8410df82982d5b212b4b593da38f8a47a2b381e690b580ca8e3b2e5b32e2b/unicode/lib/static/libxmlada_unicode.a /root/.local/share/alire/builds/aws_24.0.0_2b75fe6d/a2fb2a4db19727974f173d38934ce569d23ddd914f2b7b8afdff57d173d7ff6e/install_dir/lib/aws.static/libaws.a -lcmark -ldl -L/home/runner/work/alire-crates-ci/alire-crates-ci/test/3549671e-e69b-46a5-ad09-ac53e128fbe8/yass_3.1.0_9bcb0cc5/obj/release/ -L/home/runner/work/alire-crates-ci/alire-crates-ci/test/3549671e-e69b-46a5-ad09-ac53e128fbe8/yass_3.1.0_9bcb0cc5/obj/release/ -L/root/.local/share/alire/builds/aws_24.0.0_2b75fe6d/a2fb2a4db19727974f173d38934ce569d23ddd914f2b7b8afdff57d173d7ff6e/install_dir/lib/aws.static/ -L/root/.local/share/alire/builds/gnatcoll_24.0.0_11c512d1/fd42658ed5e0b8fe5d34f4b9239d16ee7199abab90013a00faa287445a287588/lib/gnatcoll/static/ -L/root/.local/share/alire/builds/libgpr_24.0.0_d9c96bda/a92c6d57eaa86fa7d87087acb6e550e489e47ffe3c87616de07dc5fa642a5063/gpr/lib/production/static/ -L/root/.local/share/alire/builds/xmlada_24.0.0_ae5a015b/54b8410df82982d5b212b4b593da38f8a47a2b381e690b580ca8e3b2e5b32e2b/unicode/lib/static/ -L/root/.local/share/alire/builds/xmlada_24.0.0_ae5a015b/54b8410df82982d5b212b4b593da38f8a47a2b381e690b580ca8e3b2e5b32e2b/sax/lib/static/ -L/root/.local/share/alire/builds/xmlada_24.0.0_ae5a015b/54b8410df82982d5b212b4b593da38f8a47a2b381e690b580ca8e3b2e5b32e2b/input_sources/lib/static/ -L/root/.local/share/alire/builds/xmlada_24.0.0_ae5a015b/54b8410df82982d5b212b4b593da38f8a47a2b381e690b580ca8e3b2e5b32e2b/dom/lib/static/ -L/root/.local/share/alire/builds/xmlada_24.0.0_ae5a015b/54b8410df82982d5b212b4b593da38f8a47a2b381e690b580ca8e3b2e5b32e2b/schema/lib/static/ -L/root/.local/share/alire/toolchains/gnat_native_15.2.1_4640d4b3/lib/gcc/x86_64-pc-linux-gnu/15.2.0/adalib/ -static-libgcc /root/.local/share/alire/toolchains/gnat_native_15.2.1_4640d4b3/lib/gcc/x86_64-pc-linux-gnu/15.2.0/adalib/libgnarl.a /root/.local/share/alire/toolchains/gnat_native_15.2.1_4640d4b3/lib/gcc/x86_64-pc-linux-gnu/15.2.0/adalib/libgnat.a -lrt -lpthread -lm -ldl -Wl,-rpath-link,/root/.local/share/alire/toolchains/gnat_native_15.2.1_4640d4b3/lib/gcc/x86_64-pc-linux-gnu/15.2.0//adalib -Wl,-z,origin,-rpath,$ORIGIN/..//obj/release:/root/.local/share/alire/builds/aws_24.0.0_2b75fe6d/a2fb2a4db19727974f173d38934ce569d23ddd914f2b7b8afdff57d173d7ff6e/install_dir/lib/aws.static:/root/.local/share/alire/builds/gnatcoll_24.0.0_11c512d1/fd42658ed5e0b8fe5d34f4b9239d16ee7199abab90013a00faa287445a287588/lib/gnatcoll/static:/root/.local/share/alire/builds/libgpr_24.0.0_d9c96bda/a92c6d57eaa86fa7d87087acb6e550e489e47ffe3c87616de07dc5fa642a5063/gpr/lib/production/static:/root/.local/share/alire/builds/xmlada_24.0.0_ae5a015b/54b8410df82982d5b212b4b593da38f8a47a2b381e690b580ca8e3b2e5b32e2b/unicode/lib/static:/root/.local/share/alire/builds/xmlada_24.0.0_ae5a015b/54b8410df82982d5b212b4b593da38f8a47a2b381e690b580ca8e3b2e5b32e2b/sax/lib/static:/root/.local/share/alire/builds/xmlada_24.0.0_ae5a015b/54b8410df82982d5b212b4b593da38f8a47a2b381e690b580ca8e3b2e5b32e2b/input_sources/lib/static:/root/.local/share/alire/builds/xmlada_24.0.0_ae5a015b/54b8410df82982d5b212b4b593da38f8a47a2b381e690b580ca8e3b2e5b32e2b/dom/lib/static:/root/.local/share/alire/builds/xmlada_24.0.0_ae5a015b/54b8410df82982d5b212b4b593da38f8a47a2b381e690b580ca8e3b2e5b32e2b/schema/lib/static:/root/.local/share/alire/toolchains/gnat_native_15.2.1_4640d4b3/lib/gcc/x86_64-pc-linux-gnu/15.2.0/adalib -o /home/runner/work/alire-crates-ci/alire-crates-ci/test/3549671e-e69b-46a5-ad09-ac53e128fbe8/yass_3.1.0_9bcb0cc5/bin//yass
stderr: Command ["gprbuild", "-s", "-j0", "-p", "-P", "/home/runner/work/alire-crates-ci/alire-crates-ci/test/3549671e-e69b-46a5-ad09-ac53e128fbe8/yass_3.1.0_9bcb0cc5/yass.gpr", "-cargs:Ada", "-gnatwn"] exited with code 4
ERROR: Command ["gprbuild", "-s", "-j0", "-p", "-P", "/home/runner/work/alire-crates-ci/alire-crates-ci/test/3549671e-e69b-46a5-ad09-ac53e128fbe8/yass_3.1.0_9bcb0cc5/yass.gpr", "-cargs:Ada", "-gnatwn"] exited with code 4
stderr: ALIRE.CHECKED_ERROR
stderr: Command ["gprbuild", "-s", "-j0", "-p", "-P", "/home/runner/work/alire-crates-ci/alire-crates-ci/test/3549671e-e69b-46a5-ad09-ac53e128fbe8/yass_3.1.0_9bcb0cc5/yass.gpr", "-cargs:Ada", "-gnatwn"] exited with code 4
stderr: raised ALIRE.CHECKED_ERROR : alire-stored-error:1
[/usr/bin/alr]
0xe75bc6 Alire.Raise_Checked_Error at alire.adb:284
0xac1a54 Alire.Os_Lib.Subprocess.Checked_Spawn at alire-os_lib-subprocess.adb:111
0xd40276 Alire.Spawn.Command at alire-spawn.adb:22
0xd412ee Alire.Spawn.Gprbuild at alire-spawn.adb:68
0xc748cb Alire.Roots.Build at alire-roots.adb:189
0xc7301a Alire.Roots.Build at alire-roots.adb:255
0xc9832b Alire.Roots.Traverse at alire-roots.adb:2143
0xcfee85 Alire.Solutions.Traverse.Visit at alire-solutions.adb:1472
0xcfdfcc Alire.Solutions.Traverse at alire-solutions.adb:1555
0xc9841e Alire.Roots.Traverse at alire-roots.adb:2147
0xc984dd Alire.Roots.Traverse at alire-roots.adb:2127
0xc7359b Alire.Roots.Build at alire-roots.adb:286
0xc736d7 Alire.Roots.Build at alire-roots.adb:114
0x49aa0d Alr.Commands.Build.Execute at alr-commands-build.adb:145
0x49a36d Alr.Commands.Build.Execute at alr-commands-build.adb:113
0x49a51f Alr.Commands.Build.Execute at alr-commands-build.adb:54
0x53bbcc Alr.Commands.Sub_Cmd.Execute at clic-subcommand-instance.adb:749
0x5472be Alr.Commands.Execute at alr-commands.adb:632
0x43d48a Alr.Main at alr-main.adb:13
0x4403a3 Main at b__alr-main.adb:2445
[/lib/x86_64-linux-gnu/libc.so.6]
0x7f46d9969ca6
0x7f46d9969d63
[/usr/bin/alr]
0x43d323 _start at ???
0xfffffffffffffffe

stderr: ALIRE.ROOTS.BUILD._WRAPPED_STATEMENTS.BUILD_FAILED
stderr: alire-roots.adb:202
stderr: raised ALIRE.ROOTS.BUILD._WRAPPED_STATEMENTS.BUILD_FAILED : alire-roots.adb:202
[/usr/bin/alr]
0xc74cc7 Alire.Roots.Build at alire-roots.adb:202
0xc7301a Alire.Roots.Build at alire-roots.adb:255
0xc9832b Alire.Roots.Traverse at alire-roots.adb:2143
0xcfee85 Alire.Solutions.Traverse.Visit at alire-solutions.adb:1472
0xcfdfcc Alire.Solutions.Traverse at alire-solutions.adb:1555
0xc9841e Alire.Roots.Traverse at alire-roots.adb:2147
0xc984dd Alire.Roots.Traverse at alire-roots.adb:2127
0xc7359b Alire.Roots.Build at alire-roots.adb:286
0xc736d7 Alire.Roots.Build at alire-roots.adb:114
0x49aa0d Alr.Commands.Build.Execute at alr-commands-build.adb:145
0x49a36d Alr.Commands.Build.Execute at alr-commands-build.adb:113
0x49a51f Alr.Commands.Build.Execute at alr-commands-build.adb:54
0x53bbcc Alr.Commands.Sub_Cmd.Execute at clic-subcommand-instance.adb:749
0x5472be Alr.Commands.Execute at alr-commands.adb:632
0x43d48a Alr.Main at alr-main.adb:13
0x4403a3 Main at b__alr-main.adb:2445
[/lib/x86_64-linux-gnu/libc.so.6]
0x7f46d9969ca6
0x7f46d9969d63
[/usr/bin/alr]
0x43d323 _start at ???
0xfffffffffffffffe

ERROR: Compilation failed.
