Test ran at 2025-11-21 01:23:25.232326+00:00

SOLUTION:
gtkada=25.0.1: An Ada graphical toolkit based on Gtk+
Origin: source archive gtkada-25.0.1.zip at https://github.com/adacore/gtkada/archive/v25.0.1/gtkada-25.0.1.zip with hash sha512:d3787772c13455df72c837c0ec881c6f6e38322a7f636965bd2442e94daca93a13aa53e7f2f9e74ee4412f7df59dbffcf867f4292e7cf3f3a4b31966e67668ff
Properties:
   Post_Fetch run: bash -c PATH=${DISTRIB_ROOT}/mingw64/bin:${PATH} ./configure (from ${CRATE_ROOT}/.)
   Post_Fetch run: make src/gtkada-intl.adb (from ${CRATE_ROOT}/.)
   Author: AdaCore
   Configuration: no modifiers
   Description: An Ada graphical toolkit based on Gtk+
   case OS is
      when Windows => Environment: PATH=${PATH}:${CRATE_ROOT}/src/obj/gtkada/relocatable
   GPR Scenario: LIBRARY_TYPE := static | static-pic | relocatable
   License: GPL-3.0-or-later WITH GCC-exception-3.1
   Long_Description: This crate requires Gtk3+ >= 3.24.24
   Maintainer: chouteau@adacore.com
   Maintainer: reznikmm@gmail.com
   Maintainers_Logins: Fabien-Chouteau
   Maintainers_Logins: reznikmm
   Name: gtkada
   Project_File: src/gtkada.gpr
   Tag: gtk
   Tag: gui
   Version: 25.0.1
   Website: https://github.com/adacore/gtkada
Dependencies (direct):
   libgtk3>=3.24.24
   make*
   pkg_config*
Dependencies (solution):
   libgtk3=3.24.31
   make=4.3.0
   pkg_config=1.7.3
Dependencies (graph):
   gtkada=25.0.1 --> libgtk3=3.24.31 (>=3.24.24)
   gtkada=25.0.1 --> make=4.3.0 (*)
   gtkada=25.0.1 --> pkg_config=1.7.3 (*)


LOG:
[alr test] Testing gtkada=25.0.1
[alr test] Spawning retrieval for remote crate: alr -d -n get gtkada=25.0.1
Note: Deploying gtkada=25.0.1...
#=#=#                                                                         
##O#-#                                                                        
##O=#  #                                                                      
#-#O=#  #                                                                     
 #-#O=#   #                                                                   
  #-#O=-#   #                                                                 
   #-#O=-#   #                                                                
    #-=#=- #   #                                                              
     #-=#=-  #   #                                                            
      #-=O#-  #    #                                                          
Note: Deploying libgtk3=3.24.31...
The system package 'gtk3-devel' is about to be installed.
This action might require admin privileges and impact your system installation.
Do you want Alire to install this system package?
Using default: Yes
Last metadata expiration check: 0:12:28 ago on Fri Nov 21 01:08:37 2025.
Dependencies resolved.
====================================================================================================
 Package                                   Arch    Version                          Repo        Size
====================================================================================================
Installing:
 gtk3-devel                                x86_64  3.24.31-8.el9                    appstream  4.3 M
Installing dependencies:
 ModemManager-glib                         x86_64  1.20.2-1.el9                     baseos     335 k
 NetworkManager-libnm                      x86_64  1:1.54.1-1.el9                   baseos     1.9 M
 adobe-source-code-pro-fonts               noarch  2.030.1.050-12.el9.1             baseos     832 k
 adwaita-cursor-theme                      noarch  40.1.1-3.el9                     appstream  650 k
 adwaita-icon-theme                        noarch  40.1.1-3.el9                     appstream   12 M
 alsa-lib                                  x86_64  1.2.14-1.el9                     appstream  529 k
 at-spi2-atk                               x86_64  2.38.0-4.el9                     appstream   87 k
 at-spi2-atk-devel                         x86_64  2.38.0-4.el9                     appstream   11 k
 at-spi2-core                              x86_64  2.40.3-1.el9                     appstream  195 k
 at-spi2-core-devel                        x86_64  2.40.3-1.el9                     appstream  148 k
 atk                                       x86_64  2.36.0-5.el9                     appstream  292 k
 atk-devel                                 x86_64  2.36.0-5.el9                     appstream  190 k
 avahi-glib                                x86_64  0.8-23.el9                       appstream   14 k
 avahi-libs                                x86_64  0.8-23.el9                       baseos      67 k
 bluez-libs                                x86_64  5.72-4.el9                       baseos      83 k
 brotli                                    x86_64  1.0.9-7.el9                      appstream  312 k
 brotli-devel                              x86_64  1.0.9-7.el9                      appstream   31 k
 bubblewrap                                x86_64  0.6.3-1.el9                      baseos      57 k
 bzip2-devel                               x86_64  1.0.8-10.el9                     appstream  214 k
 cairo                                     x86_64  1.17.4-7.el9                     appstream  660 k
 cairo-devel                               x86_64  1.17.4-7.el9                     appstream  209 k
 cairo-gobject                             x86_64  1.17.4-7.el9                     appstream   19 k
 cairo-gobject-devel                       x86_64  1.17.4-7.el9                     appstream   11 k
 cmake-filesystem                          x86_64  3.26.5-2.el9                     appstream   19 k
 colord-libs                               x86_64  1.4.5-4.el9                      appstream  229 k
 composefs-libs                            x86_64  1.0.8-1.el9                      appstream   54 k
 cryptsetup-libs                           x86_64  2.8.1-2.el9                      baseos     562 k
 cups-libs                                 x86_64  1:2.3.3op2-35.el9                baseos     262 k
 dbus-devel                                x86_64  1:1.12.20-8.el9                  appstream   37 k
 device-mapper                             x86_64  9:1.02.206-2.el9                 baseos     140 k
 device-mapper-libs                        x86_64  9:1.02.206-2.el9                 baseos     180 k
 exempi                                    x86_64  2.6.0-0.2.20211007gite23c213.el9 appstream  525 k
 exiv2-libs                                x86_64  0.27.5-2.el9                     appstream  781 k
 fdk-aac-free                              x86_64  2.0.0-8.el9                      appstream  325 k
 flac-libs                                 x86_64  1.3.3-12.el9                     appstream  218 k
 flatpak-session-helper                    x86_64  1.12.9-4.el9                     appstream   72 k
 fontconfig-devel                          x86_64  2.14.0-2.el9                     appstream  174 k
 freetype-devel                            x86_64  2.10.4-11.el9                    appstream  1.1 M
 fribidi                                   x86_64  1.0.10-6.el9.2                   appstream   85 k
 fribidi-devel                             x86_64  1.0.10-6.el9.2                   appstream   27 k
 fuse                                      x86_64  2.9.9-17.el9                     baseos      80 k
 fuse-common                               x86_64  3.10.2-9.el9                     baseos     8.3 k
 fuse-libs                                 x86_64  2.9.9-17.el9                     baseos      97 k
 gdk-pixbuf2                               x86_64  2.42.6-6.el9                     appstream  491 k
 gdk-pixbuf2-devel                         x86_64  2.42.6-6.el9                     appstream   66 k
 gdk-pixbuf2-modules                       x86_64  2.42.6-6.el9                     appstream   88 k
 geoclue2                                  x86_64  2.6.0-7.el9                      appstream  124 k
 gettext                                   x86_64  0.21-8.el9                       baseos     1.1 M
 gettext-libs                              x86_64  0.21-8.el9                       baseos     303 k
 giflib                                    x86_64  5.2.1-9.el9                      appstream   49 k
 glib-networking                           x86_64  2.68.3-3.el9                     baseos     186 k
 glib2-devel                               x86_64  2.68.4-16.el9                    appstream  552 k
 gobject-introspection                     x86_64  1.68.0-11.el9                    baseos     250 k
 graphene                                  x86_64  1.10.6-2.el9                     appstream   64 k
 graphite2-devel                           x86_64  1.3.14-9.el9                     appstream   22 k
 gsettings-desktop-schemas                 x86_64  40.0-8.el9                       baseos     682 k
 gsm                                       x86_64  1.0.19-6.el9                     appstream   34 k
 gstreamer1                                x86_64  1.22.12-3.el9                    appstream  1.4 M
 gstreamer1-plugins-base                   x86_64  1.22.12-4.el9                    appstream  2.3 M
 gtk-update-icon-cache                     x86_64  3.24.31-8.el9                    appstream   33 k
 gtk3                                      x86_64  3.24.31-8.el9                    appstream  4.9 M
 harfbuzz-devel                            x86_64  2.7.4-10.el9                     appstream  347 k
 harfbuzz-icu                              x86_64  2.7.4-10.el9                     appstream   14 k
 hicolor-icon-theme                        noarch  0.17-13.el9                      appstream  219 k
 hwdata                                    noarch  0.348-9.20.el9                   baseos     1.7 M
 iso-codes                                 noarch  4.6.0-3.el9                      appstream  3.5 M
 jbigkit-libs                              x86_64  2.1-23.el9                       appstream   53 k
 json-glib                                 x86_64  1.6.6-1.el9                      baseos     163 k
 kbd                                       x86_64  2.4.0-11.el9                     baseos     419 k
 kbd-legacy                                noarch  2.4.0-11.el9                     baseos     562 k
 kbd-misc                                  noarch  2.4.0-11.el9                     baseos     1.7 M
 kmod                                      x86_64  28-11.el9                        baseos     125 k
 lcms2                                     x86_64  2.12-3.el9                       appstream  168 k
 libX11-devel                              x86_64  1.7.0-11.el9                     appstream  1.1 M
 libXau-devel                              x86_64  1.0.9-8.el9                      appstream   14 k
 libXcomposite                             x86_64  0.4.5-7.el9                      appstream   24 k
 libXcomposite-devel                       x86_64  0.4.5-7.el9                      appstream   17 k
 libXcursor                                x86_64  1.2.0-7.el9                      appstream   31 k
 libXcursor-devel                          x86_64  1.2.0-7.el9                      appstream   26 k
 libXdamage                                x86_64  1.1.5-7.el9                      appstream   23 k
 libXdamage-devel                          x86_64  1.1.5-7.el9                      appstream   10 k
 libXext                                   x86_64  1.3.4-8.el9                      appstream   40 k
 libXext-devel                             x86_64  1.3.4-8.el9                      appstream   87 k
 libXfixes                                 x86_64  5.0.3-16.el9                     appstream   20 k
 libXfixes-devel                           x86_64  5.0.3-16.el9                     appstream   13 k
 libXft                                    x86_64  2.3.3-8.el9                      appstream   62 k
 libXft-devel                              x86_64  2.3.3-8.el9                      appstream   19 k
 libXi                                     x86_64  1.7.10-8.el9                     appstream   40 k
 libXi-devel                               x86_64  1.7.10-8.el9                     appstream  113 k
 libXinerama                               x86_64  1.1.4-10.el9                     appstream   15 k
 libXinerama-devel                         x86_64  1.1.4-10.el9                     appstream   14 k
 libXrandr                                 x86_64  1.5.2-8.el9                      appstream   28 k
 libXrandr-devel                           x86_64  1.5.2-8.el9                      appstream   20 k
 libXrender                                x86_64  0.9.10-16.el9                    appstream   28 k
 libXrender-devel                          x86_64  0.9.10-16.el9                    appstream   17 k
 libXtst                                   x86_64  1.2.3-16.el9                     appstream   21 k
 libXtst-devel                             x86_64  1.2.3-16.el9                     appstream   17 k
 libXv                                     x86_64  1.0.11-16.el9                    appstream   19 k
 libXxf86vm                                x86_64  1.1.4-18.el9                     appstream   19 k
 libappstream-glib                         x86_64  0.7.18-5.el9                     appstream  395 k
 libasyncns                                x86_64  0.8-22.el9                       appstream   30 k
 libblkid-devel                            x86_64  2.37.4-21.el9                    appstream   17 k
 libcanberra                               x86_64  0.30-27.el9                      appstream   86 k
 libdatrie                                 x86_64  0.2.13-4.el9                     appstream   33 k
 libdatrie-devel                           x86_64  0.2.13-4.el9                     appstream  142 k
 libdrm                                    x86_64  2.4.123-2.el9                    appstream  161 k
 libepoxy                                  x86_64  1.5.5-4.el9                      appstream  241 k
 libepoxy-devel                            x86_64  1.5.5-4.el9                      appstream  134 k
 libexif                                   x86_64  0.6.22-6.el9                     appstream  435 k
 libffi-devel                              x86_64  3.4.2-8.el9                      appstream   29 k
 libgexiv2                                 x86_64  0.14.3-1.el9                     appstream   94 k
 libglvnd                                  x86_64  1:1.3.4-1.el9                    appstream  135 k
 libglvnd-core-devel                       x86_64  1:1.3.4-1.el9                    appstream   18 k
 libglvnd-devel                            x86_64  1:1.3.4-1.el9                    appstream  161 k
 libglvnd-egl                              x86_64  1:1.3.4-1.el9                    appstream   37 k
 libglvnd-gles                             x86_64  1:1.3.4-1.el9                    appstream   33 k
 libglvnd-glx                              x86_64  1:1.3.4-1.el9                    appstream  142 k
 libglvnd-opengl                           x86_64  1:1.3.4-1.el9                    appstream   43 k
 libgsf                                    x86_64  1.14.47-5.el9                    appstream  256 k
 libgudev                                  x86_64  237-1.el9                        baseos      36 k
 libgusb                                   x86_64  0.3.8-2.el9                      baseos      51 k
 libgxps                                   x86_64  0.3.2-3.el9                      appstream   79 k
 libicu                                    x86_64  67.1-10.el9                      baseos     9.6 M
 libicu-devel                              x86_64  67.1-10.el9                      appstream  937 k
 libiptcdata                               x86_64  1.0.5-10.el9                     appstream   61 k
 libjpeg-turbo                             x86_64  2.0.90-7.el9                     appstream  175 k
 libldac                                   x86_64  2.0.2.3-10.el9                   appstream   41 k
 libmount-devel                            x86_64  2.37.4-21.el9                    appstream   18 k
 libnotify                                 x86_64  0.7.9-8.el9                      appstream   44 k
 libogg                                    x86_64  2:1.3.4-6.el9                    appstream   34 k
 libosinfo                                 x86_64  1.10.0-1.el9                     appstream  319 k
 libpciaccess                              x86_64  0.16-7.el9                       baseos      27 k
 libpng-devel                              x86_64  2:1.6.37-12.el9                  appstream  293 k
 libproxy                                  x86_64  0.4.15-35.el9                    baseos      74 k
 librsvg2                                  x86_64  2.50.7-3.el9                     appstream  3.2 M
 libsbc                                    x86_64  1.4-9.el9                        appstream   45 k
 libselinux-devel                          x86_64  3.6-3.el9                        appstream  159 k
 libsepol-devel                            x86_64  3.6-3.el9                        appstream   47 k
 libsndfile                                x86_64  1.0.31-9.el9                     appstream  206 k
 libsoup                                   x86_64  2.72.0-10.el9                    appstream  403 k
 libstemmer                                x86_64  0-18.585svn.el9                  appstream   83 k
 libtdb                                    x86_64  1.4.14-1.el9                     baseos      53 k
 libthai                                   x86_64  0.1.28-8.el9                     appstream  208 k
 libthai-devel                             x86_64  0.1.28-8.el9                     appstream  134 k
 libtheora                                 x86_64  1:1.1.1-31.el9                   appstream  164 k
 libtiff                                   x86_64  4.4.0-15.el9                     appstream  197 k
 libtiff-devel                             x86_64  4.4.0-15.el9                     appstream  571 k
 libtracker-sparql                         x86_64  3.1.2-3.el9                      appstream  324 k
 libusbx                                   x86_64  1.0.26-1.el9                     baseos      76 k
 libvorbis                                 x86_64  1:1.3.7-5.el9                    appstream  193 k
 libwayland-client                         x86_64  1.21.0-1.el9                     appstream   33 k
 libwayland-cursor                         x86_64  1.21.0-1.el9                     appstream   19 k
 libwayland-egl                            x86_64  1.21.0-1.el9                     appstream   13 k
 libwayland-server                         x86_64  1.21.0-1.el9                     appstream   42 k
 libwebp                                   x86_64  1.2.0-8.el9                      appstream  277 k
 libxcb-devel                              x86_64  1.13.1-9.el9                     appstream  1.5 M
 libxkbcommon                              x86_64  1.0.3-4.el9                      appstream  133 k
 libxkbcommon-devel                        x86_64  1.0.3-4.el9                      appstream   62 k
 libxml2-devel                             x86_64  2.9.13-12.el9                    appstream  898 k
 libxshmfence                              x86_64  1.3-10.el9                       appstream   13 k
 libxslt                                   x86_64  1.1.34-12.el9                    appstream  233 k
 low-memory-monitor                        x86_64  2.1-4.el9                        appstream   36 k
 mesa-dri-drivers                          x86_64  25.0.7-2.el9                     appstream  9.7 M
 mesa-filesystem                           x86_64  25.0.7-2.el9                     appstream   11 k
 mesa-libEGL                               x86_64  25.0.7-2.el9                     appstream  136 k
 mesa-libGL                                x86_64  25.0.7-2.el9                     appstream  154 k
 mesa-libgbm                               x86_64  25.0.7-2.el9                     appstream   16 k
 nspr                                      x86_64  4.36.0-4.el9                     appstream  133 k
 nss                                       x86_64  3.112.0-4.el9                    appstream  722 k
 nss-softokn                               x86_64  3.112.0-4.el9                    appstream  399 k
 nss-softokn-freebl                        x86_64  3.112.0-4.el9                    appstream  413 k
 nss-sysinit                               x86_64  3.112.0-4.el9                    appstream   18 k
 nss-util                                  x86_64  3.112.0-4.el9                    appstream   88 k
 openjpeg2                                 x86_64  2.4.0-8.el9                      appstream  162 k
 opus                                      x86_64  1.3.1-10.el9                     appstream  200 k
 orc                                       x86_64  0.4.31-8.el9                     appstream  183 k
 osinfo-db                                 noarch  20250606-1.el9                   appstream  564 k
 osinfo-db-tools                           x86_64  1.10.0-1.el9                     appstream   74 k
 ostree-libs                               x86_64  2025.6-1.el9                     appstream  484 k
 pango                                     x86_64  1.48.7-3.el9                     appstream  302 k
 pango-devel                               x86_64  1.48.7-3.el9                     appstream  149 k
 pcre-cpp                                  x86_64  8.44-4.el9                       appstream   26 k
 pcre-devel                                x86_64  8.44-4.el9                       appstream  506 k
 pcre-utf16                                x86_64  8.44-4.el9                       appstream  184 k
 pcre-utf32                                x86_64  8.44-4.el9                       appstream  174 k
 pcre2-devel                               x86_64  10.40-6.el9                      appstream  512 k
 pcre2-utf16                               x86_64  10.40-6.el9                      appstream  214 k
 pcre2-utf32                               x86_64  10.40-6.el9                      appstream  203 k
 pipewire-jack-audio-connection-kit-libs   x86_64  1.0.1-1.el9                      appstream  135 k
 pipewire-libs                             x86_64  1.0.1-1.el9                      appstream  1.9 M
 pixman                                    x86_64  0.40.0-6.el9                     appstream  269 k
 pixman-devel                              x86_64  0.40.0-6.el9                     appstream   17 k
 polkit                                    x86_64  0.117-14.el9                     baseos     153 k
 polkit-libs                               x86_64  0.117-14.el9                     baseos     8.3 M
 poppler                                   x86_64  21.01.0-21.el9                   appstream  1.1 M
 poppler-data                              noarch  0.4.9-9.el9                      appstream  1.9 M
 poppler-glib                              x86_64  21.01.0-21.el9                   appstream  152 k
 pulseaudio-libs                           x86_64  15.0-3.el9                       appstream  676 k
 rtkit                                     x86_64  0.11-29.el9                      appstream   56 k
 shared-mime-info                          x86_64  2.1-5.el9                        baseos     558 k
 sound-theme-freedesktop                   noarch  0.8-17.el9                       appstream  383 k
 spirv-tools-libs                          x86_64  2025.2-1.el9                     appstream  1.5 M
 sysprof-capture-devel                     x86_64  3.40.1-3.el9                     appstream   60 k
 systemd-udev                              x86_64  252-55.el9                       baseos     2.0 M
 totem-pl-parser                           x86_64  3.26.6-2.el9                     appstream  152 k
 tracker                                   x86_64  3.1.2-3.el9                      appstream  555 k
 upower                                    x86_64  0.99.11-11.el9                   appstream  173 k
 wayland-devel                             x86_64  1.21.0-1.el9                     appstream  145 k
 webkit2gtk3-jsc                           x86_64  2.50.1-1.el9                     appstream  8.6 M
 webrtc-audio-processing                   x86_64  0.3.1-8.el9                      appstream  306 k
 which                                     x86_64  2.21-30.el9                      baseos      41 k
 wireplumber                               x86_64  0.4.14-1.el9                     appstream   96 k
 wireplumber-libs                          x86_64  0.4.14-1.el9                     appstream  358 k
 xdg-dbus-proxy                            x86_64  0.1.3-1.el9                      appstream   42 k
 xdg-desktop-portal                        x86_64  1.12.6-1.el9                     appstream  385 k
 xkeyboard-config                          noarch  2.33-2.el9                       appstream  859 k
 xorg-x11-proto-devel                      noarch  2024.1-1.el9                     appstream  310 k
 xz-devel                                  x86_64  5.2.5-8.el9                      appstream   55 k
 zlib-devel                                x86_64  1.2.11-41.el9                    appstream   45 k
Installing weak dependencies:
 abattis-cantarell-fonts                   noarch  0.301-4.el9                      appstream  365 k
 dconf                                     x86_64  0.40.0-6.el9                     appstream  113 k
 exiv2                                     x86_64  0.27.5-2.el9                     appstream  980 k
 flatpak                                   x86_64  1.12.9-4.el9                     appstream  1.7 M
 libcanberra-gtk3                          x86_64  0.30-27.el9                      appstream   32 k
 libproxy-webkitgtk4                       x86_64  0.4.15-35.el9                    appstream   22 k
 p11-kit-server                            x86_64  0.25.10-1.el9                    appstream   22 k
 pipewire                                  x86_64  1.0.1-1.el9                      appstream  107 k
 pipewire-alsa                             x86_64  1.0.1-1.el9                      appstream   57 k
 pipewire-jack-audio-connection-kit        x86_64  1.0.1-1.el9                      appstream  9.1 k
 pipewire-pulseaudio                       x86_64  1.0.1-1.el9                      appstream  192 k
 polkit-pkla-compat                        x86_64  0.1-21.el9                       baseos      47 k
 tracker-miners                            x86_64  3.1.2-4.el9                      appstream  944 k
 xdg-desktop-portal-gtk                    x86_64  1.12.0-3.el9                     appstream  134 k

Transaction Summary
====================================================================================================
Install  234 Packages

Total download size: 126 M
Installed size: 482 M
Downloading Packages:
(1/234): ModemManager-glib-1.20.2-1.el9.x86_64. 274 kB/s | 335 kB     00:01    
(2/234): adobe-source-code-pro-fonts-2.030.1.05 677 kB/s | 832 kB     00:01    
(3/234): avahi-libs-0.8-23.el9.x86_64.rpm       780 kB/s |  67 kB     00:00    
(4/234): bluez-libs-5.72-4.el9.x86_64.rpm       938 kB/s |  83 kB     00:00    
(5/234): bubblewrap-0.6.3-1.el9.x86_64.rpm      827 kB/s |  57 kB     00:00    
(6/234): NetworkManager-libnm-1.54.1-1.el9.x86_ 1.3 MB/s | 1.9 MB     00:01    
(7/234): cups-libs-2.3.3op2-35.el9.x86_64.rpm   2.1 MB/s | 262 kB     00:00    
(8/234): cryptsetup-libs-2.8.1-2.el9.x86_64.rpm 2.6 MB/s | 562 kB     00:00    
(9/234): device-mapper-1.02.206-2.el9.x86_64.rp 1.3 MB/s | 140 kB     00:00    
(10/234): device-mapper-libs-1.02.206-2.el9.x86 1.7 MB/s | 180 kB     00:00    
(11/234): fuse-2.9.9-17.el9.x86_64.rpm          909 kB/s |  80 kB     00:00    
(12/234): fuse-common-3.10.2-9.el9.x86_64.rpm   121 kB/s | 8.3 kB     00:00    
(13/234): fuse-libs-2.9.9-17.el9.x86_64.rpm     1.1 MB/s |  97 kB     00:00    
(14/234): gettext-libs-0.21-8.el9.x86_64.rpm    2.1 MB/s | 303 kB     00:00    
(15/234): glib-networking-2.68.3-3.el9.x86_64.r 1.8 MB/s | 186 kB     00:00    
(16/234): gobject-introspection-1.68.0-11.el9.x 2.0 MB/s | 250 kB     00:00    
(17/234): gettext-0.21-8.el9.x86_64.rpm         3.2 MB/s | 1.1 MB     00:00    
(18/234): gsettings-desktop-schemas-40.0-8.el9. 2.9 MB/s | 682 kB     00:00    
(19/234): json-glib-1.6.6-1.el9.x86_64.rpm      1.5 MB/s | 163 kB     00:00    
(20/234): kbd-2.4.0-11.el9.x86_64.rpm           2.3 MB/s | 419 kB     00:00    
(21/234): kbd-legacy-2.4.0-11.el9.noarch.rpm    2.6 MB/s | 562 kB     00:00    
(22/234): hwdata-0.348-9.20.el9.noarch.rpm      3.4 MB/s | 1.7 MB     00:00    
(23/234): kmod-28-11.el9.x86_64.rpm             1.4 MB/s | 125 kB     00:00    
(24/234): libgudev-237-1.el9.x86_64.rpm         525 kB/s |  36 kB     00:00    
(25/234): libgusb-0.3.8-2.el9.x86_64.rpm        727 kB/s |  51 kB     00:00    
(26/234): libpciaccess-0.16-7.el9.x86_64.rpm    382 kB/s |  27 kB     00:00    
(27/234): libproxy-0.4.15-35.el9.x86_64.rpm     865 kB/s |  74 kB     00:00    
(28/234): libtdb-1.4.14-1.el9.x86_64.rpm        771 kB/s |  53 kB     00:00    
(29/234): kbd-misc-2.4.0-11.el9.noarch.rpm      3.4 MB/s | 1.7 MB     00:00    
(30/234): libusbx-1.0.26-1.el9.x86_64.rpm       888 kB/s |  76 kB     00:00    
(31/234): polkit-0.117-14.el9.x86_64.rpm        1.4 MB/s | 153 kB     00:00    
(32/234): polkit-pkla-compat-0.1-21.el9.x86_64. 669 kB/s |  47 kB     00:00    
(33/234): shared-mime-info-2.1-5.el9.x86_64.rpm 2.6 MB/s | 558 kB     00:00    
(34/234): systemd-udev-252-55.el9.x86_64.rpm    3.3 MB/s | 2.0 MB     00:00    
(35/234): which-2.21-30.el9.x86_64.rpm          601 kB/s |  41 kB     00:00    
(36/234): abattis-cantarell-fonts-0.301-4.el9.n 596 kB/s | 365 kB     00:00    
(37/234): adwaita-cursor-theme-40.1.1-3.el9.noa 3.3 MB/s | 650 kB     00:00    
(38/234): polkit-libs-0.117-14.el9.x86_64.rpm   3.8 MB/s | 8.3 MB     00:02    
(39/234): libicu-67.1-10.el9.x86_64.rpm         3.8 MB/s | 9.6 MB     00:02    
(40/234): adwaita-icon-theme-40.1.1-3.el9.noarc  23 MB/s |  12 MB     00:00    
(41/234): at-spi2-atk-devel-2.38.0-4.el9.x86_64 138 kB/s |  11 kB     00:00    
(42/234): at-spi2-core-2.40.3-1.el9.x86_64.rpm  2.5 MB/s | 195 kB     00:00    
(43/234): at-spi2-core-devel-2.40.3-1.el9.x86_6 1.9 MB/s | 148 kB     00:00    
(44/234): at-spi2-atk-2.38.0-4.el9.x86_64.rpm   235 kB/s |  87 kB     00:00    
(45/234): atk-2.36.0-5.el9.x86_64.rpm           3.6 MB/s | 292 kB     00:00    
(46/234): avahi-glib-0.8-23.el9.x86_64.rpm      191 kB/s |  14 kB     00:00    
(47/234): alsa-lib-1.2.14-1.el9.x86_64.rpm      923 kB/s | 529 kB     00:00    
(48/234): brotli-1.0.9-7.el9.x86_64.rpm         3.9 MB/s | 312 kB     00:00    
(49/234): atk-devel-2.36.0-5.el9.x86_64.rpm     879 kB/s | 190 kB     00:00    
(50/234): brotli-devel-1.0.9-7.el9.x86_64.rpm   400 kB/s |  31 kB     00:00    
(51/234): bzip2-devel-1.0.8-10.el9.x86_64.rpm   2.7 MB/s | 214 kB     00:00    
(52/234): cairo-devel-1.17.4-7.el9.x86_64.rpm   2.1 MB/s | 209 kB     00:00    
(53/234): cairo-gobject-1.17.4-7.el9.x86_64.rpm 253 kB/s |  19 kB     00:00    
(54/234): cairo-gobject-devel-1.17.4-7.el9.x86_ 150 kB/s |  11 kB     00:00    
(55/234): cmake-filesystem-3.26.5-2.el9.x86_64. 247 kB/s |  19 kB     00:00    
(56/234): cairo-1.17.4-7.el9.x86_64.rpm         2.7 MB/s | 660 kB     00:00    
(57/234): composefs-libs-1.0.8-1.el9.x86_64.rpm 709 kB/s |  54 kB     00:00    
(58/234): dbus-devel-1.12.20-8.el9.x86_64.rpm   479 kB/s |  37 kB     00:00    
(59/234): colord-libs-1.4.5-4.el9.x86_64.rpm    2.3 MB/s | 229 kB     00:00    
(60/234): dconf-0.40.0-6.el9.x86_64.rpm         1.4 MB/s | 113 kB     00:00    
(61/234): exempi-2.6.0-0.2.20211007gite23c213.e 4.6 MB/s | 525 kB     00:00    
(62/234): exiv2-libs-0.27.5-2.el9.x86_64.rpm    9.2 MB/s | 781 kB     00:00    
(63/234): exiv2-0.27.5-2.el9.x86_64.rpm         5.4 MB/s | 980 kB     00:00    
(64/234): fdk-aac-free-2.0.0-8.el9.x86_64.rpm   3.3 MB/s | 325 kB     00:00    
(65/234): flac-libs-1.3.3-12.el9.x86_64.rpm     2.7 MB/s | 218 kB     00:00    
(66/234): flatpak-session-helper-1.12.9-4.el9.x 907 kB/s |  72 kB     00:00    
(67/234): fontconfig-devel-2.14.0-2.el9.x86_64. 2.2 MB/s | 174 kB     00:00    
(68/234): flatpak-1.12.9-4.el9.x86_64.rpm        10 MB/s | 1.7 MB     00:00    
(69/234): fribidi-1.0.10-6.el9.2.x86_64.rpm     1.1 MB/s |  85 kB     00:00    
(70/234): fribidi-devel-1.0.10-6.el9.2.x86_64.r 360 kB/s |  27 kB     00:00    
(71/234): freetype-devel-2.10.4-11.el9.x86_64.r 7.1 MB/s | 1.1 MB     00:00    
(72/234): gdk-pixbuf2-2.42.6-6.el9.x86_64.rpm   6.0 MB/s | 491 kB     00:00    
(73/234): gdk-pixbuf2-devel-2.42.6-6.el9.x86_64 854 kB/s |  66 kB     00:00    
(74/234): gdk-pixbuf2-modules-2.42.6-6.el9.x86_ 1.1 MB/s |  88 kB     00:00    
(75/234): geoclue2-2.6.0-7.el9.x86_64.rpm       1.6 MB/s | 124 kB     00:00    
(76/234): giflib-5.2.1-9.el9.x86_64.rpm         636 kB/s |  49 kB     00:00    
(77/234): glib2-devel-2.68.4-16.el9.x86_64.rpm  6.1 MB/s | 552 kB     00:00    
(78/234): graphene-1.10.6-2.el9.x86_64.rpm      836 kB/s |  64 kB     00:00    
(79/234): graphite2-devel-1.3.14-9.el9.x86_64.r 288 kB/s |  22 kB     00:00    
(80/234): gsm-1.0.19-6.el9.x86_64.rpm           449 kB/s |  34 kB     00:00    
(81/234): gstreamer1-1.22.12-3.el9.x86_64.rpm    16 MB/s | 1.4 MB     00:00    
(82/234): gtk-update-icon-cache-3.24.31-8.el9.x 435 kB/s |  33 kB     00:00    
(83/234): gstreamer1-plugins-base-1.22.12-4.el9  18 MB/s | 2.3 MB     00:00    
(84/234): harfbuzz-devel-2.7.4-10.el9.x86_64.rp 4.2 MB/s | 347 kB     00:00    
(85/234): gtk3-3.24.31-8.el9.x86_64.rpm          28 MB/s | 4.9 MB     00:00    
(86/234): harfbuzz-icu-2.7.4-10.el9.x86_64.rpm  181 kB/s |  14 kB     00:00    
(87/234): gtk3-devel-3.24.31-8.el9.x86_64.rpm    21 MB/s | 4.3 MB     00:00    
(88/234): hicolor-icon-theme-0.17-13.el9.noarch 2.5 MB/s | 219 kB     00:00    
(89/234): jbigkit-libs-2.1-23.el9.x86_64.rpm    695 kB/s |  53 kB     00:00    
(90/234): lcms2-2.12-3.el9.x86_64.rpm           2.1 MB/s | 168 kB     00:00    
(91/234): iso-codes-4.6.0-3.el9.noarch.rpm       24 MB/s | 3.5 MB     00:00    
(92/234): libXau-devel-1.0.9-8.el9.x86_64.rpm   189 kB/s |  14 kB     00:00    
(93/234): libX11-devel-1.7.0-11.el9.x86_64.rpm   12 MB/s | 1.1 MB     00:00    
(94/234): libXcomposite-0.4.5-7.el9.x86_64.rpm  318 kB/s |  24 kB     00:00    
(95/234): libXcomposite-devel-0.4.5-7.el9.x86_6 215 kB/s |  17 kB     00:00    
(96/234): libXcursor-1.2.0-7.el9.x86_64.rpm     405 kB/s |  31 kB     00:00    
(97/234): libXcursor-devel-1.2.0-7.el9.x86_64.r 347 kB/s |  26 kB     00:00    
(98/234): libXdamage-1.1.5-7.el9.x86_64.rpm     292 kB/s |  23 kB     00:00    
(99/234): libXdamage-devel-1.1.5-7.el9.x86_64.r 137 kB/s |  10 kB     00:00    
(100/234): libXext-1.3.4-8.el9.x86_64.rpm       524 kB/s |  40 kB     00:00    
(101/234): libXext-devel-1.3.4-8.el9.x86_64.rpm 1.1 MB/s |  87 kB     00:00    
(102/234): libXfixes-5.0.3-16.el9.x86_64.rpm    262 kB/s |  20 kB     00:00    
(103/234): libXfixes-devel-5.0.3-16.el9.x86_64. 175 kB/s |  13 kB     00:00    
(104/234): libXft-2.3.3-8.el9.x86_64.rpm        809 kB/s |  62 kB     00:00    
(105/234): libXft-devel-2.3.3-8.el9.x86_64.rpm  254 kB/s |  19 kB     00:00    
(106/234): libXi-1.7.10-8.el9.x86_64.rpm        521 kB/s |  40 kB     00:00    
(107/234): libXi-devel-1.7.10-8.el9.x86_64.rpm  1.4 MB/s | 113 kB     00:00    
(108/234): libXinerama-1.1.4-10.el9.x86_64.rpm  199 kB/s |  15 kB     00:00    
(109/234): libXinerama-devel-1.1.4-10.el9.x86_6 182 kB/s |  14 kB     00:00    
(110/234): libXrandr-1.5.2-8.el9.x86_64.rpm     371 kB/s |  28 kB     00:00    
(111/234): libXrandr-devel-1.5.2-8.el9.x86_64.r 264 kB/s |  20 kB     00:00    
(112/234): libXrender-0.9.10-16.el9.x86_64.rpm  370 kB/s |  28 kB     00:00    
(113/234): libXrender-devel-0.9.10-16.el9.x86_6 217 kB/s |  17 kB     00:00    
(114/234): libXtst-1.2.3-16.el9.x86_64.rpm      283 kB/s |  21 kB     00:00    
(115/234): libXtst-devel-1.2.3-16.el9.x86_64.rp 217 kB/s |  17 kB     00:00    
(116/234): libXv-1.0.11-16.el9.x86_64.rpm       250 kB/s |  19 kB     00:00    
(117/234): libXxf86vm-1.1.4-18.el9.x86_64.rpm   246 kB/s |  19 kB     00:00    
(118/234): libappstream-glib-0.7.18-5.el9.x86_6 4.8 MB/s | 395 kB     00:00    
(119/234): libasyncns-0.8-22.el9.x86_64.rpm     398 kB/s |  30 kB     00:00    
(120/234): libblkid-devel-2.37.4-21.el9.x86_64. 220 kB/s |  17 kB     00:00    
(121/234): libcanberra-0.30-27.el9.x86_64.rpm   1.1 MB/s |  86 kB     00:00    
(122/234): libcanberra-gtk3-0.30-27.el9.x86_64. 414 kB/s |  32 kB     00:00    
(123/234): libdatrie-0.2.13-4.el9.x86_64.rpm    427 kB/s |  33 kB     00:00    
(124/234): libdatrie-devel-0.2.13-4.el9.x86_64. 1.8 MB/s | 142 kB     00:00    
(125/234): libdrm-2.4.123-2.el9.x86_64.rpm      2.0 MB/s | 161 kB     00:00    
(126/234): libepoxy-1.5.5-4.el9.x86_64.rpm      3.0 MB/s | 241 kB     00:00    
(127/234): libepoxy-devel-1.5.5-4.el9.x86_64.rp 1.7 MB/s | 134 kB     00:00    
(128/234): libffi-devel-3.4.2-8.el9.x86_64.rpm  386 kB/s |  29 kB     00:00    
(129/234): libexif-0.6.22-6.el9.x86_64.rpm      5.3 MB/s | 435 kB     00:00    
(130/234): libgexiv2-0.14.3-1.el9.x86_64.rpm    1.2 MB/s |  94 kB     00:00    
(131/234): libglvnd-1.3.4-1.el9.x86_64.rpm      1.7 MB/s | 135 kB     00:00    
(132/234): libglvnd-core-devel-1.3.4-1.el9.x86_ 240 kB/s |  18 kB     00:00    
(133/234): libglvnd-devel-1.3.4-1.el9.x86_64.rp 2.0 MB/s | 161 kB     00:00    
(134/234): libglvnd-egl-1.3.4-1.el9.x86_64.rpm  483 kB/s |  37 kB     00:00    
(135/234): libglvnd-gles-1.3.4-1.el9.x86_64.rpm 428 kB/s |  33 kB     00:00    
(136/234): libglvnd-glx-1.3.4-1.el9.x86_64.rpm  1.8 MB/s | 142 kB     00:00    
(137/234): libglvnd-opengl-1.3.4-1.el9.x86_64.r 566 kB/s |  43 kB     00:00    
(138/234): libgsf-1.14.47-5.el9.x86_64.rpm      3.2 MB/s | 256 kB     00:00    
(139/234): libgxps-0.3.2-3.el9.x86_64.rpm       1.0 MB/s |  79 kB     00:00    
(140/234): libiptcdata-1.0.5-10.el9.x86_64.rpm  802 kB/s |  61 kB     00:00    
(141/234): libicu-devel-67.1-10.el9.x86_64.rpm   11 MB/s | 937 kB     00:00    
(142/234): libjpeg-turbo-2.0.90-7.el9.x86_64.rp 2.2 MB/s | 175 kB     00:00    
(143/234): libldac-2.0.2.3-10.el9.x86_64.rpm    539 kB/s |  41 kB     00:00    
(144/234): libmount-devel-2.37.4-21.el9.x86_64. 240 kB/s |  18 kB     00:00    
(145/234): libnotify-0.7.9-8.el9.x86_64.rpm     575 kB/s |  44 kB     00:00    
(146/234): libogg-1.3.4-6.el9.x86_64.rpm        437 kB/s |  34 kB     00:00    
(147/234): libosinfo-1.10.0-1.el9.x86_64.rpm    4.0 MB/s | 319 kB     00:00    
(148/234): libpng-devel-1.6.37-12.el9.x86_64.rp 3.6 MB/s | 293 kB     00:00    
(149/234): libproxy-webkitgtk4-0.4.15-35.el9.x8 282 kB/s |  22 kB     00:00    
(150/234): libsbc-1.4-9.el9.x86_64.rpm          592 kB/s |  45 kB     00:00    
(151/234): librsvg2-2.50.7-3.el9.x86_64.rpm      28 MB/s | 3.2 MB     00:00    
(152/234): libselinux-devel-3.6-3.el9.x86_64.rp 2.0 MB/s | 159 kB     00:00    
(153/234): libsepol-devel-3.6-3.el9.x86_64.rpm  619 kB/s |  47 kB     00:00    
(154/234): libsndfile-1.0.31-9.el9.x86_64.rpm   2.6 MB/s | 206 kB     00:00    
(155/234): libsoup-2.72.0-10.el9.x86_64.rpm     4.9 MB/s | 403 kB     00:00    
(156/234): libstemmer-0-18.585svn.el9.x86_64.rp 1.1 MB/s |  83 kB     00:00    
(157/234): libthai-0.1.28-8.el9.x86_64.rpm      2.6 MB/s | 208 kB     00:00    
(158/234): libthai-devel-0.1.28-8.el9.x86_64.rp 1.7 MB/s | 134 kB     00:00    
(159/234): libtheora-1.1.1-31.el9.x86_64.rpm    2.1 MB/s | 164 kB     00:00    
(160/234): libtiff-4.4.0-15.el9.x86_64.rpm      2.5 MB/s | 197 kB     00:00    
(161/234): libtiff-devel-4.4.0-15.el9.x86_64.rp 6.9 MB/s | 571 kB     00:00    
(162/234): libtracker-sparql-3.1.2-3.el9.x86_64 4.0 MB/s | 324 kB     00:00    
(163/234): libvorbis-1.3.7-5.el9.x86_64.rpm     2.4 MB/s | 193 kB     00:00    
(164/234): libwayland-client-1.21.0-1.el9.x86_6 436 kB/s |  33 kB     00:00    
(165/234): libwayland-cursor-1.21.0-1.el9.x86_6 256 kB/s |  19 kB     00:00    
(166/234): libwayland-egl-1.21.0-1.el9.x86_64.r 169 kB/s |  13 kB     00:00    
(167/234): libwayland-server-1.21.0-1.el9.x86_6 546 kB/s |  42 kB     00:00    
(168/234): libwebp-1.2.0-8.el9.x86_64.rpm       3.4 MB/s | 277 kB     00:00    
(169/234): libxcb-devel-1.13.1-9.el9.x86_64.rpm  16 MB/s | 1.5 MB     00:00    
(170/234): libxkbcommon-1.0.3-4.el9.x86_64.rpm  1.7 MB/s | 133 kB     00:00    
(171/234): libxkbcommon-devel-1.0.3-4.el9.x86_6 813 kB/s |  62 kB     00:00    
(172/234): libxml2-devel-2.9.13-12.el9.x86_64.r  10 MB/s | 898 kB     00:00    
(173/234): libxshmfence-1.3-10.el9.x86_64.rpm   166 kB/s |  13 kB     00:00    
(174/234): libxslt-1.1.34-12.el9.x86_64.rpm     2.9 MB/s | 233 kB     00:00    
(175/234): low-memory-monitor-2.1-4.el9.x86_64. 473 kB/s |  36 kB     00:00    
(176/234): mesa-filesystem-25.0.7-2.el9.x86_64. 142 kB/s |  11 kB     00:00    
(177/234): mesa-libEGL-25.0.7-2.el9.x86_64.rpm  1.7 MB/s | 136 kB     00:00    
(178/234): mesa-libGL-25.0.7-2.el9.x86_64.rpm   2.0 MB/s | 154 kB     00:00    
(179/234): mesa-libgbm-25.0.7-2.el9.x86_64.rpm  218 kB/s |  16 kB     00:00    
(180/234): nspr-4.36.0-4.el9.x86_64.rpm         1.7 MB/s | 133 kB     00:00    
(181/234): mesa-dri-drivers-25.0.7-2.el9.x86_64  35 MB/s | 9.7 MB     00:00    
(182/234): nss-3.112.0-4.el9.x86_64.rpm         8.5 MB/s | 722 kB     00:00    
(183/234): nss-softokn-3.112.0-4.el9.x86_64.rpm 4.8 MB/s | 399 kB     00:00    
(184/234): nss-softokn-freebl-3.112.0-4.el9.x86 4.9 MB/s | 413 kB     00:00    
(185/234): nss-sysinit-3.112.0-4.el9.x86_64.rpm 233 kB/s |  18 kB     00:00    
(186/234): nss-util-3.112.0-4.el9.x86_64.rpm    1.1 MB/s |  88 kB     00:00    
(187/234): openjpeg2-2.4.0-8.el9.x86_64.rpm     2.1 MB/s | 162 kB     00:00    
(188/234): opus-1.3.1-10.el9.x86_64.rpm         2.5 MB/s | 200 kB     00:00    
(189/234): orc-0.4.31-8.el9.x86_64.rpm          2.3 MB/s | 183 kB     00:00    
(190/234): osinfo-db-20250606-1.el9.noarch.rpm  6.8 MB/s | 564 kB     00:00    
(191/234): osinfo-db-tools-1.10.0-1.el9.x86_64. 969 kB/s |  74 kB     00:00    
(192/234): ostree-libs-2025.6-1.el9.x86_64.rpm  5.8 MB/s | 484 kB     00:00    
(193/234): p11-kit-server-0.25.10-1.el9.x86_64. 282 kB/s |  22 kB     00:00    
(194/234): pango-1.48.7-3.el9.x86_64.rpm        3.8 MB/s | 302 kB     00:00    
(195/234): pango-devel-1.48.7-3.el9.x86_64.rpm  1.9 MB/s | 149 kB     00:00    
(196/234): pcre-cpp-8.44-4.el9.x86_64.rpm       335 kB/s |  26 kB     00:00    
(197/234): pcre-devel-8.44-4.el9.x86_64.rpm     6.1 MB/s | 506 kB     00:00    
(198/234): pcre-utf16-8.44-4.el9.x86_64.rpm     2.3 MB/s | 184 kB     00:00    
(199/234): pcre-utf32-8.44-4.el9.x86_64.rpm     2.2 MB/s | 174 kB     00:00    
(200/234): pcre2-devel-10.40-6.el9.x86_64.rpm   6.2 MB/s | 512 kB     00:00    
(201/234): pcre2-utf16-10.40-6.el9.x86_64.rpm   2.7 MB/s | 214 kB     00:00    
(202/234): pcre2-utf32-10.40-6.el9.x86_64.rpm   2.6 MB/s | 203 kB     00:00    
(203/234): pipewire-1.0.1-1.el9.x86_64.rpm      1.4 MB/s | 107 kB     00:00    
(204/234): pipewire-alsa-1.0.1-1.el9.x86_64.rpm 752 kB/s |  57 kB     00:00    
(205/234): pipewire-jack-audio-connection-kit-1 120 kB/s | 9.1 kB     00:00    
(206/234): pipewire-jack-audio-connection-kit-l 1.7 MB/s | 135 kB     00:00    
(207/234): pipewire-libs-1.0.1-1.el9.x86_64.rpm  18 MB/s | 1.9 MB     00:00    
(208/234): pipewire-pulseaudio-1.0.1-1.el9.x86_ 2.3 MB/s | 192 kB     00:00    
(209/234): pixman-0.40.0-6.el9.x86_64.rpm       3.4 MB/s | 269 kB     00:00    
(210/234): pixman-devel-0.40.0-6.el9.x86_64.rpm 228 kB/s |  17 kB     00:00    
(211/234): poppler-21.01.0-21.el9.x86_64.rpm     12 MB/s | 1.1 MB     00:00    
(212/234): poppler-data-0.4.9-9.el9.noarch.rpm   19 MB/s | 1.9 MB     00:00    
(213/234): poppler-glib-21.01.0-21.el9.x86_64.r 1.9 MB/s | 152 kB     00:00    
(214/234): pulseaudio-libs-15.0-3.el9.x86_64.rp 8.1 MB/s | 676 kB     00:00    
(215/234): rtkit-0.11-29.el9.x86_64.rpm         738 kB/s |  56 kB     00:00    
(216/234): sound-theme-freedesktop-0.8-17.el9.n 4.6 MB/s | 383 kB     00:00    
(217/234): spirv-tools-libs-2025.2-1.el9.x86_64  16 MB/s | 1.5 MB     00:00    
(218/234): sysprof-capture-devel-3.40.1-3.el9.x 791 kB/s |  60 kB     00:00    
(219/234): totem-pl-parser-3.26.6-2.el9.x86_64. 1.9 MB/s | 152 kB     00:00    
(220/234): tracker-3.1.2-3.el9.x86_64.rpm       6.7 MB/s | 555 kB     00:00    
(221/234): tracker-miners-3.1.2-4.el9.x86_64.rp  11 MB/s | 944 kB     00:00    
(222/234): upower-0.99.11-11.el9.x86_64.rpm     2.2 MB/s | 173 kB     00:00    
(223/234): wayland-devel-1.21.0-1.el9.x86_64.rp 1.8 MB/s | 145 kB     00:00    
(224/234): webrtc-audio-processing-0.3.1-8.el9. 3.8 MB/s | 306 kB     00:00    
(225/234): wireplumber-0.4.14-1.el9.x86_64.rpm  1.2 MB/s |  96 kB     00:00    
(226/234): wireplumber-libs-0.4.14-1.el9.x86_64 4.4 MB/s | 358 kB     00:00    
(227/234): xdg-dbus-proxy-0.1.3-1.el9.x86_64.rp 555 kB/s |  42 kB     00:00    
(228/234): webkit2gtk3-jsc-2.50.1-1.el9.x86_64.  32 MB/s | 8.6 MB     00:00    
(229/234): xdg-desktop-portal-1.12.6-1.el9.x86_ 4.2 MB/s | 385 kB     00:00    
(230/234): xdg-desktop-portal-gtk-1.12.0-3.el9. 1.7 MB/s | 134 kB     00:00    
(231/234): xorg-x11-proto-devel-2024.1-1.el9.no 3.8 MB/s | 310 kB     00:00    
(232/234): xkeyboard-config-2.33-2.el9.noarch.r 9.9 MB/s | 859 kB     00:00    
(233/234): xz-devel-5.2.5-8.el9.x86_64.rpm      722 kB/s |  55 kB     00:00    
(234/234): zlib-devel-1.2.11-41.el9.x86_64.rpm  589 kB/s |  45 kB     00:00    
--------------------------------------------------------------------------------
Total                                            10 MB/s | 126 MB     00:12     
Running transaction check
Transaction check succeeded.
Running transaction test
Transaction test succeeded.
Running transaction
  Preparing        :                                                        1/1 
  Installing       : xorg-x11-proto-devel-2024.1-1.el9.noarch             1/234 
  Installing       : libXext-1.3.4-8.el9.x86_64                           2/234 
  Installing       : libXrender-0.9.10-16.el9.x86_64                      3/234 
  Installing       : nspr-4.36.0-4.el9.x86_64                             4/234 
  Installing       : libjpeg-turbo-2.0.90-7.el9.x86_64                    5/234 
  Installing       : libicu-67.1-10.el9.x86_64                            6/234 
  Installing       : json-glib-1.6.6-1.el9.x86_64                         7/234 
  Installing       : libXi-1.7.10-8.el9.x86_64                            8/234 
  Installing       : libwayland-client-1.21.0-1.el9.x86_64                9/234 
  Installing       : libogg-2:1.3.4-6.el9.x86_64                         10/234 
  Installing       : libglvnd-1:1.3.4-1.el9.x86_64                       11/234 
  Installing       : atk-2.36.0-5.el9.x86_64                             12/234 
  Installing       : avahi-libs-0.8-23.el9.x86_64                        13/234 
  Installing       : libvorbis-1:1.3.7-5.el9.x86_64                      14/234 
  Installing       : nss-util-3.112.0-4.el9.x86_64                       15/234 
  Installing       : zlib-devel-1.2.11-41.el9.x86_64                     16/234 
  Installing       : libXfixes-5.0.3-16.el9.x86_64                       17/234 
  Installing       : alsa-lib-1.2.14-1.el9.x86_64                        18/234 
  Installing       : libpng-devel-2:1.6.37-12.el9.x86_64                 19/234 
  Installing       : libwayland-cursor-1.21.0-1.el9.x86_64               20/234 
  Installing       : pixman-0.40.0-6.el9.x86_64                          21/234 
  Installing       : cairo-1.17.4-7.el9.x86_64                           22/234 
  Installing       : cairo-gobject-1.17.4-7.el9.x86_64                   23/234 
  Installing       : opus-1.3.1-10.el9.x86_64                            24/234 
  Installing       : libwayland-server-1.21.0-1.el9.x86_64               25/234 
  Installing       : libwayland-egl-1.21.0-1.el9.x86_64                  26/234 
  Installing       : libstemmer-0-18.585svn.el9.x86_64                   27/234 
  Installing       : libepoxy-1.5.5-4.el9.x86_64                         28/234 
  Installing       : lcms2-2.12-3.el9.x86_64                             29/234 
  Installing       : gstreamer1-1.22.12-3.el9.x86_64                     30/234 
  Installing       : fribidi-1.0.10-6.el9.2.x86_64                       31/234 
  Installing       : polkit-libs-0.117-14.el9.x86_64                     32/234 
  Installing       : hwdata-0.348-9.20.el9.noarch                        33/234 
  Running scriptlet: polkit-0.117-14.el9.x86_64                          34/234 
  Installing       : polkit-0.117-14.el9.x86_64                          34/234 
  Running scriptlet: polkit-0.117-14.el9.x86_64                          34/234 
  Installing       : polkit-pkla-compat-0.1-21.el9.x86_64                35/234 
  Installing       : fribidi-devel-1.0.10-6.el9.2.x86_64                 36/234 
  Installing       : libXcursor-1.2.0-7.el9.x86_64                       37/234 
  Installing       : libXdamage-1.1.5-7.el9.x86_64                       38/234 
  Installing       : libXtst-1.2.3-16.el9.x86_64                         39/234 
  Installing       : at-spi2-core-2.40.3-1.el9.x86_64                    40/234 
  Installing       : at-spi2-atk-2.38.0-4.el9.x86_64                     41/234 
  Installing       : libXft-2.3.3-8.el9.x86_64                           42/234 
  Installing       : libXrandr-1.5.2-8.el9.x86_64                        43/234 
  Installing       : libXinerama-1.1.4-10.el9.x86_64                     44/234 
  Installing       : libffi-devel-3.4.2-8.el9.x86_64                     45/234 
  Installing       : libdatrie-0.2.13-4.el9.x86_64                       46/234 
  Installing       : libthai-0.1.28-8.el9.x86_64                         47/234 
  Installing       : pango-1.48.7-3.el9.x86_64                           48/234 
  Installing       : libXcomposite-0.4.5-7.el9.x86_64                    49/234 
  Installing       : dconf-0.40.0-6.el9.x86_64                           50/234 
  Running scriptlet: dconf-0.40.0-6.el9.x86_64                           50/234 
  Installing       : cmake-filesystem-3.26.5-2.el9.x86_64                51/234 
  Installing       : dbus-devel-1:1.12.20-8.el9.x86_64                   52/234 
  Installing       : shared-mime-info-2.1-5.el9.x86_64                   53/234 
  Running scriptlet: shared-mime-info-2.1-5.el9.x86_64                   53/234 
  Installing       : gdk-pixbuf2-2.42.6-6.el9.x86_64                     54/234 
  Installing       : libusbx-1.0.26-1.el9.x86_64                         55/234 
  Installing       : libtdb-1.4.14-1.el9.x86_64                          56/234 
  Installing       : libproxy-0.4.15-35.el9.x86_64                       57/234 
  Installing       : libgudev-237-1.el9.x86_64                           58/234 
  Installing       : fuse-libs-2.9.9-17.el9.x86_64                       59/234 
  Installing       : libgusb-0.3.8-2.el9.x86_64                          60/234 
  Installing       : colord-libs-1.4.5-4.el9.x86_64                      61/234 
  Installing       : gtk-update-icon-cache-3.24.31-8.el9.x86_64          62/234 
  Installing       : libgsf-1.14.47-5.el9.x86_64                         63/234 
  Installing       : libnotify-0.7.9-8.el9.x86_64                        64/234 
  Installing       : librsvg2-2.50.7-3.el9.x86_64                        65/234 
  Installing       : libdatrie-devel-0.2.13-4.el9.x86_64                 66/234 
  Installing       : libthai-devel-0.1.28-8.el9.x86_64                   67/234 
  Installing       : wayland-devel-1.21.0-1.el9.x86_64                   68/234 
  Running scriptlet: rtkit-0.11-29.el9.x86_64                            69/234 
  Installing       : rtkit-0.11-29.el9.x86_64                            69/234 
  Running scriptlet: rtkit-0.11-29.el9.x86_64                            69/234 
Created symlink /etc/systemd/system/graphical.target.wants/rtkit-daemon.service → /usr/lib/systemd/system/rtkit-daemon.service.

  Installing       : libpciaccess-0.16-7.el9.x86_64                      70/234 
  Installing       : libdrm-2.4.123-2.el9.x86_64                         71/234 
  Installing       : osinfo-db-20250606-1.el9.noarch                     72/234 
  Installing       : pixman-devel-0.40.0-6.el9.x86_64                    73/234 
  Installing       : nss-softokn-freebl-3.112.0-4.el9.x86_64             74/234 
  Installing       : nss-softokn-3.112.0-4.el9.x86_64                    75/234 
  Installing       : nss-3.112.0-4.el9.x86_64                            76/234 
  Running scriptlet: nss-3.112.0-4.el9.x86_64                            76/234 
  Installing       : nss-sysinit-3.112.0-4.el9.x86_64                    77/234 
  Installing       : cups-libs-1:2.3.3op2-35.el9.x86_64                  78/234 
  Installing       : avahi-glib-0.8-23.el9.x86_64                        79/234 
  Installing       : libglvnd-opengl-1:1.3.4-1.el9.x86_64                80/234 
  Installing       : flac-libs-1.3.3-12.el9.x86_64                       81/234 
  Installing       : libtheora-1:1.1.1-31.el9.x86_64                     82/234 
  Installing       : harfbuzz-icu-2.7.4-10.el9.x86_64                    83/234 
  Installing       : libicu-devel-67.1-10.el9.x86_64                     84/234 
  Installing       : webkit2gtk3-jsc-2.50.1-1.el9.x86_64                 85/234 
  Installing       : libproxy-webkitgtk4-0.4.15-35.el9.x86_64            86/234 
  Installing       : libXv-1.0.11-16.el9.x86_64                          87/234 
  Installing       : libXxf86vm-1.1.4-18.el9.x86_64                      88/234 
  Installing       : libXau-devel-1.0.9-8.el9.x86_64                     89/234 
  Installing       : libxcb-devel-1.13.1-9.el9.x86_64                    90/234 
  Installing       : libX11-devel-1.7.0-11.el9.x86_64                    91/234 
  Installing       : libXext-devel-1.3.4-8.el9.x86_64                    92/234 
  Installing       : libXfixes-devel-5.0.3-16.el9.x86_64                 93/234 
  Installing       : libXrender-devel-0.9.10-16.el9.x86_64               94/234 
  Installing       : libXi-devel-1.7.10-8.el9.x86_64                     95/234 
  Installing       : libXtst-devel-1.2.3-16.el9.x86_64                   96/234 
  Installing       : libXcursor-devel-1.2.0-7.el9.x86_64                 97/234 
  Installing       : libXrandr-devel-1.5.2-8.el9.x86_64                  98/234 
  Installing       : libXcomposite-devel-0.4.5-7.el9.x86_64              99/234 
  Installing       : libXdamage-devel-1.1.5-7.el9.x86_64                100/234 
  Installing       : libXinerama-devel-1.1.4-10.el9.x86_64              101/234 
  Installing       : exiv2-libs-0.27.5-2.el9.x86_64                     102/234 
  Installing       : exiv2-0.27.5-2.el9.x86_64                          103/234 
  Installing       : libgexiv2-0.14.3-1.el9.x86_64                      104/234 
  Installing       : device-mapper-libs-9:1.02.206-2.el9.x86_64         105/234 
  Installing       : device-mapper-9:1.02.206-2.el9.x86_64              106/234 
  Installing       : cryptsetup-libs-2.8.1-2.el9.x86_64                 107/234 
  Installing       : xz-devel-5.2.5-8.el9.x86_64                        108/234 
  Installing       : libxml2-devel-2.9.13-12.el9.x86_64                 109/234 
  Installing       : xkeyboard-config-2.33-2.el9.noarch                 110/234 
  Installing       : libxkbcommon-1.0.3-4.el9.x86_64                    111/234 
  Installing       : libxkbcommon-devel-1.0.3-4.el9.x86_64              112/234 
  Installing       : xdg-dbus-proxy-0.1.3-1.el9.x86_64                  113/234 
  Installing       : webrtc-audio-processing-0.3.1-8.el9.x86_64         114/234 
  Installing       : totem-pl-parser-3.26.6-2.el9.x86_64                115/234 
  Installing       : sysprof-capture-devel-3.40.1-3.el9.x86_64          116/234 
  Installing       : spirv-tools-libs-2025.2-1.el9.x86_64               117/234 
  Installing       : sound-theme-freedesktop-0.8-17.el9.noarch          118/234 
  Running scriptlet: sound-theme-freedesktop-0.8-17.el9.noarch          118/234 
  Installing       : poppler-data-0.4.9-9.el9.noarch                    119/234 
  Installing       : pcre2-utf32-10.40-6.el9.x86_64                     120/234 
  Installing       : pcre2-utf16-10.40-6.el9.x86_64                     121/234 
  Installing       : pcre2-devel-10.40-6.el9.x86_64                     122/234 
  Installing       : pcre-utf32-8.44-4.el9.x86_64                       123/234 
  Installing       : pcre-utf16-8.44-4.el9.x86_64                       124/234 
  Installing       : pcre-cpp-8.44-4.el9.x86_64                         125/234 
  Installing       : pcre-devel-8.44-4.el9.x86_64                       126/234 
  Installing       : p11-kit-server-0.25.10-1.el9.x86_64                127/234 
  Installing       : orc-0.4.31-8.el9.x86_64                            128/234 
  Installing       : openjpeg2-2.4.0-8.el9.x86_64                       129/234 
  Installing       : mesa-filesystem-25.0.7-2.el9.x86_64                130/234 
  Installing       : low-memory-monitor-2.1-4.el9.x86_64                131/234 
  Running scriptlet: low-memory-monitor-2.1-4.el9.x86_64                131/234 
Created symlink /etc/systemd/system/basic.target.wants/low-memory-monitor.service → /usr/lib/systemd/system/low-memory-monitor.service.

  Installing       : libxslt-1.1.34-12.el9.x86_64                       132/234 
  Installing       : libxshmfence-1.3-10.el9.x86_64                     133/234 
  Installing       : libglvnd-egl-1:1.3.4-1.el9.x86_64                  134/234 
  Installing       : mesa-dri-drivers-25.0.7-2.el9.x86_64               135/234 
  Installing       : mesa-libgbm-25.0.7-2.el9.x86_64                    136/234 
  Installing       : mesa-libEGL-25.0.7-2.el9.x86_64                    137/234 
  Installing       : libglvnd-gles-1:1.3.4-1.el9.x86_64                 138/234 
  Installing       : libglvnd-glx-1:1.3.4-1.el9.x86_64                  139/234 
  Installing       : mesa-libGL-25.0.7-2.el9.x86_64                     140/234 
  Installing       : libwebp-1.2.0-8.el9.x86_64                         141/234 
  Installing       : libsepol-devel-3.6-3.el9.x86_64                    142/234 
  Installing       : libselinux-devel-3.6-3.el9.x86_64                  143/234 
  Installing       : libsbc-1.4-9.el9.x86_64                            144/234 
  Installing       : libldac-2.0.2.3-10.el9.x86_64                      145/234 
  Installing       : libiptcdata-1.0.5-10.el9.x86_64                    146/234 
  Installing       : libglvnd-core-devel-1:1.3.4-1.el9.x86_64           147/234 
  Installing       : libglvnd-devel-1:1.3.4-1.el9.x86_64                148/234 
  Installing       : libepoxy-devel-1.5.5-4.el9.x86_64                  149/234 
  Installing       : libexif-0.6.22-6.el9.x86_64                        150/234 
  Installing       : libblkid-devel-2.37.4-21.el9.x86_64                151/234 
  Installing       : libmount-devel-2.37.4-21.el9.x86_64                152/234 
  Installing       : glib2-devel-2.68.4-16.el9.x86_64                   153/234 
  Installing       : atk-devel-2.36.0-5.el9.x86_64                      154/234 
  Installing       : at-spi2-core-devel-2.40.3-1.el9.x86_64             155/234 
  Installing       : at-spi2-atk-devel-2.38.0-4.el9.x86_64              156/234 
  Installing       : libasyncns-0.8-22.el9.x86_64                       157/234 
  Installing       : jbigkit-libs-2.1-23.el9.x86_64                     158/234 
  Installing       : libtiff-4.4.0-15.el9.x86_64                        159/234 
  Installing       : gdk-pixbuf2-modules-2.42.6-6.el9.x86_64            160/234 
  Installing       : libgxps-0.3.2-3.el9.x86_64                         161/234 
  Installing       : libtiff-devel-4.4.0-15.el9.x86_64                  162/234 
  Installing       : gdk-pixbuf2-devel-2.42.6-6.el9.x86_64              163/234 
  Installing       : poppler-21.01.0-21.el9.x86_64                      164/234 
  Installing       : poppler-glib-21.01.0-21.el9.x86_64                 165/234 
  Installing       : iso-codes-4.6.0-3.el9.noarch                       166/234 
  Installing       : hicolor-icon-theme-0.17-13.el9.noarch              167/234 
  Installing       : gsm-1.0.19-6.el9.x86_64                            168/234 
  Installing       : libsndfile-1.0.31-9.el9.x86_64                     169/234 
  Installing       : pulseaudio-libs-15.0-3.el9.x86_64                  170/234 
  Installing       : libcanberra-0.30-27.el9.x86_64                     171/234 
  Running scriptlet: libcanberra-0.30-27.el9.x86_64                     171/234 
  Installing       : graphite2-devel-1.3.14-9.el9.x86_64                172/234 
  Installing       : graphene-1.10.6-2.el9.x86_64                       173/234 
  Installing       : gstreamer1-plugins-base-1.22.12-4.el9.x86_64       174/234 
  Installing       : giflib-5.2.1-9.el9.x86_64                          175/234 
  Installing       : flatpak-session-helper-1.12.9-4.el9.x86_64         176/234 
  Installing       : fdk-aac-free-2.0.0-8.el9.x86_64                    177/234 
  Installing       : exempi-2.6.0-0.2.20211007gite23c213.el9.x86_64     178/234 
  Installing       : composefs-libs-1.0.8-1.el9.x86_64                  179/234 
  Installing       : ostree-libs-2025.6-1.el9.x86_64                    180/234 
  Installing       : bzip2-devel-1.0.8-10.el9.x86_64                    181/234 
  Installing       : brotli-1.0.9-7.el9.x86_64                          182/234 
  Installing       : brotli-devel-1.0.9-7.el9.x86_64                    183/234 
  Installing       : freetype-devel-2.10.4-11.el9.x86_64                184/234 
  Installing       : harfbuzz-devel-2.7.4-10.el9.x86_64                 185/234 
  Installing       : adwaita-cursor-theme-40.1.1-3.el9.noarch           186/234 
  Installing       : adwaita-icon-theme-40.1.1-3.el9.noarch             187/234 
  Installing       : abattis-cantarell-fonts-0.301-4.el9.noarch         188/234 
  Installing       : which-2.21-30.el9.x86_64                           189/234 
  Installing       : kmod-28-11.el9.x86_64                              190/234 
  Installing       : kbd-misc-2.4.0-11.el9.noarch                       191/234 
  Installing       : kbd-legacy-2.4.0-11.el9.noarch                     192/234 
  Installing       : kbd-2.4.0-11.el9.x86_64                            193/234 
  Installing       : systemd-udev-252-55.el9.x86_64                     194/234 
  Running scriptlet: systemd-udev-252-55.el9.x86_64                     194/234 
Created symlink /etc/systemd/system/sysinit.target.wants/systemd-boot-update.service → /usr/lib/systemd/system/systemd-boot-update.service.
Created symlink /etc/systemd/system/sysinit.target.wants/systemd-pstore.service → /usr/lib/systemd/system/systemd-pstore.service.

  Installing       : gobject-introspection-1.68.0-11.el9.x86_64         195/234 
  Installing       : upower-0.99.11-11.el9.x86_64                       196/234 
  Running scriptlet: upower-0.99.11-11.el9.x86_64                       196/234 
Created symlink /etc/systemd/system/graphical.target.wants/upower.service → /usr/lib/systemd/system/upower.service.

  Installing       : gettext-libs-0.21-8.el9.x86_64                     197/234 
  Installing       : gettext-0.21-8.el9.x86_64                          198/234 
  Installing       : fontconfig-devel-2.14.0-2.el9.x86_64               199/234 
  Installing       : cairo-devel-1.17.4-7.el9.x86_64                    200/234 
  Installing       : cairo-gobject-devel-1.17.4-7.el9.x86_64            201/234 
  Installing       : libXft-devel-2.3.3-8.el9.x86_64                    202/234 
  Installing       : pango-devel-1.48.7-3.el9.x86_64                    203/234 
  Installing       : fuse-common-3.10.2-9.el9.x86_64                    204/234 
  Installing       : fuse-2.9.9-17.el9.x86_64                           205/234 
  Installing       : bubblewrap-0.6.3-1.el9.x86_64                      206/234 
  Installing       : bluez-libs-5.72-4.el9.x86_64                       207/234 
  Running scriptlet: pipewire-1.0.1-1.el9.x86_64                        208/234 
  Installing       : pipewire-1.0.1-1.el9.x86_64                        208/234 
  Running scriptlet: pipewire-1.0.1-1.el9.x86_64                        208/234 
Created symlink /etc/systemd/user/sockets.target.wants/pipewire.socket → /usr/lib/systemd/user/pipewire.socket.

  Installing       : pipewire-libs-1.0.1-1.el9.x86_64                   209/234 
  Installing       : wireplumber-0.4.14-1.el9.x86_64                    210/234 
  Installing       : wireplumber-libs-0.4.14-1.el9.x86_64               211/234 
  Installing       : pipewire-jack-audio-connection-kit-libs-1.0.1-1.   212/234 
  Installing       : adobe-source-code-pro-fonts-2.030.1.050-12.el9.1   213/234 
  Installing       : gsettings-desktop-schemas-40.0-8.el9.x86_64        214/234 
  Installing       : glib-networking-2.68.3-3.el9.x86_64                215/234 
  Installing       : libsoup-2.72.0-10.el9.x86_64                       216/234 
  Installing       : libappstream-glib-0.7.18-5.el9.x86_64              217/234 
  Installing       : osinfo-db-tools-1.10.0-1.el9.x86_64                218/234 
  Installing       : libosinfo-1.10.0-1.el9.x86_64                      219/234 
  Installing       : NetworkManager-libnm-1:1.54.1-1.el9.x86_64         220/234 
  Installing       : libtracker-sparql-3.1.2-3.el9.x86_64               221/234 
  Installing       : tracker-3.1.2-3.el9.x86_64                         222/234 
  Running scriptlet: tracker-3.1.2-3.el9.x86_64                         222/234 
  Installing       : tracker-miners-3.1.2-4.el9.x86_64                  223/234 
  Running scriptlet: tracker-miners-3.1.2-4.el9.x86_64                  223/234 
  Installing       : ModemManager-glib-1.20.2-1.el9.x86_64              224/234 
  Running scriptlet: geoclue2-2.6.0-7.el9.x86_64                        225/234 
  Installing       : geoclue2-2.6.0-7.el9.x86_64                        225/234 
  Running scriptlet: geoclue2-2.6.0-7.el9.x86_64                        225/234 
  Running scriptlet: flatpak-1.12.9-4.el9.x86_64                        226/234 
  Installing       : flatpak-1.12.9-4.el9.x86_64                        226/234 
  Installing       : xdg-desktop-portal-1.12.6-1.el9.x86_64             227/234 
  Running scriptlet: xdg-desktop-portal-1.12.6-1.el9.x86_64             227/234 
  Installing       : libcanberra-gtk3-0.30-27.el9.x86_64                228/234 
  Installing       : gtk3-3.24.31-8.el9.x86_64                          229/234 
  Installing       : xdg-desktop-portal-gtk-1.12.0-3.el9.x86_64         230/234 
  Running scriptlet: xdg-desktop-portal-gtk-1.12.0-3.el9.x86_64         230/234 
  Installing       : gtk3-devel-3.24.31-8.el9.x86_64                    231/234 
  Installing       : pipewire-jack-audio-connection-kit-1.0.1-1.el9.x   232/234 
  Installing       : pipewire-alsa-1.0.1-1.el9.x86_64                   233/234 
  Installing       : pipewire-pulseaudio-1.0.1-1.el9.x86_64             234/234 
  Running scriptlet: pipewire-pulseaudio-1.0.1-1.el9.x86_64             234/234 
Created symlink /etc/systemd/user/sockets.target.wants/pipewire-pulse.socket → /usr/lib/systemd/user/pipewire-pulse.socket.

  Running scriptlet: dconf-0.40.0-6.el9.x86_64                          234/234 
  Running scriptlet: nss-3.112.0-4.el9.x86_64                           234/234 
  Running scriptlet: wireplumber-0.4.14-1.el9.x86_64                    234/234 
Created symlink /etc/systemd/user/pipewire-session-manager.service → /usr/lib/systemd/user/wireplumber.service.
Created symlink /etc/systemd/user/pipewire.service.wants/wireplumber.service → /usr/lib/systemd/user/wireplumber.service.

  Running scriptlet: pipewire-pulseaudio-1.0.1-1.el9.x86_64             234/234 
  Verifying        : ModemManager-glib-1.20.2-1.el9.x86_64                1/234 
  Verifying        : NetworkManager-libnm-1:1.54.1-1.el9.x86_64           2/234 
  Verifying        : adobe-source-code-pro-fonts-2.030.1.050-12.el9.1     3/234 
  Verifying        : avahi-libs-0.8-23.el9.x86_64                         4/234 
  Verifying        : bluez-libs-5.72-4.el9.x86_64                         5/234 
  Verifying        : bubblewrap-0.6.3-1.el9.x86_64                        6/234 
  Verifying        : cryptsetup-libs-2.8.1-2.el9.x86_64                   7/234 
  Verifying        : cups-libs-1:2.3.3op2-35.el9.x86_64                   8/234 
  Verifying        : device-mapper-9:1.02.206-2.el9.x86_64                9/234 
  Verifying        : device-mapper-libs-9:1.02.206-2.el9.x86_64          10/234 
  Verifying        : fuse-2.9.9-17.el9.x86_64                            11/234 
  Verifying        : fuse-common-3.10.2-9.el9.x86_64                     12/234 
  Verifying        : fuse-libs-2.9.9-17.el9.x86_64                       13/234 
  Verifying        : gettext-0.21-8.el9.x86_64                           14/234 
  Verifying        : gettext-libs-0.21-8.el9.x86_64                      15/234 
  Verifying        : glib-networking-2.68.3-3.el9.x86_64                 16/234 
  Verifying        : gobject-introspection-1.68.0-11.el9.x86_64          17/234 
  Verifying        : gsettings-desktop-schemas-40.0-8.el9.x86_64         18/234 
  Verifying        : hwdata-0.348-9.20.el9.noarch                        19/234 
  Verifying        : json-glib-1.6.6-1.el9.x86_64                        20/234 
  Verifying        : kbd-2.4.0-11.el9.x86_64                             21/234 
  Verifying        : kbd-legacy-2.4.0-11.el9.noarch                      22/234 
  Verifying        : kbd-misc-2.4.0-11.el9.noarch                        23/234 
  Verifying        : kmod-28-11.el9.x86_64                               24/234 
  Verifying        : libgudev-237-1.el9.x86_64                           25/234 
  Verifying        : libgusb-0.3.8-2.el9.x86_64                          26/234 
  Verifying        : libicu-67.1-10.el9.x86_64                           27/234 
  Verifying        : libpciaccess-0.16-7.el9.x86_64                      28/234 
  Verifying        : libproxy-0.4.15-35.el9.x86_64                       29/234 
  Verifying        : libtdb-1.4.14-1.el9.x86_64                          30/234 
  Verifying        : libusbx-1.0.26-1.el9.x86_64                         31/234 
  Verifying        : polkit-0.117-14.el9.x86_64                          32/234 
  Verifying        : polkit-libs-0.117-14.el9.x86_64                     33/234 
  Verifying        : polkit-pkla-compat-0.1-21.el9.x86_64                34/234 
  Verifying        : shared-mime-info-2.1-5.el9.x86_64                   35/234 
  Verifying        : systemd-udev-252-55.el9.x86_64                      36/234 
  Verifying        : which-2.21-30.el9.x86_64                            37/234 
  Verifying        : abattis-cantarell-fonts-0.301-4.el9.noarch          38/234 
  Verifying        : adwaita-cursor-theme-40.1.1-3.el9.noarch            39/234 
  Verifying        : adwaita-icon-theme-40.1.1-3.el9.noarch              40/234 
  Verifying        : alsa-lib-1.2.14-1.el9.x86_64                        41/234 
  Verifying        : at-spi2-atk-2.38.0-4.el9.x86_64                     42/234 
  Verifying        : at-spi2-atk-devel-2.38.0-4.el9.x86_64               43/234 
  Verifying        : at-spi2-core-2.40.3-1.el9.x86_64                    44/234 
  Verifying        : at-spi2-core-devel-2.40.3-1.el9.x86_64              45/234 
  Verifying        : atk-2.36.0-5.el9.x86_64                             46/234 
  Verifying        : atk-devel-2.36.0-5.el9.x86_64                       47/234 
  Verifying        : avahi-glib-0.8-23.el9.x86_64                        48/234 
  Verifying        : brotli-1.0.9-7.el9.x86_64                           49/234 
  Verifying        : brotli-devel-1.0.9-7.el9.x86_64                     50/234 
  Verifying        : bzip2-devel-1.0.8-10.el9.x86_64                     51/234 
  Verifying        : cairo-1.17.4-7.el9.x86_64                           52/234 
  Verifying        : cairo-devel-1.17.4-7.el9.x86_64                     53/234 
  Verifying        : cairo-gobject-1.17.4-7.el9.x86_64                   54/234 
  Verifying        : cairo-gobject-devel-1.17.4-7.el9.x86_64             55/234 
  Verifying        : cmake-filesystem-3.26.5-2.el9.x86_64                56/234 
  Verifying        : colord-libs-1.4.5-4.el9.x86_64                      57/234 
  Verifying        : composefs-libs-1.0.8-1.el9.x86_64                   58/234 
  Verifying        : dbus-devel-1:1.12.20-8.el9.x86_64                   59/234 
  Verifying        : dconf-0.40.0-6.el9.x86_64                           60/234 
  Verifying        : exempi-2.6.0-0.2.20211007gite23c213.el9.x86_64      61/234 
  Verifying        : exiv2-0.27.5-2.el9.x86_64                           62/234 
  Verifying        : exiv2-libs-0.27.5-2.el9.x86_64                      63/234 
  Verifying        : fdk-aac-free-2.0.0-8.el9.x86_64                     64/234 
  Verifying        : flac-libs-1.3.3-12.el9.x86_64                       65/234 
  Verifying        : flatpak-1.12.9-4.el9.x86_64                         66/234 
  Verifying        : flatpak-session-helper-1.12.9-4.el9.x86_64          67/234 
  Verifying        : fontconfig-devel-2.14.0-2.el9.x86_64                68/234 
  Verifying        : freetype-devel-2.10.4-11.el9.x86_64                 69/234 
  Verifying        : fribidi-1.0.10-6.el9.2.x86_64                       70/234 
  Verifying        : fribidi-devel-1.0.10-6.el9.2.x86_64                 71/234 
  Verifying        : gdk-pixbuf2-2.42.6-6.el9.x86_64                     72/234 
  Verifying        : gdk-pixbuf2-devel-2.42.6-6.el9.x86_64               73/234 
  Verifying        : gdk-pixbuf2-modules-2.42.6-6.el9.x86_64             74/234 
  Verifying        : geoclue2-2.6.0-7.el9.x86_64                         75/234 
  Verifying        : giflib-5.2.1-9.el9.x86_64                           76/234 
  Verifying        : glib2-devel-2.68.4-16.el9.x86_64                    77/234 
  Verifying        : graphene-1.10.6-2.el9.x86_64                        78/234 
  Verifying        : graphite2-devel-1.3.14-9.el9.x86_64                 79/234 
  Verifying        : gsm-1.0.19-6.el9.x86_64                             80/234 
  Verifying        : gstreamer1-1.22.12-3.el9.x86_64                     81/234 
  Verifying        : gstreamer1-plugins-base-1.22.12-4.el9.x86_64        82/234 
  Verifying        : gtk-update-icon-cache-3.24.31-8.el9.x86_64          83/234 
  Verifying        : gtk3-3.24.31-8.el9.x86_64                           84/234 
  Verifying        : gtk3-devel-3.24.31-8.el9.x86_64                     85/234 
  Verifying        : harfbuzz-devel-2.7.4-10.el9.x86_64                  86/234 
  Verifying        : harfbuzz-icu-2.7.4-10.el9.x86_64                    87/234 
  Verifying        : hicolor-icon-theme-0.17-13.el9.noarch               88/234 
  Verifying        : iso-codes-4.6.0-3.el9.noarch                        89/234 
  Verifying        : jbigkit-libs-2.1-23.el9.x86_64                      90/234 
  Verifying        : lcms2-2.12-3.el9.x86_64                             91/234 
  Verifying        : libX11-devel-1.7.0-11.el9.x86_64                    92/234 
  Verifying        : libXau-devel-1.0.9-8.el9.x86_64                     93/234 
  Verifying        : libXcomposite-0.4.5-7.el9.x86_64                    94/234 
  Verifying        : libXcomposite-devel-0.4.5-7.el9.x86_64              95/234 
  Verifying        : libXcursor-1.2.0-7.el9.x86_64                       96/234 
  Verifying        : libXcursor-devel-1.2.0-7.el9.x86_64                 97/234 
  Verifying        : libXdamage-1.1.5-7.el9.x86_64                       98/234 
  Verifying        : libXdamage-devel-1.1.5-7.el9.x86_64                 99/234 
  Verifying        : libXext-1.3.4-8.el9.x86_64                         100/234 
  Verifying        : libXext-devel-1.3.4-8.el9.x86_64                   101/234 
  Verifying        : libXfixes-5.0.3-16.el9.x86_64                      102/234 
  Verifying        : libXfixes-devel-5.0.3-16.el9.x86_64                103/234 
  Verifying        : libXft-2.3.3-8.el9.x86_64                          104/234 
  Verifying        : libXft-devel-2.3.3-8.el9.x86_64                    105/234 
  Verifying        : libXi-1.7.10-8.el9.x86_64                          106/234 
  Verifying        : libXi-devel-1.7.10-8.el9.x86_64                    107/234 
  Verifying        : libXinerama-1.1.4-10.el9.x86_64                    108/234 
  Verifying        : libXinerama-devel-1.1.4-10.el9.x86_64              109/234 
  Verifying        : libXrandr-1.5.2-8.el9.x86_64                       110/234 
  Verifying        : libXrandr-devel-1.5.2-8.el9.x86_64                 111/234 
  Verifying        : libXrender-0.9.10-16.el9.x86_64                    112/234 
  Verifying        : libXrender-devel-0.9.10-16.el9.x86_64              113/234 
  Verifying        : libXtst-1.2.3-16.el9.x86_64                        114/234 
  Verifying        : libXtst-devel-1.2.3-16.el9.x86_64                  115/234 
  Verifying        : libXv-1.0.11-16.el9.x86_64                         116/234 
  Verifying        : libXxf86vm-1.1.4-18.el9.x86_64                     117/234 
  Verifying        : libappstream-glib-0.7.18-5.el9.x86_64              118/234 
  Verifying        : libasyncns-0.8-22.el9.x86_64                       119/234 
  Verifying        : libblkid-devel-2.37.4-21.el9.x86_64                120/234 
  Verifying        : libcanberra-0.30-27.el9.x86_64                     121/234 
  Verifying        : libcanberra-gtk3-0.30-27.el9.x86_64                122/234 
  Verifying        : libdatrie-0.2.13-4.el9.x86_64                      123/234 
  Verifying        : libdatrie-devel-0.2.13-4.el9.x86_64                124/234 
  Verifying        : libdrm-2.4.123-2.el9.x86_64                        125/234 
  Verifying        : libepoxy-1.5.5-4.el9.x86_64                        126/234 
  Verifying        : libepoxy-devel-1.5.5-4.el9.x86_64                  127/234 
  Verifying        : libexif-0.6.22-6.el9.x86_64                        128/234 
  Verifying        : libffi-devel-3.4.2-8.el9.x86_64                    129/234 
  Verifying        : libgexiv2-0.14.3-1.el9.x86_64                      130/234 
  Verifying        : libglvnd-1:1.3.4-1.el9.x86_64                      131/234 
  Verifying        : libglvnd-core-devel-1:1.3.4-1.el9.x86_64           132/234 
  Verifying        : libglvnd-devel-1:1.3.4-1.el9.x86_64                133/234 
  Verifying        : libglvnd-egl-1:1.3.4-1.el9.x86_64                  134/234 
  Verifying        : libglvnd-gles-1:1.3.4-1.el9.x86_64                 135/234 
  Verifying        : libglvnd-glx-1:1.3.4-1.el9.x86_64                  136/234 
  Verifying        : libglvnd-opengl-1:1.3.4-1.el9.x86_64               137/234 
  Verifying        : libgsf-1.14.47-5.el9.x86_64                        138/234 
  Verifying        : libgxps-0.3.2-3.el9.x86_64                         139/234 
  Verifying        : libicu-devel-67.1-10.el9.x86_64                    140/234 
  Verifying        : libiptcdata-1.0.5-10.el9.x86_64                    141/234 
  Verifying        : libjpeg-turbo-2.0.90-7.el9.x86_64                  142/234 
  Verifying        : libldac-2.0.2.3-10.el9.x86_64                      143/234 
  Verifying        : libmount-devel-2.37.4-21.el9.x86_64                144/234 
  Verifying        : libnotify-0.7.9-8.el9.x86_64                       145/234 
  Verifying        : libogg-2:1.3.4-6.el9.x86_64                        146/234 
  Verifying        : libosinfo-1.10.0-1.el9.x86_64                      147/234 
  Verifying        : libpng-devel-2:1.6.37-12.el9.x86_64                148/234 
  Verifying        : libproxy-webkitgtk4-0.4.15-35.el9.x86_64           149/234 
  Verifying        : librsvg2-2.50.7-3.el9.x86_64                       150/234 
  Verifying        : libsbc-1.4-9.el9.x86_64                            151/234 
  Verifying        : libselinux-devel-3.6-3.el9.x86_64                  152/234 
  Verifying        : libsepol-devel-3.6-3.el9.x86_64                    153/234 
  Verifying        : libsndfile-1.0.31-9.el9.x86_64                     154/234 
  Verifying        : libsoup-2.72.0-10.el9.x86_64                       155/234 
  Verifying        : libstemmer-0-18.585svn.el9.x86_64                  156/234 
  Verifying        : libthai-0.1.28-8.el9.x86_64                        157/234 
  Verifying        : libthai-devel-0.1.28-8.el9.x86_64                  158/234 
  Verifying        : libtheora-1:1.1.1-31.el9.x86_64                    159/234 
  Verifying        : libtiff-4.4.0-15.el9.x86_64                        160/234 
  Verifying        : libtiff-devel-4.4.0-15.el9.x86_64                  161/234 
  Verifying        : libtracker-sparql-3.1.2-3.el9.x86_64               162/234 
  Verifying        : libvorbis-1:1.3.7-5.el9.x86_64                     163/234 
  Verifying        : libwayland-client-1.21.0-1.el9.x86_64              164/234 
  Verifying        : libwayland-cursor-1.21.0-1.el9.x86_64              165/234 
  Verifying        : libwayland-egl-1.21.0-1.el9.x86_64                 166/234 
  Verifying        : libwayland-server-1.21.0-1.el9.x86_64              167/234 
  Verifying        : libwebp-1.2.0-8.el9.x86_64                         168/234 
  Verifying        : libxcb-devel-1.13.1-9.el9.x86_64                   169/234 
  Verifying        : libxkbcommon-1.0.3-4.el9.x86_64                    170/234 
  Verifying        : libxkbcommon-devel-1.0.3-4.el9.x86_64              171/234 
  Verifying        : libxml2-devel-2.9.13-12.el9.x86_64                 172/234 
  Verifying        : libxshmfence-1.3-10.el9.x86_64                     173/234 
  Verifying        : libxslt-1.1.34-12.el9.x86_64                       174/234 
  Verifying        : low-memory-monitor-2.1-4.el9.x86_64                175/234 
  Verifying        : mesa-dri-drivers-25.0.7-2.el9.x86_64               176/234 
  Verifying        : mesa-filesystem-25.0.7-2.el9.x86_64                177/234 
  Verifying        : mesa-libEGL-25.0.7-2.el9.x86_64                    178/234 
  Verifying        : mesa-libGL-25.0.7-2.el9.x86_64                     179/234 
  Verifying        : mesa-libgbm-25.0.7-2.el9.x86_64                    180/234 
  Verifying        : nspr-4.36.0-4.el9.x86_64                           181/234 
  Verifying        : nss-3.112.0-4.el9.x86_64                           182/234 
  Verifying        : nss-softokn-3.112.0-4.el9.x86_64                   183/234 
  Verifying        : nss-softokn-freebl-3.112.0-4.el9.x86_64            184/234 
  Verifying        : nss-sysinit-3.112.0-4.el9.x86_64                   185/234 
  Verifying        : nss-util-3.112.0-4.el9.x86_64                      186/234 
  Verifying        : openjpeg2-2.4.0-8.el9.x86_64                       187/234 
  Verifying        : opus-1.3.1-10.el9.x86_64                           188/234 
  Verifying        : orc-0.4.31-8.el9.x86_64                            189/234 
  Verifying        : osinfo-db-20250606-1.el9.noarch                    190/234 
  Verifying        : osinfo-db-tools-1.10.0-1.el9.x86_64                191/234 
  Verifying        : ostree-libs-2025.6-1.el9.x86_64                    192/234 
  Verifying        : p11-kit-server-0.25.10-1.el9.x86_64                193/234 
  Verifying        : pango-1.48.7-3.el9.x86_64                          194/234 
  Verifying        : pango-devel-1.48.7-3.el9.x86_64                    195/234 
  Verifying        : pcre-cpp-8.44-4.el9.x86_64                         196/234 
  Verifying        : pcre-devel-8.44-4.el9.x86_64                       197/234 
  Verifying        : pcre-utf16-8.44-4.el9.x86_64                       198/234 
  Verifying        : pcre-utf32-8.44-4.el9.x86_64                       199/234 
  Verifying        : pcre2-devel-10.40-6.el9.x86_64                     200/234 
  Verifying        : pcre2-utf16-10.40-6.el9.x86_64                     201/234 
  Verifying        : pcre2-utf32-10.40-6.el9.x86_64                     202/234 
  Verifying        : pipewire-1.0.1-1.el9.x86_64                        203/234 
  Verifying        : pipewire-alsa-1.0.1-1.el9.x86_64                   204/234 
  Verifying        : pipewire-jack-audio-connection-kit-1.0.1-1.el9.x   205/234 
  Verifying        : pipewire-jack-audio-connection-kit-libs-1.0.1-1.   206/234 
  Verifying        : pipewire-libs-1.0.1-1.el9.x86_64                   207/234 
  Verifying        : pipewire-pulseaudio-1.0.1-1.el9.x86_64             208/234 
  Verifying        : pixman-0.40.0-6.el9.x86_64                         209/234 
  Verifying        : pixman-devel-0.40.0-6.el9.x86_64                   210/234 
  Verifying        : poppler-21.01.0-21.el9.x86_64                      211/234 
  Verifying        : poppler-data-0.4.9-9.el9.noarch                    212/234 
  Verifying        : poppler-glib-21.01.0-21.el9.x86_64                 213/234 
  Verifying        : pulseaudio-libs-15.0-3.el9.x86_64                  214/234 
  Verifying        : rtkit-0.11-29.el9.x86_64                           215/234 
  Verifying        : sound-theme-freedesktop-0.8-17.el9.noarch          216/234 
  Verifying        : spirv-tools-libs-2025.2-1.el9.x86_64               217/234 
  Verifying        : sysprof-capture-devel-3.40.1-3.el9.x86_64          218/234 
  Verifying        : totem-pl-parser-3.26.6-2.el9.x86_64                219/234 
  Verifying        : tracker-3.1.2-3.el9.x86_64                         220/234 
  Verifying        : tracker-miners-3.1.2-4.el9.x86_64                  221/234 
  Verifying        : upower-0.99.11-11.el9.x86_64                       222/234 
  Verifying        : wayland-devel-1.21.0-1.el9.x86_64                  223/234 
  Verifying        : webkit2gtk3-jsc-2.50.1-1.el9.x86_64                224/234 
  Verifying        : webrtc-audio-processing-0.3.1-8.el9.x86_64         225/234 
  Verifying        : wireplumber-0.4.14-1.el9.x86_64                    226/234 
  Verifying        : wireplumber-libs-0.4.14-1.el9.x86_64               227/234 
  Verifying        : xdg-dbus-proxy-0.1.3-1.el9.x86_64                  228/234 
  Verifying        : xdg-desktop-portal-1.12.6-1.el9.x86_64             229/234 
  Verifying        : xdg-desktop-portal-gtk-1.12.0-3.el9.x86_64         230/234 
  Verifying        : xkeyboard-config-2.33-2.el9.noarch                 231/234 
  Verifying        : xorg-x11-proto-devel-2024.1-1.el9.noarch           232/234 
  Verifying        : xz-devel-5.2.5-8.el9.x86_64                        233/234 
  Verifying        : zlib-devel-1.2.11-41.el9.x86_64                    234/234 

Installed:
  ModemManager-glib-1.20.2-1.el9.x86_64                                         
  NetworkManager-libnm-1:1.54.1-1.el9.x86_64                                    
  abattis-cantarell-fonts-0.301-4.el9.noarch                                    
  adobe-source-code-pro-fonts-2.030.1.050-12.el9.1.noarch                       
  adwaita-cursor-theme-40.1.1-3.el9.noarch                                      
  adwaita-icon-theme-40.1.1-3.el9.noarch                                        
  alsa-lib-1.2.14-1.el9.x86_64                                                  
  at-spi2-atk-2.38.0-4.el9.x86_64                                               
  at-spi2-atk-devel-2.38.0-4.el9.x86_64                                         
  at-spi2-core-2.40.3-1.el9.x86_64                                              
  at-spi2-core-devel-2.40.3-1.el9.x86_64                                        
  atk-2.36.0-5.el9.x86_64                                                       
  atk-devel-2.36.0-5.el9.x86_64                                                 
  avahi-glib-0.8-23.el9.x86_64                                                  
  avahi-libs-0.8-23.el9.x86_64                                                  
  bluez-libs-5.72-4.el9.x86_64                                                  
  brotli-1.0.9-7.el9.x86_64                                                     
  brotli-devel-1.0.9-7.el9.x86_64                                               
  bubblewrap-0.6.3-1.el9.x86_64                                                 
  bzip2-devel-1.0.8-10.el9.x86_64                                               
  cairo-1.17.4-7.el9.x86_64                                                     
  cairo-devel-1.17.4-7.el9.x86_64                                               
  cairo-gobject-1.17.4-7.el9.x86_64                                             
  cairo-gobject-devel-1.17.4-7.el9.x86_64                                       
  cmake-filesystem-3.26.5-2.el9.x86_64                                          
  colord-libs-1.4.5-4.el9.x86_64                                                
  composefs-libs-1.0.8-1.el9.x86_64                                             
  cryptsetup-libs-2.8.1-2.el9.x86_64                                            
  cups-libs-1:2.3.3op2-35.el9.x86_64                                            
  dbus-devel-1:1.12.20-8.el9.x86_64                                             
  dconf-0.40.0-6.el9.x86_64                                                     
  device-mapper-9:1.02.206-2.el9.x86_64                                         
  device-mapper-libs-9:1.02.206-2.el9.x86_64                                    
  exempi-2.6.0-0.2.20211007gite23c213.el9.x86_64                                
  exiv2-0.27.5-2.el9.x86_64                                                     
  exiv2-libs-0.27.5-2.el9.x86_64                                                
  fdk-aac-free-2.0.0-8.el9.x86_64                                               
  flac-libs-1.3.3-12.el9.x86_64                                                 
  flatpak-1.12.9-4.el9.x86_64                                                   
  flatpak-session-helper-1.12.9-4.el9.x86_64                                    
  fontconfig-devel-2.14.0-2.el9.x86_64                                          
  freetype-devel-2.10.4-11.el9.x86_64                                           
  fribidi-1.0.10-6.el9.2.x86_64                                                 
  fribidi-devel-1.0.10-6.el9.2.x86_64                                           
  fuse-2.9.9-17.el9.x86_64                                                      
  fuse-common-3.10.2-9.el9.x86_64                                               
  fuse-libs-2.9.9-17.el9.x86_64                                                 
  gdk-pixbuf2-2.42.6-6.el9.x86_64                                               
  gdk-pixbuf2-devel-2.42.6-6.el9.x86_64                                         
  gdk-pixbuf2-modules-2.42.6-6.el9.x86_64                                       
  geoclue2-2.6.0-7.el9.x86_64                                                   
  gettext-0.21-8.el9.x86_64                                                     
  gettext-libs-0.21-8.el9.x86_64                                                
  giflib-5.2.1-9.el9.x86_64                                                     
  glib-networking-2.68.3-3.el9.x86_64                                           
  glib2-devel-2.68.4-16.el9.x86_64                                              
  gobject-introspection-1.68.0-11.el9.x86_64                                    
  graphene-1.10.6-2.el9.x86_64                                                  
  graphite2-devel-1.3.14-9.el9.x86_64                                           
  gsettings-desktop-schemas-40.0-8.el9.x86_64                                   
  gsm-1.0.19-6.el9.x86_64                                                       
  gstreamer1-1.22.12-3.el9.x86_64                                               
  gstreamer1-plugins-base-1.22.12-4.el9.x86_64                                  
  gtk-update-icon-cache-3.24.31-8.el9.x86_64                                    
  gtk3-3.24.31-8.el9.x86_64                                                     
  gtk3-devel-3.24.31-8.el9.x86_64                                               
  harfbuzz-devel-2.7.4-10.el9.x86_64                                            
  harfbuzz-icu-2.7.4-10.el9.x86_64                                              
  hicolor-icon-theme-0.17-13.el9.noarch                                         
  hwdata-0.348-9.20.el9.noarch                                                  
  iso-codes-4.6.0-3.el9.noarch                                                  
  jbigkit-libs-2.1-23.el9.x86_64                                                
  json-glib-1.6.6-1.el9.x86_64                                                  
  kbd-2.4.0-11.el9.x86_64                                                       
  kbd-legacy-2.4.0-11.el9.noarch                                                
  kbd-misc-2.4.0-11.el9.noarch                                                  
  kmod-28-11.el9.x86_64                                                         
  lcms2-2.12-3.el9.x86_64                                                       
  libX11-devel-1.7.0-11.el9.x86_64                                              
  libXau-devel-1.0.9-8.el9.x86_64                                               
  libXcomposite-0.4.5-7.el9.x86_64                                              
  libXcomposite-devel-0.4.5-7.el9.x86_64                                        
  libXcursor-1.2.0-7.el9.x86_64                                                 
  libXcursor-devel-1.2.0-7.el9.x86_64                                           
  libXdamage-1.1.5-7.el9.x86_64                                                 
  libXdamage-devel-1.1.5-7.el9.x86_64                                           
  libXext-1.3.4-8.el9.x86_64                                                    
  libXext-devel-1.3.4-8.el9.x86_64                                              
  libXfixes-5.0.3-16.el9.x86_64                                                 
  libXfixes-devel-5.0.3-16.el9.x86_64                                           
  libXft-2.3.3-8.el9.x86_64                                                     
  libXft-devel-2.3.3-8.el9.x86_64                                               
  libXi-1.7.10-8.el9.x86_64                                                     
  libXi-devel-1.7.10-8.el9.x86_64                                               
  libXinerama-1.1.4-10.el9.x86_64                                               
  libXinerama-devel-1.1.4-10.el9.x86_64                                         
  libXrandr-1.5.2-8.el9.x86_64                                                  
  libXrandr-devel-1.5.2-8.el9.x86_64                                            
  libXrender-0.9.10-16.el9.x86_64                                               
  libXrender-devel-0.9.10-16.el9.x86_64                                         
  libXtst-1.2.3-16.el9.x86_64                                                   
  libXtst-devel-1.2.3-16.el9.x86_64                                             
  libXv-1.0.11-16.el9.x86_64                                                    
  libXxf86vm-1.1.4-18.el9.x86_64                                                
  libappstream-glib-0.7.18-5.el9.x86_64                                         
  libasyncns-0.8-22.el9.x86_64                                                  
  libblkid-devel-2.37.4-21.el9.x86_64                                           
  libcanberra-0.30-27.el9.x86_64                                                
  libcanberra-gtk3-0.30-27.el9.x86_64                                           
  libdatrie-0.2.13-4.el9.x86_64                                                 
  libdatrie-devel-0.2.13-4.el9.x86_64                                           
  libdrm-2.4.123-2.el9.x86_64                                                   
  libepoxy-1.5.5-4.el9.x86_64                                                   
  libepoxy-devel-1.5.5-4.el9.x86_64                                             
  libexif-0.6.22-6.el9.x86_64                                                   
  libffi-devel-3.4.2-8.el9.x86_64                                               
  libgexiv2-0.14.3-1.el9.x86_64                                                 
  libglvnd-1:1.3.4-1.el9.x86_64                                                 
  libglvnd-core-devel-1:1.3.4-1.el9.x86_64                                      
  libglvnd-devel-1:1.3.4-1.el9.x86_64                                           
  libglvnd-egl-1:1.3.4-1.el9.x86_64                                             
  libglvnd-gles-1:1.3.4-1.el9.x86_64                                            
  libglvnd-glx-1:1.3.4-1.el9.x86_64                                             
  libglvnd-opengl-1:1.3.4-1.el9.x86_64                                          
  libgsf-1.14.47-5.el9.x86_64                                                   
  libgudev-237-1.el9.x86_64                                                     
  libgusb-0.3.8-2.el9.x86_64                                                    
  libgxps-0.3.2-3.el9.x86_64                                                    
  libicu-67.1-10.el9.x86_64                                                     
  libicu-devel-67.1-10.el9.x86_64                                               
  libiptcdata-1.0.5-10.el9.x86_64                                               
  libjpeg-turbo-2.0.90-7.el9.x86_64                                             
  libldac-2.0.2.3-10.el9.x86_64                                                 
  libmount-devel-2.37.4-21.el9.x86_64                                           
  libnotify-0.7.9-8.el9.x86_64                                                  
  libogg-2:1.3.4-6.el9.x86_64                                                   
  libosinfo-1.10.0-1.el9.x86_64                                                 
  libpciaccess-0.16-7.el9.x86_64                                                
  libpng-devel-2:1.6.37-12.el9.x86_64                                           
  libproxy-0.4.15-35.el9.x86_64                                                 
  libproxy-webkitgtk4-0.4.15-35.el9.x86_64                                      
  librsvg2-2.50.7-3.el9.x86_64                                                  
  libsbc-1.4-9.el9.x86_64                                                       
  libselinux-devel-3.6-3.el9.x86_64                                             
  libsepol-devel-3.6-3.el9.x86_64                                               
  libsndfile-1.0.31-9.el9.x86_64                                                
  libsoup-2.72.0-10.el9.x86_64                                                  
  libstemmer-0-18.585svn.el9.x86_64                                             
  libtdb-1.4.14-1.el9.x86_64                                                    
  libthai-0.1.28-8.el9.x86_64                                                   
  libthai-devel-0.1.28-8.el9.x86_64                                             
  libtheora-1:1.1.1-31.el9.x86_64                                               
  libtiff-4.4.0-15.el9.x86_64                                                   
  libtiff-devel-4.4.0-15.el9.x86_64                                             
  libtracker-sparql-3.1.2-3.el9.x86_64                                          
  libusbx-1.0.26-1.el9.x86_64                                                   
  libvorbis-1:1.3.7-5.el9.x86_64                                                
  libwayland-client-1.21.0-1.el9.x86_64                                         
  libwayland-cursor-1.21.0-1.el9.x86_64                                         
  libwayland-egl-1.21.0-1.el9.x86_64                                            
  libwayland-server-1.21.0-1.el9.x86_64                                         
  libwebp-1.2.0-8.el9.x86_64                                                    
  libxcb-devel-1.13.1-9.el9.x86_64                                              
  libxkbcommon-1.0.3-4.el9.x86_64                                               
  libxkbcommon-devel-1.0.3-4.el9.x86_64                                         
  libxml2-devel-2.9.13-12.el9.x86_64                                            
  libxshmfence-1.3-10.el9.x86_64                                                
  libxslt-1.1.34-12.el9.x86_64                                                  
  low-memory-monitor-2.1-4.el9.x86_64                                           
  mesa-dri-drivers-25.0.7-2.el9.x86_64                                          
  mesa-filesystem-25.0.7-2.el9.x86_64                                           
  mesa-libEGL-25.0.7-2.el9.x86_64                                               
  mesa-libGL-25.0.7-2.el9.x86_64                                                
  mesa-libgbm-25.0.7-2.el9.x86_64                                               
  nspr-4.36.0-4.el9.x86_64                                                      
  nss-3.112.0-4.el9.x86_64                                                      
  nss-softokn-3.112.0-4.el9.x86_64                                              
  nss-softokn-freebl-3.112.0-4.el9.x86_64                                       
  nss-sysinit-3.112.0-4.el9.x86_64                                              
  nss-util-3.112.0-4.el9.x86_64                                                 
  openjpeg2-2.4.0-8.el9.x86_64                                                  
  opus-1.3.1-10.el9.x86_64                                                      
  orc-0.4.31-8.el9.x86_64                                                       
  osinfo-db-20250606-1.el9.noarch                                               
  osinfo-db-tools-1.10.0-1.el9.x86_64                                           
  ostree-libs-2025.6-1.el9.x86_64                                               
  p11-kit-server-0.25.10-1.el9.x86_64                                           
  pango-1.48.7-3.el9.x86_64                                                     
  pango-devel-1.48.7-3.el9.x86_64                                               
  pcre-cpp-8.44-4.el9.x86_64                                                    
  pcre-devel-8.44-4.el9.x86_64                                                  
  pcre-utf16-8.44-4.el9.x86_64                                                  
  pcre-utf32-8.44-4.el9.x86_64                                                  
  pcre2-devel-10.40-6.el9.x86_64                                                
  pcre2-utf16-10.40-6.el9.x86_64                                                
  pcre2-utf32-10.40-6.el9.x86_64                                                
  pipewire-1.0.1-1.el9.x86_64                                                   
  pipewire-alsa-1.0.1-1.el9.x86_64                                              
  pipewire-jack-audio-connection-kit-1.0.1-1.el9.x86_64                         
  pipewire-jack-audio-connection-kit-libs-1.0.1-1.el9.x86_64                    
  pipewire-libs-1.0.1-1.el9.x86_64                                              
  pipewire-pulseaudio-1.0.1-1.el9.x86_64                                        
  pixman-0.40.0-6.el9.x86_64                                                    
  pixman-devel-0.40.0-6.el9.x86_64                                              
  polkit-0.117-14.el9.x86_64                                                    
  polkit-libs-0.117-14.el9.x86_64                                               
  polkit-pkla-compat-0.1-21.el9.x86_64                                          
  poppler-21.01.0-21.el9.x86_64                                                 
  poppler-data-0.4.9-9.el9.noarch                                               
  poppler-glib-21.01.0-21.el9.x86_64                                            
  pulseaudio-libs-15.0-3.el9.x86_64                                             
  rtkit-0.11-29.el9.x86_64                                                      
  shared-mime-info-2.1-5.el9.x86_64                                             
  sound-theme-freedesktop-0.8-17.el9.noarch                                     
  spirv-tools-libs-2025.2-1.el9.x86_64                                          
  sysprof-capture-devel-3.40.1-3.el9.x86_64                                     
  systemd-udev-252-55.el9.x86_64                                                
  totem-pl-parser-3.26.6-2.el9.x86_64                                           
  tracker-3.1.2-3.el9.x86_64                                                    
  tracker-miners-3.1.2-4.el9.x86_64                                             
  upower-0.99.11-11.el9.x86_64                                                  
  wayland-devel-1.21.0-1.el9.x86_64                                             
  webkit2gtk3-jsc-2.50.1-1.el9.x86_64                                           
  webrtc-audio-processing-0.3.1-8.el9.x86_64                                    
  which-2.21-30.el9.x86_64                                                      
  wireplumber-0.4.14-1.el9.x86_64                                               
  wireplumber-libs-0.4.14-1.el9.x86_64                                          
  xdg-dbus-proxy-0.1.3-1.el9.x86_64                                             
  xdg-desktop-portal-1.12.6-1.el9.x86_64                                        
  xdg-desktop-portal-gtk-1.12.0-3.el9.x86_64                                    
  xkeyboard-config-2.33-2.el9.noarch                                            
  xorg-x11-proto-devel-2024.1-1.el9.noarch                                      
  xz-devel-5.2.5-8.el9.x86_64                                                   
  zlib-devel-1.2.11-41.el9.x86_64                                               

Complete!

gtkada=25.0.1 successfully retrieved.
Dependencies were solved as follows:

   +b libgtk3    3.24.31 (new,system package)
   +b make       4.3.0   (new,system package)
   +b pkg_config 1.7.3   (new,executable in path)
[alr test] Spawning default test for remote crate: alr -d -n build --release -- -cargs:Ada -gnatwn
Note: Running post-fetch actions for gtkada=25.0.1...
checking build system type... x86_64-pc-linux-gnu
checking host system type... x86_64-pc-linux-gnu
checking target system type... x86_64-pc-linux-gnu
checking for pkg-config... /usr/bin/pkg-config
checking pkg-config is at least version 0.9.0... yes
checking for gcc... gcc
checking whether the C compiler works... yes
checking for C compiler default output file name... a.out
checking for suffix of executables... 
checking whether we are cross compiling... no
checking for suffix of object files... o
checking whether we are using the GNU C compiler... yes
checking whether gcc accepts -g... yes
checking for gcc option to accept ISO C89... none needed
checking for gprbuild... /root/.local/share/alire/toolchains/gprbuild_25.0.1_9a2e6cfb/bin/gprbuild
checking for gprinstall... /root/.local/share/alire/toolchains/gprbuild_25.0.1_9a2e6cfb/bin/gprinstall
checking that your gnat compiler works with a simple example... yes
checking whether NLS is requested... yes
checking for gettext in libc... yes
checking for GTK... yes
checking for pkg-config... (cached) /usr/bin/pkg-config
checking pkg-config is at least version 0.16... yes
checking for GTK+ - version >= 3.24.24... yes (version 3.24.31)
checking for GMODULE... yes
checking for FONTCONFIG... yes
configure: creating ./config.status
config.status: creating Makefile
config.status: creating gtkada_shared.gpr
config.status: creating po/Makefile
config.status: creating docs/gtkada_rm/html/static/index.html
configure: --------- Summary for Gtkada 18.0w -----------------
configure:   Shared libraries:       yes (default: static)
configure: --------------------------------------------
gnatprep -DGETTEXT_INTL=False -DHAVE_GETTEXT=True src/gtkada-intl.gpb src/gtkada-intl.adb
Note: Building gtkada=25.0.1/src/gtkada.gpr...
Setup
   [mkdir]        object directory for project GtkAda
   [mkdir]        library directory for project GtkAda
Compile
   [Ada]          gdk-pixbuf.adb
   [Ada]          glib-convert.adb
   [Ada]          gdk-property.adb
   [Ada]          gdk-window_attr.adb
   [Ada]          cairo-region.adb
   [Ada]          gdk-color.adb
   [Ada]          gtkada-dialogs.adb
   [Ada]          gdk-threads.ads
   [Ada]          fontconfig.adb
   [Ada]          cairo-font_options.adb
   [Ada]          glib-enums.ads
   [Ada]          gtkada-abstract_list_model.adb
   [Ada]          cairo-font_face.ads
   [Ada]          gtkada-builder.adb
   [Ada]          gtkada-stock_icons.ads
   [Ada]          glib-object.adb
   [Ada]          glib-module.adb
   [Ada]          glib-gslist.adb
   [Ada]          glib-key_file.adb
   [Ada]          glib-gnodes.adb
   [Ada]          gtkada-canvas_view-models.adb
   [Ada]          gtkada-file_selection.adb
   [Ada]          gdk-types.ads
   [Ada]          gtkada-pixmaps.ads
   [Ada]          glib-graphs-layouts.adb
   [Ada]          gtkada.ads
   [Ada]          cairo-matrix.ads
   [Ada]          glib-glist.adb
   [Ada]          cairo-pdf.adb
   [Ada]          gdk-types-keysyms.ads
   [Ada]          gtkada-intl.adb
   [Ada]          gdk-rectangle.adb
   [Ada]          cairo.adb
   [Ada]          gtkada-c.adb
   [Ada]          gtk-arguments.adb
   [Ada]          gtk-dnd.adb
   [Ada]          gtkada-abstract_tree_model.adb
   [Ada]          gtkada-canvas_view-views.adb
   [Ada]          gtkada-mdi.adb
   [Ada]          gtkada-style.adb
   [Ada]          glib-properties-creation.adb
   [Ada]          gtk-handlers.adb
   [Ada]          gdk-keyval.adb
   [Ada]          gtkada-canvas_view-astar.adb
   [Ada]          gtk-marshallers.adb
   [Ada]          gtkada-canvas_view-objects.adb
   [Ada]          gtkada-canvas_view-rtrees.adb
   [Ada]          gtk-tree_model-utils.adb
   [Ada]          cairo-scaled_font.ads
   [Ada]          glib-graphs.adb
   [Ada]          gtkada-types.adb
   [Ada]          gtkada-printing.adb
   [Ada]          cairo-surface.adb
   [Ada]          pango-cairo.adb
   [Ada]          cairo-svg.adb
   [Ada]          gtk-bindings.adb
   [Ada]          glib-xml_int.ads
   [Ada]          gtkada-stock_labels.ads
   [Ada]          gtkada-bindings.adb
   [Ada]          glib-messages.adb
   [Ada]          glib-unicode.adb
   [Ada]          cairo-pattern.ads
   [Ada]          gtkada-handlers.ads
   [Ada]          glib-values.adb
   [Ada]          gtkada-canvas_view-links.adb
   [Ada]          gtkada-multi_paned.adb
   [Ada]          glib.adb
   [Ada]          cairo-image_surface.adb
   [Ada]          cairo-png.adb
   [Ada]          glib-main.adb
   [Ada]          glib-xml.adb
   [Ada]          gtkada-canvas_view-models-layers.adb
   [Ada]          gdk-dnd.adb
   [Ada]          glib-properties.adb
   [Ada]          gdk-input.ads
   [Ada]          gdk-visual.adb
   [Ada]          gtk-type_conversion.adb
   [Ada]          glib-error.adb
   [Ada]          gtkada-canvas.adb
   [Ada]          gtkada-application.adb
   [Ada]          glib-types.adb
   [Ada]          gdk-main.adb
   [Ada]          glib-type_conversion_hooks.adb
   [Ada]          gtk-rc.adb
   [Ada]          gdk.ads
   [Ada]          pango.ads
   [Ada]          gdk-display_manager.adb
   [Ada]          gtk.ads
   [Ada]          gtkada-canvas_view.adb
   [Ada]          gtkada-multiline_entry.adb
   [Ada]          glib-generic_properties.adb
   [Ada]          gdk-cairo.adb
   [Ada]          gtk-text_child.adb
   [Ada]          gtk-scrollable.adb
   [Ada]          gtk-flow_box.adb
   [Ada]          glib-spawn.adb
   [Ada]          gtk-search_bar.adb
   [Ada]          glib-utils.adb
   [Ada]          gtk-gesture_single.adb
   [Ada]          pango-tabs.adb
   [Ada]          gtk-check_button.adb
   [Ada]          gtk-arrow.adb
   [Ada]          gtk-recent_action.adb
   [Ada]          gdk-seat.adb
   [Ada]          gtk-adjustment.adb
   [Ada]          gtk-handle_box.adb
   [Ada]          gtk-image.adb
   [Ada]          gdk-drag_contexts.adb
   [Ada]          gtk-level_bar.adb
   [Ada]          gtk-tree_model.adb
   [Ada]          gtk-grid.adb
   [Ada]          gtk-icon_factory.adb
   [Ada]          gtk-font_chooser.adb
   [Ada]          gtk-assistant.adb
   [Ada]          gtk-action_group.adb
   [Ada]          gtk-color_chooser_widget.adb
   [Ada]          gtk-spin_button.adb
   [Ada]          gtk-event_controller.adb
   [Ada]          gtk-stack.adb
   [Ada]          gtk-radio_action.adb
   [Ada]          gtk-gesture_rotate.adb
   [Ada]          gtk-cell_view.adb
   [Ada]          gtk-text_mark.adb
   [Ada]          gtk-misc.adb
   [Ada]          gtk-text_child_anchor.adb
   [Ada]          gtk-builder.adb
   [Ada]          gtk-icon_view.adb
   [Ada]          gtk-cell_layout.adb
   [Ada]          pango-fontset.adb
   [Ada]          gtk-link_button.adb
   [Ada]          gtk-font_chooser_widget.adb
   [Ada]          glib-action_map.adb
   [Ada]          pango-enums.adb
   [Ada]          gtk-recent_info.adb
   [Ada]          gtk-alignment.adb
   [Ada]          gtk-cell_editable.adb
   [Ada]          gtk-file_chooser_widget.adb
   [Ada]          gtk-font_selection_dialog.adb
   [Ada]          pango-attributes.adb
   [Ada]          gtk-file_chooser.adb
   [Ada]          gtk-tree_row_reference.adb
   [Ada]          gtk-calendar.adb
   [Ada]          gtk-file_filter.adb
   [Ada]          gtk-cell_renderer_combo.adb
   [Ada]          gtk-gesture_swipe.adb
   [Ada]          gtk-container.adb
   [Ada]          glib-poll.adb
   [Ada]          pango-font_metrics.adb
   [Ada]          gtk-search_entry.adb
   [Ada]          glib-option.adb
   [Ada]          gtk-tree_selection.adb
   [Ada]          gtk-popover.adb
   [Ada]          gtk-color_selection_dialog.adb
   [Ada]          gtk-tool_item_group.adb
   [Ada]          gtk-tree_model_sort.adb
   [Ada]          gtk-accel_group.adb
   [Ada]          gtk-tree_drag_source.adb
   [Ada]          gtk-color_selection.adb
   [Ada]          pango-font_map.adb
   [Ada]          gtk-tool_palette.adb
   [Ada]          gtk-tool_shell.adb
   [Ada]          gtk-scale_button.adb
   [Ada]          pango-matrix.adb
   [Ada]          pango-font_family.adb
   [Ada]          gtk-viewport.adb
   [Ada]          gtk-file_chooser_dialog.adb
   [Ada]          gtk-drawing_area.adb
   [Ada]          gtk-list_store.adb
   [Ada]          gtk-tree_view.adb
   [Ada]          gtk-tearoff_menu_item.adb
   [Ada]          gtk-font_selection.adb
   [Ada]          gtk-bin.adb
   [Ada]          gtk-header_bar.adb
   [Ada]          gtk-combo_box.adb
   [Ada]          gdk-frame_timings.adb
   [Ada]          gtk-spinner.adb
   [Ada]          gtk-recent_chooser_widget.adb
   [Ada]          gtk-widget.adb
   [Ada]          gtk-print_operation_preview.adb
   [Ada]          gtk-action.adb
   [Ada]          gtk-separator_menu_item.adb
   [Ada]          gdk-device.adb
   [Ada]          gtk-fixed.adb
   [Ada]          gtk-paned.adb
   [Ada]          glib-action.adb
   [Ada]          gtk-css_provider.adb
   [Ada]          gtk-toggle_tool_button.adb
   [Ada]          glib-list_model.adb
   [Ada]          gdk-monitor.adb
   [Ada]          glib-string.adb
   [Ada]          gtk-recent_filter.adb
   [Ada]          gtk-stack_switcher.adb
   [Ada]          glib-variant.adb
   [Ada]          glib-g_icon.adb
   [Ada]          glib-simple_action.adb
   [Ada]          gtk-button.adb
   [Ada]          gtk-switch.adb
   [Ada]          gtk-cell_renderer_progress.adb
   [Ada]          gtk-text_iter.adb
   [Ada]          gtk-shortcuts_window.adb
   [Ada]          pango-font.adb
   [Ada]          gtk-size_group.adb
   [Ada]          gtk-text_tag_table.adb
   [Ada]          gtk-menu.adb
   [Ada]          gtk-main.adb
   [Ada]          gtk-text_attributes.adb
   [Ada]          gtk-cell_renderer_accel.adb
   [Ada]          glib-action_group.adb
   [Ada]          gtk-cell_area.adb
   [Ada]          gtk-icon_theme.adb
   [Ada]          gtk-hbutton_box.adb
   [Ada]          pango-coverage.adb
   [Ada]          gtk-gesture.adb
   [Ada]          gtk-stock.adb
   [Ada]          gdk-device_tool.adb
   [Ada]          gtk-entry_buffer.adb
   [Ada]          gtk-actionable.adb
   [Ada]          gdk-drawing_context.adb
   [Ada]          gtk-gesture_zoom.adb
   [Ada]          gtk-target_entry.adb
   [Ada]          gtk-cell_renderer_pixbuf.adb
   [Ada]          gtk-revealer.adb
   [Ada]          gtk-status_icon.adb
   [Ada]          gdk-cursor.adb
   [Ada]          gtk-color_chooser.adb
   [Ada]          gtk-text_view.adb
   [Ada]          gtk-aspect_frame.adb
   [Ada]          gtk-symbolic_color.adb
   [Ada]          gtk-gradient.adb
   [Ada]          gtk-clipboard.adb
   [Ada]          gtk-print_operation.adb
   [Ada]          gtk-button_box.adb
   [Ada]          gtk-cell_area_box.adb
   [Ada]          gtk-menu_tool_button.adb
   [Ada]          gtk-text_buffer.adb
   [Ada]          gtk-im_context_simple.adb
   [Ada]          gtk-toggle_button.adb
   [Ada]          gtk-box.adb
   [Ada]          gdk-screen.adb
   [Ada]          gtk-tree_store.adb
   [Ada]          gtk-cell_renderer_toggle.adb
   [Ada]          gdk-glcontext.adb
   [Ada]          pango-language.adb
   [Ada]          gtk-list_box.adb
   [Ada]          gtk-scale.adb
   [Ada]          gtk-settings.adb
   [Ada]          gtk-enums.adb
   [Ada]          gtk-text_tag.adb
   [Ada]          gtk-glarea.adb
   [Ada]          gdk-rgba.adb
gtk-enums.adb:38:04: warning: possible aliasing problem for type "Chars_Ptr" [enabled by default]
gtk-enums.adb:38:04: warning: use -fno-strict-aliasing switch for references [enabled by default]
gtk-enums.adb:38:04: warning: or use "pragma No_Strict_Aliasing (Chars_Ptr);" [enabled by default]
   [Ada]          gtk-cell_renderer.adb
   [Ada]          glib-iochannel.adb
   [Ada]          gtk-application.adb
   [Ada]          glib-cancellable.adb
   [Ada]          gtk-color_button.adb
   [Ada]          gtk-tree_drag_dest.adb
   [Ada]          gtk-tool_button.adb
   [Ada]          gtk-gesture_drag.adb
   [Ada]          pango-context.adb
   [Ada]          glib-notification.adb
   [Ada]          gtk-event_box.adb
   [Ada]          gtk-recent_chooser_menu.adb
   [Ada]          gtk-file_chooser_button.adb
   [Ada]          gtk-font_chooser_dialog.adb
   [Ada]          gtk-table.adb
   [Ada]          gtk-frame.adb
   [Ada]          gtk-selection_data.adb
   [Ada]          gtk-theming_engine.adb
   [Ada]          gtk-offscreen_window.adb
   [Ada]          gtk-dialog.adb
   [Ada]          gtk-orientable.adb
   [Ada]          gtk-style_properties.adb
   [Ada]          gtk-list_box_row.adb
   [Ada]          gtk-status_bar.adb
   [Ada]          gtk-tooltip.adb
   [Ada]          gtk-image_menu_item.adb
   [Ada]          gtk-info_bar.adb
   [Ada]          gdk-display.adb
   [Ada]          gtk-flow_box_child.adb
   [Ada]          gtk-entry_completion.adb
   [Ada]          gtk-css_section.adb
   [Ada]          gtk-recent_chooser_dialog.adb
   [Ada]          gtk-editable.adb
   [Ada]          gtk-gesture_multi_press.adb
   [Ada]          gtk-tree_model_filter.adb
   [Ada]          gdk-event.adb
   [Ada]          gtk-scrollbar.adb
   [Ada]          gtk-style_context.adb
   [Ada]          gtk-gesture_long_press.adb
   [Ada]          gtk-invisible.adb
   [Ada]          gtk-target_list.adb
   [Ada]          gtk-paper_size.adb
   [Ada]          gtk-gentry.adb
   [Ada]          gtk-font_button.adb
   [Ada]          gtk-print_settings.adb
   [Ada]          gtk-tree_sortable.adb
   [Ada]          pango-font_face.adb
   [Ada]          glib-simple_action_group.adb
   [Ada]          gtk-cell_renderer_text.adb
   [Ada]          gtk-cell_renderer_spinner.adb
   [Ada]          gtk-icon_set.adb
   [Ada]          gtk-overlay.adb
   [Ada]          gtk-menu_shell.adb
   [Ada]          gtk-recent_manager.adb
   [Ada]          gdk-window.adb
   [Ada]          gtk-action_bar.adb
   [Ada]          gtk-style.adb
   [Ada]          gtk-style_provider.adb
   [Ada]          gtk-menu_item.adb
   [Ada]          gtk-volume_button.adb
   [Ada]          gtk-label.adb
   [Ada]          gtk-hsv.adb
   [Ada]          gtk-page_setup.adb
   [Ada]          gtk-toggle_action.adb
   [Ada]          gdk-device_manager.adb
   [Ada]          gtk-expander.adb
   [Ada]          gtk-menu_button.adb
   [Ada]          gtk-print_context.adb
   [Ada]          glib-menu_model.adb
   [Ada]          gtk-binding_set.adb
   [Ada]          glib-application.adb
   [Ada]          gtk-cell_area_context.adb
   [Ada]          gtk-radio_button.adb
   [Ada]          gtk-application_window.adb
   [Ada]          glib-menu.adb
   [Ada]          gtk-color_chooser_dialog.adb
   [Ada]          gtk-window.adb
   [Ada]          gtk-separator.adb
   [Ada]          gtk-scrolled_window.adb
   [Ada]          gtk-ui_manager.adb
   [Ada]          gtk-message_dialog.adb
   [Ada]          gtk-progress_bar.adb
   [Ada]          gtk-im_context.adb
   [Ada]          gtk-radio_menu_item.adb
   [Ada]          gtk-buildable.adb
   [Ada]          gtk-toolbar.adb
   [Ada]          gtk-cell_renderer_spin.adb
   [Ada]          gtk-vbutton_box.adb
   [Ada]          gtk-accel_map.adb
   [Ada]          gtk-recent_chooser.adb
   [Ada]          gtk-check_menu_item.adb
   [Ada]          gtk-icon_source.adb
   [Ada]          gtk-notebook.adb
   [Ada]          gtk-separator_tool_item.adb
   [Ada]          gtk-menu_bar.adb
   [Ada]          gtk-gesture_pan.adb
   [Ada]          gtk-radio_tool_button.adb
   [Ada]          gdk-frame_clock.adb
   [Ada]          gtk-about_dialog.adb
   [Ada]          gtk-layout.adb
   [Ada]          gtk-combo_box_text.adb
   [Ada]          pango-layout.adb
   [Ada]          gtk-tool_item.adb
   [Ada]          gtk-tree_view_column.adb
   [Ada]          gtk-accel_label.adb
   [Ada]          gtk-grange.adb
   [Ada]          gtk-im_multi_context.adb
   [Ada]          gtk-activatable.adb
   [C]            misc.c
   [C]            misc_generated.c
Build Libraries
   [gprlib]       gtkada.lexch
   [archive]      libgtkada.a
   [index]        libgtkada.a
Success: Build finished successfully in 114.93 seconds.
Found declared GPR file: src/gtkada.gpr
[alr test] Test completed SUCCESSFULLY
