Test ran at 2026-04-08 01:31:08.713202+00:00

SOLUTION:
sdlada=2.5.20: Ada 2012 SDL 2.x bindings.
Origin: commit cd53c280e95697ad7f1b2151f1bad68742a0e7b8 from https://github.com/Lucretia/sdlada.git
Properties:
   Pre_Build run: make -C ./build/gnat tools (from ${CRATE_ROOT}/.)
   Author: Luke A. Guest
   Description: Ada 2012 SDL 2.x bindings.
   case Distribution is
      when Msys2 => Environment: C_INCLUDE_PATH=${C_INCLUDE_PATH}:${DISTRIB_ROOT}/mingw64/include/SDL2
   GPR Scenario: SDL_MODE := debug | release
   GPR Scenario: SDL_PLATFORM := linux | bsd | windows | macosx | macos_homebrew | macos_ports | ios | android
   case OS is
      when Linux => GPR External: SDL_PLATFORM := linux
      when Macos => GPR External: SDL_PLATFORM := macosx
      when Windows => GPR External: SDL_PLATFORM := windows
   License: Zlib
   Maintainer: Luke A. Guest <laguest@archeia.com>
   Maintainers_Logins: Lucretia
   Name: sdlada
   Project_File: build/gnat/sdlada.gpr
   Tag: gamedev
   Tag: games
   Tag: portable
   Tag: cross-platform
   Version: 2.5.20
   Website: https://github.com/Lucretia/sdlada
Dependencies (direct):
   libsdl2^2.0.0
   libsdl2_image^2.0.0
   libsdl2_mixer^2.0.0
   libsdl2_ttf^2.0.0
   make*
Dependencies (solution):
   libsdl2=2.30.11
   libsdl2_image=2.8.8
   libsdl2_mixer=2.8.1
   libsdl2_ttf=2.22.0
   make=4.4.1
Dependencies (graph):
   sdlada=2.5.20 --> libsdl2=2.30.11 (^2.0.0)
   sdlada=2.5.20 --> libsdl2_image=2.8.8 (^2.0.0)
   sdlada=2.5.20 --> libsdl2_mixer=2.8.1 (^2.0.0)
   sdlada=2.5.20 --> libsdl2_ttf=2.22.0 (^2.0.0)
   sdlada=2.5.20 --> make=4.4.1 (*)


LOG:
[alr test] Testing sdlada=2.5.20
[alr test] Spawning retrieval for remote crate: alr -d -n get sdlada=2.5.20
Note: Deploying sdlada=2.5.20...
Note: Deploying libsdl2=2.30.11...
The system package 'SDL2-devel' is about to be installed.
This action might require admin privileges and impact your system installation.
Do you want Alire to install this system package?
Using default: Yes
Last metadata expiration check: 0:21:14 ago on Wed Apr  8 01:09:15 2026.
Dependencies resolved.
================================================================================
 Package                   Arch   Version                         Repo     Size
================================================================================
Installing:
 SDL2-devel                x86_64 2.30.11-1.fc40                  updates 396 k
Installing dependencies:
 ModemManager-glib         x86_64 1.22.0-3.fc40                   fedora  322 k
 NetworkManager-libnm      x86_64 1:1.46.6-1.fc40                 updates 1.8 M
 SDL2                      x86_64 2.30.11-1.fc40                  updates 700 k
 abattis-cantarell-vf-fonts
                           noarch 0.301-12.fc40                   fedora  120 k
 adwaita-cursor-theme      noarch 46.2-2.fc40                     updates 516 k
 adwaita-icon-theme        noarch 46.2-2.fc40                     updates 407 k
 adwaita-icon-theme-legacy noarch 46.2-1.fc40                     updates 2.5 M
 at-spi2-atk               x86_64 2.52.0-1.fc40                   fedora   86 k
 at-spi2-core              x86_64 2.52.0-1.fc40                   fedora  373 k
 atk                       x86_64 2.52.0-1.fc40                   fedora   80 k
 avahi-glib                x86_64 0.8-26.fc40                     fedora   15 k
 avahi-libs                x86_64 0.8-26.fc40                     fedora   67 k
 bluez-libs                x86_64 5.81-2.fc40                     updates  83 k
 cairo                     x86_64 1.18.0-3.fc40                   fedora  709 k
 cairo-gobject             x86_64 1.18.0-3.fc40                   fedora   17 k
 cdparanoia-libs           x86_64 10.2-44.fc40                    fedora   54 k
 cmake-filesystem          x86_64 3.30.8-1.fc40                   updates  17 k
 colord-libs               x86_64 1.4.7-3.fc40                    fedora  234 k
 cpio                      x86_64 2.15-1.fc40                     fedora  292 k
 cpuinfo                   x86_64 23.2.14-3.giteb4a667.fc40.2     fedora   42 k
 crypto-policies-scripts   noarch 20240201-2.git9f501f3.fc40      fedora  117 k
 cups-filesystem           noarch 1:2.4.12-2.fc40                 updates  13 k
 cups-libs                 x86_64 1:2.4.12-2.fc40                 updates 262 k
 default-fonts-core-sans   noarch 4.0-13.fc40                     updates  31 k
 dracut                    x86_64 102-2.fc40                      updates 466 k
 duktape                   x86_64 2.7.0-7.fc40                    fedora  170 k
 exempi                    x86_64 2.6.4-5.fc40                    fedora  581 k
 exiv2-libs                x86_64 0.27.6-7.fc40                   fedora  755 k
 fdk-aac-free              x86_64 2.0.0-13.fc40                   fedora  337 k
 file                      x86_64 5.45-4.fc40                     fedora   49 k
 flac-libs                 x86_64 1.4.3-4.fc40                    fedora  262 k
 fontconfig                x86_64 2.15.0-6.fc40                   updates 270 k
 fonts-filesystem          noarch 1:2.0.5-14.fc40                 fedora  8.2 k
 freetype                  x86_64 2.13.2-5.fc40                   fedora  410 k
 fribidi                   x86_64 1.0.14-2.fc40                   updates  92 k
 fuse-common               x86_64 3.16.2-3.fc40                   fedora  8.7 k
 fuse3                     x86_64 3.16.2-3.fc40                   fedora   58 k
 fuse3-libs                x86_64 3.16.2-3.fc40                   fedora   93 k
 gdk-pixbuf2               x86_64 2.42.10-8.fc40                  fedora  485 k
 gdk-pixbuf2-modules       x86_64 2.42.10-8.fc40                  fedora   86 k
 geoclue2                  x86_64 2.7.2-2.fc40                    updates 164 k
 gettext-envsubst          x86_64 0.22.5-4.fc40                   updates  38 k
 gettext-libs              x86_64 0.22.5-4.fc40                   updates 666 k
 gettext-runtime           x86_64 0.22.5-4.fc40                   updates 121 k
 giflib                    x86_64 5.2.2-6.fc40                    updates  52 k
 gobject-introspection     x86_64 1.80.1-1.fc40                   updates 111 k
 google-noto-fonts-common  noarch 20240301-2.fc40                 fedora   17 k
 google-noto-sans-vf-fonts noarch 20240301-2.fc40                 fedora  593 k
 gpgmepp                   x86_64 1.23.2-3.fc40                   fedora  139 k
 graphene                  x86_64 1.10.6-8.fc40                   fedora   61 k
 graphite2                 x86_64 1.3.14-15.fc40                  fedora   95 k
 grub2-common              noarch 1:2.12-16.fc40                  updates 1.0 M
 grub2-tools               x86_64 1:2.12-16.fc40                  updates 1.8 M
 grub2-tools-minimal       x86_64 1:2.12-16.fc40                  updates 613 k
 gsettings-desktop-schemas x86_64 46.1-1.fc40                     updates 755 k
 gsm                       x86_64 1.0.22-6.fc40                   fedora   36 k
 gstreamer1                x86_64 1.24.11-1.fc40                  updates 1.6 M
 gstreamer1-plugins-base   x86_64 1.24.11-1.fc40                  updates 2.2 M
 gtk-update-icon-cache     x86_64 3.24.43-1.fc40                  updates  34 k
 gtk3                      x86_64 3.24.43-1.fc40                  updates 5.6 M
 harfbuzz                  x86_64 8.5.0-1.fc40                    updates 1.0 M
 hicolor-icon-theme        noarch 0.17-18.fc40                    fedora   66 k
 highway                   x86_64 1.2.0-2.fc40                    updates 652 k
 hwdata                    noarch 0.394-1.fc40                    updates 1.6 M
 iso-codes                 noarch 4.16.0-3.fc40                   fedora  3.5 M
 jbigkit-libs              x86_64 2.1-29.fc40                     fedora   53 k
 json-glib                 x86_64 1.8.0-3.fc40                    fedora  167 k
 lame-libs                 x86_64 3.100-17.fc40                   fedora  336 k
 lcms2                     x86_64 2.16-3.fc40                     fedora  180 k
 libX11                    x86_64 1.8.10-2.fc40                   updates 650 k
 libX11-common             noarch 1.8.10-2.fc40                   updates 176 k
 libX11-devel              x86_64 1.8.10-2.fc40                   updates 1.0 M
 libX11-xcb                x86_64 1.8.10-2.fc40                   updates  12 k
 libXau                    x86_64 1.0.11-6.fc40                   fedora   32 k
 libXau-devel              x86_64 1.0.11-6.fc40                   fedora   14 k
 libXcomposite             x86_64 0.4.6-3.fc40                    fedora   24 k
 libXcursor                x86_64 1.2.1-7.fc40                    fedora   30 k
 libXdamage                x86_64 1.1.6-3.fc40                    fedora   23 k
 libXext                   x86_64 1.3.6-1.fc40                    fedora   39 k
 libXfixes                 x86_64 6.0.1-3.fc40                    fedora   19 k
 libXft                    x86_64 2.3.8-6.fc40                    fedora   72 k
 libXi                     x86_64 1.8.2-1.fc40                    updates  40 k
 libXinerama               x86_64 1.1.5-6.fc40                    fedora   14 k
 libXrandr                 x86_64 1.5.4-3.fc40                    fedora   28 k
 libXrender                x86_64 0.9.11-6.fc40                   fedora   27 k
 libXtst                   x86_64 1.2.5-1.fc40                    updates  20 k
 libXv                     x86_64 1.0.12-3.fc40                   fedora   18 k
 libXxf86vm                x86_64 1.1.5-6.fc40                    fedora   18 k
 libaom                    x86_64 3.12.0-1.fc40                   updates 1.8 M
 libasyncns                x86_64 0.8-28.fc40                     fedora   30 k
 libavif                   x86_64 1.0.4-3.fc40                    updates  91 k
 libcanberra               x86_64 0.30-35.fc40                    fedora   85 k
 libcloudproviders         x86_64 0.3.5-3.fc40                    fedora   46 k
 libcue                    x86_64 2.3.0-3.fc40                    fedora   35 k
 libdatrie                 x86_64 0.2.13-9.fc40                   fedora   32 k
 libdav1d                  x86_64 1.5.1-1.fc40                    updates 635 k
 libdecor                  x86_64 0.2.2-3.fc40                    fedora   57 k
 libdrm                    x86_64 2.4.123-1.fc40                  updates 159 k
 libepoxy                  x86_64 1.5.10-6.fc40                   fedora  222 k
 libexif                   x86_64 0.6.24-7.fc40                   fedora  456 k
 libgexiv2                 x86_64 0.14.3-1.fc40                   updates 103 k
 libglvnd                  x86_64 1:1.7.0-4.fc40                  fedora  115 k
 libglvnd-core-devel       x86_64 1:1.7.0-4.fc40                  fedora   17 k
 libglvnd-devel            x86_64 1:1.7.0-4.fc40                  fedora  163 k
 libglvnd-egl              x86_64 1:1.7.0-4.fc40                  fedora   35 k
 libglvnd-gles             x86_64 1:1.7.0-4.fc40                  fedora   29 k
 libglvnd-glx              x86_64 1:1.7.0-4.fc40                  fedora  132 k
 libglvnd-opengl           x86_64 1:1.7.0-4.fc40                  fedora   38 k
 libgrss                   x86_64 0.7.0-19.fc40                   fedora   62 k
 libgsf                    x86_64 1.14.53-2.fc40                  updates 261 k
 libgudev                  x86_64 238-5.fc40                      fedora   35 k
 libgusb                   x86_64 0.4.9-1.fc40                    updates  65 k
 libgxps                   x86_64 0.3.2-8.fc40                    fedora   76 k
 libicu                    x86_64 74.2-1.fc40                     fedora   10 M
 libimobiledevice          x86_64 1.3.0^20230705git6fc41f5-4.fc40 fedora  138 k
 libimobiledevice-glue     x86_64 1.0.0-3.fc40                    fedora   36 k
 libiptcdata               x86_64 1.0.5-17.fc40                   fedora   60 k
 libjpeg-turbo             x86_64 3.0.2-1.fc40                    fedora  227 k
 libjxl                    x86_64 1:0.8.4-1.fc40                  updates 1.2 M
 libkcapi                  x86_64 1.5.0-4.fc40                    updates  46 k
 libkcapi-hasher           x86_64 1.5.0-4.fc40                    updates  26 k
 libkcapi-hmaccalc         x86_64 1.5.0-4.fc40                    updates 9.1 k
 liblc3                    x86_64 1.1.3-1.fc40                    updates 103 k
 libldac                   x86_64 2.0.2.3-15.fc40                 fedora   41 k
 liblerc                   x86_64 4.0.0-6.fc40                    fedora  210 k
 libnotify                 x86_64 0.8.6-1.fc40                    updates  52 k
 libogg                    x86_64 2:1.3.5-8.fc40                  fedora   33 k
 libosinfo                 x86_64 1.11.0-5.fc40                   fedora  316 k
 libpciaccess              x86_64 0.16-12.fc40                    fedora   26 k
 libplist                  x86_64 2.3.0-4.fc40                    fedora   93 k
 libpng                    x86_64 2:1.6.40-3.fc40                 fedora  120 k
 libproxy                  x86_64 0.5.5-1.fc40                    updates  48 k
 librsvg2                  x86_64 2.57.1-7.fc40                   updates 1.5 M
 libsbc                    x86_64 2.0-4.fc40                      fedora   48 k
 libsndfile                x86_64 1.2.2-4.fc40                    updates 213 k
 libsoup                   x86_64 2.74.3-6.fc40                   fedora  397 k
 libsoup3                  x86_64 3.4.5-1.fc40                    updates 385 k
 libstemmer                x86_64 2.2.0-10.fc40                   fedora  139 k
 libtdb                    x86_64 1.4.10-1.fc40                   fedora   51 k
 libtextstyle              x86_64 0.22.5-4.fc40                   updates  88 k
 libthai                   x86_64 0.1.29-8.fc40                   fedora  214 k
 libtheora                 x86_64 1:1.1.1-36.fc40                 fedora  166 k
 libtiff                   x86_64 4.6.0-5.fc40.1                  updates 339 k
 libtracker-sparql         x86_64 3.7.3-1.fc40                    updates 371 k
 libunwind                 x86_64 1.8.0-3.fc40                    fedora   73 k
 libusb1                   x86_64 1.0.28-2.fc40                   updates  78 k
 libusbmuxd                x86_64 2.0.2^20230620git8d30a55-5.fc40 fedora   36 k
 libvisual                 x86_64 1:0.4.1-4.fc40                  fedora  151 k
 libvmaf                   x86_64 2.3.0-7.fc40                    fedora  180 k
 libvorbis                 x86_64 1:1.3.7-10.fc40                 fedora  187 k
 libwayland-client         x86_64 1.23.0-2.fc40                   updates  33 k
 libwayland-cursor         x86_64 1.23.0-2.fc40                   updates  19 k
 libwayland-egl            x86_64 1.23.0-2.fc40                   updates  13 k
 libwayland-server         x86_64 1.23.0-2.fc40                   updates  41 k
 libwebp                   x86_64 1.5.0-1.fc40                    updates 297 k
 libxcb                    x86_64 1.17.0-2.fc40                   updates 240 k
 libxcb-devel              x86_64 1.17.0-2.fc40                   updates 1.4 M
 libxshmfence              x86_64 1.3.2-5.fc40                    updates  13 k
 libxslt                   x86_64 1.1.43-1.fc40                   updates 183 k
 llvm-libs                 x86_64 18.1.8-4.fc40                   updates  28 M
 lm_sensors-libs           x86_64 3.6.0-18.fc40                   fedora   40 k
 mesa-filesystem           x86_64 24.1.7-1.fc40                   updates  21 k
 mesa-libEGL               x86_64 24.1.7-1.fc40                   updates 140 k
 mesa-libEGL-devel         x86_64 24.1.7-1.fc40                   updates  24 k
 mesa-libGL                x86_64 24.1.7-1.fc40                   updates 176 k
 mesa-libgbm               x86_64 24.1.7-1.fc40                   updates  48 k
 mesa-libglapi             x86_64 24.1.7-1.fc40                   updates  51 k
 mpg123-libs               x86_64 1.32.9-1.fc40                   updates 345 k
 nspr                      x86_64 4.36.0-6.fc40                   updates 137 k
 nss                       x86_64 3.110.0-2.fc40                  updates 711 k
 nss-softokn               x86_64 3.110.0-2.fc40                  updates 414 k
 nss-softokn-freebl        x86_64 3.110.0-2.fc40                  updates 333 k
 nss-sysinit               x86_64 3.110.0-2.fc40                  updates  19 k
 nss-util                  x86_64 3.110.0-2.fc40                  updates  89 k
 openjpeg2                 x86_64 2.5.3-1.fc40                    updates 189 k
 orc                       x86_64 0.4.39-1.fc40                   updates 223 k
 os-prober                 x86_64 1.81-6.fc40                     fedora   51 k
 osinfo-db                 noarch 20250124-1.fc40                 updates 476 k
 osinfo-db-tools           x86_64 1.11.0-5.fc40                   fedora   74 k
 pango                     x86_64 1.54.0-1.fc40                   updates 347 k
 pipewire-libs             x86_64 1.0.9-2.fc40                    updates 1.8 M
 pixman                    x86_64 0.43.4-1.fc40                   updates 293 k
 polkit                    x86_64 124-2.fc40                      fedora  157 k
 polkit-libs               x86_64 124-2.fc40                      fedora   67 k
 polkit-pkla-compat        x86_64 0.1-28.fc40                     fedora   44 k
 poppler                   x86_64 24.02.0-2.fc40                  fedora  1.2 M
 poppler-data              noarch 0.4.11-7.fc40                   fedora  2.0 M
 poppler-glib              x86_64 24.02.0-2.fc40                  fedora  190 k
 procps-ng                 x86_64 4.0.4-3.fc40                    fedora  367 k
 pulseaudio-libs           x86_64 16.1-8.fc40                     updates 693 k
 rav1e-libs                x86_64 0.7.1-4.fc40                    updates 1.0 M
 rtkit                     x86_64 0.11-63.fc40                    fedora   55 k
 shared-mime-info          x86_64 2.3-5.fc40                      updates 390 k
 sound-theme-freedesktop   noarch 0.8-21.fc40                     fedora  383 k
 svt-av1-libs              x86_64 2.3.0-1.fc40                    updates 2.0 M
 totem-pl-parser           x86_64 3.26.6-9.fc40                   fedora  144 k
 tpm2-tss-fapi             x86_64 4.0.1-7.fc40                    fedora  317 k
 tracker                   x86_64 3.7.3-1.fc40                    updates 635 k
 uchardet                  x86_64 0.0.8-5.fc40                    fedora  106 k
 upower-libs               x86_64 1.90.9-1.fc40                   updates  57 k
 webrtc-audio-processing   x86_64 1.3-1.fc40                      fedora  518 k
 wireplumber               x86_64 0.5.7-1.fc40                    updates 110 k
 wireplumber-libs          x86_64 0.5.7-1.fc40                    updates 386 k
 xdg-desktop-portal        x86_64 1.18.4-1.fc40                   updates 474 k
 xml-common                noarch 0.6.3-63.fc40                   fedora   31 k
 xorg-x11-proto-devel      noarch 2024.1-2.fc40                   updates 300 k
 xprop                     x86_64 1.2.7-1.fc40                    fedora   35 k
Installing weak dependencies:
 adobe-source-code-pro-fonts
                           noarch 2.042.1.062.1.026-4.fc40        fedora  806 k
 avif-pixbuf-loader        x86_64 1.0.4-3.fc40                    updates  17 k
 dconf                     x86_64 0.40.0-12.fc40                  fedora  109 k
 exiv2                     x86_64 0.27.6-7.fc40                   fedora  979 k
 glib-networking           x86_64 2.80.1-1.fc40                   updates 201 k
 grubby                    x86_64 8.40-75.fc40                    fedora   26 k
 jxl-pixbuf-loader         x86_64 1:0.8.4-1.fc40                  updates  60 k
 kpartx                    x86_64 0.9.7-7.fc40                    fedora   49 k
 libcanberra-gtk3          x86_64 0.30-35.fc40                    fedora   31 k
 low-memory-monitor        x86_64 2.1-10.fc40                     fedora   34 k
 memstrack                 x86_64 0.2.5-4.fc40                    fedora   49 k
 mesa-dri-drivers          x86_64 24.1.7-1.fc40                   updates  26 M
 mesa-va-drivers           x86_64 24.1.7-1.fc40                   updates 4.0 M
 pigz                      x86_64 2.8-4.fc40                      fedora   95 k
 pipewire                  x86_64 1.0.9-2.fc40                    updates 120 k
 pipewire-alsa             x86_64 1.0.9-2.fc40                    updates  54 k
 pipewire-pulseaudio       x86_64 1.0.9-2.fc40                    updates 195 k
 rsvg-pixbuf-loader        x86_64 2.57.1-7.fc40                   updates  16 k
 tpm2-tools                x86_64 5.7-1.fc40                      updates 810 k
 tracker-miners            x86_64 3.7.4-2.fc40                    updates 997 k
 upower                    x86_64 1.90.9-1.fc40                   updates 143 k
 usbmuxd                   x86_64 1.1.1^20230720git61b99ab-2.fc40 fedora   66 k
 webp-pixbuf-loader        x86_64 0.2.7-1.fc40                    fedora   20 k
 xdg-desktop-portal-gtk    x86_64 1.15.1-5.fc40                   fedora  143 k

Transaction Summary
================================================================================
Install  232 Packages

Total download size: 144 M
Installed size: 571 M
Downloading Packages:
(1/232): abattis-cantarell-vf-fonts-0.301-12.fc 342 kB/s | 120 kB     00:00    
(2/232): at-spi2-atk-2.52.0-1.fc40.x86_64.rpm   1.1 MB/s |  86 kB     00:00    
(3/232): ModemManager-glib-1.22.0-3.fc40.x86_64 610 kB/s | 322 kB     00:00    
(4/232): atk-2.52.0-1.fc40.x86_64.rpm           922 kB/s |  80 kB     00:00    
(5/232): adobe-source-code-pro-fonts-2.042.1.06 1.3 MB/s | 806 kB     00:00    
(6/232): avahi-glib-0.8-26.fc40.x86_64.rpm      201 kB/s |  15 kB     00:00    
(7/232): avahi-libs-0.8-26.fc40.x86_64.rpm      838 kB/s |  67 kB     00:00    
(8/232): at-spi2-core-2.52.0-1.fc40.x86_64.rpm  1.3 MB/s | 373 kB     00:00    
(9/232): cairo-gobject-1.18.0-3.fc40.x86_64.rpm 249 kB/s |  17 kB     00:00    
(10/232): cdparanoia-libs-10.2-44.fc40.x86_64.r 719 kB/s |  54 kB     00:00    
(11/232): colord-libs-1.4.7-3.fc40.x86_64.rpm   3.1 MB/s | 234 kB     00:00    
(12/232): cpuinfo-23.2.14-3.giteb4a667.fc40.2.x 637 kB/s |  42 kB     00:00    
(13/232): cpio-2.15-1.fc40.x86_64.rpm           2.0 MB/s | 292 kB     00:00    
(14/232): cairo-1.18.0-3.fc40.x86_64.rpm        2.4 MB/s | 709 kB     00:00    
(15/232): dconf-0.40.0-12.fc40.x86_64.rpm       1.6 MB/s | 109 kB     00:00    
(16/232): crypto-policies-scripts-20240201-2.gi 1.1 MB/s | 117 kB     00:00    
(17/232): duktape-2.7.0-7.fc40.x86_64.rpm       2.1 MB/s | 170 kB     00:00    
(18/232): exempi-2.6.4-5.fc40.x86_64.rpm        4.3 MB/s | 581 kB     00:00    
(19/232): fdk-aac-free-2.0.0-13.fc40.x86_64.rpm 4.9 MB/s | 337 kB     00:00    
(20/232): exiv2-0.27.6-7.fc40.x86_64.rpm        4.9 MB/s | 979 kB     00:00    
(21/232): exiv2-libs-0.27.6-7.fc40.x86_64.rpm   4.8 MB/s | 755 kB     00:00    
(22/232): file-5.45-4.fc40.x86_64.rpm           744 kB/s |  49 kB     00:00    
(23/232): flac-libs-1.4.3-4.fc40.x86_64.rpm     3.9 MB/s | 262 kB     00:00    
(24/232): fonts-filesystem-2.0.5-14.fc40.noarch 114 kB/s | 8.2 kB     00:00    
(25/232): freetype-2.13.2-5.fc40.x86_64.rpm     5.2 MB/s | 410 kB     00:00    
(26/232): fuse-common-3.16.2-3.fc40.x86_64.rpm  133 kB/s | 8.7 kB     00:00    
(27/232): fuse3-3.16.2-3.fc40.x86_64.rpm        808 kB/s |  58 kB     00:00    
(28/232): fuse3-libs-3.16.2-3.fc40.x86_64.rpm   1.4 MB/s |  93 kB     00:00    
(29/232): gdk-pixbuf2-modules-2.42.10-8.fc40.x8 1.2 MB/s |  86 kB     00:00    
(30/232): google-noto-fonts-common-20240301-2.f 234 kB/s |  17 kB     00:00    
(31/232): gdk-pixbuf2-2.42.10-8.fc40.x86_64.rpm 3.4 MB/s | 485 kB     00:00    
(32/232): gpgmepp-1.23.2-3.fc40.x86_64.rpm      2.0 MB/s | 139 kB     00:00    
(33/232): graphene-1.10.6-8.fc40.x86_64.rpm     938 kB/s |  61 kB     00:00    
(34/232): google-noto-sans-vf-fonts-20240301-2. 4.0 MB/s | 593 kB     00:00    
(35/232): graphite2-1.3.14-15.fc40.x86_64.rpm   1.4 MB/s |  95 kB     00:00    
(36/232): grubby-8.40-75.fc40.x86_64.rpm        391 kB/s |  26 kB     00:00    
(37/232): gsm-1.0.22-6.fc40.x86_64.rpm          498 kB/s |  36 kB     00:00    
(38/232): hicolor-icon-theme-0.17-18.fc40.noarc 961 kB/s |  66 kB     00:00    
(39/232): jbigkit-libs-2.1-29.fc40.x86_64.rpm   695 kB/s |  53 kB     00:00    
(40/232): json-glib-1.8.0-3.fc40.x86_64.rpm     2.5 MB/s | 167 kB     00:00    
(41/232): kpartx-0.9.7-7.fc40.x86_64.rpm        654 kB/s |  49 kB     00:00    
(42/232): lame-libs-3.100-17.fc40.x86_64.rpm    4.6 MB/s | 336 kB     00:00    
(43/232): lcms2-2.16-3.fc40.x86_64.rpm          2.2 MB/s | 180 kB     00:00    
(44/232): libXau-1.0.11-6.fc40.x86_64.rpm       485 kB/s |  32 kB     00:00    
(45/232): libXcomposite-0.4.6-3.fc40.x86_64.rpm 370 kB/s |  24 kB     00:00    
(46/232): libXau-devel-1.0.11-6.fc40.x86_64.rpm 190 kB/s |  14 kB     00:00    
(47/232): libXcursor-1.2.1-7.fc40.x86_64.rpm    461 kB/s |  30 kB     00:00    
(48/232): libXdamage-1.1.6-3.fc40.x86_64.rpm    327 kB/s |  23 kB     00:00    
(49/232): libXext-1.3.6-1.fc40.x86_64.rpm       587 kB/s |  39 kB     00:00    
(50/232): libXfixes-6.0.1-3.fc40.x86_64.rpm     266 kB/s |  19 kB     00:00    
(51/232): iso-codes-4.16.0-3.fc40.noarch.rpm    6.6 MB/s | 3.5 MB     00:00    
(52/232): libXft-2.3.8-6.fc40.x86_64.rpm        1.0 MB/s |  72 kB     00:00    
(53/232): libXinerama-1.1.5-6.fc40.x86_64.rpm   200 kB/s |  14 kB     00:00    
(54/232): libXrandr-1.5.4-3.fc40.x86_64.rpm     422 kB/s |  28 kB     00:00    
(55/232): libXrender-0.9.11-6.fc40.x86_64.rpm   419 kB/s |  27 kB     00:00    
(56/232): libXv-1.0.12-3.fc40.x86_64.rpm        259 kB/s |  18 kB     00:00    
(57/232): libXxf86vm-1.1.5-6.fc40.x86_64.rpm    272 kB/s |  18 kB     00:00    
(58/232): libasyncns-0.8-28.fc40.x86_64.rpm     454 kB/s |  30 kB     00:00    
(59/232): libcanberra-0.30-35.fc40.x86_64.rpm   1.2 MB/s |  85 kB     00:00    
(60/232): libcanberra-gtk3-0.30-35.fc40.x86_64. 471 kB/s |  31 kB     00:00    
(61/232): libcloudproviders-0.3.5-3.fc40.x86_64 706 kB/s |  46 kB     00:00    
(62/232): libcue-2.3.0-3.fc40.x86_64.rpm        486 kB/s |  35 kB     00:00    
(63/232): libdatrie-0.2.13-9.fc40.x86_64.rpm    488 kB/s |  32 kB     00:00    
(64/232): libdecor-0.2.2-3.fc40.x86_64.rpm      875 kB/s |  57 kB     00:00    
(65/232): libepoxy-1.5.10-6.fc40.x86_64.rpm     3.0 MB/s | 222 kB     00:00    
(66/232): libexif-0.6.24-7.fc40.x86_64.rpm      6.6 MB/s | 456 kB     00:00    
(67/232): libglvnd-1.7.0-4.fc40.x86_64.rpm      1.7 MB/s | 115 kB     00:00    
(68/232): libglvnd-core-devel-1.7.0-4.fc40.x86_ 243 kB/s |  17 kB     00:00    
(69/232): libglvnd-egl-1.7.0-4.fc40.x86_64.rpm  542 kB/s |  35 kB     00:00    
(70/232): libglvnd-devel-1.7.0-4.fc40.x86_64.rp 2.4 MB/s | 163 kB     00:00    
(71/232): libglvnd-gles-1.7.0-4.fc40.x86_64.rpm 407 kB/s |  29 kB     00:00    
(72/232): libglvnd-glx-1.7.0-4.fc40.x86_64.rpm  2.0 MB/s | 132 kB     00:00    
(73/232): libglvnd-opengl-1.7.0-4.fc40.x86_64.r 579 kB/s |  38 kB     00:00    
(74/232): libgrss-0.7.0-19.fc40.x86_64.rpm      864 kB/s |  62 kB     00:00    
(75/232): libgudev-238-5.fc40.x86_64.rpm        532 kB/s |  35 kB     00:00    
(76/232): libgxps-0.3.2-8.fc40.x86_64.rpm       1.1 MB/s |  76 kB     00:00    
(77/232): libimobiledevice-1.3.0^20230705git6fc 2.0 MB/s | 138 kB     00:00    
(78/232): libimobiledevice-glue-1.0.0-3.fc40.x8 550 kB/s |  36 kB     00:00    
(79/232): libiptcdata-1.0.5-17.fc40.x86_64.rpm  921 kB/s |  60 kB     00:00    
(80/232): libjpeg-turbo-3.0.2-1.fc40.x86_64.rpm 3.3 MB/s | 227 kB     00:00    
(81/232): libldac-2.0.2.3-15.fc40.x86_64.rpm    632 kB/s |  41 kB     00:00    
(82/232): liblerc-4.0.0-6.fc40.x86_64.rpm       3.1 MB/s | 210 kB     00:00    
(83/232): libosinfo-1.11.0-5.fc40.x86_64.rpm    4.6 MB/s | 316 kB     00:00    
(84/232): libpciaccess-0.16-12.fc40.x86_64.rpm  403 kB/s |  26 kB     00:00    
(85/232): libogg-1.3.5-8.fc40.x86_64.rpm        156 kB/s |  33 kB     00:00    
(86/232): libplist-2.3.0-4.fc40.x86_64.rpm      1.2 MB/s |  93 kB     00:00    
(87/232): libpng-1.6.40-3.fc40.x86_64.rpm       1.8 MB/s | 120 kB     00:00    
(88/232): libsbc-2.0-4.fc40.x86_64.rpm          730 kB/s |  48 kB     00:00    
(89/232): libstemmer-2.2.0-10.fc40.x86_64.rpm   2.1 MB/s | 139 kB     00:00    
(90/232): libsoup-2.74.3-6.fc40.x86_64.rpm      5.7 MB/s | 397 kB     00:00    
(91/232): libtdb-1.4.10-1.fc40.x86_64.rpm       776 kB/s |  51 kB     00:00    
(92/232): libthai-0.1.29-8.fc40.x86_64.rpm      3.2 MB/s | 214 kB     00:00    
(93/232): libtheora-1.1.1-36.fc40.x86_64.rpm    2.5 MB/s | 166 kB     00:00    
(94/232): libunwind-1.8.0-3.fc40.x86_64.rpm     1.1 MB/s |  73 kB     00:00    
(95/232): libusbmuxd-2.0.2^20230620git8d30a55-5 550 kB/s |  36 kB     00:00    
(96/232): libvisual-0.4.1-4.fc40.x86_64.rpm     2.2 MB/s | 151 kB     00:00    
(97/232): libvmaf-2.3.0-7.fc40.x86_64.rpm       2.7 MB/s | 180 kB     00:00    
(98/232): libvorbis-1.3.7-10.fc40.x86_64.rpm    2.8 MB/s | 187 kB     00:00    
(99/232): lm_sensors-libs-3.6.0-18.fc40.x86_64. 617 kB/s |  40 kB     00:00    
(100/232): low-memory-monitor-2.1-10.fc40.x86_6 523 kB/s |  34 kB     00:00    
(101/232): memstrack-0.2.5-4.fc40.x86_64.rpm    750 kB/s |  49 kB     00:00    
(102/232): os-prober-1.81-6.fc40.x86_64.rpm     773 kB/s |  51 kB     00:00    
(103/232): osinfo-db-tools-1.11.0-5.fc40.x86_64 1.1 MB/s |  74 kB     00:00    
(104/232): pigz-2.8-4.fc40.x86_64.rpm           1.4 MB/s |  95 kB     00:00    
(105/232): polkit-124-2.fc40.x86_64.rpm         2.3 MB/s | 157 kB     00:00    
(106/232): polkit-libs-124-2.fc40.x86_64.rpm    950 kB/s |  67 kB     00:00    
(107/232): polkit-pkla-compat-0.1-28.fc40.x86_6 680 kB/s |  44 kB     00:00    
(108/232): poppler-24.02.0-2.fc40.x86_64.rpm    6.1 MB/s | 1.2 MB     00:00    
(109/232): poppler-glib-24.02.0-2.fc40.x86_64.r 2.8 MB/s | 190 kB     00:00    
(110/232): procps-ng-4.0.4-3.fc40.x86_64.rpm    5.4 MB/s | 367 kB     00:00    
(111/232): poppler-data-0.4.11-7.fc40.noarch.rp 6.2 MB/s | 2.0 MB     00:00    
(112/232): rtkit-0.11-63.fc40.x86_64.rpm        836 kB/s |  55 kB     00:00    
(113/232): libicu-74.2-1.fc40.x86_64.rpm        7.0 MB/s |  10 MB     00:01    
(114/232): sound-theme-freedesktop-0.8-21.fc40. 5.6 MB/s | 383 kB     00:00    
(115/232): totem-pl-parser-3.26.6-9.fc40.x86_64 2.0 MB/s | 144 kB     00:00    
(116/232): uchardet-0.0.8-5.fc40.x86_64.rpm     1.6 MB/s | 106 kB     00:00    
(117/232): tpm2-tss-fapi-4.0.1-7.fc40.x86_64.rp 2.6 MB/s | 317 kB     00:00    
(118/232): usbmuxd-1.1.1^20230720git61b99ab-2.f 920 kB/s |  66 kB     00:00    
(119/232): webp-pixbuf-loader-0.2.7-1.fc40.x86_ 307 kB/s |  20 kB     00:00    
(120/232): webrtc-audio-processing-1.3-1.fc40.x 7.6 MB/s | 518 kB     00:00    
(121/232): xdg-desktop-portal-gtk-1.15.1-5.fc40 1.9 MB/s | 143 kB     00:00    
(122/232): xml-common-0.6.3-63.fc40.noarch.rpm  473 kB/s |  31 kB     00:00    
(123/232): xprop-1.2.7-1.fc40.x86_64.rpm        534 kB/s |  35 kB     00:00    
(124/232): SDL2-devel-2.30.11-1.fc40.x86_64.rpm 4.0 MB/s | 396 kB     00:00    
(125/232): SDL2-2.30.11-1.fc40.x86_64.rpm       5.2 MB/s | 700 kB     00:00    
(126/232): NetworkManager-libnm-1.46.6-1.fc40.x 8.3 MB/s | 1.8 MB     00:00    
(127/232): adwaita-cursor-theme-46.2-2.fc40.noa 7.5 MB/s | 516 kB     00:00    
(128/232): adwaita-icon-theme-46.2-2.fc40.noarc 6.0 MB/s | 407 kB     00:00    
(129/232): avif-pixbuf-loader-1.0.4-3.fc40.x86_ 255 kB/s |  17 kB     00:00    
(130/232): bluez-libs-5.81-2.fc40.x86_64.rpm    1.2 MB/s |  83 kB     00:00    
(131/232): cmake-filesystem-3.30.8-1.fc40.x86_6 256 kB/s |  17 kB     00:00    
(132/232): cups-filesystem-2.4.12-2.fc40.noarch 206 kB/s |  13 kB     00:00    
(133/232): cups-libs-2.4.12-2.fc40.x86_64.rpm   3.8 MB/s | 262 kB     00:00    
(134/232): default-fonts-core-sans-4.0-13.fc40. 481 kB/s |  31 kB     00:00    
(135/232): dracut-102-2.fc40.x86_64.rpm         6.8 MB/s | 466 kB     00:00    
(136/232): adwaita-icon-theme-legacy-46.2-1.fc4 8.6 MB/s | 2.5 MB     00:00    
(137/232): fontconfig-2.15.0-6.fc40.x86_64.rpm  3.9 MB/s | 270 kB     00:00    
(138/232): fribidi-1.0.14-2.fc40.x86_64.rpm     1.4 MB/s |  92 kB     00:00    
(139/232): gettext-envsubst-0.22.5-4.fc40.x86_6 574 kB/s |  38 kB     00:00    
(140/232): geoclue2-2.7.2-2.fc40.x86_64.rpm     2.2 MB/s | 164 kB     00:00    
(141/232): gettext-runtime-0.22.5-4.fc40.x86_64 1.8 MB/s | 121 kB     00:00    
(142/232): giflib-5.2.2-6.fc40.x86_64.rpm       727 kB/s |  52 kB     00:00    
(143/232): gettext-libs-0.22.5-4.fc40.x86_64.rp 5.0 MB/s | 666 kB     00:00    
(144/232): glib-networking-2.80.1-1.fc40.x86_64 3.0 MB/s | 201 kB     00:00    
(145/232): gobject-introspection-1.80.1-1.fc40. 1.5 MB/s | 111 kB     00:00    
(146/232): grub2-tools-minimal-2.12-16.fc40.x86 8.1 MB/s | 613 kB     00:00    
(147/232): grub2-common-2.12-16.fc40.noarch.rpm 7.5 MB/s | 1.0 MB     00:00    
(148/232): gsettings-desktop-schemas-46.1-1.fc4 9.9 MB/s | 755 kB     00:00    
(149/232): grub2-tools-2.12-16.fc40.x86_64.rpm  6.9 MB/s | 1.8 MB     00:00    
(150/232): gstreamer1-1.24.11-1.fc40.x86_64.rpm 8.2 MB/s | 1.6 MB     00:00    
(151/232): gtk-update-icon-cache-3.24.43-1.fc40 517 kB/s |  34 kB     00:00    
(152/232): gstreamer1-plugins-base-1.24.11-1.fc  10 MB/s | 2.2 MB     00:00    
(153/232): highway-1.2.0-2.fc40.x86_64.rpm      8.6 MB/s | 652 kB     00:00    
(154/232): harfbuzz-8.5.0-1.fc40.x86_64.rpm     7.7 MB/s | 1.0 MB     00:00    
(155/232): jxl-pixbuf-loader-0.8.4-1.fc40.x86_6 920 kB/s |  60 kB     00:00    
(156/232): hwdata-0.394-1.fc40.noarch.rpm        11 MB/s | 1.6 MB     00:00    
(157/232): libX11-1.8.10-2.fc40.x86_64.rpm      4.8 MB/s | 650 kB     00:00    
(158/232): libX11-common-1.8.10-2.fc40.noarch.r 2.4 MB/s | 176 kB     00:00    
(159/232): libX11-xcb-1.8.10-2.fc40.x86_64.rpm  166 kB/s |  12 kB     00:00    
(160/232): libX11-devel-1.8.10-2.fc40.x86_64.rp 7.7 MB/s | 1.0 MB     00:00    
(161/232): libXi-1.8.2-1.fc40.x86_64.rpm        556 kB/s |  40 kB     00:00    
(162/232): libXtst-1.2.5-1.fc40.x86_64.rpm      313 kB/s |  20 kB     00:00    
(163/232): gtk3-3.24.43-1.fc40.x86_64.rpm       9.5 MB/s | 5.6 MB     00:00    
(164/232): libavif-1.0.4-3.fc40.x86_64.rpm      1.4 MB/s |  91 kB     00:00    
(165/232): libdav1d-1.5.1-1.fc40.x86_64.rpm     9.1 MB/s | 635 kB     00:00    
(166/232): libdrm-2.4.123-1.fc40.x86_64.rpm     2.3 MB/s | 159 kB     00:00    
(167/232): libgexiv2-0.14.3-1.fc40.x86_64.rpm   1.5 MB/s | 103 kB     00:00    
(168/232): libaom-3.12.0-1.fc40.x86_64.rpm      8.3 MB/s | 1.8 MB     00:00    
(169/232): libgsf-1.14.53-2.fc40.x86_64.rpm     3.9 MB/s | 261 kB     00:00    
(170/232): libgusb-0.4.9-1.fc40.x86_64.rpm      998 kB/s |  65 kB     00:00    
(171/232): libkcapi-1.5.0-4.fc40.x86_64.rpm     704 kB/s |  46 kB     00:00    
(172/232): libkcapi-hasher-1.5.0-4.fc40.x86_64. 397 kB/s |  26 kB     00:00    
(173/232): libjxl-0.8.4-1.fc40.x86_64.rpm       8.2 MB/s | 1.2 MB     00:00    
(174/232): libkcapi-hmaccalc-1.5.0-4.fc40.x86_6 133 kB/s | 9.1 kB     00:00    
(175/232): liblc3-1.1.3-1.fc40.x86_64.rpm       1.5 MB/s | 103 kB     00:00    
(176/232): libproxy-0.5.5-1.fc40.x86_64.rpm     740 kB/s |  48 kB     00:00    
(177/232): libnotify-0.8.6-1.fc40.x86_64.rpm    724 kB/s |  52 kB     00:00    
(178/232): libsndfile-1.2.2-4.fc40.x86_64.rpm   3.1 MB/s | 213 kB     00:00    
(179/232): libsoup3-3.4.5-1.fc40.x86_64.rpm     5.1 MB/s | 385 kB     00:00    
(180/232): libtextstyle-0.22.5-4.fc40.x86_64.rp 1.3 MB/s |  88 kB     00:00    
(181/232): libtiff-4.6.0-5.fc40.1.x86_64.rpm    4.5 MB/s | 339 kB     00:00    
(182/232): librsvg2-2.57.1-7.fc40.x86_64.rpm    7.7 MB/s | 1.5 MB     00:00    
(183/232): libtracker-sparql-3.7.3-1.fc40.x86_6 5.4 MB/s | 371 kB     00:00    
(184/232): libusb1-1.0.28-2.fc40.x86_64.rpm     1.1 MB/s |  78 kB     00:00    
(185/232): libwayland-client-1.23.0-2.fc40.x86_ 509 kB/s |  33 kB     00:00    
(186/232): libwayland-cursor-1.23.0-2.fc40.x86_ 293 kB/s |  19 kB     00:00    
(187/232): libwayland-egl-1.23.0-2.fc40.x86_64. 176 kB/s |  13 kB     00:00    
(188/232): libwayland-server-1.23.0-2.fc40.x86_ 629 kB/s |  41 kB     00:00    
(189/232): libwebp-1.5.0-1.fc40.x86_64.rpm      4.4 MB/s | 297 kB     00:00    
(190/232): libxcb-1.17.0-2.fc40.x86_64.rpm      3.2 MB/s | 240 kB     00:00    
(191/232): libxshmfence-1.3.2-5.fc40.x86_64.rpm 205 kB/s |  13 kB     00:00    
(192/232): libxcb-devel-1.17.0-2.fc40.x86_64.rp  11 MB/s | 1.4 MB     00:00    
(193/232): libxslt-1.1.43-1.fc40.x86_64.rpm     2.5 MB/s | 183 kB     00:00    
(194/232): mesa-filesystem-24.1.7-1.fc40.x86_64 289 kB/s |  21 kB     00:00    
(195/232): mesa-libEGL-24.1.7-1.fc40.x86_64.rpm 1.9 MB/s | 140 kB     00:00    
(196/232): mesa-libEGL-devel-24.1.7-1.fc40.x86_ 253 kB/s |  24 kB     00:00    
(197/232): mesa-libGL-24.1.7-1.fc40.x86_64.rpm  2.4 MB/s | 176 kB     00:00    
(198/232): mesa-libgbm-24.1.7-1.fc40.x86_64.rpm 664 kB/s |  48 kB     00:00    
(199/232): mesa-libglapi-24.1.7-1.fc40.x86_64.r 700 kB/s |  51 kB     00:00    
(200/232): mesa-va-drivers-24.1.7-1.fc40.x86_64  11 MB/s | 4.0 MB     00:00    
(201/232): mpg123-libs-1.32.9-1.fc40.x86_64.rpm 4.0 MB/s | 345 kB     00:00    
(202/232): nspr-4.36.0-6.fc40.x86_64.rpm        1.8 MB/s | 137 kB     00:00    
(203/232): nss-3.110.0-2.fc40.x86_64.rpm        8.4 MB/s | 711 kB     00:00    
(204/232): nss-softokn-3.110.0-2.fc40.x86_64.rp 5.1 MB/s | 414 kB     00:00    
(205/232): nss-softokn-freebl-3.110.0-2.fc40.x8 4.4 MB/s | 333 kB     00:00    
(206/232): nss-sysinit-3.110.0-2.fc40.x86_64.rp 240 kB/s |  19 kB     00:00    
(207/232): nss-util-3.110.0-2.fc40.x86_64.rpm   1.2 MB/s |  89 kB     00:00    
(208/232): openjpeg2-2.5.3-1.fc40.x86_64.rpm    2.3 MB/s | 189 kB     00:00    
(209/232): orc-0.4.39-1.fc40.x86_64.rpm         2.9 MB/s | 223 kB     00:00    
(210/232): osinfo-db-20250124-1.fc40.noarch.rpm 5.8 MB/s | 476 kB     00:00    
(211/232): pango-1.54.0-1.fc40.x86_64.rpm       4.6 MB/s | 347 kB     00:00    
(212/232): pipewire-1.0.9-2.fc40.x86_64.rpm     1.5 MB/s | 120 kB     00:00    
(213/232): mesa-dri-drivers-24.1.7-1.fc40.x86_6  14 MB/s |  26 MB     00:01    
(214/232): pipewire-alsa-1.0.9-2.fc40.x86_64.rp 624 kB/s |  54 kB     00:00    
(215/232): pipewire-pulseaudio-1.0.9-2.fc40.x86 2.9 MB/s | 195 kB     00:00    
(216/232): pixman-0.43.4-1.fc40.x86_64.rpm      4.3 MB/s | 293 kB     00:00    
(217/232): pipewire-libs-1.0.9-2.fc40.x86_64.rp  12 MB/s | 1.8 MB     00:00    
(218/232): pulseaudio-libs-16.1-8.fc40.x86_64.r 9.0 MB/s | 693 kB     00:00    
(219/232): rsvg-pixbuf-loader-2.57.1-7.fc40.x86 217 kB/s |  16 kB     00:00    
(220/232): rav1e-libs-0.7.1-4.fc40.x86_64.rpm   7.1 MB/s | 1.0 MB     00:00    
(221/232): shared-mime-info-2.3-5.fc40.x86_64.r 5.1 MB/s | 390 kB     00:00    
(222/232): tpm2-tools-5.7-1.fc40.x86_64.rpm      12 MB/s | 810 kB     00:00    
(223/232): svt-av1-libs-2.3.0-1.fc40.x86_64.rpm  14 MB/s | 2.0 MB     00:00    
(224/232): llvm-libs-18.1.8-4.fc40.x86_64.rpm    12 MB/s |  28 MB     00:02    
(225/232): tracker-3.7.3-1.fc40.x86_64.rpm      9.2 MB/s | 635 kB     00:00    
(226/232): tracker-miners-3.7.4-2.fc40.x86_64.r  13 MB/s | 997 kB     00:00    
(227/232): upower-1.90.9-1.fc40.x86_64.rpm      2.1 MB/s | 143 kB     00:00    
(228/232): upower-libs-1.90.9-1.fc40.x86_64.rpm 882 kB/s |  57 kB     00:00    
(229/232): wireplumber-0.5.7-1.fc40.x86_64.rpm  1.5 MB/s | 110 kB     00:00    
(230/232): wireplumber-libs-0.5.7-1.fc40.x86_64 5.7 MB/s | 386 kB     00:00    
(231/232): xdg-desktop-portal-1.18.4-1.fc40.x86 6.9 MB/s | 474 kB     00:00    
(232/232): xorg-x11-proto-devel-2024.1-2.fc40.n 4.0 MB/s | 300 kB     00:00    
--------------------------------------------------------------------------------
Total                                            14 MB/s | 144 MB     00:09     
Running transaction check
Transaction check succeeded.
Running transaction test
Transaction test succeeded.
Running transaction
  Preparing        :                                                        1/1 
  Installing       : libpng-2:1.6.40-3.fc40.x86_64                        1/232 
  Installing       : avahi-libs-0.8-26.fc40.x86_64                        2/232 
  Installing       : nspr-4.36.0-6.fc40.x86_64                            3/232 
  Installing       : libjpeg-turbo-3.0.2-1.fc40.x86_64                    4/232 
  Installing       : json-glib-1.8.0-3.fc40.x86_64                        5/232 
  Installing       : libwayland-client-1.23.0-2.fc40.x86_64               6/232 
  Installing       : libX11-xcb-1.8.10-2.fc40.x86_64                      7/232 
  Installing       : libplist-2.3.0-4.fc40.x86_64                         8/232 
  Installing       : libogg-2:1.3.5-8.fc40.x86_64                         9/232 
  Installing       : libglvnd-1:1.7.0-4.fc40.x86_64                      10/232 
  Installing       : libvorbis-1:1.3.7-10.fc40.x86_64                    11/232 
  Installing       : nss-util-3.110.0-2.fc40.x86_64                      12/232 
  Installing       : fonts-filesystem-1:2.0.5-14.fc40.noarch             13/232 
  Installing       : libimobiledevice-glue-1.0.0-3.fc40.x86_64           14/232 
  Installing       : libwayland-cursor-1.23.0-2.fc40.x86_64              15/232 
  Installing       : avahi-glib-0.8-26.fc40.x86_64                       16/232 
  Installing       : libxshmfence-1.3.2-5.fc40.x86_64                    17/232 
  Installing       : libwebp-1.5.0-1.fc40.x86_64                         18/232 
  Installing       : libusb1-1.0.28-2.fc40.x86_64                        19/232 
  Installing       : hwdata-0.394-1.fc40.noarch                          20/232 
  Installing       : polkit-libs-124-2.fc40.x86_64                       21/232 
  Installing       : lcms2-2.16-3.fc40.x86_64                            22/232 
  Installing       : fuse3-libs-3.16.2-3.fc40.x86_64                     23/232 
  Installing       : abattis-cantarell-vf-fonts-0.301-12.fc40.noarch     24/232 
  Installing       : xorg-x11-proto-devel-2024.1-2.fc40.noarch           25/232 
  Installing       : shared-mime-info-2.3-5.fc40.x86_64                  26/232 
  Running scriptlet: shared-mime-info-2.3-5.fc40.x86_64                  26/232 
  Installing       : gdk-pixbuf2-2.42.10-8.fc40.x86_64                   27/232 
  Installing       : mesa-filesystem-24.1.7-1.fc40.x86_64                28/232 
  Installing       : llvm-libs-18.1.8-4.fc40.x86_64                      29/232 
  Installing       : libwayland-server-1.23.0-2.fc40.x86_64              30/232 
  Installing       : libwayland-egl-1.23.0-2.fc40.x86_64                 31/232 
  Installing       : grub2-common-1:2.12-16.fc40.noarch                  32/232 
  Installing       : fribidi-1.0.14-2.fc40.x86_64                        33/232 
  Running scriptlet: xml-common-0.6.3-63.fc40.noarch                     34/232 
  Installing       : xml-common-0.6.3-63.fc40.noarch                     34/232 
  Installing       : libtdb-1.4.10-1.fc40.x86_64                         35/232 
  Installing       : libicu-74.2-1.fc40.x86_64                           36/232 
  Installing       : libgudev-238-5.fc40.x86_64                          37/232 
  Installing       : libXau-1.0.11-6.fc40.x86_64                         38/232 
  Installing       : libxcb-1.17.0-2.fc40.x86_64                         39/232 
  Installing       : duktape-2.7.0-7.fc40.x86_64                         40/232 
  Running scriptlet: polkit-124-2.fc40.x86_64                            41/232 
  Installing       : polkit-124-2.fc40.x86_64                            41/232 
  Running scriptlet: polkit-124-2.fc40.x86_64                            41/232 
  Installing       : polkit-pkla-compat-0.1-28.fc40.x86_64               42/232 
  Running scriptlet: rtkit-0.11-63.fc40.x86_64                           43/232 
  Installing       : rtkit-0.11-63.fc40.x86_64                           43/232 
  Running scriptlet: rtkit-0.11-63.fc40.x86_64                           43/232 
Created symlink /etc/systemd/system/graphical.target.wants/rtkit-daemon.service → /usr/lib/systemd/system/rtkit-daemon.service.

  Installing       : libproxy-0.5.5-1.fc40.x86_64                        44/232 
  Installing       : libXau-devel-1.0.11-6.fc40.x86_64                   45/232 
  Installing       : libxcb-devel-1.17.0-2.fc40.x86_64                   46/232 
  Installing       : iso-codes-4.16.0-3.fc40.noarch                      47/232 
  Installing       : webp-pixbuf-loader-0.2.7-1.fc40.x86_64              48/232 
  Installing       : gtk-update-icon-cache-3.24.43-1.fc40.x86_64         49/232 
  Installing       : libgsf-1.14.53-2.fc40.x86_64                        50/232 
  Installing       : libnotify-0.8.6-1.fc40.x86_64                       51/232 
  Installing       : libpciaccess-0.16-12.fc40.x86_64                    52/232 
  Installing       : libdrm-2.4.123-1.fc40.x86_64                        53/232 
  Installing       : mesa-va-drivers-24.1.7-1.fc40.x86_64                54/232 
  Installing       : osinfo-db-20250124-1.fc40.noarch                    55/232 
  Installing       : libgusb-0.4.9-1.fc40.x86_64                         56/232 
  Installing       : colord-libs-1.4.7-3.fc40.x86_64                     57/232 
  Installing       : libusbmuxd-2.0.2^20230620git8d30a55-5.fc40.x86_6    58/232 
  Running scriptlet: usbmuxd-1.1.1^20230720git61b99ab-2.fc40.x86_64      59/232 
  Installing       : usbmuxd-1.1.1^20230720git61b99ab-2.fc40.x86_64      59/232 
  Running scriptlet: usbmuxd-1.1.1^20230720git61b99ab-2.fc40.x86_64      59/232 
  Installing       : libimobiledevice-1.3.0^20230705git6fc41f5-4.fc40    60/232 
  Installing       : adobe-source-code-pro-fonts-2.042.1.062.1.026-4.    61/232 
  Installing       : gsettings-desktop-schemas-46.1-1.fc40.x86_64        62/232 
  Installing       : glib-networking-2.80.1-1.fc40.x86_64                63/232 
  Installing       : libsoup3-3.4.5-1.fc40.x86_64                        64/232 
  Installing       : osinfo-db-tools-1.11.0-5.fc40.x86_64                65/232 
  Installing       : libsoup-2.74.3-6.fc40.x86_64                        66/232 
  Installing       : libgrss-0.7.0-19.fc40.x86_64                        67/232 
  Installing       : nss-softokn-freebl-3.110.0-2.fc40.x86_64            68/232 
  Installing       : nss-softokn-3.110.0-2.fc40.x86_64                   69/232 
  Installing       : libglvnd-opengl-1:1.7.0-4.fc40.x86_64               70/232 
  Installing       : flac-libs-1.4.3-4.fc40.x86_64                       71/232 
  Installing       : libtheora-1:1.1.1-36.fc40.x86_64                    72/232 
  Installing       : exiv2-libs-0.27.6-7.fc40.x86_64                     73/232 
  Installing       : exiv2-0.27.6-7.fc40.x86_64                          74/232 
  Installing       : libgexiv2-0.14.3-1.fc40.x86_64                      75/232 
  Installing       : rav1e-libs-0.7.1-4.fc40.x86_64                      76/232 
  Installing       : pixman-0.43.4-1.fc40.x86_64                         77/232 
  Installing       : orc-0.4.39-1.fc40.x86_64                            78/232 
  Installing       : openjpeg2-2.5.3-1.fc40.x86_64                       79/232 
  Installing       : mpg123-libs-1.32.9-1.fc40.x86_64                    80/232 
  Installing       : libxslt-1.1.43-1.fc40.x86_64                        81/232 
  Installing       : libosinfo-1.11.0-5.fc40.x86_64                      82/232 
  Installing       : libtextstyle-0.22.5-4.fc40.x86_64                   83/232 
  Installing       : gettext-libs-0.22.5-4.fc40.x86_64                   84/232 
  Installing       : liblc3-1.1.3-1.fc40.x86_64                          85/232 
  Installing       : libkcapi-1.5.0-4.fc40.x86_64                        86/232 
  Installing       : libkcapi-hasher-1.5.0-4.fc40.x86_64                 87/232 
  Installing       : libkcapi-hmaccalc-1.5.0-4.fc40.x86_64               88/232 
  Installing       : libdav1d-1.5.1-1.fc40.x86_64                        89/232 
  Installing       : libX11-common-1.8.10-2.fc40.noarch                  90/232 
  Installing       : libX11-1.8.10-2.fc40.x86_64                         91/232 
  Installing       : libXext-1.3.6-1.fc40.x86_64                         92/232 
  Installing       : libXrender-0.9.11-6.fc40.x86_64                     93/232 
  Installing       : libXi-1.8.2-1.fc40.x86_64                           94/232 
  Installing       : libXfixes-6.0.1-3.fc40.x86_64                       95/232 
  Installing       : libX11-devel-1.8.10-2.fc40.x86_64                   96/232 
  Installing       : libXcursor-1.2.1-7.fc40.x86_64                      97/232 
  Installing       : libXdamage-1.1.6-3.fc40.x86_64                      98/232 
  Installing       : libXtst-1.2.5-1.fc40.x86_64                         99/232 
  Installing       : libXrandr-1.5.4-3.fc40.x86_64                      100/232 
  Installing       : libXinerama-1.1.5-6.fc40.x86_64                    101/232 
  Installing       : libXv-1.0.12-3.fc40.x86_64                         102/232 
  Installing       : libXxf86vm-1.1.5-6.fc40.x86_64                     103/232 
  Installing       : libXcomposite-0.4.6-3.fc40.x86_64                  104/232 
  Installing       : xprop-1.2.7-1.fc40.x86_64                          105/232 
  Installing       : at-spi2-core-2.52.0-1.fc40.x86_64                  106/232 
  Installing       : atk-2.52.0-1.fc40.x86_64                           107/232 
  Installing       : at-spi2-atk-2.52.0-1.fc40.x86_64                   108/232 
  Installing       : highway-1.2.0-2.fc40.x86_64                        109/232 
  Installing       : libjxl-1:0.8.4-1.fc40.x86_64                       110/232 
  Installing       : jxl-pixbuf-loader-1:0.8.4-1.fc40.x86_64            111/232 
  Installing       : gobject-introspection-1.80.1-1.fc40.x86_64         112/232 
  Installing       : upower-libs-1.90.9-1.fc40.x86_64                   113/232 
  Installing       : upower-1.90.9-1.fc40.x86_64                        114/232 
  Running scriptlet: upower-1.90.9-1.fc40.x86_64                        114/232 
Created symlink /etc/systemd/system/graphical.target.wants/upower.service → /usr/lib/systemd/system/upower.service.

  Installing       : giflib-5.2.2-6.fc40.x86_64                         115/232 
  Installing       : gettext-envsubst-0.22.5-4.fc40.x86_64              116/232 
  Installing       : gettext-runtime-0.22.5-4.fc40.x86_64               117/232 
  Installing       : grub2-tools-minimal-1:2.12-16.fc40.x86_64          118/232 
  Installing       : os-prober-1.81-6.fc40.x86_64                       119/232 
  Installing       : cups-filesystem-1:2.4.12-2.fc40.noarch             120/232 
  Installing       : cups-libs-1:2.4.12-2.fc40.x86_64                   121/232 
  Installing       : cmake-filesystem-3.30.8-1.fc40.x86_64              122/232 
  Installing       : bluez-libs-5.81-2.fc40.x86_64                      123/232 
  Installing       : adwaita-icon-theme-legacy-46.2-1.fc40.noarch       124/232 
  Installing       : adwaita-cursor-theme-46.2-2.fc40.noarch            125/232 
  Installing       : adwaita-icon-theme-46.2-2.fc40.noarch              126/232 
  Installing       : NetworkManager-libnm-1:1.46.6-1.fc40.x86_64        127/232 
  Installing       : webrtc-audio-processing-1.3-1.fc40.x86_64          128/232 
  Installing       : uchardet-0.0.8-5.fc40.x86_64                       129/232 
  Installing       : totem-pl-parser-3.26.6-9.fc40.x86_64               130/232 
  Installing       : tpm2-tss-fapi-4.0.1-7.fc40.x86_64                  131/232 
  Installing       : tpm2-tools-5.7-1.fc40.x86_64                       132/232 
  Installing       : sound-theme-freedesktop-0.8-21.fc40.noarch         133/232 
  Running scriptlet: sound-theme-freedesktop-0.8-21.fc40.noarch         133/232 
  Installing       : procps-ng-4.0.4-3.fc40.x86_64                      134/232 
  Installing       : poppler-data-0.4.11-7.fc40.noarch                  135/232 
  Installing       : pigz-2.8-4.fc40.x86_64                             136/232 
  Installing       : memstrack-0.2.5-4.fc40.x86_64                      137/232 
  Installing       : low-memory-monitor-2.1-10.fc40.x86_64              138/232 
  Running scriptlet: low-memory-monitor-2.1-10.fc40.x86_64              138/232 
  Installing       : lm_sensors-libs-3.6.0-18.fc40.x86_64               139/232 
  Installing       : mesa-libglapi-24.1.7-1.fc40.x86_64                 140/232 
  Installing       : mesa-dri-drivers-24.1.7-1.fc40.x86_64              141/232 
  Installing       : mesa-libgbm-24.1.7-1.fc40.x86_64                   142/232 
  Installing       : libglvnd-egl-1:1.7.0-4.fc40.x86_64                 143/232 
  Installing       : mesa-libEGL-24.1.7-1.fc40.x86_64                   144/232 
  Installing       : libglvnd-gles-1:1.7.0-4.fc40.x86_64                145/232 
  Installing       : libglvnd-glx-1:1.7.0-4.fc40.x86_64                 146/232 
  Installing       : mesa-libGL-24.1.7-1.fc40.x86_64                    147/232 
  Installing       : libvmaf-2.3.0-7.fc40.x86_64                        148/232 
  Installing       : libaom-3.12.0-1.fc40.x86_64                        149/232 
  Installing       : libvisual-1:0.4.1-4.fc40.x86_64                    150/232 
  Installing       : libunwind-1.8.0-3.fc40.x86_64                      151/232 
  Installing       : gstreamer1-1.24.11-1.fc40.x86_64                   152/232 
  Installing       : libstemmer-2.2.0-10.fc40.x86_64                    153/232 
  Installing       : libsbc-2.0-4.fc40.x86_64                           154/232 
  Installing       : liblerc-4.0.0-6.fc40.x86_64                        155/232 
  Installing       : libldac-2.0.2.3-15.fc40.x86_64                     156/232 
  Installing       : libiptcdata-1.0.5-17.fc40.x86_64                   157/232 
  Installing       : libglvnd-core-devel-1:1.7.0-4.fc40.x86_64          158/232 
  Installing       : libglvnd-devel-1:1.7.0-4.fc40.x86_64               159/232 
  Installing       : mesa-libEGL-devel-24.1.7-1.fc40.x86_64             160/232 
  Installing       : libexif-0.6.24-7.fc40.x86_64                       161/232 
  Installing       : libepoxy-1.5.10-6.fc40.x86_64                      162/232 
  Installing       : libdatrie-0.2.13-9.fc40.x86_64                     163/232 
  Installing       : libthai-0.1.29-8.fc40.x86_64                       164/232 
  Installing       : libcue-2.3.0-3.fc40.x86_64                         165/232 
  Installing       : libcloudproviders-0.3.5-3.fc40.x86_64              166/232 
  Installing       : libasyncns-0.8-28.fc40.x86_64                      167/232 
  Installing       : lame-libs-3.100-17.fc40.x86_64                     168/232 
  Installing       : kpartx-0.9.7-7.fc40.x86_64                         169/232 
  Installing       : jbigkit-libs-2.1-29.fc40.x86_64                    170/232 
  Installing       : libtiff-4.6.0-5.fc40.1.x86_64                      171/232 
  Installing       : hicolor-icon-theme-0.17-18.fc40.noarch             172/232 
  Installing       : gsm-1.0.22-6.fc40.x86_64                           173/232 
  Installing       : libsndfile-1.2.2-4.fc40.x86_64                     174/232 
  Installing       : pulseaudio-libs-16.1-8.fc40.x86_64                 175/232 
  Installing       : libcanberra-0.30-35.fc40.x86_64                    176/232 
  Running scriptlet: libcanberra-0.30-35.fc40.x86_64                    176/232 
  Installing       : graphite2-1.3.14-15.fc40.x86_64                    177/232 
  Installing       : graphene-1.10.6-8.fc40.x86_64                      178/232 
  Installing       : gpgmepp-1.23.2-3.fc40.x86_64                       179/232 
  Installing       : google-noto-fonts-common-20240301-2.fc40.noarch    180/232 
  Installing       : google-noto-sans-vf-fonts-20240301-2.fc40.noarch   181/232 
  Installing       : default-fonts-core-sans-4.0-13.fc40.noarch         182/232 
  Installing       : cairo-1.18.0-3.fc40.x86_64                         183/232 
  Installing       : harfbuzz-8.5.0-1.fc40.x86_64                       184/232 
  Installing       : freetype-2.13.2-5.fc40.x86_64                      185/232 
  Installing       : fontconfig-2.15.0-6.fc40.x86_64                    186/232 
  Running scriptlet: fontconfig-2.15.0-6.fc40.x86_64                    186/232 
  Installing       : cairo-gobject-1.18.0-3.fc40.x86_64                 187/232 
  Installing       : libXft-2.3.8-6.fc40.x86_64                         188/232 
  Installing       : pango-1.54.0-1.fc40.x86_64                         189/232 
  Installing       : librsvg2-2.57.1-7.fc40.x86_64                      190/232 
  Installing       : rsvg-pixbuf-loader-2.57.1-7.fc40.x86_64            191/232 
  Installing       : libgxps-0.3.2-8.fc40.x86_64                        192/232 
  Installing       : fuse-common-3.16.2-3.fc40.x86_64                   193/232 
  Installing       : fuse3-3.16.2-3.fc40.x86_64                         194/232 
  Installing       : file-5.45-4.fc40.x86_64                            195/232 
  Installing       : fdk-aac-free-2.0.0-13.fc40.x86_64                  196/232 
  Running scriptlet: pipewire-1.0.9-2.fc40.x86_64                       197/232 
  Installing       : pipewire-1.0.9-2.fc40.x86_64                       197/232 
  Running scriptlet: pipewire-1.0.9-2.fc40.x86_64                       197/232 
Created symlink /etc/systemd/user/sockets.target.wants/pipewire.socket → /usr/lib/systemd/user/pipewire.socket.

  Installing       : pipewire-libs-1.0.9-2.fc40.x86_64                  198/232 
  Installing       : wireplumber-0.5.7-1.fc40.x86_64                    199/232 
  Installing       : wireplumber-libs-0.5.7-1.fc40.x86_64               200/232 
  Installing       : exempi-2.6.4-5.fc40.x86_64                         201/232 
  Installing       : dconf-0.40.0-12.fc40.x86_64                        202/232 
  Running scriptlet: dconf-0.40.0-12.fc40.x86_64                        202/232 
  Installing       : cpuinfo-23.2.14-3.giteb4a667.fc40.2.x86_64         203/232 
  Installing       : svt-av1-libs-2.3.0-1.fc40.x86_64                   204/232 
  Installing       : libavif-1.0.4-3.fc40.x86_64                        205/232 
  Installing       : avif-pixbuf-loader-1.0.4-3.fc40.x86_64             206/232 
  Installing       : gdk-pixbuf2-modules-2.42.10-8.fc40.x86_64          207/232 
  Installing       : cpio-2.15-1.fc40.x86_64                            208/232 
  Installing       : dracut-102-2.fc40.x86_64                           209/232 
  Running scriptlet: grub2-tools-1:2.12-16.fc40.x86_64                  210/232 
  Installing       : grub2-tools-1:2.12-16.fc40.x86_64                  210/232 
  Running scriptlet: grub2-tools-1:2.12-16.fc40.x86_64                  210/232 
Created symlink /etc/systemd/user/timers.target.wants/grub-boot-success.timer → /usr/lib/systemd/user/grub-boot-success.timer.

  Installing       : grubby-8.40-75.fc40.x86_64                         211/232 
  Running scriptlet: grubby-8.40-75.fc40.x86_64                         211/232 
  Installing       : crypto-policies-scripts-20240201-2.git9f501f3.fc   212/232 
  Installing       : nss-sysinit-3.110.0-2.fc40.x86_64                  213/232 
  Installing       : nss-3.110.0-2.fc40.x86_64                          214/232 
  Running scriptlet: nss-3.110.0-2.fc40.x86_64                          214/232 
  Installing       : poppler-24.02.0-2.fc40.x86_64                      215/232 
  Installing       : poppler-glib-24.02.0-2.fc40.x86_64                 216/232 
  Installing       : cdparanoia-libs-10.2-44.fc40.x86_64                217/232 
  Installing       : gstreamer1-plugins-base-1.24.11-1.fc40.x86_64      218/232 
  Installing       : tracker-3.7.3-1.fc40.x86_64                        219/232 
  Running scriptlet: tracker-3.7.3-1.fc40.x86_64                        219/232 
  Installing       : libtracker-sparql-3.7.3-1.fc40.x86_64              220/232 
  Installing       : tracker-miners-3.7.4-2.fc40.x86_64                 221/232 
  Running scriptlet: tracker-miners-3.7.4-2.fc40.x86_64                 221/232 
  Installing       : ModemManager-glib-1.22.0-3.fc40.x86_64             222/232 
  Running scriptlet: geoclue2-2.7.2-2.fc40.x86_64                       223/232 
  Installing       : geoclue2-2.7.2-2.fc40.x86_64                       223/232 
  Running scriptlet: geoclue2-2.7.2-2.fc40.x86_64                       223/232 
  Installing       : xdg-desktop-portal-1.18.4-1.fc40.x86_64            224/232 
  Running scriptlet: xdg-desktop-portal-1.18.4-1.fc40.x86_64            224/232 
  Installing       : libcanberra-gtk3-0.30-35.fc40.x86_64               225/232 
  Installing       : gtk3-3.24.43-1.fc40.x86_64                         226/232 
  Installing       : xdg-desktop-portal-gtk-1.15.1-5.fc40.x86_64        227/232 
  Running scriptlet: xdg-desktop-portal-gtk-1.15.1-5.fc40.x86_64        227/232 
  Installing       : libdecor-0.2.2-3.fc40.x86_64                       228/232 
  Installing       : SDL2-2.30.11-1.fc40.x86_64                         229/232 
  Installing       : SDL2-devel-2.30.11-1.fc40.x86_64                   230/232 
  Installing       : pipewire-alsa-1.0.9-2.fc40.x86_64                  231/232 
  Installing       : pipewire-pulseaudio-1.0.9-2.fc40.x86_64            232/232 
  Running scriptlet: pipewire-pulseaudio-1.0.9-2.fc40.x86_64            232/232 
Created symlink /etc/systemd/user/sockets.target.wants/pipewire-pulse.socket → /usr/lib/systemd/user/pipewire-pulse.socket.

  Running scriptlet: grub2-common-1:2.12-16.fc40.noarch                 232/232 
  Running scriptlet: fontconfig-2.15.0-6.fc40.x86_64                    232/232 
  Running scriptlet: wireplumber-0.5.7-1.fc40.x86_64                    232/232 
Created symlink /etc/systemd/user/pipewire-session-manager.service → /usr/lib/systemd/user/wireplumber.service.
Created symlink /etc/systemd/user/pipewire.service.wants/wireplumber.service → /usr/lib/systemd/user/wireplumber.service.

  Running scriptlet: dconf-0.40.0-12.fc40.x86_64                        232/232 
  Running scriptlet: crypto-policies-scripts-20240201-2.git9f501f3.fc   232/232 
  Running scriptlet: nss-3.110.0-2.fc40.x86_64                          232/232 
  Running scriptlet: pipewire-pulseaudio-1.0.9-2.fc40.x86_64            232/232 

Installed:
  ModemManager-glib-1.22.0-3.fc40.x86_64                                        
  NetworkManager-libnm-1:1.46.6-1.fc40.x86_64                                   
  SDL2-2.30.11-1.fc40.x86_64                                                    
  SDL2-devel-2.30.11-1.fc40.x86_64                                              
  abattis-cantarell-vf-fonts-0.301-12.fc40.noarch                               
  adobe-source-code-pro-fonts-2.042.1.062.1.026-4.fc40.noarch                   
  adwaita-cursor-theme-46.2-2.fc40.noarch                                       
  adwaita-icon-theme-46.2-2.fc40.noarch                                         
  adwaita-icon-theme-legacy-46.2-1.fc40.noarch                                  
  at-spi2-atk-2.52.0-1.fc40.x86_64                                              
  at-spi2-core-2.52.0-1.fc40.x86_64                                             
  atk-2.52.0-1.fc40.x86_64                                                      
  avahi-glib-0.8-26.fc40.x86_64                                                 
  avahi-libs-0.8-26.fc40.x86_64                                                 
  avif-pixbuf-loader-1.0.4-3.fc40.x86_64                                        
  bluez-libs-5.81-2.fc40.x86_64                                                 
  cairo-1.18.0-3.fc40.x86_64                                                    
  cairo-gobject-1.18.0-3.fc40.x86_64                                            
  cdparanoia-libs-10.2-44.fc40.x86_64                                           
  cmake-filesystem-3.30.8-1.fc40.x86_64                                         
  colord-libs-1.4.7-3.fc40.x86_64                                               
  cpio-2.15-1.fc40.x86_64                                                       
  cpuinfo-23.2.14-3.giteb4a667.fc40.2.x86_64                                    
  crypto-policies-scripts-20240201-2.git9f501f3.fc40.noarch                     
  cups-filesystem-1:2.4.12-2.fc40.noarch                                        
  cups-libs-1:2.4.12-2.fc40.x86_64                                              
  dconf-0.40.0-12.fc40.x86_64                                                   
  default-fonts-core-sans-4.0-13.fc40.noarch                                    
  dracut-102-2.fc40.x86_64                                                      
  duktape-2.7.0-7.fc40.x86_64                                                   
  exempi-2.6.4-5.fc40.x86_64                                                    
  exiv2-0.27.6-7.fc40.x86_64                                                    
  exiv2-libs-0.27.6-7.fc40.x86_64                                               
  fdk-aac-free-2.0.0-13.fc40.x86_64                                             
  file-5.45-4.fc40.x86_64                                                       
  flac-libs-1.4.3-4.fc40.x86_64                                                 
  fontconfig-2.15.0-6.fc40.x86_64                                               
  fonts-filesystem-1:2.0.5-14.fc40.noarch                                       
  freetype-2.13.2-5.fc40.x86_64                                                 
  fribidi-1.0.14-2.fc40.x86_64                                                  
  fuse-common-3.16.2-3.fc40.x86_64                                              
  fuse3-3.16.2-3.fc40.x86_64                                                    
  fuse3-libs-3.16.2-3.fc40.x86_64                                               
  gdk-pixbuf2-2.42.10-8.fc40.x86_64                                             
  gdk-pixbuf2-modules-2.42.10-8.fc40.x86_64                                     
  geoclue2-2.7.2-2.fc40.x86_64                                                  
  gettext-envsubst-0.22.5-4.fc40.x86_64                                         
  gettext-libs-0.22.5-4.fc40.x86_64                                             
  gettext-runtime-0.22.5-4.fc40.x86_64                                          
  giflib-5.2.2-6.fc40.x86_64                                                    
  glib-networking-2.80.1-1.fc40.x86_64                                          
  gobject-introspection-1.80.1-1.fc40.x86_64                                    
  google-noto-fonts-common-20240301-2.fc40.noarch                               
  google-noto-sans-vf-fonts-20240301-2.fc40.noarch                              
  gpgmepp-1.23.2-3.fc40.x86_64                                                  
  graphene-1.10.6-8.fc40.x86_64                                                 
  graphite2-1.3.14-15.fc40.x86_64                                               
  grub2-common-1:2.12-16.fc40.noarch                                            
  grub2-tools-1:2.12-16.fc40.x86_64                                             
  grub2-tools-minimal-1:2.12-16.fc40.x86_64                                     
  grubby-8.40-75.fc40.x86_64                                                    
  gsettings-desktop-schemas-46.1-1.fc40.x86_64                                  
  gsm-1.0.22-6.fc40.x86_64                                                      
  gstreamer1-1.24.11-1.fc40.x86_64                                              
  gstreamer1-plugins-base-1.24.11-1.fc40.x86_64                                 
  gtk-update-icon-cache-3.24.43-1.fc40.x86_64                                   
  gtk3-3.24.43-1.fc40.x86_64                                                    
  harfbuzz-8.5.0-1.fc40.x86_64                                                  
  hicolor-icon-theme-0.17-18.fc40.noarch                                        
  highway-1.2.0-2.fc40.x86_64                                                   
  hwdata-0.394-1.fc40.noarch                                                    
  iso-codes-4.16.0-3.fc40.noarch                                                
  jbigkit-libs-2.1-29.fc40.x86_64                                               
  json-glib-1.8.0-3.fc40.x86_64                                                 
  jxl-pixbuf-loader-1:0.8.4-1.fc40.x86_64                                       
  kpartx-0.9.7-7.fc40.x86_64                                                    
  lame-libs-3.100-17.fc40.x86_64                                                
  lcms2-2.16-3.fc40.x86_64                                                      
  libX11-1.8.10-2.fc40.x86_64                                                   
  libX11-common-1.8.10-2.fc40.noarch                                            
  libX11-devel-1.8.10-2.fc40.x86_64                                             
  libX11-xcb-1.8.10-2.fc40.x86_64                                               
  libXau-1.0.11-6.fc40.x86_64                                                   
  libXau-devel-1.0.11-6.fc40.x86_64                                             
  libXcomposite-0.4.6-3.fc40.x86_64                                             
  libXcursor-1.2.1-7.fc40.x86_64                                                
  libXdamage-1.1.6-3.fc40.x86_64                                                
  libXext-1.3.6-1.fc40.x86_64                                                   
  libXfixes-6.0.1-3.fc40.x86_64                                                 
  libXft-2.3.8-6.fc40.x86_64                                                    
  libXi-1.8.2-1.fc40.x86_64                                                     
  libXinerama-1.1.5-6.fc40.x86_64                                               
  libXrandr-1.5.4-3.fc40.x86_64                                                 
  libXrender-0.9.11-6.fc40.x86_64                                               
  libXtst-1.2.5-1.fc40.x86_64                                                   
  libXv-1.0.12-3.fc40.x86_64                                                    
  libXxf86vm-1.1.5-6.fc40.x86_64                                                
  libaom-3.12.0-1.fc40.x86_64                                                   
  libasyncns-0.8-28.fc40.x86_64                                                 
  libavif-1.0.4-3.fc40.x86_64                                                   
  libcanberra-0.30-35.fc40.x86_64                                               
  libcanberra-gtk3-0.30-35.fc40.x86_64                                          
  libcloudproviders-0.3.5-3.fc40.x86_64                                         
  libcue-2.3.0-3.fc40.x86_64                                                    
  libdatrie-0.2.13-9.fc40.x86_64                                                
  libdav1d-1.5.1-1.fc40.x86_64                                                  
  libdecor-0.2.2-3.fc40.x86_64                                                  
  libdrm-2.4.123-1.fc40.x86_64                                                  
  libepoxy-1.5.10-6.fc40.x86_64                                                 
  libexif-0.6.24-7.fc40.x86_64                                                  
  libgexiv2-0.14.3-1.fc40.x86_64                                                
  libglvnd-1:1.7.0-4.fc40.x86_64                                                
  libglvnd-core-devel-1:1.7.0-4.fc40.x86_64                                     
  libglvnd-devel-1:1.7.0-4.fc40.x86_64                                          
  libglvnd-egl-1:1.7.0-4.fc40.x86_64                                            
  libglvnd-gles-1:1.7.0-4.fc40.x86_64                                           
  libglvnd-glx-1:1.7.0-4.fc40.x86_64                                            
  libglvnd-opengl-1:1.7.0-4.fc40.x86_64                                         
  libgrss-0.7.0-19.fc40.x86_64                                                  
  libgsf-1.14.53-2.fc40.x86_64                                                  
  libgudev-238-5.fc40.x86_64                                                    
  libgusb-0.4.9-1.fc40.x86_64                                                   
  libgxps-0.3.2-8.fc40.x86_64                                                   
  libicu-74.2-1.fc40.x86_64                                                     
  libimobiledevice-1.3.0^20230705git6fc41f5-4.fc40.x86_64                       
  libimobiledevice-glue-1.0.0-3.fc40.x86_64                                     
  libiptcdata-1.0.5-17.fc40.x86_64                                              
  libjpeg-turbo-3.0.2-1.fc40.x86_64                                             
  libjxl-1:0.8.4-1.fc40.x86_64                                                  
  libkcapi-1.5.0-4.fc40.x86_64                                                  
  libkcapi-hasher-1.5.0-4.fc40.x86_64                                           
  libkcapi-hmaccalc-1.5.0-4.fc40.x86_64                                         
  liblc3-1.1.3-1.fc40.x86_64                                                    
  libldac-2.0.2.3-15.fc40.x86_64                                                
  liblerc-4.0.0-6.fc40.x86_64                                                   
  libnotify-0.8.6-1.fc40.x86_64                                                 
  libogg-2:1.3.5-8.fc40.x86_64                                                  
  libosinfo-1.11.0-5.fc40.x86_64                                                
  libpciaccess-0.16-12.fc40.x86_64                                              
  libplist-2.3.0-4.fc40.x86_64                                                  
  libpng-2:1.6.40-3.fc40.x86_64                                                 
  libproxy-0.5.5-1.fc40.x86_64                                                  
  librsvg2-2.57.1-7.fc40.x86_64                                                 
  libsbc-2.0-4.fc40.x86_64                                                      
  libsndfile-1.2.2-4.fc40.x86_64                                                
  libsoup-2.74.3-6.fc40.x86_64                                                  
  libsoup3-3.4.5-1.fc40.x86_64                                                  
  libstemmer-2.2.0-10.fc40.x86_64                                               
  libtdb-1.4.10-1.fc40.x86_64                                                   
  libtextstyle-0.22.5-4.fc40.x86_64                                             
  libthai-0.1.29-8.fc40.x86_64                                                  
  libtheora-1:1.1.1-36.fc40.x86_64                                              
  libtiff-4.6.0-5.fc40.1.x86_64                                                 
  libtracker-sparql-3.7.3-1.fc40.x86_64                                         
  libunwind-1.8.0-3.fc40.x86_64                                                 
  libusb1-1.0.28-2.fc40.x86_64                                                  
  libusbmuxd-2.0.2^20230620git8d30a55-5.fc40.x86_64                             
  libvisual-1:0.4.1-4.fc40.x86_64                                               
  libvmaf-2.3.0-7.fc40.x86_64                                                   
  libvorbis-1:1.3.7-10.fc40.x86_64                                              
  libwayland-client-1.23.0-2.fc40.x86_64                                        
  libwayland-cursor-1.23.0-2.fc40.x86_64                                        
  libwayland-egl-1.23.0-2.fc40.x86_64                                           
  libwayland-server-1.23.0-2.fc40.x86_64                                        
  libwebp-1.5.0-1.fc40.x86_64                                                   
  libxcb-1.17.0-2.fc40.x86_64                                                   
  libxcb-devel-1.17.0-2.fc40.x86_64                                             
  libxshmfence-1.3.2-5.fc40.x86_64                                              
  libxslt-1.1.43-1.fc40.x86_64                                                  
  llvm-libs-18.1.8-4.fc40.x86_64                                                
  lm_sensors-libs-3.6.0-18.fc40.x86_64                                          
  low-memory-monitor-2.1-10.fc40.x86_64                                         
  memstrack-0.2.5-4.fc40.x86_64                                                 
  mesa-dri-drivers-24.1.7-1.fc40.x86_64                                         
  mesa-filesystem-24.1.7-1.fc40.x86_64                                          
  mesa-libEGL-24.1.7-1.fc40.x86_64                                              
  mesa-libEGL-devel-24.1.7-1.fc40.x86_64                                        
  mesa-libGL-24.1.7-1.fc40.x86_64                                               
  mesa-libgbm-24.1.7-1.fc40.x86_64                                              
  mesa-libglapi-24.1.7-1.fc40.x86_64                                            
  mesa-va-drivers-24.1.7-1.fc40.x86_64                                          
  mpg123-libs-1.32.9-1.fc40.x86_64                                              
  nspr-4.36.0-6.fc40.x86_64                                                     
  nss-3.110.0-2.fc40.x86_64                                                     
  nss-softokn-3.110.0-2.fc40.x86_64                                             
  nss-softokn-freebl-3.110.0-2.fc40.x86_64                                      
  nss-sysinit-3.110.0-2.fc40.x86_64                                             
  nss-util-3.110.0-2.fc40.x86_64                                                
  openjpeg2-2.5.3-1.fc40.x86_64                                                 
  orc-0.4.39-1.fc40.x86_64                                                      
  os-prober-1.81-6.fc40.x86_64                                                  
  osinfo-db-20250124-1.fc40.noarch                                              
  osinfo-db-tools-1.11.0-5.fc40.x86_64                                          
  pango-1.54.0-1.fc40.x86_64                                                    
  pigz-2.8-4.fc40.x86_64                                                        
  pipewire-1.0.9-2.fc40.x86_64                                                  
  pipewire-alsa-1.0.9-2.fc40.x86_64                                             
  pipewire-libs-1.0.9-2.fc40.x86_64                                             
  pipewire-pulseaudio-1.0.9-2.fc40.x86_64                                       
  pixman-0.43.4-1.fc40.x86_64                                                   
  polkit-124-2.fc40.x86_64                                                      
  polkit-libs-124-2.fc40.x86_64                                                 
  polkit-pkla-compat-0.1-28.fc40.x86_64                                         
  poppler-24.02.0-2.fc40.x86_64                                                 
  poppler-data-0.4.11-7.fc40.noarch                                             
  poppler-glib-24.02.0-2.fc40.x86_64                                            
  procps-ng-4.0.4-3.fc40.x86_64                                                 
  pulseaudio-libs-16.1-8.fc40.x86_64                                            
  rav1e-libs-0.7.1-4.fc40.x86_64                                                
  rsvg-pixbuf-loader-2.57.1-7.fc40.x86_64                                       
  rtkit-0.11-63.fc40.x86_64                                                     
  shared-mime-info-2.3-5.fc40.x86_64                                            
  sound-theme-freedesktop-0.8-21.fc40.noarch                                    
  svt-av1-libs-2.3.0-1.fc40.x86_64                                              
  totem-pl-parser-3.26.6-9.fc40.x86_64                                          
  tpm2-tools-5.7-1.fc40.x86_64                                                  
  tpm2-tss-fapi-4.0.1-7.fc40.x86_64                                             
  tracker-3.7.3-1.fc40.x86_64                                                   
  tracker-miners-3.7.4-2.fc40.x86_64                                            
  uchardet-0.0.8-5.fc40.x86_64                                                  
  upower-1.90.9-1.fc40.x86_64                                                   
  upower-libs-1.90.9-1.fc40.x86_64                                              
  usbmuxd-1.1.1^20230720git61b99ab-2.fc40.x86_64                                
  webp-pixbuf-loader-0.2.7-1.fc40.x86_64                                        
  webrtc-audio-processing-1.3-1.fc40.x86_64                                     
  wireplumber-0.5.7-1.fc40.x86_64                                               
  wireplumber-libs-0.5.7-1.fc40.x86_64                                          
  xdg-desktop-portal-1.18.4-1.fc40.x86_64                                       
  xdg-desktop-portal-gtk-1.15.1-5.fc40.x86_64                                   
  xml-common-0.6.3-63.fc40.noarch                                               
  xorg-x11-proto-devel-2024.1-2.fc40.noarch                                     
  xprop-1.2.7-1.fc40.x86_64                                                     

Complete!
Note: Deploying libsdl2_image=2.8.8...
The system package 'SDL2_image-devel' is about to be installed.
This action might require admin privileges and impact your system installation.
Do you want Alire to install this system package?
Using default: Yes
Last metadata expiration check: 0:21:36 ago on Wed Apr  8 01:09:15 2026.
Dependencies resolved.
================================================================================
 Package                   Arch        Version               Repository    Size
================================================================================
Installing:
 SDL2_image-devel          x86_64      2.8.8-1.fc40          updates       19 k
Installing dependencies:
 SDL2_image                x86_64      2.8.8-1.fc40          updates      109 k
 brotli                    x86_64      1.1.0-3.fc40          fedora        20 k
 brotli-devel              x86_64      1.1.0-3.fc40          fedora        34 k
 gmock                     x86_64      1.14.0-4.fc40         fedora        60 k
 gtest                     x86_64      1.14.0-4.fc40         fedora       180 k
 gtest-devel               x86_64      1.14.0-4.fc40         fedora       255 k
 highway-devel             x86_64      1.2.0-2.fc40          updates      423 k
 libavif-devel             x86_64      1.0.4-3.fc40          updates       29 k
 libjpeg-turbo-devel       x86_64      3.0.2-1.fc40          fedora        97 k
 libjxl-devel              x86_64      1:0.8.4-1.fc40        updates       57 k
 libtiff-devel             x86_64      4.6.0-5.fc40.1        updates      258 k
 libwebp-devel             x86_64      1.5.0-1.fc40          updates       40 k
 libzstd-devel             x86_64      1.5.5-5.fc40          fedora        51 k
 zlib-ng-compat-devel      x86_64      2.1.6-2.fc40          fedora        36 k

Transaction Summary
================================================================================
Install  15 Packages

Total download size: 1.6 M
Installed size: 7.4 M
Downloading Packages:
(1/15): brotli-1.1.0-3.fc40.x86_64.rpm           80 kB/s |  20 kB     00:00    
(2/15): brotli-devel-1.1.0-3.fc40.x86_64.rpm    132 kB/s |  34 kB     00:00    
(3/15): gmock-1.14.0-4.fc40.x86_64.rpm          198 kB/s |  60 kB     00:00    
(4/15): libjpeg-turbo-devel-3.0.2-1.fc40.x86_64 655 kB/s |  97 kB     00:00    
(5/15): libzstd-devel-1.5.5-5.fc40.x86_64.rpm   616 kB/s |  51 kB     00:00    
(6/15): gtest-1.14.0-4.fc40.x86_64.rpm          590 kB/s | 180 kB     00:00    
(7/15): gtest-devel-1.14.0-4.fc40.x86_64.rpm    797 kB/s | 255 kB     00:00    
(8/15): zlib-ng-compat-devel-2.1.6-2.fc40.x86_6 506 kB/s |  36 kB     00:00    
(9/15): SDL2_image-2.8.8-1.fc40.x86_64.rpm      1.3 MB/s | 109 kB     00:00    
(10/15): libavif-devel-1.0.4-3.fc40.x86_64.rpm  342 kB/s |  29 kB     00:00    
(11/15): SDL2_image-devel-2.8.8-1.fc40.x86_64.r  11 kB/s |  19 kB     00:01    
(12/15): libjxl-devel-0.8.4-1.fc40.x86_64.rpm    34 kB/s |  57 kB     00:01    
(13/15): libwebp-devel-1.5.0-1.fc40.x86_64.rpm  558 kB/s |  40 kB     00:00    
(14/15): libtiff-devel-4.6.0-5.fc40.1.x86_64.rp 827 kB/s | 258 kB     00:00    
(15/15): highway-devel-1.2.0-2.fc40.x86_64.rpm  207 kB/s | 423 kB     00:02    
--------------------------------------------------------------------------------
Total                                           526 kB/s | 1.6 MB     00:03     
Running transaction check
Transaction check succeeded.
Running transaction test
Transaction test succeeded.
Running transaction
  Preparing        :                                                        1/1 
  Installing       : libwebp-devel-1.5.0-1.fc40.x86_64                     1/15 
  Installing       : gtest-1.14.0-4.fc40.x86_64                            2/15 
  Installing       : gmock-1.14.0-4.fc40.x86_64                            3/15 
  Installing       : gtest-devel-1.14.0-4.fc40.x86_64                      4/15 
  Installing       : highway-devel-1.2.0-2.fc40.x86_64                     5/15 
  Installing       : libavif-devel-1.0.4-3.fc40.x86_64                     6/15 
  Installing       : SDL2_image-2.8.8-1.fc40.x86_64                        7/15 
  Installing       : zlib-ng-compat-devel-2.1.6-2.fc40.x86_64              8/15 
  Installing       : libzstd-devel-1.5.5-5.fc40.x86_64                     9/15 
  Installing       : libjpeg-turbo-devel-3.0.2-1.fc40.x86_64              10/15 
  Installing       : libtiff-devel-4.6.0-5.fc40.1.x86_64                  11/15 
  Installing       : brotli-1.1.0-3.fc40.x86_64                           12/15 
  Installing       : brotli-devel-1.1.0-3.fc40.x86_64                     13/15 
  Installing       : libjxl-devel-1:0.8.4-1.fc40.x86_64                   14/15 
  Installing       : SDL2_image-devel-2.8.8-1.fc40.x86_64                 15/15 
  Running scriptlet: SDL2_image-devel-2.8.8-1.fc40.x86_64                 15/15 

Installed:
  SDL2_image-2.8.8-1.fc40.x86_64                                                
  SDL2_image-devel-2.8.8-1.fc40.x86_64                                          
  brotli-1.1.0-3.fc40.x86_64                                                    
  brotli-devel-1.1.0-3.fc40.x86_64                                              
  gmock-1.14.0-4.fc40.x86_64                                                    
  gtest-1.14.0-4.fc40.x86_64                                                    
  gtest-devel-1.14.0-4.fc40.x86_64                                              
  highway-devel-1.2.0-2.fc40.x86_64                                             
  libavif-devel-1.0.4-3.fc40.x86_64                                             
  libjpeg-turbo-devel-3.0.2-1.fc40.x86_64                                       
  libjxl-devel-1:0.8.4-1.fc40.x86_64                                            
  libtiff-devel-4.6.0-5.fc40.1.x86_64                                           
  libwebp-devel-1.5.0-1.fc40.x86_64                                             
  libzstd-devel-1.5.5-5.fc40.x86_64                                             
  zlib-ng-compat-devel-2.1.6-2.fc40.x86_64                                      

Complete!
Note: Deploying libsdl2_mixer=2.8.1...
The system package 'SDL2_mixer-devel' is about to be installed.
This action might require admin privileges and impact your system installation.
Do you want Alire to install this system package?
Using default: Yes
Last metadata expiration check: 0:21:40 ago on Wed Apr  8 01:09:15 2026.
Dependencies resolved.
================================================================================
 Package                 Architecture  Version             Repository      Size
================================================================================
Installing:
 SDL2_mixer-devel        x86_64        2.8.1-1.fc40        updates         36 k
Installing dependencies:
 SDL2_mixer              x86_64        2.8.1-1.fc40        updates        167 k

Transaction Summary
================================================================================
Install  2 Packages

Total download size: 203 k
Installed size: 490 k
Downloading Packages:
(1/2): SDL2_mixer-2.8.1-1.fc40.x86_64.rpm       389 kB/s | 167 kB     00:00    
(2/2): SDL2_mixer-devel-2.8.1-1.fc40.x86_64.rpm  12 kB/s |  36 kB     00:03    
--------------------------------------------------------------------------------
Total                                            60 kB/s | 203 kB     00:03     
Running transaction check
Transaction check succeeded.
Running transaction test
Transaction test succeeded.
Running transaction
  Preparing        :                                                        1/1 
  Installing       : SDL2_mixer-2.8.1-1.fc40.x86_64                         1/2 
  Installing       : SDL2_mixer-devel-2.8.1-1.fc40.x86_64                   2/2 
  Running scriptlet: SDL2_mixer-devel-2.8.1-1.fc40.x86_64                   2/2 

Installed:
  SDL2_mixer-2.8.1-1.fc40.x86_64      SDL2_mixer-devel-2.8.1-1.fc40.x86_64     

Complete!
Note: Deploying libsdl2_ttf=2.22.0...
The system package 'SDL2_ttf-devel' is about to be installed.
This action might require admin privileges and impact your system installation.
Do you want Alire to install this system package?
Using default: Yes
Last metadata expiration check: 0:21:45 ago on Wed Apr  8 01:09:15 2026.
Dependencies resolved.
================================================================================
 Package                   Arch       Version                 Repository   Size
================================================================================
Installing:
 SDL2_ttf-devel            x86_64     2.22.0-2.fc40           fedora       21 k
Installing dependencies:
 SDL2_ttf                  x86_64     2.22.0-2.fc40           fedora       43 k
 bzip2-devel               x86_64     1.0.8-18.fc40           fedora      214 k
 cairo-devel               x86_64     1.18.0-3.fc40           fedora      193 k
 fontconfig-devel          x86_64     2.15.0-6.fc40           updates     165 k
 freetype-devel            x86_64     2.13.2-5.fc40           fedora      951 k
 gettext                   x86_64     0.22.5-4.fc40           updates     1.1 M
 glib2-devel               x86_64     2.80.0-1.fc40           fedora      1.5 M
 graphite2-devel           x86_64     1.3.14-15.fc40          fedora       21 k
 harfbuzz-devel            x86_64     8.5.0-1.fc40            updates     446 k
 harfbuzz-icu              x86_64     8.5.0-1.fc40            updates      16 k
 libXext-devel             x86_64     1.3.6-1.fc40            fedora       86 k
 libXrender-devel          x86_64     0.9.11-6.fc40           fedora       19 k
 libblkid-devel            x86_64     2.40-0.9.rc1.fc40       fedora       18 k
 libffi-devel              x86_64     3.4.4-7.fc40            fedora       28 k
 libicu-devel              x86_64     74.2-1.fc40             fedora      930 k
 libmount-devel            x86_64     2.40-0.9.rc1.fc40       fedora       19 k
 libpng-devel              x86_64     2:1.6.40-3.fc40         fedora      291 k
 libselinux-devel          x86_64     3.6-4.fc40              fedora      151 k
 libsepol-devel            x86_64     3.6-3.fc40              fedora       49 k
 libxml2-devel             x86_64     2.12.5-1.fc40           fedora      525 k
 pcre2-devel               x86_64     10.42-2.fc40.2          fedora      505 k
 pcre2-utf16               x86_64     10.42-2.fc40.2          fedora      216 k
 pcre2-utf32               x86_64     10.42-2.fc40.2          fedora      203 k
 pixman-devel              x86_64     0.43.4-1.fc40           updates      17 k
 python3-packaging         noarch     23.2-4.fc40             fedora      125 k
 sysprof-capture-devel     x86_64     46.0-1.fc40             fedora       54 k
 xz-devel                  x86_64     1:5.4.6-3.fc40          fedora       67 k

Transaction Summary
================================================================================
Install  28 Packages

Total download size: 7.8 M
Installed size: 51 M
Downloading Packages:
(1/28): SDL2_ttf-devel-2.22.0-2.fc40.x86_64.rpm  94 kB/s |  21 kB     00:00    
(2/28): SDL2_ttf-2.22.0-2.fc40.x86_64.rpm       156 kB/s |  43 kB     00:00    
(3/28): bzip2-devel-1.0.8-18.fc40.x86_64.rpm    518 kB/s | 214 kB     00:00    
(4/28): cairo-devel-1.18.0-3.fc40.x86_64.rpm    650 kB/s | 193 kB     00:00    
(5/28): graphite2-devel-1.3.14-15.fc40.x86_64.r 276 kB/s |  21 kB     00:00    
(6/28): libXext-devel-1.3.6-1.fc40.x86_64.rpm   1.0 MB/s |  86 kB     00:00    
(7/28): freetype-devel-2.13.2-5.fc40.x86_64.rpm 2.0 MB/s | 951 kB     00:00    
(8/28): libXrender-devel-0.9.11-6.fc40.x86_64.r 255 kB/s |  19 kB     00:00    
(9/28): libblkid-devel-2.40-0.9.rc1.fc40.x86_64 262 kB/s |  18 kB     00:00    
(10/28): libffi-devel-3.4.4-7.fc40.x86_64.rpm   373 kB/s |  28 kB     00:00    
(11/28): libmount-devel-2.40-0.9.rc1.fc40.x86_6 248 kB/s |  19 kB     00:00    
(12/28): libicu-devel-74.2-1.fc40.x86_64.rpm    6.5 MB/s | 930 kB     00:00    
(13/28): glib2-devel-2.80.0-1.fc40.x86_64.rpm   2.6 MB/s | 1.5 MB     00:00    
(14/28): libselinux-devel-3.6-4.fc40.x86_64.rpm 2.2 MB/s | 151 kB     00:00    
(15/28): libsepol-devel-3.6-3.fc40.x86_64.rpm   744 kB/s |  49 kB     00:00    
(16/28): libpng-devel-1.6.40-3.fc40.x86_64.rpm  1.3 MB/s | 291 kB     00:00    
(17/28): libxml2-devel-2.12.5-1.fc40.x86_64.rpm 4.4 MB/s | 525 kB     00:00    
(18/28): pcre2-utf16-10.42-2.fc40.2.x86_64.rpm  2.9 MB/s | 216 kB     00:00    
(19/28): pcre2-utf32-10.42-2.fc40.2.x86_64.rpm  3.0 MB/s | 203 kB     00:00    
(20/28): pcre2-devel-10.42-2.fc40.2.x86_64.rpm  2.5 MB/s | 505 kB     00:00    
(21/28): sysprof-capture-devel-46.0-1.fc40.x86_ 816 kB/s |  54 kB     00:00    
(22/28): python3-packaging-23.2-4.fc40.noarch.r 1.7 MB/s | 125 kB     00:00    
(23/28): xz-devel-5.4.6-3.fc40.x86_64.rpm       1.0 MB/s |  67 kB     00:00    
(24/28): fontconfig-devel-2.15.0-6.fc40.x86_64. 2.4 MB/s | 165 kB     00:00    
(25/28): harfbuzz-icu-8.5.0-1.fc40.x86_64.rpm   242 kB/s |  16 kB     00:00    
(26/28): harfbuzz-devel-8.5.0-1.fc40.x86_64.rpm 3.3 MB/s | 446 kB     00:00    
(27/28): pixman-devel-0.43.4-1.fc40.x86_64.rpm  264 kB/s |  17 kB     00:00    
(28/28): gettext-0.22.5-4.fc40.x86_64.rpm       5.0 MB/s | 1.1 MB     00:00    
--------------------------------------------------------------------------------
Total                                           3.8 MB/s | 7.8 MB     00:02     
Running transaction check
Transaction check succeeded.
Running transaction test
Transaction test succeeded.
Running transaction
  Preparing        :                                                        1/1 
  Installing       : libpng-devel-2:1.6.40-3.fc40.x86_64                   1/28 
  Installing       : pixman-devel-0.43.4-1.fc40.x86_64                     2/28 
  Installing       : harfbuzz-icu-8.5.0-1.fc40.x86_64                      3/28 
  Installing       : gettext-0.22.5-4.fc40.x86_64                          4/28 
  Installing       : xz-devel-1:5.4.6-3.fc40.x86_64                        5/28 
  Installing       : libxml2-devel-2.12.5-1.fc40.x86_64                    6/28 
  Installing       : sysprof-capture-devel-46.0-1.fc40.x86_64              7/28 
  Installing       : python3-packaging-23.2-4.fc40.noarch                  8/28 
  Installing       : pcre2-utf32-10.42-2.fc40.2.x86_64                     9/28 
  Installing       : pcre2-utf16-10.42-2.fc40.2.x86_64                    10/28 
  Installing       : pcre2-devel-10.42-2.fc40.2.x86_64                    11/28 
  Installing       : libsepol-devel-3.6-3.fc40.x86_64                     12/28 
  Installing       : libselinux-devel-3.6-4.fc40.x86_64                   13/28 
  Installing       : libicu-devel-74.2-1.fc40.x86_64                      14/28 
  Installing       : libffi-devel-3.4.4-7.fc40.x86_64                     15/28 
  Installing       : libblkid-devel-2.40-0.9.rc1.fc40.x86_64              16/28 
  Installing       : libmount-devel-2.40-0.9.rc1.fc40.x86_64              17/28 
  Installing       : glib2-devel-2.80.0-1.fc40.x86_64                     18/28 
  Installing       : libXrender-devel-0.9.11-6.fc40.x86_64                19/28 
  Installing       : libXext-devel-1.3.6-1.fc40.x86_64                    20/28 
  Installing       : graphite2-devel-1.3.14-15.fc40.x86_64                21/28 
  Installing       : bzip2-devel-1.0.8-18.fc40.x86_64                     22/28 
  Installing       : cairo-devel-1.18.0-3.fc40.x86_64                     23/28 
  Installing       : fontconfig-devel-2.15.0-6.fc40.x86_64                24/28 
  Installing       : harfbuzz-devel-8.5.0-1.fc40.x86_64                   25/28 
  Installing       : freetype-devel-2.13.2-5.fc40.x86_64                  26/28 
  Installing       : SDL2_ttf-2.22.0-2.fc40.x86_64                        27/28 
  Installing       : SDL2_ttf-devel-2.22.0-2.fc40.x86_64                  28/28 
  Running scriptlet: SDL2_ttf-devel-2.22.0-2.fc40.x86_64                  28/28 

Installed:
  SDL2_ttf-2.22.0-2.fc40.x86_64                                                 
  SDL2_ttf-devel-2.22.0-2.fc40.x86_64                                           
  bzip2-devel-1.0.8-18.fc40.x86_64                                              
  cairo-devel-1.18.0-3.fc40.x86_64                                              
  fontconfig-devel-2.15.0-6.fc40.x86_64                                         
  freetype-devel-2.13.2-5.fc40.x86_64                                           
  gettext-0.22.5-4.fc40.x86_64                                                  
  glib2-devel-2.80.0-1.fc40.x86_64                                              
  graphite2-devel-1.3.14-15.fc40.x86_64                                         
  harfbuzz-devel-8.5.0-1.fc40.x86_64                                            
  harfbuzz-icu-8.5.0-1.fc40.x86_64                                              
  libXext-devel-1.3.6-1.fc40.x86_64                                             
  libXrender-devel-0.9.11-6.fc40.x86_64                                         
  libblkid-devel-2.40-0.9.rc1.fc40.x86_64                                       
  libffi-devel-3.4.4-7.fc40.x86_64                                              
  libicu-devel-74.2-1.fc40.x86_64                                               
  libmount-devel-2.40-0.9.rc1.fc40.x86_64                                       
  libpng-devel-2:1.6.40-3.fc40.x86_64                                           
  libselinux-devel-3.6-4.fc40.x86_64                                            
  libsepol-devel-3.6-3.fc40.x86_64                                              
  libxml2-devel-2.12.5-1.fc40.x86_64                                            
  pcre2-devel-10.42-2.fc40.2.x86_64                                             
  pcre2-utf16-10.42-2.fc40.2.x86_64                                             
  pcre2-utf32-10.42-2.fc40.2.x86_64                                             
  pixman-devel-0.43.4-1.fc40.x86_64                                             
  python3-packaging-23.2-4.fc40.noarch                                          
  sysprof-capture-devel-46.0-1.fc40.x86_64                                      
  xz-devel-1:5.4.6-3.fc40.x86_64                                                

Complete!

sdlada=2.5.20 successfully retrieved.
Dependencies were solved as follows:

   +b libsdl2       2.30.11 (new,system package)
   +b libsdl2_image 2.8.8   (new,system package)
   +b libsdl2_mixer 2.8.1   (new,system package)
   +b libsdl2_ttf   2.22.0  (new,system package)
   +b make          4.4.1   (new,system package)
[alr test] Spawning default test for remote crate: alr -d -n build --release -- -cargs:Ada -gnatwn
Note: Running pre-build actions for sdlada=2.5.20...
make: Entering directory '/home/runner/work/alire-crates-ci/alire-crates-ci/test/5f927185-b6be-41b1-be62-d1f42dd668bd/sdlada_2.5.20_cd53c280/build/gnat'
mkdir -p gen/src/
gprbuild -p -gnat2012 -XSDL_MODE=debug -XSDL_PLATFORM=linux \
	-Ptools.gpr
Setup
   [mkdir]        object directory for project Tools
Compile
   [Ada]          gen_keyboard.adb
   [Ada]          scancodes.ads
   [Ada]          utils.adb
Bind
   [gprbind]      gen_keyboard.bexch
   [Ada]          gen_keyboard.ali
Link
   [link]         gen_keyboard.adb
./gen/debug/tools/gen_keyboard > gen/src/sdl-events-keyboards.ads
make: Leaving directory '/home/runner/work/alire-crates-ci/alire-crates-ci/test/5f927185-b6be-41b1-be62-d1f42dd668bd/sdlada_2.5.20_cd53c280/build/gnat'
Note: Building sdlada=2.5.20/build/gnat/sdlada.gpr...
Setup
   [mkdir]        object directory for project SDLAda
Compile
   [C]            version_ttf.c
   [C]            version_images.c
   [C]            version.c
   [Ada]          sdl-ttfs-versions.adb
   [Ada]          sdl-ttfs-makers.adb
   [Ada]          sdl-ttfs.adb
   [Ada]          sdl-images-io.adb
   [Ada]          sdl-images-versions.adb
   [Ada]          sdl-images.adb
   [Ada]          sdl-video-surfaces.adb
   [Ada]          sdl-video-windows-manager.adb
   [Ada]          sdl-video-windows.adb
   [Ada]          sdl-video-renderers.adb
   [Ada]          sdl-video-pixel_formats.adb
   [Ada]          sdl-video.adb
   [Ada]          sdl-video-surfaces-makers.adb
   [Ada]          sdl-video-textures.adb
   [Ada]          sdl-video-windows-makers.adb
   [Ada]          sdl-video-pixels.ads
   [Ada]          sdl-video-palettes.adb
   [Ada]          sdl-video-gl.adb
   [Ada]          sdl-video-renderers-makers.adb
   [Ada]          sdl-video-rectangles.adb
   [Ada]          sdl-video-textures-makers.adb
   [Ada]          sdl-video-displays.adb
   [Ada]          sdl-rwops-streams.adb
   [Ada]          sdl-rwops.adb
   [Ada]          sdl-inputs-joysticks-game_controllers.adb
   [Ada]          sdl-inputs-joysticks-game_controllers-makers.adb
   [Ada]          sdl-inputs-mice.adb
   [Ada]          sdl-inputs-mice-cursors.adb
   [Ada]          sdl-inputs-joysticks.adb
   [Ada]          sdl-inputs.ads
   [Ada]          sdl-inputs-keyboards.adb
   [Ada]          sdl-inputs-joysticks-makers.adb
   [Ada]          sdl-events-events.adb
sdl-inputs-joysticks.adb:69:04: (style) missing "overriding" indicator in body of "=" [-gnatyO]
sdl-inputs-joysticks.ads:56:04: (style) missing "overriding" indicator in declaration of "=" [-gnatyO]
sdl-inputs-joysticks.ads:56:13: warning: missing overriding indicator for "=" [enabled by default]
   [Ada]          sdl-events-touches.ads
   [Ada]          sdl-events-mice.ads
   [Ada]          sdl-events-files.ads
   [Ada]          sdl-events.ads
   [Ada]          sdl-events-controllers.ads
   [Ada]          sdl-events-joysticks-game_controllers.adb
   [Ada]          sdl-events-joysticks.adb
   [Ada]          sdl-events-windows.ads
   [Ada]          sdl-events-keyboards.adb
   [Ada]          sdl-audio-sample_formats.ads
   [Ada]          sdl-audio-devices.adb
   [Ada]          sdl-audio.adb
   [Ada]          sdl-power.adb
   [Ada]          sdl-error.adb
   [Ada]          sdl-clipboard.adb
   [Ada]          sdl-libraries.adb
   [Ada]          sdl-versions.adb
   [Ada]          sdl-c_pointers.ads
   [Ada]          sdl.adb
   [Ada]          sdl-cpus.adb
   [Ada]          sdl-log.adb
   [Ada]          sdl-timers.ads
   [Ada]          sdl-hints.adb
   [Ada]          sdl-platform.adb
Build Libraries
   [gprlib]       sdlada.lexch
   [archive]      libsdlada.a
   [index]        libsdlada.a
Success: Build finished successfully in 5.05 seconds.
Found declared GPR file: build/gnat/sdlada.gpr
[alr test] Test completed SUCCESSFULLY
